student_id,career_success_score
STU_010001,76.942507
STU_010002,76.942507
STU_010003,76.942507
STU_010004,76.942507
STU_010005,76.942507
STU_010006,76.942507
STU_010007,76.942507
STU_010008,76.942507
STU_010009,76.942507
STU_010010,76.942507
STU_010011,76.942507
STU_010012,76.942507
STU_010013,76.942507
STU_010014,76.942507
STU_010015,76.942507
STU_010016,76.942507
STU_010017,76.942507
STU_010018,76.942507
STU_010019,76.942507
STU_010020,76.942507
STU_010021,76.942507
STU_010022,76.942507
STU_010023,76.942507
STU_010024,76.942507
STU_010025,76.942507
STU_010026,76.942507
STU_010027,76.942507
STU_010028,76.942507
STU_010029,76.942507
STU_010030,76.942507
STU_010031,76.942507
STU_010032,76.942507
STU_010033,76.942507
STU_010034,76.942507
STU_010035,76.942507
STU_010036,76.942507
STU_010037,76.942507
STU_010038,76.942507
STU_010039,76.942507
STU_010040,76.942507
STU_010041,76.942507
STU_010042,76.942507
STU_010043,76.942507
STU_010044,76.942507
STU_010045,76.942507
STU_010046,76.942507
STU_010047,76.942507
STU_010048,76.942507
STU_010049,76.942507
STU_010050,76.942507
STU_010051,76.942507
STU_010052,76.942507
STU_010053,76.942507
STU_010054,76.942507
STU_010055,76.942507
STU_010056,76.942507
STU_010057,76.942507
STU_010058,76.942507
STU_010059,76.942507
STU_010060,76.942507
STU_010061,76.942507
STU_010062,76.942507
STU_010063,76.942507
STU_010064,76.942507
STU_010065,76.942507
STU_010066,76.942507
STU_010067,76.942507
STU_010068,76.942507
STU_010069,76.942507
STU_010070,76.942507
STU_010071,76.942507
STU_010072,76.942507
STU_010073,76.942507
STU_010074,76.942507
STU_010075,76.942507
STU_010076,76.942507
STU_010077,76.942507
STU_010078,76.942507
STU_010079,76.942507
STU_010080,76.942507
STU_010081,76.942507
STU_010082,76.942507
STU_010083,76.942507
STU_010084,76.942507
STU_010085,76.942507
STU_010086,76.942507
STU_010087,76.942507
STU_010088,76.942507
STU_010089,76.942507
STU_010090,76.942507
STU_010091,76.942507
STU_010092,76.942507
STU_010093,76.942507
STU_010094,76.942507
STU_010095,76.942507
STU_010096,76.942507
STU_010097,76.942507
STU_010098,76.942507
STU_010099,76.942507
STU_010100,76.942507
STU_010101,76.942507
STU_010102,76.942507
STU_010103,76.942507
STU_010104,76.942507
STU_010105,76.942507
STU_010106,76.942507
STU_010107,76.942507
STU_010108,76.942507
STU_010109,76.942507
STU_010110,76.942507
STU_010111,76.942507
STU_010112,76.942507
STU_010113,76.942507
STU_010114,76.942507
STU_010115,76.942507
STU_010116,76.942507
STU_010117,76.942507
STU_010118,76.942507
STU_010119,76.942507
STU_010120,76.942507
STU_010121,76.942507
STU_010122,76.942507
STU_010123,76.942507
STU_010124,76.942507
STU_010125,76.942507
STU_010126,76.942507
STU_010127,76.942507
STU_010128,76.942507
STU_010129,76.942507
STU_010130,76.942507
STU_010131,76.942507
STU_010132,76.942507
STU_010133,76.942507
STU_010134,76.942507
STU_010135,76.942507
STU_010136,76.942507
STU_010137,76.942507
STU_010138,76.942507
STU_010139,76.942507
STU_010140,76.942507
STU_010141,76.942507
STU_010142,76.942507
STU_010143,76.942507
STU_010144,76.942507
STU_010145,76.942507
STU_010146,76.942507
STU_010147,76.942507
STU_010148,76.942507
STU_010149,76.942507
STU_010150,76.942507
STU_010151,76.942507
STU_010152,76.942507
STU_010153,76.942507
STU_010154,76.942507
STU_010155,76.942507
STU_010156,76.942507
STU_010157,76.942507
STU_010158,76.942507
STU_010159,76.942507
STU_010160,76.942507
STU_010161,76.942507
STU_010162,76.942507
STU_010163,76.942507
STU_010164,76.942507
STU_010165,76.942507
STU_010166,76.942507
STU_010167,76.942507
STU_010168,76.942507
STU_010169,76.942507
STU_010170,76.942507
STU_010171,76.942507
STU_010172,76.942507
STU_010173,76.942507
STU_010174,76.942507
STU_010175,76.942507
STU_010176,76.942507
STU_010177,76.942507
STU_010178,76.942507
STU_010179,76.942507
STU_010180,76.942507
STU_010181,76.942507
STU_010182,76.942507
STU_010183,76.942507
STU_010184,76.942507
STU_010185,76.942507
STU_010186,76.942507
STU_010187,76.942507
STU_010188,76.942507
STU_010189,76.942507
STU_010190,76.942507
STU_010191,76.942507
STU_010192,76.942507
STU_010193,76.942507
STU_010194,76.942507
STU_010195,76.942507
STU_010196,76.942507
STU_010197,76.942507
STU_010198,76.942507
STU_010199,76.942507
STU_010200,76.942507
STU_010201,76.942507
STU_010202,76.942507
STU_010203,76.942507
STU_010204,76.942507
STU_010205,76.942507
STU_010206,76.942507
STU_010207,76.942507
STU_010208,76.942507
STU_010209,76.942507
STU_010210,76.942507
STU_010211,76.942507
STU_010212,76.942507
STU_010213,76.942507
STU_010214,76.942507
STU_010215,76.942507
STU_010216,76.942507
STU_010217,76.942507
STU_010218,76.942507
STU_010219,76.942507
STU_010220,76.942507
STU_010221,76.942507
STU_010222,76.942507
STU_010223,76.942507
STU_010224,76.942507
STU_010225,76.942507
STU_010226,76.942507
STU_010227,76.942507
STU_010228,76.942507
STU_010229,76.942507
STU_010230,76.942507
STU_010231,76.942507
STU_010232,76.942507
STU_010233,76.942507
STU_010234,76.942507
STU_010235,76.942507
STU_010236,76.942507
STU_010237,76.942507
STU_010238,76.942507
STU_010239,76.942507
STU_010240,76.942507
STU_010241,76.942507
STU_010242,76.942507
STU_010243,76.942507
STU_010244,76.942507
STU_010245,76.942507
STU_010246,76.942507
STU_010247,76.942507
STU_010248,76.942507
STU_010249,76.942507
STU_010250,76.942507
STU_010251,76.942507
STU_010252,76.942507
STU_010253,76.942507
STU_010254,76.942507
STU_010255,76.942507
STU_010256,76.942507
STU_010257,76.942507
STU_010258,76.942507
STU_010259,76.942507
STU_010260,76.942507
STU_010261,76.942507
STU_010262,76.942507
STU_010263,76.942507
STU_010264,76.942507
STU_010265,76.942507
STU_010266,76.942507
STU_010267,76.942507
STU_010268,76.942507
STU_010269,76.942507
STU_010270,76.942507
STU_010271,76.942507
STU_010272,76.942507
STU_010273,76.942507
STU_010274,76.942507
STU_010275,76.942507
STU_010276,76.942507
STU_010277,76.942507
STU_010278,76.942507
STU_010279,76.942507
STU_010280,76.942507
STU_010281,76.942507
STU_010282,76.942507
STU_010283,76.942507
STU_010284,76.942507
STU_010285,76.942507
STU_010286,76.942507
STU_010287,76.942507
STU_010288,76.942507
STU_010289,76.942507
STU_010290,76.942507
STU_010291,76.942507
STU_010292,76.942507
STU_010293,76.942507
STU_010294,76.942507
STU_010295,76.942507
STU_010296,76.942507
STU_010297,76.942507
STU_010298,76.942507
STU_010299,76.942507
STU_010300,76.942507
STU_010301,76.942507
STU_010302,76.942507
STU_010303,76.942507
STU_010304,76.942507
STU_010305,76.942507
STU_010306,76.942507
STU_010307,76.942507
STU_010308,76.942507
STU_010309,76.942507
STU_010310,76.942507
STU_010311,76.942507
STU_010312,76.942507
STU_010313,76.942507
STU_010314,76.942507
STU_010315,76.942507
STU_010316,76.942507
STU_010317,76.942507
STU_010318,76.942507
STU_010319,76.942507
STU_010320,76.942507
STU_010321,76.942507
STU_010322,76.942507
STU_010323,76.942507
STU_010324,76.942507
STU_010325,76.942507
STU_010326,76.942507
STU_010327,76.942507
STU_010328,76.942507
STU_010329,76.942507
STU_010330,76.942507
STU_010331,76.942507
STU_010332,76.942507
STU_010333,76.942507
STU_010334,76.942507
STU_010335,76.942507
STU_010336,76.942507
STU_010337,76.942507
STU_010338,76.942507
STU_010339,76.942507
STU_010340,76.942507
STU_010341,76.942507
STU_010342,76.942507
STU_010343,76.942507
STU_010344,76.942507
STU_010345,76.942507
STU_010346,76.942507
STU_010347,76.942507
STU_010348,76.942507
STU_010349,76.942507
STU_010350,76.942507
STU_010351,76.942507
STU_010352,76.942507
STU_010353,76.942507
STU_010354,76.942507
STU_010355,76.942507
STU_010356,76.942507
STU_010357,76.942507
STU_010358,76.942507
STU_010359,76.942507
STU_010360,76.942507
STU_010361,76.942507
STU_010362,76.942507
STU_010363,76.942507
STU_010364,76.942507
STU_010365,76.942507
STU_010366,76.942507
STU_010367,76.942507
STU_010368,76.942507
STU_010369,76.942507
STU_010370,76.942507
STU_010371,76.942507
STU_010372,76.942507
STU_010373,76.942507
STU_010374,76.942507
STU_010375,76.942507
STU_010376,76.942507
STU_010377,76.942507
STU_010378,76.942507
STU_010379,76.942507
STU_010380,76.942507
STU_010381,76.942507
STU_010382,76.942507
STU_010383,76.942507
STU_010384,76.942507
STU_010385,76.942507
STU_010386,76.942507
STU_010387,76.942507
STU_010388,76.942507
STU_010389,76.942507
STU_010390,76.942507
STU_010391,76.942507
STU_010392,76.942507
STU_010393,76.942507
STU_010394,76.942507
STU_010395,76.942507
STU_010396,76.942507
STU_010397,76.942507
STU_010398,76.942507
STU_010399,76.942507
STU_010400,76.942507
STU_010401,76.942507
STU_010402,76.942507
STU_010403,76.942507
STU_010404,76.942507
STU_010405,76.942507
STU_010406,76.942507
STU_010407,76.942507
STU_010408,76.942507
STU_010409,76.942507
STU_010410,76.942507
STU_010411,76.942507
STU_010412,76.942507
STU_010413,76.942507
STU_010414,76.942507
STU_010415,76.942507
STU_010416,76.942507
STU_010417,76.942507
STU_010418,76.942507
STU_010419,76.942507
STU_010420,76.942507
STU_010421,76.942507
STU_010422,76.942507
STU_010423,76.942507
STU_010424,76.942507
STU_010425,76.942507
STU_010426,76.942507
STU_010427,76.942507
STU_010428,76.942507
STU_010429,76.942507
STU_010430,76.942507
STU_010431,76.942507
STU_010432,76.942507
STU_010433,76.942507
STU_010434,76.942507
STU_010435,76.942507
STU_010436,76.942507
STU_010437,76.942507
STU_010438,76.942507
STU_010439,76.942507
STU_010440,76.942507
STU_010441,76.942507
STU_010442,76.942507
STU_010443,76.942507
STU_010444,76.942507
STU_010445,76.942507
STU_010446,76.942507
STU_010447,76.942507
STU_010448,76.942507
STU_010449,76.942507
STU_010450,76.942507
STU_010451,76.942507
STU_010452,76.942507
STU_010453,76.942507
STU_010454,76.942507
STU_010455,76.942507
STU_010456,76.942507
STU_010457,76.942507
STU_010458,76.942507
STU_010459,76.942507
STU_010460,76.942507
STU_010461,76.942507
STU_010462,76.942507
STU_010463,76.942507
STU_010464,76.942507
STU_010465,76.942507
STU_010466,76.942507
STU_010467,76.942507
STU_010468,76.942507
STU_010469,76.942507
STU_010470,76.942507
STU_010471,76.942507
STU_010472,76.942507
STU_010473,76.942507
STU_010474,76.942507
STU_010475,76.942507
STU_010476,76.942507
STU_010477,76.942507
STU_010478,76.942507
STU_010479,76.942507
STU_010480,76.942507
STU_010481,76.942507
STU_010482,76.942507
STU_010483,76.942507
STU_010484,76.942507
STU_010485,76.942507
STU_010486,76.942507
STU_010487,76.942507
STU_010488,76.942507
STU_010489,76.942507
STU_010490,76.942507
STU_010491,76.942507
STU_010492,76.942507
STU_010493,76.942507
STU_010494,76.942507
STU_010495,76.942507
STU_010496,76.942507
STU_010497,76.942507
STU_010498,76.942507
STU_010499,76.942507
STU_010500,76.942507
STU_010501,76.942507
STU_010502,76.942507
STU_010503,76.942507
STU_010504,76.942507
STU_010505,76.942507
STU_010506,76.942507
STU_010507,76.942507
STU_010508,76.942507
STU_010509,76.942507
STU_010510,76.942507
STU_010511,76.942507
STU_010512,76.942507
STU_010513,76.942507
STU_010514,76.942507
STU_010515,76.942507
STU_010516,76.942507
STU_010517,76.942507
STU_010518,76.942507
STU_010519,76.942507
STU_010520,76.942507
STU_010521,76.942507
STU_010522,76.942507
STU_010523,76.942507
STU_010524,76.942507
STU_010525,76.942507
STU_010526,76.942507
STU_010527,76.942507
STU_010528,76.942507
STU_010529,76.942507
STU_010530,76.942507
STU_010531,76.942507
STU_010532,76.942507
STU_010533,76.942507
STU_010534,76.942507
STU_010535,76.942507
STU_010536,76.942507
STU_010537,76.942507
STU_010538,76.942507
STU_010539,76.942507
STU_010540,76.942507
STU_010541,76.942507
STU_010542,76.942507
STU_010543,76.942507
STU_010544,76.942507
STU_010545,76.942507
STU_010546,76.942507
STU_010547,76.942507
STU_010548,76.942507
STU_010549,76.942507
STU_010550,76.942507
STU_010551,76.942507
STU_010552,76.942507
STU_010553,76.942507
STU_010554,76.942507
STU_010555,76.942507
STU_010556,76.942507
STU_010557,76.942507
STU_010558,76.942507
STU_010559,76.942507
STU_010560,76.942507
STU_010561,76.942507
STU_010562,76.942507
STU_010563,76.942507
STU_010564,76.942507
STU_010565,76.942507
STU_010566,76.942507
STU_010567,76.942507
STU_010568,76.942507
STU_010569,76.942507
STU_010570,76.942507
STU_010571,76.942507
STU_010572,76.942507
STU_010573,76.942507
STU_010574,76.942507
STU_010575,76.942507
STU_010576,76.942507
STU_010577,76.942507
STU_010578,76.942507
STU_010579,76.942507
STU_010580,76.942507
STU_010581,76.942507
STU_010582,76.942507
STU_010583,76.942507
STU_010584,76.942507
STU_010585,76.942507
STU_010586,76.942507
STU_010587,76.942507
STU_010588,76.942507
STU_010589,76.942507
STU_010590,76.942507
STU_010591,76.942507
STU_010592,76.942507
STU_010593,76.942507
STU_010594,76.942507
STU_010595,76.942507
STU_010596,76.942507
STU_010597,76.942507
STU_010598,76.942507
STU_010599,76.942507
STU_010600,76.942507
STU_010601,76.942507
STU_010602,76.942507
STU_010603,76.942507
STU_010604,76.942507
STU_010605,76.942507
STU_010606,76.942507
STU_010607,76.942507
STU_010608,76.942507
STU_010609,76.942507
STU_010610,76.942507
STU_010611,76.942507
STU_010612,76.942507
STU_010613,76.942507
STU_010614,76.942507
STU_010615,76.942507
STU_010616,76.942507
STU_010617,76.942507
STU_010618,76.942507
STU_010619,76.942507
STU_010620,76.942507
STU_010621,76.942507
STU_010622,76.942507
STU_010623,76.942507
STU_010624,76.942507
STU_010625,76.942507
STU_010626,76.942507
STU_010627,76.942507
STU_010628,76.942507
STU_010629,76.942507
STU_010630,76.942507
STU_010631,76.942507
STU_010632,76.942507
STU_010633,76.942507
STU_010634,76.942507
STU_010635,76.942507
STU_010636,76.942507
STU_010637,76.942507
STU_010638,76.942507
STU_010639,76.942507
STU_010640,76.942507
STU_010641,76.942507
STU_010642,76.942507
STU_010643,76.942507
STU_010644,76.942507
STU_010645,76.942507
STU_010646,76.942507
STU_010647,76.942507
STU_010648,76.942507
STU_010649,76.942507
STU_010650,76.942507
STU_010651,76.942507
STU_010652,76.942507
STU_010653,76.942507
STU_010654,76.942507
STU_010655,76.942507
STU_010656,76.942507
STU_010657,76.942507
STU_010658,76.942507
STU_010659,76.942507
STU_010660,76.942507
STU_010661,76.942507
STU_010662,76.942507
STU_010663,76.942507
STU_010664,76.942507
STU_010665,76.942507
STU_010666,76.942507
STU_010667,76.942507
STU_010668,76.942507
STU_010669,76.942507
STU_010670,76.942507
STU_010671,76.942507
STU_010672,76.942507
STU_010673,76.942507
STU_010674,76.942507
STU_010675,76.942507
STU_010676,76.942507
STU_010677,76.942507
STU_010678,76.942507
STU_010679,76.942507
STU_010680,76.942507
STU_010681,76.942507
STU_010682,76.942507
STU_010683,76.942507
STU_010684,76.942507
STU_010685,76.942507
STU_010686,76.942507
STU_010687,76.942507
STU_010688,76.942507
STU_010689,76.942507
STU_010690,76.942507
STU_010691,76.942507
STU_010692,76.942507
STU_010693,76.942507
STU_010694,76.942507
STU_010695,76.942507
STU_010696,76.942507
STU_010697,76.942507
STU_010698,76.942507
STU_010699,76.942507
STU_010700,76.942507
STU_010701,76.942507
STU_010702,76.942507
STU_010703,76.942507
STU_010704,76.942507
STU_010705,76.942507
STU_010706,76.942507
STU_010707,76.942507
STU_010708,76.942507
STU_010709,76.942507
STU_010710,76.942507
STU_010711,76.942507
STU_010712,76.942507
STU_010713,76.942507
STU_010714,76.942507
STU_010715,76.942507
STU_010716,76.942507
STU_010717,76.942507
STU_010718,76.942507
STU_010719,76.942507
STU_010720,76.942507
STU_010721,76.942507
STU_010722,76.942507
STU_010723,76.942507
STU_010724,76.942507
STU_010725,76.942507
STU_010726,76.942507
STU_010727,76.942507
STU_010728,76.942507
STU_010729,76.942507
STU_010730,76.942507
STU_010731,76.942507
STU_010732,76.942507
STU_010733,76.942507
STU_010734,76.942507
STU_010735,76.942507
STU_010736,76.942507
STU_010737,76.942507
STU_010738,76.942507
STU_010739,76.942507
STU_010740,76.942507
STU_010741,76.942507
STU_010742,76.942507
STU_010743,76.942507
STU_010744,76.942507
STU_010745,76.942507
STU_010746,76.942507
STU_010747,76.942507
STU_010748,76.942507
STU_010749,76.942507
STU_010750,76.942507
STU_010751,76.942507
STU_010752,76.942507
STU_010753,76.942507
STU_010754,76.942507
STU_010755,76.942507
STU_010756,76.942507
STU_010757,76.942507
STU_010758,76.942507
STU_010759,76.942507
STU_010760,76.942507
STU_010761,76.942507
STU_010762,76.942507
STU_010763,76.942507
STU_010764,76.942507
STU_010765,76.942507
STU_010766,76.942507
STU_010767,76.942507
STU_010768,76.942507
STU_010769,76.942507
STU_010770,76.942507
STU_010771,76.942507
STU_010772,76.942507
STU_010773,76.942507
STU_010774,76.942507
STU_010775,76.942507
STU_010776,76.942507
STU_010777,76.942507
STU_010778,76.942507
STU_010779,76.942507
STU_010780,76.942507
STU_010781,76.942507
STU_010782,76.942507
STU_010783,76.942507
STU_010784,76.942507
STU_010785,76.942507
STU_010786,76.942507
STU_010787,76.942507
STU_010788,76.942507
STU_010789,76.942507
STU_010790,76.942507
STU_010791,76.942507
STU_010792,76.942507
STU_010793,76.942507
STU_010794,76.942507
STU_010795,76.942507
STU_010796,76.942507
STU_010797,76.942507
STU_010798,76.942507
STU_010799,76.942507
STU_010800,76.942507
STU_010801,76.942507
STU_010802,76.942507
STU_010803,76.942507
STU_010804,76.942507
STU_010805,76.942507
STU_010806,76.942507
STU_010807,76.942507
STU_010808,76.942507
STU_010809,76.942507
STU_010810,76.942507
STU_010811,76.942507
STU_010812,76.942507
STU_010813,76.942507
STU_010814,76.942507
STU_010815,76.942507
STU_010816,76.942507
STU_010817,76.942507
STU_010818,76.942507
STU_010819,76.942507
STU_010820,76.942507
STU_010821,76.942507
STU_010822,76.942507
STU_010823,76.942507
STU_010824,76.942507
STU_010825,76.942507
STU_010826,76.942507
STU_010827,76.942507
STU_010828,76.942507
STU_010829,76.942507
STU_010830,76.942507
STU_010831,76.942507
STU_010832,76.942507
STU_010833,76.942507
STU_010834,76.942507
STU_010835,76.942507
STU_010836,76.942507
STU_010837,76.942507
STU_010838,76.942507
STU_010839,76.942507
STU_010840,76.942507
STU_010841,76.942507
STU_010842,76.942507
STU_010843,76.942507
STU_010844,76.942507
STU_010845,76.942507
STU_010846,76.942507
STU_010847,76.942507
STU_010848,76.942507
STU_010849,76.942507
STU_010850,76.942507
STU_010851,76.942507
STU_010852,76.942507
STU_010853,76.942507
STU_010854,76.942507
STU_010855,76.942507
STU_010856,76.942507
STU_010857,76.942507
STU_010858,76.942507
STU_010859,76.942507
STU_010860,76.942507
STU_010861,76.942507
STU_010862,76.942507
STU_010863,76.942507
STU_010864,76.942507
STU_010865,76.942507
STU_010866,76.942507
STU_010867,76.942507
STU_010868,76.942507
STU_010869,76.942507
STU_010870,76.942507
STU_010871,76.942507
STU_010872,76.942507
STU_010873,76.942507
STU_010874,76.942507
STU_010875,76.942507
STU_010876,76.942507
STU_010877,76.942507
STU_010878,76.942507
STU_010879,76.942507
STU_010880,76.942507
STU_010881,76.942507
STU_010882,76.942507
STU_010883,76.942507
STU_010884,76.942507
STU_010885,76.942507
STU_010886,76.942507
STU_010887,76.942507
STU_010888,76.942507
STU_010889,76.942507
STU_010890,76.942507
STU_010891,76.942507
STU_010892,76.942507
STU_010893,76.942507
STU_010894,76.942507
STU_010895,76.942507
STU_010896,76.942507
STU_010897,76.942507
STU_010898,76.942507
STU_010899,76.942507
STU_010900,76.942507
STU_010901,76.942507
STU_010902,76.942507
STU_010903,76.942507
STU_010904,76.942507
STU_010905,76.942507
STU_010906,76.942507
STU_010907,76.942507
STU_010908,76.942507
STU_010909,76.942507
STU_010910,76.942507
STU_010911,76.942507
STU_010912,76.942507
STU_010913,76.942507
STU_010914,76.942507
STU_010915,76.942507
STU_010916,76.942507
STU_010917,76.942507
STU_010918,76.942507
STU_010919,76.942507
STU_010920,76.942507
STU_010921,76.942507
STU_010922,76.942507
STU_010923,76.942507
STU_010924,76.942507
STU_010925,76.942507
STU_010926,76.942507
STU_010927,76.942507
STU_010928,76.942507
STU_010929,76.942507
STU_010930,76.942507
STU_010931,76.942507
STU_010932,76.942507
STU_010933,76.942507
STU_010934,76.942507
STU_010935,76.942507
STU_010936,76.942507
STU_010937,76.942507
STU_010938,76.942507
STU_010939,76.942507
STU_010940,76.942507
STU_010941,76.942507
STU_010942,76.942507
STU_010943,76.942507
STU_010944,76.942507
STU_010945,76.942507
STU_010946,76.942507
STU_010947,76.942507
STU_010948,76.942507
STU_010949,76.942507
STU_010950,76.942507
STU_010951,76.942507
STU_010952,76.942507
STU_010953,76.942507
STU_010954,76.942507
STU_010955,76.942507
STU_010956,76.942507
STU_010957,76.942507
STU_010958,76.942507
STU_010959,76.942507
STU_010960,76.942507
STU_010961,76.942507
STU_010962,76.942507
STU_010963,76.942507
STU_010964,76.942507
STU_010965,76.942507
STU_010966,76.942507
STU_010967,76.942507
STU_010968,76.942507
STU_010969,76.942507
STU_010970,76.942507
STU_010971,76.942507
STU_010972,76.942507
STU_010973,76.942507
STU_010974,76.942507
STU_010975,76.942507
STU_010976,76.942507
STU_010977,76.942507
STU_010978,76.942507
STU_010979,76.942507
STU_010980,76.942507
STU_010981,76.942507
STU_010982,76.942507
STU_010983,76.942507
STU_010984,76.942507
STU_010985,76.942507
STU_010986,76.942507
STU_010987,76.942507
STU_010988,76.942507
STU_010989,76.942507
STU_010990,76.942507
STU_010991,76.942507
STU_010992,76.942507
STU_010993,76.942507
STU_010994,76.942507
STU_010995,76.942507
STU_010996,76.942507
STU_010997,76.942507
STU_010998,76.942507
STU_010999,76.942507
STU_011000,76.942507
STU_011001,76.942507
STU_011002,76.942507
STU_011003,76.942507
STU_011004,76.942507
STU_011005,76.942507
STU_011006,76.942507
STU_011007,76.942507
STU_011008,76.942507
STU_011009,76.942507
STU_011010,76.942507
STU_011011,76.942507
STU_011012,76.942507
STU_011013,76.942507
STU_011014,76.942507
STU_011015,76.942507
STU_011016,76.942507
STU_011017,76.942507
STU_011018,76.942507
STU_011019,76.942507
STU_011020,76.942507
STU_011021,76.942507
STU_011022,76.942507
STU_011023,76.942507
STU_011024,76.942507
STU_011025,76.942507
STU_011026,76.942507
STU_011027,76.942507
STU_011028,76.942507
STU_011029,76.942507
STU_011030,76.942507
STU_011031,76.942507
STU_011032,76.942507
STU_011033,76.942507
STU_011034,76.942507
STU_011035,76.942507
STU_011036,76.942507
STU_011037,76.942507
STU_011038,76.942507
STU_011039,76.942507
STU_011040,76.942507
STU_011041,76.942507
STU_011042,76.942507
STU_011043,76.942507
STU_011044,76.942507
STU_011045,76.942507
STU_011046,76.942507
STU_011047,76.942507
STU_011048,76.942507
STU_011049,76.942507
STU_011050,76.942507
STU_011051,76.942507
STU_011052,76.942507
STU_011053,76.942507
STU_011054,76.942507
STU_011055,76.942507
STU_011056,76.942507
STU_011057,76.942507
STU_011058,76.942507
STU_011059,76.942507
STU_011060,76.942507
STU_011061,76.942507
STU_011062,76.942507
STU_011063,76.942507
STU_011064,76.942507
STU_011065,76.942507
STU_011066,76.942507
STU_011067,76.942507
STU_011068,76.942507
STU_011069,76.942507
STU_011070,76.942507
STU_011071,76.942507
STU_011072,76.942507
STU_011073,76.942507
STU_011074,76.942507
STU_011075,76.942507
STU_011076,76.942507
STU_011077,76.942507
STU_011078,76.942507
STU_011079,76.942507
STU_011080,76.942507
STU_011081,76.942507
STU_011082,76.942507
STU_011083,76.942507
STU_011084,76.942507
STU_011085,76.942507
STU_011086,76.942507
STU_011087,76.942507
STU_011088,76.942507
STU_011089,76.942507
STU_011090,76.942507
STU_011091,76.942507
STU_011092,76.942507
STU_011093,76.942507
STU_011094,76.942507
STU_011095,76.942507
STU_011096,76.942507
STU_011097,76.942507
STU_011098,76.942507
STU_011099,76.942507
STU_011100,76.942507
STU_011101,76.942507
STU_011102,76.942507
STU_011103,76.942507
STU_011104,76.942507
STU_011105,76.942507
STU_011106,76.942507
STU_011107,76.942507
STU_011108,76.942507
STU_011109,76.942507
STU_011110,76.942507
STU_011111,76.942507
STU_011112,76.942507
STU_011113,76.942507
STU_011114,76.942507
STU_011115,76.942507
STU_011116,76.942507
STU_011117,76.942507
STU_011118,76.942507
STU_011119,76.942507
STU_011120,76.942507
STU_011121,76.942507
STU_011122,76.942507
STU_011123,76.942507
STU_011124,76.942507
STU_011125,76.942507
STU_011126,76.942507
STU_011127,76.942507
STU_011128,76.942507
STU_011129,76.942507
STU_011130,76.942507
STU_011131,76.942507
STU_011132,76.942507
STU_011133,76.942507
STU_011134,76.942507
STU_011135,76.942507
STU_011136,76.942507
STU_011137,76.942507
STU_011138,76.942507
STU_011139,76.942507
STU_011140,76.942507
STU_011141,76.942507
STU_011142,76.942507
STU_011143,76.942507
STU_011144,76.942507
STU_011145,76.942507
STU_011146,76.942507
STU_011147,76.942507
STU_011148,76.942507
STU_011149,76.942507
STU_011150,76.942507
STU_011151,76.942507
STU_011152,76.942507
STU_011153,76.942507
STU_011154,76.942507
STU_011155,76.942507
STU_011156,76.942507
STU_011157,76.942507
STU_011158,76.942507
STU_011159,76.942507
STU_011160,76.942507
STU_011161,76.942507
STU_011162,76.942507
STU_011163,76.942507
STU_011164,76.942507
STU_011165,76.942507
STU_011166,76.942507
STU_011167,76.942507
STU_011168,76.942507
STU_011169,76.942507
STU_011170,76.942507
STU_011171,76.942507
STU_011172,76.942507
STU_011173,76.942507
STU_011174,76.942507
STU_011175,76.942507
STU_011176,76.942507
STU_011177,76.942507
STU_011178,76.942507
STU_011179,76.942507
STU_011180,76.942507
STU_011181,76.942507
STU_011182,76.942507
STU_011183,76.942507
STU_011184,76.942507
STU_011185,76.942507
STU_011186,76.942507
STU_011187,76.942507
STU_011188,76.942507
STU_011189,76.942507
STU_011190,76.942507
STU_011191,76.942507
STU_011192,76.942507
STU_011193,76.942507
STU_011194,76.942507
STU_011195,76.942507
STU_011196,76.942507
STU_011197,76.942507
STU_011198,76.942507
STU_011199,76.942507
STU_011200,76.942507
STU_011201,76.942507
STU_011202,76.942507
STU_011203,76.942507
STU_011204,76.942507
STU_011205,76.942507
STU_011206,76.942507
STU_011207,76.942507
STU_011208,76.942507
STU_011209,76.942507
STU_011210,76.942507
STU_011211,76.942507
STU_011212,76.942507
STU_011213,76.942507
STU_011214,76.942507
STU_011215,76.942507
STU_011216,76.942507
STU_011217,76.942507
STU_011218,76.942507
STU_011219,76.942507
STU_011220,76.942507
STU_011221,76.942507
STU_011222,76.942507
STU_011223,76.942507
STU_011224,76.942507
STU_011225,76.942507
STU_011226,76.942507
STU_011227,76.942507
STU_011228,76.942507
STU_011229,76.942507
STU_011230,76.942507
STU_011231,76.942507
STU_011232,76.942507
STU_011233,76.942507
STU_011234,76.942507
STU_011235,76.942507
STU_011236,76.942507
STU_011237,76.942507
STU_011238,76.942507
STU_011239,76.942507
STU_011240,76.942507
STU_011241,76.942507
STU_011242,76.942507
STU_011243,76.942507
STU_011244,76.942507
STU_011245,76.942507
STU_011246,76.942507
STU_011247,76.942507
STU_011248,76.942507
STU_011249,76.942507
STU_011250,76.942507
STU_011251,76.942507
STU_011252,76.942507
STU_011253,76.942507
STU_011254,76.942507
STU_011255,76.942507
STU_011256,76.942507
STU_011257,76.942507
STU_011258,76.942507
STU_011259,76.942507
STU_011260,76.942507
STU_011261,76.942507
STU_011262,76.942507
STU_011263,76.942507
STU_011264,76.942507
STU_011265,76.942507
STU_011266,76.942507
STU_011267,76.942507
STU_011268,76.942507
STU_011269,76.942507
STU_011270,76.942507
STU_011271,76.942507
STU_011272,76.942507
STU_011273,76.942507
STU_011274,76.942507
STU_011275,76.942507
STU_011276,76.942507
STU_011277,76.942507
STU_011278,76.942507
STU_011279,76.942507
STU_011280,76.942507
STU_011281,76.942507
STU_011282,76.942507
STU_011283,76.942507
STU_011284,76.942507
STU_011285,76.942507
STU_011286,76.942507
STU_011287,76.942507
STU_011288,76.942507
STU_011289,76.942507
STU_011290,76.942507
STU_011291,76.942507
STU_011292,76.942507
STU_011293,76.942507
STU_011294,76.942507
STU_011295,76.942507
STU_011296,76.942507
STU_011297,76.942507
STU_011298,76.942507
STU_011299,76.942507
STU_011300,76.942507
STU_011301,76.942507
STU_011302,76.942507
STU_011303,76.942507
STU_011304,76.942507
STU_011305,76.942507
STU_011306,76.942507
STU_011307,76.942507
STU_011308,76.942507
STU_011309,76.942507
STU_011310,76.942507
STU_011311,76.942507
STU_011312,76.942507
STU_011313,76.942507
STU_011314,76.942507
STU_011315,76.942507
STU_011316,76.942507
STU_011317,76.942507
STU_011318,76.942507
STU_011319,76.942507
STU_011320,76.942507
STU_011321,76.942507
STU_011322,76.942507
STU_011323,76.942507
STU_011324,76.942507
STU_011325,76.942507
STU_011326,76.942507
STU_011327,76.942507
STU_011328,76.942507
STU_011329,76.942507
STU_011330,76.942507
STU_011331,76.942507
STU_011332,76.942507
STU_011333,76.942507
STU_011334,76.942507
STU_011335,76.942507
STU_011336,76.942507
STU_011337,76.942507
STU_011338,76.942507
STU_011339,76.942507
STU_011340,76.942507
STU_011341,76.942507
STU_011342,76.942507
STU_011343,76.942507
STU_011344,76.942507
STU_011345,76.942507
STU_011346,76.942507
STU_011347,76.942507
STU_011348,76.942507
STU_011349,76.942507
STU_011350,76.942507
STU_011351,76.942507
STU_011352,76.942507
STU_011353,76.942507
STU_011354,76.942507
STU_011355,76.942507
STU_011356,76.942507
STU_011357,76.942507
STU_011358,76.942507
STU_011359,76.942507
STU_011360,76.942507
STU_011361,76.942507
STU_011362,76.942507
STU_011363,76.942507
STU_011364,76.942507
STU_011365,76.942507
STU_011366,76.942507
STU_011367,76.942507
STU_011368,76.942507
STU_011369,76.942507
STU_011370,76.942507
STU_011371,76.942507
STU_011372,76.942507
STU_011373,76.942507
STU_011374,76.942507
STU_011375,76.942507
STU_011376,76.942507
STU_011377,76.942507
STU_011378,76.942507
STU_011379,76.942507
STU_011380,76.942507
STU_011381,76.942507
STU_011382,76.942507
STU_011383,76.942507
STU_011384,76.942507
STU_011385,76.942507
STU_011386,76.942507
STU_011387,76.942507
STU_011388,76.942507
STU_011389,76.942507
STU_011390,76.942507
STU_011391,76.942507
STU_011392,76.942507
STU_011393,76.942507
STU_011394,76.942507
STU_011395,76.942507
STU_011396,76.942507
STU_011397,76.942507
STU_011398,76.942507
STU_011399,76.942507
STU_011400,76.942507
STU_011401,76.942507
STU_011402,76.942507
STU_011403,76.942507
STU_011404,76.942507
STU_011405,76.942507
STU_011406,76.942507
STU_011407,76.942507
STU_011408,76.942507
STU_011409,76.942507
STU_011410,76.942507
STU_011411,76.942507
STU_011412,76.942507
STU_011413,76.942507
STU_011414,76.942507
STU_011415,76.942507
STU_011416,76.942507
STU_011417,76.942507
STU_011418,76.942507
STU_011419,76.942507
STU_011420,76.942507
STU_011421,76.942507
STU_011422,76.942507
STU_011423,76.942507
STU_011424,76.942507
STU_011425,76.942507
STU_011426,76.942507
STU_011427,76.942507
STU_011428,76.942507
STU_011429,76.942507
STU_011430,76.942507
STU_011431,76.942507
STU_011432,76.942507
STU_011433,76.942507
STU_011434,76.942507
STU_011435,76.942507
STU_011436,76.942507
STU_011437,76.942507
STU_011438,76.942507
STU_011439,76.942507
STU_011440,76.942507
STU_011441,76.942507
STU_011442,76.942507
STU_011443,76.942507
STU_011444,76.942507
STU_011445,76.942507
STU_011446,76.942507
STU_011447,76.942507
STU_011448,76.942507
STU_011449,76.942507
STU_011450,76.942507
STU_011451,76.942507
STU_011452,76.942507
STU_011453,76.942507
STU_011454,76.942507
STU_011455,76.942507
STU_011456,76.942507
STU_011457,76.942507
STU_011458,76.942507
STU_011459,76.942507
STU_011460,76.942507
STU_011461,76.942507
STU_011462,76.942507
STU_011463,76.942507
STU_011464,76.942507
STU_011465,76.942507
STU_011466,76.942507
STU_011467,76.942507
STU_011468,76.942507
STU_011469,76.942507
STU_011470,76.942507
STU_011471,76.942507
STU_011472,76.942507
STU_011473,76.942507
STU_011474,76.942507
STU_011475,76.942507
STU_011476,76.942507
STU_011477,76.942507
STU_011478,76.942507
STU_011479,76.942507
STU_011480,76.942507
STU_011481,76.942507
STU_011482,76.942507
STU_011483,76.942507
STU_011484,76.942507
STU_011485,76.942507
STU_011486,76.942507
STU_011487,76.942507
STU_011488,76.942507
STU_011489,76.942507
STU_011490,76.942507
STU_011491,76.942507
STU_011492,76.942507
STU_011493,76.942507
STU_011494,76.942507
STU_011495,76.942507
STU_011496,76.942507
STU_011497,76.942507
STU_011498,76.942507
STU_011499,76.942507
STU_011500,76.942507
STU_011501,76.942507
STU_011502,76.942507
STU_011503,76.942507
STU_011504,76.942507
STU_011505,76.942507
STU_011506,76.942507
STU_011507,76.942507
STU_011508,76.942507
STU_011509,76.942507
STU_011510,76.942507
STU_011511,76.942507
STU_011512,76.942507
STU_011513,76.942507
STU_011514,76.942507
STU_011515,76.942507
STU_011516,76.942507
STU_011517,76.942507
STU_011518,76.942507
STU_011519,76.942507
STU_011520,76.942507
STU_011521,76.942507
STU_011522,76.942507
STU_011523,76.942507
STU_011524,76.942507
STU_011525,76.942507
STU_011526,76.942507
STU_011527,76.942507
STU_011528,76.942507
STU_011529,76.942507
STU_011530,76.942507
STU_011531,76.942507
STU_011532,76.942507
STU_011533,76.942507
STU_011534,76.942507
STU_011535,76.942507
STU_011536,76.942507
STU_011537,76.942507
STU_011538,76.942507
STU_011539,76.942507
STU_011540,76.942507
STU_011541,76.942507
STU_011542,76.942507
STU_011543,76.942507
STU_011544,76.942507
STU_011545,76.942507
STU_011546,76.942507
STU_011547,76.942507
STU_011548,76.942507
STU_011549,76.942507
STU_011550,76.942507
STU_011551,76.942507
STU_011552,76.942507
STU_011553,76.942507
STU_011554,76.942507
STU_011555,76.942507
STU_011556,76.942507
STU_011557,76.942507
STU_011558,76.942507
STU_011559,76.942507
STU_011560,76.942507
STU_011561,76.942507
STU_011562,76.942507
STU_011563,76.942507
STU_011564,76.942507
STU_011565,76.942507
STU_011566,76.942507
STU_011567,76.942507
STU_011568,76.942507
STU_011569,76.942507
STU_011570,76.942507
STU_011571,76.942507
STU_011572,76.942507
STU_011573,76.942507
STU_011574,76.942507
STU_011575,76.942507
STU_011576,76.942507
STU_011577,76.942507
STU_011578,76.942507
STU_011579,76.942507
STU_011580,76.942507
STU_011581,76.942507
STU_011582,76.942507
STU_011583,76.942507
STU_011584,76.942507
STU_011585,76.942507
STU_011586,76.942507
STU_011587,76.942507
STU_011588,76.942507
STU_011589,76.942507
STU_011590,76.942507
STU_011591,76.942507
STU_011592,76.942507
STU_011593,76.942507
STU_011594,76.942507
STU_011595,76.942507
STU_011596,76.942507
STU_011597,76.942507
STU_011598,76.942507
STU_011599,76.942507
STU_011600,76.942507
STU_011601,76.942507
STU_011602,76.942507
STU_011603,76.942507
STU_011604,76.942507
STU_011605,76.942507
STU_011606,76.942507
STU_011607,76.942507
STU_011608,76.942507
STU_011609,76.942507
STU_011610,76.942507
STU_011611,76.942507
STU_011612,76.942507
STU_011613,76.942507
STU_011614,76.942507
STU_011615,76.942507
STU_011616,76.942507
STU_011617,76.942507
STU_011618,76.942507
STU_011619,76.942507
STU_011620,76.942507
STU_011621,76.942507
STU_011622,76.942507
STU_011623,76.942507
STU_011624,76.942507
STU_011625,76.942507
STU_011626,76.942507
STU_011627,76.942507
STU_011628,76.942507
STU_011629,76.942507
STU_011630,76.942507
STU_011631,76.942507
STU_011632,76.942507
STU_011633,76.942507
STU_011634,76.942507
STU_011635,76.942507
STU_011636,76.942507
STU_011637,76.942507
STU_011638,76.942507
STU_011639,76.942507
STU_011640,76.942507
STU_011641,76.942507
STU_011642,76.942507
STU_011643,76.942507
STU_011644,76.942507
STU_011645,76.942507
STU_011646,76.942507
STU_011647,76.942507
STU_011648,76.942507
STU_011649,76.942507
STU_011650,76.942507
STU_011651,76.942507
STU_011652,76.942507
STU_011653,76.942507
STU_011654,76.942507
STU_011655,76.942507
STU_011656,76.942507
STU_011657,76.942507
STU_011658,76.942507
STU_011659,76.942507
STU_011660,76.942507
STU_011661,76.942507
STU_011662,76.942507
STU_011663,76.942507
STU_011664,76.942507
STU_011665,76.942507
STU_011666,76.942507
STU_011667,76.942507
STU_011668,76.942507
STU_011669,76.942507
STU_011670,76.942507
STU_011671,76.942507
STU_011672,76.942507
STU_011673,76.942507
STU_011674,76.942507
STU_011675,76.942507
STU_011676,76.942507
STU_011677,76.942507
STU_011678,76.942507
STU_011679,76.942507
STU_011680,76.942507
STU_011681,76.942507
STU_011682,76.942507
STU_011683,76.942507
STU_011684,76.942507
STU_011685,76.942507
STU_011686,76.942507
STU_011687,76.942507
STU_011688,76.942507
STU_011689,76.942507
STU_011690,76.942507
STU_011691,76.942507
STU_011692,76.942507
STU_011693,76.942507
STU_011694,76.942507
STU_011695,76.942507
STU_011696,76.942507
STU_011697,76.942507
STU_011698,76.942507
STU_011699,76.942507
STU_011700,76.942507
STU_011701,76.942507
STU_011702,76.942507
STU_011703,76.942507
STU_011704,76.942507
STU_011705,76.942507
STU_011706,76.942507
STU_011707,76.942507
STU_011708,76.942507
STU_011709,76.942507
STU_011710,76.942507
STU_011711,76.942507
STU_011712,76.942507
STU_011713,76.942507
STU_011714,76.942507
STU_011715,76.942507
STU_011716,76.942507
STU_011717,76.942507
STU_011718,76.942507
STU_011719,76.942507
STU_011720,76.942507
STU_011721,76.942507
STU_011722,76.942507
STU_011723,76.942507
STU_011724,76.942507
STU_011725,76.942507
STU_011726,76.942507
STU_011727,76.942507
STU_011728,76.942507
STU_011729,76.942507
STU_011730,76.942507
STU_011731,76.942507
STU_011732,76.942507
STU_011733,76.942507
STU_011734,76.942507
STU_011735,76.942507
STU_011736,76.942507
STU_011737,76.942507
STU_011738,76.942507
STU_011739,76.942507
STU_011740,76.942507
STU_011741,76.942507
STU_011742,76.942507
STU_011743,76.942507
STU_011744,76.942507
STU_011745,76.942507
STU_011746,76.942507
STU_011747,76.942507
STU_011748,76.942507
STU_011749,76.942507
STU_011750,76.942507
STU_011751,76.942507
STU_011752,76.942507
STU_011753,76.942507
STU_011754,76.942507
STU_011755,76.942507
STU_011756,76.942507
STU_011757,76.942507
STU_011758,76.942507
STU_011759,76.942507
STU_011760,76.942507
STU_011761,76.942507
STU_011762,76.942507
STU_011763,76.942507
STU_011764,76.942507
STU_011765,76.942507
STU_011766,76.942507
STU_011767,76.942507
STU_011768,76.942507
STU_011769,76.942507
STU_011770,76.942507
STU_011771,76.942507
STU_011772,76.942507
STU_011773,76.942507
STU_011774,76.942507
STU_011775,76.942507
STU_011776,76.942507
STU_011777,76.942507
STU_011778,76.942507
STU_011779,76.942507
STU_011780,76.942507
STU_011781,76.942507
STU_011782,76.942507
STU_011783,76.942507
STU_011784,76.942507
STU_011785,76.942507
STU_011786,76.942507
STU_011787,76.942507
STU_011788,76.942507
STU_011789,76.942507
STU_011790,76.942507
STU_011791,76.942507
STU_011792,76.942507
STU_011793,76.942507
STU_011794,76.942507
STU_011795,76.942507
STU_011796,76.942507
STU_011797,76.942507
STU_011798,76.942507
STU_011799,76.942507
STU_011800,76.942507
STU_011801,76.942507
STU_011802,76.942507
STU_011803,76.942507
STU_011804,76.942507
STU_011805,76.942507
STU_011806,76.942507
STU_011807,76.942507
STU_011808,76.942507
STU_011809,76.942507
STU_011810,76.942507
STU_011811,76.942507
STU_011812,76.942507
STU_011813,76.942507
STU_011814,76.942507
STU_011815,76.942507
STU_011816,76.942507
STU_011817,76.942507
STU_011818,76.942507
STU_011819,76.942507
STU_011820,76.942507
STU_011821,76.942507
STU_011822,76.942507
STU_011823,76.942507
STU_011824,76.942507
STU_011825,76.942507
STU_011826,76.942507
STU_011827,76.942507
STU_011828,76.942507
STU_011829,76.942507
STU_011830,76.942507
STU_011831,76.942507
STU_011832,76.942507
STU_011833,76.942507
STU_011834,76.942507
STU_011835,76.942507
STU_011836,76.942507
STU_011837,76.942507
STU_011838,76.942507
STU_011839,76.942507
STU_011840,76.942507
STU_011841,76.942507
STU_011842,76.942507
STU_011843,76.942507
STU_011844,76.942507
STU_011845,76.942507
STU_011846,76.942507
STU_011847,76.942507
STU_011848,76.942507
STU_011849,76.942507
STU_011850,76.942507
STU_011851,76.942507
STU_011852,76.942507
STU_011853,76.942507
STU_011854,76.942507
STU_011855,76.942507
STU_011856,76.942507
STU_011857,76.942507
STU_011858,76.942507
STU_011859,76.942507
STU_011860,76.942507
STU_011861,76.942507
STU_011862,76.942507
STU_011863,76.942507
STU_011864,76.942507
STU_011865,76.942507
STU_011866,76.942507
STU_011867,76.942507
STU_011868,76.942507
STU_011869,76.942507
STU_011870,76.942507
STU_011871,76.942507
STU_011872,76.942507
STU_011873,76.942507
STU_011874,76.942507
STU_011875,76.942507
STU_011876,76.942507
STU_011877,76.942507
STU_011878,76.942507
STU_011879,76.942507
STU_011880,76.942507
STU_011881,76.942507
STU_011882,76.942507
STU_011883,76.942507
STU_011884,76.942507
STU_011885,76.942507
STU_011886,76.942507
STU_011887,76.942507
STU_011888,76.942507
STU_011889,76.942507
STU_011890,76.942507
STU_011891,76.942507
STU_011892,76.942507
STU_011893,76.942507
STU_011894,76.942507
STU_011895,76.942507
STU_011896,76.942507
STU_011897,76.942507
STU_011898,76.942507
STU_011899,76.942507
STU_011900,76.942507
STU_011901,76.942507
STU_011902,76.942507
STU_011903,76.942507
STU_011904,76.942507
STU_011905,76.942507
STU_011906,76.942507
STU_011907,76.942507
STU_011908,76.942507
STU_011909,76.942507
STU_011910,76.942507
STU_011911,76.942507
STU_011912,76.942507
STU_011913,76.942507
STU_011914,76.942507
STU_011915,76.942507
STU_011916,76.942507
STU_011917,76.942507
STU_011918,76.942507
STU_011919,76.942507
STU_011920,76.942507
STU_011921,76.942507
STU_011922,76.942507
STU_011923,76.942507
STU_011924,76.942507
STU_011925,76.942507
STU_011926,76.942507
STU_011927,76.942507
STU_011928,76.942507
STU_011929,76.942507
STU_011930,76.942507
STU_011931,76.942507
STU_011932,76.942507
STU_011933,76.942507
STU_011934,76.942507
STU_011935,76.942507
STU_011936,76.942507
STU_011937,76.942507
STU_011938,76.942507
STU_011939,76.942507
STU_011940,76.942507
STU_011941,76.942507
STU_011942,76.942507
STU_011943,76.942507
STU_011944,76.942507
STU_011945,76.942507
STU_011946,76.942507
STU_011947,76.942507
STU_011948,76.942507
STU_011949,76.942507
STU_011950,76.942507
STU_011951,76.942507
STU_011952,76.942507
STU_011953,76.942507
STU_011954,76.942507
STU_011955,76.942507
STU_011956,76.942507
STU_011957,76.942507
STU_011958,76.942507
STU_011959,76.942507
STU_011960,76.942507
STU_011961,76.942507
STU_011962,76.942507
STU_011963,76.942507
STU_011964,76.942507
STU_011965,76.942507
STU_011966,76.942507
STU_011967,76.942507
STU_011968,76.942507
STU_011969,76.942507
STU_011970,76.942507
STU_011971,76.942507
STU_011972,76.942507
STU_011973,76.942507
STU_011974,76.942507
STU_011975,76.942507
STU_011976,76.942507
STU_011977,76.942507
STU_011978,76.942507
STU_011979,76.942507
STU_011980,76.942507
STU_011981,76.942507
STU_011982,76.942507
STU_011983,76.942507
STU_011984,76.942507
STU_011985,76.942507
STU_011986,76.942507
STU_011987,76.942507
STU_011988,76.942507
STU_011989,76.942507
STU_011990,76.942507
STU_011991,76.942507
STU_011992,76.942507
STU_011993,76.942507
STU_011994,76.942507
STU_011995,76.942507
STU_011996,76.942507
STU_011997,76.942507
STU_011998,76.942507
STU_011999,76.942507
STU_012000,76.942507
STU_012001,76.942507
STU_012002,76.942507
STU_012003,76.942507
STU_012004,76.942507
STU_012005,76.942507
STU_012006,76.942507
STU_012007,76.942507
STU_012008,76.942507
STU_012009,76.942507
STU_012010,76.942507
STU_012011,76.942507
STU_012012,76.942507
STU_012013,76.942507
STU_012014,76.942507
STU_012015,76.942507
STU_012016,76.942507
STU_012017,76.942507
STU_012018,76.942507
STU_012019,76.942507
STU_012020,76.942507
STU_012021,76.942507
STU_012022,76.942507
STU_012023,76.942507
STU_012024,76.942507
STU_012025,76.942507
STU_012026,76.942507
STU_012027,76.942507
STU_012028,76.942507
STU_012029,76.942507
STU_012030,76.942507
STU_012031,76.942507
STU_012032,76.942507
STU_012033,76.942507
STU_012034,76.942507
STU_012035,76.942507
STU_012036,76.942507
STU_012037,76.942507
STU_012038,76.942507
STU_012039,76.942507
STU_012040,76.942507
STU_012041,76.942507
STU_012042,76.942507
STU_012043,76.942507
STU_012044,76.942507
STU_012045,76.942507
STU_012046,76.942507
STU_012047,76.942507
STU_012048,76.942507
STU_012049,76.942507
STU_012050,76.942507
STU_012051,76.942507
STU_012052,76.942507
STU_012053,76.942507
STU_012054,76.942507
STU_012055,76.942507
STU_012056,76.942507
STU_012057,76.942507
STU_012058,76.942507
STU_012059,76.942507
STU_012060,76.942507
STU_012061,76.942507
STU_012062,76.942507
STU_012063,76.942507
STU_012064,76.942507
STU_012065,76.942507
STU_012066,76.942507
STU_012067,76.942507
STU_012068,76.942507
STU_012069,76.942507
STU_012070,76.942507
STU_012071,76.942507
STU_012072,76.942507
STU_012073,76.942507
STU_012074,76.942507
STU_012075,76.942507
STU_012076,76.942507
STU_012077,76.942507
STU_012078,76.942507
STU_012079,76.942507
STU_012080,76.942507
STU_012081,76.942507
STU_012082,76.942507
STU_012083,76.942507
STU_012084,76.942507
STU_012085,76.942507
STU_012086,76.942507
STU_012087,76.942507
STU_012088,76.942507
STU_012089,76.942507
STU_012090,76.942507
STU_012091,76.942507
STU_012092,76.942507
STU_012093,76.942507
STU_012094,76.942507
STU_012095,76.942507
STU_012096,76.942507
STU_012097,76.942507
STU_012098,76.942507
STU_012099,76.942507
STU_012100,76.942507
STU_012101,76.942507
STU_012102,76.942507
STU_012103,76.942507
STU_012104,76.942507
STU_012105,76.942507
STU_012106,76.942507
STU_012107,76.942507
STU_012108,76.942507
STU_012109,76.942507
STU_012110,76.942507
STU_012111,76.942507
STU_012112,76.942507
STU_012113,76.942507
STU_012114,76.942507
STU_012115,76.942507
STU_012116,76.942507
STU_012117,76.942507
STU_012118,76.942507
STU_012119,76.942507
STU_012120,76.942507
STU_012121,76.942507
STU_012122,76.942507
STU_012123,76.942507
STU_012124,76.942507
STU_012125,76.942507
STU_012126,76.942507
STU_012127,76.942507
STU_012128,76.942507
STU_012129,76.942507
STU_012130,76.942507
STU_012131,76.942507
STU_012132,76.942507
STU_012133,76.942507
STU_012134,76.942507
STU_012135,76.942507
STU_012136,76.942507
STU_012137,76.942507
STU_012138,76.942507
STU_012139,76.942507
STU_012140,76.942507
STU_012141,76.942507
STU_012142,76.942507
STU_012143,76.942507
STU_012144,76.942507
STU_012145,76.942507
STU_012146,76.942507
STU_012147,76.942507
STU_012148,76.942507
STU_012149,76.942507
STU_012150,76.942507
STU_012151,76.942507
STU_012152,76.942507
STU_012153,76.942507
STU_012154,76.942507
STU_012155,76.942507
STU_012156,76.942507
STU_012157,76.942507
STU_012158,76.942507
STU_012159,76.942507
STU_012160,76.942507
STU_012161,76.942507
STU_012162,76.942507
STU_012163,76.942507
STU_012164,76.942507
STU_012165,76.942507
STU_012166,76.942507
STU_012167,76.942507
STU_012168,76.942507
STU_012169,76.942507
STU_012170,76.942507
STU_012171,76.942507
STU_012172,76.942507
STU_012173,76.942507
STU_012174,76.942507
STU_012175,76.942507
STU_012176,76.942507
STU_012177,76.942507
STU_012178,76.942507
STU_012179,76.942507
STU_012180,76.942507
STU_012181,76.942507
STU_012182,76.942507
STU_012183,76.942507
STU_012184,76.942507
STU_012185,76.942507
STU_012186,76.942507
STU_012187,76.942507
STU_012188,76.942507
STU_012189,76.942507
STU_012190,76.942507
STU_012191,76.942507
STU_012192,76.942507
STU_012193,76.942507
STU_012194,76.942507
STU_012195,76.942507
STU_012196,76.942507
STU_012197,76.942507
STU_012198,76.942507
STU_012199,76.942507
STU_012200,76.942507
STU_012201,76.942507
STU_012202,76.942507
STU_012203,76.942507
STU_012204,76.942507
STU_012205,76.942507
STU_012206,76.942507
STU_012207,76.942507
STU_012208,76.942507
STU_012209,76.942507
STU_012210,76.942507
STU_012211,76.942507
STU_012212,76.942507
STU_012213,76.942507
STU_012214,76.942507
STU_012215,76.942507
STU_012216,76.942507
STU_012217,76.942507
STU_012218,76.942507
STU_012219,76.942507
STU_012220,76.942507
STU_012221,76.942507
STU_012222,76.942507
STU_012223,76.942507
STU_012224,76.942507
STU_012225,76.942507
STU_012226,76.942507
STU_012227,76.942507
STU_012228,76.942507
STU_012229,76.942507
STU_012230,76.942507
STU_012231,76.942507
STU_012232,76.942507
STU_012233,76.942507
STU_012234,76.942507
STU_012235,76.942507
STU_012236,76.942507
STU_012237,76.942507
STU_012238,76.942507
STU_012239,76.942507
STU_012240,76.942507
STU_012241,76.942507
STU_012242,76.942507
STU_012243,76.942507
STU_012244,76.942507
STU_012245,76.942507
STU_012246,76.942507
STU_012247,76.942507
STU_012248,76.942507
STU_012249,76.942507
STU_012250,76.942507
STU_012251,76.942507
STU_012252,76.942507
STU_012253,76.942507
STU_012254,76.942507
STU_012255,76.942507
STU_012256,76.942507
STU_012257,76.942507
STU_012258,76.942507
STU_012259,76.942507
STU_012260,76.942507
STU_012261,76.942507
STU_012262,76.942507
STU_012263,76.942507
STU_012264,76.942507
STU_012265,76.942507
STU_012266,76.942507
STU_012267,76.942507
STU_012268,76.942507
STU_012269,76.942507
STU_012270,76.942507
STU_012271,76.942507
STU_012272,76.942507
STU_012273,76.942507
STU_012274,76.942507
STU_012275,76.942507
STU_012276,76.942507
STU_012277,76.942507
STU_012278,76.942507
STU_012279,76.942507
STU_012280,76.942507
STU_012281,76.942507
STU_012282,76.942507
STU_012283,76.942507
STU_012284,76.942507
STU_012285,76.942507
STU_012286,76.942507
STU_012287,76.942507
STU_012288,76.942507
STU_012289,76.942507
STU_012290,76.942507
STU_012291,76.942507
STU_012292,76.942507
STU_012293,76.942507
STU_012294,76.942507
STU_012295,76.942507
STU_012296,76.942507
STU_012297,76.942507
STU_012298,76.942507
STU_012299,76.942507
STU_012300,76.942507
STU_012301,76.942507
STU_012302,76.942507
STU_012303,76.942507
STU_012304,76.942507
STU_012305,76.942507
STU_012306,76.942507
STU_012307,76.942507
STU_012308,76.942507
STU_012309,76.942507
STU_012310,76.942507
STU_012311,76.942507
STU_012312,76.942507
STU_012313,76.942507
STU_012314,76.942507
STU_012315,76.942507
STU_012316,76.942507
STU_012317,76.942507
STU_012318,76.942507
STU_012319,76.942507
STU_012320,76.942507
STU_012321,76.942507
STU_012322,76.942507
STU_012323,76.942507
STU_012324,76.942507
STU_012325,76.942507
STU_012326,76.942507
STU_012327,76.942507
STU_012328,76.942507
STU_012329,76.942507
STU_012330,76.942507
STU_012331,76.942507
STU_012332,76.942507
STU_012333,76.942507
STU_012334,76.942507
STU_012335,76.942507
STU_012336,76.942507
STU_012337,76.942507
STU_012338,76.942507
STU_012339,76.942507
STU_012340,76.942507
STU_012341,76.942507
STU_012342,76.942507
STU_012343,76.942507
STU_012344,76.942507
STU_012345,76.942507
STU_012346,76.942507
STU_012347,76.942507
STU_012348,76.942507
STU_012349,76.942507
STU_012350,76.942507
STU_012351,76.942507
STU_012352,76.942507
STU_012353,76.942507
STU_012354,76.942507
STU_012355,76.942507
STU_012356,76.942507
STU_012357,76.942507
STU_012358,76.942507
STU_012359,76.942507
STU_012360,76.942507
STU_012361,76.942507
STU_012362,76.942507
STU_012363,76.942507
STU_012364,76.942507
STU_012365,76.942507
STU_012366,76.942507
STU_012367,76.942507
STU_012368,76.942507
STU_012369,76.942507
STU_012370,76.942507
STU_012371,76.942507
STU_012372,76.942507
STU_012373,76.942507
STU_012374,76.942507
STU_012375,76.942507
STU_012376,76.942507
STU_012377,76.942507
STU_012378,76.942507
STU_012379,76.942507
STU_012380,76.942507
STU_012381,76.942507
STU_012382,76.942507
STU_012383,76.942507
STU_012384,76.942507
STU_012385,76.942507
STU_012386,76.942507
STU_012387,76.942507
STU_012388,76.942507
STU_012389,76.942507
STU_012390,76.942507
STU_012391,76.942507
STU_012392,76.942507
STU_012393,76.942507
STU_012394,76.942507
STU_012395,76.942507
STU_012396,76.942507
STU_012397,76.942507
STU_012398,76.942507
STU_012399,76.942507
STU_012400,76.942507
STU_012401,76.942507
STU_012402,76.942507
STU_012403,76.942507
STU_012404,76.942507
STU_012405,76.942507
STU_012406,76.942507
STU_012407,76.942507
STU_012408,76.942507
STU_012409,76.942507
STU_012410,76.942507
STU_012411,76.942507
STU_012412,76.942507
STU_012413,76.942507
STU_012414,76.942507
STU_012415,76.942507
STU_012416,76.942507
STU_012417,76.942507
STU_012418,76.942507
STU_012419,76.942507
STU_012420,76.942507
STU_012421,76.942507
STU_012422,76.942507
STU_012423,76.942507
STU_012424,76.942507
STU_012425,76.942507
STU_012426,76.942507
STU_012427,76.942507
STU_012428,76.942507
STU_012429,76.942507
STU_012430,76.942507
STU_012431,76.942507
STU_012432,76.942507
STU_012433,76.942507
STU_012434,76.942507
STU_012435,76.942507
STU_012436,76.942507
STU_012437,76.942507
STU_012438,76.942507
STU_012439,76.942507
STU_012440,76.942507
STU_012441,76.942507
STU_012442,76.942507
STU_012443,76.942507
STU_012444,76.942507
STU_012445,76.942507
STU_012446,76.942507
STU_012447,76.942507
STU_012448,76.942507
STU_012449,76.942507
STU_012450,76.942507
STU_012451,76.942507
STU_012452,76.942507
STU_012453,76.942507
STU_012454,76.942507
STU_012455,76.942507
STU_012456,76.942507
STU_012457,76.942507
STU_012458,76.942507
STU_012459,76.942507
STU_012460,76.942507
STU_012461,76.942507
STU_012462,76.942507
STU_012463,76.942507
STU_012464,76.942507
STU_012465,76.942507
STU_012466,76.942507
STU_012467,76.942507
STU_012468,76.942507
STU_012469,76.942507
STU_012470,76.942507
STU_012471,76.942507
STU_012472,76.942507
STU_012473,76.942507
STU_012474,76.942507
STU_012475,76.942507
STU_012476,76.942507
STU_012477,76.942507
STU_012478,76.942507
STU_012479,76.942507
STU_012480,76.942507
STU_012481,76.942507
STU_012482,76.942507
STU_012483,76.942507
STU_012484,76.942507
STU_012485,76.942507
STU_012486,76.942507
STU_012487,76.942507
STU_012488,76.942507
STU_012489,76.942507
STU_012490,76.942507
STU_012491,76.942507
STU_012492,76.942507
STU_012493,76.942507
STU_012494,76.942507
STU_012495,76.942507
STU_012496,76.942507
STU_012497,76.942507
STU_012498,76.942507
STU_012499,76.942507
STU_012500,76.942507
STU_012501,76.942507
STU_012502,76.942507
STU_012503,76.942507
STU_012504,76.942507
STU_012505,76.942507
STU_012506,76.942507
STU_012507,76.942507
STU_012508,76.942507
STU_012509,76.942507
STU_012510,76.942507
STU_012511,76.942507
STU_012512,76.942507
STU_012513,76.942507
STU_012514,76.942507
STU_012515,76.942507
STU_012516,76.942507
STU_012517,76.942507
STU_012518,76.942507
STU_012519,76.942507
STU_012520,76.942507
STU_012521,76.942507
STU_012522,76.942507
STU_012523,76.942507
STU_012524,76.942507
STU_012525,76.942507
STU_012526,76.942507
STU_012527,76.942507
STU_012528,76.942507
STU_012529,76.942507
STU_012530,76.942507
STU_012531,76.942507
STU_012532,76.942507
STU_012533,76.942507
STU_012534,76.942507
STU_012535,76.942507
STU_012536,76.942507
STU_012537,76.942507
STU_012538,76.942507
STU_012539,76.942507
STU_012540,76.942507
STU_012541,76.942507
STU_012542,76.942507
STU_012543,76.942507
STU_012544,76.942507
STU_012545,76.942507
STU_012546,76.942507
STU_012547,76.942507
STU_012548,76.942507
STU_012549,76.942507
STU_012550,76.942507
STU_012551,76.942507
STU_012552,76.942507
STU_012553,76.942507
STU_012554,76.942507
STU_012555,76.942507
STU_012556,76.942507
STU_012557,76.942507
STU_012558,76.942507
STU_012559,76.942507
STU_012560,76.942507
STU_012561,76.942507
STU_012562,76.942507
STU_012563,76.942507
STU_012564,76.942507
STU_012565,76.942507
STU_012566,76.942507
STU_012567,76.942507
STU_012568,76.942507
STU_012569,76.942507
STU_012570,76.942507
STU_012571,76.942507
STU_012572,76.942507
STU_012573,76.942507
STU_012574,76.942507
STU_012575,76.942507
STU_012576,76.942507
STU_012577,76.942507
STU_012578,76.942507
STU_012579,76.942507
STU_012580,76.942507
STU_012581,76.942507
STU_012582,76.942507
STU_012583,76.942507
STU_012584,76.942507
STU_012585,76.942507
STU_012586,76.942507
STU_012587,76.942507
STU_012588,76.942507
STU_012589,76.942507
STU_012590,76.942507
STU_012591,76.942507
STU_012592,76.942507
STU_012593,76.942507
STU_012594,76.942507
STU_012595,76.942507
STU_012596,76.942507
STU_012597,76.942507
STU_012598,76.942507
STU_012599,76.942507
STU_012600,76.942507
STU_012601,76.942507
STU_012602,76.942507
STU_012603,76.942507
STU_012604,76.942507
STU_012605,76.942507
STU_012606,76.942507
STU_012607,76.942507
STU_012608,76.942507
STU_012609,76.942507
STU_012610,76.942507
STU_012611,76.942507
STU_012612,76.942507
STU_012613,76.942507
STU_012614,76.942507
STU_012615,76.942507
STU_012616,76.942507
STU_012617,76.942507
STU_012618,76.942507
STU_012619,76.942507
STU_012620,76.942507
STU_012621,76.942507
STU_012622,76.942507
STU_012623,76.942507
STU_012624,76.942507
STU_012625,76.942507
STU_012626,76.942507
STU_012627,76.942507
STU_012628,76.942507
STU_012629,76.942507
STU_012630,76.942507
STU_012631,76.942507
STU_012632,76.942507
STU_012633,76.942507
STU_012634,76.942507
STU_012635,76.942507
STU_012636,76.942507
STU_012637,76.942507
STU_012638,76.942507
STU_012639,76.942507
STU_012640,76.942507
STU_012641,76.942507
STU_012642,76.942507
STU_012643,76.942507
STU_012644,76.942507
STU_012645,76.942507
STU_012646,76.942507
STU_012647,76.942507
STU_012648,76.942507
STU_012649,76.942507
STU_012650,76.942507
STU_012651,76.942507
STU_012652,76.942507
STU_012653,76.942507
STU_012654,76.942507
STU_012655,76.942507
STU_012656,76.942507
STU_012657,76.942507
STU_012658,76.942507
STU_012659,76.942507
STU_012660,76.942507
STU_012661,76.942507
STU_012662,76.942507
STU_012663,76.942507
STU_012664,76.942507
STU_012665,76.942507
STU_012666,76.942507
STU_012667,76.942507
STU_012668,76.942507
STU_012669,76.942507
STU_012670,76.942507
STU_012671,76.942507
STU_012672,76.942507
STU_012673,76.942507
STU_012674,76.942507
STU_012675,76.942507
STU_012676,76.942507
STU_012677,76.942507
STU_012678,76.942507
STU_012679,76.942507
STU_012680,76.942507
STU_012681,76.942507
STU_012682,76.942507
STU_012683,76.942507
STU_012684,76.942507
STU_012685,76.942507
STU_012686,76.942507
STU_012687,76.942507
STU_012688,76.942507
STU_012689,76.942507
STU_012690,76.942507
STU_012691,76.942507
STU_012692,76.942507
STU_012693,76.942507
STU_012694,76.942507
STU_012695,76.942507
STU_012696,76.942507
STU_012697,76.942507
STU_012698,76.942507
STU_012699,76.942507
STU_012700,76.942507
STU_012701,76.942507
STU_012702,76.942507
STU_012703,76.942507
STU_012704,76.942507
STU_012705,76.942507
STU_012706,76.942507
STU_012707,76.942507
STU_012708,76.942507
STU_012709,76.942507
STU_012710,76.942507
STU_012711,76.942507
STU_012712,76.942507
STU_012713,76.942507
STU_012714,76.942507
STU_012715,76.942507
STU_012716,76.942507
STU_012717,76.942507
STU_012718,76.942507
STU_012719,76.942507
STU_012720,76.942507
STU_012721,76.942507
STU_012722,76.942507
STU_012723,76.942507
STU_012724,76.942507
STU_012725,76.942507
STU_012726,76.942507
STU_012727,76.942507
STU_012728,76.942507
STU_012729,76.942507
STU_012730,76.942507
STU_012731,76.942507
STU_012732,76.942507
STU_012733,76.942507
STU_012734,76.942507
STU_012735,76.942507
STU_012736,76.942507
STU_012737,76.942507
STU_012738,76.942507
STU_012739,76.942507
STU_012740,76.942507
STU_012741,76.942507
STU_012742,76.942507
STU_012743,76.942507
STU_012744,76.942507
STU_012745,76.942507
STU_012746,76.942507
STU_012747,76.942507
STU_012748,76.942507
STU_012749,76.942507
STU_012750,76.942507
STU_012751,76.942507
STU_012752,76.942507
STU_012753,76.942507
STU_012754,76.942507
STU_012755,76.942507
STU_012756,76.942507
STU_012757,76.942507
STU_012758,76.942507
STU_012759,76.942507
STU_012760,76.942507
STU_012761,76.942507
STU_012762,76.942507
STU_012763,76.942507
STU_012764,76.942507
STU_012765,76.942507
STU_012766,76.942507
STU_012767,76.942507
STU_012768,76.942507
STU_012769,76.942507
STU_012770,76.942507
STU_012771,76.942507
STU_012772,76.942507
STU_012773,76.942507
STU_012774,76.942507
STU_012775,76.942507
STU_012776,76.942507
STU_012777,76.942507
STU_012778,76.942507
STU_012779,76.942507
STU_012780,76.942507
STU_012781,76.942507
STU_012782,76.942507
STU_012783,76.942507
STU_012784,76.942507
STU_012785,76.942507
STU_012786,76.942507
STU_012787,76.942507
STU_012788,76.942507
STU_012789,76.942507
STU_012790,76.942507
STU_012791,76.942507
STU_012792,76.942507
STU_012793,76.942507
STU_012794,76.942507
STU_012795,76.942507
STU_012796,76.942507
STU_012797,76.942507
STU_012798,76.942507
STU_012799,76.942507
STU_012800,76.942507
STU_012801,76.942507
STU_012802,76.942507
STU_012803,76.942507
STU_012804,76.942507
STU_012805,76.942507
STU_012806,76.942507
STU_012807,76.942507
STU_012808,76.942507
STU_012809,76.942507
STU_012810,76.942507
STU_012811,76.942507
STU_012812,76.942507
STU_012813,76.942507
STU_012814,76.942507
STU_012815,76.942507
STU_012816,76.942507
STU_012817,76.942507
STU_012818,76.942507
STU_012819,76.942507
STU_012820,76.942507
STU_012821,76.942507
STU_012822,76.942507
STU_012823,76.942507
STU_012824,76.942507
STU_012825,76.942507
STU_012826,76.942507
STU_012827,76.942507
STU_012828,76.942507
STU_012829,76.942507
STU_012830,76.942507
STU_012831,76.942507
STU_012832,76.942507
STU_012833,76.942507
STU_012834,76.942507
STU_012835,76.942507
STU_012836,76.942507
STU_012837,76.942507
STU_012838,76.942507
STU_012839,76.942507
STU_012840,76.942507
STU_012841,76.942507
STU_012842,76.942507
STU_012843,76.942507
STU_012844,76.942507
STU_012845,76.942507
STU_012846,76.942507
STU_012847,76.942507
STU_012848,76.942507
STU_012849,76.942507
STU_012850,76.942507
STU_012851,76.942507
STU_012852,76.942507
STU_012853,76.942507
STU_012854,76.942507
STU_012855,76.942507
STU_012856,76.942507
STU_012857,76.942507
STU_012858,76.942507
STU_012859,76.942507
STU_012860,76.942507
STU_012861,76.942507
STU_012862,76.942507
STU_012863,76.942507
STU_012864,76.942507
STU_012865,76.942507
STU_012866,76.942507
STU_012867,76.942507
STU_012868,76.942507
STU_012869,76.942507
STU_012870,76.942507
STU_012871,76.942507
STU_012872,76.942507
STU_012873,76.942507
STU_012874,76.942507
STU_012875,76.942507
STU_012876,76.942507
STU_012877,76.942507
STU_012878,76.942507
STU_012879,76.942507
STU_012880,76.942507
STU_012881,76.942507
STU_012882,76.942507
STU_012883,76.942507
STU_012884,76.942507
STU_012885,76.942507
STU_012886,76.942507
STU_012887,76.942507
STU_012888,76.942507
STU_012889,76.942507
STU_012890,76.942507
STU_012891,76.942507
STU_012892,76.942507
STU_012893,76.942507
STU_012894,76.942507
STU_012895,76.942507
STU_012896,76.942507
STU_012897,76.942507
STU_012898,76.942507
STU_012899,76.942507
STU_012900,76.942507
STU_012901,76.942507
STU_012902,76.942507
STU_012903,76.942507
STU_012904,76.942507
STU_012905,76.942507
STU_012906,76.942507
STU_012907,76.942507
STU_012908,76.942507
STU_012909,76.942507
STU_012910,76.942507
STU_012911,76.942507
STU_012912,76.942507
STU_012913,76.942507
STU_012914,76.942507
STU_012915,76.942507
STU_012916,76.942507
STU_012917,76.942507
STU_012918,76.942507
STU_012919,76.942507
STU_012920,76.942507
STU_012921,76.942507
STU_012922,76.942507
STU_012923,76.942507
STU_012924,76.942507
STU_012925,76.942507
STU_012926,76.942507
STU_012927,76.942507
STU_012928,76.942507
STU_012929,76.942507
STU_012930,76.942507
STU_012931,76.942507
STU_012932,76.942507
STU_012933,76.942507
STU_012934,76.942507
STU_012935,76.942507
STU_012936,76.942507
STU_012937,76.942507
STU_012938,76.942507
STU_012939,76.942507
STU_012940,76.942507
STU_012941,76.942507
STU_012942,76.942507
STU_012943,76.942507
STU_012944,76.942507
STU_012945,76.942507
STU_012946,76.942507
STU_012947,76.942507
STU_012948,76.942507
STU_012949,76.942507
STU_012950,76.942507
STU_012951,76.942507
STU_012952,76.942507
STU_012953,76.942507
STU_012954,76.942507
STU_012955,76.942507
STU_012956,76.942507
STU_012957,76.942507
STU_012958,76.942507
STU_012959,76.942507
STU_012960,76.942507
STU_012961,76.942507
STU_012962,76.942507
STU_012963,76.942507
STU_012964,76.942507
STU_012965,76.942507
STU_012966,76.942507
STU_012967,76.942507
STU_012968,76.942507
STU_012969,76.942507
STU_012970,76.942507
STU_012971,76.942507
STU_012972,76.942507
STU_012973,76.942507
STU_012974,76.942507
STU_012975,76.942507
STU_012976,76.942507
STU_012977,76.942507
STU_012978,76.942507
STU_012979,76.942507
STU_012980,76.942507
STU_012981,76.942507
STU_012982,76.942507
STU_012983,76.942507
STU_012984,76.942507
STU_012985,76.942507
STU_012986,76.942507
STU_012987,76.942507
STU_012988,76.942507
STU_012989,76.942507
STU_012990,76.942507
STU_012991,76.942507
STU_012992,76.942507
STU_012993,76.942507
STU_012994,76.942507
STU_012995,76.942507
STU_012996,76.942507
STU_012997,76.942507
STU_012998,76.942507
STU_012999,76.942507
STU_013000,76.942507
STU_013001,76.942507
STU_013002,76.942507
STU_013003,76.942507
STU_013004,76.942507
STU_013005,76.942507
STU_013006,76.942507
STU_013007,76.942507
STU_013008,76.942507
STU_013009,76.942507
STU_013010,76.942507
STU_013011,76.942507
STU_013012,76.942507
STU_013013,76.942507
STU_013014,76.942507
STU_013015,76.942507
STU_013016,76.942507
STU_013017,76.942507
STU_013018,76.942507
STU_013019,76.942507
STU_013020,76.942507
STU_013021,76.942507
STU_013022,76.942507
STU_013023,76.942507
STU_013024,76.942507
STU_013025,76.942507
STU_013026,76.942507
STU_013027,76.942507
STU_013028,76.942507
STU_013029,76.942507
STU_013030,76.942507
STU_013031,76.942507
STU_013032,76.942507
STU_013033,76.942507
STU_013034,76.942507
STU_013035,76.942507
STU_013036,76.942507
STU_013037,76.942507
STU_013038,76.942507
STU_013039,76.942507
STU_013040,76.942507
STU_013041,76.942507
STU_013042,76.942507
STU_013043,76.942507
STU_013044,76.942507
STU_013045,76.942507
STU_013046,76.942507
STU_013047,76.942507
STU_013048,76.942507
STU_013049,76.942507
STU_013050,76.942507
STU_013051,76.942507
STU_013052,76.942507
STU_013053,76.942507
STU_013054,76.942507
STU_013055,76.942507
STU_013056,76.942507
STU_013057,76.942507
STU_013058,76.942507
STU_013059,76.942507
STU_013060,76.942507
STU_013061,76.942507
STU_013062,76.942507
STU_013063,76.942507
STU_013064,76.942507
STU_013065,76.942507
STU_013066,76.942507
STU_013067,76.942507
STU_013068,76.942507
STU_013069,76.942507
STU_013070,76.942507
STU_013071,76.942507
STU_013072,76.942507
STU_013073,76.942507
STU_013074,76.942507
STU_013075,76.942507
STU_013076,76.942507
STU_013077,76.942507
STU_013078,76.942507
STU_013079,76.942507
STU_013080,76.942507
STU_013081,76.942507
STU_013082,76.942507
STU_013083,76.942507
STU_013084,76.942507
STU_013085,76.942507
STU_013086,76.942507
STU_013087,76.942507
STU_013088,76.942507
STU_013089,76.942507
STU_013090,76.942507
STU_013091,76.942507
STU_013092,76.942507
STU_013093,76.942507
STU_013094,76.942507
STU_013095,76.942507
STU_013096,76.942507
STU_013097,76.942507
STU_013098,76.942507
STU_013099,76.942507
STU_013100,76.942507
STU_013101,76.942507
STU_013102,76.942507
STU_013103,76.942507
STU_013104,76.942507
STU_013105,76.942507
STU_013106,76.942507
STU_013107,76.942507
STU_013108,76.942507
STU_013109,76.942507
STU_013110,76.942507
STU_013111,76.942507
STU_013112,76.942507
STU_013113,76.942507
STU_013114,76.942507
STU_013115,76.942507
STU_013116,76.942507
STU_013117,76.942507
STU_013118,76.942507
STU_013119,76.942507
STU_013120,76.942507
STU_013121,76.942507
STU_013122,76.942507
STU_013123,76.942507
STU_013124,76.942507
STU_013125,76.942507
STU_013126,76.942507
STU_013127,76.942507
STU_013128,76.942507
STU_013129,76.942507
STU_013130,76.942507
STU_013131,76.942507
STU_013132,76.942507
STU_013133,76.942507
STU_013134,76.942507
STU_013135,76.942507
STU_013136,76.942507
STU_013137,76.942507
STU_013138,76.942507
STU_013139,76.942507
STU_013140,76.942507
STU_013141,76.942507
STU_013142,76.942507
STU_013143,76.942507
STU_013144,76.942507
STU_013145,76.942507
STU_013146,76.942507
STU_013147,76.942507
STU_013148,76.942507
STU_013149,76.942507
STU_013150,76.942507
STU_013151,76.942507
STU_013152,76.942507
STU_013153,76.942507
STU_013154,76.942507
STU_013155,76.942507
STU_013156,76.942507
STU_013157,76.942507
STU_013158,76.942507
STU_013159,76.942507
STU_013160,76.942507
STU_013161,76.942507
STU_013162,76.942507
STU_013163,76.942507
STU_013164,76.942507
STU_013165,76.942507
STU_013166,76.942507
STU_013167,76.942507
STU_013168,76.942507
STU_013169,76.942507
STU_013170,76.942507
STU_013171,76.942507
STU_013172,76.942507
STU_013173,76.942507
STU_013174,76.942507
STU_013175,76.942507
STU_013176,76.942507
STU_013177,76.942507
STU_013178,76.942507
STU_013179,76.942507
STU_013180,76.942507
STU_013181,76.942507
STU_013182,76.942507
STU_013183,76.942507
STU_013184,76.942507
STU_013185,76.942507
STU_013186,76.942507
STU_013187,76.942507
STU_013188,76.942507
STU_013189,76.942507
STU_013190,76.942507
STU_013191,76.942507
STU_013192,76.942507
STU_013193,76.942507
STU_013194,76.942507
STU_013195,76.942507
STU_013196,76.942507
STU_013197,76.942507
STU_013198,76.942507
STU_013199,76.942507
STU_013200,76.942507
STU_013201,76.942507
STU_013202,76.942507
STU_013203,76.942507
STU_013204,76.942507
STU_013205,76.942507
STU_013206,76.942507
STU_013207,76.942507
STU_013208,76.942507
STU_013209,76.942507
STU_013210,76.942507
STU_013211,76.942507
STU_013212,76.942507
STU_013213,76.942507
STU_013214,76.942507
STU_013215,76.942507
STU_013216,76.942507
STU_013217,76.942507
STU_013218,76.942507
STU_013219,76.942507
STU_013220,76.942507
STU_013221,76.942507
STU_013222,76.942507
STU_013223,76.942507
STU_013224,76.942507
STU_013225,76.942507
STU_013226,76.942507
STU_013227,76.942507
STU_013228,76.942507
STU_013229,76.942507
STU_013230,76.942507
STU_013231,76.942507
STU_013232,76.942507
STU_013233,76.942507
STU_013234,76.942507
STU_013235,76.942507
STU_013236,76.942507
STU_013237,76.942507
STU_013238,76.942507
STU_013239,76.942507
STU_013240,76.942507
STU_013241,76.942507
STU_013242,76.942507
STU_013243,76.942507
STU_013244,76.942507
STU_013245,76.942507
STU_013246,76.942507
STU_013247,76.942507
STU_013248,76.942507
STU_013249,76.942507
STU_013250,76.942507
STU_013251,76.942507
STU_013252,76.942507
STU_013253,76.942507
STU_013254,76.942507
STU_013255,76.942507
STU_013256,76.942507
STU_013257,76.942507
STU_013258,76.942507
STU_013259,76.942507
STU_013260,76.942507
STU_013261,76.942507
STU_013262,76.942507
STU_013263,76.942507
STU_013264,76.942507
STU_013265,76.942507
STU_013266,76.942507
STU_013267,76.942507
STU_013268,76.942507
STU_013269,76.942507
STU_013270,76.942507
STU_013271,76.942507
STU_013272,76.942507
STU_013273,76.942507
STU_013274,76.942507
STU_013275,76.942507
STU_013276,76.942507
STU_013277,76.942507
STU_013278,76.942507
STU_013279,76.942507
STU_013280,76.942507
STU_013281,76.942507
STU_013282,76.942507
STU_013283,76.942507
STU_013284,76.942507
STU_013285,76.942507
STU_013286,76.942507
STU_013287,76.942507
STU_013288,76.942507
STU_013289,76.942507
STU_013290,76.942507
STU_013291,76.942507
STU_013292,76.942507
STU_013293,76.942507
STU_013294,76.942507
STU_013295,76.942507
STU_013296,76.942507
STU_013297,76.942507
STU_013298,76.942507
STU_013299,76.942507
STU_013300,76.942507
STU_013301,76.942507
STU_013302,76.942507
STU_013303,76.942507
STU_013304,76.942507
STU_013305,76.942507
STU_013306,76.942507
STU_013307,76.942507
STU_013308,76.942507
STU_013309,76.942507
STU_013310,76.942507
STU_013311,76.942507
STU_013312,76.942507
STU_013313,76.942507
STU_013314,76.942507
STU_013315,76.942507
STU_013316,76.942507
STU_013317,76.942507
STU_013318,76.942507
STU_013319,76.942507
STU_013320,76.942507
STU_013321,76.942507
STU_013322,76.942507
STU_013323,76.942507
STU_013324,76.942507
STU_013325,76.942507
STU_013326,76.942507
STU_013327,76.942507
STU_013328,76.942507
STU_013329,76.942507
STU_013330,76.942507
STU_013331,76.942507
STU_013332,76.942507
STU_013333,76.942507
STU_013334,76.942507
STU_013335,76.942507
STU_013336,76.942507
STU_013337,76.942507
STU_013338,76.942507
STU_013339,76.942507
STU_013340,76.942507
STU_013341,76.942507
STU_013342,76.942507
STU_013343,76.942507
STU_013344,76.942507
STU_013345,76.942507
STU_013346,76.942507
STU_013347,76.942507
STU_013348,76.942507
STU_013349,76.942507
STU_013350,76.942507
STU_013351,76.942507
STU_013352,76.942507
STU_013353,76.942507
STU_013354,76.942507
STU_013355,76.942507
STU_013356,76.942507
STU_013357,76.942507
STU_013358,76.942507
STU_013359,76.942507
STU_013360,76.942507
STU_013361,76.942507
STU_013362,76.942507
STU_013363,76.942507
STU_013364,76.942507
STU_013365,76.942507
STU_013366,76.942507
STU_013367,76.942507
STU_013368,76.942507
STU_013369,76.942507
STU_013370,76.942507
STU_013371,76.942507
STU_013372,76.942507
STU_013373,76.942507
STU_013374,76.942507
STU_013375,76.942507
STU_013376,76.942507
STU_013377,76.942507
STU_013378,76.942507
STU_013379,76.942507
STU_013380,76.942507
STU_013381,76.942507
STU_013382,76.942507
STU_013383,76.942507
STU_013384,76.942507
STU_013385,76.942507
STU_013386,76.942507
STU_013387,76.942507
STU_013388,76.942507
STU_013389,76.942507
STU_013390,76.942507
STU_013391,76.942507
STU_013392,76.942507
STU_013393,76.942507
STU_013394,76.942507
STU_013395,76.942507
STU_013396,76.942507
STU_013397,76.942507
STU_013398,76.942507
STU_013399,76.942507
STU_013400,76.942507
STU_013401,76.942507
STU_013402,76.942507
STU_013403,76.942507
STU_013404,76.942507
STU_013405,76.942507
STU_013406,76.942507
STU_013407,76.942507
STU_013408,76.942507
STU_013409,76.942507
STU_013410,76.942507
STU_013411,76.942507
STU_013412,76.942507
STU_013413,76.942507
STU_013414,76.942507
STU_013415,76.942507
STU_013416,76.942507
STU_013417,76.942507
STU_013418,76.942507
STU_013419,76.942507
STU_013420,76.942507
STU_013421,76.942507
STU_013422,76.942507
STU_013423,76.942507
STU_013424,76.942507
STU_013425,76.942507
STU_013426,76.942507
STU_013427,76.942507
STU_013428,76.942507
STU_013429,76.942507
STU_013430,76.942507
STU_013431,76.942507
STU_013432,76.942507
STU_013433,76.942507
STU_013434,76.942507
STU_013435,76.942507
STU_013436,76.942507
STU_013437,76.942507
STU_013438,76.942507
STU_013439,76.942507
STU_013440,76.942507
STU_013441,76.942507
STU_013442,76.942507
STU_013443,76.942507
STU_013444,76.942507
STU_013445,76.942507
STU_013446,76.942507
STU_013447,76.942507
STU_013448,76.942507
STU_013449,76.942507
STU_013450,76.942507
STU_013451,76.942507
STU_013452,76.942507
STU_013453,76.942507
STU_013454,76.942507
STU_013455,76.942507
STU_013456,76.942507
STU_013457,76.942507
STU_013458,76.942507
STU_013459,76.942507
STU_013460,76.942507
STU_013461,76.942507
STU_013462,76.942507
STU_013463,76.942507
STU_013464,76.942507
STU_013465,76.942507
STU_013466,76.942507
STU_013467,76.942507
STU_013468,76.942507
STU_013469,76.942507
STU_013470,76.942507
STU_013471,76.942507
STU_013472,76.942507
STU_013473,76.942507
STU_013474,76.942507
STU_013475,76.942507
STU_013476,76.942507
STU_013477,76.942507
STU_013478,76.942507
STU_013479,76.942507
STU_013480,76.942507
STU_013481,76.942507
STU_013482,76.942507
STU_013483,76.942507
STU_013484,76.942507
STU_013485,76.942507
STU_013486,76.942507
STU_013487,76.942507
STU_013488,76.942507
STU_013489,76.942507
STU_013490,76.942507
STU_013491,76.942507
STU_013492,76.942507
STU_013493,76.942507
STU_013494,76.942507
STU_013495,76.942507
STU_013496,76.942507
STU_013497,76.942507
STU_013498,76.942507
STU_013499,76.942507
STU_013500,76.942507
STU_013501,76.942507
STU_013502,76.942507
STU_013503,76.942507
STU_013504,76.942507
STU_013505,76.942507
STU_013506,76.942507
STU_013507,76.942507
STU_013508,76.942507
STU_013509,76.942507
STU_013510,76.942507
STU_013511,76.942507
STU_013512,76.942507
STU_013513,76.942507
STU_013514,76.942507
STU_013515,76.942507
STU_013516,76.942507
STU_013517,76.942507
STU_013518,76.942507
STU_013519,76.942507
STU_013520,76.942507
STU_013521,76.942507
STU_013522,76.942507
STU_013523,76.942507
STU_013524,76.942507
STU_013525,76.942507
STU_013526,76.942507
STU_013527,76.942507
STU_013528,76.942507
STU_013529,76.942507
STU_013530,76.942507
STU_013531,76.942507
STU_013532,76.942507
STU_013533,76.942507
STU_013534,76.942507
STU_013535,76.942507
STU_013536,76.942507
STU_013537,76.942507
STU_013538,76.942507
STU_013539,76.942507
STU_013540,76.942507
STU_013541,76.942507
STU_013542,76.942507
STU_013543,76.942507
STU_013544,76.942507
STU_013545,76.942507
STU_013546,76.942507
STU_013547,76.942507
STU_013548,76.942507
STU_013549,76.942507
STU_013550,76.942507
STU_013551,76.942507
STU_013552,76.942507
STU_013553,76.942507
STU_013554,76.942507
STU_013555,76.942507
STU_013556,76.942507
STU_013557,76.942507
STU_013558,76.942507
STU_013559,76.942507
STU_013560,76.942507
STU_013561,76.942507
STU_013562,76.942507
STU_013563,76.942507
STU_013564,76.942507
STU_013565,76.942507
STU_013566,76.942507
STU_013567,76.942507
STU_013568,76.942507
STU_013569,76.942507
STU_013570,76.942507
STU_013571,76.942507
STU_013572,76.942507
STU_013573,76.942507
STU_013574,76.942507
STU_013575,76.942507
STU_013576,76.942507
STU_013577,76.942507
STU_013578,76.942507
STU_013579,76.942507
STU_013580,76.942507
STU_013581,76.942507
STU_013582,76.942507
STU_013583,76.942507
STU_013584,76.942507
STU_013585,76.942507
STU_013586,76.942507
STU_013587,76.942507
STU_013588,76.942507
STU_013589,76.942507
STU_013590,76.942507
STU_013591,76.942507
STU_013592,76.942507
STU_013593,76.942507
STU_013594,76.942507
STU_013595,76.942507
STU_013596,76.942507
STU_013597,76.942507
STU_013598,76.942507
STU_013599,76.942507
STU_013600,76.942507
STU_013601,76.942507
STU_013602,76.942507
STU_013603,76.942507
STU_013604,76.942507
STU_013605,76.942507
STU_013606,76.942507
STU_013607,76.942507
STU_013608,76.942507
STU_013609,76.942507
STU_013610,76.942507
STU_013611,76.942507
STU_013612,76.942507
STU_013613,76.942507
STU_013614,76.942507
STU_013615,76.942507
STU_013616,76.942507
STU_013617,76.942507
STU_013618,76.942507
STU_013619,76.942507
STU_013620,76.942507
STU_013621,76.942507
STU_013622,76.942507
STU_013623,76.942507
STU_013624,76.942507
STU_013625,76.942507
STU_013626,76.942507
STU_013627,76.942507
STU_013628,76.942507
STU_013629,76.942507
STU_013630,76.942507
STU_013631,76.942507
STU_013632,76.942507
STU_013633,76.942507
STU_013634,76.942507
STU_013635,76.942507
STU_013636,76.942507
STU_013637,76.942507
STU_013638,76.942507
STU_013639,76.942507
STU_013640,76.942507
STU_013641,76.942507
STU_013642,76.942507
STU_013643,76.942507
STU_013644,76.942507
STU_013645,76.942507
STU_013646,76.942507
STU_013647,76.942507
STU_013648,76.942507
STU_013649,76.942507
STU_013650,76.942507
STU_013651,76.942507
STU_013652,76.942507
STU_013653,76.942507
STU_013654,76.942507
STU_013655,76.942507
STU_013656,76.942507
STU_013657,76.942507
STU_013658,76.942507
STU_013659,76.942507
STU_013660,76.942507
STU_013661,76.942507
STU_013662,76.942507
STU_013663,76.942507
STU_013664,76.942507
STU_013665,76.942507
STU_013666,76.942507
STU_013667,76.942507
STU_013668,76.942507
STU_013669,76.942507
STU_013670,76.942507
STU_013671,76.942507
STU_013672,76.942507
STU_013673,76.942507
STU_013674,76.942507
STU_013675,76.942507
STU_013676,76.942507
STU_013677,76.942507
STU_013678,76.942507
STU_013679,76.942507
STU_013680,76.942507
STU_013681,76.942507
STU_013682,76.942507
STU_013683,76.942507
STU_013684,76.942507
STU_013685,76.942507
STU_013686,76.942507
STU_013687,76.942507
STU_013688,76.942507
STU_013689,76.942507
STU_013690,76.942507
STU_013691,76.942507
STU_013692,76.942507
STU_013693,76.942507
STU_013694,76.942507
STU_013695,76.942507
STU_013696,76.942507
STU_013697,76.942507
STU_013698,76.942507
STU_013699,76.942507
STU_013700,76.942507
STU_013701,76.942507
STU_013702,76.942507
STU_013703,76.942507
STU_013704,76.942507
STU_013705,76.942507
STU_013706,76.942507
STU_013707,76.942507
STU_013708,76.942507
STU_013709,76.942507
STU_013710,76.942507
STU_013711,76.942507
STU_013712,76.942507
STU_013713,76.942507
STU_013714,76.942507
STU_013715,76.942507
STU_013716,76.942507
STU_013717,76.942507
STU_013718,76.942507
STU_013719,76.942507
STU_013720,76.942507
STU_013721,76.942507
STU_013722,76.942507
STU_013723,76.942507
STU_013724,76.942507
STU_013725,76.942507
STU_013726,76.942507
STU_013727,76.942507
STU_013728,76.942507
STU_013729,76.942507
STU_013730,76.942507
STU_013731,76.942507
STU_013732,76.942507
STU_013733,76.942507
STU_013734,76.942507
STU_013735,76.942507
STU_013736,76.942507
STU_013737,76.942507
STU_013738,76.942507
STU_013739,76.942507
STU_013740,76.942507
STU_013741,76.942507
STU_013742,76.942507
STU_013743,76.942507
STU_013744,76.942507
STU_013745,76.942507
STU_013746,76.942507
STU_013747,76.942507
STU_013748,76.942507
STU_013749,76.942507
STU_013750,76.942507
STU_013751,76.942507
STU_013752,76.942507
STU_013753,76.942507
STU_013754,76.942507
STU_013755,76.942507
STU_013756,76.942507
STU_013757,76.942507
STU_013758,76.942507
STU_013759,76.942507
STU_013760,76.942507
STU_013761,76.942507
STU_013762,76.942507
STU_013763,76.942507
STU_013764,76.942507
STU_013765,76.942507
STU_013766,76.942507
STU_013767,76.942507
STU_013768,76.942507
STU_013769,76.942507
STU_013770,76.942507
STU_013771,76.942507
STU_013772,76.942507
STU_013773,76.942507
STU_013774,76.942507
STU_013775,76.942507
STU_013776,76.942507
STU_013777,76.942507
STU_013778,76.942507
STU_013779,76.942507
STU_013780,76.942507
STU_013781,76.942507
STU_013782,76.942507
STU_013783,76.942507
STU_013784,76.942507
STU_013785,76.942507
STU_013786,76.942507
STU_013787,76.942507
STU_013788,76.942507
STU_013789,76.942507
STU_013790,76.942507
STU_013791,76.942507
STU_013792,76.942507
STU_013793,76.942507
STU_013794,76.942507
STU_013795,76.942507
STU_013796,76.942507
STU_013797,76.942507
STU_013798,76.942507
STU_013799,76.942507
STU_013800,76.942507
STU_013801,76.942507
STU_013802,76.942507
STU_013803,76.942507
STU_013804,76.942507
STU_013805,76.942507
STU_013806,76.942507
STU_013807,76.942507
STU_013808,76.942507
STU_013809,76.942507
STU_013810,76.942507
STU_013811,76.942507
STU_013812,76.942507
STU_013813,76.942507
STU_013814,76.942507
STU_013815,76.942507
STU_013816,76.942507
STU_013817,76.942507
STU_013818,76.942507
STU_013819,76.942507
STU_013820,76.942507
STU_013821,76.942507
STU_013822,76.942507
STU_013823,76.942507
STU_013824,76.942507
STU_013825,76.942507
STU_013826,76.942507
STU_013827,76.942507
STU_013828,76.942507
STU_013829,76.942507
STU_013830,76.942507
STU_013831,76.942507
STU_013832,76.942507
STU_013833,76.942507
STU_013834,76.942507
STU_013835,76.942507
STU_013836,76.942507
STU_013837,76.942507
STU_013838,76.942507
STU_013839,76.942507
STU_013840,76.942507
STU_013841,76.942507
STU_013842,76.942507
STU_013843,76.942507
STU_013844,76.942507
STU_013845,76.942507
STU_013846,76.942507
STU_013847,76.942507
STU_013848,76.942507
STU_013849,76.942507
STU_013850,76.942507
STU_013851,76.942507
STU_013852,76.942507
STU_013853,76.942507
STU_013854,76.942507
STU_013855,76.942507
STU_013856,76.942507
STU_013857,76.942507
STU_013858,76.942507
STU_013859,76.942507
STU_013860,76.942507
STU_013861,76.942507
STU_013862,76.942507
STU_013863,76.942507
STU_013864,76.942507
STU_013865,76.942507
STU_013866,76.942507
STU_013867,76.942507
STU_013868,76.942507
STU_013869,76.942507
STU_013870,76.942507
STU_013871,76.942507
STU_013872,76.942507
STU_013873,76.942507
STU_013874,76.942507
STU_013875,76.942507
STU_013876,76.942507
STU_013877,76.942507
STU_013878,76.942507
STU_013879,76.942507
STU_013880,76.942507
STU_013881,76.942507
STU_013882,76.942507
STU_013883,76.942507
STU_013884,76.942507
STU_013885,76.942507
STU_013886,76.942507
STU_013887,76.942507
STU_013888,76.942507
STU_013889,76.942507
STU_013890,76.942507
STU_013891,76.942507
STU_013892,76.942507
STU_013893,76.942507
STU_013894,76.942507
STU_013895,76.942507
STU_013896,76.942507
STU_013897,76.942507
STU_013898,76.942507
STU_013899,76.942507
STU_013900,76.942507
STU_013901,76.942507
STU_013902,76.942507
STU_013903,76.942507
STU_013904,76.942507
STU_013905,76.942507
STU_013906,76.942507
STU_013907,76.942507
STU_013908,76.942507
STU_013909,76.942507
STU_013910,76.942507
STU_013911,76.942507
STU_013912,76.942507
STU_013913,76.942507
STU_013914,76.942507
STU_013915,76.942507
STU_013916,76.942507
STU_013917,76.942507
STU_013918,76.942507
STU_013919,76.942507
STU_013920,76.942507
STU_013921,76.942507
STU_013922,76.942507
STU_013923,76.942507
STU_013924,76.942507
STU_013925,76.942507
STU_013926,76.942507
STU_013927,76.942507
STU_013928,76.942507
STU_013929,76.942507
STU_013930,76.942507
STU_013931,76.942507
STU_013932,76.942507
STU_013933,76.942507
STU_013934,76.942507
STU_013935,76.942507
STU_013936,76.942507
STU_013937,76.942507
STU_013938,76.942507
STU_013939,76.942507
STU_013940,76.942507
STU_013941,76.942507
STU_013942,76.942507
STU_013943,76.942507
STU_013944,76.942507
STU_013945,76.942507
STU_013946,76.942507
STU_013947,76.942507
STU_013948,76.942507
STU_013949,76.942507
STU_013950,76.942507
STU_013951,76.942507
STU_013952,76.942507
STU_013953,76.942507
STU_013954,76.942507
STU_013955,76.942507
STU_013956,76.942507
STU_013957,76.942507
STU_013958,76.942507
STU_013959,76.942507
STU_013960,76.942507
STU_013961,76.942507
STU_013962,76.942507
STU_013963,76.942507
STU_013964,76.942507
STU_013965,76.942507
STU_013966,76.942507
STU_013967,76.942507
STU_013968,76.942507
STU_013969,76.942507
STU_013970,76.942507
STU_013971,76.942507
STU_013972,76.942507
STU_013973,76.942507
STU_013974,76.942507
STU_013975,76.942507
STU_013976,76.942507
STU_013977,76.942507
STU_013978,76.942507
STU_013979,76.942507
STU_013980,76.942507
STU_013981,76.942507
STU_013982,76.942507
STU_013983,76.942507
STU_013984,76.942507
STU_013985,76.942507
STU_013986,76.942507
STU_013987,76.942507
STU_013988,76.942507
STU_013989,76.942507
STU_013990,76.942507
STU_013991,76.942507
STU_013992,76.942507
STU_013993,76.942507
STU_013994,76.942507
STU_013995,76.942507
STU_013996,76.942507
STU_013997,76.942507
STU_013998,76.942507
STU_013999,76.942507
STU_014000,76.942507
STU_014001,76.942507
STU_014002,76.942507
STU_014003,76.942507
STU_014004,76.942507
STU_014005,76.942507
STU_014006,76.942507
STU_014007,76.942507
STU_014008,76.942507
STU_014009,76.942507
STU_014010,76.942507
STU_014011,76.942507
STU_014012,76.942507
STU_014013,76.942507
STU_014014,76.942507
STU_014015,76.942507
STU_014016,76.942507
STU_014017,76.942507
STU_014018,76.942507
STU_014019,76.942507
STU_014020,76.942507
STU_014021,76.942507
STU_014022,76.942507
STU_014023,76.942507
STU_014024,76.942507
STU_014025,76.942507
STU_014026,76.942507
STU_014027,76.942507
STU_014028,76.942507
STU_014029,76.942507
STU_014030,76.942507
STU_014031,76.942507
STU_014032,76.942507
STU_014033,76.942507
STU_014034,76.942507
STU_014035,76.942507
STU_014036,76.942507
STU_014037,76.942507
STU_014038,76.942507
STU_014039,76.942507
STU_014040,76.942507
STU_014041,76.942507
STU_014042,76.942507
STU_014043,76.942507
STU_014044,76.942507
STU_014045,76.942507
STU_014046,76.942507
STU_014047,76.942507
STU_014048,76.942507
STU_014049,76.942507
STU_014050,76.942507
STU_014051,76.942507
STU_014052,76.942507
STU_014053,76.942507
STU_014054,76.942507
STU_014055,76.942507
STU_014056,76.942507
STU_014057,76.942507
STU_014058,76.942507
STU_014059,76.942507
STU_014060,76.942507
STU_014061,76.942507
STU_014062,76.942507
STU_014063,76.942507
STU_014064,76.942507
STU_014065,76.942507
STU_014066,76.942507
STU_014067,76.942507
STU_014068,76.942507
STU_014069,76.942507
STU_014070,76.942507
STU_014071,76.942507
STU_014072,76.942507
STU_014073,76.942507
STU_014074,76.942507
STU_014075,76.942507
STU_014076,76.942507
STU_014077,76.942507
STU_014078,76.942507
STU_014079,76.942507
STU_014080,76.942507
STU_014081,76.942507
STU_014082,76.942507
STU_014083,76.942507
STU_014084,76.942507
STU_014085,76.942507
STU_014086,76.942507
STU_014087,76.942507
STU_014088,76.942507
STU_014089,76.942507
STU_014090,76.942507
STU_014091,76.942507
STU_014092,76.942507
STU_014093,76.942507
STU_014094,76.942507
STU_014095,76.942507
STU_014096,76.942507
STU_014097,76.942507
STU_014098,76.942507
STU_014099,76.942507
STU_014100,76.942507
STU_014101,76.942507
STU_014102,76.942507
STU_014103,76.942507
STU_014104,76.942507
STU_014105,76.942507
STU_014106,76.942507
STU_014107,76.942507
STU_014108,76.942507
STU_014109,76.942507
STU_014110,76.942507
STU_014111,76.942507
STU_014112,76.942507
STU_014113,76.942507
STU_014114,76.942507
STU_014115,76.942507
STU_014116,76.942507
STU_014117,76.942507
STU_014118,76.942507
STU_014119,76.942507
STU_014120,76.942507
STU_014121,76.942507
STU_014122,76.942507
STU_014123,76.942507
STU_014124,76.942507
STU_014125,76.942507
STU_014126,76.942507
STU_014127,76.942507
STU_014128,76.942507
STU_014129,76.942507
STU_014130,76.942507
STU_014131,76.942507
STU_014132,76.942507
STU_014133,76.942507
STU_014134,76.942507
STU_014135,76.942507
STU_014136,76.942507
STU_014137,76.942507
STU_014138,76.942507
STU_014139,76.942507
STU_014140,76.942507
STU_014141,76.942507
STU_014142,76.942507
STU_014143,76.942507
STU_014144,76.942507
STU_014145,76.942507
STU_014146,76.942507
STU_014147,76.942507
STU_014148,76.942507
STU_014149,76.942507
STU_014150,76.942507
STU_014151,76.942507
STU_014152,76.942507
STU_014153,76.942507
STU_014154,76.942507
STU_014155,76.942507
STU_014156,76.942507
STU_014157,76.942507
STU_014158,76.942507
STU_014159,76.942507
STU_014160,76.942507
STU_014161,76.942507
STU_014162,76.942507
STU_014163,76.942507
STU_014164,76.942507
STU_014165,76.942507
STU_014166,76.942507
STU_014167,76.942507
STU_014168,76.942507
STU_014169,76.942507
STU_014170,76.942507
STU_014171,76.942507
STU_014172,76.942507
STU_014173,76.942507
STU_014174,76.942507
STU_014175,76.942507
STU_014176,76.942507
STU_014177,76.942507
STU_014178,76.942507
STU_014179,76.942507
STU_014180,76.942507
STU_014181,76.942507
STU_014182,76.942507
STU_014183,76.942507
STU_014184,76.942507
STU_014185,76.942507
STU_014186,76.942507
STU_014187,76.942507
STU_014188,76.942507
STU_014189,76.942507
STU_014190,76.942507
STU_014191,76.942507
STU_014192,76.942507
STU_014193,76.942507
STU_014194,76.942507
STU_014195,76.942507
STU_014196,76.942507
STU_014197,76.942507
STU_014198,76.942507
STU_014199,76.942507
STU_014200,76.942507
STU_014201,76.942507
STU_014202,76.942507
STU_014203,76.942507
STU_014204,76.942507
STU_014205,76.942507
STU_014206,76.942507
STU_014207,76.942507
STU_014208,76.942507
STU_014209,76.942507
STU_014210,76.942507
STU_014211,76.942507
STU_014212,76.942507
STU_014213,76.942507
STU_014214,76.942507
STU_014215,76.942507
STU_014216,76.942507
STU_014217,76.942507
STU_014218,76.942507
STU_014219,76.942507
STU_014220,76.942507
STU_014221,76.942507
STU_014222,76.942507
STU_014223,76.942507
STU_014224,76.942507
STU_014225,76.942507
STU_014226,76.942507
STU_014227,76.942507
STU_014228,76.942507
STU_014229,76.942507
STU_014230,76.942507
STU_014231,76.942507
STU_014232,76.942507
STU_014233,76.942507
STU_014234,76.942507
STU_014235,76.942507
STU_014236,76.942507
STU_014237,76.942507
STU_014238,76.942507
STU_014239,76.942507
STU_014240,76.942507
STU_014241,76.942507
STU_014242,76.942507
STU_014243,76.942507
STU_014244,76.942507
STU_014245,76.942507
STU_014246,76.942507
STU_014247,76.942507
STU_014248,76.942507
STU_014249,76.942507
STU_014250,76.942507
STU_014251,76.942507
STU_014252,76.942507
STU_014253,76.942507
STU_014254,76.942507
STU_014255,76.942507
STU_014256,76.942507
STU_014257,76.942507
STU_014258,76.942507
STU_014259,76.942507
STU_014260,76.942507
STU_014261,76.942507
STU_014262,76.942507
STU_014263,76.942507
STU_014264,76.942507
STU_014265,76.942507
STU_014266,76.942507
STU_014267,76.942507
STU_014268,76.942507
STU_014269,76.942507
STU_014270,76.942507
STU_014271,76.942507
STU_014272,76.942507
STU_014273,76.942507
STU_014274,76.942507
STU_014275,76.942507
STU_014276,76.942507
STU_014277,76.942507
STU_014278,76.942507
STU_014279,76.942507
STU_014280,76.942507
STU_014281,76.942507
STU_014282,76.942507
STU_014283,76.942507
STU_014284,76.942507
STU_014285,76.942507
STU_014286,76.942507
STU_014287,76.942507
STU_014288,76.942507
STU_014289,76.942507
STU_014290,76.942507
STU_014291,76.942507
STU_014292,76.942507
STU_014293,76.942507
STU_014294,76.942507
STU_014295,76.942507
STU_014296,76.942507
STU_014297,76.942507
STU_014298,76.942507
STU_014299,76.942507
STU_014300,76.942507
STU_014301,76.942507
STU_014302,76.942507
STU_014303,76.942507
STU_014304,76.942507
STU_014305,76.942507
STU_014306,76.942507
STU_014307,76.942507
STU_014308,76.942507
STU_014309,76.942507
STU_014310,76.942507
STU_014311,76.942507
STU_014312,76.942507
STU_014313,76.942507
STU_014314,76.942507
STU_014315,76.942507
STU_014316,76.942507
STU_014317,76.942507
STU_014318,76.942507
STU_014319,76.942507
STU_014320,76.942507
STU_014321,76.942507
STU_014322,76.942507
STU_014323,76.942507
STU_014324,76.942507
STU_014325,76.942507
STU_014326,76.942507
STU_014327,76.942507
STU_014328,76.942507
STU_014329,76.942507
STU_014330,76.942507
STU_014331,76.942507
STU_014332,76.942507
STU_014333,76.942507
STU_014334,76.942507
STU_014335,76.942507
STU_014336,76.942507
STU_014337,76.942507
STU_014338,76.942507
STU_014339,76.942507
STU_014340,76.942507
STU_014341,76.942507
STU_014342,76.942507
STU_014343,76.942507
STU_014344,76.942507
STU_014345,76.942507
STU_014346,76.942507
STU_014347,76.942507
STU_014348,76.942507
STU_014349,76.942507
STU_014350,76.942507
STU_014351,76.942507
STU_014352,76.942507
STU_014353,76.942507
STU_014354,76.942507
STU_014355,76.942507
STU_014356,76.942507
STU_014357,76.942507
STU_014358,76.942507
STU_014359,76.942507
STU_014360,76.942507
STU_014361,76.942507
STU_014362,76.942507
STU_014363,76.942507
STU_014364,76.942507
STU_014365,76.942507
STU_014366,76.942507
STU_014367,76.942507
STU_014368,76.942507
STU_014369,76.942507
STU_014370,76.942507
STU_014371,76.942507
STU_014372,76.942507
STU_014373,76.942507
STU_014374,76.942507
STU_014375,76.942507
STU_014376,76.942507
STU_014377,76.942507
STU_014378,76.942507
STU_014379,76.942507
STU_014380,76.942507
STU_014381,76.942507
STU_014382,76.942507
STU_014383,76.942507
STU_014384,76.942507
STU_014385,76.942507
STU_014386,76.942507
STU_014387,76.942507
STU_014388,76.942507
STU_014389,76.942507
STU_014390,76.942507
STU_014391,76.942507
STU_014392,76.942507
STU_014393,76.942507
STU_014394,76.942507
STU_014395,76.942507
STU_014396,76.942507
STU_014397,76.942507
STU_014398,76.942507
STU_014399,76.942507
STU_014400,76.942507
STU_014401,76.942507
STU_014402,76.942507
STU_014403,76.942507
STU_014404,76.942507
STU_014405,76.942507
STU_014406,76.942507
STU_014407,76.942507
STU_014408,76.942507
STU_014409,76.942507
STU_014410,76.942507
STU_014411,76.942507
STU_014412,76.942507
STU_014413,76.942507
STU_014414,76.942507
STU_014415,76.942507
STU_014416,76.942507
STU_014417,76.942507
STU_014418,76.942507
STU_014419,76.942507
STU_014420,76.942507
STU_014421,76.942507
STU_014422,76.942507
STU_014423,76.942507
STU_014424,76.942507
STU_014425,76.942507
STU_014426,76.942507
STU_014427,76.942507
STU_014428,76.942507
STU_014429,76.942507
STU_014430,76.942507
STU_014431,76.942507
STU_014432,76.942507
STU_014433,76.942507
STU_014434,76.942507
STU_014435,76.942507
STU_014436,76.942507
STU_014437,76.942507
STU_014438,76.942507
STU_014439,76.942507
STU_014440,76.942507
STU_014441,76.942507
STU_014442,76.942507
STU_014443,76.942507
STU_014444,76.942507
STU_014445,76.942507
STU_014446,76.942507
STU_014447,76.942507
STU_014448,76.942507
STU_014449,76.942507
STU_014450,76.942507
STU_014451,76.942507
STU_014452,76.942507
STU_014453,76.942507
STU_014454,76.942507
STU_014455,76.942507
STU_014456,76.942507
STU_014457,76.942507
STU_014458,76.942507
STU_014459,76.942507
STU_014460,76.942507
STU_014461,76.942507
STU_014462,76.942507
STU_014463,76.942507
STU_014464,76.942507
STU_014465,76.942507
STU_014466,76.942507
STU_014467,76.942507
STU_014468,76.942507
STU_014469,76.942507
STU_014470,76.942507
STU_014471,76.942507
STU_014472,76.942507
STU_014473,76.942507
STU_014474,76.942507
STU_014475,76.942507
STU_014476,76.942507
STU_014477,76.942507
STU_014478,76.942507
STU_014479,76.942507
STU_014480,76.942507
STU_014481,76.942507
STU_014482,76.942507
STU_014483,76.942507
STU_014484,76.942507
STU_014485,76.942507
STU_014486,76.942507
STU_014487,76.942507
STU_014488,76.942507
STU_014489,76.942507
STU_014490,76.942507
STU_014491,76.942507
STU_014492,76.942507
STU_014493,76.942507
STU_014494,76.942507
STU_014495,76.942507
STU_014496,76.942507
STU_014497,76.942507
STU_014498,76.942507
STU_014499,76.942507
STU_014500,76.942507
STU_014501,76.942507
STU_014502,76.942507
STU_014503,76.942507
STU_014504,76.942507
STU_014505,76.942507
STU_014506,76.942507
STU_014507,76.942507
STU_014508,76.942507
STU_014509,76.942507
STU_014510,76.942507
STU_014511,76.942507
STU_014512,76.942507
STU_014513,76.942507
STU_014514,76.942507
STU_014515,76.942507
STU_014516,76.942507
STU_014517,76.942507
STU_014518,76.942507
STU_014519,76.942507
STU_014520,76.942507
STU_014521,76.942507
STU_014522,76.942507
STU_014523,76.942507
STU_014524,76.942507
STU_014525,76.942507
STU_014526,76.942507
STU_014527,76.942507
STU_014528,76.942507
STU_014529,76.942507
STU_014530,76.942507
STU_014531,76.942507
STU_014532,76.942507
STU_014533,76.942507
STU_014534,76.942507
STU_014535,76.942507
STU_014536,76.942507
STU_014537,76.942507
STU_014538,76.942507
STU_014539,76.942507
STU_014540,76.942507
STU_014541,76.942507
STU_014542,76.942507
STU_014543,76.942507
STU_014544,76.942507
STU_014545,76.942507
STU_014546,76.942507
STU_014547,76.942507
STU_014548,76.942507
STU_014549,76.942507
STU_014550,76.942507
STU_014551,76.942507
STU_014552,76.942507
STU_014553,76.942507
STU_014554,76.942507
STU_014555,76.942507
STU_014556,76.942507
STU_014557,76.942507
STU_014558,76.942507
STU_014559,76.942507
STU_014560,76.942507
STU_014561,76.942507
STU_014562,76.942507
STU_014563,76.942507
STU_014564,76.942507
STU_014565,76.942507
STU_014566,76.942507
STU_014567,76.942507
STU_014568,76.942507
STU_014569,76.942507
STU_014570,76.942507
STU_014571,76.942507
STU_014572,76.942507
STU_014573,76.942507
STU_014574,76.942507
STU_014575,76.942507
STU_014576,76.942507
STU_014577,76.942507
STU_014578,76.942507
STU_014579,76.942507
STU_014580,76.942507
STU_014581,76.942507
STU_014582,76.942507
STU_014583,76.942507
STU_014584,76.942507
STU_014585,76.942507
STU_014586,76.942507
STU_014587,76.942507
STU_014588,76.942507
STU_014589,76.942507
STU_014590,76.942507
STU_014591,76.942507
STU_014592,76.942507
STU_014593,76.942507
STU_014594,76.942507
STU_014595,76.942507
STU_014596,76.942507
STU_014597,76.942507
STU_014598,76.942507
STU_014599,76.942507
STU_014600,76.942507
STU_014601,76.942507
STU_014602,76.942507
STU_014603,76.942507
STU_014604,76.942507
STU_014605,76.942507
STU_014606,76.942507
STU_014607,76.942507
STU_014608,76.942507
STU_014609,76.942507
STU_014610,76.942507
STU_014611,76.942507
STU_014612,76.942507
STU_014613,76.942507
STU_014614,76.942507
STU_014615,76.942507
STU_014616,76.942507
STU_014617,76.942507
STU_014618,76.942507
STU_014619,76.942507
STU_014620,76.942507
STU_014621,76.942507
STU_014622,76.942507
STU_014623,76.942507
STU_014624,76.942507
STU_014625,76.942507
STU_014626,76.942507
STU_014627,76.942507
STU_014628,76.942507
STU_014629,76.942507
STU_014630,76.942507
STU_014631,76.942507
STU_014632,76.942507
STU_014633,76.942507
STU_014634,76.942507
STU_014635,76.942507
STU_014636,76.942507
STU_014637,76.942507
STU_014638,76.942507
STU_014639,76.942507
STU_014640,76.942507
STU_014641,76.942507
STU_014642,76.942507
STU_014643,76.942507
STU_014644,76.942507
STU_014645,76.942507
STU_014646,76.942507
STU_014647,76.942507
STU_014648,76.942507
STU_014649,76.942507
STU_014650,76.942507
STU_014651,76.942507
STU_014652,76.942507
STU_014653,76.942507
STU_014654,76.942507
STU_014655,76.942507
STU_014656,76.942507
STU_014657,76.942507
STU_014658,76.942507
STU_014659,76.942507
STU_014660,76.942507
STU_014661,76.942507
STU_014662,76.942507
STU_014663,76.942507
STU_014664,76.942507
STU_014665,76.942507
STU_014666,76.942507
STU_014667,76.942507
STU_014668,76.942507
STU_014669,76.942507
STU_014670,76.942507
STU_014671,76.942507
STU_014672,76.942507
STU_014673,76.942507
STU_014674,76.942507
STU_014675,76.942507
STU_014676,76.942507
STU_014677,76.942507
STU_014678,76.942507
STU_014679,76.942507
STU_014680,76.942507
STU_014681,76.942507
STU_014682,76.942507
STU_014683,76.942507
STU_014684,76.942507
STU_014685,76.942507
STU_014686,76.942507
STU_014687,76.942507
STU_014688,76.942507
STU_014689,76.942507
STU_014690,76.942507
STU_014691,76.942507
STU_014692,76.942507
STU_014693,76.942507
STU_014694,76.942507
STU_014695,76.942507
STU_014696,76.942507
STU_014697,76.942507
STU_014698,76.942507
STU_014699,76.942507
STU_014700,76.942507
STU_014701,76.942507
STU_014702,76.942507
STU_014703,76.942507
STU_014704,76.942507
STU_014705,76.942507
STU_014706,76.942507
STU_014707,76.942507
STU_014708,76.942507
STU_014709,76.942507
STU_014710,76.942507
STU_014711,76.942507
STU_014712,76.942507
STU_014713,76.942507
STU_014714,76.942507
STU_014715,76.942507
STU_014716,76.942507
STU_014717,76.942507
STU_014718,76.942507
STU_014719,76.942507
STU_014720,76.942507
STU_014721,76.942507
STU_014722,76.942507
STU_014723,76.942507
STU_014724,76.942507
STU_014725,76.942507
STU_014726,76.942507
STU_014727,76.942507
STU_014728,76.942507
STU_014729,76.942507
STU_014730,76.942507
STU_014731,76.942507
STU_014732,76.942507
STU_014733,76.942507
STU_014734,76.942507
STU_014735,76.942507
STU_014736,76.942507
STU_014737,76.942507
STU_014738,76.942507
STU_014739,76.942507
STU_014740,76.942507
STU_014741,76.942507
STU_014742,76.942507
STU_014743,76.942507
STU_014744,76.942507
STU_014745,76.942507
STU_014746,76.942507
STU_014747,76.942507
STU_014748,76.942507
STU_014749,76.942507
STU_014750,76.942507
STU_014751,76.942507
STU_014752,76.942507
STU_014753,76.942507
STU_014754,76.942507
STU_014755,76.942507
STU_014756,76.942507
STU_014757,76.942507
STU_014758,76.942507
STU_014759,76.942507
STU_014760,76.942507
STU_014761,76.942507
STU_014762,76.942507
STU_014763,76.942507
STU_014764,76.942507
STU_014765,76.942507
STU_014766,76.942507
STU_014767,76.942507
STU_014768,76.942507
STU_014769,76.942507
STU_014770,76.942507
STU_014771,76.942507
STU_014772,76.942507
STU_014773,76.942507
STU_014774,76.942507
STU_014775,76.942507
STU_014776,76.942507
STU_014777,76.942507
STU_014778,76.942507
STU_014779,76.942507
STU_014780,76.942507
STU_014781,76.942507
STU_014782,76.942507
STU_014783,76.942507
STU_014784,76.942507
STU_014785,76.942507
STU_014786,76.942507
STU_014787,76.942507
STU_014788,76.942507
STU_014789,76.942507
STU_014790,76.942507
STU_014791,76.942507
STU_014792,76.942507
STU_014793,76.942507
STU_014794,76.942507
STU_014795,76.942507
STU_014796,76.942507
STU_014797,76.942507
STU_014798,76.942507
STU_014799,76.942507
STU_014800,76.942507
STU_014801,76.942507
STU_014802,76.942507
STU_014803,76.942507
STU_014804,76.942507
STU_014805,76.942507
STU_014806,76.942507
STU_014807,76.942507
STU_014808,76.942507
STU_014809,76.942507
STU_014810,76.942507
STU_014811,76.942507
STU_014812,76.942507
STU_014813,76.942507
STU_014814,76.942507
STU_014815,76.942507
STU_014816,76.942507
STU_014817,76.942507
STU_014818,76.942507
STU_014819,76.942507
STU_014820,76.942507
STU_014821,76.942507
STU_014822,76.942507
STU_014823,76.942507
STU_014824,76.942507
STU_014825,76.942507
STU_014826,76.942507
STU_014827,76.942507
STU_014828,76.942507
STU_014829,76.942507
STU_014830,76.942507
STU_014831,76.942507
STU_014832,76.942507
STU_014833,76.942507
STU_014834,76.942507
STU_014835,76.942507
STU_014836,76.942507
STU_014837,76.942507
STU_014838,76.942507
STU_014839,76.942507
STU_014840,76.942507
STU_014841,76.942507
STU_014842,76.942507
STU_014843,76.942507
STU_014844,76.942507
STU_014845,76.942507
STU_014846,76.942507
STU_014847,76.942507
STU_014848,76.942507
STU_014849,76.942507
STU_014850,76.942507
STU_014851,76.942507
STU_014852,76.942507
STU_014853,76.942507
STU_014854,76.942507
STU_014855,76.942507
STU_014856,76.942507
STU_014857,76.942507
STU_014858,76.942507
STU_014859,76.942507
STU_014860,76.942507
STU_014861,76.942507
STU_014862,76.942507
STU_014863,76.942507
STU_014864,76.942507
STU_014865,76.942507
STU_014866,76.942507
STU_014867,76.942507
STU_014868,76.942507
STU_014869,76.942507
STU_014870,76.942507
STU_014871,76.942507
STU_014872,76.942507
STU_014873,76.942507
STU_014874,76.942507
STU_014875,76.942507
STU_014876,76.942507
STU_014877,76.942507
STU_014878,76.942507
STU_014879,76.942507
STU_014880,76.942507
STU_014881,76.942507
STU_014882,76.942507
STU_014883,76.942507
STU_014884,76.942507
STU_014885,76.942507
STU_014886,76.942507
STU_014887,76.942507
STU_014888,76.942507
STU_014889,76.942507
STU_014890,76.942507
STU_014891,76.942507
STU_014892,76.942507
STU_014893,76.942507
STU_014894,76.942507
STU_014895,76.942507
STU_014896,76.942507
STU_014897,76.942507
STU_014898,76.942507
STU_014899,76.942507
STU_014900,76.942507
STU_014901,76.942507
STU_014902,76.942507
STU_014903,76.942507
STU_014904,76.942507
STU_014905,76.942507
STU_014906,76.942507
STU_014907,76.942507
STU_014908,76.942507
STU_014909,76.942507
STU_014910,76.942507
STU_014911,76.942507
STU_014912,76.942507
STU_014913,76.942507
STU_014914,76.942507
STU_014915,76.942507
STU_014916,76.942507
STU_014917,76.942507
STU_014918,76.942507
STU_014919,76.942507
STU_014920,76.942507
STU_014921,76.942507
STU_014922,76.942507
STU_014923,76.942507
STU_014924,76.942507
STU_014925,76.942507
STU_014926,76.942507
STU_014927,76.942507
STU_014928,76.942507
STU_014929,76.942507
STU_014930,76.942507
STU_014931,76.942507
STU_014932,76.942507
STU_014933,76.942507
STU_014934,76.942507
STU_014935,76.942507
STU_014936,76.942507
STU_014937,76.942507
STU_014938,76.942507
STU_014939,76.942507
STU_014940,76.942507
STU_014941,76.942507
STU_014942,76.942507
STU_014943,76.942507
STU_014944,76.942507
STU_014945,76.942507
STU_014946,76.942507
STU_014947,76.942507
STU_014948,76.942507
STU_014949,76.942507
STU_014950,76.942507
STU_014951,76.942507
STU_014952,76.942507
STU_014953,76.942507
STU_014954,76.942507
STU_014955,76.942507
STU_014956,76.942507
STU_014957,76.942507
STU_014958,76.942507
STU_014959,76.942507
STU_014960,76.942507
STU_014961,76.942507
STU_014962,76.942507
STU_014963,76.942507
STU_014964,76.942507
STU_014965,76.942507
STU_014966,76.942507
STU_014967,76.942507
STU_014968,76.942507
STU_014969,76.942507
STU_014970,76.942507
STU_014971,76.942507
STU_014972,76.942507
STU_014973,76.942507
STU_014974,76.942507
STU_014975,76.942507
STU_014976,76.942507
STU_014977,76.942507
STU_014978,76.942507
STU_014979,76.942507
STU_014980,76.942507
STU_014981,76.942507
STU_014982,76.942507
STU_014983,76.942507
STU_014984,76.942507
STU_014985,76.942507
STU_014986,76.942507
STU_014987,76.942507
STU_014988,76.942507
STU_014989,76.942507
STU_014990,76.942507
STU_014991,76.942507
STU_014992,76.942507
STU_014993,76.942507
STU_014994,76.942507
STU_014995,76.942507
STU_014996,76.942507
STU_014997,76.942507
STU_014998,76.942507
STU_014999,76.942507
STU_015000,76.942507
STU_015001,76.942507
STU_015002,76.942507
STU_015003,76.942507
STU_015004,76.942507
STU_015005,76.942507
STU_015006,76.942507
STU_015007,76.942507
STU_015008,76.942507
STU_015009,76.942507
STU_015010,76.942507
STU_015011,76.942507
STU_015012,76.942507
STU_015013,76.942507
STU_015014,76.942507
STU_015015,76.942507
STU_015016,76.942507
STU_015017,76.942507
STU_015018,76.942507
STU_015019,76.942507
STU_015020,76.942507
STU_015021,76.942507
STU_015022,76.942507
STU_015023,76.942507
STU_015024,76.942507
STU_015025,76.942507
STU_015026,76.942507
STU_015027,76.942507
STU_015028,76.942507
STU_015029,76.942507
STU_015030,76.942507
STU_015031,76.942507
STU_015032,76.942507
STU_015033,76.942507
STU_015034,76.942507
STU_015035,76.942507
STU_015036,76.942507
STU_015037,76.942507
STU_015038,76.942507
STU_015039,76.942507
STU_015040,76.942507
STU_015041,76.942507
STU_015042,76.942507
STU_015043,76.942507
STU_015044,76.942507
STU_015045,76.942507
STU_015046,76.942507
STU_015047,76.942507
STU_015048,76.942507
STU_015049,76.942507
STU_015050,76.942507
STU_015051,76.942507
STU_015052,76.942507
STU_015053,76.942507
STU_015054,76.942507
STU_015055,76.942507
STU_015056,76.942507
STU_015057,76.942507
STU_015058,76.942507
STU_015059,76.942507
STU_015060,76.942507
STU_015061,76.942507
STU_015062,76.942507
STU_015063,76.942507
STU_015064,76.942507
STU_015065,76.942507
STU_015066,76.942507
STU_015067,76.942507
STU_015068,76.942507
STU_015069,76.942507
STU_015070,76.942507
STU_015071,76.942507
STU_015072,76.942507
STU_015073,76.942507
STU_015074,76.942507
STU_015075,76.942507
STU_015076,76.942507
STU_015077,76.942507
STU_015078,76.942507
STU_015079,76.942507
STU_015080,76.942507
STU_015081,76.942507
STU_015082,76.942507
STU_015083,76.942507
STU_015084,76.942507
STU_015085,76.942507
STU_015086,76.942507
STU_015087,76.942507
STU_015088,76.942507
STU_015089,76.942507
STU_015090,76.942507
STU_015091,76.942507
STU_015092,76.942507
STU_015093,76.942507
STU_015094,76.942507
STU_015095,76.942507
STU_015096,76.942507
STU_015097,76.942507
STU_015098,76.942507
STU_015099,76.942507
STU_015100,76.942507
STU_015101,76.942507
STU_015102,76.942507
STU_015103,76.942507
STU_015104,76.942507
STU_015105,76.942507
STU_015106,76.942507
STU_015107,76.942507
STU_015108,76.942507
STU_015109,76.942507
STU_015110,76.942507
STU_015111,76.942507
STU_015112,76.942507
STU_015113,76.942507
STU_015114,76.942507
STU_015115,76.942507
STU_015116,76.942507
STU_015117,76.942507
STU_015118,76.942507
STU_015119,76.942507
STU_015120,76.942507
STU_015121,76.942507
STU_015122,76.942507
STU_015123,76.942507
STU_015124,76.942507
STU_015125,76.942507
STU_015126,76.942507
STU_015127,76.942507
STU_015128,76.942507
STU_015129,76.942507
STU_015130,76.942507
STU_015131,76.942507
STU_015132,76.942507
STU_015133,76.942507
STU_015134,76.942507
STU_015135,76.942507
STU_015136,76.942507
STU_015137,76.942507
STU_015138,76.942507
STU_015139,76.942507
STU_015140,76.942507
STU_015141,76.942507
STU_015142,76.942507
STU_015143,76.942507
STU_015144,76.942507
STU_015145,76.942507
STU_015146,76.942507
STU_015147,76.942507
STU_015148,76.942507
STU_015149,76.942507
STU_015150,76.942507
STU_015151,76.942507
STU_015152,76.942507
STU_015153,76.942507
STU_015154,76.942507
STU_015155,76.942507
STU_015156,76.942507
STU_015157,76.942507
STU_015158,76.942507
STU_015159,76.942507
STU_015160,76.942507
STU_015161,76.942507
STU_015162,76.942507
STU_015163,76.942507
STU_015164,76.942507
STU_015165,76.942507
STU_015166,76.942507
STU_015167,76.942507
STU_015168,76.942507
STU_015169,76.942507
STU_015170,76.942507
STU_015171,76.942507
STU_015172,76.942507
STU_015173,76.942507
STU_015174,76.942507
STU_015175,76.942507
STU_015176,76.942507
STU_015177,76.942507
STU_015178,76.942507
STU_015179,76.942507
STU_015180,76.942507
STU_015181,76.942507
STU_015182,76.942507
STU_015183,76.942507
STU_015184,76.942507
STU_015185,76.942507
STU_015186,76.942507
STU_015187,76.942507
STU_015188,76.942507
STU_015189,76.942507
STU_015190,76.942507
STU_015191,76.942507
STU_015192,76.942507
STU_015193,76.942507
STU_015194,76.942507
STU_015195,76.942507
STU_015196,76.942507
STU_015197,76.942507
STU_015198,76.942507
STU_015199,76.942507
STU_015200,76.942507
STU_015201,76.942507
STU_015202,76.942507
STU_015203,76.942507
STU_015204,76.942507
STU_015205,76.942507
STU_015206,76.942507
STU_015207,76.942507
STU_015208,76.942507
STU_015209,76.942507
STU_015210,76.942507
STU_015211,76.942507
STU_015212,76.942507
STU_015213,76.942507
STU_015214,76.942507
STU_015215,76.942507
STU_015216,76.942507
STU_015217,76.942507
STU_015218,76.942507
STU_015219,76.942507
STU_015220,76.942507
STU_015221,76.942507
STU_015222,76.942507
STU_015223,76.942507
STU_015224,76.942507
STU_015225,76.942507
STU_015226,76.942507
STU_015227,76.942507
STU_015228,76.942507
STU_015229,76.942507
STU_015230,76.942507
STU_015231,76.942507
STU_015232,76.942507
STU_015233,76.942507
STU_015234,76.942507
STU_015235,76.942507
STU_015236,76.942507
STU_015237,76.942507
STU_015238,76.942507
STU_015239,76.942507
STU_015240,76.942507
STU_015241,76.942507
STU_015242,76.942507
STU_015243,76.942507
STU_015244,76.942507
STU_015245,76.942507
STU_015246,76.942507
STU_015247,76.942507
STU_015248,76.942507
STU_015249,76.942507
STU_015250,76.942507
STU_015251,76.942507
STU_015252,76.942507
STU_015253,76.942507
STU_015254,76.942507
STU_015255,76.942507
STU_015256,76.942507
STU_015257,76.942507
STU_015258,76.942507
STU_015259,76.942507
STU_015260,76.942507
STU_015261,76.942507
STU_015262,76.942507
STU_015263,76.942507
STU_015264,76.942507
STU_015265,76.942507
STU_015266,76.942507
STU_015267,76.942507
STU_015268,76.942507
STU_015269,76.942507
STU_015270,76.942507
STU_015271,76.942507
STU_015272,76.942507
STU_015273,76.942507
STU_015274,76.942507
STU_015275,76.942507
STU_015276,76.942507
STU_015277,76.942507
STU_015278,76.942507
STU_015279,76.942507
STU_015280,76.942507
STU_015281,76.942507
STU_015282,76.942507
STU_015283,76.942507
STU_015284,76.942507
STU_015285,76.942507
STU_015286,76.942507
STU_015287,76.942507
STU_015288,76.942507
STU_015289,76.942507
STU_015290,76.942507
STU_015291,76.942507
STU_015292,76.942507
STU_015293,76.942507
STU_015294,76.942507
STU_015295,76.942507
STU_015296,76.942507
STU_015297,76.942507
STU_015298,76.942507
STU_015299,76.942507
STU_015300,76.942507
STU_015301,76.942507
STU_015302,76.942507
STU_015303,76.942507
STU_015304,76.942507
STU_015305,76.942507
STU_015306,76.942507
STU_015307,76.942507
STU_015308,76.942507
STU_015309,76.942507
STU_015310,76.942507
STU_015311,76.942507
STU_015312,76.942507
STU_015313,76.942507
STU_015314,76.942507
STU_015315,76.942507
STU_015316,76.942507
STU_015317,76.942507
STU_015318,76.942507
STU_015319,76.942507
STU_015320,76.942507
STU_015321,76.942507
STU_015322,76.942507
STU_015323,76.942507
STU_015324,76.942507
STU_015325,76.942507
STU_015326,76.942507
STU_015327,76.942507
STU_015328,76.942507
STU_015329,76.942507
STU_015330,76.942507
STU_015331,76.942507
STU_015332,76.942507
STU_015333,76.942507
STU_015334,76.942507
STU_015335,76.942507
STU_015336,76.942507
STU_015337,76.942507
STU_015338,76.942507
STU_015339,76.942507
STU_015340,76.942507
STU_015341,76.942507
STU_015342,76.942507
STU_015343,76.942507
STU_015344,76.942507
STU_015345,76.942507
STU_015346,76.942507
STU_015347,76.942507
STU_015348,76.942507
STU_015349,76.942507
STU_015350,76.942507
STU_015351,76.942507
STU_015352,76.942507
STU_015353,76.942507
STU_015354,76.942507
STU_015355,76.942507
STU_015356,76.942507
STU_015357,76.942507
STU_015358,76.942507
STU_015359,76.942507
STU_015360,76.942507
STU_015361,76.942507
STU_015362,76.942507
STU_015363,76.942507
STU_015364,76.942507
STU_015365,76.942507
STU_015366,76.942507
STU_015367,76.942507
STU_015368,76.942507
STU_015369,76.942507
STU_015370,76.942507
STU_015371,76.942507
STU_015372,76.942507
STU_015373,76.942507
STU_015374,76.942507
STU_015375,76.942507
STU_015376,76.942507
STU_015377,76.942507
STU_015378,76.942507
STU_015379,76.942507
STU_015380,76.942507
STU_015381,76.942507
STU_015382,76.942507
STU_015383,76.942507
STU_015384,76.942507
STU_015385,76.942507
STU_015386,76.942507
STU_015387,76.942507
STU_015388,76.942507
STU_015389,76.942507
STU_015390,76.942507
STU_015391,76.942507
STU_015392,76.942507
STU_015393,76.942507
STU_015394,76.942507
STU_015395,76.942507
STU_015396,76.942507
STU_015397,76.942507
STU_015398,76.942507
STU_015399,76.942507
STU_015400,76.942507
STU_015401,76.942507
STU_015402,76.942507
STU_015403,76.942507
STU_015404,76.942507
STU_015405,76.942507
STU_015406,76.942507
STU_015407,76.942507
STU_015408,76.942507
STU_015409,76.942507
STU_015410,76.942507
STU_015411,76.942507
STU_015412,76.942507
STU_015413,76.942507
STU_015414,76.942507
STU_015415,76.942507
STU_015416,76.942507
STU_015417,76.942507
STU_015418,76.942507
STU_015419,76.942507
STU_015420,76.942507
STU_015421,76.942507
STU_015422,76.942507
STU_015423,76.942507
STU_015424,76.942507
STU_015425,76.942507
STU_015426,76.942507
STU_015427,76.942507
STU_015428,76.942507
STU_015429,76.942507
STU_015430,76.942507
STU_015431,76.942507
STU_015432,76.942507
STU_015433,76.942507
STU_015434,76.942507
STU_015435,76.942507
STU_015436,76.942507
STU_015437,76.942507
STU_015438,76.942507
STU_015439,76.942507
STU_015440,76.942507
STU_015441,76.942507
STU_015442,76.942507
STU_015443,76.942507
STU_015444,76.942507
STU_015445,76.942507
STU_015446,76.942507
STU_015447,76.942507
STU_015448,76.942507
STU_015449,76.942507
STU_015450,76.942507
STU_015451,76.942507
STU_015452,76.942507
STU_015453,76.942507
STU_015454,76.942507
STU_015455,76.942507
STU_015456,76.942507
STU_015457,76.942507
STU_015458,76.942507
STU_015459,76.942507
STU_015460,76.942507
STU_015461,76.942507
STU_015462,76.942507
STU_015463,76.942507
STU_015464,76.942507
STU_015465,76.942507
STU_015466,76.942507
STU_015467,76.942507
STU_015468,76.942507
STU_015469,76.942507
STU_015470,76.942507
STU_015471,76.942507
STU_015472,76.942507
STU_015473,76.942507
STU_015474,76.942507
STU_015475,76.942507
STU_015476,76.942507
STU_015477,76.942507
STU_015478,76.942507
STU_015479,76.942507
STU_015480,76.942507
STU_015481,76.942507
STU_015482,76.942507
STU_015483,76.942507
STU_015484,76.942507
STU_015485,76.942507
STU_015486,76.942507
STU_015487,76.942507
STU_015488,76.942507
STU_015489,76.942507
STU_015490,76.942507
STU_015491,76.942507
STU_015492,76.942507
STU_015493,76.942507
STU_015494,76.942507
STU_015495,76.942507
STU_015496,76.942507
STU_015497,76.942507
STU_015498,76.942507
STU_015499,76.942507
STU_015500,76.942507
STU_015501,76.942507
STU_015502,76.942507
STU_015503,76.942507
STU_015504,76.942507
STU_015505,76.942507
STU_015506,76.942507
STU_015507,76.942507
STU_015508,76.942507
STU_015509,76.942507
STU_015510,76.942507
STU_015511,76.942507
STU_015512,76.942507
STU_015513,76.942507
STU_015514,76.942507
STU_015515,76.942507
STU_015516,76.942507
STU_015517,76.942507
STU_015518,76.942507
STU_015519,76.942507
STU_015520,76.942507
STU_015521,76.942507
STU_015522,76.942507
STU_015523,76.942507
STU_015524,76.942507
STU_015525,76.942507
STU_015526,76.942507
STU_015527,76.942507
STU_015528,76.942507
STU_015529,76.942507
STU_015530,76.942507
STU_015531,76.942507
STU_015532,76.942507
STU_015533,76.942507
STU_015534,76.942507
STU_015535,76.942507
STU_015536,76.942507
STU_015537,76.942507
STU_015538,76.942507
STU_015539,76.942507
STU_015540,76.942507
STU_015541,76.942507
STU_015542,76.942507
STU_015543,76.942507
STU_015544,76.942507
STU_015545,76.942507
STU_015546,76.942507
STU_015547,76.942507
STU_015548,76.942507
STU_015549,76.942507
STU_015550,76.942507
STU_015551,76.942507
STU_015552,76.942507
STU_015553,76.942507
STU_015554,76.942507
STU_015555,76.942507
STU_015556,76.942507
STU_015557,76.942507
STU_015558,76.942507
STU_015559,76.942507
STU_015560,76.942507
STU_015561,76.942507
STU_015562,76.942507
STU_015563,76.942507
STU_015564,76.942507
STU_015565,76.942507
STU_015566,76.942507
STU_015567,76.942507
STU_015568,76.942507
STU_015569,76.942507
STU_015570,76.942507
STU_015571,76.942507
STU_015572,76.942507
STU_015573,76.942507
STU_015574,76.942507
STU_015575,76.942507
STU_015576,76.942507
STU_015577,76.942507
STU_015578,76.942507
STU_015579,76.942507
STU_015580,76.942507
STU_015581,76.942507
STU_015582,76.942507
STU_015583,76.942507
STU_015584,76.942507
STU_015585,76.942507
STU_015586,76.942507
STU_015587,76.942507
STU_015588,76.942507
STU_015589,76.942507
STU_015590,76.942507
STU_015591,76.942507
STU_015592,76.942507
STU_015593,76.942507
STU_015594,76.942507
STU_015595,76.942507
STU_015596,76.942507
STU_015597,76.942507
STU_015598,76.942507
STU_015599,76.942507
STU_015600,76.942507
STU_015601,76.942507
STU_015602,76.942507
STU_015603,76.942507
STU_015604,76.942507
STU_015605,76.942507
STU_015606,76.942507
STU_015607,76.942507
STU_015608,76.942507
STU_015609,76.942507
STU_015610,76.942507
STU_015611,76.942507
STU_015612,76.942507
STU_015613,76.942507
STU_015614,76.942507
STU_015615,76.942507
STU_015616,76.942507
STU_015617,76.942507
STU_015618,76.942507
STU_015619,76.942507
STU_015620,76.942507
STU_015621,76.942507
STU_015622,76.942507
STU_015623,76.942507
STU_015624,76.942507
STU_015625,76.942507
STU_015626,76.942507
STU_015627,76.942507
STU_015628,76.942507
STU_015629,76.942507
STU_015630,76.942507
STU_015631,76.942507
STU_015632,76.942507
STU_015633,76.942507
STU_015634,76.942507
STU_015635,76.942507
STU_015636,76.942507
STU_015637,76.942507
STU_015638,76.942507
STU_015639,76.942507
STU_015640,76.942507
STU_015641,76.942507
STU_015642,76.942507
STU_015643,76.942507
STU_015644,76.942507
STU_015645,76.942507
STU_015646,76.942507
STU_015647,76.942507
STU_015648,76.942507
STU_015649,76.942507
STU_015650,76.942507
STU_015651,76.942507
STU_015652,76.942507
STU_015653,76.942507
STU_015654,76.942507
STU_015655,76.942507
STU_015656,76.942507
STU_015657,76.942507
STU_015658,76.942507
STU_015659,76.942507
STU_015660,76.942507
STU_015661,76.942507
STU_015662,76.942507
STU_015663,76.942507
STU_015664,76.942507
STU_015665,76.942507
STU_015666,76.942507
STU_015667,76.942507
STU_015668,76.942507
STU_015669,76.942507
STU_015670,76.942507
STU_015671,76.942507
STU_015672,76.942507
STU_015673,76.942507
STU_015674,76.942507
STU_015675,76.942507
STU_015676,76.942507
STU_015677,76.942507
STU_015678,76.942507
STU_015679,76.942507
STU_015680,76.942507
STU_015681,76.942507
STU_015682,76.942507
STU_015683,76.942507
STU_015684,76.942507
STU_015685,76.942507
STU_015686,76.942507
STU_015687,76.942507
STU_015688,76.942507
STU_015689,76.942507
STU_015690,76.942507
STU_015691,76.942507
STU_015692,76.942507
STU_015693,76.942507
STU_015694,76.942507
STU_015695,76.942507
STU_015696,76.942507
STU_015697,76.942507
STU_015698,76.942507
STU_015699,76.942507
STU_015700,76.942507
STU_015701,76.942507
STU_015702,76.942507
STU_015703,76.942507
STU_015704,76.942507
STU_015705,76.942507
STU_015706,76.942507
STU_015707,76.942507
STU_015708,76.942507
STU_015709,76.942507
STU_015710,76.942507
STU_015711,76.942507
STU_015712,76.942507
STU_015713,76.942507
STU_015714,76.942507
STU_015715,76.942507
STU_015716,76.942507
STU_015717,76.942507
STU_015718,76.942507
STU_015719,76.942507
STU_015720,76.942507
STU_015721,76.942507
STU_015722,76.942507
STU_015723,76.942507
STU_015724,76.942507
STU_015725,76.942507
STU_015726,76.942507
STU_015727,76.942507
STU_015728,76.942507
STU_015729,76.942507
STU_015730,76.942507
STU_015731,76.942507
STU_015732,76.942507
STU_015733,76.942507
STU_015734,76.942507
STU_015735,76.942507
STU_015736,76.942507
STU_015737,76.942507
STU_015738,76.942507
STU_015739,76.942507
STU_015740,76.942507
STU_015741,76.942507
STU_015742,76.942507
STU_015743,76.942507
STU_015744,76.942507
STU_015745,76.942507
STU_015746,76.942507
STU_015747,76.942507
STU_015748,76.942507
STU_015749,76.942507
STU_015750,76.942507
STU_015751,76.942507
STU_015752,76.942507
STU_015753,76.942507
STU_015754,76.942507
STU_015755,76.942507
STU_015756,76.942507
STU_015757,76.942507
STU_015758,76.942507
STU_015759,76.942507
STU_015760,76.942507
STU_015761,76.942507
STU_015762,76.942507
STU_015763,76.942507
STU_015764,76.942507
STU_015765,76.942507
STU_015766,76.942507
STU_015767,76.942507
STU_015768,76.942507
STU_015769,76.942507
STU_015770,76.942507
STU_015771,76.942507
STU_015772,76.942507
STU_015773,76.942507
STU_015774,76.942507
STU_015775,76.942507
STU_015776,76.942507
STU_015777,76.942507
STU_015778,76.942507
STU_015779,76.942507
STU_015780,76.942507
STU_015781,76.942507
STU_015782,76.942507
STU_015783,76.942507
STU_015784,76.942507
STU_015785,76.942507
STU_015786,76.942507
STU_015787,76.942507
STU_015788,76.942507
STU_015789,76.942507
STU_015790,76.942507
STU_015791,76.942507
STU_015792,76.942507
STU_015793,76.942507
STU_015794,76.942507
STU_015795,76.942507
STU_015796,76.942507
STU_015797,76.942507
STU_015798,76.942507
STU_015799,76.942507
STU_015800,76.942507
STU_015801,76.942507
STU_015802,76.942507
STU_015803,76.942507
STU_015804,76.942507
STU_015805,76.942507
STU_015806,76.942507
STU_015807,76.942507
STU_015808,76.942507
STU_015809,76.942507
STU_015810,76.942507
STU_015811,76.942507
STU_015812,76.942507
STU_015813,76.942507
STU_015814,76.942507
STU_015815,76.942507
STU_015816,76.942507
STU_015817,76.942507
STU_015818,76.942507
STU_015819,76.942507
STU_015820,76.942507
STU_015821,76.942507
STU_015822,76.942507
STU_015823,76.942507
STU_015824,76.942507
STU_015825,76.942507
STU_015826,76.942507
STU_015827,76.942507
STU_015828,76.942507
STU_015829,76.942507
STU_015830,76.942507
STU_015831,76.942507
STU_015832,76.942507
STU_015833,76.942507
STU_015834,76.942507
STU_015835,76.942507
STU_015836,76.942507
STU_015837,76.942507
STU_015838,76.942507
STU_015839,76.942507
STU_015840,76.942507
STU_015841,76.942507
STU_015842,76.942507
STU_015843,76.942507
STU_015844,76.942507
STU_015845,76.942507
STU_015846,76.942507
STU_015847,76.942507
STU_015848,76.942507
STU_015849,76.942507
STU_015850,76.942507
STU_015851,76.942507
STU_015852,76.942507
STU_015853,76.942507
STU_015854,76.942507
STU_015855,76.942507
STU_015856,76.942507
STU_015857,76.942507
STU_015858,76.942507
STU_015859,76.942507
STU_015860,76.942507
STU_015861,76.942507
STU_015862,76.942507
STU_015863,76.942507
STU_015864,76.942507
STU_015865,76.942507
STU_015866,76.942507
STU_015867,76.942507
STU_015868,76.942507
STU_015869,76.942507
STU_015870,76.942507
STU_015871,76.942507
STU_015872,76.942507
STU_015873,76.942507
STU_015874,76.942507
STU_015875,76.942507
STU_015876,76.942507
STU_015877,76.942507
STU_015878,76.942507
STU_015879,76.942507
STU_015880,76.942507
STU_015881,76.942507
STU_015882,76.942507
STU_015883,76.942507
STU_015884,76.942507
STU_015885,76.942507
STU_015886,76.942507
STU_015887,76.942507
STU_015888,76.942507
STU_015889,76.942507
STU_015890,76.942507
STU_015891,76.942507
STU_015892,76.942507
STU_015893,76.942507
STU_015894,76.942507
STU_015895,76.942507
STU_015896,76.942507
STU_015897,76.942507
STU_015898,76.942507
STU_015899,76.942507
STU_015900,76.942507
STU_015901,76.942507
STU_015902,76.942507
STU_015903,76.942507
STU_015904,76.942507
STU_015905,76.942507
STU_015906,76.942507
STU_015907,76.942507
STU_015908,76.942507
STU_015909,76.942507
STU_015910,76.942507
STU_015911,76.942507
STU_015912,76.942507
STU_015913,76.942507
STU_015914,76.942507
STU_015915,76.942507
STU_015916,76.942507
STU_015917,76.942507
STU_015918,76.942507
STU_015919,76.942507
STU_015920,76.942507
STU_015921,76.942507
STU_015922,76.942507
STU_015923,76.942507
STU_015924,76.942507
STU_015925,76.942507
STU_015926,76.942507
STU_015927,76.942507
STU_015928,76.942507
STU_015929,76.942507
STU_015930,76.942507
STU_015931,76.942507
STU_015932,76.942507
STU_015933,76.942507
STU_015934,76.942507
STU_015935,76.942507
STU_015936,76.942507
STU_015937,76.942507
STU_015938,76.942507
STU_015939,76.942507
STU_015940,76.942507
STU_015941,76.942507
STU_015942,76.942507
STU_015943,76.942507
STU_015944,76.942507
STU_015945,76.942507
STU_015946,76.942507
STU_015947,76.942507
STU_015948,76.942507
STU_015949,76.942507
STU_015950,76.942507
STU_015951,76.942507
STU_015952,76.942507
STU_015953,76.942507
STU_015954,76.942507
STU_015955,76.942507
STU_015956,76.942507
STU_015957,76.942507
STU_015958,76.942507
STU_015959,76.942507
STU_015960,76.942507
STU_015961,76.942507
STU_015962,76.942507
STU_015963,76.942507
STU_015964,76.942507
STU_015965,76.942507
STU_015966,76.942507
STU_015967,76.942507
STU_015968,76.942507
STU_015969,76.942507
STU_015970,76.942507
STU_015971,76.942507
STU_015972,76.942507
STU_015973,76.942507
STU_015974,76.942507
STU_015975,76.942507
STU_015976,76.942507
STU_015977,76.942507
STU_015978,76.942507
STU_015979,76.942507
STU_015980,76.942507
STU_015981,76.942507
STU_015982,76.942507
STU_015983,76.942507
STU_015984,76.942507
STU_015985,76.942507
STU_015986,76.942507
STU_015987,76.942507
STU_015988,76.942507
STU_015989,76.942507
STU_015990,76.942507
STU_015991,76.942507
STU_015992,76.942507
STU_015993,76.942507
STU_015994,76.942507
STU_015995,76.942507
STU_015996,76.942507
STU_015997,76.942507
STU_015998,76.942507
STU_015999,76.942507
STU_016000,76.942507
STU_016001,76.942507
STU_016002,76.942507
STU_016003,76.942507
STU_016004,76.942507
STU_016005,76.942507
STU_016006,76.942507
STU_016007,76.942507
STU_016008,76.942507
STU_016009,76.942507
STU_016010,76.942507
STU_016011,76.942507
STU_016012,76.942507
STU_016013,76.942507
STU_016014,76.942507
STU_016015,76.942507
STU_016016,76.942507
STU_016017,76.942507
STU_016018,76.942507
STU_016019,76.942507
STU_016020,76.942507
STU_016021,76.942507
STU_016022,76.942507
STU_016023,76.942507
STU_016024,76.942507
STU_016025,76.942507
STU_016026,76.942507
STU_016027,76.942507
STU_016028,76.942507
STU_016029,76.942507
STU_016030,76.942507
STU_016031,76.942507
STU_016032,76.942507
STU_016033,76.942507
STU_016034,76.942507
STU_016035,76.942507
STU_016036,76.942507
STU_016037,76.942507
STU_016038,76.942507
STU_016039,76.942507
STU_016040,76.942507
STU_016041,76.942507
STU_016042,76.942507
STU_016043,76.942507
STU_016044,76.942507
STU_016045,76.942507
STU_016046,76.942507
STU_016047,76.942507
STU_016048,76.942507
STU_016049,76.942507
STU_016050,76.942507
STU_016051,76.942507
STU_016052,76.942507
STU_016053,76.942507
STU_016054,76.942507
STU_016055,76.942507
STU_016056,76.942507
STU_016057,76.942507
STU_016058,76.942507
STU_016059,76.942507
STU_016060,76.942507
STU_016061,76.942507
STU_016062,76.942507
STU_016063,76.942507
STU_016064,76.942507
STU_016065,76.942507
STU_016066,76.942507
STU_016067,76.942507
STU_016068,76.942507
STU_016069,76.942507
STU_016070,76.942507
STU_016071,76.942507
STU_016072,76.942507
STU_016073,76.942507
STU_016074,76.942507
STU_016075,76.942507
STU_016076,76.942507
STU_016077,76.942507
STU_016078,76.942507
STU_016079,76.942507
STU_016080,76.942507
STU_016081,76.942507
STU_016082,76.942507
STU_016083,76.942507
STU_016084,76.942507
STU_016085,76.942507
STU_016086,76.942507
STU_016087,76.942507
STU_016088,76.942507
STU_016089,76.942507
STU_016090,76.942507
STU_016091,76.942507
STU_016092,76.942507
STU_016093,76.942507
STU_016094,76.942507
STU_016095,76.942507
STU_016096,76.942507
STU_016097,76.942507
STU_016098,76.942507
STU_016099,76.942507
STU_016100,76.942507
STU_016101,76.942507
STU_016102,76.942507
STU_016103,76.942507
STU_016104,76.942507
STU_016105,76.942507
STU_016106,76.942507
STU_016107,76.942507
STU_016108,76.942507
STU_016109,76.942507
STU_016110,76.942507
STU_016111,76.942507
STU_016112,76.942507
STU_016113,76.942507
STU_016114,76.942507
STU_016115,76.942507
STU_016116,76.942507
STU_016117,76.942507
STU_016118,76.942507
STU_016119,76.942507
STU_016120,76.942507
STU_016121,76.942507
STU_016122,76.942507
STU_016123,76.942507
STU_016124,76.942507
STU_016125,76.942507
STU_016126,76.942507
STU_016127,76.942507
STU_016128,76.942507
STU_016129,76.942507
STU_016130,76.942507
STU_016131,76.942507
STU_016132,76.942507
STU_016133,76.942507
STU_016134,76.942507
STU_016135,76.942507
STU_016136,76.942507
STU_016137,76.942507
STU_016138,76.942507
STU_016139,76.942507
STU_016140,76.942507
STU_016141,76.942507
STU_016142,76.942507
STU_016143,76.942507
STU_016144,76.942507
STU_016145,76.942507
STU_016146,76.942507
STU_016147,76.942507
STU_016148,76.942507
STU_016149,76.942507
STU_016150,76.942507
STU_016151,76.942507
STU_016152,76.942507
STU_016153,76.942507
STU_016154,76.942507
STU_016155,76.942507
STU_016156,76.942507
STU_016157,76.942507
STU_016158,76.942507
STU_016159,76.942507
STU_016160,76.942507
STU_016161,76.942507
STU_016162,76.942507
STU_016163,76.942507
STU_016164,76.942507
STU_016165,76.942507
STU_016166,76.942507
STU_016167,76.942507
STU_016168,76.942507
STU_016169,76.942507
STU_016170,76.942507
STU_016171,76.942507
STU_016172,76.942507
STU_016173,76.942507
STU_016174,76.942507
STU_016175,76.942507
STU_016176,76.942507
STU_016177,76.942507
STU_016178,76.942507
STU_016179,76.942507
STU_016180,76.942507
STU_016181,76.942507
STU_016182,76.942507
STU_016183,76.942507
STU_016184,76.942507
STU_016185,76.942507
STU_016186,76.942507
STU_016187,76.942507
STU_016188,76.942507
STU_016189,76.942507
STU_016190,76.942507
STU_016191,76.942507
STU_016192,76.942507
STU_016193,76.942507
STU_016194,76.942507
STU_016195,76.942507
STU_016196,76.942507
STU_016197,76.942507
STU_016198,76.942507
STU_016199,76.942507
STU_016200,76.942507
STU_016201,76.942507
STU_016202,76.942507
STU_016203,76.942507
STU_016204,76.942507
STU_016205,76.942507
STU_016206,76.942507
STU_016207,76.942507
STU_016208,76.942507
STU_016209,76.942507
STU_016210,76.942507
STU_016211,76.942507
STU_016212,76.942507
STU_016213,76.942507
STU_016214,76.942507
STU_016215,76.942507
STU_016216,76.942507
STU_016217,76.942507
STU_016218,76.942507
STU_016219,76.942507
STU_016220,76.942507
STU_016221,76.942507
STU_016222,76.942507
STU_016223,76.942507
STU_016224,76.942507
STU_016225,76.942507
STU_016226,76.942507
STU_016227,76.942507
STU_016228,76.942507
STU_016229,76.942507
STU_016230,76.942507
STU_016231,76.942507
STU_016232,76.942507
STU_016233,76.942507
STU_016234,76.942507
STU_016235,76.942507
STU_016236,76.942507
STU_016237,76.942507
STU_016238,76.942507
STU_016239,76.942507
STU_016240,76.942507
STU_016241,76.942507
STU_016242,76.942507
STU_016243,76.942507
STU_016244,76.942507
STU_016245,76.942507
STU_016246,76.942507
STU_016247,76.942507
STU_016248,76.942507
STU_016249,76.942507
STU_016250,76.942507
STU_016251,76.942507
STU_016252,76.942507
STU_016253,76.942507
STU_016254,76.942507
STU_016255,76.942507
STU_016256,76.942507
STU_016257,76.942507
STU_016258,76.942507
STU_016259,76.942507
STU_016260,76.942507
STU_016261,76.942507
STU_016262,76.942507
STU_016263,76.942507
STU_016264,76.942507
STU_016265,76.942507
STU_016266,76.942507
STU_016267,76.942507
STU_016268,76.942507
STU_016269,76.942507
STU_016270,76.942507
STU_016271,76.942507
STU_016272,76.942507
STU_016273,76.942507
STU_016274,76.942507
STU_016275,76.942507
STU_016276,76.942507
STU_016277,76.942507
STU_016278,76.942507
STU_016279,76.942507
STU_016280,76.942507
STU_016281,76.942507
STU_016282,76.942507
STU_016283,76.942507
STU_016284,76.942507
STU_016285,76.942507
STU_016286,76.942507
STU_016287,76.942507
STU_016288,76.942507
STU_016289,76.942507
STU_016290,76.942507
STU_016291,76.942507
STU_016292,76.942507
STU_016293,76.942507
STU_016294,76.942507
STU_016295,76.942507
STU_016296,76.942507
STU_016297,76.942507
STU_016298,76.942507
STU_016299,76.942507
STU_016300,76.942507
STU_016301,76.942507
STU_016302,76.942507
STU_016303,76.942507
STU_016304,76.942507
STU_016305,76.942507
STU_016306,76.942507
STU_016307,76.942507
STU_016308,76.942507
STU_016309,76.942507
STU_016310,76.942507
STU_016311,76.942507
STU_016312,76.942507
STU_016313,76.942507
STU_016314,76.942507
STU_016315,76.942507
STU_016316,76.942507
STU_016317,76.942507
STU_016318,76.942507
STU_016319,76.942507
STU_016320,76.942507
STU_016321,76.942507
STU_016322,76.942507
STU_016323,76.942507
STU_016324,76.942507
STU_016325,76.942507
STU_016326,76.942507
STU_016327,76.942507
STU_016328,76.942507
STU_016329,76.942507
STU_016330,76.942507
STU_016331,76.942507
STU_016332,76.942507
STU_016333,76.942507
STU_016334,76.942507
STU_016335,76.942507
STU_016336,76.942507
STU_016337,76.942507
STU_016338,76.942507
STU_016339,76.942507
STU_016340,76.942507
STU_016341,76.942507
STU_016342,76.942507
STU_016343,76.942507
STU_016344,76.942507
STU_016345,76.942507
STU_016346,76.942507
STU_016347,76.942507
STU_016348,76.942507
STU_016349,76.942507
STU_016350,76.942507
STU_016351,76.942507
STU_016352,76.942507
STU_016353,76.942507
STU_016354,76.942507
STU_016355,76.942507
STU_016356,76.942507
STU_016357,76.942507
STU_016358,76.942507
STU_016359,76.942507
STU_016360,76.942507
STU_016361,76.942507
STU_016362,76.942507
STU_016363,76.942507
STU_016364,76.942507
STU_016365,76.942507
STU_016366,76.942507
STU_016367,76.942507
STU_016368,76.942507
STU_016369,76.942507
STU_016370,76.942507
STU_016371,76.942507
STU_016372,76.942507
STU_016373,76.942507
STU_016374,76.942507
STU_016375,76.942507
STU_016376,76.942507
STU_016377,76.942507
STU_016378,76.942507
STU_016379,76.942507
STU_016380,76.942507
STU_016381,76.942507
STU_016382,76.942507
STU_016383,76.942507
STU_016384,76.942507
STU_016385,76.942507
STU_016386,76.942507
STU_016387,76.942507
STU_016388,76.942507
STU_016389,76.942507
STU_016390,76.942507
STU_016391,76.942507
STU_016392,76.942507
STU_016393,76.942507
STU_016394,76.942507
STU_016395,76.942507
STU_016396,76.942507
STU_016397,76.942507
STU_016398,76.942507
STU_016399,76.942507
STU_016400,76.942507
STU_016401,76.942507
STU_016402,76.942507
STU_016403,76.942507
STU_016404,76.942507
STU_016405,76.942507
STU_016406,76.942507
STU_016407,76.942507
STU_016408,76.942507
STU_016409,76.942507
STU_016410,76.942507
STU_016411,76.942507
STU_016412,76.942507
STU_016413,76.942507
STU_016414,76.942507
STU_016415,76.942507
STU_016416,76.942507
STU_016417,76.942507
STU_016418,76.942507
STU_016419,76.942507
STU_016420,76.942507
STU_016421,76.942507
STU_016422,76.942507
STU_016423,76.942507
STU_016424,76.942507
STU_016425,76.942507
STU_016426,76.942507
STU_016427,76.942507
STU_016428,76.942507
STU_016429,76.942507
STU_016430,76.942507
STU_016431,76.942507
STU_016432,76.942507
STU_016433,76.942507
STU_016434,76.942507
STU_016435,76.942507
STU_016436,76.942507
STU_016437,76.942507
STU_016438,76.942507
STU_016439,76.942507
STU_016440,76.942507
STU_016441,76.942507
STU_016442,76.942507
STU_016443,76.942507
STU_016444,76.942507
STU_016445,76.942507
STU_016446,76.942507
STU_016447,76.942507
STU_016448,76.942507
STU_016449,76.942507
STU_016450,76.942507
STU_016451,76.942507
STU_016452,76.942507
STU_016453,76.942507
STU_016454,76.942507
STU_016455,76.942507
STU_016456,76.942507
STU_016457,76.942507
STU_016458,76.942507
STU_016459,76.942507
STU_016460,76.942507
STU_016461,76.942507
STU_016462,76.942507
STU_016463,76.942507
STU_016464,76.942507
STU_016465,76.942507
STU_016466,76.942507
STU_016467,76.942507
STU_016468,76.942507
STU_016469,76.942507
STU_016470,76.942507
STU_016471,76.942507
STU_016472,76.942507
STU_016473,76.942507
STU_016474,76.942507
STU_016475,76.942507
STU_016476,76.942507
STU_016477,76.942507
STU_016478,76.942507
STU_016479,76.942507
STU_016480,76.942507
STU_016481,76.942507
STU_016482,76.942507
STU_016483,76.942507
STU_016484,76.942507
STU_016485,76.942507
STU_016486,76.942507
STU_016487,76.942507
STU_016488,76.942507
STU_016489,76.942507
STU_016490,76.942507
STU_016491,76.942507
STU_016492,76.942507
STU_016493,76.942507
STU_016494,76.942507
STU_016495,76.942507
STU_016496,76.942507
STU_016497,76.942507
STU_016498,76.942507
STU_016499,76.942507
STU_016500,76.942507
STU_016501,76.942507
STU_016502,76.942507
STU_016503,76.942507
STU_016504,76.942507
STU_016505,76.942507
STU_016506,76.942507
STU_016507,76.942507
STU_016508,76.942507
STU_016509,76.942507
STU_016510,76.942507
STU_016511,76.942507
STU_016512,76.942507
STU_016513,76.942507
STU_016514,76.942507
STU_016515,76.942507
STU_016516,76.942507
STU_016517,76.942507
STU_016518,76.942507
STU_016519,76.942507
STU_016520,76.942507
STU_016521,76.942507
STU_016522,76.942507
STU_016523,76.942507
STU_016524,76.942507
STU_016525,76.942507
STU_016526,76.942507
STU_016527,76.942507
STU_016528,76.942507
STU_016529,76.942507
STU_016530,76.942507
STU_016531,76.942507
STU_016532,76.942507
STU_016533,76.942507
STU_016534,76.942507
STU_016535,76.942507
STU_016536,76.942507
STU_016537,76.942507
STU_016538,76.942507
STU_016539,76.942507
STU_016540,76.942507
STU_016541,76.942507
STU_016542,76.942507
STU_016543,76.942507
STU_016544,76.942507
STU_016545,76.942507
STU_016546,76.942507
STU_016547,76.942507
STU_016548,76.942507
STU_016549,76.942507
STU_016550,76.942507
STU_016551,76.942507
STU_016552,76.942507
STU_016553,76.942507
STU_016554,76.942507
STU_016555,76.942507
STU_016556,76.942507
STU_016557,76.942507
STU_016558,76.942507
STU_016559,76.942507
STU_016560,76.942507
STU_016561,76.942507
STU_016562,76.942507
STU_016563,76.942507
STU_016564,76.942507
STU_016565,76.942507
STU_016566,76.942507
STU_016567,76.942507
STU_016568,76.942507
STU_016569,76.942507
STU_016570,76.942507
STU_016571,76.942507
STU_016572,76.942507
STU_016573,76.942507
STU_016574,76.942507
STU_016575,76.942507
STU_016576,76.942507
STU_016577,76.942507
STU_016578,76.942507
STU_016579,76.942507
STU_016580,76.942507
STU_016581,76.942507
STU_016582,76.942507
STU_016583,76.942507
STU_016584,76.942507
STU_016585,76.942507
STU_016586,76.942507
STU_016587,76.942507
STU_016588,76.942507
STU_016589,76.942507
STU_016590,76.942507
STU_016591,76.942507
STU_016592,76.942507
STU_016593,76.942507
STU_016594,76.942507
STU_016595,76.942507
STU_016596,76.942507
STU_016597,76.942507
STU_016598,76.942507
STU_016599,76.942507
STU_016600,76.942507
STU_016601,76.942507
STU_016602,76.942507
STU_016603,76.942507
STU_016604,76.942507
STU_016605,76.942507
STU_016606,76.942507
STU_016607,76.942507
STU_016608,76.942507
STU_016609,76.942507
STU_016610,76.942507
STU_016611,76.942507
STU_016612,76.942507
STU_016613,76.942507
STU_016614,76.942507
STU_016615,76.942507
STU_016616,76.942507
STU_016617,76.942507
STU_016618,76.942507
STU_016619,76.942507
STU_016620,76.942507
STU_016621,76.942507
STU_016622,76.942507
STU_016623,76.942507
STU_016624,76.942507
STU_016625,76.942507
STU_016626,76.942507
STU_016627,76.942507
STU_016628,76.942507
STU_016629,76.942507
STU_016630,76.942507
STU_016631,76.942507
STU_016632,76.942507
STU_016633,76.942507
STU_016634,76.942507
STU_016635,76.942507
STU_016636,76.942507
STU_016637,76.942507
STU_016638,76.942507
STU_016639,76.942507
STU_016640,76.942507
STU_016641,76.942507
STU_016642,76.942507
STU_016643,76.942507
STU_016644,76.942507
STU_016645,76.942507
STU_016646,76.942507
STU_016647,76.942507
STU_016648,76.942507
STU_016649,76.942507
STU_016650,76.942507
STU_016651,76.942507
STU_016652,76.942507
STU_016653,76.942507
STU_016654,76.942507
STU_016655,76.942507
STU_016656,76.942507
STU_016657,76.942507
STU_016658,76.942507
STU_016659,76.942507
STU_016660,76.942507
STU_016661,76.942507
STU_016662,76.942507
STU_016663,76.942507
STU_016664,76.942507
STU_016665,76.942507
STU_016666,76.942507
STU_016667,76.942507
STU_016668,76.942507
STU_016669,76.942507
STU_016670,76.942507
STU_016671,76.942507
STU_016672,76.942507
STU_016673,76.942507
STU_016674,76.942507
STU_016675,76.942507
STU_016676,76.942507
STU_016677,76.942507
STU_016678,76.942507
STU_016679,76.942507
STU_016680,76.942507
STU_016681,76.942507
STU_016682,76.942507
STU_016683,76.942507
STU_016684,76.942507
STU_016685,76.942507
STU_016686,76.942507
STU_016687,76.942507
STU_016688,76.942507
STU_016689,76.942507
STU_016690,76.942507
STU_016691,76.942507
STU_016692,76.942507
STU_016693,76.942507
STU_016694,76.942507
STU_016695,76.942507
STU_016696,76.942507
STU_016697,76.942507
STU_016698,76.942507
STU_016699,76.942507
STU_016700,76.942507
STU_016701,76.942507
STU_016702,76.942507
STU_016703,76.942507
STU_016704,76.942507
STU_016705,76.942507
STU_016706,76.942507
STU_016707,76.942507
STU_016708,76.942507
STU_016709,76.942507
STU_016710,76.942507
STU_016711,76.942507
STU_016712,76.942507
STU_016713,76.942507
STU_016714,76.942507
STU_016715,76.942507
STU_016716,76.942507
STU_016717,76.942507
STU_016718,76.942507
STU_016719,76.942507
STU_016720,76.942507
STU_016721,76.942507
STU_016722,76.942507
STU_016723,76.942507
STU_016724,76.942507
STU_016725,76.942507
STU_016726,76.942507
STU_016727,76.942507
STU_016728,76.942507
STU_016729,76.942507
STU_016730,76.942507
STU_016731,76.942507
STU_016732,76.942507
STU_016733,76.942507
STU_016734,76.942507
STU_016735,76.942507
STU_016736,76.942507
STU_016737,76.942507
STU_016738,76.942507
STU_016739,76.942507
STU_016740,76.942507
STU_016741,76.942507
STU_016742,76.942507
STU_016743,76.942507
STU_016744,76.942507
STU_016745,76.942507
STU_016746,76.942507
STU_016747,76.942507
STU_016748,76.942507
STU_016749,76.942507
STU_016750,76.942507
STU_016751,76.942507
STU_016752,76.942507
STU_016753,76.942507
STU_016754,76.942507
STU_016755,76.942507
STU_016756,76.942507
STU_016757,76.942507
STU_016758,76.942507
STU_016759,76.942507
STU_016760,76.942507
STU_016761,76.942507
STU_016762,76.942507
STU_016763,76.942507
STU_016764,76.942507
STU_016765,76.942507
STU_016766,76.942507
STU_016767,76.942507
STU_016768,76.942507
STU_016769,76.942507
STU_016770,76.942507
STU_016771,76.942507
STU_016772,76.942507
STU_016773,76.942507
STU_016774,76.942507
STU_016775,76.942507
STU_016776,76.942507
STU_016777,76.942507
STU_016778,76.942507
STU_016779,76.942507
STU_016780,76.942507
STU_016781,76.942507
STU_016782,76.942507
STU_016783,76.942507
STU_016784,76.942507
STU_016785,76.942507
STU_016786,76.942507
STU_016787,76.942507
STU_016788,76.942507
STU_016789,76.942507
STU_016790,76.942507
STU_016791,76.942507
STU_016792,76.942507
STU_016793,76.942507
STU_016794,76.942507
STU_016795,76.942507
STU_016796,76.942507
STU_016797,76.942507
STU_016798,76.942507
STU_016799,76.942507
STU_016800,76.942507
STU_016801,76.942507
STU_016802,76.942507
STU_016803,76.942507
STU_016804,76.942507
STU_016805,76.942507
STU_016806,76.942507
STU_016807,76.942507
STU_016808,76.942507
STU_016809,76.942507
STU_016810,76.942507
STU_016811,76.942507
STU_016812,76.942507
STU_016813,76.942507
STU_016814,76.942507
STU_016815,76.942507
STU_016816,76.942507
STU_016817,76.942507
STU_016818,76.942507
STU_016819,76.942507
STU_016820,76.942507
STU_016821,76.942507
STU_016822,76.942507
STU_016823,76.942507
STU_016824,76.942507
STU_016825,76.942507
STU_016826,76.942507
STU_016827,76.942507
STU_016828,76.942507
STU_016829,76.942507
STU_016830,76.942507
STU_016831,76.942507
STU_016832,76.942507
STU_016833,76.942507
STU_016834,76.942507
STU_016835,76.942507
STU_016836,76.942507
STU_016837,76.942507
STU_016838,76.942507
STU_016839,76.942507
STU_016840,76.942507
STU_016841,76.942507
STU_016842,76.942507
STU_016843,76.942507
STU_016844,76.942507
STU_016845,76.942507
STU_016846,76.942507
STU_016847,76.942507
STU_016848,76.942507
STU_016849,76.942507
STU_016850,76.942507
STU_016851,76.942507
STU_016852,76.942507
STU_016853,76.942507
STU_016854,76.942507
STU_016855,76.942507
STU_016856,76.942507
STU_016857,76.942507
STU_016858,76.942507
STU_016859,76.942507
STU_016860,76.942507
STU_016861,76.942507
STU_016862,76.942507
STU_016863,76.942507
STU_016864,76.942507
STU_016865,76.942507
STU_016866,76.942507
STU_016867,76.942507
STU_016868,76.942507
STU_016869,76.942507
STU_016870,76.942507
STU_016871,76.942507
STU_016872,76.942507
STU_016873,76.942507
STU_016874,76.942507
STU_016875,76.942507
STU_016876,76.942507
STU_016877,76.942507
STU_016878,76.942507
STU_016879,76.942507
STU_016880,76.942507
STU_016881,76.942507
STU_016882,76.942507
STU_016883,76.942507
STU_016884,76.942507
STU_016885,76.942507
STU_016886,76.942507
STU_016887,76.942507
STU_016888,76.942507
STU_016889,76.942507
STU_016890,76.942507
STU_016891,76.942507
STU_016892,76.942507
STU_016893,76.942507
STU_016894,76.942507
STU_016895,76.942507
STU_016896,76.942507
STU_016897,76.942507
STU_016898,76.942507
STU_016899,76.942507
STU_016900,76.942507
STU_016901,76.942507
STU_016902,76.942507
STU_016903,76.942507
STU_016904,76.942507
STU_016905,76.942507
STU_016906,76.942507
STU_016907,76.942507
STU_016908,76.942507
STU_016909,76.942507
STU_016910,76.942507
STU_016911,76.942507
STU_016912,76.942507
STU_016913,76.942507
STU_016914,76.942507
STU_016915,76.942507
STU_016916,76.942507
STU_016917,76.942507
STU_016918,76.942507
STU_016919,76.942507
STU_016920,76.942507
STU_016921,76.942507
STU_016922,76.942507
STU_016923,76.942507
STU_016924,76.942507
STU_016925,76.942507
STU_016926,76.942507
STU_016927,76.942507
STU_016928,76.942507
STU_016929,76.942507
STU_016930,76.942507
STU_016931,76.942507
STU_016932,76.942507
STU_016933,76.942507
STU_016934,76.942507
STU_016935,76.942507
STU_016936,76.942507
STU_016937,76.942507
STU_016938,76.942507
STU_016939,76.942507
STU_016940,76.942507
STU_016941,76.942507
STU_016942,76.942507
STU_016943,76.942507
STU_016944,76.942507
STU_016945,76.942507
STU_016946,76.942507
STU_016947,76.942507
STU_016948,76.942507
STU_016949,76.942507
STU_016950,76.942507
STU_016951,76.942507
STU_016952,76.942507
STU_016953,76.942507
STU_016954,76.942507
STU_016955,76.942507
STU_016956,76.942507
STU_016957,76.942507
STU_016958,76.942507
STU_016959,76.942507
STU_016960,76.942507
STU_016961,76.942507
STU_016962,76.942507
STU_016963,76.942507
STU_016964,76.942507
STU_016965,76.942507
STU_016966,76.942507
STU_016967,76.942507
STU_016968,76.942507
STU_016969,76.942507
STU_016970,76.942507
STU_016971,76.942507
STU_016972,76.942507
STU_016973,76.942507
STU_016974,76.942507
STU_016975,76.942507
STU_016976,76.942507
STU_016977,76.942507
STU_016978,76.942507
STU_016979,76.942507
STU_016980,76.942507
STU_016981,76.942507
STU_016982,76.942507
STU_016983,76.942507
STU_016984,76.942507
STU_016985,76.942507
STU_016986,76.942507
STU_016987,76.942507
STU_016988,76.942507
STU_016989,76.942507
STU_016990,76.942507
STU_016991,76.942507
STU_016992,76.942507
STU_016993,76.942507
STU_016994,76.942507
STU_016995,76.942507
STU_016996,76.942507
STU_016997,76.942507
STU_016998,76.942507
STU_016999,76.942507
STU_017000,76.942507
STU_017001,76.942507
STU_017002,76.942507
STU_017003,76.942507
STU_017004,76.942507
STU_017005,76.942507
STU_017006,76.942507
STU_017007,76.942507
STU_017008,76.942507
STU_017009,76.942507
STU_017010,76.942507
STU_017011,76.942507
STU_017012,76.942507
STU_017013,76.942507
STU_017014,76.942507
STU_017015,76.942507
STU_017016,76.942507
STU_017017,76.942507
STU_017018,76.942507
STU_017019,76.942507
STU_017020,76.942507
STU_017021,76.942507
STU_017022,76.942507
STU_017023,76.942507
STU_017024,76.942507
STU_017025,76.942507
STU_017026,76.942507
STU_017027,76.942507
STU_017028,76.942507
STU_017029,76.942507
STU_017030,76.942507
STU_017031,76.942507
STU_017032,76.942507
STU_017033,76.942507
STU_017034,76.942507
STU_017035,76.942507
STU_017036,76.942507
STU_017037,76.942507
STU_017038,76.942507
STU_017039,76.942507
STU_017040,76.942507
STU_017041,76.942507
STU_017042,76.942507
STU_017043,76.942507
STU_017044,76.942507
STU_017045,76.942507
STU_017046,76.942507
STU_017047,76.942507
STU_017048,76.942507
STU_017049,76.942507
STU_017050,76.942507
STU_017051,76.942507
STU_017052,76.942507
STU_017053,76.942507
STU_017054,76.942507
STU_017055,76.942507
STU_017056,76.942507
STU_017057,76.942507
STU_017058,76.942507
STU_017059,76.942507
STU_017060,76.942507
STU_017061,76.942507
STU_017062,76.942507
STU_017063,76.942507
STU_017064,76.942507
STU_017065,76.942507
STU_017066,76.942507
STU_017067,76.942507
STU_017068,76.942507
STU_017069,76.942507
STU_017070,76.942507
STU_017071,76.942507
STU_017072,76.942507
STU_017073,76.942507
STU_017074,76.942507
STU_017075,76.942507
STU_017076,76.942507
STU_017077,76.942507
STU_017078,76.942507
STU_017079,76.942507
STU_017080,76.942507
STU_017081,76.942507
STU_017082,76.942507
STU_017083,76.942507
STU_017084,76.942507
STU_017085,76.942507
STU_017086,76.942507
STU_017087,76.942507
STU_017088,76.942507
STU_017089,76.942507
STU_017090,76.942507
STU_017091,76.942507
STU_017092,76.942507
STU_017093,76.942507
STU_017094,76.942507
STU_017095,76.942507
STU_017096,76.942507
STU_017097,76.942507
STU_017098,76.942507
STU_017099,76.942507
STU_017100,76.942507
STU_017101,76.942507
STU_017102,76.942507
STU_017103,76.942507
STU_017104,76.942507
STU_017105,76.942507
STU_017106,76.942507
STU_017107,76.942507
STU_017108,76.942507
STU_017109,76.942507
STU_017110,76.942507
STU_017111,76.942507
STU_017112,76.942507
STU_017113,76.942507
STU_017114,76.942507
STU_017115,76.942507
STU_017116,76.942507
STU_017117,76.942507
STU_017118,76.942507
STU_017119,76.942507
STU_017120,76.942507
STU_017121,76.942507
STU_017122,76.942507
STU_017123,76.942507
STU_017124,76.942507
STU_017125,76.942507
STU_017126,76.942507
STU_017127,76.942507
STU_017128,76.942507
STU_017129,76.942507
STU_017130,76.942507
STU_017131,76.942507
STU_017132,76.942507
STU_017133,76.942507
STU_017134,76.942507
STU_017135,76.942507
STU_017136,76.942507
STU_017137,76.942507
STU_017138,76.942507
STU_017139,76.942507
STU_017140,76.942507
STU_017141,76.942507
STU_017142,76.942507
STU_017143,76.942507
STU_017144,76.942507
STU_017145,76.942507
STU_017146,76.942507
STU_017147,76.942507
STU_017148,76.942507
STU_017149,76.942507
STU_017150,76.942507
STU_017151,76.942507
STU_017152,76.942507
STU_017153,76.942507
STU_017154,76.942507
STU_017155,76.942507
STU_017156,76.942507
STU_017157,76.942507
STU_017158,76.942507
STU_017159,76.942507
STU_017160,76.942507
STU_017161,76.942507
STU_017162,76.942507
STU_017163,76.942507
STU_017164,76.942507
STU_017165,76.942507
STU_017166,76.942507
STU_017167,76.942507
STU_017168,76.942507
STU_017169,76.942507
STU_017170,76.942507
STU_017171,76.942507
STU_017172,76.942507
STU_017173,76.942507
STU_017174,76.942507
STU_017175,76.942507
STU_017176,76.942507
STU_017177,76.942507
STU_017178,76.942507
STU_017179,76.942507
STU_017180,76.942507
STU_017181,76.942507
STU_017182,76.942507
STU_017183,76.942507
STU_017184,76.942507
STU_017185,76.942507
STU_017186,76.942507
STU_017187,76.942507
STU_017188,76.942507
STU_017189,76.942507
STU_017190,76.942507
STU_017191,76.942507
STU_017192,76.942507
STU_017193,76.942507
STU_017194,76.942507
STU_017195,76.942507
STU_017196,76.942507
STU_017197,76.942507
STU_017198,76.942507
STU_017199,76.942507
STU_017200,76.942507
STU_017201,76.942507
STU_017202,76.942507
STU_017203,76.942507
STU_017204,76.942507
STU_017205,76.942507
STU_017206,76.942507
STU_017207,76.942507
STU_017208,76.942507
STU_017209,76.942507
STU_017210,76.942507
STU_017211,76.942507
STU_017212,76.942507
STU_017213,76.942507
STU_017214,76.942507
STU_017215,76.942507
STU_017216,76.942507
STU_017217,76.942507
STU_017218,76.942507
STU_017219,76.942507
STU_017220,76.942507
STU_017221,76.942507
STU_017222,76.942507
STU_017223,76.942507
STU_017224,76.942507
STU_017225,76.942507
STU_017226,76.942507
STU_017227,76.942507
STU_017228,76.942507
STU_017229,76.942507
STU_017230,76.942507
STU_017231,76.942507
STU_017232,76.942507
STU_017233,76.942507
STU_017234,76.942507
STU_017235,76.942507
STU_017236,76.942507
STU_017237,76.942507
STU_017238,76.942507
STU_017239,76.942507
STU_017240,76.942507
STU_017241,76.942507
STU_017242,76.942507
STU_017243,76.942507
STU_017244,76.942507
STU_017245,76.942507
STU_017246,76.942507
STU_017247,76.942507
STU_017248,76.942507
STU_017249,76.942507
STU_017250,76.942507
STU_017251,76.942507
STU_017252,76.942507
STU_017253,76.942507
STU_017254,76.942507
STU_017255,76.942507
STU_017256,76.942507
STU_017257,76.942507
STU_017258,76.942507
STU_017259,76.942507
STU_017260,76.942507
STU_017261,76.942507
STU_017262,76.942507
STU_017263,76.942507
STU_017264,76.942507
STU_017265,76.942507
STU_017266,76.942507
STU_017267,76.942507
STU_017268,76.942507
STU_017269,76.942507
STU_017270,76.942507
STU_017271,76.942507
STU_017272,76.942507
STU_017273,76.942507
STU_017274,76.942507
STU_017275,76.942507
STU_017276,76.942507
STU_017277,76.942507
STU_017278,76.942507
STU_017279,76.942507
STU_017280,76.942507
STU_017281,76.942507
STU_017282,76.942507
STU_017283,76.942507
STU_017284,76.942507
STU_017285,76.942507
STU_017286,76.942507
STU_017287,76.942507
STU_017288,76.942507
STU_017289,76.942507
STU_017290,76.942507
STU_017291,76.942507
STU_017292,76.942507
STU_017293,76.942507
STU_017294,76.942507
STU_017295,76.942507
STU_017296,76.942507
STU_017297,76.942507
STU_017298,76.942507
STU_017299,76.942507
STU_017300,76.942507
STU_017301,76.942507
STU_017302,76.942507
STU_017303,76.942507
STU_017304,76.942507
STU_017305,76.942507
STU_017306,76.942507
STU_017307,76.942507
STU_017308,76.942507
STU_017309,76.942507
STU_017310,76.942507
STU_017311,76.942507
STU_017312,76.942507
STU_017313,76.942507
STU_017314,76.942507
STU_017315,76.942507
STU_017316,76.942507
STU_017317,76.942507
STU_017318,76.942507
STU_017319,76.942507
STU_017320,76.942507
STU_017321,76.942507
STU_017322,76.942507
STU_017323,76.942507
STU_017324,76.942507
STU_017325,76.942507
STU_017326,76.942507
STU_017327,76.942507
STU_017328,76.942507
STU_017329,76.942507
STU_017330,76.942507
STU_017331,76.942507
STU_017332,76.942507
STU_017333,76.942507
STU_017334,76.942507
STU_017335,76.942507
STU_017336,76.942507
STU_017337,76.942507
STU_017338,76.942507
STU_017339,76.942507
STU_017340,76.942507
STU_017341,76.942507
STU_017342,76.942507
STU_017343,76.942507
STU_017344,76.942507
STU_017345,76.942507
STU_017346,76.942507
STU_017347,76.942507
STU_017348,76.942507
STU_017349,76.942507
STU_017350,76.942507
STU_017351,76.942507
STU_017352,76.942507
STU_017353,76.942507
STU_017354,76.942507
STU_017355,76.942507
STU_017356,76.942507
STU_017357,76.942507
STU_017358,76.942507
STU_017359,76.942507
STU_017360,76.942507
STU_017361,76.942507
STU_017362,76.942507
STU_017363,76.942507
STU_017364,76.942507
STU_017365,76.942507
STU_017366,76.942507
STU_017367,76.942507
STU_017368,76.942507
STU_017369,76.942507
STU_017370,76.942507
STU_017371,76.942507
STU_017372,76.942507
STU_017373,76.942507
STU_017374,76.942507
STU_017375,76.942507
STU_017376,76.942507
STU_017377,76.942507
STU_017378,76.942507
STU_017379,76.942507
STU_017380,76.942507
STU_017381,76.942507
STU_017382,76.942507
STU_017383,76.942507
STU_017384,76.942507
STU_017385,76.942507
STU_017386,76.942507
STU_017387,76.942507
STU_017388,76.942507
STU_017389,76.942507
STU_017390,76.942507
STU_017391,76.942507
STU_017392,76.942507
STU_017393,76.942507
STU_017394,76.942507
STU_017395,76.942507
STU_017396,76.942507
STU_017397,76.942507
STU_017398,76.942507
STU_017399,76.942507
STU_017400,76.942507
STU_017401,76.942507
STU_017402,76.942507
STU_017403,76.942507
STU_017404,76.942507
STU_017405,76.942507
STU_017406,76.942507
STU_017407,76.942507
STU_017408,76.942507
STU_017409,76.942507
STU_017410,76.942507
STU_017411,76.942507
STU_017412,76.942507
STU_017413,76.942507
STU_017414,76.942507
STU_017415,76.942507
STU_017416,76.942507
STU_017417,76.942507
STU_017418,76.942507
STU_017419,76.942507
STU_017420,76.942507
STU_017421,76.942507
STU_017422,76.942507
STU_017423,76.942507
STU_017424,76.942507
STU_017425,76.942507
STU_017426,76.942507
STU_017427,76.942507
STU_017428,76.942507
STU_017429,76.942507
STU_017430,76.942507
STU_017431,76.942507
STU_017432,76.942507
STU_017433,76.942507
STU_017434,76.942507
STU_017435,76.942507
STU_017436,76.942507
STU_017437,76.942507
STU_017438,76.942507
STU_017439,76.942507
STU_017440,76.942507
STU_017441,76.942507
STU_017442,76.942507
STU_017443,76.942507
STU_017444,76.942507
STU_017445,76.942507
STU_017446,76.942507
STU_017447,76.942507
STU_017448,76.942507
STU_017449,76.942507
STU_017450,76.942507
STU_017451,76.942507
STU_017452,76.942507
STU_017453,76.942507
STU_017454,76.942507
STU_017455,76.942507
STU_017456,76.942507
STU_017457,76.942507
STU_017458,76.942507
STU_017459,76.942507
STU_017460,76.942507
STU_017461,76.942507
STU_017462,76.942507
STU_017463,76.942507
STU_017464,76.942507
STU_017465,76.942507
STU_017466,76.942507
STU_017467,76.942507
STU_017468,76.942507
STU_017469,76.942507
STU_017470,76.942507
STU_017471,76.942507
STU_017472,76.942507
STU_017473,76.942507
STU_017474,76.942507
STU_017475,76.942507
STU_017476,76.942507
STU_017477,76.942507
STU_017478,76.942507
STU_017479,76.942507
STU_017480,76.942507
STU_017481,76.942507
STU_017482,76.942507
STU_017483,76.942507
STU_017484,76.942507
STU_017485,76.942507
STU_017486,76.942507
STU_017487,76.942507
STU_017488,76.942507
STU_017489,76.942507
STU_017490,76.942507
STU_017491,76.942507
STU_017492,76.942507
STU_017493,76.942507
STU_017494,76.942507
STU_017495,76.942507
STU_017496,76.942507
STU_017497,76.942507
STU_017498,76.942507
STU_017499,76.942507
STU_017500,76.942507
STU_017501,76.942507
STU_017502,76.942507
STU_017503,76.942507
STU_017504,76.942507
STU_017505,76.942507
STU_017506,76.942507
STU_017507,76.942507
STU_017508,76.942507
STU_017509,76.942507
STU_017510,76.942507
STU_017511,76.942507
STU_017512,76.942507
STU_017513,76.942507
STU_017514,76.942507
STU_017515,76.942507
STU_017516,76.942507
STU_017517,76.942507
STU_017518,76.942507
STU_017519,76.942507
STU_017520,76.942507
STU_017521,76.942507
STU_017522,76.942507
STU_017523,76.942507
STU_017524,76.942507
STU_017525,76.942507
STU_017526,76.942507
STU_017527,76.942507
STU_017528,76.942507
STU_017529,76.942507
STU_017530,76.942507
STU_017531,76.942507
STU_017532,76.942507
STU_017533,76.942507
STU_017534,76.942507
STU_017535,76.942507
STU_017536,76.942507
STU_017537,76.942507
STU_017538,76.942507
STU_017539,76.942507
STU_017540,76.942507
STU_017541,76.942507
STU_017542,76.942507
STU_017543,76.942507
STU_017544,76.942507
STU_017545,76.942507
STU_017546,76.942507
STU_017547,76.942507
STU_017548,76.942507
STU_017549,76.942507
STU_017550,76.942507
STU_017551,76.942507
STU_017552,76.942507
STU_017553,76.942507
STU_017554,76.942507
STU_017555,76.942507
STU_017556,76.942507
STU_017557,76.942507
STU_017558,76.942507
STU_017559,76.942507
STU_017560,76.942507
STU_017561,76.942507
STU_017562,76.942507
STU_017563,76.942507
STU_017564,76.942507
STU_017565,76.942507
STU_017566,76.942507
STU_017567,76.942507
STU_017568,76.942507
STU_017569,76.942507
STU_017570,76.942507
STU_017571,76.942507
STU_017572,76.942507
STU_017573,76.942507
STU_017574,76.942507
STU_017575,76.942507
STU_017576,76.942507
STU_017577,76.942507
STU_017578,76.942507
STU_017579,76.942507
STU_017580,76.942507
STU_017581,76.942507
STU_017582,76.942507
STU_017583,76.942507
STU_017584,76.942507
STU_017585,76.942507
STU_017586,76.942507
STU_017587,76.942507
STU_017588,76.942507
STU_017589,76.942507
STU_017590,76.942507
STU_017591,76.942507
STU_017592,76.942507
STU_017593,76.942507
STU_017594,76.942507
STU_017595,76.942507
STU_017596,76.942507
STU_017597,76.942507
STU_017598,76.942507
STU_017599,76.942507
STU_017600,76.942507
STU_017601,76.942507
STU_017602,76.942507
STU_017603,76.942507
STU_017604,76.942507
STU_017605,76.942507
STU_017606,76.942507
STU_017607,76.942507
STU_017608,76.942507
STU_017609,76.942507
STU_017610,76.942507
STU_017611,76.942507
STU_017612,76.942507
STU_017613,76.942507
STU_017614,76.942507
STU_017615,76.942507
STU_017616,76.942507
STU_017617,76.942507
STU_017618,76.942507
STU_017619,76.942507
STU_017620,76.942507
STU_017621,76.942507
STU_017622,76.942507
STU_017623,76.942507
STU_017624,76.942507
STU_017625,76.942507
STU_017626,76.942507
STU_017627,76.942507
STU_017628,76.942507
STU_017629,76.942507
STU_017630,76.942507
STU_017631,76.942507
STU_017632,76.942507
STU_017633,76.942507
STU_017634,76.942507
STU_017635,76.942507
STU_017636,76.942507
STU_017637,76.942507
STU_017638,76.942507
STU_017639,76.942507
STU_017640,76.942507
STU_017641,76.942507
STU_017642,76.942507
STU_017643,76.942507
STU_017644,76.942507
STU_017645,76.942507
STU_017646,76.942507
STU_017647,76.942507
STU_017648,76.942507
STU_017649,76.942507
STU_017650,76.942507
STU_017651,76.942507
STU_017652,76.942507
STU_017653,76.942507
STU_017654,76.942507
STU_017655,76.942507
STU_017656,76.942507
STU_017657,76.942507
STU_017658,76.942507
STU_017659,76.942507
STU_017660,76.942507
STU_017661,76.942507
STU_017662,76.942507
STU_017663,76.942507
STU_017664,76.942507
STU_017665,76.942507
STU_017666,76.942507
STU_017667,76.942507
STU_017668,76.942507
STU_017669,76.942507
STU_017670,76.942507
STU_017671,76.942507
STU_017672,76.942507
STU_017673,76.942507
STU_017674,76.942507
STU_017675,76.942507
STU_017676,76.942507
STU_017677,76.942507
STU_017678,76.942507
STU_017679,76.942507
STU_017680,76.942507
STU_017681,76.942507
STU_017682,76.942507
STU_017683,76.942507
STU_017684,76.942507
STU_017685,76.942507
STU_017686,76.942507
STU_017687,76.942507
STU_017688,76.942507
STU_017689,76.942507
STU_017690,76.942507
STU_017691,76.942507
STU_017692,76.942507
STU_017693,76.942507
STU_017694,76.942507
STU_017695,76.942507
STU_017696,76.942507
STU_017697,76.942507
STU_017698,76.942507
STU_017699,76.942507
STU_017700,76.942507
STU_017701,76.942507
STU_017702,76.942507
STU_017703,76.942507
STU_017704,76.942507
STU_017705,76.942507
STU_017706,76.942507
STU_017707,76.942507
STU_017708,76.942507
STU_017709,76.942507
STU_017710,76.942507
STU_017711,76.942507
STU_017712,76.942507
STU_017713,76.942507
STU_017714,76.942507
STU_017715,76.942507
STU_017716,76.942507
STU_017717,76.942507
STU_017718,76.942507
STU_017719,76.942507
STU_017720,76.942507
STU_017721,76.942507
STU_017722,76.942507
STU_017723,76.942507
STU_017724,76.942507
STU_017725,76.942507
STU_017726,76.942507
STU_017727,76.942507
STU_017728,76.942507
STU_017729,76.942507
STU_017730,76.942507
STU_017731,76.942507
STU_017732,76.942507
STU_017733,76.942507
STU_017734,76.942507
STU_017735,76.942507
STU_017736,76.942507
STU_017737,76.942507
STU_017738,76.942507
STU_017739,76.942507
STU_017740,76.942507
STU_017741,76.942507
STU_017742,76.942507
STU_017743,76.942507
STU_017744,76.942507
STU_017745,76.942507
STU_017746,76.942507
STU_017747,76.942507
STU_017748,76.942507
STU_017749,76.942507
STU_017750,76.942507
STU_017751,76.942507
STU_017752,76.942507
STU_017753,76.942507
STU_017754,76.942507
STU_017755,76.942507
STU_017756,76.942507
STU_017757,76.942507
STU_017758,76.942507
STU_017759,76.942507
STU_017760,76.942507
STU_017761,76.942507
STU_017762,76.942507
STU_017763,76.942507
STU_017764,76.942507
STU_017765,76.942507
STU_017766,76.942507
STU_017767,76.942507
STU_017768,76.942507
STU_017769,76.942507
STU_017770,76.942507
STU_017771,76.942507
STU_017772,76.942507
STU_017773,76.942507
STU_017774,76.942507
STU_017775,76.942507
STU_017776,76.942507
STU_017777,76.942507
STU_017778,76.942507
STU_017779,76.942507
STU_017780,76.942507
STU_017781,76.942507
STU_017782,76.942507
STU_017783,76.942507
STU_017784,76.942507
STU_017785,76.942507
STU_017786,76.942507
STU_017787,76.942507
STU_017788,76.942507
STU_017789,76.942507
STU_017790,76.942507
STU_017791,76.942507
STU_017792,76.942507
STU_017793,76.942507
STU_017794,76.942507
STU_017795,76.942507
STU_017796,76.942507
STU_017797,76.942507
STU_017798,76.942507
STU_017799,76.942507
STU_017800,76.942507
STU_017801,76.942507
STU_017802,76.942507
STU_017803,76.942507
STU_017804,76.942507
STU_017805,76.942507
STU_017806,76.942507
STU_017807,76.942507
STU_017808,76.942507
STU_017809,76.942507
STU_017810,76.942507
STU_017811,76.942507
STU_017812,76.942507
STU_017813,76.942507
STU_017814,76.942507
STU_017815,76.942507
STU_017816,76.942507
STU_017817,76.942507
STU_017818,76.942507
STU_017819,76.942507
STU_017820,76.942507
STU_017821,76.942507
STU_017822,76.942507
STU_017823,76.942507
STU_017824,76.942507
STU_017825,76.942507
STU_017826,76.942507
STU_017827,76.942507
STU_017828,76.942507
STU_017829,76.942507
STU_017830,76.942507
STU_017831,76.942507
STU_017832,76.942507
STU_017833,76.942507
STU_017834,76.942507
STU_017835,76.942507
STU_017836,76.942507
STU_017837,76.942507
STU_017838,76.942507
STU_017839,76.942507
STU_017840,76.942507
STU_017841,76.942507
STU_017842,76.942507
STU_017843,76.942507
STU_017844,76.942507
STU_017845,76.942507
STU_017846,76.942507
STU_017847,76.942507
STU_017848,76.942507
STU_017849,76.942507
STU_017850,76.942507
STU_017851,76.942507
STU_017852,76.942507
STU_017853,76.942507
STU_017854,76.942507
STU_017855,76.942507
STU_017856,76.942507
STU_017857,76.942507
STU_017858,76.942507
STU_017859,76.942507
STU_017860,76.942507
STU_017861,76.942507
STU_017862,76.942507
STU_017863,76.942507
STU_017864,76.942507
STU_017865,76.942507
STU_017866,76.942507
STU_017867,76.942507
STU_017868,76.942507
STU_017869,76.942507
STU_017870,76.942507
STU_017871,76.942507
STU_017872,76.942507
STU_017873,76.942507
STU_017874,76.942507
STU_017875,76.942507
STU_017876,76.942507
STU_017877,76.942507
STU_017878,76.942507
STU_017879,76.942507
STU_017880,76.942507
STU_017881,76.942507
STU_017882,76.942507
STU_017883,76.942507
STU_017884,76.942507
STU_017885,76.942507
STU_017886,76.942507
STU_017887,76.942507
STU_017888,76.942507
STU_017889,76.942507
STU_017890,76.942507
STU_017891,76.942507
STU_017892,76.942507
STU_017893,76.942507
STU_017894,76.942507
STU_017895,76.942507
STU_017896,76.942507
STU_017897,76.942507
STU_017898,76.942507
STU_017899,76.942507
STU_017900,76.942507
STU_017901,76.942507
STU_017902,76.942507
STU_017903,76.942507
STU_017904,76.942507
STU_017905,76.942507
STU_017906,76.942507
STU_017907,76.942507
STU_017908,76.942507
STU_017909,76.942507
STU_017910,76.942507
STU_017911,76.942507
STU_017912,76.942507
STU_017913,76.942507
STU_017914,76.942507
STU_017915,76.942507
STU_017916,76.942507
STU_017917,76.942507
STU_017918,76.942507
STU_017919,76.942507
STU_017920,76.942507
STU_017921,76.942507
STU_017922,76.942507
STU_017923,76.942507
STU_017924,76.942507
STU_017925,76.942507
STU_017926,76.942507
STU_017927,76.942507
STU_017928,76.942507
STU_017929,76.942507
STU_017930,76.942507
STU_017931,76.942507
STU_017932,76.942507
STU_017933,76.942507
STU_017934,76.942507
STU_017935,76.942507
STU_017936,76.942507
STU_017937,76.942507
STU_017938,76.942507
STU_017939,76.942507
STU_017940,76.942507
STU_017941,76.942507
STU_017942,76.942507
STU_017943,76.942507
STU_017944,76.942507
STU_017945,76.942507
STU_017946,76.942507
STU_017947,76.942507
STU_017948,76.942507
STU_017949,76.942507
STU_017950,76.942507
STU_017951,76.942507
STU_017952,76.942507
STU_017953,76.942507
STU_017954,76.942507
STU_017955,76.942507
STU_017956,76.942507
STU_017957,76.942507
STU_017958,76.942507
STU_017959,76.942507
STU_017960,76.942507
STU_017961,76.942507
STU_017962,76.942507
STU_017963,76.942507
STU_017964,76.942507
STU_017965,76.942507
STU_017966,76.942507
STU_017967,76.942507
STU_017968,76.942507
STU_017969,76.942507
STU_017970,76.942507
STU_017971,76.942507
STU_017972,76.942507
STU_017973,76.942507
STU_017974,76.942507
STU_017975,76.942507
STU_017976,76.942507
STU_017977,76.942507
STU_017978,76.942507
STU_017979,76.942507
STU_017980,76.942507
STU_017981,76.942507
STU_017982,76.942507
STU_017983,76.942507
STU_017984,76.942507
STU_017985,76.942507
STU_017986,76.942507
STU_017987,76.942507
STU_017988,76.942507
STU_017989,76.942507
STU_017990,76.942507
STU_017991,76.942507
STU_017992,76.942507
STU_017993,76.942507
STU_017994,76.942507
STU_017995,76.942507
STU_017996,76.942507
STU_017997,76.942507
STU_017998,76.942507
STU_017999,76.942507
STU_018000,76.942507
STU_018001,76.942507
STU_018002,76.942507
STU_018003,76.942507
STU_018004,76.942507
STU_018005,76.942507
STU_018006,76.942507
STU_018007,76.942507
STU_018008,76.942507
STU_018009,76.942507
STU_018010,76.942507
STU_018011,76.942507
STU_018012,76.942507
STU_018013,76.942507
STU_018014,76.942507
STU_018015,76.942507
STU_018016,76.942507
STU_018017,76.942507
STU_018018,76.942507
STU_018019,76.942507
STU_018020,76.942507
STU_018021,76.942507
STU_018022,76.942507
STU_018023,76.942507
STU_018024,76.942507
STU_018025,76.942507
STU_018026,76.942507
STU_018027,76.942507
STU_018028,76.942507
STU_018029,76.942507
STU_018030,76.942507
STU_018031,76.942507
STU_018032,76.942507
STU_018033,76.942507
STU_018034,76.942507
STU_018035,76.942507
STU_018036,76.942507
STU_018037,76.942507
STU_018038,76.942507
STU_018039,76.942507
STU_018040,76.942507
STU_018041,76.942507
STU_018042,76.942507
STU_018043,76.942507
STU_018044,76.942507
STU_018045,76.942507
STU_018046,76.942507
STU_018047,76.942507
STU_018048,76.942507
STU_018049,76.942507
STU_018050,76.942507
STU_018051,76.942507
STU_018052,76.942507
STU_018053,76.942507
STU_018054,76.942507
STU_018055,76.942507
STU_018056,76.942507
STU_018057,76.942507
STU_018058,76.942507
STU_018059,76.942507
STU_018060,76.942507
STU_018061,76.942507
STU_018062,76.942507
STU_018063,76.942507
STU_018064,76.942507
STU_018065,76.942507
STU_018066,76.942507
STU_018067,76.942507
STU_018068,76.942507
STU_018069,76.942507
STU_018070,76.942507
STU_018071,76.942507
STU_018072,76.942507
STU_018073,76.942507
STU_018074,76.942507
STU_018075,76.942507
STU_018076,76.942507
STU_018077,76.942507
STU_018078,76.942507
STU_018079,76.942507
STU_018080,76.942507
STU_018081,76.942507
STU_018082,76.942507
STU_018083,76.942507
STU_018084,76.942507
STU_018085,76.942507
STU_018086,76.942507
STU_018087,76.942507
STU_018088,76.942507
STU_018089,76.942507
STU_018090,76.942507
STU_018091,76.942507
STU_018092,76.942507
STU_018093,76.942507
STU_018094,76.942507
STU_018095,76.942507
STU_018096,76.942507
STU_018097,76.942507
STU_018098,76.942507
STU_018099,76.942507
STU_018100,76.942507
STU_018101,76.942507
STU_018102,76.942507
STU_018103,76.942507
STU_018104,76.942507
STU_018105,76.942507
STU_018106,76.942507
STU_018107,76.942507
STU_018108,76.942507
STU_018109,76.942507
STU_018110,76.942507
STU_018111,76.942507
STU_018112,76.942507
STU_018113,76.942507
STU_018114,76.942507
STU_018115,76.942507
STU_018116,76.942507
STU_018117,76.942507
STU_018118,76.942507
STU_018119,76.942507
STU_018120,76.942507
STU_018121,76.942507
STU_018122,76.942507
STU_018123,76.942507
STU_018124,76.942507
STU_018125,76.942507
STU_018126,76.942507
STU_018127,76.942507
STU_018128,76.942507
STU_018129,76.942507
STU_018130,76.942507
STU_018131,76.942507
STU_018132,76.942507
STU_018133,76.942507
STU_018134,76.942507
STU_018135,76.942507
STU_018136,76.942507
STU_018137,76.942507
STU_018138,76.942507
STU_018139,76.942507
STU_018140,76.942507
STU_018141,76.942507
STU_018142,76.942507
STU_018143,76.942507
STU_018144,76.942507
STU_018145,76.942507
STU_018146,76.942507
STU_018147,76.942507
STU_018148,76.942507
STU_018149,76.942507
STU_018150,76.942507
STU_018151,76.942507
STU_018152,76.942507
STU_018153,76.942507
STU_018154,76.942507
STU_018155,76.942507
STU_018156,76.942507
STU_018157,76.942507
STU_018158,76.942507
STU_018159,76.942507
STU_018160,76.942507
STU_018161,76.942507
STU_018162,76.942507
STU_018163,76.942507
STU_018164,76.942507
STU_018165,76.942507
STU_018166,76.942507
STU_018167,76.942507
STU_018168,76.942507
STU_018169,76.942507
STU_018170,76.942507
STU_018171,76.942507
STU_018172,76.942507
STU_018173,76.942507
STU_018174,76.942507
STU_018175,76.942507
STU_018176,76.942507
STU_018177,76.942507
STU_018178,76.942507
STU_018179,76.942507
STU_018180,76.942507
STU_018181,76.942507
STU_018182,76.942507
STU_018183,76.942507
STU_018184,76.942507
STU_018185,76.942507
STU_018186,76.942507
STU_018187,76.942507
STU_018188,76.942507
STU_018189,76.942507
STU_018190,76.942507
STU_018191,76.942507
STU_018192,76.942507
STU_018193,76.942507
STU_018194,76.942507
STU_018195,76.942507
STU_018196,76.942507
STU_018197,76.942507
STU_018198,76.942507
STU_018199,76.942507
STU_018200,76.942507
STU_018201,76.942507
STU_018202,76.942507
STU_018203,76.942507
STU_018204,76.942507
STU_018205,76.942507
STU_018206,76.942507
STU_018207,76.942507
STU_018208,76.942507
STU_018209,76.942507
STU_018210,76.942507
STU_018211,76.942507
STU_018212,76.942507
STU_018213,76.942507
STU_018214,76.942507
STU_018215,76.942507
STU_018216,76.942507
STU_018217,76.942507
STU_018218,76.942507
STU_018219,76.942507
STU_018220,76.942507
STU_018221,76.942507
STU_018222,76.942507
STU_018223,76.942507
STU_018224,76.942507
STU_018225,76.942507
STU_018226,76.942507
STU_018227,76.942507
STU_018228,76.942507
STU_018229,76.942507
STU_018230,76.942507
STU_018231,76.942507
STU_018232,76.942507
STU_018233,76.942507
STU_018234,76.942507
STU_018235,76.942507
STU_018236,76.942507
STU_018237,76.942507
STU_018238,76.942507
STU_018239,76.942507
STU_018240,76.942507
STU_018241,76.942507
STU_018242,76.942507
STU_018243,76.942507
STU_018244,76.942507
STU_018245,76.942507
STU_018246,76.942507
STU_018247,76.942507
STU_018248,76.942507
STU_018249,76.942507
STU_018250,76.942507
STU_018251,76.942507
STU_018252,76.942507
STU_018253,76.942507
STU_018254,76.942507
STU_018255,76.942507
STU_018256,76.942507
STU_018257,76.942507
STU_018258,76.942507
STU_018259,76.942507
STU_018260,76.942507
STU_018261,76.942507
STU_018262,76.942507
STU_018263,76.942507
STU_018264,76.942507
STU_018265,76.942507
STU_018266,76.942507
STU_018267,76.942507
STU_018268,76.942507
STU_018269,76.942507
STU_018270,76.942507
STU_018271,76.942507
STU_018272,76.942507
STU_018273,76.942507
STU_018274,76.942507
STU_018275,76.942507
STU_018276,76.942507
STU_018277,76.942507
STU_018278,76.942507
STU_018279,76.942507
STU_018280,76.942507
STU_018281,76.942507
STU_018282,76.942507
STU_018283,76.942507
STU_018284,76.942507
STU_018285,76.942507
STU_018286,76.942507
STU_018287,76.942507
STU_018288,76.942507
STU_018289,76.942507
STU_018290,76.942507
STU_018291,76.942507
STU_018292,76.942507
STU_018293,76.942507
STU_018294,76.942507
STU_018295,76.942507
STU_018296,76.942507
STU_018297,76.942507
STU_018298,76.942507
STU_018299,76.942507
STU_018300,76.942507
STU_018301,76.942507
STU_018302,76.942507
STU_018303,76.942507
STU_018304,76.942507
STU_018305,76.942507
STU_018306,76.942507
STU_018307,76.942507
STU_018308,76.942507
STU_018309,76.942507
STU_018310,76.942507
STU_018311,76.942507
STU_018312,76.942507
STU_018313,76.942507
STU_018314,76.942507
STU_018315,76.942507
STU_018316,76.942507
STU_018317,76.942507
STU_018318,76.942507
STU_018319,76.942507
STU_018320,76.942507
STU_018321,76.942507
STU_018322,76.942507
STU_018323,76.942507
STU_018324,76.942507
STU_018325,76.942507
STU_018326,76.942507
STU_018327,76.942507
STU_018328,76.942507
STU_018329,76.942507
STU_018330,76.942507
STU_018331,76.942507
STU_018332,76.942507
STU_018333,76.942507
STU_018334,76.942507
STU_018335,76.942507
STU_018336,76.942507
STU_018337,76.942507
STU_018338,76.942507
STU_018339,76.942507
STU_018340,76.942507
STU_018341,76.942507
STU_018342,76.942507
STU_018343,76.942507
STU_018344,76.942507
STU_018345,76.942507
STU_018346,76.942507
STU_018347,76.942507
STU_018348,76.942507
STU_018349,76.942507
STU_018350,76.942507
STU_018351,76.942507
STU_018352,76.942507
STU_018353,76.942507
STU_018354,76.942507
STU_018355,76.942507
STU_018356,76.942507
STU_018357,76.942507
STU_018358,76.942507
STU_018359,76.942507
STU_018360,76.942507
STU_018361,76.942507
STU_018362,76.942507
STU_018363,76.942507
STU_018364,76.942507
STU_018365,76.942507
STU_018366,76.942507
STU_018367,76.942507
STU_018368,76.942507
STU_018369,76.942507
STU_018370,76.942507
STU_018371,76.942507
STU_018372,76.942507
STU_018373,76.942507
STU_018374,76.942507
STU_018375,76.942507
STU_018376,76.942507
STU_018377,76.942507
STU_018378,76.942507
STU_018379,76.942507
STU_018380,76.942507
STU_018381,76.942507
STU_018382,76.942507
STU_018383,76.942507
STU_018384,76.942507
STU_018385,76.942507
STU_018386,76.942507
STU_018387,76.942507
STU_018388,76.942507
STU_018389,76.942507
STU_018390,76.942507
STU_018391,76.942507
STU_018392,76.942507
STU_018393,76.942507
STU_018394,76.942507
STU_018395,76.942507
STU_018396,76.942507
STU_018397,76.942507
STU_018398,76.942507
STU_018399,76.942507
STU_018400,76.942507
STU_018401,76.942507
STU_018402,76.942507
STU_018403,76.942507
STU_018404,76.942507
STU_018405,76.942507
STU_018406,76.942507
STU_018407,76.942507
STU_018408,76.942507
STU_018409,76.942507
STU_018410,76.942507
STU_018411,76.942507
STU_018412,76.942507
STU_018413,76.942507
STU_018414,76.942507
STU_018415,76.942507
STU_018416,76.942507
STU_018417,76.942507
STU_018418,76.942507
STU_018419,76.942507
STU_018420,76.942507
STU_018421,76.942507
STU_018422,76.942507
STU_018423,76.942507
STU_018424,76.942507
STU_018425,76.942507
STU_018426,76.942507
STU_018427,76.942507
STU_018428,76.942507
STU_018429,76.942507
STU_018430,76.942507
STU_018431,76.942507
STU_018432,76.942507
STU_018433,76.942507
STU_018434,76.942507
STU_018435,76.942507
STU_018436,76.942507
STU_018437,76.942507
STU_018438,76.942507
STU_018439,76.942507
STU_018440,76.942507
STU_018441,76.942507
STU_018442,76.942507
STU_018443,76.942507
STU_018444,76.942507
STU_018445,76.942507
STU_018446,76.942507
STU_018447,76.942507
STU_018448,76.942507
STU_018449,76.942507
STU_018450,76.942507
STU_018451,76.942507
STU_018452,76.942507
STU_018453,76.942507
STU_018454,76.942507
STU_018455,76.942507
STU_018456,76.942507
STU_018457,76.942507
STU_018458,76.942507
STU_018459,76.942507
STU_018460,76.942507
STU_018461,76.942507
STU_018462,76.942507
STU_018463,76.942507
STU_018464,76.942507
STU_018465,76.942507
STU_018466,76.942507
STU_018467,76.942507
STU_018468,76.942507
STU_018469,76.942507
STU_018470,76.942507
STU_018471,76.942507
STU_018472,76.942507
STU_018473,76.942507
STU_018474,76.942507
STU_018475,76.942507
STU_018476,76.942507
STU_018477,76.942507
STU_018478,76.942507
STU_018479,76.942507
STU_018480,76.942507
STU_018481,76.942507
STU_018482,76.942507
STU_018483,76.942507
STU_018484,76.942507
STU_018485,76.942507
STU_018486,76.942507
STU_018487,76.942507
STU_018488,76.942507
STU_018489,76.942507
STU_018490,76.942507
STU_018491,76.942507
STU_018492,76.942507
STU_018493,76.942507
STU_018494,76.942507
STU_018495,76.942507
STU_018496,76.942507
STU_018497,76.942507
STU_018498,76.942507
STU_018499,76.942507
STU_018500,76.942507
STU_018501,76.942507
STU_018502,76.942507
STU_018503,76.942507
STU_018504,76.942507
STU_018505,76.942507
STU_018506,76.942507
STU_018507,76.942507
STU_018508,76.942507
STU_018509,76.942507
STU_018510,76.942507
STU_018511,76.942507
STU_018512,76.942507
STU_018513,76.942507
STU_018514,76.942507
STU_018515,76.942507
STU_018516,76.942507
STU_018517,76.942507
STU_018518,76.942507
STU_018519,76.942507
STU_018520,76.942507
STU_018521,76.942507
STU_018522,76.942507
STU_018523,76.942507
STU_018524,76.942507
STU_018525,76.942507
STU_018526,76.942507
STU_018527,76.942507
STU_018528,76.942507
STU_018529,76.942507
STU_018530,76.942507
STU_018531,76.942507
STU_018532,76.942507
STU_018533,76.942507
STU_018534,76.942507
STU_018535,76.942507
STU_018536,76.942507
STU_018537,76.942507
STU_018538,76.942507
STU_018539,76.942507
STU_018540,76.942507
STU_018541,76.942507
STU_018542,76.942507
STU_018543,76.942507
STU_018544,76.942507
STU_018545,76.942507
STU_018546,76.942507
STU_018547,76.942507
STU_018548,76.942507
STU_018549,76.942507
STU_018550,76.942507
STU_018551,76.942507
STU_018552,76.942507
STU_018553,76.942507
STU_018554,76.942507
STU_018555,76.942507
STU_018556,76.942507
STU_018557,76.942507
STU_018558,76.942507
STU_018559,76.942507
STU_018560,76.942507
STU_018561,76.942507
STU_018562,76.942507
STU_018563,76.942507
STU_018564,76.942507
STU_018565,76.942507
STU_018566,76.942507
STU_018567,76.942507
STU_018568,76.942507
STU_018569,76.942507
STU_018570,76.942507
STU_018571,76.942507
STU_018572,76.942507
STU_018573,76.942507
STU_018574,76.942507
STU_018575,76.942507
STU_018576,76.942507
STU_018577,76.942507
STU_018578,76.942507
STU_018579,76.942507
STU_018580,76.942507
STU_018581,76.942507
STU_018582,76.942507
STU_018583,76.942507
STU_018584,76.942507
STU_018585,76.942507
STU_018586,76.942507
STU_018587,76.942507
STU_018588,76.942507
STU_018589,76.942507
STU_018590,76.942507
STU_018591,76.942507
STU_018592,76.942507
STU_018593,76.942507
STU_018594,76.942507
STU_018595,76.942507
STU_018596,76.942507
STU_018597,76.942507
STU_018598,76.942507
STU_018599,76.942507
STU_018600,76.942507
STU_018601,76.942507
STU_018602,76.942507
STU_018603,76.942507
STU_018604,76.942507
STU_018605,76.942507
STU_018606,76.942507
STU_018607,76.942507
STU_018608,76.942507
STU_018609,76.942507
STU_018610,76.942507
STU_018611,76.942507
STU_018612,76.942507
STU_018613,76.942507
STU_018614,76.942507
STU_018615,76.942507
STU_018616,76.942507
STU_018617,76.942507
STU_018618,76.942507
STU_018619,76.942507
STU_018620,76.942507
STU_018621,76.942507
STU_018622,76.942507
STU_018623,76.942507
STU_018624,76.942507
STU_018625,76.942507
STU_018626,76.942507
STU_018627,76.942507
STU_018628,76.942507
STU_018629,76.942507
STU_018630,76.942507
STU_018631,76.942507
STU_018632,76.942507
STU_018633,76.942507
STU_018634,76.942507
STU_018635,76.942507
STU_018636,76.942507
STU_018637,76.942507
STU_018638,76.942507
STU_018639,76.942507
STU_018640,76.942507
STU_018641,76.942507
STU_018642,76.942507
STU_018643,76.942507
STU_018644,76.942507
STU_018645,76.942507
STU_018646,76.942507
STU_018647,76.942507
STU_018648,76.942507
STU_018649,76.942507
STU_018650,76.942507
STU_018651,76.942507
STU_018652,76.942507
STU_018653,76.942507
STU_018654,76.942507
STU_018655,76.942507
STU_018656,76.942507
STU_018657,76.942507
STU_018658,76.942507
STU_018659,76.942507
STU_018660,76.942507
STU_018661,76.942507
STU_018662,76.942507
STU_018663,76.942507
STU_018664,76.942507
STU_018665,76.942507
STU_018666,76.942507
STU_018667,76.942507
STU_018668,76.942507
STU_018669,76.942507
STU_018670,76.942507
STU_018671,76.942507
STU_018672,76.942507
STU_018673,76.942507
STU_018674,76.942507
STU_018675,76.942507
STU_018676,76.942507
STU_018677,76.942507
STU_018678,76.942507
STU_018679,76.942507
STU_018680,76.942507
STU_018681,76.942507
STU_018682,76.942507
STU_018683,76.942507
STU_018684,76.942507
STU_018685,76.942507
STU_018686,76.942507
STU_018687,76.942507
STU_018688,76.942507
STU_018689,76.942507
STU_018690,76.942507
STU_018691,76.942507
STU_018692,76.942507
STU_018693,76.942507
STU_018694,76.942507
STU_018695,76.942507
STU_018696,76.942507
STU_018697,76.942507
STU_018698,76.942507
STU_018699,76.942507
STU_018700,76.942507
STU_018701,76.942507
STU_018702,76.942507
STU_018703,76.942507
STU_018704,76.942507
STU_018705,76.942507
STU_018706,76.942507
STU_018707,76.942507
STU_018708,76.942507
STU_018709,76.942507
STU_018710,76.942507
STU_018711,76.942507
STU_018712,76.942507
STU_018713,76.942507
STU_018714,76.942507
STU_018715,76.942507
STU_018716,76.942507
STU_018717,76.942507
STU_018718,76.942507
STU_018719,76.942507
STU_018720,76.942507
STU_018721,76.942507
STU_018722,76.942507
STU_018723,76.942507
STU_018724,76.942507
STU_018725,76.942507
STU_018726,76.942507
STU_018727,76.942507
STU_018728,76.942507
STU_018729,76.942507
STU_018730,76.942507
STU_018731,76.942507
STU_018732,76.942507
STU_018733,76.942507
STU_018734,76.942507
STU_018735,76.942507
STU_018736,76.942507
STU_018737,76.942507
STU_018738,76.942507
STU_018739,76.942507
STU_018740,76.942507
STU_018741,76.942507
STU_018742,76.942507
STU_018743,76.942507
STU_018744,76.942507
STU_018745,76.942507
STU_018746,76.942507
STU_018747,76.942507
STU_018748,76.942507
STU_018749,76.942507
STU_018750,76.942507
STU_018751,76.942507
STU_018752,76.942507
STU_018753,76.942507
STU_018754,76.942507
STU_018755,76.942507
STU_018756,76.942507
STU_018757,76.942507
STU_018758,76.942507
STU_018759,76.942507
STU_018760,76.942507
STU_018761,76.942507
STU_018762,76.942507
STU_018763,76.942507
STU_018764,76.942507
STU_018765,76.942507
STU_018766,76.942507
STU_018767,76.942507
STU_018768,76.942507
STU_018769,76.942507
STU_018770,76.942507
STU_018771,76.942507
STU_018772,76.942507
STU_018773,76.942507
STU_018774,76.942507
STU_018775,76.942507
STU_018776,76.942507
STU_018777,76.942507
STU_018778,76.942507
STU_018779,76.942507
STU_018780,76.942507
STU_018781,76.942507
STU_018782,76.942507
STU_018783,76.942507
STU_018784,76.942507
STU_018785,76.942507
STU_018786,76.942507
STU_018787,76.942507
STU_018788,76.942507
STU_018789,76.942507
STU_018790,76.942507
STU_018791,76.942507
STU_018792,76.942507
STU_018793,76.942507
STU_018794,76.942507
STU_018795,76.942507
STU_018796,76.942507
STU_018797,76.942507
STU_018798,76.942507
STU_018799,76.942507
STU_018800,76.942507
STU_018801,76.942507
STU_018802,76.942507
STU_018803,76.942507
STU_018804,76.942507
STU_018805,76.942507
STU_018806,76.942507
STU_018807,76.942507
STU_018808,76.942507
STU_018809,76.942507
STU_018810,76.942507
STU_018811,76.942507
STU_018812,76.942507
STU_018813,76.942507
STU_018814,76.942507
STU_018815,76.942507
STU_018816,76.942507
STU_018817,76.942507
STU_018818,76.942507
STU_018819,76.942507
STU_018820,76.942507
STU_018821,76.942507
STU_018822,76.942507
STU_018823,76.942507
STU_018824,76.942507
STU_018825,76.942507
STU_018826,76.942507
STU_018827,76.942507
STU_018828,76.942507
STU_018829,76.942507
STU_018830,76.942507
STU_018831,76.942507
STU_018832,76.942507
STU_018833,76.942507
STU_018834,76.942507
STU_018835,76.942507
STU_018836,76.942507
STU_018837,76.942507
STU_018838,76.942507
STU_018839,76.942507
STU_018840,76.942507
STU_018841,76.942507
STU_018842,76.942507
STU_018843,76.942507
STU_018844,76.942507
STU_018845,76.942507
STU_018846,76.942507
STU_018847,76.942507
STU_018848,76.942507
STU_018849,76.942507
STU_018850,76.942507
STU_018851,76.942507
STU_018852,76.942507
STU_018853,76.942507
STU_018854,76.942507
STU_018855,76.942507
STU_018856,76.942507
STU_018857,76.942507
STU_018858,76.942507
STU_018859,76.942507
STU_018860,76.942507
STU_018861,76.942507
STU_018862,76.942507
STU_018863,76.942507
STU_018864,76.942507
STU_018865,76.942507
STU_018866,76.942507
STU_018867,76.942507
STU_018868,76.942507
STU_018869,76.942507
STU_018870,76.942507
STU_018871,76.942507
STU_018872,76.942507
STU_018873,76.942507
STU_018874,76.942507
STU_018875,76.942507
STU_018876,76.942507
STU_018877,76.942507
STU_018878,76.942507
STU_018879,76.942507
STU_018880,76.942507
STU_018881,76.942507
STU_018882,76.942507
STU_018883,76.942507
STU_018884,76.942507
STU_018885,76.942507
STU_018886,76.942507
STU_018887,76.942507
STU_018888,76.942507
STU_018889,76.942507
STU_018890,76.942507
STU_018891,76.942507
STU_018892,76.942507
STU_018893,76.942507
STU_018894,76.942507
STU_018895,76.942507
STU_018896,76.942507
STU_018897,76.942507
STU_018898,76.942507
STU_018899,76.942507
STU_018900,76.942507
STU_018901,76.942507
STU_018902,76.942507
STU_018903,76.942507
STU_018904,76.942507
STU_018905,76.942507
STU_018906,76.942507
STU_018907,76.942507
STU_018908,76.942507
STU_018909,76.942507
STU_018910,76.942507
STU_018911,76.942507
STU_018912,76.942507
STU_018913,76.942507
STU_018914,76.942507
STU_018915,76.942507
STU_018916,76.942507
STU_018917,76.942507
STU_018918,76.942507
STU_018919,76.942507
STU_018920,76.942507
STU_018921,76.942507
STU_018922,76.942507
STU_018923,76.942507
STU_018924,76.942507
STU_018925,76.942507
STU_018926,76.942507
STU_018927,76.942507
STU_018928,76.942507
STU_018929,76.942507
STU_018930,76.942507
STU_018931,76.942507
STU_018932,76.942507
STU_018933,76.942507
STU_018934,76.942507
STU_018935,76.942507
STU_018936,76.942507
STU_018937,76.942507
STU_018938,76.942507
STU_018939,76.942507
STU_018940,76.942507
STU_018941,76.942507
STU_018942,76.942507
STU_018943,76.942507
STU_018944,76.942507
STU_018945,76.942507
STU_018946,76.942507
STU_018947,76.942507
STU_018948,76.942507
STU_018949,76.942507
STU_018950,76.942507
STU_018951,76.942507
STU_018952,76.942507
STU_018953,76.942507
STU_018954,76.942507
STU_018955,76.942507
STU_018956,76.942507
STU_018957,76.942507
STU_018958,76.942507
STU_018959,76.942507
STU_018960,76.942507
STU_018961,76.942507
STU_018962,76.942507
STU_018963,76.942507
STU_018964,76.942507
STU_018965,76.942507
STU_018966,76.942507
STU_018967,76.942507
STU_018968,76.942507
STU_018969,76.942507
STU_018970,76.942507
STU_018971,76.942507
STU_018972,76.942507
STU_018973,76.942507
STU_018974,76.942507
STU_018975,76.942507
STU_018976,76.942507
STU_018977,76.942507
STU_018978,76.942507
STU_018979,76.942507
STU_018980,76.942507
STU_018981,76.942507
STU_018982,76.942507
STU_018983,76.942507
STU_018984,76.942507
STU_018985,76.942507
STU_018986,76.942507
STU_018987,76.942507
STU_018988,76.942507
STU_018989,76.942507
STU_018990,76.942507
STU_018991,76.942507
STU_018992,76.942507
STU_018993,76.942507
STU_018994,76.942507
STU_018995,76.942507
STU_018996,76.942507
STU_018997,76.942507
STU_018998,76.942507
STU_018999,76.942507
STU_019000,76.942507
STU_019001,76.942507
STU_019002,76.942507
STU_019003,76.942507
STU_019004,76.942507
STU_019005,76.942507
STU_019006,76.942507
STU_019007,76.942507
STU_019008,76.942507
STU_019009,76.942507
STU_019010,76.942507
STU_019011,76.942507
STU_019012,76.942507
STU_019013,76.942507
STU_019014,76.942507
STU_019015,76.942507
STU_019016,76.942507
STU_019017,76.942507
STU_019018,76.942507
STU_019019,76.942507
STU_019020,76.942507
STU_019021,76.942507
STU_019022,76.942507
STU_019023,76.942507
STU_019024,76.942507
STU_019025,76.942507
STU_019026,76.942507
STU_019027,76.942507
STU_019028,76.942507
STU_019029,76.942507
STU_019030,76.942507
STU_019031,76.942507
STU_019032,76.942507
STU_019033,76.942507
STU_019034,76.942507
STU_019035,76.942507
STU_019036,76.942507
STU_019037,76.942507
STU_019038,76.942507
STU_019039,76.942507
STU_019040,76.942507
STU_019041,76.942507
STU_019042,76.942507
STU_019043,76.942507
STU_019044,76.942507
STU_019045,76.942507
STU_019046,76.942507
STU_019047,76.942507
STU_019048,76.942507
STU_019049,76.942507
STU_019050,76.942507
STU_019051,76.942507
STU_019052,76.942507
STU_019053,76.942507
STU_019054,76.942507
STU_019055,76.942507
STU_019056,76.942507
STU_019057,76.942507
STU_019058,76.942507
STU_019059,76.942507
STU_019060,76.942507
STU_019061,76.942507
STU_019062,76.942507
STU_019063,76.942507
STU_019064,76.942507
STU_019065,76.942507
STU_019066,76.942507
STU_019067,76.942507
STU_019068,76.942507
STU_019069,76.942507
STU_019070,76.942507
STU_019071,76.942507
STU_019072,76.942507
STU_019073,76.942507
STU_019074,76.942507
STU_019075,76.942507
STU_019076,76.942507
STU_019077,76.942507
STU_019078,76.942507
STU_019079,76.942507
STU_019080,76.942507
STU_019081,76.942507
STU_019082,76.942507
STU_019083,76.942507
STU_019084,76.942507
STU_019085,76.942507
STU_019086,76.942507
STU_019087,76.942507
STU_019088,76.942507
STU_019089,76.942507
STU_019090,76.942507
STU_019091,76.942507
STU_019092,76.942507
STU_019093,76.942507
STU_019094,76.942507
STU_019095,76.942507
STU_019096,76.942507
STU_019097,76.942507
STU_019098,76.942507
STU_019099,76.942507
STU_019100,76.942507
STU_019101,76.942507
STU_019102,76.942507
STU_019103,76.942507
STU_019104,76.942507
STU_019105,76.942507
STU_019106,76.942507
STU_019107,76.942507
STU_019108,76.942507
STU_019109,76.942507
STU_019110,76.942507
STU_019111,76.942507
STU_019112,76.942507
STU_019113,76.942507
STU_019114,76.942507
STU_019115,76.942507
STU_019116,76.942507
STU_019117,76.942507
STU_019118,76.942507
STU_019119,76.942507
STU_019120,76.942507
STU_019121,76.942507
STU_019122,76.942507
STU_019123,76.942507
STU_019124,76.942507
STU_019125,76.942507
STU_019126,76.942507
STU_019127,76.942507
STU_019128,76.942507
STU_019129,76.942507
STU_019130,76.942507
STU_019131,76.942507
STU_019132,76.942507
STU_019133,76.942507
STU_019134,76.942507
STU_019135,76.942507
STU_019136,76.942507
STU_019137,76.942507
STU_019138,76.942507
STU_019139,76.942507
STU_019140,76.942507
STU_019141,76.942507
STU_019142,76.942507
STU_019143,76.942507
STU_019144,76.942507
STU_019145,76.942507
STU_019146,76.942507
STU_019147,76.942507
STU_019148,76.942507
STU_019149,76.942507
STU_019150,76.942507
STU_019151,76.942507
STU_019152,76.942507
STU_019153,76.942507
STU_019154,76.942507
STU_019155,76.942507
STU_019156,76.942507
STU_019157,76.942507
STU_019158,76.942507
STU_019159,76.942507
STU_019160,76.942507
STU_019161,76.942507
STU_019162,76.942507
STU_019163,76.942507
STU_019164,76.942507
STU_019165,76.942507
STU_019166,76.942507
STU_019167,76.942507
STU_019168,76.942507
STU_019169,76.942507
STU_019170,76.942507
STU_019171,76.942507
STU_019172,76.942507
STU_019173,76.942507
STU_019174,76.942507
STU_019175,76.942507
STU_019176,76.942507
STU_019177,76.942507
STU_019178,76.942507
STU_019179,76.942507
STU_019180,76.942507
STU_019181,76.942507
STU_019182,76.942507
STU_019183,76.942507
STU_019184,76.942507
STU_019185,76.942507
STU_019186,76.942507
STU_019187,76.942507
STU_019188,76.942507
STU_019189,76.942507
STU_019190,76.942507
STU_019191,76.942507
STU_019192,76.942507
STU_019193,76.942507
STU_019194,76.942507
STU_019195,76.942507
STU_019196,76.942507
STU_019197,76.942507
STU_019198,76.942507
STU_019199,76.942507
STU_019200,76.942507
STU_019201,76.942507
STU_019202,76.942507
STU_019203,76.942507
STU_019204,76.942507
STU_019205,76.942507
STU_019206,76.942507
STU_019207,76.942507
STU_019208,76.942507
STU_019209,76.942507
STU_019210,76.942507
STU_019211,76.942507
STU_019212,76.942507
STU_019213,76.942507
STU_019214,76.942507
STU_019215,76.942507
STU_019216,76.942507
STU_019217,76.942507
STU_019218,76.942507
STU_019219,76.942507
STU_019220,76.942507
STU_019221,76.942507
STU_019222,76.942507
STU_019223,76.942507
STU_019224,76.942507
STU_019225,76.942507
STU_019226,76.942507
STU_019227,76.942507
STU_019228,76.942507
STU_019229,76.942507
STU_019230,76.942507
STU_019231,76.942507
STU_019232,76.942507
STU_019233,76.942507
STU_019234,76.942507
STU_019235,76.942507
STU_019236,76.942507
STU_019237,76.942507
STU_019238,76.942507
STU_019239,76.942507
STU_019240,76.942507
STU_019241,76.942507
STU_019242,76.942507
STU_019243,76.942507
STU_019244,76.942507
STU_019245,76.942507
STU_019246,76.942507
STU_019247,76.942507
STU_019248,76.942507
STU_019249,76.942507
STU_019250,76.942507
STU_019251,76.942507
STU_019252,76.942507
STU_019253,76.942507
STU_019254,76.942507
STU_019255,76.942507
STU_019256,76.942507
STU_019257,76.942507
STU_019258,76.942507
STU_019259,76.942507
STU_019260,76.942507
STU_019261,76.942507
STU_019262,76.942507
STU_019263,76.942507
STU_019264,76.942507
STU_019265,76.942507
STU_019266,76.942507
STU_019267,76.942507
STU_019268,76.942507
STU_019269,76.942507
STU_019270,76.942507
STU_019271,76.942507
STU_019272,76.942507
STU_019273,76.942507
STU_019274,76.942507
STU_019275,76.942507
STU_019276,76.942507
STU_019277,76.942507
STU_019278,76.942507
STU_019279,76.942507
STU_019280,76.942507
STU_019281,76.942507
STU_019282,76.942507
STU_019283,76.942507
STU_019284,76.942507
STU_019285,76.942507
STU_019286,76.942507
STU_019287,76.942507
STU_019288,76.942507
STU_019289,76.942507
STU_019290,76.942507
STU_019291,76.942507
STU_019292,76.942507
STU_019293,76.942507
STU_019294,76.942507
STU_019295,76.942507
STU_019296,76.942507
STU_019297,76.942507
STU_019298,76.942507
STU_019299,76.942507
STU_019300,76.942507
STU_019301,76.942507
STU_019302,76.942507
STU_019303,76.942507
STU_019304,76.942507
STU_019305,76.942507
STU_019306,76.942507
STU_019307,76.942507
STU_019308,76.942507
STU_019309,76.942507
STU_019310,76.942507
STU_019311,76.942507
STU_019312,76.942507
STU_019313,76.942507
STU_019314,76.942507
STU_019315,76.942507
STU_019316,76.942507
STU_019317,76.942507
STU_019318,76.942507
STU_019319,76.942507
STU_019320,76.942507
STU_019321,76.942507
STU_019322,76.942507
STU_019323,76.942507
STU_019324,76.942507
STU_019325,76.942507
STU_019326,76.942507
STU_019327,76.942507
STU_019328,76.942507
STU_019329,76.942507
STU_019330,76.942507
STU_019331,76.942507
STU_019332,76.942507
STU_019333,76.942507
STU_019334,76.942507
STU_019335,76.942507
STU_019336,76.942507
STU_019337,76.942507
STU_019338,76.942507
STU_019339,76.942507
STU_019340,76.942507
STU_019341,76.942507
STU_019342,76.942507
STU_019343,76.942507
STU_019344,76.942507
STU_019345,76.942507
STU_019346,76.942507
STU_019347,76.942507
STU_019348,76.942507
STU_019349,76.942507
STU_019350,76.942507
STU_019351,76.942507
STU_019352,76.942507
STU_019353,76.942507
STU_019354,76.942507
STU_019355,76.942507
STU_019356,76.942507
STU_019357,76.942507
STU_019358,76.942507
STU_019359,76.942507
STU_019360,76.942507
STU_019361,76.942507
STU_019362,76.942507
STU_019363,76.942507
STU_019364,76.942507
STU_019365,76.942507
STU_019366,76.942507
STU_019367,76.942507
STU_019368,76.942507
STU_019369,76.942507
STU_019370,76.942507
STU_019371,76.942507
STU_019372,76.942507
STU_019373,76.942507
STU_019374,76.942507
STU_019375,76.942507
STU_019376,76.942507
STU_019377,76.942507
STU_019378,76.942507
STU_019379,76.942507
STU_019380,76.942507
STU_019381,76.942507
STU_019382,76.942507
STU_019383,76.942507
STU_019384,76.942507
STU_019385,76.942507
STU_019386,76.942507
STU_019387,76.942507
STU_019388,76.942507
STU_019389,76.942507
STU_019390,76.942507
STU_019391,76.942507
STU_019392,76.942507
STU_019393,76.942507
STU_019394,76.942507
STU_019395,76.942507
STU_019396,76.942507
STU_019397,76.942507
STU_019398,76.942507
STU_019399,76.942507
STU_019400,76.942507
STU_019401,76.942507
STU_019402,76.942507
STU_019403,76.942507
STU_019404,76.942507
STU_019405,76.942507
STU_019406,76.942507
STU_019407,76.942507
STU_019408,76.942507
STU_019409,76.942507
STU_019410,76.942507
STU_019411,76.942507
STU_019412,76.942507
STU_019413,76.942507
STU_019414,76.942507
STU_019415,76.942507
STU_019416,76.942507
STU_019417,76.942507
STU_019418,76.942507
STU_019419,76.942507
STU_019420,76.942507
STU_019421,76.942507
STU_019422,76.942507
STU_019423,76.942507
STU_019424,76.942507
STU_019425,76.942507
STU_019426,76.942507
STU_019427,76.942507
STU_019428,76.942507
STU_019429,76.942507
STU_019430,76.942507
STU_019431,76.942507
STU_019432,76.942507
STU_019433,76.942507
STU_019434,76.942507
STU_019435,76.942507
STU_019436,76.942507
STU_019437,76.942507
STU_019438,76.942507
STU_019439,76.942507
STU_019440,76.942507
STU_019441,76.942507
STU_019442,76.942507
STU_019443,76.942507
STU_019444,76.942507
STU_019445,76.942507
STU_019446,76.942507
STU_019447,76.942507
STU_019448,76.942507
STU_019449,76.942507
STU_019450,76.942507
STU_019451,76.942507
STU_019452,76.942507
STU_019453,76.942507
STU_019454,76.942507
STU_019455,76.942507
STU_019456,76.942507
STU_019457,76.942507
STU_019458,76.942507
STU_019459,76.942507
STU_019460,76.942507
STU_019461,76.942507
STU_019462,76.942507
STU_019463,76.942507
STU_019464,76.942507
STU_019465,76.942507
STU_019466,76.942507
STU_019467,76.942507
STU_019468,76.942507
STU_019469,76.942507
STU_019470,76.942507
STU_019471,76.942507
STU_019472,76.942507
STU_019473,76.942507
STU_019474,76.942507
STU_019475,76.942507
STU_019476,76.942507
STU_019477,76.942507
STU_019478,76.942507
STU_019479,76.942507
STU_019480,76.942507
STU_019481,76.942507
STU_019482,76.942507
STU_019483,76.942507
STU_019484,76.942507
STU_019485,76.942507
STU_019486,76.942507
STU_019487,76.942507
STU_019488,76.942507
STU_019489,76.942507
STU_019490,76.942507
STU_019491,76.942507
STU_019492,76.942507
STU_019493,76.942507
STU_019494,76.942507
STU_019495,76.942507
STU_019496,76.942507
STU_019497,76.942507
STU_019498,76.942507
STU_019499,76.942507
STU_019500,76.942507
STU_019501,76.942507
STU_019502,76.942507
STU_019503,76.942507
STU_019504,76.942507
STU_019505,76.942507
STU_019506,76.942507
STU_019507,76.942507
STU_019508,76.942507
STU_019509,76.942507
STU_019510,76.942507
STU_019511,76.942507
STU_019512,76.942507
STU_019513,76.942507
STU_019514,76.942507
STU_019515,76.942507
STU_019516,76.942507
STU_019517,76.942507
STU_019518,76.942507
STU_019519,76.942507
STU_019520,76.942507
STU_019521,76.942507
STU_019522,76.942507
STU_019523,76.942507
STU_019524,76.942507
STU_019525,76.942507
STU_019526,76.942507
STU_019527,76.942507
STU_019528,76.942507
STU_019529,76.942507
STU_019530,76.942507
STU_019531,76.942507
STU_019532,76.942507
STU_019533,76.942507
STU_019534,76.942507
STU_019535,76.942507
STU_019536,76.942507
STU_019537,76.942507
STU_019538,76.942507
STU_019539,76.942507
STU_019540,76.942507
STU_019541,76.942507
STU_019542,76.942507
STU_019543,76.942507
STU_019544,76.942507
STU_019545,76.942507
STU_019546,76.942507
STU_019547,76.942507
STU_019548,76.942507
STU_019549,76.942507
STU_019550,76.942507
STU_019551,76.942507
STU_019552,76.942507
STU_019553,76.942507
STU_019554,76.942507
STU_019555,76.942507
STU_019556,76.942507
STU_019557,76.942507
STU_019558,76.942507
STU_019559,76.942507
STU_019560,76.942507
STU_019561,76.942507
STU_019562,76.942507
STU_019563,76.942507
STU_019564,76.942507
STU_019565,76.942507
STU_019566,76.942507
STU_019567,76.942507
STU_019568,76.942507
STU_019569,76.942507
STU_019570,76.942507
STU_019571,76.942507
STU_019572,76.942507
STU_019573,76.942507
STU_019574,76.942507
STU_019575,76.942507
STU_019576,76.942507
STU_019577,76.942507
STU_019578,76.942507
STU_019579,76.942507
STU_019580,76.942507
STU_019581,76.942507
STU_019582,76.942507
STU_019583,76.942507
STU_019584,76.942507
STU_019585,76.942507
STU_019586,76.942507
STU_019587,76.942507
STU_019588,76.942507
STU_019589,76.942507
STU_019590,76.942507
STU_019591,76.942507
STU_019592,76.942507
STU_019593,76.942507
STU_019594,76.942507
STU_019595,76.942507
STU_019596,76.942507
STU_019597,76.942507
STU_019598,76.942507
STU_019599,76.942507
STU_019600,76.942507
STU_019601,76.942507
STU_019602,76.942507
STU_019603,76.942507
STU_019604,76.942507
STU_019605,76.942507
STU_019606,76.942507
STU_019607,76.942507
STU_019608,76.942507
STU_019609,76.942507
STU_019610,76.942507
STU_019611,76.942507
STU_019612,76.942507
STU_019613,76.942507
STU_019614,76.942507
STU_019615,76.942507
STU_019616,76.942507
STU_019617,76.942507
STU_019618,76.942507
STU_019619,76.942507
STU_019620,76.942507
STU_019621,76.942507
STU_019622,76.942507
STU_019623,76.942507
STU_019624,76.942507
STU_019625,76.942507
STU_019626,76.942507
STU_019627,76.942507
STU_019628,76.942507
STU_019629,76.942507
STU_019630,76.942507
STU_019631,76.942507
STU_019632,76.942507
STU_019633,76.942507
STU_019634,76.942507
STU_019635,76.942507
STU_019636,76.942507
STU_019637,76.942507
STU_019638,76.942507
STU_019639,76.942507
STU_019640,76.942507
STU_019641,76.942507
STU_019642,76.942507
STU_019643,76.942507
STU_019644,76.942507
STU_019645,76.942507
STU_019646,76.942507
STU_019647,76.942507
STU_019648,76.942507
STU_019649,76.942507
STU_019650,76.942507
STU_019651,76.942507
STU_019652,76.942507
STU_019653,76.942507
STU_019654,76.942507
STU_019655,76.942507
STU_019656,76.942507
STU_019657,76.942507
STU_019658,76.942507
STU_019659,76.942507
STU_019660,76.942507
STU_019661,76.942507
STU_019662,76.942507
STU_019663,76.942507
STU_019664,76.942507
STU_019665,76.942507
STU_019666,76.942507
STU_019667,76.942507
STU_019668,76.942507
STU_019669,76.942507
STU_019670,76.942507
STU_019671,76.942507
STU_019672,76.942507
STU_019673,76.942507
STU_019674,76.942507
STU_019675,76.942507
STU_019676,76.942507
STU_019677,76.942507
STU_019678,76.942507
STU_019679,76.942507
STU_019680,76.942507
STU_019681,76.942507
STU_019682,76.942507
STU_019683,76.942507
STU_019684,76.942507
STU_019685,76.942507
STU_019686,76.942507
STU_019687,76.942507
STU_019688,76.942507
STU_019689,76.942507
STU_019690,76.942507
STU_019691,76.942507
STU_019692,76.942507
STU_019693,76.942507
STU_019694,76.942507
STU_019695,76.942507
STU_019696,76.942507
STU_019697,76.942507
STU_019698,76.942507
STU_019699,76.942507
STU_019700,76.942507
STU_019701,76.942507
STU_019702,76.942507
STU_019703,76.942507
STU_019704,76.942507
STU_019705,76.942507
STU_019706,76.942507
STU_019707,76.942507
STU_019708,76.942507
STU_019709,76.942507
STU_019710,76.942507
STU_019711,76.942507
STU_019712,76.942507
STU_019713,76.942507
STU_019714,76.942507
STU_019715,76.942507
STU_019716,76.942507
STU_019717,76.942507
STU_019718,76.942507
STU_019719,76.942507
STU_019720,76.942507
STU_019721,76.942507
STU_019722,76.942507
STU_019723,76.942507
STU_019724,76.942507
STU_019725,76.942507
STU_019726,76.942507
STU_019727,76.942507
STU_019728,76.942507
STU_019729,76.942507
STU_019730,76.942507
STU_019731,76.942507
STU_019732,76.942507
STU_019733,76.942507
STU_019734,76.942507
STU_019735,76.942507
STU_019736,76.942507
STU_019737,76.942507
STU_019738,76.942507
STU_019739,76.942507
STU_019740,76.942507
STU_019741,76.942507
STU_019742,76.942507
STU_019743,76.942507
STU_019744,76.942507
STU_019745,76.942507
STU_019746,76.942507
STU_019747,76.942507
STU_019748,76.942507
STU_019749,76.942507
STU_019750,76.942507
STU_019751,76.942507
STU_019752,76.942507
STU_019753,76.942507
STU_019754,76.942507
STU_019755,76.942507
STU_019756,76.942507
STU_019757,76.942507
STU_019758,76.942507
STU_019759,76.942507
STU_019760,76.942507
STU_019761,76.942507
STU_019762,76.942507
STU_019763,76.942507
STU_019764,76.942507
STU_019765,76.942507
STU_019766,76.942507
STU_019767,76.942507
STU_019768,76.942507
STU_019769,76.942507
STU_019770,76.942507
STU_019771,76.942507
STU_019772,76.942507
STU_019773,76.942507
STU_019774,76.942507
STU_019775,76.942507
STU_019776,76.942507
STU_019777,76.942507
STU_019778,76.942507
STU_019779,76.942507
STU_019780,76.942507
STU_019781,76.942507
STU_019782,76.942507
STU_019783,76.942507
STU_019784,76.942507
STU_019785,76.942507
STU_019786,76.942507
STU_019787,76.942507
STU_019788,76.942507
STU_019789,76.942507
STU_019790,76.942507
STU_019791,76.942507
STU_019792,76.942507
STU_019793,76.942507
STU_019794,76.942507
STU_019795,76.942507
STU_019796,76.942507
STU_019797,76.942507
STU_019798,76.942507
STU_019799,76.942507
STU_019800,76.942507
STU_019801,76.942507
STU_019802,76.942507
STU_019803,76.942507
STU_019804,76.942507
STU_019805,76.942507
STU_019806,76.942507
STU_019807,76.942507
STU_019808,76.942507
STU_019809,76.942507
STU_019810,76.942507
STU_019811,76.942507
STU_019812,76.942507
STU_019813,76.942507
STU_019814,76.942507
STU_019815,76.942507
STU_019816,76.942507
STU_019817,76.942507
STU_019818,76.942507
STU_019819,76.942507
STU_019820,76.942507
STU_019821,76.942507
STU_019822,76.942507
STU_019823,76.942507
STU_019824,76.942507
STU_019825,76.942507
STU_019826,76.942507
STU_019827,76.942507
STU_019828,76.942507
STU_019829,76.942507
STU_019830,76.942507
STU_019831,76.942507
STU_019832,76.942507
STU_019833,76.942507
STU_019834,76.942507
STU_019835,76.942507
STU_019836,76.942507
STU_019837,76.942507
STU_019838,76.942507
STU_019839,76.942507
STU_019840,76.942507
STU_019841,76.942507
STU_019842,76.942507
STU_019843,76.942507
STU_019844,76.942507
STU_019845,76.942507
STU_019846,76.942507
STU_019847,76.942507
STU_019848,76.942507
STU_019849,76.942507
STU_019850,76.942507
STU_019851,76.942507
STU_019852,76.942507
STU_019853,76.942507
STU_019854,76.942507
STU_019855,76.942507
STU_019856,76.942507
STU_019857,76.942507
STU_019858,76.942507
STU_019859,76.942507
STU_019860,76.942507
STU_019861,76.942507
STU_019862,76.942507
STU_019863,76.942507
STU_019864,76.942507
STU_019865,76.942507
STU_019866,76.942507
STU_019867,76.942507
STU_019868,76.942507
STU_019869,76.942507
STU_019870,76.942507
STU_019871,76.942507
STU_019872,76.942507
STU_019873,76.942507
STU_019874,76.942507
STU_019875,76.942507
STU_019876,76.942507
STU_019877,76.942507
STU_019878,76.942507
STU_019879,76.942507
STU_019880,76.942507
STU_019881,76.942507
STU_019882,76.942507
STU_019883,76.942507
STU_019884,76.942507
STU_019885,76.942507
STU_019886,76.942507
STU_019887,76.942507
STU_019888,76.942507
STU_019889,76.942507
STU_019890,76.942507
STU_019891,76.942507
STU_019892,76.942507
STU_019893,76.942507
STU_019894,76.942507
STU_019895,76.942507
STU_019896,76.942507
STU_019897,76.942507
STU_019898,76.942507
STU_019899,76.942507
STU_019900,76.942507
STU_019901,76.942507
STU_019902,76.942507
STU_019903,76.942507
STU_019904,76.942507
STU_019905,76.942507
STU_019906,76.942507
STU_019907,76.942507
STU_019908,76.942507
STU_019909,76.942507
STU_019910,76.942507
STU_019911,76.942507
STU_019912,76.942507
STU_019913,76.942507
STU_019914,76.942507
STU_019915,76.942507
STU_019916,76.942507
STU_019917,76.942507
STU_019918,76.942507
STU_019919,76.942507
STU_019920,76.942507
STU_019921,76.942507
STU_019922,76.942507
STU_019923,76.942507
STU_019924,76.942507
STU_019925,76.942507
STU_019926,76.942507
STU_019927,76.942507
STU_019928,76.942507
STU_019929,76.942507
STU_019930,76.942507
STU_019931,76.942507
STU_019932,76.942507
STU_019933,76.942507
STU_019934,76.942507
STU_019935,76.942507
STU_019936,76.942507
STU_019937,76.942507
STU_019938,76.942507
STU_019939,76.942507
STU_019940,76.942507
STU_019941,76.942507
STU_019942,76.942507
STU_019943,76.942507
STU_019944,76.942507
STU_019945,76.942507
STU_019946,76.942507
STU_019947,76.942507
STU_019948,76.942507
STU_019949,76.942507
STU_019950,76.942507
STU_019951,76.942507
STU_019952,76.942507
STU_019953,76.942507
STU_019954,76.942507
STU_019955,76.942507
STU_019956,76.942507
STU_019957,76.942507
STU_019958,76.942507
STU_019959,76.942507
STU_019960,76.942507
STU_019961,76.942507
STU_019962,76.942507
STU_019963,76.942507
STU_019964,76.942507
STU_019965,76.942507
STU_019966,76.942507
STU_019967,76.942507
STU_019968,76.942507
STU_019969,76.942507
STU_019970,76.942507
STU_019971,76.942507
STU_019972,76.942507
STU_019973,76.942507
STU_019974,76.942507
STU_019975,76.942507
STU_019976,76.942507
STU_019977,76.942507
STU_019978,76.942507
STU_019979,76.942507
STU_019980,76.942507
STU_019981,76.942507
STU_019982,76.942507
STU_019983,76.942507
STU_019984,76.942507
STU_019985,76.942507
STU_019986,76.942507
STU_019987,76.942507
STU_019988,76.942507
STU_019989,76.942507
STU_019990,76.942507
STU_019991,76.942507
STU_019992,76.942507
STU_019993,76.942507
STU_019994,76.942507
STU_019995,76.942507
STU_019996,76.942507
STU_019997,76.942507
STU_019998,76.942507
STU_019999,76.942507
STU_020000,76.942507
