student_id,career_success_score
STU_010001,56.44491150333572
STU_010002,76.28787306131645
STU_010003,74.6581236199734
STU_010004,97.92510382942642
STU_010005,77.72017893152086
STU_010006,73.36369201099045
STU_010007,74.10033644315675
STU_010008,76.73219526411276
STU_010009,70.3702688609539
STU_010010,56.93076117918824
STU_010011,94.40813186480321
STU_010012,78.40965547329776
STU_010013,81.83640311745282
STU_010014,91.27211285809815
STU_010015,51.236652492601706
STU_010016,68.79057986121937
STU_010017,57.77876635268874
STU_010018,57.67346016923598
STU_010019,86.2844927549547
STU_010020,69.90971861436338
STU_010021,84.76089835891364
STU_010022,96.03475095609161
STU_010023,93.30275585296428
STU_010024,66.88367280987556
STU_010025,79.37731686362429
STU_010026,88.9223802482526
STU_010027,76.21702533341966
STU_010028,87.2592836506837
STU_010029,97.39576831956096
STU_010030,61.99357131671512
STU_010031,63.227590022206115
STU_010032,91.05128940158087
STU_010033,56.2441553813528
STU_010034,88.13829790323837
STU_010035,79.3104109895645
STU_010036,66.68857866091147
STU_010037,66.91166663046772
STU_010038,90.34243574865107
STU_010039,64.05760137721953
STU_010040,83.26680429124144
STU_010041,91.57157976276471
STU_010042,62.83646801988548
STU_010043,84.92725962229804
STU_010044,71.67554972526403
STU_010045,81.21862025539197
STU_010046,58.247185707083204
STU_010047,68.7327242345477
STU_010048,82.95611343666377
STU_010049,50.24968320523836
STU_010050,60.99690978357721
STU_010051,74.28217383239607
STU_010052,65.57322886441693
STU_010053,61.25309685201757
STU_010054,69.75012227904998
STU_010055,65.09950399081146
STU_010056,61.604744667911675
STU_010057,64.14326588111636
STU_010058,99.29221889515466
STU_010059,88.42342067717044
STU_010060,72.33199266906479
STU_010061,39.48211084991706
STU_010062,77.80679666670318
STU_010063,65.7257683331813
STU_010064,89.50134955679624
STU_010065,54.73495064581071
STU_010066,59.44471096103599
STU_010067,91.30926420832144
STU_010068,57.918652168234274
STU_010069,66.17334009715108
STU_010070,60.0104450609818
STU_010071,95.1153872142736
STU_010072,67.57166750905179
STU_010073,95.23652227887796
STU_010074,57.78083587694259
STU_010075,77.3799293688553
STU_010076,95.76750933400747
STU_010077,84.60713803020563
STU_010078,86.94887297553369
STU_010079,79.91999004080677
STU_010080,80.87952811037495
STU_010081,61.54796738616446
STU_010082,77.77404041329812
STU_010083,78.64692574138166
STU_010084,80.9351222621817
STU_010085,73.1583215282121
STU_010086,78.05529973829155
STU_010087,71.92991726444232
STU_010088,66.66909309533061
STU_010089,85.47664466728685
STU_010090,77.04675571013712
STU_010091,55.512888309967124
STU_010092,70.0102432692417
STU_010093,63.050697484463996
STU_010094,90.36932527394714
STU_010095,55.39987099189051
STU_010096,82.48070074926427
STU_010097,70.01066401528067
STU_010098,83.92188631200081
STU_010099,69.0978656112466
STU_010100,70.88143570859397
STU_010101,78.43679674519575
STU_010102,63.81214354380166
STU_010103,89.95964846137744
STU_010104,54.452887077356806
STU_010105,96.62817529405355
STU_010106,50.70293253866697
STU_010107,81.13752638410637
STU_010108,78.12333269711769
STU_010109,70.09014330124924
STU_010110,79.82067862191232
STU_010111,89.65412458510579
STU_010112,81.64640504141076
STU_010113,69.7155647402983
STU_010114,83.33281375854327
STU_010115,79.1616580997667
STU_010116,90.96624056397457
STU_010117,79.41941893541785
STU_010118,90.55128394561912
STU_010119,69.21942519964797
STU_010120,69.48220315543438
STU_010121,79.7673123045007
STU_010122,74.5131121546321
STU_010123,93.58891807630799
STU_010124,74.01479292049576
STU_010125,85.44631180152554
STU_010126,71.47341629952085
STU_010127,57.17613322706449
STU_010128,91.40942026315673
STU_010129,81.66106363464567
STU_010130,73.58595913646779
STU_010131,61.980220912846704
STU_010132,71.87652945077242
STU_010133,73.64616658755838
STU_010134,67.02077576306904
STU_010135,42.16153237157745
STU_010136,70.74751340442957
STU_010137,62.0154806991133
STU_010138,77.20963378098142
STU_010139,79.17984049696999
STU_010140,87.94585439795925
STU_010141,61.95355182572341
STU_010142,86.6556150979761
STU_010143,73.96447140643063
STU_010144,75.5335432064326
STU_010145,94.33811143313915
STU_010146,78.52295098830751
STU_010147,52.10976310649021
STU_010148,54.647350426225785
STU_010149,60.751426077811075
STU_010150,91.45652916118723
STU_010151,71.09599276003064
STU_010152,84.07277546013695
STU_010153,72.97092673779626
STU_010154,81.05704431180281
STU_010155,63.64611166022381
STU_010156,93.54769832861874
STU_010157,99.90740299224854
STU_010158,70.99292806610626
STU_010159,84.87900211833653
STU_010160,64.40209990434067
STU_010161,94.39872608953901
STU_010162,99.46396896209204
STU_010163,78.7108965349132
STU_010164,72.63619145507725
STU_010165,73.52116314360111
STU_010166,88.60586506228046
STU_010167,85.11368091765372
STU_010168,76.8280953023127
STU_010169,71.90711070433352
STU_010170,88.14631420608958
STU_010171,70.76558410528824
STU_010172,99.68275095657285
STU_010173,70.01579118214525
STU_010174,76.20837015774475
STU_010175,76.64849747206654
STU_010176,68.16255597133171
STU_010177,91.02764657005204
STU_010178,82.50625961989569
STU_010179,81.53560640663909
STU_010180,78.44977944623105
STU_010181,76.53968709390571
STU_010182,74.629751474069
STU_010183,78.3475089504211
STU_010184,84.07923331558064
STU_010185,65.13850112674707
STU_010186,87.36986596486929
STU_010187,63.88354723102606
STU_010188,90.0245224019724
STU_010189,74.72266965163391
STU_010190,59.00774997071744
STU_010191,47.67409797587197
STU_010192,85.3241951283803
STU_010193,61.557048612899834
STU_010194,85.58595718041695
STU_010195,83.82016501030026
STU_010196,68.87479316733172
STU_010197,76.67610153737445
STU_010198,83.01284892976463
STU_010199,96.81176936262287
STU_010200,71.62273711802415
STU_010201,99.12026704548654
STU_010202,78.98477278714837
STU_010203,72.37461196333987
STU_010204,93.95640942271636
STU_010205,83.97168397938783
STU_010206,91.01916643488784
STU_010207,49.72037773762382
STU_010208,71.68209101241484
STU_010209,63.4901916589906
STU_010210,88.7634775493699
STU_010211,74.04059642437193
STU_010212,91.90524898627244
STU_010213,89.75602023011751
STU_010214,65.87126898259328
STU_010215,68.51633520253677
STU_010216,59.30251874983564
STU_010217,82.79132349662464
STU_010218,57.71400152425339
STU_010219,83.32792481716152
STU_010220,68.8459221782218
STU_010221,81.02879606398432
STU_010222,56.03996524372137
STU_010223,78.40363527862861
STU_010224,99.75651844012744
STU_010225,60.37069131110786
STU_010226,86.84725212116393
STU_010227,57.05812936066085
STU_010228,88.6816550867961
STU_010229,75.34998818978846
STU_010230,60.848982684169556
STU_010231,53.52410211395389
STU_010232,94.51792932641264
STU_010233,59.44895110148791
STU_010234,80.32713618352493
STU_010235,49.25521777154983
STU_010236,91.80607526938986
STU_010237,82.63408240571398
STU_010238,74.30186655725572
STU_010239,50.53464372201135
STU_010240,72.48039888646032
STU_010241,81.42059006286755
STU_010242,78.2445584669625
STU_010243,64.17661713065161
STU_010244,88.59758773929863
STU_010245,58.293951403332066
STU_010246,47.02584051053753
STU_010247,94.18025539637185
STU_010248,85.9274951527571
STU_010249,68.27819831910568
STU_010250,97.34749345664684
STU_010251,76.1992361705396
STU_010252,99.91139109134673
STU_010253,62.385206438233936
STU_010254,96.38316501920784
STU_010255,67.56552545221255
STU_010256,61.2430188198896
STU_010257,75.01837659033666
STU_010258,81.639142941199
STU_010259,79.95987082916771
STU_010260,62.69026772670924
STU_010261,63.15472331799384
STU_010262,54.642890728320225
STU_010263,57.87537890539035
STU_010264,99.84696292877197
STU_010265,69.29330121055881
STU_010266,80.8586529236274
STU_010267,64.4558388027943
STU_010268,84.12225955218048
STU_010269,75.91232808254924
STU_010270,90.11145531149664
STU_010271,83.65513747814913
STU_010272,63.77090073307222
STU_010273,80.35728996097691
STU_010274,63.8480677699644
STU_010275,90.55463801778754
STU_010276,62.70989041665371
STU_010277,82.23709134115086
STU_010278,84.03820516397712
STU_010279,64.15705585182533
STU_010280,67.11780102473213
STU_010281,60.3037740610916
STU_010282,67.22966211855359
STU_010283,83.24243053126781
STU_010284,66.99836281045833
STU_010285,58.000358880484406
STU_010286,78.2230734632476
STU_010287,92.03568315957568
STU_010288,62.5462250866985
STU_010289,54.95322291987752
STU_010290,82.6743574646118
STU_010291,46.35817634778724
STU_010292,86.54520529953999
STU_010293,64.80155717428046
STU_010294,59.4472753482497
STU_010295,69.32117375806305
STU_010296,83.35244195116238
STU_010297,83.91109960660341
STU_010298,94.54758460071557
STU_010299,88.89469773335159
STU_010300,61.400513591227636
STU_010301,78.65431794345159
STU_010302,82.14552469685435
STU_010303,70.50154510925577
STU_010304,58.95594366441665
STU_010305,79.72202196295038
STU_010306,62.018545815761165
STU_010307,65.47812482761562
STU_010308,76.31008534798102
STU_010309,70.52712558721164
STU_010310,56.582624808219464
STU_010311,64.08292069683031
STU_010312,77.30656301564122
STU_010313,77.92325566921707
STU_010314,84.73308778196031
STU_010315,87.67217495663527
STU_010316,91.33386052220528
STU_010317,86.48010203376269
STU_010318,73.18323204160191
STU_010319,90.17320523976483
STU_010320,97.96535276411242
STU_010321,66.78924757404415
STU_010322,93.54680992896066
STU_010323,73.42689080885205
STU_010324,93.41508730517862
STU_010325,92.85146607517956
STU_010326,78.40715092183207
STU_010327,65.30508827269873
STU_010328,81.78385235116222
STU_010329,93.13447138344387
STU_010330,83.77311724128458
STU_010331,96.88722530614955
STU_010332,62.988112153784094
STU_010333,99.98039865493774
STU_010334,72.97336667920872
STU_010335,91.77846663881823
STU_010336,54.57405610023279
STU_010337,62.45521158644889
STU_010338,84.49180457769958
STU_010339,77.76782643943484
STU_010340,62.10653092103246
STU_010341,95.55247331180712
STU_010342,59.79902935878406
STU_010343,60.33941134223596
STU_010344,78.3699872794947
STU_010345,82.49665436265978
STU_010346,88.15640106776513
STU_010347,51.97168248727103
STU_010348,61.148686675539444
STU_010349,85.85645460377766
STU_010350,82.48376199976248
STU_010351,71.83175680079204
STU_010352,70.67545682728705
STU_010353,94.69077291623115
STU_010354,73.83535915310291
STU_010355,77.09915868073664
STU_010356,86.34632034443592
STU_010357,92.98481037669355
STU_010358,78.0677965020783
STU_010359,61.99306935913007
STU_010360,69.61822195612717
STU_010361,97.96483368108512
STU_010362,74.06277054261228
STU_010363,77.06520501485238
STU_010364,95.70262582790109
STU_010365,84.34002732616631
STU_010366,95.2207807291071
STU_010367,70.18957498202477
STU_010368,64.53243113724918
STU_010369,90.48277613140925
STU_010370,82.38174256255483
STU_010371,68.0268200286115
STU_010372,76.35715850658386
STU_010373,71.38263891971278
STU_010374,83.4883557662726
STU_010375,98.18862587283465
STU_010376,54.80550778792323
STU_010377,76.91091496355281
STU_010378,76.80297099958126
STU_010379,69.60783378749898
STU_010380,62.74657778875208
STU_010381,74.23044849976209
STU_010382,90.4505858812997
STU_010383,79.56489048841503
STU_010384,93.3007482121566
STU_010385,79.793100111108
STU_010386,62.663588601428195
STU_010387,60.97676157788359
STU_010388,96.43140819072804
STU_010389,72.28672991635699
STU_010390,55.80236466285828
STU_010391,62.78912623822917
STU_010392,75.59512402630921
STU_010393,81.01259954282091
STU_010394,75.79805264784011
STU_010395,75.90136126149835
STU_010396,79.48656800309845
STU_010397,86.42620158203972
STU_010398,86.50411018557179
STU_010399,61.98059373102657
STU_010400,74.05161838228126
STU_010401,48.74769736860998
STU_010402,68.08099284906396
STU_010403,77.06261389590969
STU_010404,86.85895424198182
STU_010405,81.75978550004596
STU_010406,75.55859938842778
STU_010407,92.05333426635283
STU_010408,66.45420748143573
STU_010409,96.3638305499488
STU_010410,65.79153164273555
STU_010411,90.19394769504157
STU_010412,95.28698167526706
STU_010413,85.6673314957768
STU_010414,84.45791857072531
STU_010415,88.5095622094602
STU_010416,82.3699037951048
STU_010417,99.0882719450868
STU_010418,72.37616870493137
STU_010419,94.21992042914081
STU_010420,87.58139476587047
STU_010421,83.95762634027923
STU_010422,72.04605301443985
STU_010423,74.23314969966017
STU_010424,52.556115330157624
STU_010425,54.55050213480648
STU_010426,73.62159337912867
STU_010427,62.31011802659114
STU_010428,71.92038684435924
STU_010429,52.81004531349885
STU_010430,87.86901124673145
STU_010431,49.302442908900204
STU_010432,72.24347543999465
STU_010433,73.12578698653816
STU_010434,88.59731590353357
STU_010435,61.058812163214405
STU_010436,77.63060637511548
STU_010437,51.35894393999007
STU_010438,99.73994970321655
STU_010439,67.47900173836787
STU_010440,88.77260374561013
STU_010441,58.10706138331069
STU_010442,72.85624761864318
STU_010443,81.6860558063519
STU_010444,69.58247708476583
STU_010445,72.56951939234
STU_010446,45.99074183667072
STU_010447,79.92523605688501
STU_010448,73.2227153358438
STU_010449,69.80979391991535
STU_010450,62.6900946575126
STU_010451,91.94704894627566
STU_010452,81.98453885384285
STU_010453,70.66015505066638
STU_010454,67.03747168826413
STU_010455,48.681731432779145
STU_010456,83.47875430071531
STU_010457,73.98082266965059
STU_010458,84.9820097836073
STU_010459,76.41457109946494
STU_010460,68.6066792057355
STU_010461,68.45223645815032
STU_010462,56.37845190926197
STU_010463,86.33049093244311
STU_010464,88.4836927425441
STU_010465,53.71536023846879
STU_010466,67.15310167068144
STU_010467,78.72324456962575
STU_010468,70.99136332703767
STU_010469,79.85060341756805
STU_010470,69.56862695119793
STU_010471,98.01596661590992
STU_010472,55.095672628483165
STU_010473,85.4000094344727
STU_010474,85.43093392803975
STU_010475,79.25934792918846
STU_010476,63.91637823974448
STU_010477,70.0718880637676
STU_010478,94.8087151666036
STU_010479,61.53059052948472
STU_010480,70.10237493480942
STU_010481,63.201594320423595
STU_010482,75.79658389328628
STU_010483,92.63293766075029
STU_010484,73.69347463931746
STU_010485,47.57875319554425
STU_010486,71.73984404050205
STU_010487,93.49578635148535
STU_010488,81.6646854162492
STU_010489,81.75367763901241
STU_010490,82.13564018405319
STU_010491,71.9137319956326
STU_010492,74.15039383352124
STU_010493,79.71069065139424
STU_010494,59.22611727160154
STU_010495,40.08016113343865
STU_010496,97.0192200972848
STU_010497,64.907649327885
STU_010498,73.24459022662114
STU_010499,66.98348670821653
STU_010500,70.2781500853747
STU_010501,75.92539697744668
STU_010502,67.80052868238539
STU_010503,77.71899710619637
STU_010504,70.0556331450527
STU_010505,61.07100022831525
STU_010506,89.00865045886366
STU_010507,67.17587051636409
STU_010508,63.31284979113285
STU_010509,80.32414040307265
STU_010510,48.98174766302732
STU_010511,60.12321163616696
STU_010512,72.23771162349183
STU_010513,92.50619023103374
STU_010514,73.51972322764334
STU_010515,86.36484445984611
STU_010516,81.773938354453
STU_010517,98.59548823258785
STU_010518,51.00681020622344
STU_010519,85.30507129461509
STU_010520,86.25641788414336
STU_010521,98.17776126642471
STU_010522,72.48555769908839
STU_010523,82.32378193146084
STU_010524,88.9044157868593
STU_010525,67.21614920369227
STU_010526,55.29297184140373
STU_010527,86.46723677132545
STU_010528,83.16558966030303
STU_010529,48.63573899580343
STU_010530,75.28368701337192
STU_010531,65.99764873214168
STU_010532,58.719296571099264
STU_010533,83.6180309266561
STU_010534,78.41313940169798
STU_010535,86.12570420647793
STU_010536,77.42787846233873
STU_010537,77.18090217368373
STU_010538,78.25487651782078
STU_010539,60.62768539485996
STU_010540,48.99947714201858
STU_010541,86.97394204978785
STU_010542,99.76913660086544
STU_010543,81.70740597301665
STU_010544,73.39167103441969
STU_010545,81.30785465869536
STU_010546,70.84995798485491
STU_010547,77.94786320075013
STU_010548,99.87616820335388
STU_010549,64.4337259589319
STU_010550,78.72646513156228
STU_010551,58.101705072541094
STU_010552,96.38301016214854
STU_010553,97.68752577872918
STU_010554,87.60667860360789
STU_010555,75.86930914764946
STU_010556,61.238407490389264
STU_010557,76.59211107690159
STU_010558,77.3014857052431
STU_010559,77.2908754769773
STU_010560,76.69839989973745
STU_010561,97.13084477898643
STU_010562,57.67080698837286
STU_010563,63.75086325613717
STU_010564,63.246605445414204
STU_010565,91.0350199371566
STU_010566,60.02555849732371
STU_010567,72.55199633279253
STU_010568,78.11293313699522
STU_010569,95.28558007628337
STU_010570,55.23450238065101
STU_010571,92.80361010574487
STU_010572,72.55972949338688
STU_010573,95.9130015425151
STU_010574,69.68815168788481
STU_010575,64.63723947596843
STU_010576,51.45753801091642
STU_010577,64.19032737761015
STU_010578,70.29012426865528
STU_010579,83.85387306202176
STU_010580,60.928355231100895
STU_010581,49.2849199970039
STU_010582,77.56176671882864
STU_010583,77.35108941208702
STU_010584,93.45058212510165
STU_010585,77.21150780880737
STU_010586,99.63051034701986
STU_010587,72.6783407674296
STU_010588,71.23652702280415
STU_010589,99.30888207727966
STU_010590,87.878702330994
STU_010591,72.25671691817789
STU_010592,96.08792122359618
STU_010593,83.80042044862749
STU_010594,51.409064826877774
STU_010595,81.5555766338549
STU_010596,74.56253807338081
STU_010597,61.050160020884306
STU_010598,93.52311486362635
STU_010599,67.45461922624975
STU_010600,72.58927559771668
STU_010601,81.9595884240549
STU_010602,68.60831420541632
STU_010603,79.31994120104248
STU_010604,73.96539685793135
STU_010605,62.36514260615282
STU_010606,94.74474940822714
STU_010607,85.2132856445155
STU_010608,64.97859515155479
STU_010609,78.12335956952617
STU_010610,77.22823498620322
STU_010611,87.48870355771426
STU_010612,58.11418259769594
STU_010613,93.61500098408881
STU_010614,99.9815239906311
STU_010615,89.46011693940466
STU_010616,89.67162802705175
STU_010617,56.03531562965534
STU_010618,81.59382142797129
STU_010619,98.85927855891316
STU_010620,66.86988344478432
STU_010621,66.83676351914514
STU_010622,56.833958180178854
STU_010623,86.60040537999163
STU_010624,60.15573923396931
STU_010625,67.69259504369475
STU_010626,90.38228584796414
STU_010627,91.48375877725603
STU_010628,59.46553517847261
STU_010629,80.71125813721143
STU_010630,78.49607615300101
STU_010631,92.66030511468652
STU_010632,65.93700225832212
STU_010633,75.63446376319315
STU_010634,76.87637574929633
STU_010635,61.89440180104979
STU_010636,81.1068969740518
STU_010637,63.02372055455367
STU_010638,75.10207099660227
STU_010639,67.76155249128534
STU_010640,57.26593042417901
STU_010641,67.02607403674774
STU_010642,97.28220571074442
STU_010643,88.79935232153167
STU_010644,73.2158391112126
STU_010645,81.80124918537118
STU_010646,96.04157845841272
STU_010647,68.1217438222721
STU_010648,73.1972172999994
STU_010649,75.05482047006805
STU_010650,85.58603971238378
STU_010651,80.7966175125402
STU_010652,67.8384370726404
STU_010653,86.5845188568653
STU_010654,88.09554445037395
STU_010655,88.29736389000536
STU_010656,75.75623573719913
STU_010657,78.77297432232403
STU_010658,73.87657557544092
STU_010659,94.77592796188858
STU_010660,91.86089454592059
STU_010661,69.26566241116905
STU_010662,96.01592231638857
STU_010663,70.66159598634744
STU_010664,73.19726343488594
STU_010665,62.31772398249194
STU_010666,95.95118516845746
STU_010667,90.69106398464595
STU_010668,69.74711348023598
STU_010669,74.35178492749485
STU_010670,88.86481075650565
STU_010671,63.47711419683039
STU_010672,56.14288189635487
STU_010673,88.0036817137678
STU_010674,98.76339584950594
STU_010675,93.63090486480442
STU_010676,81.99235336840084
STU_010677,77.25586124104363
STU_010678,76.1616433601917
STU_010679,69.78177586914813
STU_010680,92.16620014049346
STU_010681,84.85133968534736
STU_010682,51.16496545728121
STU_010683,72.9792665302892
STU_010684,76.51481118744357
STU_010685,84.54737847520212
STU_010686,79.00217812807368
STU_010687,63.048229326802996
STU_010688,98.53999023850454
STU_010689,85.58564661905415
STU_010690,99.85581970214844
STU_010691,74.9325946049238
STU_010692,88.54797620565711
STU_010693,75.93257464127312
STU_010694,70.12897415600925
STU_010695,60.85219502790768
STU_010696,52.55847041751015
STU_010697,69.55087396273811
STU_010698,90.95175505872344
STU_010699,80.87142869490829
STU_010700,92.39097708537595
STU_010701,84.25310905508076
STU_010702,67.2475380222235
STU_010703,97.68926224514209
STU_010704,99.71755387632999
STU_010705,80.24821870605604
STU_010706,94.29741303864141
STU_010707,77.58499974499134
STU_010708,77.9622396835444
STU_010709,63.62005101868773
STU_010710,57.589591683770635
STU_010711,99.67972312326343
STU_010712,49.80675024304084
STU_010713,88.94062882442445
STU_010714,65.72534745731895
STU_010715,81.27387229120932
STU_010716,50.04275837619765
STU_010717,86.76114068152627
STU_010718,78.5376543683003
STU_010719,82.34518258380416
STU_010720,51.63795982616878
STU_010721,66.97318812736154
STU_010722,99.84142002129329
STU_010723,71.46541598598328
STU_010724,82.44152467103115
STU_010725,66.91559615313852
STU_010726,66.74747450257883
STU_010727,47.28342462232265
STU_010728,72.21362720551772
STU_010729,94.72914087864945
STU_010730,94.20297995008005
STU_010731,71.7861804313895
STU_010732,73.50240347470957
STU_010733,98.49007912341216
STU_010734,84.33922393160763
STU_010735,70.16356500048781
STU_010736,66.90626809018755
STU_010737,67.66117012361502
STU_010738,67.09745025941973
STU_010739,71.79211664535497
STU_010740,66.36307291469487
STU_010741,84.566638691501
STU_010742,65.51216576471951
STU_010743,97.36170174332281
STU_010744,76.39429975503174
STU_010745,66.89818600879353
STU_010746,70.26952779897744
STU_010747,87.205250135449
STU_010748,73.69493374568597
STU_010749,84.21522543894186
STU_010750,78.65878597927212
STU_010751,72.36137219238181
STU_010752,63.31627588332226
STU_010753,75.71371671492918
STU_010754,85.54595709776544
STU_010755,60.08670467431348
STU_010756,91.31552498340844
STU_010757,57.22266245954336
STU_010758,82.70549313417466
STU_010759,89.66549404970617
STU_010760,83.25262061231147
STU_010761,75.324955032855
STU_010762,73.91524545390469
STU_010763,62.29119038605397
STU_010764,52.0218563988164
STU_010765,85.76338595718414
STU_010766,61.40502111337329
STU_010767,72.32606559658979
STU_010768,55.53108242821304
STU_010769,88.5069968466644
STU_010770,69.29040952694916
STU_010771,45.88560840845013
STU_010772,69.02671053917751
STU_010773,86.39454369506612
STU_010774,85.60302742863823
STU_010775,92.91804459762837
STU_010776,42.29479078252107
STU_010777,79.15551390193795
STU_010778,55.11406518545599
STU_010779,63.51935699806363
STU_010780,82.5528226042714
STU_010781,78.5765824186455
STU_010782,83.83649201060383
STU_010783,50.08869732288204
STU_010784,70.65005478203479
STU_010785,84.40164728653154
STU_010786,82.92318379792695
STU_010787,71.19824771478783
STU_010788,70.26217371452978
STU_010789,95.4231561868005
STU_010790,60.78944326526676
STU_010791,58.01390427342936
STU_010792,94.92125954206682
STU_010793,83.1617836356984
STU_010794,59.12474380095058
STU_010795,78.90000634816963
STU_010796,80.99392867226166
STU_010797,56.435116679766395
STU_010798,61.72480451338234
STU_010799,87.56195320553711
STU_010800,65.75057038998061
STU_010801,64.57982946365654
STU_010802,83.7463641118795
STU_010803,80.88764825408924
STU_010804,53.92463827671774
STU_010805,71.3940164004679
STU_010806,83.18962630395342
STU_010807,94.86695720602603
STU_010808,67.39175148551055
STU_010809,99.82603678295982
STU_010810,83.79317918409717
STU_010811,74.9912972343518
STU_010812,79.608176933295
STU_010813,94.30115996110307
STU_010814,68.45567425357015
STU_010815,85.65304198318876
STU_010816,99.82501767434069
STU_010817,88.29886354864084
STU_010818,85.4630957984759
STU_010819,80.15924184980418
STU_010820,93.80077142916457
STU_010821,98.4142281506858
STU_010822,61.14197143440495
STU_010823,91.2087495612745
STU_010824,88.75179140861883
STU_010825,83.62535625416221
STU_010826,82.36628648179654
STU_010827,58.383965756710055
STU_010828,72.96439380972103
STU_010829,72.1442505069501
STU_010830,76.14641808910505
STU_010831,91.5567300472743
STU_010832,96.61043068183349
STU_010833,82.33112971104674
STU_010834,70.30272320883286
STU_010835,80.54621029097106
STU_010836,85.48987979065095
STU_010837,79.91440756374104
STU_010838,89.20156293658165
STU_010839,67.93385882545513
STU_010840,79.97116639210239
STU_010841,86.10039462111172
STU_010842,88.2980056123597
STU_010843,74.31084930822881
STU_010844,52.52653523497672
STU_010845,91.78883359235515
STU_010846,78.73815124906666
STU_010847,99.2537302744854
STU_010848,73.67403918621652
STU_010849,75.65204565439242
STU_010850,61.32254622924029
STU_010851,95.90416180746342
STU_010852,62.75444585238645
STU_010853,88.34120915294126
STU_010854,89.2964487151998
STU_010855,66.47640542667081
STU_010856,56.62862709027257
STU_010857,66.71463643156179
STU_010858,51.52771948685329
STU_010859,67.66753693581914
STU_010860,93.34251459770739
STU_010861,77.02923145165101
STU_010862,66.11954641397087
STU_010863,82.0850826946392
STU_010864,91.02568433727663
STU_010865,79.24126655927199
STU_010866,93.77280401651544
STU_010867,52.89535396611372
STU_010868,65.45697428065853
STU_010869,80.42901659169435
STU_010870,61.77315176524159
STU_010871,85.28397697021555
STU_010872,85.27208205413368
STU_010873,46.07038973108769
STU_010874,64.05693276913021
STU_010875,83.24097140285461
STU_010876,67.69935721954329
STU_010877,74.20850013622541
STU_010878,76.83268343911996
STU_010879,66.35020284371106
STU_010880,82.27878889713426
STU_010881,98.11595252980322
STU_010882,75.82374159675786
STU_010883,80.73749275142892
STU_010884,61.63375791616119
STU_010885,65.97722536587051
STU_010886,97.2483951180285
STU_010887,57.45354077667595
STU_010888,84.3486690280744
STU_010889,93.64438227981324
STU_010890,79.89031874990981
STU_010891,97.52572107856531
STU_010892,83.17347786505971
STU_010893,72.56979861308193
STU_010894,84.57405469514131
STU_010895,66.0885094870186
STU_010896,70.99099973329083
STU_010897,65.99565535129149
STU_010898,81.47459341581042
STU_010899,60.265283331931144
STU_010900,67.2965316045603
STU_010901,61.23519979892279
STU_010902,90.25592334409258
STU_010903,56.452664132279466
STU_010904,74.83774964242264
STU_010905,67.21201885227148
STU_010906,52.65682562493909
STU_010907,96.92803437437144
STU_010908,85.43975556577365
STU_010909,86.59758365457554
STU_010910,82.91531372944546
STU_010911,80.91891181711783
STU_010912,90.64609697795572
STU_010913,76.57797009898155
STU_010914,90.74013049576058
STU_010915,74.25013305653636
STU_010916,69.29026359998262
STU_010917,81.86178840233492
STU_010918,77.8450393603443
STU_010919,88.7711718234368
STU_010920,70.19939909484468
STU_010921,79.58173859226872
STU_010922,79.90035084187969
STU_010923,90.32929582651752
STU_010924,95.15176348938184
STU_010925,66.00268196401424
STU_010926,93.20242308003807
STU_010927,61.6731774049885
STU_010928,74.84755574015395
STU_010929,68.79824328049187
STU_010930,90.18314073192892
STU_010931,70.34060287044812
STU_010932,88.54770908061191
STU_010933,71.9321786095571
STU_010934,87.90883215101971
STU_010935,69.98241805723227
STU_010936,64.50272512652559
STU_010937,73.19977582895501
STU_010938,62.06349402296232
STU_010939,81.34506890434339
STU_010940,48.01836745095082
STU_010941,97.655849415387
STU_010942,80.56667082263739
STU_010943,54.795458131073886
STU_010944,59.70680081501079
STU_010945,76.4041362067635
STU_010946,84.95635245862286
STU_010947,74.96958091870339
STU_010948,93.8593045559555
STU_010949,97.41266211221541
STU_010950,64.90487294510446
STU_010951,71.92107352909122
STU_010952,60.24960758818924
STU_010953,83.95222570860543
STU_010954,53.118208948875576
STU_010955,62.25894357620095
STU_010956,98.73253592592053
STU_010957,86.79936627064566
STU_010958,70.38750880280209
STU_010959,87.28649009552088
STU_010960,83.96183766272605
STU_010961,75.58609361557882
STU_010962,91.27733790562954
STU_010963,73.23663847216008
STU_010964,77.08251011481138
STU_010965,66.67297223340762
STU_010966,54.59813503080885
STU_010967,66.55856774979463
STU_010968,65.4261029099822
STU_010969,57.89753061572003
STU_010970,85.91810471160679
STU_010971,70.23396332869417
STU_010972,73.35873594407622
STU_010973,76.60045764789484
STU_010974,67.56452216202553
STU_010975,76.36106967429207
STU_010976,83.42107274029898
STU_010977,86.21761424391129
STU_010978,96.9230948116793
STU_010979,73.4500458711224
STU_010980,78.82768651504921
STU_010981,92.3278245088118
STU_010982,73.02682978769255
STU_010983,69.83602759525368
STU_010984,75.96704777181887
STU_010985,53.509646170784286
STU_010986,90.36200151552364
STU_010987,90.22548994002773
STU_010988,67.20543289513407
STU_010989,84.99958554871472
STU_010990,77.36515731936291
STU_010991,59.57960634178628
STU_010992,82.63022323728518
STU_010993,73.5134260452125
STU_010994,82.53858377855504
STU_010995,97.80212720101326
STU_010996,60.02048953382595
STU_010997,67.85840145994501
STU_010998,68.62536114291237
STU_010999,70.15015035875912
STU_011000,77.81370663590499
STU_011001,60.393845477477285
STU_011002,78.72012108824603
STU_011003,62.513536448569525
STU_011004,83.06095664500262
STU_011005,71.48649429108745
STU_011006,81.53675898364656
STU_011007,66.78335584449297
STU_011008,80.4683486187804
STU_011009,96.59086408396888
STU_011010,97.40674496625971
STU_011011,65.1846768061016
STU_011012,84.3895989847233
STU_011013,55.39847295871937
STU_011014,67.92679123992947
STU_011015,97.70940706103568
STU_011016,62.653908075443184
STU_011017,76.46841812098242
STU_011018,87.8637904529576
STU_011019,63.12475392992554
STU_011020,90.1967373847906
STU_011021,64.86821300768568
STU_011022,84.18660768935324
STU_011023,72.89807045484577
STU_011024,76.4873921337206
STU_011025,68.27553658209114
STU_011026,76.58446607676498
STU_011027,72.80341203933031
STU_011028,91.29512150161153
STU_011029,79.34403189094749
STU_011030,59.76554131869348
STU_011031,58.766673861269965
STU_011032,62.96872059603962
STU_011033,56.80371923751464
STU_011034,73.08328742309595
STU_011035,89.8954385962258
STU_011036,97.1016369483278
STU_011037,92.26680317726112
STU_011038,86.27591088683994
STU_011039,60.23632907057739
STU_011040,77.06150005924488
STU_011041,55.183727141117146
STU_011042,61.43590606639124
STU_011043,66.23520256392959
STU_011044,62.42946909920149
STU_011045,97.45912449680816
STU_011046,81.45310059478008
STU_011047,81.54269232317407
STU_011048,65.56956900055407
STU_011049,81.07138187167084
STU_011050,76.9290251302516
STU_011051,88.7739685386338
STU_011052,99.83533096313477
STU_011053,51.57359976338549
STU_011054,72.6617940685652
STU_011055,62.09358857714449
STU_011056,57.435323243144
STU_011057,91.93179287635391
STU_011058,99.95260667800903
STU_011059,98.08323059142202
STU_011060,70.57806206268961
STU_011061,62.327700043044516
STU_011062,62.361133050067124
STU_011063,88.97335991089648
STU_011064,72.7630150309467
STU_011065,72.65781690235274
STU_011066,72.46757949377607
STU_011067,88.0547253159526
STU_011068,95.29873519008123
STU_011069,93.25162584903771
STU_011070,67.80544859822925
STU_011071,89.51951595632053
STU_011072,92.70994353275594
STU_011073,72.76717369199699
STU_011074,90.06879500860427
STU_011075,69.16904586768084
STU_011076,97.58084519109434
STU_011077,74.08338086502556
STU_011078,71.11203344645139
STU_011079,66.93889334525241
STU_011080,60.739384210644744
STU_011081,86.78017099197244
STU_011082,52.09752364161063
STU_011083,96.24377248498453
STU_011084,73.50181486098207
STU_011085,89.60012811192759
STU_011086,63.724949317044405
STU_011087,75.22417075639899
STU_011088,76.82894523697871
STU_011089,91.08962587954179
STU_011090,93.16468698011546
STU_011091,81.23817103856717
STU_011092,66.49699240893932
STU_011093,79.4363889006874
STU_011094,60.73203198546692
STU_011095,80.91399712305792
STU_011096,59.63181832529412
STU_011097,89.29070947316926
STU_011098,88.2280389618933
STU_011099,84.40077765673999
STU_011100,59.7430822327774
STU_011101,61.664340006334
STU_011102,79.7192841953514
STU_011103,66.24001992146799
STU_011104,94.47496107642775
STU_011105,74.91980819569368
STU_011106,84.41584300258143
STU_011107,56.812818976874254
STU_011108,80.78919556971155
STU_011109,94.76852264003281
STU_011110,99.72897105115634
STU_011111,76.85989019431989
STU_011112,75.670293054586
STU_011113,82.24263638257733
STU_011114,92.64168211744033
STU_011115,94.51059379026935
STU_011116,86.12525345721266
STU_011117,70.52111024844505
STU_011118,72.50400543018995
STU_011119,79.19146356379571
STU_011120,78.7016106711277
STU_011121,77.49658207999187
STU_011122,59.998051459062516
STU_011123,98.89043434231328
STU_011124,62.81336055502168
STU_011125,99.8531406879425
STU_011126,87.23409583122411
STU_011127,76.41598636954308
STU_011128,66.30784973267903
STU_011129,87.77904356702156
STU_011130,61.9810468182488
STU_011131,86.33970596609929
STU_011132,74.27673317202799
STU_011133,82.85446346062753
STU_011134,60.48232406007771
STU_011135,60.18525325471614
STU_011136,94.2676172852014
STU_011137,76.10862480242314
STU_011138,99.95729541778564
STU_011139,72.7214555138627
STU_011140,86.07837545961087
STU_011141,52.963576756444
STU_011142,94.38758666220653
STU_011143,82.60909354136314
STU_011144,67.19605396885505
STU_011145,64.83788307091756
STU_011146,65.60910223585469
STU_011147,94.80121695191971
STU_011148,92.92261653006157
STU_011149,91.37795804856098
STU_011150,79.92664945221507
STU_011151,95.74792789533383
STU_011152,64.28635670345017
STU_011153,74.06754456333586
STU_011154,73.7048388504227
STU_011155,67.7161726764567
STU_011156,74.03856587466902
STU_011157,58.52032561606332
STU_011158,70.31443807572704
STU_011159,67.80028078869637
STU_011160,53.690745437712366
STU_011161,89.45132126616039
STU_011162,70.96073850851319
STU_011163,72.31407929554993
STU_011164,86.75027129547183
STU_011165,75.01126374094534
STU_011166,73.98718363887639
STU_011167,69.34266483836731
STU_011168,81.63923683926802
STU_011169,86.95891676338486
STU_011170,61.10077760229096
STU_011171,71.92091119636706
STU_011172,98.20143227608861
STU_011173,92.018680063167
STU_011174,70.70532476585745
STU_011175,64.04223198856604
STU_011176,81.91595766177227
STU_011177,72.85177617257081
STU_011178,91.83568913017416
STU_011179,85.86076003770624
STU_011180,68.63200026864398
STU_011181,82.12116534257945
STU_011182,93.62727990968935
STU_011183,56.23344086177972
STU_011184,79.42412535048521
STU_011185,78.54226166472108
STU_011186,46.39211097663056
STU_011187,84.36673748575097
STU_011188,80.46466803279006
STU_011189,46.81681310398876
STU_011190,80.32377616806876
STU_011191,94.4253411328553
STU_011192,79.27614796259432
STU_011193,68.65003404628717
STU_011194,89.1720801474762
STU_011195,81.48223052361487
STU_011196,90.90418909086186
STU_011197,98.6983404559271
STU_011198,76.04546902928122
STU_011199,91.06599580066207
STU_011200,72.89730015135632
STU_011201,55.56807277722231
STU_011202,61.547860744838154
STU_011203,79.80085853631454
STU_011204,87.70781212442618
STU_011205,87.23378772206135
STU_011206,83.05957023434584
STU_011207,59.62735759689376
STU_011208,71.5109386653146
STU_011209,79.14503451170872
STU_011210,71.71532576418589
STU_011211,78.54730996095134
STU_011212,73.98605364618822
STU_011213,84.8375431123901
STU_011214,57.25171675788967
STU_011215,94.03979829208664
STU_011216,60.30508636863529
STU_011217,99.86895084381104
STU_011218,64.4520053957987
STU_011219,86.1592100197748
STU_011220,65.93049886871046
STU_011221,79.06650275468037
STU_011222,90.84972179786448
STU_011223,66.29376989110791
STU_011224,99.37881570599586
STU_011225,47.64177771002737
STU_011226,84.72594770641543
STU_011227,63.983440234522945
STU_011228,96.25150953457326
STU_011229,83.89458892201108
STU_011230,81.95175838931448
STU_011231,92.69525423621954
STU_011232,84.43652493401027
STU_011233,70.65657098146491
STU_011234,80.2777891734266
STU_011235,97.27507607530472
STU_011236,66.61917627152997
STU_011237,65.28750355487162
STU_011238,68.6123947505067
STU_011239,81.75378528894618
STU_011240,89.95267369406876
STU_011241,98.30805387777986
STU_011242,63.79077686370134
STU_011243,65.26857926859228
STU_011244,53.95168902918785
STU_011245,72.2617505855364
STU_011246,72.23100470802628
STU_011247,86.73709289771277
STU_011248,67.82419737365986
STU_011249,68.66097999481912
STU_011250,71.34392788310336
STU_011251,72.84852223690797
STU_011252,75.57701348790152
STU_011253,77.89623819624525
STU_011254,99.67593028459548
STU_011255,88.9052667302033
STU_011256,80.06993082143765
STU_011257,52.13479980909644
STU_011258,79.58857070101149
STU_011259,81.32055515496415
STU_011260,99.93017911911011
STU_011261,63.62647622306939
STU_011262,88.75465112835268
STU_011263,57.03471883783534
STU_011264,48.74529270327085
STU_011265,76.96672450339787
STU_011266,77.9929513941589
STU_011267,89.45677553222976
STU_011268,67.78507341253444
STU_011269,92.70670586503424
STU_011270,74.99086840036053
STU_011271,80.00881872971192
STU_011272,87.73426448000026
STU_011273,73.79621101347425
STU_011274,83.05292522218716
STU_011275,73.19414316300214
STU_011276,81.32230878466231
STU_011277,73.63326204092692
STU_011278,71.42389502782592
STU_011279,99.4747634079921
STU_011280,77.06839055975242
STU_011281,69.97862047900912
STU_011282,91.65656326860844
STU_011283,78.53251959647119
STU_011284,55.63486690947468
STU_011285,95.15493848426885
STU_011286,78.95351137075045
STU_011287,73.7110131527042
STU_011288,74.6391645959129
STU_011289,63.545611764588116
STU_011290,66.9510629067686
STU_011291,83.49771394822946
STU_011292,42.371726465178995
STU_011293,94.60878334213629
STU_011294,75.00667081447637
STU_011295,79.58974924596112
STU_011296,97.41677164579666
STU_011297,70.84184134412865
STU_011298,56.33493774149078
STU_011299,82.60633592596176
STU_011300,91.70298913962003
STU_011301,99.8669548034668
STU_011302,72.09230861500174
STU_011303,80.70679495875982
STU_011304,84.69050016851827
STU_011305,75.23785244095399
STU_011306,71.63320718401836
STU_011307,62.00391181879618
STU_011308,51.795196304467055
STU_011309,80.4071280421634
STU_011310,52.41720584976742
STU_011311,86.42622225480605
STU_011312,68.25099174130997
STU_011313,86.68424581499845
STU_011314,60.460279758252895
STU_011315,82.47917839057287
STU_011316,59.034826272828525
STU_011317,75.86760787548805
STU_011318,61.792696686037104
STU_011319,88.81795934458827
STU_011320,57.076251850670104
STU_011321,90.1482221097989
STU_011322,64.73859085478588
STU_011323,49.07806762160423
STU_011324,61.967927220970196
STU_011325,56.37822191045098
STU_011326,80.75276594588479
STU_011327,79.45816445557753
STU_011328,87.31871550153613
STU_011329,60.93416422922154
STU_011330,53.226579686412876
STU_011331,57.411885437692185
STU_011332,92.42379508342168
STU_011333,64.38468506151114
STU_011334,84.6287225352418
STU_011335,67.17894822415198
STU_011336,60.31004076533249
STU_011337,83.48843829001294
STU_011338,94.31930372404835
STU_011339,72.02781292785266
STU_011340,71.52532816991068
STU_011341,99.36720466518395
STU_011342,83.80350809445035
STU_011343,82.39501267517772
STU_011344,42.07518483307041
STU_011345,65.19181220980303
STU_011346,72.54773268844765
STU_011347,99.69908554046637
STU_011348,79.49829920129216
STU_011349,99.89265298843384
STU_011350,67.77347397158051
STU_011351,75.29642515974092
STU_011352,79.57624778904264
STU_011353,68.73912906156252
STU_011354,91.94281373914573
STU_011355,66.39385011327226
STU_011356,84.62434675303821
STU_011357,70.83923763232556
STU_011358,95.38664747981494
STU_011359,99.8789119720459
STU_011360,99.99347066879272
STU_011361,66.7872186693033
STU_011362,78.75755897948422
STU_011363,99.92906427383423
STU_011364,90.3526536199773
STU_011365,67.12540886453243
STU_011366,87.06987250137249
STU_011367,71.99588661830542
STU_011368,83.93624543351096
STU_011369,68.74555823971065
STU_011370,83.5402371998284
STU_011371,68.4789011740201
STU_011372,94.8178670259588
STU_011373,65.38818533163285
STU_011374,75.23029575343992
STU_011375,87.56191471018369
STU_011376,48.87222367386542
STU_011377,99.92050313949585
STU_011378,84.56575004731907
STU_011379,85.5530721984642
STU_011380,72.90126625545514
STU_011381,61.608707850437156
STU_011382,81.26822377511809
STU_011383,94.51398703560494
STU_011384,70.02714566814039
STU_011385,79.88934836037677
STU_011386,69.18780857903789
STU_011387,55.81890049320913
STU_011388,61.472181483339654
STU_011389,58.7822241494663
STU_011390,90.15679905347285
STU_011391,57.51762149132793
STU_011392,73.53663607323696
STU_011393,74.58306475448978
STU_011394,80.04699097583354
STU_011395,84.19451003015544
STU_011396,89.02500083506095
STU_011397,66.36381000068849
STU_011398,99.9421911239624
STU_011399,72.49087738430677
STU_011400,69.61768554307028
STU_011401,73.48089862779109
STU_011402,75.63663491993785
STU_011403,78.95757973333109
STU_011404,99.82058000564575
STU_011405,82.66789827005434
STU_011406,85.17010697564332
STU_011407,97.84441227942244
STU_011408,73.16049434830072
STU_011409,86.21817465271437
STU_011410,71.83127412678729
STU_011411,95.40109889085929
STU_011412,71.95478438522001
STU_011413,62.69619103053178
STU_011414,90.85683414989218
STU_011415,74.20030643605496
STU_011416,97.85367290591483
STU_011417,78.40557997090275
STU_011418,60.53599181949465
STU_011419,72.51580725324786
STU_011420,92.4279895446984
STU_011421,92.00005223895262
STU_011422,74.5249405998855
STU_011423,62.69100032476392
STU_011424,70.92969100871132
STU_011425,68.61261735618685
STU_011426,99.74102439332134
STU_011427,64.1453606285181
STU_011428,91.28252764458472
STU_011429,72.96809470905441
STU_011430,72.96698845078319
STU_011431,76.30434527927576
STU_011432,68.64861708214309
STU_011433,94.63956407922765
STU_011434,94.69732000919623
STU_011435,71.34258477675195
STU_011436,89.06208816944067
STU_011437,62.27103406922166
STU_011438,66.20018392898729
STU_011439,75.67627841517802
STU_011440,69.64882082300716
STU_011441,75.42234968097094
STU_011442,75.14597034848569
STU_011443,70.78634358293948
STU_011444,75.08249406551937
STU_011445,67.96009237710243
STU_011446,59.03567596322172
STU_011447,92.09662614413422
STU_011448,62.30917590334529
STU_011449,69.97687651299638
STU_011450,80.14697026091125
STU_011451,82.46106101844063
STU_011452,74.65563805223218
STU_011453,75.71530761401806
STU_011454,65.56548170046821
STU_011455,51.974359566823686
STU_011456,91.8705710350232
STU_011457,68.14768467028105
STU_011458,97.03972831507961
STU_011459,71.75461785514261
STU_011460,83.87856760782115
STU_011461,77.37863694743541
STU_011462,82.31481461515183
STU_011463,80.01969674288672
STU_011464,75.88096392237382
STU_011465,65.29813793253237
STU_011466,80.68127442826182
STU_011467,71.66866417078458
STU_011468,61.89550167234257
STU_011469,71.33432910066418
STU_011470,96.80093147801561
STU_011471,60.01753029945104
STU_011472,69.69882527079767
STU_011473,77.36711486036654
STU_011474,90.00989648992345
STU_011475,86.62154000802263
STU_011476,97.15033903627395
STU_011477,99.29732423818231
STU_011478,50.6871676610378
STU_011479,65.91374555738196
STU_011480,99.21054507031545
STU_011481,72.08798619160457
STU_011482,61.06551453506124
STU_011483,96.38263617830555
STU_011484,73.7128305856993
STU_011485,75.44231613482118
STU_011486,57.62107706607114
STU_011487,79.16795886919873
STU_011488,73.59077106575616
STU_011489,74.01937567512084
STU_011490,83.47197927338411
STU_011491,57.14790124619917
STU_011492,81.5646751168368
STU_011493,95.37066730069358
STU_011494,85.3972243528197
STU_011495,83.39725409718349
STU_011496,94.63943744374797
STU_011497,73.4374818182216
STU_011498,75.21065384434547
STU_011499,80.93210345541884
STU_011500,74.36547527003071
STU_011501,64.77879044339048
STU_011502,49.74620285272441
STU_011503,87.86860407961402
STU_011504,61.48166556606932
STU_011505,71.79532652497218
STU_011506,56.50596725956866
STU_011507,69.1946907463116
STU_011508,83.30799344417514
STU_011509,68.64891542382136
STU_011510,80.95985924688924
STU_011511,97.51161621087957
STU_011512,51.01317069940271
STU_011513,79.89930148425657
STU_011514,80.07968133506746
STU_011515,67.12567115240665
STU_011516,81.20021788731076
STU_011517,88.77964735528016
STU_011518,98.45103402542833
STU_011519,63.356734573902415
STU_011520,46.772433962781136
STU_011521,49.37041405445929
STU_011522,99.94443082809448
STU_011523,74.08480267833451
STU_011524,86.44147069201215
STU_011525,98.8725554261662
STU_011526,87.12580274284366
STU_011527,88.90773138866473
STU_011528,87.16777655663715
STU_011529,82.37820250262006
STU_011530,63.48590109094498
STU_011531,76.71391159860963
STU_011532,74.66993034471373
STU_011533,75.42802070756875
STU_011534,76.25503167846706
STU_011535,67.85937852776303
STU_011536,56.685048607495126
STU_011537,55.27383595772884
STU_011538,70.88087318942675
STU_011539,70.41958930885035
STU_011540,77.04276968413123
STU_011541,80.2524455809507
STU_011542,61.265920320744755
STU_011543,80.411264465487
STU_011544,85.32958271938875
STU_011545,91.13356780841889
STU_011546,59.40281145660349
STU_011547,94.54928877086206
STU_011548,81.0806521531737
STU_011549,62.07265246772583
STU_011550,80.6610856462201
STU_011551,76.38475496671654
STU_011552,55.18272082743388
STU_011553,77.20850846289754
STU_011554,81.41100544796046
STU_011555,84.43721713498667
STU_011556,99.89388720989227
STU_011557,57.67109009557953
STU_011558,99.96139587215728
STU_011559,93.24876506397538
STU_011560,95.26061129390712
STU_011561,67.19942167679199
STU_011562,99.50214687628107
STU_011563,95.80678921339077
STU_011564,57.02171181697203
STU_011565,74.34136657120514
STU_011566,72.21507643918689
STU_011567,61.436275727340146
STU_011568,58.460713638281355
STU_011569,76.2263558220946
STU_011570,99.49216966764735
STU_011571,76.2043780378585
STU_011572,85.93733811090635
STU_011573,72.88463554266173
STU_011574,66.79192733460775
STU_011575,71.83795080908676
STU_011576,77.27087123160021
STU_011577,63.797896030418656
STU_011578,66.83102673814277
STU_011579,72.4451861295671
STU_011580,93.98443094589365
STU_011581,61.034368100550545
STU_011582,84.05263690563923
STU_011583,66.11586863515632
STU_011584,87.05021719029
STU_011585,85.17548140706852
STU_011586,82.03026227416078
STU_011587,94.75188704257538
STU_011588,92.08600932442516
STU_011589,84.19700520239017
STU_011590,68.48346748333736
STU_011591,63.565003505089564
STU_011592,95.30156552199514
STU_011593,76.38187241538364
STU_011594,98.13142091685746
STU_011595,92.88846664307755
STU_011596,73.16502987733413
STU_011597,68.68749106241484
STU_011598,79.1306415663882
STU_011599,63.24351875683243
STU_011600,60.30253913249397
STU_011601,71.30382865478664
STU_011602,89.77322690613339
STU_011603,65.0419682362297
STU_011604,83.72408688133069
STU_011605,83.38709863573374
STU_011606,64.42597559964224
STU_011607,94.62870188951544
STU_011608,88.43174093123312
STU_011609,64.62871195486967
STU_011610,83.41010680965812
STU_011611,54.62344663860018
STU_011612,80.31843702648744
STU_011613,67.86212990867146
STU_011614,62.32536485434397
STU_011615,92.95753629102354
STU_011616,92.69559764528609
STU_011617,69.52997792519365
STU_011618,75.4030423481245
STU_011619,79.81744416998231
STU_011620,55.87954765509669
STU_011621,72.7699082428614
STU_011622,75.75562037957253
STU_011623,58.39661846730051
STU_011624,88.69503138258435
STU_011625,99.59553411509872
STU_011626,79.01805447946123
STU_011627,66.85680703417466
STU_011628,65.14588950674576
STU_011629,68.98124728564777
STU_011630,95.90397965563213
STU_011631,51.36223759457193
STU_011632,61.173804788872275
STU_011633,99.90172719955444
STU_011634,47.08944745699134
STU_011635,91.83080274707697
STU_011636,64.24566283782735
STU_011637,76.03762487257217
STU_011638,82.80579172068805
STU_011639,88.08486993288935
STU_011640,90.81501385483676
STU_011641,76.78295652733253
STU_011642,78.01037928911148
STU_011643,61.09452860401038
STU_011644,91.36069914575711
STU_011645,98.5811406990702
STU_011646,78.56585934872366
STU_011647,76.80910295308684
STU_011648,79.71379884337671
STU_011649,89.11613365737074
STU_011650,92.46480408752812
STU_011651,66.21931354920783
STU_011652,57.7072232657867
STU_011653,99.95542097091675
STU_011654,65.794444789891
STU_011655,73.74092471120834
STU_011656,58.73936639783036
STU_011657,38.275877719641116
STU_011658,99.71241148310234
STU_011659,63.709670839043795
STU_011660,80.76404712575487
STU_011661,99.32137365900209
STU_011662,83.93028628347828
STU_011663,94.09526586989759
STU_011664,90.6199938592736
STU_011665,63.5473356743573
STU_011666,71.23236141454642
STU_011667,60.144207532657376
STU_011668,76.14364407430111
STU_011669,62.350073391948555
STU_011670,88.54704156680678
STU_011671,75.60855433097461
STU_011672,93.19854194956545
STU_011673,72.97759205232806
STU_011674,62.595979648634604
STU_011675,90.7296144535621
STU_011676,73.92014300422593
STU_011677,78.56049448973339
STU_011678,50.399478392282035
STU_011679,97.77603981204757
STU_011680,88.4514828473248
STU_011681,97.87162785318532
STU_011682,48.38523452110271
STU_011683,72.30851119654153
STU_011684,62.01875096530104
STU_011685,57.36756860019726
STU_011686,74.49659651724579
STU_011687,90.71785416933045
STU_011688,86.8773455879086
STU_011689,70.52937407445367
STU_011690,76.18734261575065
STU_011691,98.44099936466917
STU_011692,78.3828534484111
STU_011693,86.45258073550056
STU_011694,91.8475165042168
STU_011695,92.53419283256744
STU_011696,90.6601053848932
STU_011697,66.62924056491804
STU_011698,71.28856291768759
STU_011699,81.13224744838233
STU_011700,61.47387590096584
STU_011701,77.60941321777192
STU_011702,86.5402559468049
STU_011703,92.51867416475754
STU_011704,84.85391980931429
STU_011705,79.13749260295928
STU_011706,93.4773741627038
STU_011707,68.29225165609023
STU_011708,72.54214662272143
STU_011709,83.96334459128437
STU_011710,81.40193672332158
STU_011711,81.3330239936612
STU_011712,55.15978895308019
STU_011713,95.10884064759738
STU_011714,76.84777306941822
STU_011715,83.55734828715376
STU_011716,84.38160657763055
STU_011717,73.34807627858387
STU_011718,85.86773619589621
STU_011719,76.52575111169028
STU_011720,98.39191797394149
STU_011721,62.714488425127115
STU_011722,66.28746781392769
STU_011723,72.3992090147896
STU_011724,91.6659199320865
STU_011725,76.16234587298936
STU_011726,54.295405311385665
STU_011727,61.165517094310744
STU_011728,56.551671326220465
STU_011729,77.97301046038055
STU_011730,73.35812640848812
STU_011731,97.38802099854804
STU_011732,86.16339340840915
STU_011733,79.80155011829268
STU_011734,91.02696127380185
STU_011735,76.6089568415303
STU_011736,68.22347113649374
STU_011737,68.58241273260464
STU_011738,90.62982123689784
STU_011739,91.85814376536622
STU_011740,85.62153129322454
STU_011741,80.08500078761716
STU_011742,63.98682790119368
STU_011743,55.684279528487004
STU_011744,74.64002164149124
STU_011745,65.2111230161681
STU_011746,73.45212756901128
STU_011747,88.61849561459081
STU_011748,72.99502890004968
STU_011749,72.21208336562016
STU_011750,96.11207520870244
STU_011751,68.59835792340013
STU_011752,70.27981350350422
STU_011753,48.85676770953802
STU_011754,82.615492276553
STU_011755,79.13836412998404
STU_011756,82.91143468916152
STU_011757,75.5426792416753
STU_011758,97.35088669553738
STU_011759,73.33603279388423
STU_011760,85.4364673531867
STU_011761,89.37038223944114
STU_011762,76.23901025513521
STU_011763,80.28638602973751
STU_011764,66.3659554817427
STU_011765,79.68636534884567
STU_011766,48.811093905888555
STU_011767,63.846096420300206
STU_011768,87.9962162360149
STU_011769,64.4438964979057
STU_011770,97.60642581497211
STU_011771,65.70814873624158
STU_011772,62.86498621400954
STU_011773,62.387070550218525
STU_011774,62.73343067018299
STU_011775,80.53519987382178
STU_011776,69.15019079883328
STU_011777,75.15918026453136
STU_011778,91.80162431047164
STU_011779,79.80909445325545
STU_011780,71.06930505491377
STU_011781,57.780430851166464
STU_011782,87.41565408734168
STU_011783,74.85763769590821
STU_011784,73.54065167680415
STU_011785,67.11340040315896
STU_011786,81.65315114689044
STU_011787,67.07640876431391
STU_011788,70.41026925416733
STU_011789,60.926536362895746
STU_011790,80.55855932504112
STU_011791,93.25023403703935
STU_011792,80.8573971202378
STU_011793,62.015635477483166
STU_011794,58.150994582759566
STU_011795,59.35309991248039
STU_011796,98.48529081289752
STU_011797,63.507525186759054
STU_011798,67.56041838179597
STU_011799,99.90048920245903
STU_011800,68.25786419795284
STU_011801,86.92994955930402
STU_011802,89.65998865202218
STU_011803,69.8688283781225
STU_011804,70.54459328091436
STU_011805,67.33879687735042
STU_011806,69.34930323110228
STU_011807,83.49421126053147
STU_011808,91.29186257633688
STU_011809,92.30207220477871
STU_011810,89.28391464112474
STU_011811,90.407527271509
STU_011812,68.47594869828794
STU_011813,71.50021421974672
STU_011814,93.80291922840343
STU_011815,70.0489551866929
STU_011816,74.42348610233735
STU_011817,96.49369034745447
STU_011818,76.22814815244843
STU_011819,73.2900044065179
STU_011820,72.10615222559728
STU_011821,73.40034108362194
STU_011822,99.74350018945262
STU_011823,70.92350654381787
STU_011824,72.57309882251562
STU_011825,80.70544241010039
STU_011826,68.9500785685758
STU_011827,74.46743381735908
STU_011828,75.17031459967095
STU_011829,74.09255124037328
STU_011830,65.11676167509248
STU_011831,65.14935103102478
STU_011832,68.4515666195441
STU_011833,65.12652579536962
STU_011834,62.21689576607754
STU_011835,78.23529546403
STU_011836,74.23435726313838
STU_011837,72.71644424051655
STU_011838,67.18716990904991
STU_011839,88.62819138621603
STU_011840,81.96245921507345
STU_011841,78.62561521820874
STU_011842,58.33183122756947
STU_011843,56.81819666625955
STU_011844,88.33856341610061
STU_011845,67.1600335829725
STU_011846,90.93472165600758
STU_011847,73.10669807016757
STU_011848,98.07136402250514
STU_011849,74.2330123210562
STU_011850,69.59705010241524
STU_011851,90.958425002383
STU_011852,88.7388761264485
STU_011853,84.09268215480601
STU_011854,72.34881120542582
STU_011855,88.40536109654778
STU_011856,84.72025330861175
STU_011857,78.7010469418473
STU_011858,80.8384099789557
STU_011859,74.1035244992816
STU_011860,75.305874278669
STU_011861,68.81679237591368
STU_011862,70.54597729799875
STU_011863,98.63509861450376
STU_011864,50.57842490356448
STU_011865,85.5781841970718
STU_011866,61.66120537092992
STU_011867,85.03277298280696
STU_011868,82.31607095906449
STU_011869,73.83321653000243
STU_011870,92.97804115368078
STU_011871,63.81817138423776
STU_011872,67.27146499524152
STU_011873,80.3862511996897
STU_011874,66.3489502968967
STU_011875,59.37029553032424
STU_011876,70.64426541927831
STU_011877,93.66720645165502
STU_011878,55.07270669238258
STU_011879,78.02473007561915
STU_011880,61.701992477714356
STU_011881,57.38948224566806
STU_011882,86.07633615070891
STU_011883,55.82168029711058
STU_011884,69.01288618206263
STU_011885,60.59149153689364
STU_011886,68.97986200609995
STU_011887,76.9008123568793
STU_011888,79.42305942515537
STU_011889,42.290622103239
STU_011890,60.09792058008708
STU_011891,85.03614806213753
STU_011892,99.94049696922302
STU_011893,90.89724406847546
STU_011894,73.68546836851046
STU_011895,93.3277518600556
STU_011896,57.08351927797982
STU_011897,70.69923604152102
STU_011898,99.8514757156372
STU_011899,58.68368504806519
STU_011900,77.08512653285696
STU_011901,75.48689427187469
STU_011902,53.32862509359646
STU_011903,73.35883416091659
STU_011904,81.77182193871998
STU_011905,70.65020962987957
STU_011906,81.03419359145798
STU_011907,86.25516857142426
STU_011908,96.88244414349623
STU_011909,49.065418582903035
STU_011910,86.61892749546519
STU_011911,72.37081509208787
STU_011912,91.99818864412987
STU_011913,72.73804597921597
STU_011914,90.23061897304393
STU_011915,82.49054203699298
STU_011916,68.06889881882861
STU_011917,85.17479644036737
STU_011918,77.29351720082245
STU_011919,99.81835508346558
STU_011920,73.98001011943165
STU_011921,72.17860628490095
STU_011922,81.04887850743722
STU_011923,63.69529803866369
STU_011924,71.7269802344245
STU_011925,39.833460962414804
STU_011926,72.32293965112652
STU_011927,70.68384900749646
STU_011928,71.34726314459118
STU_011929,79.01010709085591
STU_011930,85.49366119577549
STU_011931,89.03895083017434
STU_011932,66.76830026854071
STU_011933,54.239858582581974
STU_011934,85.03268522277631
STU_011935,58.555137936646815
STU_011936,92.84088936776533
STU_011937,67.22375757008801
STU_011938,54.205883994080395
STU_011939,94.01237935493722
STU_011940,79.91308398357044
STU_011941,81.22922072000662
STU_011942,92.59028244783005
STU_011943,71.09019064608655
STU_011944,67.09794681582983
STU_011945,76.92893776500944
STU_011946,98.35158219461988
STU_011947,84.12474889102782
STU_011948,60.511598429523836
STU_011949,80.64468505057411
STU_011950,75.35913063252809
STU_011951,94.7532377573846
STU_011952,66.54356520978153
STU_011953,54.61338463316675
STU_011954,91.85546930680181
STU_011955,60.736620527336925
STU_011956,93.97931560231827
STU_011957,61.61688292957464
STU_011958,96.32304954298921
STU_011959,76.59578547488522
STU_011960,88.76838231313843
STU_011961,92.68530166836436
STU_011962,77.36319911696884
STU_011963,91.130433980688
STU_011964,73.21884547013042
STU_011965,75.92180362107383
STU_011966,94.39668030889062
STU_011967,54.27656894130465
STU_011968,88.92088563287471
STU_011969,56.82535108808658
STU_011970,81.44910521439024
STU_011971,51.34244750429074
STU_011972,88.72242149255655
STU_011973,66.83555323802639
STU_011974,97.01707292034129
STU_011975,74.11857445447875
STU_011976,66.52665917194781
STU_011977,84.58925986077996
STU_011978,66.6258616176898
STU_011979,76.97075585639067
STU_011980,80.13681544151714
STU_011981,79.11456574337001
STU_011982,97.4827845406046
STU_011983,68.61701759021868
STU_011984,82.51159696330068
STU_011985,79.46724362587159
STU_011986,70.99472700476106
STU_011987,59.26972765346099
STU_011988,79.28682428183444
STU_011989,74.95866272656123
STU_011990,93.21254623090243
STU_011991,62.46038651505145
STU_011992,42.7183002478512
STU_011993,75.30089590158663
STU_011994,64.72361171732739
STU_011995,76.1957431129932
STU_011996,71.02502110498459
STU_011997,88.90118294113194
STU_011998,93.17349959898698
STU_011999,99.88220284975834
STU_012000,86.8933135706684
STU_012001,90.11681291790582
STU_012002,73.30313328969056
STU_012003,76.85960986448481
STU_012004,70.19504181181492
STU_012005,77.23643861858372
STU_012006,93.22861052400572
STU_012007,61.36481247665897
STU_012008,76.33318894456936
STU_012009,71.5569555051695
STU_012010,41.8287845826359
STU_012011,60.725052497178496
STU_012012,74.48238127346268
STU_012013,70.70022366770498
STU_012014,51.842621972898
STU_012015,65.79265033655163
STU_012016,51.86401662396119
STU_012017,77.65319610906039
STU_012018,87.78338763695346
STU_012019,96.05352321572363
STU_012020,55.868324571434584
STU_012021,66.7644471668254
STU_012022,72.95507088668
STU_012023,77.6619215581031
STU_012024,96.44890616898064
STU_012025,87.54266351791881
STU_012026,63.91936360493484
STU_012027,91.99835500412674
STU_012028,94.97273471481807
STU_012029,61.08870171491235
STU_012030,85.65515747545217
STU_012031,92.77492678035595
STU_012032,64.59051624075639
STU_012033,69.31683761927872
STU_012034,97.07372779231886
STU_012035,68.12197120958464
STU_012036,70.49844735052108
STU_012037,81.26032900046975
STU_012038,63.37857778551679
STU_012039,68.73597966309273
STU_012040,97.0746322856807
STU_012041,72.56060401169827
STU_012042,89.6008300139369
STU_012043,73.126860543508
STU_012044,76.12881140734086
STU_012045,53.40774765865176
STU_012046,85.08549771954517
STU_012047,97.67129998748672
STU_012048,56.13941344750003
STU_012049,77.11611168414629
STU_012050,76.88954736431322
STU_012051,34.89575230817855
STU_012052,86.15123001649245
STU_012053,81.90538310877437
STU_012054,70.98690414361607
STU_012055,77.77682949042818
STU_012056,95.75939822896024
STU_012057,90.03522066286925
STU_012058,64.01398723673711
STU_012059,57.61690429114982
STU_012060,73.40991003969847
STU_012061,61.175745909442846
STU_012062,92.46734178111174
STU_012063,55.30117898837423
STU_012064,63.74716324955666
STU_012065,87.06797654322665
STU_012066,77.53670873321246
STU_012067,81.48886133645664
STU_012068,65.01195239356778
STU_012069,66.47043621073858
STU_012070,87.24658739050199
STU_012071,74.97574565976205
STU_012072,74.06556603790307
STU_012073,91.54518375331196
STU_012074,85.04540242573918
STU_012075,49.88913362726487
STU_012076,66.05697995042863
STU_012077,65.96007263406304
STU_012078,70.07845691246973
STU_012079,79.47822904316224
STU_012080,73.1471737574665
STU_012081,51.21329863254175
STU_012082,90.76002657141989
STU_012083,69.46853473183779
STU_012084,76.83076941885054
STU_012085,97.74635100915839
STU_012086,81.48810808868352
STU_012087,78.23404249540144
STU_012088,75.40016749385822
STU_012089,75.04450492981049
STU_012090,95.49144656942701
STU_012091,85.16628720663019
STU_012092,76.72859086957959
STU_012093,74.10172961449709
STU_012094,82.32959026910267
STU_012095,62.775171920928315
STU_012096,77.58722217483005
STU_012097,79.66533623187158
STU_012098,63.29656347721951
STU_012099,76.59349775935097
STU_012100,88.50542744155467
STU_012101,93.40673184367436
STU_012102,64.99777180415931
STU_012103,76.7641095536444
STU_012104,58.30313307696488
STU_012105,83.42842871501833
STU_012106,90.51759983341445
STU_012107,80.00366686539327
STU_012108,89.96187288618665
STU_012109,71.98879020682796
STU_012110,70.68897885488511
STU_012111,47.96044794848706
STU_012112,82.56776732074664
STU_012113,92.9570186776641
STU_012114,67.98725128079792
STU_012115,72.17539158673313
STU_012116,74.38218352787601
STU_012117,94.31195509378557
STU_012118,66.25726348462459
STU_012119,92.23242899692463
STU_012120,62.97451856331592
STU_012121,71.50655792606224
STU_012122,67.22629995684122
STU_012123,82.74420697337813
STU_012124,65.4147960216554
STU_012125,78.38805518320288
STU_012126,73.41520925775028
STU_012127,74.54128041710109
STU_012128,74.74521575930584
STU_012129,74.97457512214046
STU_012130,66.90304043899374
STU_012131,48.87032241152432
STU_012132,81.53512455866634
STU_012133,79.53553525531206
STU_012134,61.44288619341168
STU_012135,65.56481153458503
STU_012136,54.69100337076753
STU_012137,67.72972763450333
STU_012138,56.714671927456806
STU_012139,67.73090565396876
STU_012140,76.84984244133236
STU_012141,62.95579698704121
STU_012142,79.56622158560222
STU_012143,99.55265831674768
STU_012144,84.22073684496993
STU_012145,76.08167839618969
STU_012146,78.40011434382673
STU_012147,66.4270742639674
STU_012148,74.87863660520843
STU_012149,82.72807369971665
STU_012150,79.3276583011781
STU_012151,80.66848567236485
STU_012152,54.385597927548005
STU_012153,71.33243654781697
STU_012154,81.4808121669145
STU_012155,62.498049657271594
STU_012156,72.92778272281365
STU_012157,79.78055035574334
STU_012158,84.72113448426782
STU_012159,83.25331880941238
STU_012160,93.80014424242864
STU_012161,94.45305486533101
STU_012162,82.94304492625619
STU_012163,99.66240747822813
STU_012164,40.31592040185614
STU_012165,71.1908931739335
STU_012166,63.5494062493037
STU_012167,93.06261309156618
STU_012168,56.537897931903515
STU_012169,61.14211286035461
STU_012170,65.07258213788852
STU_012171,80.24670723703267
STU_012172,93.0760777922962
STU_012173,93.23566958566988
STU_012174,82.944362394316
STU_012175,85.70680479320453
STU_012176,70.71954039352605
STU_012177,72.93802517442711
STU_012178,86.96861941426333
STU_012179,70.40324005539159
STU_012180,81.73970007266357
STU_012181,95.66456099104443
STU_012182,74.63363949062153
STU_012183,92.15501414969725
STU_012184,72.49005531588975
STU_012185,73.09142181543987
STU_012186,92.54616869929353
STU_012187,47.743386958759025
STU_012188,63.90880722864736
STU_012189,60.625849484714394
STU_012190,91.33853413544522
STU_012191,75.87433442455796
STU_012192,72.80016952606923
STU_012193,66.22906803247004
STU_012194,81.39586591947482
STU_012195,70.91015857595261
STU_012196,45.682697276005015
STU_012197,90.80747744554037
STU_012198,68.38148279096754
STU_012199,83.82194820671305
STU_012200,55.41571638899357
STU_012201,68.79415826400687
STU_012202,83.87084242255082
STU_012203,86.37058604152912
STU_012204,70.94924585236681
STU_012205,73.71909038541949
STU_012206,86.98137460144672
STU_012207,92.15131337074033
STU_012208,77.23020911453621
STU_012209,57.951842615909214
STU_012210,77.27006228754357
STU_012211,79.82948568111024
STU_012212,72.23817175373144
STU_012213,85.87717552880271
STU_012214,65.62931836025223
STU_012215,63.44482549440102
STU_012216,87.57765298718913
STU_012217,94.55426323699153
STU_012218,99.7549901008606
STU_012219,69.65557743252688
STU_012220,61.00374479398806
STU_012221,80.7002601095405
STU_012222,68.99238964624115
STU_012223,64.08478718761978
STU_012224,69.01920444874891
STU_012225,91.9867699225538
STU_012226,72.59006389727891
STU_012227,74.30858502471355
STU_012228,65.06688362330769
STU_012229,82.99433054387494
STU_012230,85.06414034949668
STU_012231,63.054490258783794
STU_012232,79.79869122729303
STU_012233,82.71556329327096
STU_012234,66.3233322828921
STU_012235,69.05885534751116
STU_012236,99.69689102318287
STU_012237,67.49505373008249
STU_012238,65.05957126501357
STU_012239,72.92411944302327
STU_012240,72.25098908836797
STU_012241,92.2546015925347
STU_012242,75.0560797141575
STU_012243,50.097110969758944
STU_012244,59.24780624192945
STU_012245,76.87901127595407
STU_012246,62.367751588164296
STU_012247,57.132757874104186
STU_012248,92.41994270353922
STU_012249,83.95851206145123
STU_012250,86.80436594791911
STU_012251,70.60651070780864
STU_012252,62.55317456408501
STU_012253,56.80066731568396
STU_012254,49.061215458159914
STU_012255,81.72818524651412
STU_012256,69.3140211563597
STU_012257,83.64723027747033
STU_012258,72.39712245846933
STU_012259,78.86894035426144
STU_012260,85.47558532253888
STU_012261,87.24004966386103
STU_012262,84.06934225946934
STU_012263,67.08785399554817
STU_012264,62.6755898824472
STU_012265,65.2700862516934
STU_012266,97.8762502498224
STU_012267,92.21283031271133
STU_012268,51.26403510176657
STU_012269,82.96856679472836
STU_012270,69.20556843105335
STU_012271,74.9131641636301
STU_012272,72.81403612422659
STU_012273,70.19088031802795
STU_012274,63.245595105842966
STU_012275,93.62715298978522
STU_012276,70.23038546031626
STU_012277,74.87774240866197
STU_012278,65.70682396991894
STU_012279,76.71314094190419
STU_012280,72.07598137790885
STU_012281,55.465584816048214
STU_012282,93.9715956479102
STU_012283,91.40588201790237
STU_012284,66.4938366093985
STU_012285,75.42927771671145
STU_012286,75.8189689755666
STU_012287,95.84206063716124
STU_012288,79.7299875882662
STU_012289,91.5310336675002
STU_012290,83.10296521768024
STU_012291,65.98722900242421
STU_012292,77.51811058917225
STU_012293,69.08503024200157
STU_012294,88.67925179673686
STU_012295,77.43715560123866
STU_012296,78.41474167898961
STU_012297,75.0523210000626
STU_012298,68.69327380068225
STU_012299,89.27451880835645
STU_012300,55.65736256374039
STU_012301,87.59915760591295
STU_012302,79.67016545344248
STU_012303,62.53294917920063
STU_012304,48.568011559133524
STU_012305,98.8543764316811
STU_012306,70.07651311263297
STU_012307,69.70074772653157
STU_012308,86.59112180882336
STU_012309,69.96599545042325
STU_012310,73.00243047331779
STU_012311,80.83719510621377
STU_012312,57.04913289922496
STU_012313,72.4214973892726
STU_012314,98.99358281752656
STU_012315,88.55609666258422
STU_012316,74.57307356674097
STU_012317,99.7326324031875
STU_012318,82.39564122163473
STU_012319,77.88625187473367
STU_012320,61.51688250831005
STU_012321,64.27046450954056
STU_012322,92.14941354262334
STU_012323,61.15088500123205
STU_012324,88.08159239653827
STU_012325,66.14943536641854
STU_012326,74.67023642379479
STU_012327,61.669281171841305
STU_012328,62.19749491345661
STU_012329,96.61990058127432
STU_012330,90.2796344394142
STU_012331,84.538047209536
STU_012332,68.63771940142615
STU_012333,86.08433640351112
STU_012334,72.68648652449369
STU_012335,66.71872781184591
STU_012336,92.9251797594224
STU_012337,91.71089682289059
STU_012338,65.24864006156741
STU_012339,85.37510863774094
STU_012340,64.12445673400808
STU_012341,54.08960024318251
STU_012342,90.58202235595029
STU_012343,87.11501827750561
STU_012344,61.047162537902025
STU_012345,67.1965084576717
STU_012346,70.55538334425977
STU_012347,95.59218816135507
STU_012348,77.54624398451679
STU_012349,67.3165058947717
STU_012350,81.44554045353823
STU_012351,87.13768645638592
STU_012352,85.93975802518734
STU_012353,95.74913528075803
STU_012354,57.501767783220636
STU_012355,85.4998881152919
STU_012356,83.57510757424944
STU_012357,70.64739472224483
STU_012358,97.79279664773462
STU_012359,85.08731206429383
STU_012360,74.50265999706818
STU_012361,63.397048983689075
STU_012362,81.99961409482522
STU_012363,77.13294145175726
STU_012364,83.15026557325174
STU_012365,63.70998098874492
STU_012366,86.60753532200174
STU_012367,75.94532537328378
STU_012368,60.98403771746331
STU_012369,75.8128589082043
STU_012370,99.94429588317871
STU_012371,73.20415924535905
STU_012372,86.86048801833019
STU_012373,72.89016086473737
STU_012374,72.44322693257551
STU_012375,62.92599461076125
STU_012376,82.05151003227905
STU_012377,85.74210795394288
STU_012378,72.48969249648336
STU_012379,72.57515652075423
STU_012380,96.116597211412
STU_012381,99.83128341419126
STU_012382,66.51188925591926
STU_012383,82.37553410172066
STU_012384,98.68641039054677
STU_012385,89.19817932703847
STU_012386,80.27979367916126
STU_012387,82.92652947337848
STU_012388,82.37700465983794
STU_012389,98.48179279132975
STU_012390,73.32477925731237
STU_012391,50.575480169679906
STU_012392,79.64810102996088
STU_012393,65.86600986680395
STU_012394,69.1724789946576
STU_012395,83.44173098255749
STU_012396,81.5750588076522
STU_012397,72.7450676976746
STU_012398,83.19067756527761
STU_012399,77.09770494916404
STU_012400,78.87932570563729
STU_012401,90.73275716255797
STU_012402,99.93563520908356
STU_012403,47.0029647245766
STU_012404,74.59227654069672
STU_012405,61.468901782017795
STU_012406,65.17847436663418
STU_012407,94.16111712343307
STU_012408,82.77238519556732
STU_012409,66.46009295902383
STU_012410,43.86339087722473
STU_012411,93.16713328364573
STU_012412,72.77068717132478
STU_012413,56.78461275581727
STU_012414,98.39721472209291
STU_012415,88.61442249815907
STU_012416,92.34384909299813
STU_012417,57.23415466499392
STU_012418,86.67838335459169
STU_012419,70.48318345001532
STU_012420,54.579577374176495
STU_012421,69.3251715088725
STU_012422,84.84394776560742
STU_012423,80.06531896320311
STU_012424,85.04077798095304
STU_012425,51.4792357258831
STU_012426,83.40893989400732
STU_012427,65.57283098886687
STU_012428,85.90233385109008
STU_012429,56.87574678753267
STU_012430,72.54880500314744
STU_012431,68.39062321056983
STU_012432,59.55655182027914
STU_012433,54.592832493943725
STU_012434,90.49274466981943
STU_012435,67.04509427031553
STU_012436,71.64616797999336
STU_012437,89.73486353541742
STU_012438,56.475682785382695
STU_012439,77.55404467218742
STU_012440,74.74385532282834
STU_012441,94.18074946765668
STU_012442,99.72827660779015
STU_012443,63.70858993858536
STU_012444,88.30329489770884
STU_012445,68.68074352951905
STU_012446,85.8130184957484
STU_012447,92.3764118839594
STU_012448,72.02658849452826
STU_012449,80.70031742180336
STU_012450,71.4937683924225
STU_012451,85.0185729232564
STU_012452,80.57790108289103
STU_012453,96.35456432212415
STU_012454,87.07941674261617
STU_012455,73.58275420342002
STU_012456,93.68179348809053
STU_012457,66.02090554585595
STU_012458,81.54190013821861
STU_012459,57.1854961494661
STU_012460,84.44356259673816
STU_012461,73.65806347757159
STU_012462,69.92697898582271
STU_012463,83.27417430832872
STU_012464,75.93035296220626
STU_012465,74.88979252869069
STU_012466,67.3924166254339
STU_012467,75.15334291162455
STU_012468,85.84150955226136
STU_012469,89.57106223502268
STU_012470,51.4929268041282
STU_012471,52.6034209963062
STU_012472,97.76564562154228
STU_012473,73.00396032537313
STU_012474,64.59087599059208
STU_012475,69.04220016006852
STU_012476,48.11229508728943
STU_012477,98.55802210791788
STU_012478,72.72175423696908
STU_012479,63.0928492280876
STU_012480,76.49988189423287
STU_012481,90.39963199242658
STU_012482,69.01361854974655
STU_012483,62.18354030171159
STU_012484,67.1475969035352
STU_012485,76.34781197952259
STU_012486,74.35959878093914
STU_012487,66.8043135336279
STU_012488,73.02323538677643
STU_012489,80.72515234872968
STU_012490,93.26501688938944
STU_012491,60.58878184798674
STU_012492,60.9041819363303
STU_012493,58.329737564196535
STU_012494,73.07707169415845
STU_012495,74.07913532584449
STU_012496,79.1306712856706
STU_012497,89.8333521561039
STU_012498,69.40792511907938
STU_012499,75.47564270397984
STU_012500,82.25553603844281
STU_012501,95.46535126552816
STU_012502,82.7404499586207
STU_012503,85.32156087656787
STU_012504,76.77637273873833
STU_012505,82.18029792882524
STU_012506,67.55362938630807
STU_012507,85.51619131863922
STU_012508,68.22006228183388
STU_012509,83.38261586595422
STU_012510,75.0566358180034
STU_012511,75.97432358458214
STU_012512,79.48239740902497
STU_012513,69.03484689140626
STU_012514,99.89142799377441
STU_012515,90.25927882160515
STU_012516,80.43365373862363
STU_012517,99.84470784664154
STU_012518,54.757931474745774
STU_012519,76.03518165301838
STU_012520,70.96025669085327
STU_012521,94.64989051436861
STU_012522,98.14149762687114
STU_012523,81.05355267188145
STU_012524,97.65168604733279
STU_012525,91.58544676611305
STU_012526,97.9209298902971
STU_012527,89.65389327362605
STU_012528,62.813022331594496
STU_012529,98.92830992237568
STU_012530,75.97561663097156
STU_012531,77.16014238201434
STU_012532,70.19623020414322
STU_012533,86.66965487361088
STU_012534,55.33468069142855
STU_012535,85.39697149590404
STU_012536,71.3650482800656
STU_012537,52.62547929902843
STU_012538,62.30824798620346
STU_012539,88.36663552096681
STU_012540,70.66171773777376
STU_012541,99.79695956951936
STU_012542,99.0637723000939
STU_012543,72.10593900281043
STU_012544,79.7464166902279
STU_012545,68.16770306262327
STU_012546,77.14870889252718
STU_012547,99.88048219680786
STU_012548,48.77609868969982
STU_012549,73.0634838740762
STU_012550,90.4477725386951
STU_012551,94.00923919788406
STU_012552,73.83158633537447
STU_012553,80.63819241147036
STU_012554,65.36800651513974
STU_012555,51.077898936519915
STU_012556,61.89609024535778
STU_012557,79.92030139612784
STU_012558,67.115387394084
STU_012559,91.72757928764553
STU_012560,71.22380559468844
STU_012561,59.1688971118497
STU_012562,66.50474111805964
STU_012563,81.66145307148874
STU_012564,90.6207191122138
STU_012565,99.69007669789494
STU_012566,75.90196073786919
STU_012567,64.58025553652828
STU_012568,98.52244319949895
STU_012569,65.63312712529817
STU_012570,51.79984371884423
STU_012571,55.157757317993045
STU_012572,53.466112776360625
STU_012573,76.3842264184336
STU_012574,62.983745837562545
STU_012575,69.6211995726529
STU_012576,73.75640646136053
STU_012577,99.48166520188667
STU_012578,50.509277721389786
STU_012579,76.44916293641194
STU_012580,70.85715240526463
STU_012581,63.48070593552606
STU_012582,71.50114942651798
STU_012583,61.81005502458701
STU_012584,61.00636443057432
STU_012585,71.37519624851379
STU_012586,71.48706685054192
STU_012587,71.39988330600326
STU_012588,68.21342035208323
STU_012589,47.75493505002079
STU_012590,66.1819842314338
STU_012591,69.98984953735165
STU_012592,97.53830948845327
STU_012593,96.58148087531802
STU_012594,48.8057481398331
STU_012595,61.47277361373106
STU_012596,81.7962266898132
STU_012597,70.37860094089041
STU_012598,70.03654589693315
STU_012599,71.91683660558216
STU_012600,70.517955471231
STU_012601,72.32671255968201
STU_012602,65.43936480365679
STU_012603,91.56604423879723
STU_012604,76.43908771742065
STU_012605,75.02181799952604
STU_012606,70.14087402356284
STU_012607,58.29441544402047
STU_012608,81.70941540790078
STU_012609,62.84270978196446
STU_012610,75.23386341496212
STU_012611,69.01118359178358
STU_012612,63.591095121688234
STU_012613,95.13996861356785
STU_012614,72.47257721637891
STU_012615,76.23771879464701
STU_012616,83.0039693843699
STU_012617,59.41094548897961
STU_012618,90.26252658820684
STU_012619,81.2561802120641
STU_012620,75.67772371513573
STU_012621,90.45674358350396
STU_012622,90.48370768192926
STU_012623,91.64840282182965
STU_012624,82.95736090571569
STU_012625,88.73057274207655
STU_012626,91.43746953582334
STU_012627,84.47414850128696
STU_012628,72.93690104141439
STU_012629,81.66461115561674
STU_012630,68.92036966781083
STU_012631,68.4973215143046
STU_012632,65.94798531997634
STU_012633,78.00829556156518
STU_012634,90.9758956154147
STU_012635,78.30728045163738
STU_012636,73.54161597900352
STU_012637,78.63792638251803
STU_012638,83.05122480687422
STU_012639,94.36077769574018
STU_012640,83.1371106750922
STU_012641,67.98514888996199
STU_012642,64.9926355672194
STU_012643,79.63565635622474
STU_012644,81.2028270218907
STU_012645,54.90945232680771
STU_012646,89.47818179228904
STU_012647,82.33332219196447
STU_012648,67.37507265090083
STU_012649,79.04969809743123
STU_012650,82.46741761197077
STU_012651,78.15874468348811
STU_012652,99.2436197485763
STU_012653,89.71076000969704
STU_012654,81.1074199180994
STU_012655,71.70137009950514
STU_012656,78.85174110356041
STU_012657,96.26283362529617
STU_012658,87.6826347333371
STU_012659,81.80309276903935
STU_012660,74.7906564339877
STU_012661,90.4439275802014
STU_012662,94.0476781920782
STU_012663,68.06695301865031
STU_012664,52.4711032206697
STU_012665,90.71632789811666
STU_012666,59.477713164464134
STU_012667,83.24772731269168
STU_012668,74.4839373782584
STU_012669,64.3892076995907
STU_012670,61.30738083958609
STU_012671,69.64942587539122
STU_012672,61.96986148371842
STU_012673,57.34409610692579
STU_012674,63.23301117165359
STU_012675,72.30410548265
STU_012676,96.27398740732386
STU_012677,60.04553007345413
STU_012678,70.84753687783213
STU_012679,76.52740922293329
STU_012680,75.83657267915653
STU_012681,73.322959211831
STU_012682,87.45178604858768
STU_012683,78.74666281609629
STU_012684,85.06134348520291
STU_012685,94.90229112852951
STU_012686,68.7327798368375
STU_012687,80.14426059080901
STU_012688,83.96795406413938
STU_012689,70.3558796824203
STU_012690,63.32755250256571
STU_012691,79.62518124180184
STU_012692,79.72862318671207
STU_012693,86.05524869517339
STU_012694,61.462376919396576
STU_012695,70.89171119033007
STU_012696,63.319589869345485
STU_012697,81.43621369079277
STU_012698,63.010207259964616
STU_012699,77.02965598210113
STU_012700,67.59622815107348
STU_012701,99.96263885498047
STU_012702,74.41740904549361
STU_012703,68.52686528517661
STU_012704,70.96125688717069
STU_012705,63.24128768926985
STU_012706,74.01512581354915
STU_012707,98.50363981929364
STU_012708,55.0460587865374
STU_012709,65.90944701248854
STU_012710,94.09935341320516
STU_012711,68.38852197427431
STU_012712,66.30687669577809
STU_012713,64.48606955982035
STU_012714,88.3640477129102
STU_012715,70.44940632488024
STU_012716,79.23474244656778
STU_012717,67.93702898663133
STU_012718,84.38210962043323
STU_012719,63.343593633234065
STU_012720,80.39092540884795
STU_012721,74.45605828999189
STU_012722,48.75696098150329
STU_012723,80.66767958064906
STU_012724,89.69539385743155
STU_012725,60.3178270305566
STU_012726,54.60100833739985
STU_012727,63.07092723099498
STU_012728,86.9797098824396
STU_012729,63.61380709010254
STU_012730,85.83969633276476
STU_012731,99.62924105679122
STU_012732,80.83783265636026
STU_012733,53.50606827086318
STU_012734,84.46759615305314
STU_012735,62.18244614035794
STU_012736,99.988028049469
STU_012737,73.41935047193164
STU_012738,78.98285032499687
STU_012739,79.56442088294085
STU_012740,87.2902420913949
STU_012741,48.646100449409545
STU_012742,66.29231392536433
STU_012743,78.45219125636703
STU_012744,80.57877332922874
STU_012745,61.12568508500002
STU_012746,83.80632836623337
STU_012747,62.894411057798855
STU_012748,92.09950152369687
STU_012749,84.72909554859838
STU_012750,68.1551924949718
STU_012751,52.44751079642863
STU_012752,72.67802523406954
STU_012753,70.06859657262805
STU_012754,59.67431163889872
STU_012755,89.60537526737224
STU_012756,61.67874336091145
STU_012757,47.59619774964641
STU_012758,88.50650991549816
STU_012759,58.815947810702525
STU_012760,76.95076696621335
STU_012761,58.129890344675154
STU_012762,86.0645491621174
STU_012763,97.43801663120121
STU_012764,96.91793885045678
STU_012765,88.0999117347545
STU_012766,62.53333896582494
STU_012767,95.03461209999148
STU_012768,86.40007799322717
STU_012769,73.0983978198928
STU_012770,54.24914007297953
STU_012771,55.16618774573199
STU_012772,99.60966134487828
STU_012773,61.66476751938221
STU_012774,76.27993804147586
STU_012775,64.0134563805584
STU_012776,78.55247210301634
STU_012777,48.584929192487365
STU_012778,70.93086792326308
STU_012779,74.13394566507316
STU_012780,71.63932364958171
STU_012781,84.98538235425373
STU_012782,53.085762122802436
STU_012783,98.97070045033934
STU_012784,52.968658041825634
STU_012785,72.91716383333852
STU_012786,51.575551656845356
STU_012787,65.78007007415854
STU_012788,92.32759647883401
STU_012789,75.44106824725772
STU_012790,98.61413030309873
STU_012791,83.19193004494684
STU_012792,68.5222949803551
STU_012793,88.52089331797197
STU_012794,74.34891226048944
STU_012795,93.5671297672832
STU_012796,68.20199750365948
STU_012797,60.77143962006739
STU_012798,98.24104353063916
STU_012799,84.89144489133372
STU_012800,51.0989164984054
STU_012801,67.38933114012809
STU_012802,71.31196179421195
STU_012803,91.94971826275167
STU_012804,61.6771209592774
STU_012805,73.61115776509399
STU_012806,78.67722746909143
STU_012807,64.01659163167437
STU_012808,82.26038356223924
STU_012809,83.42459726932117
STU_012810,85.17578976292069
STU_012811,78.68303901411238
STU_012812,68.41867702839149
STU_012813,80.5547885040058
STU_012814,65.14798057988881
STU_012815,68.2527761552738
STU_012816,80.7447109145114
STU_012817,68.04230886644731
STU_012818,89.14563351518385
STU_012819,53.673230982822986
STU_012820,85.78066368247606
STU_012821,74.15404991602088
STU_012822,87.32003322998631
STU_012823,79.10052255487372
STU_012824,79.90220706546006
STU_012825,58.516821620629585
STU_012826,85.02462476604674
STU_012827,60.46286051227699
STU_012828,90.89702983929791
STU_012829,70.69999127693741
STU_012830,77.88989606766066
STU_012831,66.3044271367063
STU_012832,96.34167892586868
STU_012833,89.0216711027195
STU_012834,72.62926557457169
STU_012835,70.22395815767271
STU_012836,81.35661788949449
STU_012837,63.98507038299523
STU_012838,62.13167317504217
STU_012839,65.71022375792398
STU_012840,88.92760326697973
STU_012841,70.99234657418738
STU_012842,74.35430014503802
STU_012843,81.032190041871
STU_012844,77.26138351262264
STU_012845,63.423869285369506
STU_012846,73.46095259727585
STU_012847,76.53293522024472
STU_012848,74.57824294007966
STU_012849,87.6847511159674
STU_012850,78.93203240192784
STU_012851,84.34214575092918
STU_012852,90.07597147523498
STU_012853,61.653782713449246
STU_012854,85.59497074433443
STU_012855,80.70239343003372
STU_012856,69.56466057798791
STU_012857,98.79073656237257
STU_012858,85.66856303615347
STU_012859,64.0659535573541
STU_012860,84.96258578308976
STU_012861,67.1148495347882
STU_012862,75.81644584857278
STU_012863,94.543102868059
STU_012864,77.51943494792863
STU_012865,66.34682578064456
STU_012866,75.71807494075306
STU_012867,89.23502960206962
STU_012868,82.99339613961126
STU_012869,64.20630092556281
STU_012870,83.61910696773347
STU_012871,88.56768475436627
STU_012872,89.07435152406086
STU_012873,62.029513026187786
STU_012874,76.7834765252738
STU_012875,71.495479484081
STU_012876,50.45875593445939
STU_012877,78.62572582860821
STU_012878,98.6027723317581
STU_012879,77.95876825903106
STU_012880,84.74199865202928
STU_012881,97.68655595746205
STU_012882,89.40690674655343
STU_012883,63.47275785193344
STU_012884,79.70035626783138
STU_012885,76.24240349085719
STU_012886,56.77705044404669
STU_012887,73.77062339134385
STU_012888,70.17436739210453
STU_012889,67.91599816403766
STU_012890,68.24799892962855
STU_012891,71.9905885877339
STU_012892,72.06759925061462
STU_012893,86.23395367083694
STU_012894,72.57191298394619
STU_012895,95.2674808727119
STU_012896,73.22016436846798
STU_012897,75.2150048079061
STU_012898,90.56549957672567
STU_012899,81.85104461349908
STU_012900,78.89902911086809
STU_012901,70.19275007795972
STU_012902,87.51713298458385
STU_012903,64.74463066946197
STU_012904,84.48245487085237
STU_012905,61.219938138801055
STU_012906,99.01820676251248
STU_012907,50.76932205052131
STU_012908,88.66527468052837
STU_012909,65.5640311933194
STU_012910,33.72936472063944
STU_012911,82.54133143093736
STU_012912,52.16393025449122
STU_012913,60.15655401857332
STU_012914,73.16605393164271
STU_012915,55.8419674584336
STU_012916,65.95734728075345
STU_012917,95.38613890954409
STU_012918,56.62390135512983
STU_012919,97.13851095517322
STU_012920,79.86580833114957
STU_012921,58.866680090176104
STU_012922,74.3954739753759
STU_012923,63.13043547297966
STU_012924,74.23044669321646
STU_012925,74.30295048025627
STU_012926,61.798004025532535
STU_012927,87.08981814063112
STU_012928,62.42931313788703
STU_012929,62.99575062939397
STU_012930,69.09390441925743
STU_012931,88.26529586512876
STU_012932,64.02068108366018
STU_012933,70.03960872558444
STU_012934,69.85394103112142
STU_012935,65.86921354957569
STU_012936,66.52883445656204
STU_012937,73.09948664515913
STU_012938,92.86095877638928
STU_012939,48.83669449701992
STU_012940,69.00636721107058
STU_012941,54.868533636008564
STU_012942,72.91373595857738
STU_012943,71.8557340427235
STU_012944,79.33334132916633
STU_012945,90.3376212268441
STU_012946,53.14450365412544
STU_012947,73.02872765056466
STU_012948,87.44730548960099
STU_012949,98.66700917384632
STU_012950,78.05246869365541
STU_012951,88.31194731106345
STU_012952,72.97480423524286
STU_012953,81.60503984977238
STU_012954,80.99214050521972
STU_012955,87.69331005663634
STU_012956,72.04047530885963
STU_012957,66.42321994283651
STU_012958,75.17867873486566
STU_012959,80.95246542633839
STU_012960,80.21567539629916
STU_012961,81.64862790391442
STU_012962,56.58203454037822
STU_012963,67.47048050568111
STU_012964,89.4629237369976
STU_012965,75.82856476614118
STU_012966,74.98744699644634
STU_012967,71.33042947742302
STU_012968,74.94832222353577
STU_012969,76.10168243668157
STU_012970,54.98018672162574
STU_012971,77.15745301363835
STU_012972,79.44191946903229
STU_012973,52.65882272606174
STU_012974,58.08274192899643
STU_012975,55.7173058032044
STU_012976,83.91186941151196
STU_012977,78.74311406517856
STU_012978,91.09748139286563
STU_012979,66.97257748226036
STU_012980,70.97059489187099
STU_012981,90.28547043040138
STU_012982,68.46829491338619
STU_012983,97.58404215399531
STU_012984,55.343029340925675
STU_012985,65.25671656893934
STU_012986,63.49000500011183
STU_012987,52.15578902794542
STU_012988,87.43860918633514
STU_012989,97.42915332333786
STU_012990,61.99974929622823
STU_012991,70.14025393143639
STU_012992,51.56736422301961
STU_012993,99.86627864837646
STU_012994,80.36678524965069
STU_012995,63.735804342300725
STU_012996,58.19039255204186
STU_012997,85.82859108383357
STU_012998,78.5782681300347
STU_012999,91.55423320283316
STU_013000,90.49604536373607
STU_013001,99.64223613807914
STU_013002,86.5324182538393
STU_013003,76.96693070075239
STU_013004,89.42357141495904
STU_013005,74.81322152162261
STU_013006,78.79273337026531
STU_013007,76.01435740198977
STU_013008,85.64968439574389
STU_013009,86.62546437200463
STU_013010,75.65294849395943
STU_013011,52.83509939906523
STU_013012,57.814408882361946
STU_013013,90.55823707055723
STU_013014,88.6374945327508
STU_013015,82.2174425134111
STU_013016,60.588951325324345
STU_013017,92.3549496389025
STU_013018,79.88951811141736
STU_013019,88.30645003218879
STU_013020,56.23845117709219
STU_013021,71.00090335339524
STU_013022,99.20499483781917
STU_013023,79.32676281771833
STU_013024,88.40353792550582
STU_013025,71.04841143753194
STU_013026,69.87651544078687
STU_013027,72.48992270435902
STU_013028,84.11483759372766
STU_013029,75.09167563437839
STU_013030,77.1846146856651
STU_013031,67.3036602770257
STU_013032,99.87110905720404
STU_013033,69.55327936381637
STU_013034,99.20907374841744
STU_013035,94.1321353768404
STU_013036,58.522268073811645
STU_013037,88.97801730929218
STU_013038,77.58478383389874
STU_013039,85.94849999474035
STU_013040,99.32324794610462
STU_013041,79.16819503981945
STU_013042,60.57674509690478
STU_013043,95.58780989336378
STU_013044,67.30906061460195
STU_013045,87.14822185743648
STU_013046,63.102575333724936
STU_013047,69.14096939844706
STU_013048,93.89391436458075
STU_013049,83.56604019021273
STU_013050,83.09499607269126
STU_013051,92.18858564289567
STU_013052,66.7088399321429
STU_013053,72.06107893614582
STU_013054,65.01038765783926
STU_013055,87.20944966571022
STU_013056,78.69622131834748
STU_013057,53.14972740297595
STU_013058,59.77242530006682
STU_013059,90.9240029956992
STU_013060,62.77756099586979
STU_013061,57.734148012796965
STU_013062,99.49467438488145
STU_013063,83.34212256518144
STU_013064,62.9636085237895
STU_013065,51.10725591639383
STU_013066,99.91212177276611
STU_013067,78.62804760011065
STU_013068,89.6093266397326
STU_013069,98.62544273106312
STU_013070,62.787027965539224
STU_013071,81.91104299098419
STU_013072,86.87827880822195
STU_013073,71.73056613194974
STU_013074,71.78214682497968
STU_013075,50.444690178342825
STU_013076,79.18482654014478
STU_013077,91.41101375294323
STU_013078,71.68544542680812
STU_013079,86.90875244852197
STU_013080,73.34666100971532
STU_013081,75.68011004139274
STU_013082,58.86436831626438
STU_013083,63.39569147306973
STU_013084,70.1801566827053
STU_013085,78.61230105041793
STU_013086,79.06351000649887
STU_013087,66.10449185104625
STU_013088,80.82705552418597
STU_013089,64.05797294856038
STU_013090,98.7362877926841
STU_013091,61.79231267753933
STU_013092,65.82260387400903
STU_013093,85.32814621579067
STU_013094,89.93604376969267
STU_013095,74.34591034166809
STU_013096,78.40051838459408
STU_013097,82.96744513009499
STU_013098,83.66523722827165
STU_013099,59.86077771455206
STU_013100,76.80663902216888
STU_013101,83.87173707468115
STU_013102,95.50350553647584
STU_013103,73.11142000124914
STU_013104,78.95480715914724
STU_013105,59.76745896690339
STU_013106,89.05261409933118
STU_013107,56.41239184671415
STU_013108,95.63707401066242
STU_013109,87.68668635618351
STU_013110,59.07202585306198
STU_013111,99.85580015182495
STU_013112,98.80492302499658
STU_013113,76.24130695656265
STU_013114,65.28935361597154
STU_013115,77.96618513788623
STU_013116,59.69128978649197
STU_013117,65.31492188951148
STU_013118,70.63482000724035
STU_013119,81.1210329530447
STU_013120,64.7844709783097
STU_013121,90.74565637070978
STU_013122,75.98583704695432
STU_013123,94.44395651591455
STU_013124,96.41714677964272
STU_013125,88.09277809652379
STU_013126,66.93943773794547
STU_013127,70.69895369070096
STU_013128,84.84765230465533
STU_013129,76.51053337685084
STU_013130,99.1382921074665
STU_013131,50.83363854035838
STU_013132,80.25481667886991
STU_013133,97.83987262366438
STU_013134,69.9314366824708
STU_013135,69.4408047410572
STU_013136,67.1523761133201
STU_013137,83.30742720689193
STU_013138,70.5265147876336
STU_013139,78.93272715069186
STU_013140,99.91104030609131
STU_013141,76.83694710355837
STU_013142,58.85663236176957
STU_013143,73.40740354450544
STU_013144,64.08843027244707
STU_013145,59.30186476290224
STU_013146,51.924814429477415
STU_013147,80.62432658991946
STU_013148,72.24663471445061
STU_013149,85.62473098265085
STU_013150,80.4862066935499
STU_013151,76.5503403542418
STU_013152,85.82158743957444
STU_013153,69.03963030861745
STU_013154,78.44082300789724
STU_013155,98.67969105166706
STU_013156,76.70731268916353
STU_013157,72.66131692452096
STU_013158,86.84309321225297
STU_013159,80.62597625537614
STU_013160,63.94474124232315
STU_013161,63.622894863935755
STU_013162,59.62003456764309
STU_013163,88.78648634365217
STU_013164,67.6225542175494
STU_013165,69.87564339611998
STU_013166,49.68926272870354
STU_013167,94.03408551653177
STU_013168,75.42075295496893
STU_013169,76.36136219554307
STU_013170,74.40289568225157
STU_013171,81.14968565367599
STU_013172,66.29013254742785
STU_013173,85.78971041869181
STU_013174,61.38705136346377
STU_013175,52.27515794328521
STU_013176,92.0515554548233
STU_013177,62.86619126174483
STU_013178,87.55684219773656
STU_013179,70.09102285694394
STU_013180,88.56677214172873
STU_013181,84.34618179686765
STU_013182,69.51408560060321
STU_013183,80.07525521805333
STU_013184,75.78475033960316
STU_013185,69.0725329146778
STU_013186,60.38795219347735
STU_013187,65.83415536474723
STU_013188,94.21200326615552
STU_013189,98.46248339209241
STU_013190,78.4620386458059
STU_013191,97.077837930731
STU_013192,84.3347495496391
STU_013193,82.3311709255032
STU_013194,98.33187264189172
STU_013195,86.77136060434609
STU_013196,79.46188963946332
STU_013197,51.05065873536692
STU_013198,67.51469850930235
STU_013199,81.3537715333898
STU_013200,50.13625048353272
STU_013201,80.9510827641229
STU_013202,61.832682496075954
STU_013203,73.16264903405414
STU_013204,61.20518959956489
STU_013205,80.9779315103194
STU_013206,66.51243252238135
STU_013207,71.87431963724383
STU_013208,69.55889959727055
STU_013209,75.60084308104399
STU_013210,53.63991544987462
STU_013211,72.12813451027293
STU_013212,58.05079102245558
STU_013213,73.55300932826694
STU_013214,95.80475172895191
STU_013215,48.51812244386312
STU_013216,99.6994481086731
STU_013217,94.76127357294527
STU_013218,68.50909285916603
STU_013219,83.93074726882001
STU_013220,98.48428676150223
STU_013221,64.3472468166123
STU_013222,65.91417488125396
STU_013223,88.59723795563067
STU_013224,70.51824545638576
STU_013225,49.8210534914751
STU_013226,79.92360631423637
STU_013227,87.57458683856348
STU_013228,66.31775685174729
STU_013229,65.4415663653405
STU_013230,72.24879291485705
STU_013231,62.936632455994186
STU_013232,67.26798068254406
STU_013233,91.97376182422957
STU_013234,66.6388996605549
STU_013235,69.28391475568104
STU_013236,91.94718422766607
STU_013237,64.83127098412238
STU_013238,76.0147510184265
STU_013239,73.57967347768789
STU_013240,61.61634644331912
STU_013241,67.19156530876056
STU_013242,72.83101364898275
STU_013243,63.44157486493165
STU_013244,72.84198035982561
STU_013245,66.36940437051618
STU_013246,67.92934206352743
STU_013247,99.48384457105786
STU_013248,93.60604771390904
STU_013249,46.520432219981444
STU_013250,75.61288788203342
STU_013251,83.57018927943533
STU_013252,86.68570342293901
STU_013253,66.67135374781567
STU_013254,96.74690503487133
STU_013255,77.72756779635175
STU_013256,69.43475051887224
STU_013257,78.74797183714422
STU_013258,63.401006550065325
STU_013259,58.57251861672278
STU_013260,70.7417788607176
STU_013261,70.42393762632207
STU_013262,56.0128798651027
STU_013263,56.94050897524704
STU_013264,94.26055491006254
STU_013265,76.70922582320225
STU_013266,70.11532986523787
STU_013267,71.86649710529522
STU_013268,61.007007052748094
STU_013269,81.92681249341538
STU_013270,97.09751501549867
STU_013271,66.4421571385349
STU_013272,80.45685082513786
STU_013273,66.29424654048513
STU_013274,75.80205195466527
STU_013275,65.3076601488451
STU_013276,60.75726215623545
STU_013277,63.46853179767575
STU_013278,61.53917013293902
STU_013279,58.534570728814316
STU_013280,92.65866208494319
STU_013281,95.21795698505002
STU_013282,93.71627536993915
STU_013283,77.34408876372663
STU_013284,76.81921635785186
STU_013285,71.48905274230539
STU_013286,66.00344647366613
STU_013287,95.71468543851384
STU_013288,84.49872049706045
STU_013289,97.30244977455547
STU_013290,78.60212813684767
STU_013291,86.67780788351334
STU_013292,84.94136549797115
STU_013293,72.88750000490984
STU_013294,88.54366479856566
STU_013295,71.55610694738827
STU_013296,78.21668412922965
STU_013297,75.83539854243051
STU_013298,54.92854999919376
STU_013299,84.53623708514628
STU_013300,73.06984008321987
STU_013301,87.87045011687033
STU_013302,85.60661451912259
STU_013303,89.43697303585687
STU_013304,83.9717702385163
STU_013305,70.56934211384201
STU_013306,66.98094057228366
STU_013307,77.47480799112114
STU_013308,95.96237572882399
STU_013309,70.12251412125636
STU_013310,56.82302462287162
STU_013311,91.12569310733357
STU_013312,53.392540978352514
STU_013313,66.02512460479136
STU_013314,69.83903318065796
STU_013315,70.1632945717735
STU_013316,77.48121541013884
STU_013317,73.78519444142775
STU_013318,48.219844541991186
STU_013319,72.13572185796406
STU_013320,81.55610203288089
STU_013321,77.93146841322348
STU_013322,99.25065175539797
STU_013323,95.50553737636935
STU_013324,84.96592976470953
STU_013325,78.19587482377713
STU_013326,75.92835851621399
STU_013327,75.41101641255531
STU_013328,66.66395724457865
STU_013329,85.04132413092306
STU_013330,63.75131655081335
STU_013331,73.03759290051634
STU_013332,68.62805986862743
STU_013333,60.03384381103348
STU_013334,70.25248708995133
STU_013335,64.41260488039607
STU_013336,82.59290281733662
STU_013337,52.36980640587012
STU_013338,65.10016031080283
STU_013339,72.08844409591
STU_013340,94.18239580170264
STU_013341,73.83043678794174
STU_013342,85.85050132963278
STU_013343,68.5875105623658
STU_013344,79.02049631279715
STU_013345,65.03152425505628
STU_013346,97.09157072900294
STU_013347,78.93012631124044
STU_013348,83.73023196386151
STU_013349,98.78582388731104
STU_013350,61.701277904477855
STU_013351,83.52178184642061
STU_013352,71.20586491687988
STU_013353,62.299719428182456
STU_013354,57.22050547618168
STU_013355,87.14728447562712
STU_013356,61.95799622174772
STU_013357,66.52751364685344
STU_013358,70.15827278175745
STU_013359,73.65391302368711
STU_013360,74.11596039712958
STU_013361,70.86706275083351
STU_013362,89.3686601464914
STU_013363,73.89719261045887
STU_013364,68.60123527004092
STU_013365,84.77190290518075
STU_013366,99.35812161038925
STU_013367,81.90968673489759
STU_013368,87.92113520610035
STU_013369,53.9929413424925
STU_013370,82.5168239828874
STU_013371,69.8153710313297
STU_013372,77.32052173380679
STU_013373,75.36950002622063
STU_013374,92.45426742069249
STU_013375,88.97475614339376
STU_013376,41.567081328453966
STU_013377,79.33520697571657
STU_013378,63.7991208948591
STU_013379,79.94893088351468
STU_013380,86.27580649834124
STU_013381,97.19544393563365
STU_013382,99.47755623774454
STU_013383,59.79321171445626
STU_013384,61.89770621303889
STU_013385,63.907424373930496
STU_013386,98.71638672100434
STU_013387,54.395255486495486
STU_013388,82.64204003243752
STU_013389,65.41205499314532
STU_013390,66.70477255738237
STU_013391,86.27677778014544
STU_013392,98.30805357231475
STU_013393,69.11892893119906
STU_013394,99.09378673626193
STU_013395,61.8612649953447
STU_013396,65.64854028591621
STU_013397,99.79595994949341
STU_013398,92.58864799389733
STU_013399,60.23673533852981
STU_013400,64.4994228733494
STU_013401,99.97560834884644
STU_013402,75.25990870983048
STU_013403,94.20293978444738
STU_013404,63.803510664658084
STU_013405,78.81211314306968
STU_013406,99.85514446184663
STU_013407,70.5787099695928
STU_013408,64.40626109575209
STU_013409,60.92375393292965
STU_013410,74.94547577043434
STU_013411,63.023991003200166
STU_013412,65.83448205656768
STU_013413,76.5994928042892
STU_013414,85.94893304378752
STU_013415,74.17176539146335
STU_013416,54.91599911722236
STU_013417,78.57779164894382
STU_013418,48.04025212004008
STU_013419,63.032834331365606
STU_013420,98.63448576864741
STU_013421,99.44912434676496
STU_013422,90.55748959469639
STU_013423,55.39767570358107
STU_013424,97.47238626101125
STU_013425,79.75473671508706
STU_013426,51.79779626053075
STU_013427,68.83825775734573
STU_013428,73.46967874103021
STU_013429,92.77072730745073
STU_013430,66.03715320533304
STU_013431,62.909719222223664
STU_013432,78.34600802450232
STU_013433,93.72804721141614
STU_013434,92.80608035322763
STU_013435,92.44879822716412
STU_013436,73.96666517121267
STU_013437,73.66895331747088
STU_013438,76.3542670921368
STU_013439,89.98374856988593
STU_013440,75.20953684519237
STU_013441,95.19992758739406
STU_013442,98.66362933783196
STU_013443,69.16370595237055
STU_013444,82.87547894413697
STU_013445,80.62879255929751
STU_013446,92.33801117877329
STU_013447,88.46124666619734
STU_013448,81.76353875485593
STU_013449,74.17059810206172
STU_013450,95.90559467697793
STU_013451,71.56713560706794
STU_013452,79.29309813404862
STU_013453,80.78835735788961
STU_013454,66.83177744631047
STU_013455,97.62821385656204
STU_013456,70.53646645041064
STU_013457,66.59840811388722
STU_013458,74.70517841526555
STU_013459,59.727449858971184
STU_013460,58.08842219494412
STU_013461,76.85997323035248
STU_013462,55.588553807276504
STU_013463,81.34906490836713
STU_013464,59.414591285657664
STU_013465,63.04605603339977
STU_013466,87.6222262428279
STU_013467,60.28166557844514
STU_013468,92.47280476489388
STU_013469,76.98718098657461
STU_013470,90.3635350627696
STU_013471,81.24763082591504
STU_013472,82.63495519706296
STU_013473,64.01301838875466
STU_013474,79.55726418833058
STU_013475,87.8154678300252
STU_013476,78.4112246404649
STU_013477,64.94425799454163
STU_013478,77.73274666296676
STU_013479,70.17427634116476
STU_013480,82.90535066325916
STU_013481,76.81953465627201
STU_013482,77.51816404510843
STU_013483,78.37438647578344
STU_013484,86.09629681635862
STU_013485,93.8405611369984
STU_013486,54.405371470462406
STU_013487,80.56862802526355
STU_013488,78.66525751815426
STU_013489,72.73846360076378
STU_013490,75.37041166992036
STU_013491,84.23780954729156
STU_013492,78.13085736606712
STU_013493,64.55540504983543
STU_013494,71.93863134773667
STU_013495,83.45798462860964
STU_013496,86.11509889111079
STU_013497,48.63023153719862
STU_013498,71.80437545278737
STU_013499,83.40367268606019
STU_013500,65.01676741622329
STU_013501,86.28834149502407
STU_013502,80.60116152040528
STU_013503,70.90311936930485
STU_013504,87.67906543050483
STU_013505,70.3790073923253
STU_013506,96.46290504241477
STU_013507,63.78584023311433
STU_013508,75.98153979073305
STU_013509,87.87037210265694
STU_013510,64.59977709510116
STU_013511,81.78612008848458
STU_013512,67.88261650090013
STU_013513,50.03007945851948
STU_013514,85.78395518958345
STU_013515,69.9915399176821
STU_013516,99.98839712142944
STU_013517,80.64627065034796
STU_013518,74.24835512900663
STU_013519,99.89410638809204
STU_013520,72.69669717728897
STU_013521,63.721714384401295
STU_013522,64.02118827903084
STU_013523,95.79042638186847
STU_013524,77.62414756463727
STU_013525,71.31897172548899
STU_013526,76.60409832062552
STU_013527,65.61552794759419
STU_013528,54.46117773813644
STU_013529,97.7038480147156
STU_013530,69.6774849103108
STU_013531,95.6870964028329
STU_013532,57.47610466269812
STU_013533,72.49667141586167
STU_013534,91.37716249394644
STU_013535,95.93396845257405
STU_013536,86.73213164941295
STU_013537,75.21474311593451
STU_013538,96.20156871031054
STU_013539,69.06252069885535
STU_013540,99.88921546936035
STU_013541,66.21541063493412
STU_013542,85.2054786500252
STU_013543,71.56843979688801
STU_013544,75.08455502044114
STU_013545,87.24450697091673
STU_013546,98.82813795583081
STU_013547,98.87632553807029
STU_013548,79.82649095464586
STU_013549,62.0957270464137
STU_013550,73.91529293049756
STU_013551,66.54930528526216
STU_013552,81.57383465118545
STU_013553,72.11610492681291
STU_013554,72.0185546138643
STU_013555,60.62694237387218
STU_013556,88.3555795666804
STU_013557,66.29046620654006
STU_013558,67.6553875776437
STU_013559,85.37969170349855
STU_013560,52.31906460634273
STU_013561,70.19740155787362
STU_013562,90.51235399711561
STU_013563,86.97137099339224
STU_013564,57.106206702609015
STU_013565,81.86506883618765
STU_013566,70.56843959833463
STU_013567,95.77931842702831
STU_013568,72.21472289778197
STU_013569,74.00124997778214
STU_013570,71.05651628544216
STU_013571,72.08391887385663
STU_013572,58.08960786282783
STU_013573,65.66026933987035
STU_013574,75.53166539613774
STU_013575,53.78865969541441
STU_013576,69.77121257206575
STU_013577,62.251740019169
STU_013578,72.04755555439758
STU_013579,74.3350861538153
STU_013580,84.86813359081086
STU_013581,55.91587882630425
STU_013582,76.72817646330924
STU_013583,67.47038473051549
STU_013584,73.03659078957489
STU_013585,61.752857197587424
STU_013586,60.97830040163239
STU_013587,98.29753685845635
STU_013588,68.682507146486
STU_013589,75.27252658605641
STU_013590,81.23637150920945
STU_013591,90.38683462944915
STU_013592,99.72349359989167
STU_013593,96.08920217659818
STU_013594,69.26537575095277
STU_013595,60.380091837809275
STU_013596,85.67653167398163
STU_013597,66.57535737401685
STU_013598,75.7001748772801
STU_013599,71.55026714902453
STU_013600,98.02131400213949
STU_013601,67.74639788205366
STU_013602,63.445659021703584
STU_013603,94.41174559068732
STU_013604,66.8500750423467
STU_013605,89.90485867202011
STU_013606,71.61947828352984
STU_013607,42.80682586205469
STU_013608,80.59866471713352
STU_013609,79.3451017475554
STU_013610,95.00351166965623
STU_013611,95.2817031433103
STU_013612,61.50774657397211
STU_013613,75.77884325959607
STU_013614,51.24921760664266
STU_013615,83.15269792358117
STU_013616,81.80510430643406
STU_013617,64.02433321435798
STU_013618,60.96174127283962
STU_013619,67.1791300369389
STU_013620,74.29346241468343
STU_013621,72.74910334949192
STU_013622,60.78012206820611
STU_013623,50.60367318378286
STU_013624,50.81861243054058
STU_013625,81.12371465043111
STU_013626,77.47737254574807
STU_013627,85.02878134436256
STU_013628,97.13821344190666
STU_013629,81.17582754143203
STU_013630,72.36081394845104
STU_013631,65.95856007234936
STU_013632,56.6023935695879
STU_013633,96.07018654038467
STU_013634,67.09890244657979
STU_013635,99.10590697876913
STU_013636,70.30906637790744
STU_013637,78.24362930401867
STU_013638,79.63556321905455
STU_013639,65.13207809869763
STU_013640,78.0005867362871
STU_013641,89.04641357405427
STU_013642,72.36743729609893
STU_013643,80.67595546413457
STU_013644,61.44232162391397
STU_013645,72.91287275407942
STU_013646,92.74472667579977
STU_013647,81.04479761088116
STU_013648,98.49543786149526
STU_013649,76.1974686707745
STU_013650,94.70928221176922
STU_013651,71.02712126496107
STU_013652,67.22429797260736
STU_013653,91.44183891247229
STU_013654,76.5680297808271
STU_013655,75.70635031615964
STU_013656,98.13792509283888
STU_013657,60.52251932605257
STU_013658,82.81048099690935
STU_013659,66.44570929691545
STU_013660,66.32552837051163
STU_013661,76.94744500891646
STU_013662,83.31690339428367
STU_013663,75.34599434098556
STU_013664,91.16397316266811
STU_013665,79.25266155572031
STU_013666,85.42489996280972
STU_013667,59.81816842048782
STU_013668,91.14692820734047
STU_013669,61.88761074359118
STU_013670,87.80016064112499
STU_013671,99.81801891326904
STU_013672,69.40759079412157
STU_013673,96.06907680165249
STU_013674,76.738815521596
STU_013675,60.572958373577976
STU_013676,74.55729545165849
STU_013677,83.52854010551195
STU_013678,70.43546936200474
STU_013679,68.13638596501056
STU_013680,52.91723502505329
STU_013681,98.83734993660633
STU_013682,41.27517157997249
STU_013683,56.97676384391739
STU_013684,73.31844374488057
STU_013685,87.57615666373275
STU_013686,93.97543907237889
STU_013687,75.09872704828405
STU_013688,63.129811547255606
STU_013689,97.79206865461242
STU_013690,90.73151329644818
STU_013691,64.50596027991402
STU_013692,61.74831342105372
STU_013693,87.5379218247302
STU_013694,76.76699853514879
STU_013695,70.5497292747911
STU_013696,99.69705230630387
STU_013697,69.47071336388271
STU_013698,62.81950267758735
STU_013699,65.99578299539448
STU_013700,81.56684065657903
STU_013701,81.86061911273035
STU_013702,94.46905462333201
STU_013703,68.17098108095618
STU_013704,76.79256246039941
STU_013705,87.08974712302613
STU_013706,66.5833313901763
STU_013707,66.2124590583782
STU_013708,59.189693525495
STU_013709,91.18498909882086
STU_013710,79.4528540401726
STU_013711,99.3132434982661
STU_013712,73.91660820574123
STU_013713,63.503434351106975
STU_013714,66.96794146803276
STU_013715,98.42834520092731
STU_013716,70.31264790221631
STU_013717,55.619089277484505
STU_013718,83.9838133907839
STU_013719,73.62478888179079
STU_013720,50.68401890293668
STU_013721,56.87509334159313
STU_013722,80.86350516875044
STU_013723,83.84894836620543
STU_013724,91.85660273455554
STU_013725,71.5820773244164
STU_013726,64.13537964319642
STU_013727,68.29756471533925
STU_013728,94.8916493653235
STU_013729,90.97970885063056
STU_013730,78.36140984515535
STU_013731,92.11451858916598
STU_013732,76.23576226343297
STU_013733,84.20232587888299
STU_013734,55.826466950343324
STU_013735,71.32952090065254
STU_013736,99.80542776258602
STU_013737,80.43744534430917
STU_013738,75.33043334834025
STU_013739,71.7986722516927
STU_013740,82.37474287546698
STU_013741,76.8902510930655
STU_013742,94.26757043465358
STU_013743,94.27985579879781
STU_013744,69.15313724499296
STU_013745,93.13918422012219
STU_013746,86.68166327107741
STU_013747,95.48915321205351
STU_013748,73.29344250823556
STU_013749,95.12872925453746
STU_013750,75.25824547425887
STU_013751,75.3547736929857
STU_013752,78.99617562533466
STU_013753,84.86715549273512
STU_013754,72.23539024575993
STU_013755,67.50170316324608
STU_013756,64.45300112776218
STU_013757,99.49263728074045
STU_013758,95.1227462454173
STU_013759,56.82427831709833
STU_013760,57.19383269879732
STU_013761,97.34567696019343
STU_013762,77.89869075228218
STU_013763,75.85250133741228
STU_013764,60.047708870080754
STU_013765,63.76240031044429
STU_013766,82.08498682475495
STU_013767,88.8909019901975
STU_013768,67.87270092907968
STU_013769,55.642081987479145
STU_013770,88.73236436615582
STU_013771,96.12774352047543
STU_013772,66.04818488738991
STU_013773,68.79164403949925
STU_013774,73.00921452505114
STU_013775,75.93771145368028
STU_013776,59.11964926259337
STU_013777,76.48195621069307
STU_013778,92.82434091265719
STU_013779,96.70496760146199
STU_013780,69.98152290167893
STU_013781,58.98637207922833
STU_013782,78.02077846961954
STU_013783,88.20499297776584
STU_013784,75.88313011854308
STU_013785,68.61941311144062
STU_013786,77.32330973427327
STU_013787,98.20431977700878
STU_013788,56.39914549949329
STU_013789,84.73427042484929
STU_013790,63.36871326968989
STU_013791,84.7107990718195
STU_013792,99.91075944900513
STU_013793,72.07288800738468
STU_013794,72.9318873565199
STU_013795,78.25708916268968
STU_013796,68.67994995117762
STU_013797,86.13850833335528
STU_013798,59.47907064169483
STU_013799,78.34567913320298
STU_013800,83.6634761741054
STU_013801,99.65152170524217
STU_013802,79.73845592744286
STU_013803,72.29053869330316
STU_013804,75.70427636294845
STU_013805,84.23786699113205
STU_013806,68.14898846885073
STU_013807,80.1450644963965
STU_013808,72.69543726591071
STU_013809,75.59453520226198
STU_013810,86.05406793389497
STU_013811,66.26838261620031
STU_013812,78.21693629527714
STU_013813,69.30687575061924
STU_013814,64.38650010520458
STU_013815,77.1223500826024
STU_013816,68.9125549390674
STU_013817,81.13904998467822
STU_013818,56.700829791640516
STU_013819,87.67108168465035
STU_013820,74.35700582782533
STU_013821,72.66782667897802
STU_013822,95.41455429537493
STU_013823,87.86264780857945
STU_013824,70.69788677366961
STU_013825,62.02191039464919
STU_013826,85.0732890793218
STU_013827,77.32004107962672
STU_013828,86.94108511166057
STU_013829,79.88296711887531
STU_013830,85.66607395188063
STU_013831,80.28696383839612
STU_013832,92.46977562967771
STU_013833,83.74690847580656
STU_013834,68.39475119914873
STU_013835,78.85465543289075
STU_013836,65.87794052684401
STU_013837,96.79329266278611
STU_013838,55.82782928717579
STU_013839,59.18005034454827
STU_013840,55.93246768224189
STU_013841,99.56332504125727
STU_013842,77.70814788884803
STU_013843,76.01054826198445
STU_013844,72.7996500876899
STU_013845,92.32104063649584
STU_013846,86.51160732545156
STU_013847,41.45299687247529
STU_013848,99.95515966415405
STU_013849,56.559978956390516
STU_013850,69.9483295141201
STU_013851,65.9669785857079
STU_013852,90.69930662553509
STU_013853,68.41554153383782
STU_013854,82.22885296224688
STU_013855,76.57879185402075
STU_013856,56.60066514257457
STU_013857,75.92279704857955
STU_013858,81.85443719579649
STU_013859,80.16620753760488
STU_013860,70.3595717127534
STU_013861,70.41374396103483
STU_013862,82.52494640172871
STU_013863,84.66621445004864
STU_013864,67.38662951476513
STU_013865,89.76269578225396
STU_013866,57.28427059301583
STU_013867,73.18855690579663
STU_013868,95.67599879973827
STU_013869,73.75903634093976
STU_013870,48.94967978493301
STU_013871,70.22634157448186
STU_013872,99.13297330108242
STU_013873,68.13502525464233
STU_013874,65.949922319318
STU_013875,60.58234019468623
STU_013876,79.1608127222225
STU_013877,54.48910058382816
STU_013878,58.854962225886126
STU_013879,62.61370725413786
STU_013880,96.15189785510118
STU_013881,70.88615993157289
STU_013882,79.51949159894335
STU_013883,68.1250618781814
STU_013884,81.39516865590396
STU_013885,89.93376148770767
STU_013886,87.74849460747629
STU_013887,72.81977026520956
STU_013888,78.80152407028076
STU_013889,77.77909077649787
STU_013890,94.12136814847653
STU_013891,93.96707203518314
STU_013892,73.49082728375008
STU_013893,59.313823842382135
STU_013894,95.66294045078601
STU_013895,53.73765141933811
STU_013896,94.15571288604599
STU_013897,74.72968861927934
STU_013898,80.74438600647858
STU_013899,84.60553639696411
STU_013900,67.18757614814416
STU_013901,76.62787096221086
STU_013902,73.67541151995863
STU_013903,72.3344132851444
STU_013904,67.89249090136317
STU_013905,91.06266156818943
STU_013906,78.10391331959121
STU_013907,66.03847466044672
STU_013908,65.48813778114258
STU_013909,90.33208339692817
STU_013910,60.89653286104331
STU_013911,81.33630186740322
STU_013912,81.42404904412857
STU_013913,70.68177173686409
STU_013914,59.16681688180208
STU_013915,66.137433573752
STU_013916,98.08722234163648
STU_013917,50.81923862844333
STU_013918,55.55397811412841
STU_013919,77.20847748266277
STU_013920,78.18381602374797
STU_013921,64.43960006767752
STU_013922,95.85052010316299
STU_013923,88.87609346808125
STU_013924,85.94852472265269
STU_013925,70.09337073330074
STU_013926,80.29555745063
STU_013927,99.40064000870031
STU_013928,41.47598274229451
STU_013929,60.93483029200332
STU_013930,70.82057167650177
STU_013931,63.87677528168709
STU_013932,64.89931608477812
STU_013933,53.74344803638287
STU_013934,64.81628742835763
STU_013935,76.67590708772501
STU_013936,87.51644613054305
STU_013937,81.36285252845255
STU_013938,76.04401039024694
STU_013939,67.43155566375134
STU_013940,63.61101457563163
STU_013941,66.74793544380503
STU_013942,99.85227680206299
STU_013943,61.111745521252516
STU_013944,87.71740198367652
STU_013945,74.02316782768311
STU_013946,98.62554914170798
STU_013947,80.41454358124409
STU_013948,78.70487736321742
STU_013949,45.22161598744777
STU_013950,89.12482532782539
STU_013951,53.409063469520994
STU_013952,96.94614171484992
STU_013953,70.61148687382709
STU_013954,45.84530626085226
STU_013955,65.90505863621377
STU_013956,77.04323532190503
STU_013957,79.21055734662684
STU_013958,73.05431007548358
STU_013959,70.83229056449261
STU_013960,77.51671141934621
STU_013961,75.2477839858404
STU_013962,60.340212954215815
STU_013963,66.96581936162258
STU_013964,75.92699512744603
STU_013965,60.71841177647039
STU_013966,69.61328160184459
STU_013967,70.57869535698376
STU_013968,95.4472959774657
STU_013969,45.529125348285554
STU_013970,87.95068879877573
STU_013971,65.71916232623987
STU_013972,72.81474870244602
STU_013973,71.48509205868046
STU_013974,94.70139675737329
STU_013975,84.79307251646985
STU_013976,69.52293497354952
STU_013977,83.3443831028662
STU_013978,95.78359748431687
STU_013979,86.01525354118738
STU_013980,75.89938996879596
STU_013981,74.36060704494467
STU_013982,70.63431175434101
STU_013983,77.91517436591751
STU_013984,68.18938133202107
STU_013985,84.98107458533251
STU_013986,70.3800590635663
STU_013987,95.52363801596972
STU_013988,67.99402365272928
STU_013989,66.18382319360782
STU_013990,65.69023768133601
STU_013991,79.80775310742007
STU_013992,77.61444797502514
STU_013993,79.12902844356955
STU_013994,77.59511568453382
STU_013995,58.38033876863783
STU_013996,73.94550064165605
STU_013997,96.63856469859593
STU_013998,61.49923152186666
STU_013999,77.54418761861184
STU_014000,76.75871519887323
STU_014001,65.71173081050519
STU_014002,60.23016440686126
STU_014003,67.15902638889068
STU_014004,63.24143290600129
STU_014005,70.6270942520164
STU_014006,70.73655645931294
STU_014007,82.8327774346831
STU_014008,60.65040927814924
STU_014009,99.72703695297241
STU_014010,70.99197078178051
STU_014011,82.058351664388
STU_014012,94.42592600896424
STU_014013,50.06995521649344
STU_014014,91.18104435890118
STU_014015,81.77234160939986
STU_014016,64.28358836596209
STU_014017,80.0703813558507
STU_014018,77.44316766482847
STU_014019,88.38977272407715
STU_014020,84.7765384379043
STU_014021,92.91324195628283
STU_014022,70.28131556499031
STU_014023,62.84382425077328
STU_014024,76.96750979086163
STU_014025,81.08872579833294
STU_014026,75.56797627587669
STU_014027,99.95849847793579
STU_014028,88.2082020270732
STU_014029,77.11779376851108
STU_014030,75.39418685985305
STU_014031,74.17657748422528
STU_014032,75.07144282936075
STU_014033,66.71335185659338
STU_014034,92.22980159968321
STU_014035,95.22246256912095
STU_014036,50.679181701847625
STU_014037,59.962754754062885
STU_014038,85.80515918353487
STU_014039,88.75734044259053
STU_014040,75.18768632810063
STU_014041,74.59370003253119
STU_014042,65.58927896354234
STU_014043,68.24012145022982
STU_014044,99.90507316589355
STU_014045,74.92400908553972
STU_014046,65.99155326888297
STU_014047,87.8080800992581
STU_014048,62.10893812586366
STU_014049,86.01330411405239
STU_014050,75.29177130217528
STU_014051,72.80516764963252
STU_014052,80.15611159263096
STU_014053,86.31233902238361
STU_014054,85.9647422256364
STU_014055,99.94572019577026
STU_014056,78.18217851237705
STU_014057,68.94266278937394
STU_014058,76.37742317214565
STU_014059,60.98026079175696
STU_014060,78.56429052099696
STU_014061,67.18028282178754
STU_014062,87.56952149989311
STU_014063,70.68025850036462
STU_014064,67.60229982692164
STU_014065,60.78634992450958
STU_014066,40.51390916666342
STU_014067,94.51885450595222
STU_014068,68.32751738311661
STU_014069,76.22360263339677
STU_014070,74.99514908896364
STU_014071,39.350399376533446
STU_014072,70.79898658440625
STU_014073,79.28050583820794
STU_014074,73.52316905098334
STU_014075,73.10536017104965
STU_014076,67.9994590872675
STU_014077,53.44878491906734
STU_014078,53.58579573558267
STU_014079,84.91590465620608
STU_014080,86.00838733453645
STU_014081,99.92964935302734
STU_014082,79.30064245611732
STU_014083,64.29619605332616
STU_014084,74.49670463069381
STU_014085,99.81440305709839
STU_014086,62.17816271331017
STU_014087,68.84037722349974
STU_014088,76.10701718500286
STU_014089,74.88591390299882
STU_014090,66.94332715690534
STU_014091,88.94255967037867
STU_014092,67.79532233702675
STU_014093,72.68725874712696
STU_014094,62.73308702464973
STU_014095,78.7661550456025
STU_014096,82.81718839971506
STU_014097,88.84773481001216
STU_014098,69.628242866406
STU_014099,69.93392209661718
STU_014100,64.28249877489225
STU_014101,77.42070157935146
STU_014102,85.39589324021928
STU_014103,70.00165918118752
STU_014104,91.33658276258916
STU_014105,43.99314950710421
STU_014106,70.50652245984122
STU_014107,86.28701092509766
STU_014108,79.29174141966999
STU_014109,81.1490646309117
STU_014110,84.06268446406519
STU_014111,90.31947108771996
STU_014112,61.025117338277084
STU_014113,59.71773491784451
STU_014114,64.48253426954187
STU_014115,77.5600948763421
STU_014116,99.21978149317553
STU_014117,65.31826642836741
STU_014118,93.99800711669218
STU_014119,69.56990786799714
STU_014120,67.28576757252814
STU_014121,58.35608140919276
STU_014122,58.16121039903467
STU_014123,58.62045446769878
STU_014124,58.06806989910943
STU_014125,84.96762251158248
STU_014126,63.74676063438564
STU_014127,69.20968075793768
STU_014128,61.58215612351975
STU_014129,86.77430159935331
STU_014130,80.772512887274
STU_014131,89.66155661363324
STU_014132,78.5016425658442
STU_014133,69.62839547210552
STU_014134,44.25047763525133
STU_014135,77.42622169520067
STU_014136,73.93089290745979
STU_014137,98.80037462089456
STU_014138,54.50231403414409
STU_014139,74.12566371797938
STU_014140,78.46061122638207
STU_014141,89.04609457013046
STU_014142,71.8136190903009
STU_014143,86.61467711943004
STU_014144,98.54521927688603
STU_014145,66.34174765402149
STU_014146,93.34495736739126
STU_014147,78.43069855751412
STU_014148,86.73309323563457
STU_014149,77.77464493531271
STU_014150,64.34926819891943
STU_014151,97.29713529874077
STU_014152,86.37177558476729
STU_014153,58.153543375750445
STU_014154,77.51870116953702
STU_014155,67.3611267650869
STU_014156,91.24284175204966
STU_014157,80.77761795583355
STU_014158,79.89765458825214
STU_014159,83.9121742577195
STU_014160,95.0688716482822
STU_014161,80.13361480936808
STU_014162,95.9479911393075
STU_014163,71.72707963933402
STU_014164,53.11977150160982
STU_014165,96.42761304715215
STU_014166,70.01817724448773
STU_014167,78.4147988605341
STU_014168,68.3618736182847
STU_014169,53.08022442622578
STU_014170,79.25800388514277
STU_014171,84.14927476838906
STU_014172,77.88533475264033
STU_014173,68.88542846284433
STU_014174,78.79008499333727
STU_014175,82.37689545615439
STU_014176,65.27143410556444
STU_014177,76.37762008123045
STU_014178,71.52683190518381
STU_014179,84.50641652033042
STU_014180,78.7960811781619
STU_014181,74.83726772397456
STU_014182,96.97527459085813
STU_014183,64.12206702856137
STU_014184,81.96322213830754
STU_014185,76.07125830299873
STU_014186,93.92717996786169
STU_014187,98.03392534423207
STU_014188,76.20586926700616
STU_014189,70.6274728259996
STU_014190,66.1965724628898
STU_014191,65.64532809207681
STU_014192,63.209670041542864
STU_014193,84.7141234469413
STU_014194,71.29153367551493
STU_014195,62.31842451807485
STU_014196,81.53131935471578
STU_014197,62.09747436588961
STU_014198,71.22470263858773
STU_014199,58.18325285901187
STU_014200,77.06684138112645
STU_014201,77.36280357074452
STU_014202,81.81094740706355
STU_014203,57.57257352728584
STU_014204,85.88015973989413
STU_014205,67.99978909760623
STU_014206,74.57123883597507
STU_014207,78.36861041640063
STU_014208,72.49243299133077
STU_014209,70.66285408732888
STU_014210,97.94467448908081
STU_014211,80.53063299612224
STU_014212,98.40080623727978
STU_014213,78.23006321796981
STU_014214,62.509030908085364
STU_014215,71.71345861030218
STU_014216,69.34986070057084
STU_014217,88.17446509963335
STU_014218,99.8458724527524
STU_014219,66.60724018863101
STU_014220,78.96496354087188
STU_014221,86.80440994397631
STU_014222,78.45387352914346
STU_014223,87.91430455058847
STU_014224,91.6725285952857
STU_014225,72.72260565914868
STU_014226,57.228824618776386
STU_014227,72.13572356299892
STU_014228,59.951903513604165
STU_014229,91.07032243764115
STU_014230,93.67245144807454
STU_014231,76.67233198175245
STU_014232,76.7286647787665
STU_014233,54.94823702570828
STU_014234,99.8925108909607
STU_014235,76.35825083128933
STU_014236,72.39196179693595
STU_014237,91.10079768075349
STU_014238,48.059037784371995
STU_014239,89.55295944233507
STU_014240,70.75588210905718
STU_014241,81.91936825537458
STU_014242,88.28114924372835
STU_014243,66.74434391900787
STU_014244,81.8612773604214
STU_014245,79.175338535609
STU_014246,75.5690092195199
STU_014247,63.555294021753014
STU_014248,91.98243404760437
STU_014249,77.71747090431998
STU_014250,80.45103619421332
STU_014251,74.05694824259736
STU_014252,61.743900489499715
STU_014253,89.68832239149698
STU_014254,68.59173632957939
STU_014255,95.76775952034089
STU_014256,68.64906299792698
STU_014257,71.17912038099826
STU_014258,89.30775289633428
STU_014259,66.17156960091489
STU_014260,84.8483532291783
STU_014261,83.4676197669608
STU_014262,75.48896015603013
STU_014263,58.862554545184324
STU_014264,86.64134267476331
STU_014265,67.6867298214592
STU_014266,85.869646121519
STU_014267,96.17381873021516
STU_014268,91.92984211159616
STU_014269,73.1715642918173
STU_014270,70.50758677064404
STU_014271,59.31111213512244
STU_014272,71.75315463926131
STU_014273,72.85900980736935
STU_014274,66.01586436436257
STU_014275,87.29416648016056
STU_014276,66.6060364734727
STU_014277,93.89851532064388
STU_014278,59.54919744609299
STU_014279,94.59567419919182
STU_014280,55.26706776339803
STU_014281,88.89488575222568
STU_014282,70.45814192455492
STU_014283,54.902704624677426
STU_014284,82.68322215542895
STU_014285,94.22338066957657
STU_014286,63.89802185804423
STU_014287,83.15074215431912
STU_014288,49.266452832892526
STU_014289,73.49955079542711
STU_014290,77.89176269341462
STU_014291,65.94556265085897
STU_014292,72.2716600135397
STU_014293,74.22800648300591
STU_014294,60.80498785723431
STU_014295,68.05753447385143
STU_014296,68.46516688725107
STU_014297,63.62508002252481
STU_014298,78.91176704848912
STU_014299,80.50305998781907
STU_014300,91.29633314851533
STU_014301,57.19812166973497
STU_014302,99.82642650604248
STU_014303,89.24830916831178
STU_014304,62.211872844561555
STU_014305,79.80212447695251
STU_014306,74.14090513598464
STU_014307,99.86144590377808
STU_014308,69.98552541790664
STU_014309,92.804650363495
STU_014310,71.03192453658019
STU_014311,99.7717776298523
STU_014312,74.44653402902311
STU_014313,69.08575984848522
STU_014314,64.84751782131647
STU_014315,82.4053196991848
STU_014316,73.50954544422956
STU_014317,69.64884908641618
STU_014318,79.75110094660995
STU_014319,59.61166755423801
STU_014320,75.79764273527607
STU_014321,63.08869926826756
STU_014322,96.16998780569475
STU_014323,84.20417164639196
STU_014324,78.78464612918111
STU_014325,84.3110785766903
STU_014326,83.69291939069564
STU_014327,67.64187508392763
STU_014328,51.93756888605193
STU_014329,94.21166981924839
STU_014330,54.308177704429774
STU_014331,62.21056141527791
STU_014332,59.44081784159083
STU_014333,71.99898317374591
STU_014334,95.52136041251052
STU_014335,79.09223341935727
STU_014336,92.28469820031867
STU_014337,79.92927555822266
STU_014338,63.66012265435831
STU_014339,63.753879477617225
STU_014340,63.34328439826277
STU_014341,94.05880063411882
STU_014342,56.11723561727834
STU_014343,71.7935880260512
STU_014344,46.66844576133562
STU_014345,74.80034908025283
STU_014346,86.85691753570227
STU_014347,66.46366995942842
STU_014348,72.01907385306178
STU_014349,66.07929082539914
STU_014350,69.33726927323889
STU_014351,72.95921891299417
STU_014352,93.27232972822236
STU_014353,89.73059852649808
STU_014354,90.17407999743551
STU_014355,64.8748402332197
STU_014356,50.287655059502995
STU_014357,85.91462448771966
STU_014358,56.25211377909103
STU_014359,74.85118347814878
STU_014360,58.55588381052403
STU_014361,66.0794136614934
STU_014362,99.8311972618103
STU_014363,47.24488299649599
STU_014364,76.71127230744132
STU_014365,63.23811276530269
STU_014366,74.38267733881743
STU_014367,70.85857466154306
STU_014368,89.34003383603505
STU_014369,90.38488453518215
STU_014370,95.41152081318603
STU_014371,75.28771082106562
STU_014372,86.21504639681498
STU_014373,66.70643783769818
STU_014374,80.71316850623487
STU_014375,79.11875593503129
STU_014376,92.82849934015695
STU_014377,83.40907161599645
STU_014378,99.59546613709573
STU_014379,80.36190058731034
STU_014380,82.3686753980669
STU_014381,45.615384778311764
STU_014382,78.43839126650883
STU_014383,73.4490708183193
STU_014384,86.39885574173812
STU_014385,91.6491524948492
STU_014386,61.27931868162089
STU_014387,78.71643654063149
STU_014388,68.33864659171138
STU_014389,74.80832371054089
STU_014390,67.32951986864961
STU_014391,45.05530488951325
STU_014392,89.31183246642439
STU_014393,89.01757497684116
STU_014394,72.29303505371593
STU_014395,97.83314836179808
STU_014396,91.32428398210523
STU_014397,77.92021624628374
STU_014398,99.77688992699711
STU_014399,73.13183602421354
STU_014400,95.54533135830962
STU_014401,83.9777237035758
STU_014402,77.77556771651152
STU_014403,76.62451676522542
STU_014404,79.16103453617833
STU_014405,63.46388167001994
STU_014406,78.86022215601662
STU_014407,99.16313893977687
STU_014408,64.5779936937513
STU_014409,56.84592134742819
STU_014410,73.43590671617704
STU_014411,66.44760826537133
STU_014412,73.30288025268699
STU_014413,81.75726027691381
STU_014414,63.8766388503135
STU_014415,68.95299235756517
STU_014416,78.97951824656539
STU_014417,91.89973287323915
STU_014418,90.3757956755023
STU_014419,54.49839265676543
STU_014420,90.42626759129334
STU_014421,95.79751919648129
STU_014422,66.73290638670568
STU_014423,93.16480060465808
STU_014424,77.07820387171563
STU_014425,96.4357769602881
STU_014426,71.03984672178167
STU_014427,89.15947409102733
STU_014428,91.94929960966637
STU_014429,91.85567744071295
STU_014430,52.48975946965647
STU_014431,58.765069147702064
STU_014432,75.40508609027313
STU_014433,67.86890705525758
STU_014434,78.54319278521906
STU_014435,96.24096968777474
STU_014436,56.2358798399428
STU_014437,71.19961466716126
STU_014438,75.33880826387272
STU_014439,81.57151458605213
STU_014440,47.83727171441865
STU_014441,62.583327321585166
STU_014442,77.78235094129433
STU_014443,53.00684848124776
STU_014444,51.59750871803165
STU_014445,72.51802049214724
STU_014446,68.30712611753006
STU_014447,96.3826502582898
STU_014448,62.48795337425225
STU_014449,53.31711678927246
STU_014450,66.55043129027544
STU_014451,88.03445417909266
STU_014452,89.84570140192193
STU_014453,99.94346857070923
STU_014454,88.61125082587492
STU_014455,89.2984604164485
STU_014456,83.55861645309585
STU_014457,62.14990664781279
STU_014458,62.81156176073287
STU_014459,75.91766408507476
STU_014460,99.84511423110962
STU_014461,94.65981800614898
STU_014462,82.98844174612395
STU_014463,86.20203135651046
STU_014464,71.67459217810168
STU_014465,95.69122634015011
STU_014466,66.249234845281
STU_014467,78.23262455502814
STU_014468,73.1935423226644
STU_014469,82.53485293798109
STU_014470,76.0019349446425
STU_014471,84.18274357994991
STU_014472,64.39675890526048
STU_014473,65.0424996806479
STU_014474,84.05635891013944
STU_014475,62.70335422641648
STU_014476,72.94936994927431
STU_014477,94.1314871588751
STU_014478,81.41856545558107
STU_014479,97.56803195059513
STU_014480,76.89860609674332
STU_014481,90.73420088911203
STU_014482,50.91913558896114
STU_014483,94.32988604263052
STU_014484,47.62713835465465
STU_014485,75.87113138927528
STU_014486,89.10979855461258
STU_014487,81.42363060479161
STU_014488,71.61806189727895
STU_014489,47.12104597092606
STU_014490,91.46048069397389
STU_014491,82.4226233199192
STU_014492,79.18622671711863
STU_014493,61.969472386750645
STU_014494,86.50442963929184
STU_014495,70.19423887471672
STU_014496,66.71351227552537
STU_014497,64.11418000084974
STU_014498,87.80097090082484
STU_014499,81.04893821870402
STU_014500,65.85510235656163
STU_014501,62.688823703153815
STU_014502,70.70320777107978
STU_014503,74.6933553552551
STU_014504,99.84224350452423
STU_014505,74.21881745238173
STU_014506,75.56534475743328
STU_014507,71.12845982128408
STU_014508,64.98645220059596
STU_014509,75.34853030874883
STU_014510,61.62852292648009
STU_014511,83.68909601727114
STU_014512,74.36119641733423
STU_014513,81.96979074645458
STU_014514,81.53357568974613
STU_014515,73.11547508676189
STU_014516,82.36179929758057
STU_014517,80.95754888541919
STU_014518,78.53959662322112
STU_014519,60.44905018373743
STU_014520,76.22324202352422
STU_014521,96.95649726778214
STU_014522,66.56140713824942
STU_014523,96.27089538751169
STU_014524,90.07242253546174
STU_014525,69.91988925847127
STU_014526,77.60203282482827
STU_014527,44.15241594785231
STU_014528,65.37075517557301
STU_014529,83.72218902289075
STU_014530,67.37449647249392
STU_014531,76.95064027753166
STU_014532,96.92718302411876
STU_014533,99.46222391456993
STU_014534,94.8982965735108
STU_014535,95.07255357381158
STU_014536,88.86252055162275
STU_014537,77.00765269640394
STU_014538,62.293082519631454
STU_014539,68.44545477092878
STU_014540,52.57491724331513
STU_014541,90.28612670388557
STU_014542,52.42871496117304
STU_014543,86.7873941322667
STU_014544,65.9438738328603
STU_014545,62.72350859501963
STU_014546,55.289036854084095
STU_014547,61.91779656125378
STU_014548,93.39246071767181
STU_014549,97.1813394006099
STU_014550,79.58232145629304
STU_014551,69.69805537947843
STU_014552,67.89784817486327
STU_014553,82.95468852880236
STU_014554,74.35438643868845
STU_014555,67.05702119729354
STU_014556,96.0685805955763
STU_014557,75.14857757745233
STU_014558,55.94699262682448
STU_014559,78.7363646979357
STU_014560,98.86695938303302
STU_014561,74.9824945996236
STU_014562,67.68025939546106
STU_014563,76.45543785848014
STU_014564,98.76043633578763
STU_014565,68.7369378545705
STU_014566,87.33671274618177
STU_014567,69.75298978546454
STU_014568,69.1969940825055
STU_014569,75.71637284181111
STU_014570,54.3559026773735
STU_014571,65.74452375293399
STU_014572,73.74867690199459
STU_014573,78.43474737630063
STU_014574,64.43560363986468
STU_014575,60.57472557851962
STU_014576,68.95723853773434
STU_014577,56.28057378892076
STU_014578,63.01781950316109
STU_014579,79.677321101538
STU_014580,90.03303186292405
STU_014581,89.08243549816608
STU_014582,81.5337489277243
STU_014583,70.05551713806949
STU_014584,79.10006976133266
STU_014585,71.67600293096027
STU_014586,88.67640094654723
STU_014587,57.320316512772706
STU_014588,79.31056511017272
STU_014589,53.863985658112284
STU_014590,64.07629056520756
STU_014591,91.08326887376282
STU_014592,75.96010092890627
STU_014593,93.71824255313282
STU_014594,98.0228226920577
STU_014595,49.4997563938968
STU_014596,99.95138120651245
STU_014597,72.01824095517945
STU_014598,60.129689667334354
STU_014599,78.56945114339425
STU_014600,55.13343112610973
STU_014601,76.2431469843635
STU_014602,93.90848619984702
STU_014603,52.899540809226615
STU_014604,83.2266913211448
STU_014605,99.68263184961518
STU_014606,55.741124330504825
STU_014607,82.87270786911662
STU_014608,59.1502178907996
STU_014609,80.39928819375886
STU_014610,81.51294972797122
STU_014611,81.40158084411544
STU_014612,56.473466921961574
STU_014613,69.43234315504239
STU_014614,91.96619738159924
STU_014615,75.69874071990002
STU_014616,94.7468627730334
STU_014617,62.06288282033751
STU_014618,85.11083526547802
STU_014619,77.90711282564526
STU_014620,85.52672321821899
STU_014621,61.51339311873676
STU_014622,96.94070557727304
STU_014623,73.25247171756399
STU_014624,81.16387430067685
STU_014625,70.0542910687295
STU_014626,89.4935814168216
STU_014627,63.67876776819448
STU_014628,57.92494623123875
STU_014629,80.7041567021503
STU_014630,72.79892003980872
STU_014631,62.3302585827691
STU_014632,68.12647422030719
STU_014633,69.466701679592
STU_014634,94.43688644507547
STU_014635,57.10648294202458
STU_014636,45.411446006547905
STU_014637,91.64104764014024
STU_014638,67.84170437285457
STU_014639,76.4952491689194
STU_014640,69.72935501726278
STU_014641,62.50963296856936
STU_014642,95.75783173895468
STU_014643,55.83326797973635
STU_014644,93.65855207610826
STU_014645,77.58734939262091
STU_014646,89.12396283001138
STU_014647,90.96249460183404
STU_014648,70.38070709747399
STU_014649,91.2202338376139
STU_014650,70.69039329228512
STU_014651,62.6110129030074
STU_014652,93.51992983577398
STU_014653,76.82076079990937
STU_014654,85.95621008627576
STU_014655,51.0889328661261
STU_014656,67.56378462871649
STU_014657,54.59926448697857
STU_014658,76.76260801004537
STU_014659,70.8764415324291
STU_014660,72.08841072153245
STU_014661,49.83007703797061
STU_014662,72.10259229171967
STU_014663,73.5143912662444
STU_014664,54.15681312499149
STU_014665,77.77924690646275
STU_014666,95.24130609348092
STU_014667,78.18134862265867
STU_014668,55.79973574821894
STU_014669,77.4034880089947
STU_014670,98.06925027264157
STU_014671,77.6576490982263
STU_014672,83.32085941775173
STU_014673,93.43246318450763
STU_014674,94.30738591001077
STU_014675,82.80367341433006
STU_014676,75.67601688467259
STU_014677,64.13258532720432
STU_014678,66.7414398882378
STU_014679,60.83856554927527
STU_014680,44.84176635156702
STU_014681,92.34811824466638
STU_014682,46.98546292115419
STU_014683,67.54920611324852
STU_014684,61.25908670411168
STU_014685,65.86738187804602
STU_014686,79.745161352531
STU_014687,87.11609624087589
STU_014688,94.4926435703319
STU_014689,64.71592005121931
STU_014690,60.90567882689535
STU_014691,82.27420260287303
STU_014692,93.70411048070055
STU_014693,70.82971653807026
STU_014694,75.53210045969996
STU_014695,99.60408455527542
STU_014696,43.33759584594898
STU_014697,76.472272054953
STU_014698,90.880128351463
STU_014699,67.54796250710348
STU_014700,92.1342946893036
STU_014701,69.54142978854554
STU_014702,88.84719765910054
STU_014703,79.98198792543329
STU_014704,96.35487244601168
STU_014705,81.38167228449784
STU_014706,84.4107925333287
STU_014707,96.93751304277572
STU_014708,98.68520669723824
STU_014709,78.93005316561567
STU_014710,52.43306019853476
STU_014711,75.11755636547132
STU_014712,78.49637906987502
STU_014713,42.91646957087291
STU_014714,80.22481500554112
STU_014715,77.77201706219807
STU_014716,61.5135538734897
STU_014717,57.81985970001142
STU_014718,65.39832763741269
STU_014719,93.93239616004661
STU_014720,81.49854167029383
STU_014721,54.12076844912862
STU_014722,67.7027193291415
STU_014723,96.06549708523639
STU_014724,91.06585151730394
STU_014725,70.91674339617667
STU_014726,66.311821620496
STU_014727,59.20644288405735
STU_014728,94.32020067556971
STU_014729,80.53108871817624
STU_014730,53.079747764431076
STU_014731,64.63530116774277
STU_014732,82.37447420387616
STU_014733,75.86391851407053
STU_014734,62.512750873240506
STU_014735,99.8392105102539
STU_014736,76.57852652909689
STU_014737,75.23234912933796
STU_014738,72.2001116660798
STU_014739,85.60947228780512
STU_014740,76.37524049040763
STU_014741,79.60699736450843
STU_014742,95.6543627648283
STU_014743,99.44115004625579
STU_014744,68.94862123730212
STU_014745,81.51206436341909
STU_014746,45.054583203514454
STU_014747,75.9985418529583
STU_014748,99.66616170406341
STU_014749,92.6656815379877
STU_014750,81.42688722535404
STU_014751,94.50392766005204
STU_014752,78.7409801761865
STU_014753,59.53399681296912
STU_014754,99.68231178462325
STU_014755,65.99962260905608
STU_014756,67.70738357661416
STU_014757,73.59277996027907
STU_014758,99.81715393066406
STU_014759,69.19437763100063
STU_014760,76.98173749227442
STU_014761,75.74128153415066
STU_014762,99.92986869812012
STU_014763,82.10146372389626
STU_014764,99.93730163574219
STU_014765,75.14120592607475
STU_014766,81.76590995960848
STU_014767,69.15715850278852
STU_014768,67.48527979438225
STU_014769,97.47089296100212
STU_014770,79.11862919797326
STU_014771,74.84515347760946
STU_014772,70.08757778188159
STU_014773,85.51243346629846
STU_014774,92.58965714358877
STU_014775,77.79256731489411
STU_014776,75.95587904385556
STU_014777,77.0637360124453
STU_014778,78.29021289076664
STU_014779,78.51329271476493
STU_014780,58.231313003086996
STU_014781,83.31860068286878
STU_014782,86.17576972408524
STU_014783,92.1236251918076
STU_014784,91.2920082887178
STU_014785,80.94039940975358
STU_014786,81.51063519795701
STU_014787,76.6873429762689
STU_014788,96.41694543973233
STU_014789,75.39350305972108
STU_014790,78.95286712801162
STU_014791,64.76198111880231
STU_014792,56.00784173739835
STU_014793,66.88982098131873
STU_014794,62.21967879550603
STU_014795,79.09484488537353
STU_014796,78.0228620884887
STU_014797,72.05010074092424
STU_014798,89.48900764677938
STU_014799,91.12705106345598
STU_014800,86.10866481031162
STU_014801,91.81860175143586
STU_014802,56.878900289020564
STU_014803,88.75630738614745
STU_014804,79.35203649612889
STU_014805,74.75928719165724
STU_014806,75.14145857442644
STU_014807,65.15033849337681
STU_014808,69.77579767673808
STU_014809,53.46025782277244
STU_014810,96.65276573920178
STU_014811,99.06624294715508
STU_014812,73.98148549101481
STU_014813,61.39275548326695
STU_014814,68.18190319144671
STU_014815,55.258172056838504
STU_014816,79.3059921911915
STU_014817,85.64033660438973
STU_014818,47.514284020884254
STU_014819,78.28151852289872
STU_014820,70.05512011993723
STU_014821,57.39981342823239
STU_014822,99.28854037712135
STU_014823,64.60060594412487
STU_014824,91.72190408760807
STU_014825,77.61754297031847
STU_014826,92.64253869843148
STU_014827,58.143400961867755
STU_014828,76.31952172116246
STU_014829,76.08532695269722
STU_014830,82.64606625966034
STU_014831,82.84793742055749
STU_014832,64.2928158468616
STU_014833,62.847995291852655
STU_014834,81.49578606260955
STU_014835,75.90425895197345
STU_014836,85.67696279004764
STU_014837,73.710874643536
STU_014838,74.41388876386534
STU_014839,83.53609617045178
STU_014840,76.88507676128162
STU_014841,99.4996178557429
STU_014842,53.56435046174376
STU_014843,70.7653365270597
STU_014844,95.24559280692239
STU_014845,66.039116523368
STU_014846,85.81021262776643
STU_014847,77.74552089608869
STU_014848,57.6713425100371
STU_014849,59.78342444608363
STU_014850,69.58384467262456
STU_014851,83.66106072071757
STU_014852,79.81506916880656
STU_014853,75.02111105217537
STU_014854,63.727379241167924
STU_014855,75.61921218764576
STU_014856,72.47638197084774
STU_014857,80.99506570204346
STU_014858,65.89773978080851
STU_014859,86.5152296648764
STU_014860,48.130750930338934
STU_014861,86.39047700209707
STU_014862,96.21125880518797
STU_014863,66.18045432257954
STU_014864,76.26786199474137
STU_014865,68.75721331552832
STU_014866,67.57883302226082
STU_014867,71.88543987277716
STU_014868,99.83368396759033
STU_014869,99.73540169443696
STU_014870,73.59684961295511
STU_014871,75.9773594292916
STU_014872,81.73838986675166
STU_014873,65.54712493252994
STU_014874,66.22592117551454
STU_014875,82.80794604672829
STU_014876,55.30982819501433
STU_014877,66.83934688146289
STU_014878,62.46142470329188
STU_014879,79.87778319231649
STU_014880,85.61948883267004
STU_014881,77.10070013568816
STU_014882,71.49124499004705
STU_014883,77.791088417488
STU_014884,67.09407973557379
STU_014885,82.88249762284767
STU_014886,65.84018220229842
STU_014887,76.55825347685136
STU_014888,86.63714700195376
STU_014889,69.4177204740867
STU_014890,93.12119409406388
STU_014891,71.66106954765311
STU_014892,88.00057844745501
STU_014893,62.063779160530274
STU_014894,73.70836461053781
STU_014895,57.98996035216818
STU_014896,78.5603046067345
STU_014897,77.70847320472681
STU_014898,82.30280758513557
STU_014899,57.07269131217333
STU_014900,98.61431565351465
STU_014901,85.15226708748617
STU_014902,82.16624189846496
STU_014903,88.39519371119944
STU_014904,76.5853864360398
STU_014905,90.87056152214396
STU_014906,78.68798280460362
STU_014907,51.885298726268076
STU_014908,79.68335240170948
STU_014909,83.47535975017756
STU_014910,74.54345535184487
STU_014911,98.63300988653573
STU_014912,79.45114937600962
STU_014913,76.21667548236113
STU_014914,48.754811849535926
STU_014915,61.12703055491244
STU_014916,68.2619328678143
STU_014917,98.19428558838833
STU_014918,86.35463883242477
STU_014919,53.0646308576661
STU_014920,92.50058501275521
STU_014921,63.62092317665155
STU_014922,53.24491251014726
STU_014923,72.014708470908
STU_014924,83.80968527748358
STU_014925,99.39275482733215
STU_014926,82.18613625262572
STU_014927,76.2654676763165
STU_014928,58.01640708711551
STU_014929,80.35621841034086
STU_014930,81.19276768031467
STU_014931,91.04633700278912
STU_014932,60.132506965322726
STU_014933,77.45820123560719
STU_014934,66.11711164303787
STU_014935,77.56371308143014
STU_014936,83.90156196353134
STU_014937,83.2719444084703
STU_014938,99.91693438823322
STU_014939,80.00463194436368
STU_014940,94.00395073968865
STU_014941,62.71900782727351
STU_014942,93.703478665479
STU_014943,62.85472120301043
STU_014944,70.95172695923993
STU_014945,61.812130042300176
STU_014946,67.53665629094198
STU_014947,69.15316268296654
STU_014948,86.66763499077759
STU_014949,64.22355025393222
STU_014950,93.5872185529224
STU_014951,73.36246696587267
STU_014952,75.92866452403815
STU_014953,96.56911295924897
STU_014954,92.83183220634885
STU_014955,93.75994086249143
STU_014956,81.1086781237351
STU_014957,77.70348056647862
STU_014958,71.07959428462756
STU_014959,52.53705199103642
STU_014960,97.7604772512004
STU_014961,91.82168983095748
STU_014962,47.60674697701655
STU_014963,75.63314273107197
STU_014964,95.28203520393635
STU_014965,78.2110614068481
STU_014966,70.19678639258628
STU_014967,53.77646041135539
STU_014968,94.86875534750166
STU_014969,79.907559138874
STU_014970,71.25299840466883
STU_014971,68.31224090317927
STU_014972,89.75915686274172
STU_014973,72.84479627347363
STU_014974,71.44749983158619
STU_014975,68.57569818994382
STU_014976,90.29004930339114
STU_014977,80.56742495323654
STU_014978,90.84176013392167
STU_014979,94.18849996384525
STU_014980,62.93748556181487
STU_014981,98.90828354422763
STU_014982,63.35913318733577
STU_014983,90.89039106284474
STU_014984,63.35911032606876
STU_014985,66.30865591957823
STU_014986,50.52853616449782
STU_014987,90.57316143122685
STU_014988,65.7996966450782
STU_014989,97.71278306460499
STU_014990,87.504894732519
STU_014991,98.2394907217568
STU_014992,72.42281380054604
STU_014993,59.4134061176178
STU_014994,85.91725545884057
STU_014995,86.2910018831991
STU_014996,72.37602058187349
STU_014997,78.9454447277297
STU_014998,83.22099760391
STU_014999,97.55166408507554
STU_015000,70.23026489615533
STU_015001,56.86526259516745
STU_015002,67.26921494829935
STU_015003,61.451069003962395
STU_015004,65.5049975179839
STU_015005,60.150029567178514
STU_015006,61.211962655247646
STU_015007,90.95616578435278
STU_015008,71.06366947770427
STU_015009,76.73413573468517
STU_015010,75.28812378593699
STU_015011,52.73350475770742
STU_015012,98.3317742027342
STU_015013,63.288344978711066
STU_015014,57.82675589106867
STU_015015,83.76344098209277
STU_015016,89.64200451279476
STU_015017,88.48805910645311
STU_015018,74.62702687896211
STU_015019,85.81773655278386
STU_015020,63.30981050037151
STU_015021,75.77397077597624
STU_015022,63.21947553524953
STU_015023,78.41348284478696
STU_015024,69.92289620408548
STU_015025,82.27085118128049
STU_015026,70.31270768977001
STU_015027,83.97442671389217
STU_015028,75.84713543781322
STU_015029,76.09298390747117
STU_015030,91.47151186295505
STU_015031,77.57800787361913
STU_015032,71.0791428031327
STU_015033,77.96568306977471
STU_015034,67.70752469043423
STU_015035,81.7198106202957
STU_015036,72.1782399073502
STU_015037,80.0228325414358
STU_015038,89.90294829719905
STU_015039,64.03835202274978
STU_015040,79.70204925571589
STU_015041,83.20982933405122
STU_015042,46.07696323137456
STU_015043,83.75096823869808
STU_015044,87.88918380439543
STU_015045,89.07384579518246
STU_015046,65.62697599444193
STU_015047,83.61316506843941
STU_015048,68.14276527516364
STU_015049,72.94992173820704
STU_015050,58.865718578373205
STU_015051,68.24346861262974
STU_015052,62.893942521193416
STU_015053,67.56858043676874
STU_015054,93.2655282881737
STU_015055,84.86875815685747
STU_015056,60.48849360446765
STU_015057,98.09190368971285
STU_015058,57.54285410124794
STU_015059,97.60935253890526
STU_015060,73.24068620715593
STU_015061,73.70533657778796
STU_015062,71.88147606174162
STU_015063,69.161661980019
STU_015064,60.40923296835838
STU_015065,92.29131875756036
STU_015066,84.8926595384377
STU_015067,70.06807415989529
STU_015068,66.20914168608489
STU_015069,73.0354701507097
STU_015070,71.97097218167231
STU_015071,75.9375818087039
STU_015072,99.99047231674194
STU_015073,66.63784802865521
STU_015074,66.95686208883491
STU_015075,93.637977649486
STU_015076,71.65944397070484
STU_015077,66.40274543280766
STU_015078,68.91634374561924
STU_015079,99.9459867477417
STU_015080,65.77005584919834
STU_015081,99.06288744105595
STU_015082,60.81147271403796
STU_015083,82.23603147397444
STU_015084,64.51005012162976
STU_015085,77.55809248327807
STU_015086,67.53902395908685
STU_015087,58.4183529548866
STU_015088,91.04635768140987
STU_015089,80.71792574194342
STU_015090,88.3124606362276
STU_015091,74.69960277905165
STU_015092,75.70540389308566
STU_015093,96.1426608250575
STU_015094,68.76549752846165
STU_015095,76.55725559236306
STU_015096,88.48973178934631
STU_015097,79.3384056379583
STU_015098,68.047668630526
STU_015099,59.009467719209425
STU_015100,84.44314234356096
STU_015101,77.75467590505608
STU_015102,78.18356176418366
STU_015103,98.3310396245067
STU_015104,74.7813419850147
STU_015105,91.83481421307475
STU_015106,71.23640201530598
STU_015107,74.76634023718546
STU_015108,78.63615047788879
STU_015109,76.94992798691784
STU_015110,84.24909974480134
STU_015111,60.6875604782881
STU_015112,82.61751025028423
STU_015113,66.60842316192934
STU_015114,83.8224778854426
STU_015115,61.54198944280385
STU_015116,89.11715708001654
STU_015117,64.73226429592025
STU_015118,53.76203482073357
STU_015119,83.07782817452954
STU_015120,84.61197057683289
STU_015121,61.32776430799076
STU_015122,99.90941762924194
STU_015123,65.89787856201923
STU_015124,85.62826840726193
STU_015125,76.38418063516909
STU_015126,74.07841118645855
STU_015127,93.3267761921141
STU_015128,77.0621255761292
STU_015129,68.99876019251488
STU_015130,71.22609802714146
STU_015131,82.98349288844432
STU_015132,85.81550421427782
STU_015133,94.75612676391586
STU_015134,81.97707151069568
STU_015135,83.96794439088056
STU_015136,77.15512866863355
STU_015137,71.62551920846904
STU_015138,70.15697969418213
STU_015139,82.03927779652861
STU_015140,97.66444146695694
STU_015141,69.02143327805508
STU_015142,75.01911355109321
STU_015143,99.51892448554493
STU_015144,82.43428250632516
STU_015145,60.46528014917948
STU_015146,96.5812859094861
STU_015147,77.2656820160546
STU_015148,71.40909170710006
STU_015149,66.86282837372798
STU_015150,46.981011423561654
STU_015151,54.06133231297756
STU_015152,74.34357563510885
STU_015153,60.44262553114409
STU_015154,83.31156164298369
STU_015155,84.55429011865701
STU_015156,73.34632808079529
STU_015157,62.40489374448902
STU_015158,95.22475187948189
STU_015159,51.39275950807239
STU_015160,86.02791752516738
STU_015161,61.19642315554455
STU_015162,81.37590954900831
STU_015163,80.46418833138516
STU_015164,40.593612791809896
STU_015165,87.22163958039792
STU_015166,96.49586788396304
STU_015167,82.35508852312142
STU_015168,61.869435707689476
STU_015169,93.36588945321313
STU_015170,74.95348664047567
STU_015171,88.55398933607903
STU_015172,60.13619321932496
STU_015173,75.3354862794668
STU_015174,96.89865644554459
STU_015175,73.41174163790524
STU_015176,99.7231027387478
STU_015177,76.19689607125702
STU_015178,63.34945860003967
STU_015179,76.76259187877697
STU_015180,61.591076611705965
STU_015181,80.38112102601109
STU_015182,81.74123470397429
STU_015183,83.4859413502734
STU_015184,69.61328461102516
STU_015185,82.37382151859637
STU_015186,74.85078726063978
STU_015187,58.57467334638244
STU_015188,68.66191002692966
STU_015189,89.62995710662491
STU_015190,96.1059047955338
STU_015191,78.3890467359158
STU_015192,99.86998891830444
STU_015193,79.48601305270844
STU_015194,85.92275075785605
STU_015195,85.49485294323216
STU_015196,80.20240832989967
STU_015197,73.96653354168389
STU_015198,81.98007481877961
STU_015199,71.45553251312347
STU_015200,72.66453258390675
STU_015201,80.10517973067977
STU_015202,66.27297509686383
STU_015203,60.97794469110424
STU_015204,81.27634681396489
STU_015205,78.92669400069113
STU_015206,73.76485245093238
STU_015207,89.32140032731175
STU_015208,74.82553185478093
STU_015209,84.9382502744621
STU_015210,87.18771693295712
STU_015211,43.21869394521205
STU_015212,95.0719771964734
STU_015213,70.37682780479452
STU_015214,95.93017508475512
STU_015215,79.0807443542976
STU_015216,93.91874213140724
STU_015217,56.98364084899364
STU_015218,73.82622481844615
STU_015219,75.57025183470643
STU_015220,45.77285087343836
STU_015221,86.25186634562553
STU_015222,64.39326306844632
STU_015223,86.00282165600203
STU_015224,71.86983622505923
STU_015225,71.3072320478499
STU_015226,68.9772587956264
STU_015227,65.21182266024924
STU_015228,82.65705458260966
STU_015229,74.02707886803864
STU_015230,75.71602055204815
STU_015231,99.12569399539706
STU_015232,83.27631565642413
STU_015233,89.36983832525817
STU_015234,72.07972423041718
STU_015235,71.1481565258746
STU_015236,98.36269072290327
STU_015237,79.56112694283661
STU_015238,82.2129557993084
STU_015239,93.69132660093865
STU_015240,65.5556788539429
STU_015241,46.06221049890486
STU_015242,53.40999707616871
STU_015243,78.83980261682447
STU_015244,78.7932889096942
STU_015245,68.10987069907713
STU_015246,99.87507025133095
STU_015247,79.76268250421907
STU_015248,78.89934991333614
STU_015249,68.58620384377124
STU_015250,87.4558782345853
STU_015251,67.17088112647885
STU_015252,90.28383146568524
STU_015253,88.79160708503814
STU_015254,99.43686297838076
STU_015255,61.46119416756953
STU_015256,62.17548220739377
STU_015257,74.5489190287459
STU_015258,92.43431086581433
STU_015259,85.51318718081923
STU_015260,95.77750732531213
STU_015261,84.20630019071089
STU_015262,87.92966739064303
STU_015263,85.91977338892401
STU_015264,79.407540925132
STU_015265,96.39360814797698
STU_015266,70.09554220122507
STU_015267,78.81883736162428
STU_015268,57.88454144127675
STU_015269,61.37215182547861
STU_015270,74.52243283859103
STU_015271,73.35081171107151
STU_015272,66.16023264633677
STU_015273,87.69507211499892
STU_015274,75.82391301370647
STU_015275,45.471162766524685
STU_015276,50.422344983544974
STU_015277,72.13588535733479
STU_015278,99.15306222688027
STU_015279,49.91324179616265
STU_015280,87.09410819721425
STU_015281,99.71455001831055
STU_015282,84.55104917812523
STU_015283,82.79829831503102
STU_015284,77.12117235380866
STU_015285,42.331677038703106
STU_015286,88.13503199070523
STU_015287,76.23118900993849
STU_015288,78.53687496460736
STU_015289,61.28811309358709
STU_015290,77.928012029641
STU_015291,76.52211557348328
STU_015292,66.10218420374026
STU_015293,60.54466720696035
STU_015294,82.46748964190618
STU_015295,76.32726172157577
STU_015296,66.80676494735951
STU_015297,86.36604853596154
STU_015298,96.94805148034851
STU_015299,69.7787184867801
STU_015300,85.93635803431374
STU_015301,74.1229027410254
STU_015302,81.71989550332455
STU_015303,66.02027143637876
STU_015304,59.65879608341089
STU_015305,68.8363114780374
STU_015306,81.32175619541599
STU_015307,98.94556860788597
STU_015308,58.17314579841734
STU_015309,68.31504490755466
STU_015310,79.79479706255933
STU_015311,61.39675266084812
STU_015312,81.94468055367068
STU_015313,60.264623756380914
STU_015314,84.32516538882655
STU_015315,70.73641232783211
STU_015316,92.42011327432533
STU_015317,71.5970312244992
STU_015318,81.84124407604023
STU_015319,71.0821855974979
STU_015320,71.04019047814926
STU_015321,62.62783627132936
STU_015322,97.0633961241852
STU_015323,79.62202076824474
STU_015324,71.0631479103336
STU_015325,80.92304013575512
STU_015326,55.71042942720726
STU_015327,75.2980902989618
STU_015328,72.85548052195809
STU_015329,70.78455606635109
STU_015330,73.24220016511298
STU_015331,62.023456253382165
STU_015332,99.89997291564941
STU_015333,68.36074414518697
STU_015334,78.40477027529607
STU_015335,96.15496076534562
STU_015336,91.19745965341026
STU_015337,66.56513036661359
STU_015338,64.79408969322179
STU_015339,65.68412582412607
STU_015340,93.17119735734133
STU_015341,79.90916635746436
STU_015342,99.86361864498414
STU_015343,79.98075202233204
STU_015344,94.35797403771258
STU_015345,99.72692921707898
STU_015346,88.24704546765338
STU_015347,95.61193143653216
STU_015348,74.57363702115428
STU_015349,81.14787262615445
STU_015350,87.1055541501778
STU_015351,99.95182752609253
STU_015352,80.49851392388504
STU_015353,76.11677796923027
STU_015354,57.51986469918258
STU_015355,57.958104097352404
STU_015356,60.324712691651015
STU_015357,69.71381529872275
STU_015358,81.90648314731321
STU_015359,83.37462504944241
STU_015360,92.51087237673241
STU_015361,78.9382292509398
STU_015362,72.50735607646962
STU_015363,76.96662987201492
STU_015364,93.32293296453483
STU_015365,75.44398917024037
STU_015366,92.92539738463323
STU_015367,81.67609108568047
STU_015368,74.34392096004578
STU_015369,99.31643329580689
STU_015370,96.35670548066668
STU_015371,57.12419970571922
STU_015372,58.88733776395425
STU_015373,83.84447431923789
STU_015374,88.09193595805816
STU_015375,69.83412960179282
STU_015376,72.13432205019653
STU_015377,90.76811299395115
STU_015378,73.46517429658532
STU_015379,94.37017363755773
STU_015380,88.7811241549906
STU_015381,95.09589627217002
STU_015382,82.48498057625763
STU_015383,58.589114625324214
STU_015384,76.82089187309927
STU_015385,58.46400229331644
STU_015386,76.00617003604393
STU_015387,67.34971089671448
STU_015388,76.81141874966266
STU_015389,98.46815851720616
STU_015390,45.09358136802399
STU_015391,79.2758544267852
STU_015392,90.09600078282068
STU_015393,89.8150982029589
STU_015394,76.05194208821239
STU_015395,80.86794819395928
STU_015396,71.9776402079707
STU_015397,97.41591062076901
STU_015398,72.60586174724162
STU_015399,97.5992348140422
STU_015400,91.03803553707311
STU_015401,89.15589676039339
STU_015402,69.84494713894954
STU_015403,57.638601796522885
STU_015404,80.53338832024212
STU_015405,80.61867699991257
STU_015406,85.95483992446336
STU_015407,86.89064183416605
STU_015408,33.979270721585316
STU_015409,78.1557817082227
STU_015410,68.78892985701052
STU_015411,73.51647788572396
STU_015412,70.36951235096386
STU_015413,77.18664753761641
STU_015414,70.91430386186273
STU_015415,66.75840934262177
STU_015416,88.1318638500743
STU_015417,59.09441974878365
STU_015418,87.01148631393485
STU_015419,54.68950764899265
STU_015420,64.11318406703623
STU_015421,94.51519918746683
STU_015422,75.70718295136115
STU_015423,83.46967703204568
STU_015424,99.8009848982123
STU_015425,90.32314717987069
STU_015426,62.183647802255734
STU_015427,58.52927831920336
STU_015428,75.70935515871322
STU_015429,77.93093097348981
STU_015430,36.6139887166779
STU_015431,66.06949105735485
STU_015432,80.22913604217914
STU_015433,69.61441430146047
STU_015434,64.6425201733948
STU_015435,67.33554510321892
STU_015436,75.6454558519109
STU_015437,71.07865725985374
STU_015438,93.08195491363985
STU_015439,77.2345469339156
STU_015440,76.47778566484234
STU_015441,67.13159143831331
STU_015442,88.23027179583133
STU_015443,63.1686709444901
STU_015444,78.35637246465903
STU_015445,66.1368157355125
STU_015446,70.14298738670738
STU_015447,46.62761571039684
STU_015448,44.26399124092235
STU_015449,81.72707561260444
STU_015450,92.66377199767942
STU_015451,78.76260216459806
STU_015452,80.40513065146646
STU_015453,96.65071627066294
STU_015454,80.05234290661078
STU_015455,52.05310294807379
STU_015456,78.0498668276584
STU_015457,67.32519522864958
STU_015458,66.82708321527555
STU_015459,49.011933203046475
STU_015460,99.97777080535889
STU_015461,99.74871253014119
STU_015462,71.9332911913543
STU_015463,83.04214227288477
STU_015464,58.47247170746866
STU_015465,49.859006245235314
STU_015466,87.42737515808274
STU_015467,87.07775442020494
STU_015468,57.32050426355849
STU_015469,65.06238692866393
STU_015470,94.27984326916166
STU_015471,73.73940201103755
STU_015472,91.45624427870483
STU_015473,89.12307338055112
STU_015474,99.03153554730731
STU_015475,76.87459693810976
STU_015476,81.06432494668942
STU_015477,54.71832489835212
STU_015478,50.46347269650653
STU_015479,96.19550740211997
STU_015480,67.82366436817438
STU_015481,78.67112125435793
STU_015482,63.684346067812186
STU_015483,89.38180291856972
STU_015484,67.60409402816836
STU_015485,67.10802210958767
STU_015486,72.46466166814302
STU_015487,62.230113304207876
STU_015488,77.8007641737281
STU_015489,82.56659058253773
STU_015490,90.13214746496587
STU_015491,83.56210059141902
STU_015492,63.45907814481011
STU_015493,67.18978887194038
STU_015494,64.87352211461163
STU_015495,87.62074617024712
STU_015496,67.0913133717299
STU_015497,55.183389853066785
STU_015498,70.61035006885965
STU_015499,38.08104341147822
STU_015500,77.00767448957916
STU_015501,91.0888564171668
STU_015502,49.26307882433002
STU_015503,88.0461879346711
STU_015504,85.13123908872271
STU_015505,76.93914189473385
STU_015506,75.35979329993933
STU_015507,99.96304082870483
STU_015508,99.40056102246115
STU_015509,86.54782542716268
STU_015510,83.8643162095955
STU_015511,89.29930500555207
STU_015512,79.94877976228214
STU_015513,81.27308572332625
STU_015514,81.90754707930057
STU_015515,77.30764393040278
STU_015516,74.88265728076408
STU_015517,95.80493553325377
STU_015518,72.83975107010288
STU_015519,52.87385708562233
STU_015520,77.0828650664899
STU_015521,91.17717646785343
STU_015522,64.31090840533764
STU_015523,68.14020485428811
STU_015524,35.84545944944505
STU_015525,80.07646782778643
STU_015526,75.70946783946883
STU_015527,72.53892179713942
STU_015528,71.4308135617968
STU_015529,85.37885521011285
STU_015530,87.32596482836432
STU_015531,85.79822735771592
STU_015532,78.0083662092461
STU_015533,53.82682233112766
STU_015534,94.0830618249658
STU_015535,75.11906249073724
STU_015536,79.2461272210349
STU_015537,70.37494854423247
STU_015538,90.45154024799294
STU_015539,66.7165558654323
STU_015540,67.86004964944735
STU_015541,73.536123695661
STU_015542,91.18506263467754
STU_015543,81.44360498578571
STU_015544,98.0512884441776
STU_015545,73.08950477627131
STU_015546,76.1176179572453
STU_015547,53.859771323820226
STU_015548,60.958355042397905
STU_015549,95.58885000368602
STU_015550,93.98612057710884
STU_015551,78.89428884348443
STU_015552,73.17014825404783
STU_015553,47.9728972289446
STU_015554,83.87740258212935
STU_015555,82.87848596350732
STU_015556,93.5921806653158
STU_015557,75.76939203438192
STU_015558,87.95401870068699
STU_015559,86.40548050871897
STU_015560,79.78068393482437
STU_015561,84.99235451573026
STU_015562,82.58911838463288
STU_015563,67.13912240990179
STU_015564,70.93033771171052
STU_015565,65.20296835308709
STU_015566,71.20757106684758
STU_015567,71.88243223335515
STU_015568,72.09780467144736
STU_015569,73.38205818373899
STU_015570,96.8897417972897
STU_015571,59.984359510039326
STU_015572,78.81669282927294
STU_015573,84.13997771862712
STU_015574,63.14582675456137
STU_015575,75.05600740488254
STU_015576,69.28156785486428
STU_015577,70.92848267538167
STU_015578,79.75606855126144
STU_015579,71.39462330426488
STU_015580,74.78631493779197
STU_015581,82.82632837240612
STU_015582,76.86910906949072
STU_015583,93.12726063765923
STU_015584,87.14529890330664
STU_015585,88.8058556058536
STU_015586,89.62564025195952
STU_015587,52.09391528454558
STU_015588,73.73648096818359
STU_015589,78.26238473999011
STU_015590,60.939544784412206
STU_015591,55.221487231548934
STU_015592,88.07158901647693
STU_015593,64.08739733464034
STU_015594,91.61773340900044
STU_015595,96.27107368370125
STU_015596,82.28346765095563
STU_015597,93.54530926255576
STU_015598,79.16883405280191
STU_015599,51.98911677261755
STU_015600,68.39166424453343
STU_015601,50.40232522707187
STU_015602,62.40555581314687
STU_015603,80.43129360941083
STU_015604,83.1693486757221
STU_015605,57.16123139525768
STU_015606,79.6925261860925
STU_015607,66.6536277882112
STU_015608,73.44079243836634
STU_015609,70.83636401097289
STU_015610,68.05947085994706
STU_015611,86.50617716892532
STU_015612,82.8111179369472
STU_015613,94.5441911480913
STU_015614,63.93665833336
STU_015615,70.0837151868065
STU_015616,80.86571171247238
STU_015617,65.74723223547576
STU_015618,85.97467782174013
STU_015619,57.543364610733526
STU_015620,70.86166339879544
STU_015621,72.21173339501578
STU_015622,79.43309869740783
STU_015623,88.81728533683125
STU_015624,80.84483212295686
STU_015625,82.79348224276589
STU_015626,59.84083183591113
STU_015627,99.9678087234497
STU_015628,76.53969561793672
STU_015629,66.19363242936576
STU_015630,72.9133405512656
STU_015631,67.54155625330856
STU_015632,89.40609404177833
STU_015633,87.18398852124159
STU_015634,70.5662335045714
STU_015635,99.04552586124709
STU_015636,70.16077041817927
STU_015637,48.28509950584407
STU_015638,74.1857632900218
STU_015639,98.21930480357774
STU_015640,67.24367718563842
STU_015641,59.269734709633425
STU_015642,99.82396433353424
STU_015643,82.70989984167832
STU_015644,94.89164823207938
STU_015645,54.553726591058485
STU_015646,99.83555126190186
STU_015647,71.21396808767817
STU_015648,61.359098985990755
STU_015649,78.9952378600028
STU_015650,70.04579312470057
STU_015651,51.40488071725912
STU_015652,97.49763309087322
STU_015653,74.22651521239965
STU_015654,64.92192361087145
STU_015655,99.97269344329834
STU_015656,69.81829727130742
STU_015657,75.85380777871747
STU_015658,71.46944594187407
STU_015659,72.9114059895275
STU_015660,90.42591765641636
STU_015661,39.88760765288434
STU_015662,71.53535834350936
STU_015663,86.34374090786699
STU_015664,55.69605434721639
STU_015665,81.7463837724719
STU_015666,82.06359340729566
STU_015667,96.293143443868
STU_015668,84.74112008772124
STU_015669,77.39089716987885
STU_015670,65.0651068619318
STU_015671,85.72514871736308
STU_015672,88.47235263828918
STU_015673,81.43026762464328
STU_015674,79.30873729164631
STU_015675,88.64878151356513
STU_015676,49.863140489122
STU_015677,84.01072206291161
STU_015678,99.8118124226612
STU_015679,76.28078562445378
STU_015680,76.77314537249505
STU_015681,79.82189640356711
STU_015682,86.01233543689239
STU_015683,63.04940832368919
STU_015684,61.97008428453042
STU_015685,81.43153422238527
STU_015686,70.83583457225396
STU_015687,86.92949788946086
STU_015688,78.01386432093621
STU_015689,64.5530520866122
STU_015690,64.53358359457911
STU_015691,98.31418445004545
STU_015692,88.93064755583421
STU_015693,77.61715139083975
STU_015694,97.34649211423073
STU_015695,94.64961105032415
STU_015696,47.48558820221033
STU_015697,63.56710171362886
STU_015698,89.67283716750192
STU_015699,96.86682943784751
STU_015700,82.03426512426614
STU_015701,68.67197501001638
STU_015702,89.26930345143887
STU_015703,92.30319056559848
STU_015704,78.61005657251553
STU_015705,82.77110534871385
STU_015706,61.999044243453206
STU_015707,79.50708278121147
STU_015708,52.64428883446678
STU_015709,63.4677679197016
STU_015710,68.44821801011149
STU_015711,73.88776546855938
STU_015712,88.20326449521141
STU_015713,82.41738697098414
STU_015714,73.4099450395824
STU_015715,86.45235267110439
STU_015716,61.37453253353467
STU_015717,64.50403320354789
STU_015718,69.91737220259559
STU_015719,58.81887914105246
STU_015720,58.70181010358776
STU_015721,58.93214339181131
STU_015722,68.7679275045251
STU_015723,73.0678709888582
STU_015724,99.64421543438172
STU_015725,90.7647217093313
STU_015726,77.68826392663732
STU_015727,64.84939478294788
STU_015728,79.7190967654137
STU_015729,94.35143181486092
STU_015730,69.04331774204894
STU_015731,78.2992783952271
STU_015732,55.237718375713875
STU_015733,65.33778960617356
STU_015734,65.15874060113609
STU_015735,53.74531656526351
STU_015736,92.60638167089533
STU_015737,73.04040498868578
STU_015738,64.6548402042033
STU_015739,76.7643252302179
STU_015740,92.98122625228103
STU_015741,63.76093781531035
STU_015742,70.89319349204374
STU_015743,90.5575222439756
STU_015744,64.35600978494469
STU_015745,87.68838164093023
STU_015746,69.5067051413128
STU_015747,95.15742156196364
STU_015748,52.19450107214248
STU_015749,87.72300966433248
STU_015750,57.95839728468047
STU_015751,88.246381622703
STU_015752,70.22552395595645
STU_015753,79.38518309805845
STU_015754,78.92759202843276
STU_015755,92.41700557019585
STU_015756,80.76934260828564
STU_015757,88.34085448551801
STU_015758,99.88039389172249
STU_015759,84.08625555439727
STU_015760,61.873564425098245
STU_015761,92.10176657868743
STU_015762,66.4859231631853
STU_015763,65.7683783932795
STU_015764,77.32637605731752
STU_015765,81.67979020546673
STU_015766,79.89636045458336
STU_015767,85.58085894158678
STU_015768,78.3699971695964
STU_015769,84.29478886272717
STU_015770,65.91219617970566
STU_015771,95.90512475730753
STU_015772,58.24184762429968
STU_015773,53.92070488293524
STU_015774,98.51526105836292
STU_015775,82.57692281129414
STU_015776,64.246792258624
STU_015777,65.66228178152356
STU_015778,62.25680575549645
STU_015779,55.655335161909505
STU_015780,81.19992669527538
STU_015781,73.6872950313157
STU_015782,85.02229613404756
STU_015783,64.24395657178162
STU_015784,76.29818096122632
STU_015785,71.6490299568971
STU_015786,73.93993086308245
STU_015787,81.32959383777968
STU_015788,79.37796861430084
STU_015789,51.70020491942442
STU_015790,64.18633290041952
STU_015791,69.92471383744375
STU_015792,79.19464006475047
STU_015793,89.71840726214948
STU_015794,89.1669939293752
STU_015795,62.581190880144206
STU_015796,88.8159214853467
STU_015797,81.90996087888058
STU_015798,87.26101796196693
STU_015799,90.48166691615228
STU_015800,66.49759485492451
STU_015801,76.94419949841756
STU_015802,58.10710948576627
STU_015803,71.19261598608409
STU_015804,79.12714902224863
STU_015805,49.79326514467309
STU_015806,97.45408726479133
STU_015807,77.46551573618078
STU_015808,68.2239641987357
STU_015809,48.24830983168193
STU_015810,84.8279961200107
STU_015811,99.76340675354004
STU_015812,83.61960425707298
STU_015813,93.82159169728902
STU_015814,67.62761320366467
STU_015815,60.626627162246834
STU_015816,91.87745119563724
STU_015817,70.54191794263697
STU_015818,69.05772178305592
STU_015819,54.37295760391726
STU_015820,66.62587119957867
STU_015821,76.02823300879851
STU_015822,64.60682353957702
STU_015823,74.6946154368601
STU_015824,82.56371460950692
STU_015825,50.339364268802
STU_015826,54.79746567789773
STU_015827,64.5308511222925
STU_015828,72.88389089896472
STU_015829,86.23000939414081
STU_015830,91.53626687503049
STU_015831,74.11471849195814
STU_015832,95.0096521463962
STU_015833,90.77187098537462
STU_015834,42.31015409496412
STU_015835,78.87103504159587
STU_015836,81.00561777274403
STU_015837,76.49532176780966
STU_015838,72.1404981073847
STU_015839,89.29519975634224
STU_015840,68.41355428640526
STU_015841,55.72200823072488
STU_015842,92.32526162629968
STU_015843,85.62966599504882
STU_015844,90.91480427927837
STU_015845,65.15228723683876
STU_015846,64.14364329197002
STU_015847,76.30276292127868
STU_015848,87.91745817366046
STU_015849,96.80361968665574
STU_015850,56.81478319871516
STU_015851,72.19773046787387
STU_015852,62.439251984591834
STU_015853,76.618429313916
STU_015854,92.04521836122582
STU_015855,94.46956552228261
STU_015856,74.21471398790203
STU_015857,82.74299269146294
STU_015858,64.10523855573696
STU_015859,70.8569801574348
STU_015860,69.54002517252356
STU_015861,70.33737868469105
STU_015862,67.27719373247814
STU_015863,96.26744878666707
STU_015864,52.28833033655986
STU_015865,59.703614115002026
STU_015866,74.69237477554069
STU_015867,33.65837651804803
STU_015868,70.79415613055899
STU_015869,90.27679867889411
STU_015870,75.69769613224432
STU_015871,74.40595186979017
STU_015872,47.55522120387107
STU_015873,96.99207589928142
STU_015874,70.95477621726424
STU_015875,83.55373789471864
STU_015876,62.900334369402955
STU_015877,97.68426717266863
STU_015878,83.07256129799622
STU_015879,95.54189761010096
STU_015880,81.5375479503041
STU_015881,97.43700190801562
STU_015882,69.11927421899577
STU_015883,78.65900640837421
STU_015884,87.32611959826079
STU_015885,59.8041250332398
STU_015886,92.83949104768345
STU_015887,99.4299035582825
STU_015888,62.364986520470154
STU_015889,87.67246286889542
STU_015890,93.17530651325475
STU_015891,89.76172007554229
STU_015892,54.90946520760444
STU_015893,54.293281541251616
STU_015894,51.983357643591845
STU_015895,61.30469608854633
STU_015896,69.59600884857923
STU_015897,90.1841832716782
STU_015898,76.96313851461528
STU_015899,90.1600862572133
STU_015900,69.3004444656982
STU_015901,71.62106942777874
STU_015902,74.65412301745211
STU_015903,83.65345917088126
STU_015904,78.75227401481979
STU_015905,91.28484321076462
STU_015906,70.97774621703167
STU_015907,99.92476558685303
STU_015908,63.35584162865685
STU_015909,74.3453466736879
STU_015910,76.92766519332753
STU_015911,61.96037141382282
STU_015912,80.46305012374346
STU_015913,67.00888460817139
STU_015914,66.36853680698788
STU_015915,87.15242175948374
STU_015916,61.68935707124132
STU_015917,49.77097496714192
STU_015918,77.2402512396412
STU_015919,88.51973454146615
STU_015920,79.49638507410835
STU_015921,92.96328154823152
STU_015922,54.350195285700224
STU_015923,92.28385880495637
STU_015924,76.66762817278232
STU_015925,69.69807051935622
STU_015926,80.84519809349783
STU_015927,74.14426099914982
STU_015928,75.625305312892
STU_015929,87.31731939839362
STU_015930,58.13561270597657
STU_015931,57.89587242090673
STU_015932,75.70900160826977
STU_015933,78.05806211874543
STU_015934,71.77434991778242
STU_015935,99.86782312393188
STU_015936,99.83163536643494
STU_015937,79.49795917117797
STU_015938,80.61311107845096
STU_015939,65.920793208403
STU_015940,94.55181617343831
STU_015941,64.40483841336976
STU_015942,87.5818244402076
STU_015943,81.74670205845635
STU_015944,98.29125071440536
STU_015945,73.94207279014189
STU_015946,75.84452196096095
STU_015947,72.73002300117426
STU_015948,70.3632925000874
STU_015949,57.98835251931689
STU_015950,96.49700986548042
STU_015951,71.79217929894352
STU_015952,71.40272439859592
STU_015953,62.70773182541028
STU_015954,80.4550590080886
STU_015955,78.30178237650524
STU_015956,81.0095455762551
STU_015957,55.22894774282021
STU_015958,69.79906918164318
STU_015959,90.5583386944212
STU_015960,70.90372704670548
STU_015961,86.92604058573166
STU_015962,84.19984297960323
STU_015963,77.35121009985689
STU_015964,64.00728828606354
STU_015965,86.5878164486739
STU_015966,55.3751256255576
STU_015967,80.14195975620304
STU_015968,82.01101394031079
STU_015969,68.40460364753983
STU_015970,78.78168384111854
STU_015971,64.62686734221501
STU_015972,85.37257466771776
STU_015973,64.79907209524316
STU_015974,88.84535608280851
STU_015975,52.7260982007332
STU_015976,49.67339692436403
STU_015977,62.21164167127294
STU_015978,68.25661347288914
STU_015979,86.24010797912176
STU_015980,86.21655104125472
STU_015981,97.52137530342696
STU_015982,94.75558266647411
STU_015983,82.26969982243465
STU_015984,86.01327081457868
STU_015985,73.4875229055811
STU_015986,44.75010156560262
STU_015987,74.24176744565978
STU_015988,61.3443767228699
STU_015989,80.17284302799257
STU_015990,58.87999431080096
STU_015991,71.95440930888476
STU_015992,44.53916358600141
STU_015993,75.1343768570712
STU_015994,74.31504091985532
STU_015995,99.17849177149984
STU_015996,78.98112055103496
STU_015997,67.11000016440259
STU_015998,81.15786484492759
STU_015999,86.61717530294845
STU_016000,83.17183662348954
STU_016001,90.14905588013761
STU_016002,87.76639973031845
STU_016003,93.1552796583641
STU_016004,86.17176504223464
STU_016005,43.95021743400807
STU_016006,63.21148393461032
STU_016007,83.07178386183622
STU_016008,89.58078585403047
STU_016009,52.84691609677087
STU_016010,72.71866008625646
STU_016011,85.54853087251858
STU_016012,70.37444450814812
STU_016013,69.29008495272332
STU_016014,98.52197041446682
STU_016015,49.184634729546985
STU_016016,95.83851251696778
STU_016017,78.90763383288184
STU_016018,81.57316157983121
STU_016019,71.67413600139716
STU_016020,92.89058634745787
STU_016021,99.90666818618774
STU_016022,67.82013517599671
STU_016023,99.88539792696889
STU_016024,73.70214759416658
STU_016025,90.24803330892901
STU_016026,52.98480736945464
STU_016027,62.299090990351985
STU_016028,69.88968099961257
STU_016029,76.39832137339029
STU_016030,98.3257059342375
STU_016031,94.32258427319744
STU_016032,84.96244890975635
STU_016033,85.9184762647875
STU_016034,79.9012367781122
STU_016035,66.07879670582119
STU_016036,99.94472455978394
STU_016037,77.58331756333091
STU_016038,71.84428223899883
STU_016039,70.43619855092294
STU_016040,91.55641638998324
STU_016041,94.55595593294996
STU_016042,75.62307000600737
STU_016043,82.28386592937784
STU_016044,92.9517192978432
STU_016045,83.42183502917621
STU_016046,62.43142027854103
STU_016047,89.08712414992485
STU_016048,70.10211904220888
STU_016049,74.22320944661413
STU_016050,70.83231251028688
STU_016051,81.81518709000636
STU_016052,96.0364721253271
STU_016053,79.0186763131636
STU_016054,68.06738831071056
STU_016055,79.07269617247287
STU_016056,72.20205916361674
STU_016057,76.66744543898935
STU_016058,77.08818201370437
STU_016059,70.23235693340038
STU_016060,75.01476816481309
STU_016061,50.507418019996194
STU_016062,69.428324251119
STU_016063,77.30384215856186
STU_016064,61.83036506329178
STU_016065,77.17810195921282
STU_016066,82.70220847183501
STU_016067,60.06444652166421
STU_016068,99.53386604320633
STU_016069,77.3840708830869
STU_016070,71.33010462631691
STU_016071,64.87404452785488
STU_016072,85.74483079395156
STU_016073,78.43114696533318
STU_016074,86.26916466770916
STU_016075,98.84963458208907
STU_016076,63.2562694993704
STU_016077,65.39115741823959
STU_016078,83.49056480673966
STU_016079,85.9353837801294
STU_016080,79.73503729296311
STU_016081,65.86910254464692
STU_016082,85.31542921683237
STU_016083,98.9725850187742
STU_016084,71.84920968173822
STU_016085,51.39268057529712
STU_016086,95.60420014283395
STU_016087,71.50208224162105
STU_016088,74.05693787388623
STU_016089,87.03091181211691
STU_016090,87.60598252643695
STU_016091,62.68859538637437
STU_016092,72.37612772552025
STU_016093,77.70166774716309
STU_016094,76.17158118734423
STU_016095,72.77624699079388
STU_016096,87.84835880807655
STU_016097,69.66564748565415
STU_016098,58.65345930647304
STU_016099,83.82866413425714
STU_016100,76.0432166923675
STU_016101,59.08820520009886
STU_016102,77.96208923981126
STU_016103,55.37916984749176
STU_016104,81.66648455284306
STU_016105,62.46606142006438
STU_016106,61.24699099024055
STU_016107,77.1939074968208
STU_016108,70.73343509185118
STU_016109,66.84503008404076
STU_016110,64.4615545546653
STU_016111,85.66608278455816
STU_016112,80.19768115809401
STU_016113,57.600742334400856
STU_016114,72.42595845039472
STU_016115,86.82379684902818
STU_016116,96.33897131447328
STU_016117,81.33471553355488
STU_016118,66.05710227128324
STU_016119,82.76547862852306
STU_016120,85.15122199512241
STU_016121,67.56055421539432
STU_016122,73.15153412176322
STU_016123,87.49747596029906
STU_016124,95.79858456304163
STU_016125,90.10817894222144
STU_016126,80.99912898148942
STU_016127,84.61722252597774
STU_016128,95.44360246397159
STU_016129,66.09333201964438
STU_016130,97.68509491012318
STU_016131,83.47574035731893
STU_016132,69.99564577587924
STU_016133,74.17681830932331
STU_016134,73.52062418483087
STU_016135,59.81116299948914
STU_016136,91.0896812678366
STU_016137,78.3091871263177
STU_016138,77.70597270210715
STU_016139,98.0881302011804
STU_016140,86.3053523893807
STU_016141,89.04781834101921
STU_016142,83.12230115390948
STU_016143,54.468242043298304
STU_016144,77.16741987636173
STU_016145,76.71951573636976
STU_016146,85.94048073970427
STU_016147,88.32344886366468
STU_016148,65.10708405130632
STU_016149,53.93503388047698
STU_016150,95.07692636521398
STU_016151,56.87970337626352
STU_016152,79.2266211173349
STU_016153,69.31012824917897
STU_016154,82.18377097571775
STU_016155,83.23649250131484
STU_016156,65.2003681316622
STU_016157,77.01169516808238
STU_016158,98.14044255566333
STU_016159,61.12610632294927
STU_016160,77.96322429544618
STU_016161,73.00613760321752
STU_016162,95.1012996329688
STU_016163,76.02924731612406
STU_016164,62.69771287818545
STU_016165,95.24300605367478
STU_016166,63.57263272400188
STU_016167,83.4373291567787
STU_016168,86.64191133926053
STU_016169,90.74640972967956
STU_016170,84.63252547201307
STU_016171,76.04900617539265
STU_016172,61.86609003612783
STU_016173,70.56200631842135
STU_016174,60.44861417154977
STU_016175,92.57988117499278
STU_016176,75.97558172847519
STU_016177,85.8259797612949
STU_016178,80.48778596640422
STU_016179,80.48764947171401
STU_016180,56.0616874670164
STU_016181,94.32951316285168
STU_016182,52.79933444861105
STU_016183,76.92188885742615
STU_016184,74.11280802765087
STU_016185,99.94177297532126
STU_016186,48.78619081239204
STU_016187,95.09456425125002
STU_016188,77.1098866898113
STU_016189,84.53043758699337
STU_016190,79.58559676759138
STU_016191,55.27620652479244
STU_016192,59.788282586899015
STU_016193,79.54953329193404
STU_016194,91.89244605925421
STU_016195,84.25570204072667
STU_016196,56.13704160283594
STU_016197,97.1420387817714
STU_016198,71.6076866207317
STU_016199,78.88986855863521
STU_016200,64.94815477443035
STU_016201,67.78215091399206
STU_016202,63.11211328739387
STU_016203,69.53561238980248
STU_016204,62.068697317819776
STU_016205,54.93384319730751
STU_016206,71.24961876136638
STU_016207,51.40663051523727
STU_016208,69.38971125951369
STU_016209,69.20463642366748
STU_016210,56.442270312092745
STU_016211,72.16300867155572
STU_016212,68.20203325052897
STU_016213,92.54682880137159
STU_016214,55.91157178577531
STU_016215,69.80985062143452
STU_016216,60.442610060161684
STU_016217,72.09213697180739
STU_016218,99.50171709060669
STU_016219,80.79997506652974
STU_016220,90.77796720665421
STU_016221,65.64310504403367
STU_016222,67.105085379483
STU_016223,65.00922218722214
STU_016224,97.93255064467957
STU_016225,83.59347160442255
STU_016226,88.92677182760849
STU_016227,80.12048942256533
STU_016228,74.49324296134874
STU_016229,63.52889355403829
STU_016230,65.68191198220111
STU_016231,95.36268506087033
STU_016232,98.41789053997408
STU_016233,49.001291481869174
STU_016234,86.23981484408345
STU_016235,57.24212611534935
STU_016236,77.02642886576271
STU_016237,69.43833795210486
STU_016238,88.2010865698677
STU_016239,68.21794064948391
STU_016240,92.49535071875907
STU_016241,86.19394643964775
STU_016242,71.07274146058202
STU_016243,74.71522503207609
STU_016244,78.11784426712798
STU_016245,71.08226417660484
STU_016246,66.0020290736037
STU_016247,70.51602845689288
STU_016248,73.28368281070108
STU_016249,65.32622414115286
STU_016250,89.07214112848104
STU_016251,52.028466341771704
STU_016252,88.38487721155482
STU_016253,85.86692833202325
STU_016254,84.65014097939675
STU_016255,70.76778852359811
STU_016256,44.10270785949032
STU_016257,82.88645012802542
STU_016258,81.78902197304303
STU_016259,72.52329598733338
STU_016260,72.59113183601954
STU_016261,96.66442250976445
STU_016262,81.97662388762137
STU_016263,55.88048176570892
STU_016264,54.170740727515536
STU_016265,98.17959203323392
STU_016266,90.41153956206199
STU_016267,70.91769195274885
STU_016268,81.19980745654757
STU_016269,94.02902201593955
STU_016270,69.02888942006291
STU_016271,70.7368120998161
STU_016272,84.90021725231622
STU_016273,77.58381853551452
STU_016274,59.077799049827064
STU_016275,72.14829694722093
STU_016276,60.49252042455189
STU_016277,86.0062653418124
STU_016278,85.34190135859876
STU_016279,80.58117936497818
STU_016280,76.2868638135999
STU_016281,82.43827449071404
STU_016282,70.33207980910768
STU_016283,66.7831081251831
STU_016284,87.12809174124844
STU_016285,61.69992315127578
STU_016286,58.093948318306474
STU_016287,88.78954530787448
STU_016288,90.76355616511039
STU_016289,75.2149021843861
STU_016290,63.197393562271955
STU_016291,76.31932082064164
STU_016292,73.74603495211424
STU_016293,80.37489343667957
STU_016294,70.38371731134623
STU_016295,85.49087811284876
STU_016296,70.20870854816889
STU_016297,86.88558427324551
STU_016298,50.375179839224195
STU_016299,68.45845053379773
STU_016300,67.01808775063029
STU_016301,55.10590691920814
STU_016302,68.10619626036896
STU_016303,77.60730942060957
STU_016304,86.13684445177259
STU_016305,88.26106454907813
STU_016306,77.90191563691702
STU_016307,65.22954025384483
STU_016308,62.91547457834853
STU_016309,88.6271184829732
STU_016310,78.10612932547188
STU_016311,59.97185662410594
STU_016312,65.1045580871438
STU_016313,99.63011774569722
STU_016314,89.96782520232365
STU_016315,61.564894389713416
STU_016316,96.35145996297689
STU_016317,82.96140874435406
STU_016318,72.29575247495575
STU_016319,66.06403762968108
STU_016320,68.99114080966376
STU_016321,64.15928976383637
STU_016322,96.36924418671636
STU_016323,71.30026678183907
STU_016324,52.79240645327896
STU_016325,74.32611465125075
STU_016326,78.28317208109304
STU_016327,83.36304265143382
STU_016328,71.86241227553094
STU_016329,68.11167798673915
STU_016330,70.37333428666182
STU_016331,78.9039861651915
STU_016332,85.5725817475369
STU_016333,87.82993148121442
STU_016334,62.30988345853203
STU_016335,74.18645336139247
STU_016336,68.65741277146826
STU_016337,63.40061916374939
STU_016338,76.70465689028607
STU_016339,78.87399815295498
STU_016340,88.08437658161581
STU_016341,88.03471888580117
STU_016342,74.68920718951071
STU_016343,72.59776846699089
STU_016344,92.0191517866669
STU_016345,83.0486816501261
STU_016346,86.05147976689659
STU_016347,51.43773099343467
STU_016348,64.41396137980662
STU_016349,87.13179840455089
STU_016350,60.96476188977713
STU_016351,72.05728262341655
STU_016352,78.89570815353747
STU_016353,72.67114563396436
STU_016354,51.036220137989005
STU_016355,75.19425761468409
STU_016356,68.97947626730675
STU_016357,62.075885511436766
STU_016358,75.691006551952
STU_016359,89.61911632837275
STU_016360,77.82610693876566
STU_016361,72.09419925183488
STU_016362,75.98194344589024
STU_016363,72.62530847880188
STU_016364,70.40071814660726
STU_016365,77.89509750953141
STU_016366,70.84103825171964
STU_016367,79.60367954373977
STU_016368,56.11225264562094
STU_016369,74.41551993528493
STU_016370,44.43750947237876
STU_016371,61.15247863110996
STU_016372,92.58370965025422
STU_016373,83.18274224449382
STU_016374,73.30058632978185
STU_016375,77.94689693641855
STU_016376,92.00911401719188
STU_016377,57.86878167681498
STU_016378,84.64076236164688
STU_016379,59.355770151895726
STU_016380,85.13326269146455
STU_016381,60.21031896424056
STU_016382,76.66810361760037
STU_016383,55.418476935856276
STU_016384,92.44700198915811
STU_016385,93.43215498968735
STU_016386,72.54689325003328
STU_016387,72.04813997929642
STU_016388,58.6260948797713
STU_016389,77.33678862845073
STU_016390,78.7999185016207
STU_016391,99.74420625522019
STU_016392,82.66340970887171
STU_016393,77.07061974357242
STU_016394,94.57502148581648
STU_016395,60.69405184496742
STU_016396,92.34851485160277
STU_016397,65.30172509524432
STU_016398,60.29401533088895
STU_016399,68.89236434845104
STU_016400,83.01376616859443
STU_016401,73.52378901733573
STU_016402,95.9080862706638
STU_016403,63.48791622355269
STU_016404,67.5900870454569
STU_016405,67.0926963549312
STU_016406,66.24197774829739
STU_016407,93.80118683114023
STU_016408,88.80034610414515
STU_016409,52.08192620850856
STU_016410,62.255930759071845
STU_016411,53.93640395119196
STU_016412,48.98234015916895
STU_016413,66.23761146970556
STU_016414,85.95183042918117
STU_016415,86.10197970657777
STU_016416,76.72808762083667
STU_016417,79.23053004723266
STU_016418,98.94203749294815
STU_016419,74.3907516244432
STU_016420,64.29354621725562
STU_016421,65.07157880365422
STU_016422,67.26271514344464
STU_016423,98.82998423505313
STU_016424,66.64559601905349
STU_016425,82.79668077126836
STU_016426,77.11631270827526
STU_016427,73.82546777997385
STU_016428,99.6334983336628
STU_016429,74.09145609682476
STU_016430,85.20770515388557
STU_016431,96.70181854407627
STU_016432,50.83834600819332
STU_016433,60.02686260416888
STU_016434,58.26537797079697
STU_016435,78.9032562424232
STU_016436,93.67785451955339
STU_016437,79.16799022345684
STU_016438,76.59945951397353
STU_016439,75.70126529151669
STU_016440,62.69898889547416
STU_016441,93.17958162768144
STU_016442,94.00907979418758
STU_016443,67.9529061777271
STU_016444,76.35135693376792
STU_016445,74.29326040759794
STU_016446,66.38969174354803
STU_016447,64.93400198821348
STU_016448,72.42178530586762
STU_016449,78.11790769910758
STU_016450,72.3058651389731
STU_016451,90.00146982667516
STU_016452,87.64358988746713
STU_016453,62.03141993549698
STU_016454,66.79026748735323
STU_016455,47.90036161038809
STU_016456,72.61125656689397
STU_016457,89.36815345433604
STU_016458,75.70845267710851
STU_016459,77.42833151281073
STU_016460,78.56182064990068
STU_016461,56.62839628995354
STU_016462,84.99387296976678
STU_016463,83.89603952965732
STU_016464,78.70751000169136
STU_016465,83.80806594300044
STU_016466,69.84766980583552
STU_016467,81.8743155762957
STU_016468,65.99942112691497
STU_016469,54.00090355177788
STU_016470,89.01453169211533
STU_016471,57.580555898531735
STU_016472,84.06600955108242
STU_016473,75.73042300289495
STU_016474,69.19915031441214
STU_016475,99.40760442469035
STU_016476,93.68053170371752
STU_016477,92.2075665842651
STU_016478,86.70275055569005
STU_016479,67.1680835454579
STU_016480,80.27610012151068
STU_016481,73.91546372496198
STU_016482,63.90165026797477
STU_016483,86.34913717830207
STU_016484,69.77091061689691
STU_016485,68.32409056201612
STU_016486,86.95251352589847
STU_016487,71.74110697544805
STU_016488,78.6890708110499
STU_016489,96.69016146408549
STU_016490,66.62301522520048
STU_016491,87.36066970379173
STU_016492,88.6250994851756
STU_016493,87.0969285782495
STU_016494,74.00584971794136
STU_016495,45.3001294790794
STU_016496,82.48308435996098
STU_016497,44.53405617453585
STU_016498,61.407689128460746
STU_016499,73.53176469878434
STU_016500,70.9133141134327
STU_016501,75.115799622211
STU_016502,75.51327716553051
STU_016503,57.532111837500494
STU_016504,78.30488426290194
STU_016505,95.64299588717715
STU_016506,73.88383740044624
STU_016507,66.9165619030747
STU_016508,86.5782869600759
STU_016509,42.211462195030954
STU_016510,74.8963177768392
STU_016511,67.79071181482082
STU_016512,67.52247908374062
STU_016513,53.28223161058244
STU_016514,87.99600865021625
STU_016515,61.16877124975315
STU_016516,56.771999159719435
STU_016517,81.40655965658706
STU_016518,78.65902082165735
STU_016519,83.5449811362492
STU_016520,58.815075820076224
STU_016521,99.88690090179443
STU_016522,53.1480709741066
STU_016523,71.09826524898858
STU_016524,68.96616437736162
STU_016525,43.1772954654841
STU_016526,99.94664001464844
STU_016527,55.690396240570436
STU_016528,66.94114447049267
STU_016529,72.68416818648711
STU_016530,82.51192449985783
STU_016531,97.53683490613412
STU_016532,98.9515859911422
STU_016533,76.12807419393678
STU_016534,86.89400652464454
STU_016535,63.53013280492724
STU_016536,85.05317486802366
STU_016537,80.71261043600245
STU_016538,66.36873061310851
STU_016539,68.8162799837258
STU_016540,79.37232629580858
STU_016541,99.88235975772375
STU_016542,56.897349414314256
STU_016543,61.87292929101714
STU_016544,90.81743673647935
STU_016545,92.63541967207547
STU_016546,65.25458450699283
STU_016547,99.95774698257446
STU_016548,93.9195969135412
STU_016549,83.27283414079918
STU_016550,65.40598472027638
STU_016551,80.64121583331311
STU_016552,87.98009068408797
STU_016553,70.36641128832956
STU_016554,90.71010427933197
STU_016555,71.01035129906391
STU_016556,78.70383880364516
STU_016557,71.21347018539014
STU_016558,75.7384692975344
STU_016559,84.33252745494005
STU_016560,63.51624908785534
STU_016561,82.27629400592308
STU_016562,76.71317012372762
STU_016563,76.04306990623184
STU_016564,70.29748334169518
STU_016565,77.06198121046373
STU_016566,87.44407134244312
STU_016567,71.58426413311544
STU_016568,70.01803808125854
STU_016569,59.719550004831376
STU_016570,66.81365404805601
STU_016571,89.36328870933345
STU_016572,57.65467264875564
STU_016573,55.95081989331898
STU_016574,96.77298299678921
STU_016575,63.503957149851686
STU_016576,83.04864512668195
STU_016577,89.4006310724512
STU_016578,85.45167125382342
STU_016579,86.26568827000757
STU_016580,85.95227992863687
STU_016581,98.42544669462043
STU_016582,63.67649221829882
STU_016583,85.56508495020371
STU_016584,97.20424585082516
STU_016585,85.93946474203129
STU_016586,78.08046901368976
STU_016587,73.97168799627372
STU_016588,69.4138326914585
STU_016589,67.90890898774657
STU_016590,74.18863912128137
STU_016591,61.36360426789351
STU_016592,80.319910333856
STU_016593,84.16546652465789
STU_016594,42.37748955812169
STU_016595,76.43749271940602
STU_016596,88.63946128888378
STU_016597,52.94074370964384
STU_016598,83.0434090861799
STU_016599,45.57486304754062
STU_016600,49.56394535748281
STU_016601,80.02310774435595
STU_016602,55.58673630993562
STU_016603,53.86896247188998
STU_016604,89.32370772111096
STU_016605,92.1833027950739
STU_016606,69.43744870365394
STU_016607,42.30365647913113
STU_016608,87.08994477072773
STU_016609,77.01195023606488
STU_016610,85.32322481899837
STU_016611,58.563842147836425
STU_016612,94.65814097480018
STU_016613,81.38327247518116
STU_016614,66.76451503923514
STU_016615,93.41685471781096
STU_016616,88.41766617189333
STU_016617,92.60221643056857
STU_016618,71.57355425625836
STU_016619,88.31715050827965
STU_016620,56.1615158538786
STU_016621,79.85787589939703
STU_016622,76.83865639062475
STU_016623,76.70368448530083
STU_016624,97.8478287356726
STU_016625,80.30046532214182
STU_016626,56.779905895244724
STU_016627,99.71624995130608
STU_016628,87.2985719863781
STU_016629,52.641728224477404
STU_016630,70.69000804577398
STU_016631,64.74135551917968
STU_016632,64.17613089692044
STU_016633,78.89127919056824
STU_016634,64.8190933801467
STU_016635,93.93348637911964
STU_016636,83.62170605048144
STU_016637,66.4560991108869
STU_016638,68.36457473199928
STU_016639,64.78774869990488
STU_016640,99.92320108413696
STU_016641,84.1078523758307
STU_016642,58.03505166674206
STU_016643,69.7095236692036
STU_016644,78.59483550451404
STU_016645,86.22259426897818
STU_016646,84.83326920917096
STU_016647,67.3823885838237
STU_016648,78.00881296318178
STU_016649,87.5726504632097
STU_016650,89.38044632053509
STU_016651,83.29445749375864
STU_016652,86.9303917428444
STU_016653,78.90127630081669
STU_016654,93.8248219596143
STU_016655,71.76267379609712
STU_016656,77.48376889337902
STU_016657,79.97297545204128
STU_016658,90.30487089806732
STU_016659,76.44252952828836
STU_016660,91.0163580401374
STU_016661,73.3451611657677
STU_016662,70.32640507393256
STU_016663,89.60358595427371
STU_016664,67.29502096279732
STU_016665,78.23165211448533
STU_016666,65.5445126962813
STU_016667,69.62292127266679
STU_016668,93.75341102548833
STU_016669,72.64613061811087
STU_016670,86.19047117294903
STU_016671,97.80572182902087
STU_016672,83.91859137796152
STU_016673,65.03093005621035
STU_016674,78.05272392077985
STU_016675,75.95083349367133
STU_016676,99.67432826663462
STU_016677,92.21855697071273
STU_016678,90.10518977588595
STU_016679,88.01764394122496
STU_016680,60.96318059804598
STU_016681,97.12072813156689
STU_016682,85.05560281570416
STU_016683,73.30108430464341
STU_016684,68.56349101119713
STU_016685,78.51717278255543
STU_016686,73.8967709656296
STU_016687,96.16697762523503
STU_016688,57.42501525300642
STU_016689,72.51982349762241
STU_016690,53.639159390135276
STU_016691,78.06175684073656
STU_016692,74.43808397446347
STU_016693,65.04030910166756
STU_016694,84.51950603985793
STU_016695,76.94181753749002
STU_016696,76.71058106822863
STU_016697,73.039334754555
STU_016698,81.99100590201793
STU_016699,64.98750245835147
STU_016700,72.55662795164537
STU_016701,78.63137952047973
STU_016702,83.27347993250177
STU_016703,89.78545327776163
STU_016704,84.43530208049596
STU_016705,89.77375563465289
STU_016706,73.55212644332444
STU_016707,81.81756837787835
STU_016708,89.73091668724325
STU_016709,43.85893814610885
STU_016710,76.13360139854949
STU_016711,59.67373157864668
STU_016712,48.24073666183085
STU_016713,96.1522717287311
STU_016714,97.4237951128936
STU_016715,66.12570558870192
STU_016716,71.13366032139453
STU_016717,88.9261524154374
STU_016718,53.45133211396336
STU_016719,89.34027571393887
STU_016720,96.23474861605101
STU_016721,77.88900548212055
STU_016722,73.1075724168222
STU_016723,69.72673241638398
STU_016724,75.92764707418065
STU_016725,67.65367991569718
STU_016726,61.16197311695363
STU_016727,69.52099852466115
STU_016728,58.57078989309299
STU_016729,76.76547207478482
STU_016730,85.27604317011065
STU_016731,63.25291712684506
STU_016732,90.14611035660462
STU_016733,85.74924413453894
STU_016734,60.36207830187011
STU_016735,84.93269792532848
STU_016736,60.618011554148694
STU_016737,66.78173436433423
STU_016738,75.60624131289649
STU_016739,80.14651665581084
STU_016740,70.30100883028634
STU_016741,77.9857423100632
STU_016742,90.86594680435559
STU_016743,71.9345836438227
STU_016744,60.69635678073156
STU_016745,63.52929712077318
STU_016746,53.7723268501901
STU_016747,83.99309060936373
STU_016748,76.70204057029792
STU_016749,54.112214340375786
STU_016750,89.487995253211
STU_016751,88.01903822189885
STU_016752,63.636896156639736
STU_016753,75.04001549763478
STU_016754,99.94797706604004
STU_016755,75.38189118609178
STU_016756,76.18263966365696
STU_016757,80.96300939441473
STU_016758,53.209948391715244
STU_016759,98.60931000364415
STU_016760,72.05912794825933
STU_016761,78.15512769936146
STU_016762,71.77069198442327
STU_016763,79.77945862831767
STU_016764,66.89189806695914
STU_016765,86.80021692954489
STU_016766,90.35842518014519
STU_016767,81.83158679014183
STU_016768,88.79316497343407
STU_016769,46.90177611353447
STU_016770,56.0258026890157
STU_016771,66.81036639257604
STU_016772,91.8521594620913
STU_016773,69.29867078881647
STU_016774,82.6286197944524
STU_016775,70.59605013715057
STU_016776,94.2418232263201
STU_016777,49.0526213393252
STU_016778,76.44539375285792
STU_016779,74.67624482035505
STU_016780,87.30236444283202
STU_016781,50.114870955166424
STU_016782,82.89970178094683
STU_016783,67.4208360893253
STU_016784,95.10007910762101
STU_016785,91.80396628608874
STU_016786,69.02458880870034
STU_016787,68.64419667261517
STU_016788,89.95887834626814
STU_016789,74.74825886059679
STU_016790,82.36146142971899
STU_016791,69.08544348714565
STU_016792,74.28039165304577
STU_016793,80.32847051890569
STU_016794,72.59171392025817
STU_016795,72.9714331113948
STU_016796,87.235590819487
STU_016797,67.01114007933592
STU_016798,73.52394983618547
STU_016799,90.96472140242076
STU_016800,64.93545177357161
STU_016801,60.626174244399884
STU_016802,65.00270113712523
STU_016803,92.16409323646414
STU_016804,93.21195246353224
STU_016805,56.44026897137464
STU_016806,81.15708533580874
STU_016807,79.12247288596639
STU_016808,86.13972820147899
STU_016809,86.88203727485438
STU_016810,48.59765067369602
STU_016811,79.29695518008481
STU_016812,69.49169132803456
STU_016813,77.98023162107336
STU_016814,89.00018978938272
STU_016815,69.21591062367679
STU_016816,73.42260444661116
STU_016817,99.37712975031536
STU_016818,51.6476807487241
STU_016819,86.80693875262597
STU_016820,79.93245829804142
STU_016821,77.36051949769981
STU_016822,75.73723948936313
STU_016823,99.94649410247803
STU_016824,79.55083468090942
STU_016825,82.6785751821095
STU_016826,70.94665542371848
STU_016827,78.11521680409696
STU_016828,71.61089476629833
STU_016829,82.90407472002028
STU_016830,73.63163584405645
STU_016831,88.43886485170134
STU_016832,65.53131048597807
STU_016833,63.619168600763224
STU_016834,88.55942906726881
STU_016835,77.24536199419353
STU_016836,83.13015166663759
STU_016837,98.62787020199298
STU_016838,90.24959590392234
STU_016839,68.14715803126651
STU_016840,78.23339178232956
STU_016841,97.02013309772511
STU_016842,73.8863239203825
STU_016843,67.42764077564439
STU_016844,87.30325801276801
STU_016845,68.554727711868
STU_016846,66.50683410462202
STU_016847,72.02086769684584
STU_016848,60.59028329541153
STU_016849,74.42050896454475
STU_016850,76.44213861136052
STU_016851,66.01040176601362
STU_016852,86.45697912164974
STU_016853,87.93768390270483
STU_016854,86.50798675390605
STU_016855,78.27129745554804
STU_016856,98.43466763389293
STU_016857,66.79502263799127
STU_016858,57.118152716368925
STU_016859,98.67536661721758
STU_016860,99.6736542530636
STU_016861,78.24676788927853
STU_016862,89.76540469382478
STU_016863,98.14988698222233
STU_016864,49.79293723365377
STU_016865,85.17941874495159
STU_016866,71.13771714324253
STU_016867,95.5697404790888
STU_016868,77.47178060294709
STU_016869,86.12292553153223
STU_016870,65.15483175142442
STU_016871,57.11204243411896
STU_016872,78.10142128253392
STU_016873,92.4880171249145
STU_016874,69.25097535066175
STU_016875,82.31583504937274
STU_016876,57.61521744416928
STU_016877,99.86934471130371
STU_016878,56.57156799418091
STU_016879,89.28898923315262
STU_016880,87.08975142378381
STU_016881,68.81879285899646
STU_016882,77.20300472485764
STU_016883,91.51643906443283
STU_016884,74.73352293142074
STU_016885,91.30993059835569
STU_016886,81.5733435223809
STU_016887,65.08023458829639
STU_016888,88.50947789518112
STU_016889,76.70240229660922
STU_016890,69.97315335626159
STU_016891,65.23047884244886
STU_016892,82.10994504911247
STU_016893,65.95851001728886
STU_016894,80.35697741444376
STU_016895,72.79280586773962
STU_016896,67.15002740941179
STU_016897,50.541272063681845
STU_016898,99.79500861581155
STU_016899,79.17789197554792
STU_016900,96.4430256767853
STU_016901,78.50612699512634
STU_016902,93.71444767906422
STU_016903,76.90497116383551
STU_016904,82.47057204483355
STU_016905,80.77716000045712
STU_016906,69.51602201489675
STU_016907,83.55476268963648
STU_016908,67.98368276883477
STU_016909,84.82755543328865
STU_016910,69.46493824201656
STU_016911,73.11893864608876
STU_016912,69.87389850608207
STU_016913,58.78072961641904
STU_016914,89.20599980848786
STU_016915,91.08321380143897
STU_016916,77.18118154541261
STU_016917,85.32068401740617
STU_016918,47.31454236876672
STU_016919,69.77780181986364
STU_016920,68.71859702624876
STU_016921,74.49341574909349
STU_016922,71.51038715480351
STU_016923,89.10803095114753
STU_016924,55.15404390986029
STU_016925,77.91385291039009
STU_016926,79.42935277460151
STU_016927,58.9421620530388
STU_016928,82.58030398939357
STU_016929,66.91471283959675
STU_016930,97.30095374947292
STU_016931,47.466468858059685
STU_016932,86.7813215613849
STU_016933,86.61953209440011
STU_016934,65.13363903255782
STU_016935,74.74070522206729
STU_016936,64.25033813918212
STU_016937,70.5139132590229
STU_016938,89.40501400212081
STU_016939,94.32302565686288
STU_016940,93.31684891030727
STU_016941,60.934285816283364
STU_016942,81.59540665335342
STU_016943,74.98074470834385
STU_016944,82.7889063467488
STU_016945,92.13322013672055
STU_016946,84.72055773640281
STU_016947,73.74848696136229
STU_016948,77.47191403917273
STU_016949,63.90274063134579
STU_016950,68.86277771845579
STU_016951,97.17258545901251
STU_016952,58.203589313284006
STU_016953,60.81019062505298
STU_016954,71.26933625941888
STU_016955,85.43557971063898
STU_016956,89.33573038141857
STU_016957,63.61808225474067
STU_016958,77.02993887707792
STU_016959,97.09106157155028
STU_016960,80.3653227991199
STU_016961,65.38536019086312
STU_016962,74.84866161330936
STU_016963,97.43731807365057
STU_016964,89.8379212997254
STU_016965,88.93525370042352
STU_016966,72.82284370531971
STU_016967,91.10031212951709
STU_016968,97.4032608196994
STU_016969,64.01040810392902
STU_016970,75.3526257910301
STU_016971,64.86214923274804
STU_016972,96.15795240110218
STU_016973,66.62480899557713
STU_016974,76.49260993521838
STU_016975,58.70220947948917
STU_016976,70.98444438951282
STU_016977,90.81842233646005
STU_016978,68.38269211531858
STU_016979,59.33840591384226
STU_016980,83.70921095001496
STU_016981,59.31308547386387
STU_016982,74.99684350816699
STU_016983,60.83179021848764
STU_016984,65.42774633012442
STU_016985,99.88033034801484
STU_016986,87.02129485246375
STU_016987,82.3414209374125
STU_016988,72.67562541387265
STU_016989,89.507756188829
STU_016990,73.00606367182148
STU_016991,63.766254802051336
STU_016992,82.28048600940704
STU_016993,74.82931184111524
STU_016994,62.600764436442766
STU_016995,66.79781230880727
STU_016996,93.93979051096863
STU_016997,79.0730435044694
STU_016998,92.52242930847079
STU_016999,98.25792762056606
STU_017000,86.55136100638512
STU_017001,88.65581345702213
STU_017002,94.69442526729097
STU_017003,97.04228787328157
STU_017004,66.89677559348101
STU_017005,86.21663698728261
STU_017006,87.41675954560199
STU_017007,78.4354639290919
STU_017008,79.56822855947496
STU_017009,85.58059089376364
STU_017010,73.78288184826641
STU_017011,49.69715579681481
STU_017012,56.996269574479626
STU_017013,99.79376602172852
STU_017014,79.55624467824862
STU_017015,80.56296883024022
STU_017016,91.71351681771235
STU_017017,65.30925709272358
STU_017018,75.48069689442426
STU_017019,55.490574619885265
STU_017020,70.51524634325762
STU_017021,79.47311449153746
STU_017022,71.06912299410337
STU_017023,63.452283070281055
STU_017024,62.3626753665771
STU_017025,64.932194971611
STU_017026,77.29695002372843
STU_017027,80.46340963886632
STU_017028,72.9663579281187
STU_017029,89.52330991112825
STU_017030,87.65628799859857
STU_017031,57.14838770266475
STU_017032,93.88432648365378
STU_017033,88.98418445794854
STU_017034,73.83952512127738
STU_017035,71.48558710471829
STU_017036,88.89172208001304
STU_017037,95.48042387350654
STU_017038,97.18583075563112
STU_017039,88.1067436465644
STU_017040,97.88344341851911
STU_017041,60.51143425329239
STU_017042,88.46449896634539
STU_017043,74.15600093756751
STU_017044,96.04961854858018
STU_017045,85.7544482034226
STU_017046,81.80998076528402
STU_017047,97.11512401018274
STU_017048,67.50364833696074
STU_017049,85.07941075215896
STU_017050,64.84785564896542
STU_017051,77.3506603993004
STU_017052,97.28910664794444
STU_017053,78.64138204427857
STU_017054,89.95749629883427
STU_017055,82.29327983957911
STU_017056,78.7824100117256
STU_017057,95.01056147448426
STU_017058,78.28774611752168
STU_017059,59.80685007006788
STU_017060,66.01505963639681
STU_017061,95.29813823274608
STU_017062,60.7117037915457
STU_017063,75.74541317123659
STU_017064,65.01047392678464
STU_017065,94.18967548712786
STU_017066,61.001423403553204
STU_017067,96.6928126740985
STU_017068,66.42419387038332
STU_017069,77.70147092254851
STU_017070,80.53218731461665
STU_017071,78.17681577590426
STU_017072,76.21674547438572
STU_017073,92.27272785127047
STU_017074,86.72741330226324
STU_017075,91.89764601498825
STU_017076,56.37077111222654
STU_017077,90.77234044664058
STU_017078,65.12434581869277
STU_017079,60.6664680694159
STU_017080,53.883126123659146
STU_017081,73.68698675728658
STU_017082,85.37459267166645
STU_017083,66.98067064060992
STU_017084,49.031167425799666
STU_017085,67.21581128226127
STU_017086,88.19807316621569
STU_017087,69.44978482370074
STU_017088,91.94094780911576
STU_017089,62.96890615284075
STU_017090,83.88187246248434
STU_017091,65.86409491898553
STU_017092,89.67586692093738
STU_017093,51.636038742982
STU_017094,81.78774932886748
STU_017095,54.06153992762482
STU_017096,62.878773926972954
STU_017097,63.89633170778533
STU_017098,43.66766428960656
STU_017099,74.1309910435676
STU_017100,85.09633461888615
STU_017101,80.25654666696408
STU_017102,75.80503969911524
STU_017103,78.69755208408077
STU_017104,84.08479435412869
STU_017105,67.51571372613455
STU_017106,60.20722609877878
STU_017107,45.79612196256343
STU_017108,82.59895298246403
STU_017109,68.87175089106412
STU_017110,69.0867569709749
STU_017111,85.12903989821118
STU_017112,85.55365985911848
STU_017113,58.00031949530339
STU_017114,77.04765000921373
STU_017115,77.9964159453547
STU_017116,99.81936790943146
STU_017117,49.823291033986465
STU_017118,85.31927449922145
STU_017119,82.60308303521813
STU_017120,86.20207503207847
STU_017121,71.99064015902164
STU_017122,99.76014579605801
STU_017123,61.94402919933033
STU_017124,71.47985928335221
STU_017125,71.28548519679454
STU_017126,79.08830093426995
STU_017127,57.33666527613131
STU_017128,69.9465510523293
STU_017129,62.29160566491282
STU_017130,74.86791959036711
STU_017131,70.99254491697798
STU_017132,74.34671210140982
STU_017133,78.67351021421473
STU_017134,98.46354338144593
STU_017135,57.709075953256985
STU_017136,80.66221267087974
STU_017137,60.53817716586103
STU_017138,78.03595435180539
STU_017139,92.88896602176084
STU_017140,76.98658183733644
STU_017141,89.0342969044819
STU_017142,93.146499851142
STU_017143,51.65004982347192
STU_017144,89.1803048658859
STU_017145,89.41132212831506
STU_017146,93.68874847569758
STU_017147,98.00195821060778
STU_017148,72.19206201077914
STU_017149,65.47103558619963
STU_017150,57.596608659019196
STU_017151,80.1282716984031
STU_017152,77.58725269207473
STU_017153,83.4915947809063
STU_017154,78.87510888520896
STU_017155,54.998626264039494
STU_017156,58.74582204730832
STU_017157,71.91293909864302
STU_017158,91.25286978831497
STU_017159,62.33647074183099
STU_017160,52.477523994096806
STU_017161,81.64594421159785
STU_017162,72.99410270626032
STU_017163,75.99038856179786
STU_017164,91.21020665121159
STU_017165,65.2159523737117
STU_017166,72.17268890837862
STU_017167,66.48259507695295
STU_017168,76.55639908291928
STU_017169,91.23384824892747
STU_017170,85.87016666453673
STU_017171,95.36229350994189
STU_017172,71.5227601120588
STU_017173,54.92265479465117
STU_017174,57.5306582862472
STU_017175,99.70797824859619
STU_017176,83.48114985541022
STU_017177,72.39085763801046
STU_017178,86.26746069998251
STU_017179,86.99633433084702
STU_017180,75.17054249202299
STU_017181,84.38772758780566
STU_017182,65.18910537007963
STU_017183,96.6430770105356
STU_017184,85.03567990573214
STU_017185,95.06876246127352
STU_017186,63.596016282525895
STU_017187,88.15748887902589
STU_017188,77.54467217348828
STU_017189,55.22694876458392
STU_017190,90.47578494960891
STU_017191,69.6322307017085
STU_017192,64.71905911607311
STU_017193,57.06146909048995
STU_017194,88.33151474906813
STU_017195,69.91001984374255
STU_017196,81.74710645802057
STU_017197,80.12836998826893
STU_017198,69.82676284738668
STU_017199,74.11912268214245
STU_017200,61.2259639812068
STU_017201,72.17150168591837
STU_017202,86.82601390285717
STU_017203,71.83915103564722
STU_017204,63.931558479757655
STU_017205,89.68280274989806
STU_017206,76.53296114385519
STU_017207,98.56383837228009
STU_017208,61.25294965905753
STU_017209,60.1599137132044
STU_017210,34.11814761359083
STU_017211,82.58655440470336
STU_017212,95.3460227198369
STU_017213,87.95102627954289
STU_017214,83.70632005957748
STU_017215,62.97454341955053
STU_017216,59.82456012231308
STU_017217,99.9461727142334
STU_017218,70.91277529971066
STU_017219,96.77641598100766
STU_017220,77.73036518260905
STU_017221,68.91117038391008
STU_017222,68.88968729968144
STU_017223,70.3392213598449
STU_017224,86.3975209659742
STU_017225,90.53727553131496
STU_017226,75.80231631896709
STU_017227,69.24467134282705
STU_017228,83.78012458458673
STU_017229,65.47982038854398
STU_017230,93.04922902382681
STU_017231,67.46179882334823
STU_017232,66.07138274201493
STU_017233,71.6620840376585
STU_017234,87.43114957802503
STU_017235,78.55387501788425
STU_017236,58.48471004877115
STU_017237,94.3935807877298
STU_017238,78.90964436647718
STU_017239,53.829871780549624
STU_017240,93.02121260947555
STU_017241,70.18121444509269
STU_017242,45.40313626025626
STU_017243,84.91201553337584
STU_017244,76.22737612923282
STU_017245,86.46434313258365
STU_017246,84.73676516665745
STU_017247,55.11957568953327
STU_017248,65.80790218843973
STU_017249,61.72817775948772
STU_017250,57.14089705209587
STU_017251,89.35091548349467
STU_017252,61.16252210479084
STU_017253,86.11118499407853
STU_017254,47.358858628429104
STU_017255,53.252911151732555
STU_017256,49.007669439712984
STU_017257,80.69790779301627
STU_017258,75.82461773573104
STU_017259,68.58321778740635
STU_017260,67.92405363402875
STU_017261,55.87468975414578
STU_017262,70.09278516652745
STU_017263,77.83705241051928
STU_017264,65.61746683687672
STU_017265,89.45637718004961
STU_017266,51.86950980815948
STU_017267,67.63189578303229
STU_017268,69.53793385174659
STU_017269,66.65847842288699
STU_017270,78.32094956995809
STU_017271,76.2355758984223
STU_017272,58.778628864613395
STU_017273,86.9025615779404
STU_017274,87.88540678047661
STU_017275,68.8455557248358
STU_017276,56.04723207659946
STU_017277,79.55732093085457
STU_017278,91.62573753528375
STU_017279,74.38416264482211
STU_017280,82.17229204562257
STU_017281,68.4436903216799
STU_017282,74.41031634541771
STU_017283,81.81040904161591
STU_017284,85.09477168552448
STU_017285,85.01468707270895
STU_017286,69.19683778708063
STU_017287,63.060883539346335
STU_017288,60.16564508980595
STU_017289,75.63954794201175
STU_017290,91.43794874620758
STU_017291,83.54233202102692
STU_017292,62.45626211617348
STU_017293,70.0344673591042
STU_017294,65.4054066008876
STU_017295,70.46514264319322
STU_017296,72.81878328073225
STU_017297,94.77562679704391
STU_017298,63.73370618604226
STU_017299,70.40050239173439
STU_017300,54.28697785071667
STU_017301,58.937414179881614
STU_017302,75.09440970528385
STU_017303,93.67947312607404
STU_017304,87.44853558905402
STU_017305,78.98745425126536
STU_017306,84.01069024895169
STU_017307,99.69269551576046
STU_017308,93.47808289116396
STU_017309,89.90107012647078
STU_017310,60.034894888345185
STU_017311,75.36247684296912
STU_017312,70.74276450216995
STU_017313,89.62575339351424
STU_017314,78.61198601042864
STU_017315,83.40178755954999
STU_017316,73.17414824440444
STU_017317,80.68871567985275
STU_017318,38.83314878258874
STU_017319,66.60353046875782
STU_017320,89.195689504491
STU_017321,84.04577289188634
STU_017322,74.65939406133853
STU_017323,79.54132762465215
STU_017324,90.96431630918444
STU_017325,83.17372506842493
STU_017326,72.39045019457183
STU_017327,87.54027701613549
STU_017328,79.2233331901532
STU_017329,38.28645704961477
STU_017330,91.29502739040424
STU_017331,77.6727034767213
STU_017332,68.56610921340645
STU_017333,66.85387654199222
STU_017334,81.99443517980023
STU_017335,83.51803448516102
STU_017336,63.871435212284645
STU_017337,78.49848402822485
STU_017338,80.50980726163411
STU_017339,97.20580460740655
STU_017340,78.84464685530286
STU_017341,88.40905327553327
STU_017342,63.515929223675045
STU_017343,83.17045918702769
STU_017344,62.90578322414518
STU_017345,68.51283999021447
STU_017346,61.27574458911512
STU_017347,92.99226824011376
STU_017348,74.44691495742367
STU_017349,81.52225713942317
STU_017350,54.83319775566007
STU_017351,59.52306537432575
STU_017352,56.468107214092036
STU_017353,59.49724589424905
STU_017354,85.55538779889487
STU_017355,59.136215903417
STU_017356,69.0976208418752
STU_017357,58.380309473660915
STU_017358,64.03659674101506
STU_017359,87.26931983226115
STU_017360,99.13443524598628
STU_017361,98.03824931589786
STU_017362,65.40630201676856
STU_017363,87.39026284694899
STU_017364,88.3731911815745
STU_017365,85.32909520697612
STU_017366,89.59986298613967
STU_017367,99.92090892791748
STU_017368,63.253005353052416
STU_017369,55.68565563224654
STU_017370,80.52954010935585
STU_017371,85.2321550803457
STU_017372,88.0367690408402
STU_017373,63.04192994415176
STU_017374,49.91991745025051
STU_017375,84.8907432945938
STU_017376,74.16104140992307
STU_017377,69.33540125127192
STU_017378,82.01405344516496
STU_017379,64.48853078359889
STU_017380,62.13601874486915
STU_017381,57.76695480406068
STU_017382,83.61508635810551
STU_017383,79.75726707646558
STU_017384,69.07658002842882
STU_017385,71.04650490966534
STU_017386,73.90500872814798
STU_017387,82.40922665867924
STU_017388,67.80812618216342
STU_017389,82.59374688717494
STU_017390,74.85135176493257
STU_017391,76.87396190074499
STU_017392,66.4269088639736
STU_017393,63.85075088799322
STU_017394,72.05627553010147
STU_017395,57.684606403703405
STU_017396,80.689912787738
STU_017397,75.75439749094772
STU_017398,82.36029564332587
STU_017399,88.83454928935808
STU_017400,42.91050837947573
STU_017401,44.19678790280352
STU_017402,93.81779180014622
STU_017403,61.81403924222242
STU_017404,78.25455902349981
STU_017405,61.06338845535644
STU_017406,65.25700721705641
STU_017407,64.67538380612223
STU_017408,80.8209680694536
STU_017409,79.13842200854646
STU_017410,76.51168233622735
STU_017411,62.28325160005676
STU_017412,80.31946140986537
STU_017413,80.42843316981597
STU_017414,81.80609970819631
STU_017415,53.79749708325161
STU_017416,63.10912902301659
STU_017417,78.2114366772259
STU_017418,89.62026419029817
STU_017419,67.91714850035228
STU_017420,80.69485001879734
STU_017421,81.01817234064399
STU_017422,80.18090734803243
STU_017423,73.73331092883686
STU_017424,56.01895506007712
STU_017425,75.88014863132508
STU_017426,66.0287844370781
STU_017427,77.02700255829056
STU_017428,71.83516977993125
STU_017429,59.73786479934361
STU_017430,99.07499112463137
STU_017431,68.23677177424408
STU_017432,97.04192851514937
STU_017433,84.97592919115878
STU_017434,71.18899778966654
STU_017435,80.30476444634132
STU_017436,70.2183552124278
STU_017437,81.2351901903032
STU_017438,99.63618647240332
STU_017439,59.898097870118775
STU_017440,88.03339953080251
STU_017441,49.57688492406372
STU_017442,78.37126568428027
STU_017443,86.2978021098506
STU_017444,78.01426671131003
STU_017445,94.89623460194568
STU_017446,87.41753122989701
STU_017447,65.36383295998897
STU_017448,77.63594507852054
STU_017449,86.2644362051638
STU_017450,83.75992837714827
STU_017451,70.83302191822534
STU_017452,78.63149761619525
STU_017453,91.21801941476318
STU_017454,55.464182020470254
STU_017455,89.54269049487957
STU_017456,78.12454900252544
STU_017457,66.81312646043602
STU_017458,62.69941199757177
STU_017459,80.68627376051279
STU_017460,67.62727324348438
STU_017461,88.50652534344204
STU_017462,79.36100960167661
STU_017463,92.4210694949638
STU_017464,74.13323101053436
STU_017465,83.73117938960172
STU_017466,73.5306000959781
STU_017467,54.014257426730715
STU_017468,84.07770685073348
STU_017469,95.35074392981748
STU_017470,88.6851270223998
STU_017471,87.37737154844919
STU_017472,68.39415892124865
STU_017473,98.22761874943046
STU_017474,33.442376405305026
STU_017475,59.74999952130051
STU_017476,69.9690780931667
STU_017477,62.952888509589556
STU_017478,52.12402166093961
STU_017479,78.90663518192679
STU_017480,98.71225678209602
STU_017481,91.27852222853795
STU_017482,81.88113453301253
STU_017483,87.63366695530752
STU_017484,85.12622058347307
STU_017485,90.50799948873964
STU_017486,72.01999310277999
STU_017487,89.24902675380324
STU_017488,54.65310259078302
STU_017489,59.463431380872734
STU_017490,94.52871435260036
STU_017491,70.59063165853183
STU_017492,57.41560719332945
STU_017493,76.7197268302408
STU_017494,74.85485155188988
STU_017495,52.299082098926014
STU_017496,79.86887306529098
STU_017497,90.63084901440219
STU_017498,58.426542746952705
STU_017499,86.50263008410575
STU_017500,86.03949164464122
STU_017501,76.8428719767672
STU_017502,87.857927662192
STU_017503,71.7667297933028
STU_017504,82.75136507180059
STU_017505,81.3811819751538
STU_017506,77.64308436962078
STU_017507,53.895195653828296
STU_017508,64.98956426111064
STU_017509,84.27284824243907
STU_017510,97.67212383583862
STU_017511,73.83855399424242
STU_017512,69.70189574901049
STU_017513,77.29592330113084
STU_017514,73.04965399248375
STU_017515,78.77890927561866
STU_017516,97.40286500483109
STU_017517,82.82803477836414
STU_017518,83.81779425021563
STU_017519,87.03648850845225
STU_017520,99.34604837589013
STU_017521,59.5644239408673
STU_017522,77.02105735938744
STU_017523,79.51787722242409
STU_017524,58.58358682603573
STU_017525,68.75909652477742
STU_017526,78.43108394953104
STU_017527,78.22558417841229
STU_017528,71.68742558582738
STU_017529,99.59773635877593
STU_017530,82.83989459187185
STU_017531,94.57547024574566
STU_017532,59.63478894847277
STU_017533,62.887365246386466
STU_017534,55.71631305934419
STU_017535,75.00539426461654
STU_017536,86.63982508189034
STU_017537,96.22234697141806
STU_017538,94.16713654645422
STU_017539,73.70783724545024
STU_017540,95.01093682618904
STU_017541,50.4431294231156
STU_017542,72.62094382364216
STU_017543,81.01346655986966
STU_017544,95.68792494974988
STU_017545,68.18250733547303
STU_017546,68.25534396316813
STU_017547,95.34417969431223
STU_017548,79.60987865591127
STU_017549,99.3798308056315
STU_017550,76.02225834210313
STU_017551,97.53023881919731
STU_017552,49.09351252123436
STU_017553,84.14596552165239
STU_017554,56.23495504845625
STU_017555,69.34806313922506
STU_017556,67.99642128322304
STU_017557,51.31930340730138
STU_017558,50.77808571596766
STU_017559,85.1873877955562
STU_017560,71.17949824303524
STU_017561,97.16404252471803
STU_017562,59.27042403875369
STU_017563,65.10700568397841
STU_017564,70.71243171998002
STU_017565,70.45857882608783
STU_017566,84.76208522242072
STU_017567,64.55301939278459
STU_017568,69.35459141172768
STU_017569,71.92547043676464
STU_017570,99.84981356738997
STU_017571,92.78326703227165
STU_017572,80.69548993506086
STU_017573,72.24791186546703
STU_017574,83.89150908925596
STU_017575,91.52763753797366
STU_017576,92.10372477499367
STU_017577,63.73087367834881
STU_017578,78.76484803532199
STU_017579,76.02681645320354
STU_017580,77.33557362209237
STU_017581,74.44866567978428
STU_017582,76.40141796380675
STU_017583,92.93946344051258
STU_017584,60.01876117019219
STU_017585,50.548793374613126
STU_017586,82.23539918545211
STU_017587,62.40532140741497
STU_017588,67.7080753105139
STU_017589,95.21612333749562
STU_017590,73.82019398932441
STU_017591,88.9962232641421
STU_017592,66.03015418137227
STU_017593,58.961630450088606
STU_017594,55.58164496682976
STU_017595,93.36950211550021
STU_017596,72.57654067800027
STU_017597,94.12149506149449
STU_017598,43.21109410246459
STU_017599,64.66359807882245
STU_017600,78.42848119232926
STU_017601,67.99742836617963
STU_017602,66.79650877707854
STU_017603,90.00456612056638
STU_017604,82.45546335851931
STU_017605,68.54342020359269
STU_017606,93.78964861661706
STU_017607,77.2312242404767
STU_017608,94.15071685950242
STU_017609,77.18117133154736
STU_017610,75.15886910507697
STU_017611,74.35224614044964
STU_017612,97.41767467650415
STU_017613,80.11568594719752
STU_017614,89.94138332825159
STU_017615,66.1888090765303
STU_017616,87.62960859701933
STU_017617,90.3975308953924
STU_017618,43.491291480149364
STU_017619,64.98649778781403
STU_017620,75.10115887048629
STU_017621,82.19257768192338
STU_017622,98.3806680276498
STU_017623,55.85446069046053
STU_017624,68.84485284041229
STU_017625,67.7846036322615
STU_017626,52.973984118969625
STU_017627,56.17549124799173
STU_017628,74.8037755943183
STU_017629,71.55111632225481
STU_017630,60.04833685822151
STU_017631,51.50169139855841
STU_017632,79.32641994771922
STU_017633,72.90593545005616
STU_017634,81.15895809364409
STU_017635,77.9165764217441
STU_017636,70.47397901982777
STU_017637,92.3724302271145
STU_017638,63.603095421386165
STU_017639,86.29586599320905
STU_017640,96.89854493185707
STU_017641,99.72643337221841
STU_017642,56.86174874686085
STU_017643,62.2672223417955
STU_017644,77.77167368951565
STU_017645,78.45759524887904
STU_017646,71.84267186307714
STU_017647,58.35740496039964
STU_017648,87.81593606172416
STU_017649,96.36963213473506
STU_017650,96.92937008304497
STU_017651,66.00338556144011
STU_017652,73.82612042111006
STU_017653,99.65971565246582
STU_017654,75.21696381468004
STU_017655,83.6527616140026
STU_017656,85.91565622488979
STU_017657,49.34264826556834
STU_017658,69.96757608336122
STU_017659,99.93286323547363
STU_017660,78.06476398755336
STU_017661,77.80186990509745
STU_017662,64.74755388661717
STU_017663,76.7516426702887
STU_017664,79.4903868423881
STU_017665,71.79618645201097
STU_017666,75.84881069027679
STU_017667,72.0959932031576
STU_017668,75.66512127955507
STU_017669,72.29718146229624
STU_017670,46.39925559258498
STU_017671,69.16107380056167
STU_017672,57.080425323485855
STU_017673,72.93746677798055
STU_017674,71.42108906958207
STU_017675,69.09110200012609
STU_017676,69.98033557167453
STU_017677,80.09592742998706
STU_017678,80.63012324891935
STU_017679,90.02942739301719
STU_017680,63.404070884682454
STU_017681,84.16815984817542
STU_017682,69.84835074591082
STU_017683,75.4080100688951
STU_017684,85.64586771945551
STU_017685,71.25365632211603
STU_017686,61.913241616429325
STU_017687,71.82057636696041
STU_017688,71.6799884531167
STU_017689,89.41601087181198
STU_017690,66.22707281159475
STU_017691,72.13285047365221
STU_017692,72.98575300851496
STU_017693,67.29927988520129
STU_017694,79.09791181530507
STU_017695,96.9402164378244
STU_017696,85.9670556482363
STU_017697,41.417766065755906
STU_017698,51.01280936056117
STU_017699,96.08098729467963
STU_017700,51.01564831742844
STU_017701,54.17740562156823
STU_017702,85.89787337221563
STU_017703,80.95602867961992
STU_017704,62.84330171162953
STU_017705,57.66608063286445
STU_017706,79.73924678097808
STU_017707,51.12813963560082
STU_017708,96.63699634369948
STU_017709,88.24722385299927
STU_017710,83.25593457598208
STU_017711,99.95473098754883
STU_017712,69.1487616029111
STU_017713,69.50783639300147
STU_017714,84.52515174476042
STU_017715,70.65905787383164
STU_017716,56.40303310151917
STU_017717,74.3071793709545
STU_017718,94.79325694241169
STU_017719,69.80626342473963
STU_017720,72.82076412334868
STU_017721,78.69060885567959
STU_017722,99.9491195678711
STU_017723,71.77466243428812
STU_017724,73.98606056108031
STU_017725,91.91125195663426
STU_017726,93.11483074949275
STU_017727,81.26040805941443
STU_017728,84.1763159359569
STU_017729,67.35087664836233
STU_017730,58.09775501497781
STU_017731,54.563339295505
STU_017732,80.40467790767309
STU_017733,62.92905525781309
STU_017734,69.50638492411653
STU_017735,62.25611519545934
STU_017736,71.12315986475608
STU_017737,62.17624506527745
STU_017738,93.81753986100084
STU_017739,86.45541116930252
STU_017740,76.46439241253309
STU_017741,87.24821583791481
STU_017742,83.8338871875863
STU_017743,86.48858895954714
STU_017744,85.77015279109227
STU_017745,86.35247683180572
STU_017746,83.25143834501468
STU_017747,68.53241536491011
STU_017748,66.81410895113909
STU_017749,63.406212328578306
STU_017750,83.41089846331894
STU_017751,80.85663121577984
STU_017752,79.41633678635502
STU_017753,97.62381255112508
STU_017754,90.37223030108493
STU_017755,87.86763200558575
STU_017756,82.19685612532078
STU_017757,49.699780994710935
STU_017758,63.49551861457239
STU_017759,78.82277280221469
STU_017760,96.04279177668138
STU_017761,63.068946082182755
STU_017762,99.95075607299805
STU_017763,94.75958563432971
STU_017764,51.2122763623887
STU_017765,91.1465694140899
STU_017766,77.08489668149639
STU_017767,61.71313470690921
STU_017768,61.680574266390074
STU_017769,88.96000372310449
STU_017770,77.18948223622206
STU_017771,54.34144353393373
STU_017772,71.75068609876902
STU_017773,57.62170894004183
STU_017774,99.89424705505371
STU_017775,79.57073548741444
STU_017776,89.6748483698936
STU_017777,80.50685849701213
STU_017778,81.6755484752042
STU_017779,52.38738271006304
STU_017780,70.38545975811337
STU_017781,80.57112770602276
STU_017782,75.32128785337115
STU_017783,66.97794684004052
STU_017784,77.10175842245478
STU_017785,90.27362345724421
STU_017786,75.83543451886686
STU_017787,85.03244382741187
STU_017788,76.12129024281984
STU_017789,86.17368072380964
STU_017790,56.6223345800912
STU_017791,92.42584576803901
STU_017792,66.31931109212478
STU_017793,70.100615236704
STU_017794,65.60825122292435
STU_017795,69.9973512273217
STU_017796,79.96855674241331
STU_017797,89.29098935930443
STU_017798,94.12234744406427
STU_017799,99.93099682823738
STU_017800,88.03479820038126
STU_017801,73.91183387356155
STU_017802,95.78605081182002
STU_017803,65.01107323652325
STU_017804,78.43127016149573
STU_017805,72.00367869918854
STU_017806,66.10575757930604
STU_017807,95.28170327042781
STU_017808,65.84607778670053
STU_017809,89.09352621215042
STU_017810,99.80995384718992
STU_017811,71.83318453925295
STU_017812,81.49531206742779
STU_017813,81.12170856537205
STU_017814,65.31373751632466
STU_017815,64.42283751330997
STU_017816,58.248489374067255
STU_017817,53.32166511615876
STU_017818,92.6573724784625
STU_017819,88.51888097209034
STU_017820,84.61771924767021
STU_017821,72.88946823263908
STU_017822,91.30614368715484
STU_017823,95.24756604602871
STU_017824,54.479711331389765
STU_017825,76.83385862955336
STU_017826,82.73335496294293
STU_017827,87.3938954965326
STU_017828,56.981384896162744
STU_017829,64.72924300205015
STU_017830,65.92213208039362
STU_017831,88.60927250417537
STU_017832,85.78596918478272
STU_017833,56.07800952072806
STU_017834,78.6005723150769
STU_017835,67.24326729408118
STU_017836,79.79334748911644
STU_017837,67.30685187030177
STU_017838,65.03985426956427
STU_017839,94.2132807143895
STU_017840,70.88352227933554
STU_017841,95.74969131049036
STU_017842,79.27841712695519
STU_017843,84.34673696003648
STU_017844,64.74431030820132
STU_017845,96.70351886274543
STU_017846,91.90867294180141
STU_017847,47.45595492615273
STU_017848,62.5071564552038
STU_017849,55.7128596582574
STU_017850,68.3257925442013
STU_017851,60.09943268365336
STU_017852,88.44236959878087
STU_017853,74.93761226625128
STU_017854,98.55392120522282
STU_017855,48.07911142640776
STU_017856,81.86359112934778
STU_017857,82.21052190329169
STU_017858,77.66692463544531
STU_017859,65.69128707250879
STU_017860,80.75041266992876
STU_017861,84.95662297223859
STU_017862,68.59259820961816
STU_017863,89.58124878825114
STU_017864,78.79918261800444
STU_017865,69.027480165344
STU_017866,78.72054990304797
STU_017867,63.841588267557086
STU_017868,97.26996532574836
STU_017869,62.572060393888805
STU_017870,81.64319974864954
STU_017871,97.6203669584761
STU_017872,71.2329838966935
STU_017873,94.34759540904184
STU_017874,79.57697977982204
STU_017875,72.5358801851668
STU_017876,68.62615317965415
STU_017877,50.05000993365921
STU_017878,92.83678025421038
STU_017879,54.375706112542375
STU_017880,93.73602670971829
STU_017881,71.77052279346887
STU_017882,73.05572999606534
STU_017883,93.3326449715941
STU_017884,61.81906677980629
STU_017885,66.95521827782166
STU_017886,79.60440631805433
STU_017887,53.85798391711779
STU_017888,63.96439806872998
STU_017889,99.93580293655396
STU_017890,99.86915574338376
STU_017891,77.43618261153819
STU_017892,52.25438144822589
STU_017893,83.4130220672213
STU_017894,61.814774319742156
STU_017895,69.08146387318796
STU_017896,77.04457155595378
STU_017897,60.943148060852096
STU_017898,85.43607102972302
STU_017899,81.34232025769185
STU_017900,70.71943168940462
STU_017901,90.99322323690336
STU_017902,66.55430652639187
STU_017903,70.95558716280968
STU_017904,79.98694479945047
STU_017905,76.28224223826813
STU_017906,71.42189439664581
STU_017907,76.30245929557168
STU_017908,68.22006145919528
STU_017909,70.5815173407627
STU_017910,71.62741957974642
STU_017911,58.26183599228384
STU_017912,94.55313287371834
STU_017913,90.72118123411838
STU_017914,66.44553774431748
STU_017915,71.67494565408066
STU_017916,77.40699632854582
STU_017917,81.294417462227
STU_017918,81.60864614235274
STU_017919,89.95248364719419
STU_017920,80.05585064228843
STU_017921,83.1395069123326
STU_017922,76.82458126548104
STU_017923,67.25921628272167
STU_017924,74.26062951829218
STU_017925,69.59878637763265
STU_017926,75.29411182006525
STU_017927,99.6340856353533
STU_017928,85.07590039772052
STU_017929,87.47927775591455
STU_017930,77.734432456807
STU_017931,61.46506290227862
STU_017932,98.8145502966216
STU_017933,97.77308154304924
STU_017934,91.51274905963257
STU_017935,81.26340948369887
STU_017936,54.91120082355167
STU_017937,83.76442412063193
STU_017938,64.3348372682546
STU_017939,89.9896901497977
STU_017940,75.67633486074229
STU_017941,69.30717021200931
STU_017942,70.81054364684124
STU_017943,53.9916984127364
STU_017944,64.05900151401651
STU_017945,88.32164328551076
STU_017946,61.30285468570804
STU_017947,59.74719361892555
STU_017948,77.74716737519742
STU_017949,55.65131060186414
STU_017950,54.654126694985955
STU_017951,65.48271047565832
STU_017952,93.09586218281248
STU_017953,72.65167656007254
STU_017954,99.71408355929367
STU_017955,66.11194147618056
STU_017956,70.9455408768907
STU_017957,65.68213076347375
STU_017958,48.152035541215355
STU_017959,86.351608756985
STU_017960,82.1711701075651
STU_017961,91.5403504692654
STU_017962,58.66753233815807
STU_017963,62.19974492993883
STU_017964,47.899099348815554
STU_017965,97.40021504132383
STU_017966,75.24293189660663
STU_017967,77.75850536761763
STU_017968,98.36679540011065
STU_017969,76.3403018831219
STU_017970,50.82020239284812
STU_017971,57.603799781227764
STU_017972,70.19884480849666
STU_017973,66.50624178032561
STU_017974,82.61488593338723
STU_017975,63.659434638845255
STU_017976,68.94709963004854
STU_017977,90.93144710673923
STU_017978,66.53128430035777
STU_017979,71.33862567891407
STU_017980,60.191700241861426
STU_017981,96.5964643823649
STU_017982,68.44849945583044
STU_017983,81.4713367831555
STU_017984,69.37351797156714
STU_017985,64.51955049881929
STU_017986,66.24852244505745
STU_017987,80.53593210592398
STU_017988,61.542255323288316
STU_017989,77.01821388678323
STU_017990,72.64079628807234
STU_017991,78.96879033700536
STU_017992,46.711366178208195
STU_017993,99.47495670023343
STU_017994,88.5795617840675
STU_017995,76.63060999921896
STU_017996,59.00065643614519
STU_017997,75.84586043064934
STU_017998,85.7739389753144
STU_017999,87.82565129093446
STU_018000,96.24434251190334
STU_018001,77.04780075594373
STU_018002,51.099982097468256
STU_018003,72.53470405654953
STU_018004,76.78060001257234
STU_018005,75.88174066944885
STU_018006,69.0098346868656
STU_018007,98.94520124960317
STU_018008,91.3757354470279
STU_018009,84.59679183605158
STU_018010,81.73747891074079
STU_018011,87.02334745137571
STU_018012,70.97658641991885
STU_018013,84.0220483822695
STU_018014,70.55805546928131
STU_018015,78.11407416885726
STU_018016,79.67599999489734
STU_018017,79.30145373435187
STU_018018,96.88494786524785
STU_018019,63.60252004173009
STU_018020,77.56768367672132
STU_018021,66.95863812737367
STU_018022,94.0462730355297
STU_018023,83.43357882230492
STU_018024,44.32409490949686
STU_018025,77.53308112859082
STU_018026,71.12423710526035
STU_018027,83.13410684294952
STU_018028,99.52045126634448
STU_018029,71.30008442557846
STU_018030,89.07678412413932
STU_018031,89.650582289026
STU_018032,69.34826203059842
STU_018033,91.23666670708329
STU_018034,74.39360079148693
STU_018035,94.60919195103239
STU_018036,76.441536513106
STU_018037,41.86185004860558
STU_018038,65.42572916106262
STU_018039,83.69389878889731
STU_018040,75.53740270921338
STU_018041,64.47567742600481
STU_018042,64.50734702363388
STU_018043,88.92882850843277
STU_018044,77.51083661528227
STU_018045,75.39526912444975
STU_018046,84.56113150128053
STU_018047,53.97442212964424
STU_018048,98.53695306936211
STU_018049,86.77567164310882
STU_018050,85.04513410963924
STU_018051,61.46899527426554
STU_018052,65.27183928024273
STU_018053,67.61684698889486
STU_018054,43.83163067247434
STU_018055,99.8891248703003
STU_018056,37.98869551064841
STU_018057,63.376669779414094
STU_018058,92.70724280581206
STU_018059,95.80138455403494
STU_018060,62.29917945016322
STU_018061,77.62606200289264
STU_018062,84.33901099613922
STU_018063,72.6247729799536
STU_018064,84.68623318958265
STU_018065,86.5626644820371
STU_018066,93.05196493379762
STU_018067,89.88000875446376
STU_018068,80.27713275578208
STU_018069,78.28885950180359
STU_018070,81.05714091810584
STU_018071,96.3327842549694
STU_018072,81.82356886541046
STU_018073,58.11648433367171
STU_018074,74.8767342928195
STU_018075,71.28046514206349
STU_018076,66.1184150884866
STU_018077,53.15324847649026
STU_018078,71.57572541578651
STU_018079,81.44727214612439
STU_018080,89.41300430987818
STU_018081,74.7609409272992
STU_018082,79.64100272424855
STU_018083,96.07360245246744
STU_018084,64.80507977351722
STU_018085,71.66045862482241
STU_018086,87.0038472365842
STU_018087,74.29976400897243
STU_018088,62.76757979422922
STU_018089,56.46446185597074
STU_018090,65.8352430445949
STU_018091,80.63661716056967
STU_018092,70.87155591517138
STU_018093,67.01247290060725
STU_018094,74.58355693341221
STU_018095,79.41951723031599
STU_018096,56.306030348958984
STU_018097,88.514710145447
STU_018098,64.61715259025081
STU_018099,72.97206663269213
STU_018100,90.32973704696025
STU_018101,79.45993740466136
STU_018102,55.03341852312329
STU_018103,97.7292956789949
STU_018104,59.26497555384684
STU_018105,58.53074545013263
STU_018106,72.94391763734127
STU_018107,76.68745173527955
STU_018108,72.63785059052175
STU_018109,86.95959514492046
STU_018110,77.06365026368795
STU_018111,77.63082245409136
STU_018112,67.82593257105077
STU_018113,57.44380752258061
STU_018114,90.37778172648599
STU_018115,73.3915190747831
STU_018116,63.709856806833535
STU_018117,85.21881837932037
STU_018118,72.9015348246011
STU_018119,97.00133558001369
STU_018120,62.68857071565999
STU_018121,98.36008048206712
STU_018122,79.12285860022828
STU_018123,73.06288373569947
STU_018124,82.07606486327194
STU_018125,68.93103219503811
STU_018126,48.1891596353251
STU_018127,67.56338017971943
STU_018128,48.71172070843988
STU_018129,82.22089190312816
STU_018130,92.89308766705113
STU_018131,73.58165649054777
STU_018132,99.30061456948751
STU_018133,78.70542601370533
STU_018134,99.95135498046875
STU_018135,99.91426658630371
STU_018136,48.1568946756461
STU_018137,65.09561295531336
STU_018138,95.68824279293166
STU_018139,77.80442373503224
STU_018140,48.75180883312676
STU_018141,68.74884326402625
STU_018142,81.05041662232229
STU_018143,57.52403049329608
STU_018144,57.529407277809874
STU_018145,75.11100583015576
STU_018146,52.38926410315829
STU_018147,86.96411623271389
STU_018148,76.28454310178272
STU_018149,62.72226434990594
STU_018150,81.2582993897056
STU_018151,67.667970323288
STU_018152,56.67469835956597
STU_018153,83.18735035105146
STU_018154,65.36955811236788
STU_018155,92.09341742792523
STU_018156,99.38816188581896
STU_018157,50.09651895059597
STU_018158,64.09137878455455
STU_018159,69.23076737383354
STU_018160,64.36961385716594
STU_018161,85.54588820333747
STU_018162,63.64111552179944
STU_018163,98.94930572691128
STU_018164,73.71482096938921
STU_018165,54.29205322526275
STU_018166,80.86841832782932
STU_018167,73.22119961375336
STU_018168,80.84409008915925
STU_018169,65.31453001316318
STU_018170,47.40549950564055
STU_018171,64.4922712594985
STU_018172,83.67325164020568
STU_018173,68.55934269005779
STU_018174,83.47105700067262
STU_018175,75.08583330763578
STU_018176,80.45073694772182
STU_018177,75.89367646264903
STU_018178,73.33018810036913
STU_018179,66.91460673026288
STU_018180,93.22744582734452
STU_018181,76.11740789591734
STU_018182,74.69280725758115
STU_018183,76.06394496993698
STU_018184,61.055656243829596
STU_018185,62.203311174075665
STU_018186,93.11137665306484
STU_018187,61.85036189783088
STU_018188,88.7437486792434
STU_018189,74.9818734170241
STU_018190,66.82726892420172
STU_018191,79.65682391936711
STU_018192,75.21319123172105
STU_018193,76.77853527809849
STU_018194,74.10543462926931
STU_018195,82.55860241560063
STU_018196,56.540055051841215
STU_018197,91.12792095023973
STU_018198,77.59961951089828
STU_018199,75.10727681549339
STU_018200,86.74520561976738
STU_018201,70.83971569310653
STU_018202,42.622392010215805
STU_018203,79.0583883715215
STU_018204,75.15219599059576
STU_018205,68.27163780863432
STU_018206,71.15571831070696
STU_018207,78.92983774346357
STU_018208,79.58075880571528
STU_018209,56.734015595518684
STU_018210,84.89463201201187
STU_018211,99.74276599747878
STU_018212,71.22539233173495
STU_018213,53.619254558465464
STU_018214,80.09784587771739
STU_018215,75.47405192638652
STU_018216,77.79107059599589
STU_018217,56.243321584006196
STU_018218,73.95699050431183
STU_018219,85.94316239797493
STU_018220,79.84974576693315
STU_018221,95.79162998151162
STU_018222,89.1785211307999
STU_018223,83.99818664334536
STU_018224,84.80380194218883
STU_018225,73.02566204499321
STU_018226,78.72651392177407
STU_018227,74.92649140834283
STU_018228,80.73066538606183
STU_018229,72.6301370985434
STU_018230,84.23777267384375
STU_018231,73.37700906493663
STU_018232,61.68367461551016
STU_018233,60.90237491378647
STU_018234,93.53673202542345
STU_018235,81.27335527340446
STU_018236,99.24581629937856
STU_018237,55.65519041591317
STU_018238,69.30332522339243
STU_018239,88.88430076311693
STU_018240,56.48928314825578
STU_018241,92.53100368635576
STU_018242,72.19096904187215
STU_018243,79.44995492974698
STU_018244,94.64088812088212
STU_018245,68.94538525121067
STU_018246,72.19644638432834
STU_018247,55.20052625192953
STU_018248,76.18379308759157
STU_018249,70.72760660482041
STU_018250,71.74036340936456
STU_018251,70.76825369693017
STU_018252,92.2829077072413
STU_018253,54.613640673490934
STU_018254,87.65267483547905
STU_018255,74.7245755621571
STU_018256,92.42966520104649
STU_018257,76.934899784385
STU_018258,82.30503679465419
STU_018259,84.35761252054886
STU_018260,84.36789728196679
STU_018261,72.93491794209629
STU_018262,55.402781268602
STU_018263,78.7843864218568
STU_018264,79.34133265801842
STU_018265,79.5398265447042
STU_018266,88.03634560646604
STU_018267,71.753086943632
STU_018268,80.64874675591949
STU_018269,66.31946466820739
STU_018270,65.23447970101353
STU_018271,69.25631179693178
STU_018272,46.44957712692144
STU_018273,98.20272141858996
STU_018274,64.76269269593584
STU_018275,87.7649757650438
STU_018276,85.31314918374227
STU_018277,83.53339311253595
STU_018278,77.12990218671902
STU_018279,53.44933559262554
STU_018280,84.03946721638444
STU_018281,98.06656988522846
STU_018282,72.40237508548793
STU_018283,60.754221194468066
STU_018284,69.78438596780089
STU_018285,92.37586565529662
STU_018286,65.94276620897047
STU_018287,91.83990573432098
STU_018288,65.36135500524047
STU_018289,88.51171651511565
STU_018290,68.22604149147901
STU_018291,71.46244709931612
STU_018292,80.80492261394426
STU_018293,75.38093338694209
STU_018294,83.41200174294491
STU_018295,49.17303579126725
STU_018296,88.44888053374592
STU_018297,77.43113018991046
STU_018298,98.79619403338693
STU_018299,61.13749266335397
STU_018300,84.26042399252832
STU_018301,61.41913215393511
STU_018302,66.87273338449887
STU_018303,99.22226462625281
STU_018304,62.3073426825269
STU_018305,56.00185149251387
STU_018306,60.13398588242409
STU_018307,76.14526791084968
STU_018308,84.4176831462704
STU_018309,68.44092709852036
STU_018310,92.0193013103287
STU_018311,67.1926531408862
STU_018312,71.32630887332401
STU_018313,84.65971180927727
STU_018314,68.58908836698046
STU_018315,96.28011990339093
STU_018316,71.42956754251597
STU_018317,90.96116531418556
STU_018318,57.14080446892156
STU_018319,57.735105812966566
STU_018320,86.9773983693689
STU_018321,90.00647829831652
STU_018322,76.25836330630877
STU_018323,99.96068859100342
STU_018324,57.25403230679373
STU_018325,78.55998551839802
STU_018326,76.29488793079689
STU_018327,84.34058540058548
STU_018328,72.21574904741149
STU_018329,71.71214814071982
STU_018330,48.35674922929096
STU_018331,85.01520517243378
STU_018332,92.6115283713458
STU_018333,59.54260427672996
STU_018334,86.92256399140928
STU_018335,56.40479210691893
STU_018336,77.62566399135684
STU_018337,68.88412214439234
STU_018338,69.82261170184938
STU_018339,83.01137876751432
STU_018340,87.36243647035323
STU_018341,65.11541137163029
STU_018342,59.52062597599499
STU_018343,59.50333900589281
STU_018344,86.28429039718085
STU_018345,71.38018506782367
STU_018346,69.81204445721471
STU_018347,73.1370872153009
STU_018348,99.24973871980367
STU_018349,78.64000025125335
STU_018350,85.00065023548257
STU_018351,76.5938665415931
STU_018352,86.97470743460602
STU_018353,81.60353101656125
STU_018354,98.73446322054014
STU_018355,69.81440414034822
STU_018356,72.08003555009564
STU_018357,68.9258573219014
STU_018358,77.99736976312937
STU_018359,99.71771335601807
STU_018360,91.55672474490197
STU_018361,46.29709079821214
STU_018362,71.07087137469293
STU_018363,45.67979559356165
STU_018364,91.74179573854083
STU_018365,93.45166728226968
STU_018366,59.82923023154068
STU_018367,81.56368382083252
STU_018368,64.19626892441825
STU_018369,82.31427142541504
STU_018370,57.610053820305836
STU_018371,87.95311453532476
STU_018372,87.54902983590753
STU_018373,59.58622748260001
STU_018374,73.9564648769658
STU_018375,67.51946938129622
STU_018376,80.67513560925545
STU_018377,90.44689909440326
STU_018378,93.77948580046044
STU_018379,51.387630875046064
STU_018380,83.38894255051454
STU_018381,72.22208826672447
STU_018382,91.12276656175152
STU_018383,88.51779675816476
STU_018384,63.793249375080705
STU_018385,97.18446492430036
STU_018386,75.9677765467493
STU_018387,84.34756093740504
STU_018388,96.2439917678946
STU_018389,62.1812876237018
STU_018390,53.02418246001362
STU_018391,75.79446094798715
STU_018392,99.88161754608154
STU_018393,76.97271332618003
STU_018394,80.15114682109527
STU_018395,76.9978293395687
STU_018396,61.39854254435781
STU_018397,68.30353256289415
STU_018398,82.1154290110603
STU_018399,99.85306882858276
STU_018400,70.99659066099802
STU_018401,83.41984365776702
STU_018402,76.73739383152702
STU_018403,89.60745345184543
STU_018404,86.43301801779853
STU_018405,86.4379356524583
STU_018406,66.63162963896721
STU_018407,99.01396065166558
STU_018408,87.1082066049474
STU_018409,59.548559208378265
STU_018410,93.86658290174142
STU_018411,72.88203382263912
STU_018412,74.02060855768138
STU_018413,95.1453136306718
STU_018414,99.574675989151
STU_018415,73.18172545796232
STU_018416,81.86227585492719
STU_018417,60.182194264324394
STU_018418,95.6607168366229
STU_018419,77.63645452576819
STU_018420,88.94183668594843
STU_018421,93.01363217145027
STU_018422,90.36400742254362
STU_018423,82.66071239206082
STU_018424,58.090007087989974
STU_018425,95.44333371879519
STU_018426,77.05274858733709
STU_018427,81.8461183623329
STU_018428,72.93388103777781
STU_018429,94.13472074404112
STU_018430,62.05550841433593
STU_018431,79.84752339629833
STU_018432,95.4781495839602
STU_018433,70.83968091707891
STU_018434,77.86588071851739
STU_018435,67.15343997909204
STU_018436,75.68790301099729
STU_018437,87.86386289203593
STU_018438,64.7747882023112
STU_018439,99.91975402832031
STU_018440,78.6749651803453
STU_018441,72.2244833251817
STU_018442,77.26884090796977
STU_018443,58.91412353641304
STU_018444,68.76916974864068
STU_018445,94.76159237143068
STU_018446,79.38699858805515
STU_018447,94.01558901045769
STU_018448,65.8598922426541
STU_018449,97.90402619808194
STU_018450,69.7124923456458
STU_018451,70.03932075875389
STU_018452,57.02962692402433
STU_018453,67.19959708563569
STU_018454,52.29431993856803
STU_018455,51.61424901181461
STU_018456,74.24680648986902
STU_018457,58.047989580358994
STU_018458,73.94401719640476
STU_018459,59.59789931026227
STU_018460,68.89468936279818
STU_018461,94.48731579703806
STU_018462,53.84388968242765
STU_018463,79.24649498146063
STU_018464,64.39126020599988
STU_018465,80.26640421354159
STU_018466,60.250355286669304
STU_018467,86.81970971696701
STU_018468,74.48142842356916
STU_018469,78.34379875172252
STU_018470,88.97913370774208
STU_018471,86.07219744448008
STU_018472,59.64672718026499
STU_018473,80.96318071231049
STU_018474,88.4389806852212
STU_018475,76.0175129140729
STU_018476,77.52392009873364
STU_018477,44.283084011638536
STU_018478,99.86278994083405
STU_018479,91.46396382700533
STU_018480,85.9842531901653
STU_018481,71.68341365496161
STU_018482,62.964498459196385
STU_018483,90.99144131314884
STU_018484,87.3966434663998
STU_018485,67.35213522626242
STU_018486,73.88017957849962
STU_018487,58.597408104462
STU_018488,77.70887878329371
STU_018489,58.0763619555384
STU_018490,72.06254579773741
STU_018491,83.28428202182937
STU_018492,74.2777025889281
STU_018493,85.56600276991114
STU_018494,79.03212466742261
STU_018495,84.60442756302393
STU_018496,67.60892241357422
STU_018497,92.47879793880331
STU_018498,68.29648586130253
STU_018499,68.05645553578282
STU_018500,77.05666802675745
STU_018501,99.88323485851288
STU_018502,68.52863528186847
STU_018503,46.15132087138184
STU_018504,99.57450716683513
STU_018505,71.76000555829876
STU_018506,81.43082805804494
STU_018507,73.80384089239452
STU_018508,80.97656634833551
STU_018509,57.84417553538765
STU_018510,82.94264441416395
STU_018511,75.22409282361605
STU_018512,82.70040900666129
STU_018513,79.0512941990192
STU_018514,61.684782023244885
STU_018515,65.15974717714316
STU_018516,61.36175239303745
STU_018517,83.90689872760842
STU_018518,59.20009652605157
STU_018519,56.456266863901874
STU_018520,91.33726564912607
STU_018521,74.19926310862951
STU_018522,84.64039326569954
STU_018523,83.89314386001743
STU_018524,91.57779491644133
STU_018525,73.71195021301197
STU_018526,60.02201037512807
STU_018527,87.64805715035146
STU_018528,87.46299978161109
STU_018529,75.15748747715568
STU_018530,75.29896877007187
STU_018531,85.437842622908
STU_018532,66.55137422794732
STU_018533,68.50615010593137
STU_018534,61.66483608076055
STU_018535,90.2764403019473
STU_018536,99.9168176651001
STU_018537,82.92346716415486
STU_018538,73.54702345572443
STU_018539,58.27793064175543
STU_018540,78.4133665859188
STU_018541,67.17531590996518
STU_018542,94.51894325202306
STU_018543,71.2560010970781
STU_018544,75.73292513090801
STU_018545,69.9292972233816
STU_018546,95.52380963389933
STU_018547,73.26527417523968
STU_018548,91.81491160493158
STU_018549,86.16292265506866
STU_018550,79.7419234862196
STU_018551,73.25521026448155
STU_018552,63.02145718439813
STU_018553,65.48281732596598
STU_018554,62.00524412272188
STU_018555,59.15274280019699
STU_018556,81.60095649191416
STU_018557,61.19836422007102
STU_018558,65.12168142997238
STU_018559,67.66335680132165
STU_018560,77.04969743480689
STU_018561,78.01326919136599
STU_018562,81.89017316656131
STU_018563,76.16742701611639
STU_018564,82.86920635069413
STU_018565,62.51564721342828
STU_018566,67.11108294801105
STU_018567,91.23464178769069
STU_018568,82.55375574771926
STU_018569,82.48405052104806
STU_018570,71.20957036788317
STU_018571,87.58724219443954
STU_018572,60.68495543796237
STU_018573,85.45871997373133
STU_018574,74.13879594613451
STU_018575,70.64032794901759
STU_018576,75.78658809597988
STU_018577,67.87932251978386
STU_018578,80.08090172805693
STU_018579,51.78749397652875
STU_018580,99.4972783343855
STU_018581,70.95935258973482
STU_018582,79.56269306700786
STU_018583,95.39680231283646
STU_018584,84.59135322289865
STU_018585,69.12622356650978
STU_018586,92.36093306878382
STU_018587,95.12650323638425
STU_018588,51.71224478343825
STU_018589,83.2594781624953
STU_018590,73.30304848944121
STU_018591,89.55024129104973
STU_018592,42.71471525462762
STU_018593,84.62683270465452
STU_018594,65.00700237004236
STU_018595,73.85216959164087
STU_018596,60.58808216117272
STU_018597,73.37092676506484
STU_018598,64.78456258152582
STU_018599,57.88121886593846
STU_018600,84.20384896825007
STU_018601,65.48321937458788
STU_018602,69.71602538407853
STU_018603,70.47647789990398
STU_018604,75.31968446061217
STU_018605,45.2666293929811
STU_018606,69.93980260662912
STU_018607,90.67299034189367
STU_018608,92.92059041770017
STU_018609,86.84624004138692
STU_018610,99.91466903686523
STU_018611,65.89734141613351
STU_018612,74.77270259474284
STU_018613,82.68754851767835
STU_018614,74.70884008051151
STU_018615,54.636277255332615
STU_018616,82.01310601550983
STU_018617,70.83050565873856
STU_018618,62.88525862918992
STU_018619,71.15545012185459
STU_018620,91.09870140801056
STU_018621,57.713304542248075
STU_018622,78.36995611396105
STU_018623,71.26218053885957
STU_018624,77.95588770193925
STU_018625,84.13662575206332
STU_018626,69.29058084512494
STU_018627,71.62140396962869
STU_018628,62.76491105558218
STU_018629,70.03993898915186
STU_018630,62.160135534417186
STU_018631,92.30419950463761
STU_018632,91.7145179548504
STU_018633,69.69856349425893
STU_018634,63.07017520709371
STU_018635,70.8749322163915
STU_018636,79.4949787237347
STU_018637,68.50447338278828
STU_018638,99.67767239842814
STU_018639,90.96943519775103
STU_018640,72.84617834548467
STU_018641,54.50618810036791
STU_018642,81.14734855968777
STU_018643,65.11194770272988
STU_018644,63.254595245891245
STU_018645,94.86743925438165
STU_018646,65.81224807895602
STU_018647,99.37970346384019
STU_018648,53.42897467951694
STU_018649,56.49512431667485
STU_018650,74.71139752749339
STU_018651,63.88835926693929
STU_018652,87.88943446829795
STU_018653,81.33544725042213
STU_018654,80.79484856365855
STU_018655,66.27715450753678
STU_018656,69.92713413306484
STU_018657,89.53152395217474
STU_018658,80.11406340394078
STU_018659,82.20865070231987
STU_018660,73.76718946452709
STU_018661,55.74443143690064
STU_018662,65.15118894849678
STU_018663,77.70788519177931
STU_018664,45.27847307986383
STU_018665,66.52971561556268
STU_018666,63.11696002988752
STU_018667,66.12202110074055
STU_018668,48.595132148944174
STU_018669,76.09281135903733
STU_018670,72.92758240246033
STU_018671,60.50067065533527
STU_018672,79.80983057792882
STU_018673,59.182957521092646
STU_018674,66.45721655367566
STU_018675,75.15391728104748
STU_018676,66.9799859298904
STU_018677,68.30988904834408
STU_018678,88.22843467402159
STU_018679,87.17617778132485
STU_018680,60.28120360674342
STU_018681,82.48951161520799
STU_018682,90.37205516898179
STU_018683,74.56122249217592
STU_018684,86.14004940870421
STU_018685,70.93925072093052
STU_018686,85.59268256763674
STU_018687,75.98858494870046
STU_018688,68.28474203210624
STU_018689,85.7665598730708
STU_018690,71.19235629459021
STU_018691,67.51722518375406
STU_018692,74.71340032283004
STU_018693,72.26324443703794
STU_018694,85.76218899623203
STU_018695,78.88372692145137
STU_018696,68.84004755865156
STU_018697,80.35501341136954
STU_018698,91.64984534268356
STU_018699,62.42610202717074
STU_018700,99.98000621795654
STU_018701,70.02083379554983
STU_018702,83.12816834939878
STU_018703,71.94850369474099
STU_018704,89.92933121375884
STU_018705,72.09303835826732
STU_018706,91.85665590933056
STU_018707,65.37358392634397
STU_018708,69.73953003499751
STU_018709,96.90739403176508
STU_018710,81.06278133297074
STU_018711,59.68742374170291
STU_018712,92.43045407757518
STU_018713,70.35834781625692
STU_018714,77.21097343187978
STU_018715,99.32108523473055
STU_018716,67.14398157201342
STU_018717,73.72820781356441
STU_018718,62.96398368492635
STU_018719,84.04086921897158
STU_018720,75.08220242166205
STU_018721,90.7932565823317
STU_018722,56.711000618782734
STU_018723,59.824620580088805
STU_018724,69.3910469432741
STU_018725,78.62678171886192
STU_018726,70.70369321366357
STU_018727,85.64664942174353
STU_018728,75.49631623050242
STU_018729,92.03989989387094
STU_018730,84.53283866330416
STU_018731,63.75436638073195
STU_018732,75.51651805434406
STU_018733,93.32813764607731
STU_018734,75.03004160793668
STU_018735,76.7880745238195
STU_018736,60.880078222420664
STU_018737,75.1123463010162
STU_018738,74.02487731120019
STU_018739,78.07325528068746
STU_018740,68.56801304947433
STU_018741,48.117294448625536
STU_018742,96.80974573492796
STU_018743,62.084648651035316
STU_018744,99.7875596523285
STU_018745,76.88600364180482
STU_018746,67.4823103825386
STU_018747,90.15062508802731
STU_018748,54.04114715339098
STU_018749,56.78094301928249
STU_018750,85.07660779369489
STU_018751,87.54613074771632
STU_018752,57.95448350608827
STU_018753,60.960644256764766
STU_018754,92.6924370735452
STU_018755,90.01291734751858
STU_018756,70.27523368453473
STU_018757,88.65976455251453
STU_018758,89.73483216678237
STU_018759,94.54068182604846
STU_018760,70.26158682216925
STU_018761,71.70473636152047
STU_018762,80.54548276783598
STU_018763,65.15038313848639
STU_018764,83.12619408326727
STU_018765,77.8972848767177
STU_018766,64.38926651109523
STU_018767,84.19488065798794
STU_018768,74.94577843209493
STU_018769,51.05911946901017
STU_018770,84.33292441791001
STU_018771,68.93827226932667
STU_018772,92.84029714646064
STU_018773,78.2707892270648
STU_018774,61.91875537870301
STU_018775,81.94658447399732
STU_018776,86.1618975706056
STU_018777,52.49199034094134
STU_018778,99.49054938678597
STU_018779,91.62624816450696
STU_018780,62.08324163002887
STU_018781,93.50529935773933
STU_018782,97.47402990221303
STU_018783,82.88164463145151
STU_018784,79.11820219538022
STU_018785,83.35833087945934
STU_018786,76.70314269172145
STU_018787,55.55193341965699
STU_018788,66.21913114823622
STU_018789,73.67264936824293
STU_018790,89.91591875740404
STU_018791,72.59695244444481
STU_018792,61.16115758594218
STU_018793,63.20424033534667
STU_018794,62.33154193345094
STU_018795,96.66717181764402
STU_018796,56.556373745139304
STU_018797,64.23287777071543
STU_018798,64.19732173177565
STU_018799,82.06690304558647
STU_018800,86.12969133025408
STU_018801,85.22258583449951
STU_018802,67.39534441225345
STU_018803,67.95243669126182
STU_018804,55.87713704161111
STU_018805,65.12477120943669
STU_018806,82.20106388813744
STU_018807,75.50600290066589
STU_018808,62.06756791297866
STU_018809,85.78905471842808
STU_018810,80.61371904871031
STU_018811,51.885206846500736
STU_018812,83.60687666442234
STU_018813,71.16871063467721
STU_018814,45.18120559521261
STU_018815,84.71422333682708
STU_018816,66.72815051654244
STU_018817,68.19508908258423
STU_018818,87.22245890547455
STU_018819,70.28961701757541
STU_018820,91.15593818843699
STU_018821,81.2982687617265
STU_018822,75.608578621129
STU_018823,97.85274422363679
STU_018824,65.7465273671655
STU_018825,73.51051036667715
STU_018826,70.40457376999854
STU_018827,73.01990287654968
STU_018828,69.40994401944059
STU_018829,57.39871156895231
STU_018830,86.35214710675882
STU_018831,89.40955124985258
STU_018832,82.77042650705192
STU_018833,59.912716393301814
STU_018834,53.45076382784619
STU_018835,63.95924411157715
STU_018836,82.29896583763428
STU_018837,71.9399562741818
STU_018838,62.55837441308568
STU_018839,87.15135464718504
STU_018840,84.03072835784388
STU_018841,89.27726521336282
STU_018842,77.0317246840864
STU_018843,75.97885893371064
STU_018844,70.16058856551007
STU_018845,80.97880473657037
STU_018846,99.4282976768296
STU_018847,98.49875371141803
STU_018848,78.25801613518962
STU_018849,69.20797620232426
STU_018850,74.71574575102045
STU_018851,61.97710245547094
STU_018852,54.922634192723024
STU_018853,63.61265679618107
STU_018854,72.448720615379
STU_018855,77.57780595498235
STU_018856,63.43142594984079
STU_018857,88.27079729999944
STU_018858,82.77639030576091
STU_018859,95.50468039789257
STU_018860,72.0980931902952
STU_018861,76.09609417455789
STU_018862,95.60944836616306
STU_018863,68.41555552309005
STU_018864,62.08151674690312
STU_018865,77.82681576858317
STU_018866,75.19488606372694
STU_018867,65.93172025490493
STU_018868,78.84039494843134
STU_018869,74.09357096453186
STU_018870,88.93522161361258
STU_018871,97.4202194579245
STU_018872,82.30145053390092
STU_018873,73.20999624065358
STU_018874,87.16569262918804
STU_018875,99.03826583854136
STU_018876,66.44230320923167
STU_018877,60.73137979230613
STU_018878,94.07334427523045
STU_018879,84.77807518018375
STU_018880,77.44877529687909
STU_018881,64.2723369140051
STU_018882,72.9340495739798
STU_018883,73.57026875591686
STU_018884,92.65694855406906
STU_018885,57.342631010412866
STU_018886,89.57968566552266
STU_018887,66.05253121828892
STU_018888,90.03746553440665
STU_018889,59.830980693766314
STU_018890,44.93630236156248
STU_018891,73.50773508697092
STU_018892,79.28551133175156
STU_018893,81.92341733912063
STU_018894,98.99893729273595
STU_018895,76.27325219607116
STU_018896,85.8861178578247
STU_018897,71.90512080369243
STU_018898,67.56991303870308
STU_018899,68.52894750003341
STU_018900,74.3750068251704
STU_018901,81.51963350374035
STU_018902,95.89657241286884
STU_018903,87.72458172042381
STU_018904,78.72708608688023
STU_018905,65.83338241569754
STU_018906,79.4105326633872
STU_018907,73.54208300983852
STU_018908,69.8653760629918
STU_018909,77.4296933370793
STU_018910,69.78148993658601
STU_018911,58.091925749211434
STU_018912,85.35570883104705
STU_018913,67.01003748920843
STU_018914,70.54152874364175
STU_018915,79.92584103016296
STU_018916,61.34721803404882
STU_018917,83.50906384706005
STU_018918,91.61773782242967
STU_018919,78.678341767894
STU_018920,56.67783261351873
STU_018921,71.38948826646005
STU_018922,65.13416592190727
STU_018923,99.41157985162641
STU_018924,66.42694711635716
STU_018925,72.74353255395495
STU_018926,82.33134054123317
STU_018927,75.67102019155408
STU_018928,70.86593027194328
STU_018929,71.81730595404461
STU_018930,57.36341432920013
STU_018931,62.46014597147173
STU_018932,48.52963476043211
STU_018933,73.35615948451684
STU_018934,79.72130462897573
STU_018935,69.34554328452366
STU_018936,72.02676194347318
STU_018937,86.32008268608439
STU_018938,84.47570554559923
STU_018939,67.87763214548751
STU_018940,82.56061412484718
STU_018941,88.45664701454032
STU_018942,56.54461561561251
STU_018943,77.54136710575386
STU_018944,75.01690684370142
STU_018945,78.36026436329749
STU_018946,81.53408646163793
STU_018947,69.63926209713311
STU_018948,69.56901459122271
STU_018949,71.58432800096625
STU_018950,84.24664624546682
STU_018951,66.7871447514267
STU_018952,63.435211942068946
STU_018953,72.53550984908921
STU_018954,79.14535689136518
STU_018955,77.88224138197084
STU_018956,57.91582991107343
STU_018957,74.9736006874918
STU_018958,84.00962061080644
STU_018959,80.38313457041278
STU_018960,75.1824653798019
STU_018961,67.47399541797408
STU_018962,79.38130839428159
STU_018963,91.89037150202674
STU_018964,67.92012348560365
STU_018965,87.97640640585763
STU_018966,94.60969821794566
STU_018967,95.0597036453662
STU_018968,76.5410361034622
STU_018969,76.72526732761463
STU_018970,89.77129332958638
STU_018971,60.55860275056323
STU_018972,77.62706333426637
STU_018973,87.86792112580486
STU_018974,59.482026610139826
STU_018975,85.48363765781872
STU_018976,74.30197311839835
STU_018977,90.03919043010833
STU_018978,84.32659400144122
STU_018979,58.05227727105883
STU_018980,76.64481371339396
STU_018981,54.929163553389415
STU_018982,78.69661720698721
STU_018983,74.12553687321088
STU_018984,72.29745676920211
STU_018985,75.49797689142562
STU_018986,80.57657074616898
STU_018987,80.90697518083178
STU_018988,71.09387514932453
STU_018989,82.64754221407182
STU_018990,83.99438708224093
STU_018991,64.5879993877644
STU_018992,79.83042021545123
STU_018993,81.68265797917782
STU_018994,84.05310375000316
STU_018995,95.48220351069573
STU_018996,62.58497275033784
STU_018997,71.83864099752388
STU_018998,77.7885846526609
STU_018999,92.13637764169755
STU_019000,74.32707161522892
STU_019001,60.74291744147518
STU_019002,74.63927492728384
STU_019003,91.94437753588366
STU_019004,79.47024467380476
STU_019005,95.28137470210999
STU_019006,93.74464070970518
STU_019007,99.98021602630615
STU_019008,76.88676127969045
STU_019009,99.89070224761963
STU_019010,45.862408887011625
STU_019011,79.32308201838686
STU_019012,74.58362665694514
STU_019013,57.98241410683563
STU_019014,99.97864294052124
STU_019015,51.50925530794264
STU_019016,63.551633686547405
STU_019017,96.612623549339
STU_019018,72.843107027303
STU_019019,72.79077467193727
STU_019020,98.26544444935493
STU_019021,45.89180362288235
STU_019022,73.34630994508758
STU_019023,89.41678841874663
STU_019024,76.09686817921623
STU_019025,95.97388091430601
STU_019026,99.04016607842505
STU_019027,76.68701930166067
STU_019028,57.814729781625765
STU_019029,60.78478221779754
STU_019030,72.56042459772966
STU_019031,82.06585041580894
STU_019032,83.04475351588037
STU_019033,77.41138471018677
STU_019034,67.36961386368715
STU_019035,83.39467802137625
STU_019036,94.48173958730496
STU_019037,86.01366235051051
STU_019038,67.12555416913668
STU_019039,81.70234518981891
STU_019040,72.75163518872883
STU_019041,78.66990091085036
STU_019042,79.6454410421792
STU_019043,86.7329314231427
STU_019044,85.5113337242696
STU_019045,75.52200226738587
STU_019046,63.34484256725436
STU_019047,47.92114998303824
STU_019048,86.49968548128922
STU_019049,55.37171613497956
STU_019050,87.64287552309659
STU_019051,62.728035400053585
STU_019052,71.83417502594293
STU_019053,77.10911155729633
STU_019054,71.08691384446178
STU_019055,49.46171435885671
STU_019056,84.24420206779371
STU_019057,80.13340388561664
STU_019058,82.01323603517359
STU_019059,48.211328420740095
STU_019060,66.47168058318562
STU_019061,50.24837229411594
STU_019062,87.47105926100079
STU_019063,72.77603095699101
STU_019064,62.413752705524125
STU_019065,95.7914788319058
STU_019066,60.6174593562143
STU_019067,80.14388445767129
STU_019068,65.45926010524018
STU_019069,59.26731628929531
STU_019070,73.20103406773947
STU_019071,64.51612495335277
STU_019072,99.7439980506897
STU_019073,61.66632934783904
STU_019074,66.7967357599326
STU_019075,61.8547701138468
STU_019076,59.53326498541226
STU_019077,97.1908527351298
STU_019078,95.57531897214278
STU_019079,89.76462036690305
STU_019080,55.387728741699874
STU_019081,83.0511757933939
STU_019082,87.210239382253
STU_019083,60.945089761379876
STU_019084,55.81526128447237
STU_019085,59.39009686631187
STU_019086,50.4350212898909
STU_019087,76.8073757460582
STU_019088,72.68129999083166
STU_019089,86.12879305484604
STU_019090,92.58869535321496
STU_019091,80.35125835533408
STU_019092,86.79788719445622
STU_019093,74.08986410996428
STU_019094,84.26203508941258
STU_019095,75.93967736366778
STU_019096,81.6752550842235
STU_019097,84.454604206941
STU_019098,57.6569650929513
STU_019099,66.90134172187092
STU_019100,71.34572701409499
STU_019101,61.30107980712605
STU_019102,76.0085978158892
STU_019103,86.5868138144309
STU_019104,63.98400498133761
STU_019105,65.08842993203203
STU_019106,61.29556713688576
STU_019107,87.77595536357671
STU_019108,70.09822326675177
STU_019109,99.4424516056373
STU_019110,94.99003999617739
STU_019111,75.49528693412361
STU_019112,99.49223790282734
STU_019113,83.22838915199769
STU_019114,98.07865771141168
STU_019115,85.70462085780083
STU_019116,85.95816379840586
STU_019117,61.609412987246515
STU_019118,79.34193579167865
STU_019119,73.36382015175406
STU_019120,62.83246029211983
STU_019121,94.47389402868885
STU_019122,81.5882875693643
STU_019123,67.14178682977732
STU_019124,96.02569163609982
STU_019125,73.01661485128241
STU_019126,72.6578264866407
STU_019127,72.47255736841177
STU_019128,89.46314076642913
STU_019129,59.86602843032358
STU_019130,59.19907119706252
STU_019131,81.34606332253327
STU_019132,88.97478760283792
STU_019133,55.532058235854876
STU_019134,65.91688485296456
STU_019135,99.27394685298715
STU_019136,92.86212154570569
STU_019137,61.061807802819985
STU_019138,88.50551626502188
STU_019139,89.84679210521014
STU_019140,83.04109952093631
STU_019141,95.14556588739143
STU_019142,83.21627347065107
STU_019143,77.6990715889338
STU_019144,76.67720957039647
STU_019145,67.09977845084747
STU_019146,93.14583546066221
STU_019147,71.29906479537595
STU_019148,98.14138868489977
STU_019149,77.94943654367546
STU_019150,78.77074893190783
STU_019151,96.53685550886686
STU_019152,46.58280654082395
STU_019153,66.89319186688462
STU_019154,91.97031897639154
STU_019155,99.8905930519104
STU_019156,82.28738470580602
STU_019157,91.90960506799776
STU_019158,51.383960546870306
STU_019159,69.834369337219
STU_019160,62.0947109234765
STU_019161,58.90663396750605
STU_019162,60.70527009037898
STU_019163,72.21380630919188
STU_019164,71.51440915354215
STU_019165,74.44148707449358
STU_019166,94.5026545225452
STU_019167,90.45057929170426
STU_019168,84.02240013790953
STU_019169,73.93238666153468
STU_019170,85.06500441789152
STU_019171,73.07435345591196
STU_019172,80.82385895007515
STU_019173,81.7120620428182
STU_019174,59.9547754696862
STU_019175,73.79114997092296
STU_019176,76.04930199859326
STU_019177,97.10272515028399
STU_019178,35.04416329916301
STU_019179,77.43934590906404
STU_019180,73.42535456315426
STU_019181,95.78185880788368
STU_019182,56.40505034238224
STU_019183,95.43473780903741
STU_019184,88.68301474038887
STU_019185,93.52194333032114
STU_019186,98.37480627616429
STU_019187,72.83675375456033
STU_019188,99.1385802283711
STU_019189,89.15930574824456
STU_019190,73.9616207061274
STU_019191,64.21566889118954
STU_019192,98.27906840008743
STU_019193,67.30896489238678
STU_019194,73.34195873558787
STU_019195,82.67650337357614
STU_019196,82.27272301872327
STU_019197,92.1197696673998
STU_019198,72.58340292273482
STU_019199,99.84454107284546
STU_019200,66.28914286930845
STU_019201,88.12165903139685
STU_019202,79.38919380686377
STU_019203,54.59591926228751
STU_019204,62.26786705402668
STU_019205,81.5104895865437
STU_019206,48.23641837483929
STU_019207,68.25888255788979
STU_019208,71.38414948135711
STU_019209,74.30092027328922
STU_019210,59.60858989939702
STU_019211,65.00689776575096
STU_019212,71.23922148855259
STU_019213,69.06426305607826
STU_019214,73.95753612518276
STU_019215,98.9129550754629
STU_019216,66.12578501475657
STU_019217,73.01203454342568
STU_019218,50.082263062689634
STU_019219,80.7400292510592
STU_019220,73.37127897256019
STU_019221,63.73072199131596
STU_019222,82.33750039419162
STU_019223,75.45118444486278
STU_019224,95.59943571124279
STU_019225,54.140114968356926
STU_019226,56.631265046992475
STU_019227,64.75996771341205
STU_019228,59.55368370874458
STU_019229,75.92131448757858
STU_019230,65.96047651443652
STU_019231,88.33872197678912
STU_019232,90.80974799236206
STU_019233,57.88410880669995
STU_019234,65.88944638566977
STU_019235,80.01654386782053
STU_019236,78.70677764591187
STU_019237,75.97544344501367
STU_019238,74.4149653660838
STU_019239,85.73028768989941
STU_019240,82.40464274157716
STU_019241,96.03146591111135
STU_019242,67.68161114594388
STU_019243,88.55597435258878
STU_019244,76.06808017297108
STU_019245,52.01757821021699
STU_019246,58.75147683896982
STU_019247,94.11053900966715
STU_019248,84.40606602971803
STU_019249,95.93158146109977
STU_019250,60.69515279390406
STU_019251,94.62339864441657
STU_019252,71.96329380910596
STU_019253,61.454022636461524
STU_019254,47.43541071366637
STU_019255,65.65363950434485
STU_019256,93.21422114902866
STU_019257,63.564830389817224
STU_019258,52.18663785855994
STU_019259,71.6748113562898
STU_019260,81.9708920070196
STU_019261,67.84613019981839
STU_019262,86.27213123542083
STU_019263,72.75487039338698
STU_019264,71.53047086626127
STU_019265,88.63258156064516
STU_019266,83.8863101167257
STU_019267,55.86644616868323
STU_019268,69.78133931630597
STU_019269,80.61633892718179
STU_019270,87.083825107666
STU_019271,52.21227298497436
STU_019272,66.46625012808404
STU_019273,97.34630231775496
STU_019274,99.6057869116759
STU_019275,99.70865678805436
STU_019276,57.97429761336714
STU_019277,98.9307767153706
STU_019278,86.02135211058288
STU_019279,75.53610411800761
STU_019280,63.83003142964616
STU_019281,87.2497423033742
STU_019282,60.873061243421
STU_019283,99.73967004572128
STU_019284,82.52358236218052
STU_019285,76.21832090380612
STU_019286,93.08653602933924
STU_019287,76.06054264550437
STU_019288,63.96426882665135
STU_019289,89.4916563548489
STU_019290,80.37685918207858
STU_019291,74.68162635223575
STU_019292,79.85247164666875
STU_019293,64.25056485617449
STU_019294,75.26378523837684
STU_019295,61.96121643124514
STU_019296,66.73768269216447
STU_019297,79.97489292886792
STU_019298,89.15856899175708
STU_019299,91.27722392110448
STU_019300,81.0629839582339
STU_019301,69.04426812518011
STU_019302,83.70898414043116
STU_019303,66.17674767107668
STU_019304,92.92807178208852
STU_019305,70.06981184811593
STU_019306,55.33789918667844
STU_019307,62.057896662314995
STU_019308,50.01888423549339
STU_019309,69.43783550939628
STU_019310,92.48748635952931
STU_019311,88.52452686987957
STU_019312,68.13018751509071
STU_019313,84.14031652646152
STU_019314,85.89499162841963
STU_019315,73.08895023320174
STU_019316,92.46829924127033
STU_019317,74.66757329503179
STU_019318,82.64800453333476
STU_019319,88.25276172908701
STU_019320,98.91322300680531
STU_019321,72.78603424318497
STU_019322,87.79322921197308
STU_019323,70.89099077445033
STU_019324,91.1143918003431
STU_019325,73.64939706496206
STU_019326,95.26933744294462
STU_019327,94.89156827390599
STU_019328,94.87454214813002
STU_019329,90.2291363169752
STU_019330,77.56478994184744
STU_019331,72.09227883573413
STU_019332,70.04490756250209
STU_019333,86.36578016529488
STU_019334,60.25490453842878
STU_019335,66.61032396696872
STU_019336,66.88607742275448
STU_019337,97.1675436703115
STU_019338,63.54937139618723
STU_019339,89.63461167728457
STU_019340,99.14716652133376
STU_019341,74.9579119934705
STU_019342,61.686888708776635
STU_019343,70.70824123830874
STU_019344,64.71581264884298
STU_019345,67.18277637855257
STU_019346,74.51813752920222
STU_019347,52.193546477585876
STU_019348,92.77046903464971
STU_019349,81.3795622180535
STU_019350,58.4152879974798
STU_019351,91.20794255249672
STU_019352,81.26590844908685
STU_019353,84.95432183069599
STU_019354,68.4377868760737
STU_019355,76.23324995335182
STU_019356,56.55208419902277
STU_019357,58.91277640854491
STU_019358,78.02242054658547
STU_019359,84.88481720965527
STU_019360,62.166940913156
STU_019361,85.85459065221121
STU_019362,59.840690400139394
STU_019363,69.13858645010099
STU_019364,73.51824838413728
STU_019365,88.22749837093866
STU_019366,96.79456651081199
STU_019367,99.9405970304409
STU_019368,75.63791898024672
STU_019369,76.61278681632021
STU_019370,71.14774811763732
STU_019371,82.25836040156821
STU_019372,69.39790293951418
STU_019373,61.268231174253074
STU_019374,67.27648979318624
STU_019375,81.7207349785982
STU_019376,94.67669224278603
STU_019377,92.4755129667827
STU_019378,66.8633655620792
STU_019379,55.147336656450804
STU_019380,89.73281889573292
STU_019381,65.35887446749443
STU_019382,66.66680691447111
STU_019383,84.90130414882535
STU_019384,62.76284441447095
STU_019385,85.0535012350127
STU_019386,67.4994021092871
STU_019387,56.817433433010336
STU_019388,65.5102838514018
STU_019389,98.9008983104066
STU_019390,42.86878376510334
STU_019391,78.05302270694057
STU_019392,78.35168055559723
STU_019393,75.3994492292167
STU_019394,72.67075219255389
STU_019395,78.80239065506193
STU_019396,98.34202138886351
STU_019397,71.91042913153937
STU_019398,57.367266946080164
STU_019399,57.265086195265596
STU_019400,95.36524053692386
STU_019401,65.54222496859029
STU_019402,63.64712041637367
STU_019403,86.7746726662189
STU_019404,87.18079524221471
STU_019405,78.76757590461133
STU_019406,73.2997384498176
STU_019407,63.39363488556842
STU_019408,81.74312082030062
STU_019409,74.4012550002657
STU_019410,71.39454896299438
STU_019411,85.40496320073122
STU_019412,58.227297137530115
STU_019413,73.30711260057498
STU_019414,71.0171205694652
STU_019415,84.8841313494665
STU_019416,81.32447358315865
STU_019417,91.68306332252244
STU_019418,93.28805249976962
STU_019419,72.14669430744432
STU_019420,72.63535619392572
STU_019421,83.95625783322352
STU_019422,79.0893295961896
STU_019423,73.14767753670746
STU_019424,94.73580135044985
STU_019425,60.86383409573666
STU_019426,79.70315446240502
STU_019427,86.28373677499854
STU_019428,92.6909669204395
STU_019429,69.77767191505782
STU_019430,82.66170822283978
STU_019431,50.46922235857284
STU_019432,77.37468983709194
STU_019433,62.09230422418316
STU_019434,53.03470907567444
STU_019435,98.10332651468673
STU_019436,58.63378988974054
STU_019437,96.30733397614685
STU_019438,82.34318787500757
STU_019439,54.886247611044425
STU_019440,67.47453888489133
STU_019441,81.32931218281307
STU_019442,74.6470486492642
STU_019443,59.328399832071135
STU_019444,96.29271260976154
STU_019445,90.88168324079149
STU_019446,48.817779206179694
STU_019447,77.15987867802481
STU_019448,69.17339531821557
STU_019449,61.51739545891897
STU_019450,70.7744548241136
STU_019451,67.22593014005464
STU_019452,84.62481889933707
STU_019453,81.68787278133453
STU_019454,72.4518152736974
STU_019455,69.8870706504971
STU_019456,70.20521542384432
STU_019457,66.45572156118679
STU_019458,69.28617002735739
STU_019459,61.71505440391647
STU_019460,89.49807516444484
STU_019461,93.77819887548517
STU_019462,99.46077097286539
STU_019463,66.67776057201169
STU_019464,75.63787124282833
STU_019465,66.73876358341818
STU_019466,68.56165170133056
STU_019467,71.71731142736844
STU_019468,86.1380241762017
STU_019469,73.01970986865356
STU_019470,92.25678203040894
STU_019471,97.67023846356992
STU_019472,86.70577040561933
STU_019473,89.4460760480449
STU_019474,63.350116627825884
STU_019475,60.07660617061439
STU_019476,94.65561679809917
STU_019477,64.65101741946918
STU_019478,70.66611043448228
STU_019479,72.120984142182
STU_019480,92.27049755419114
STU_019481,68.74613065797013
STU_019482,69.64745130761773
STU_019483,71.41927897186639
STU_019484,82.96529610467366
STU_019485,57.578777443074486
STU_019486,36.333449986744775
STU_019487,67.85976957288159
STU_019488,93.93238590105514
STU_019489,64.2956905356769
STU_019490,75.21474144533391
STU_019491,58.042585551825056
STU_019492,73.40642761989271
STU_019493,62.01542147574525
STU_019494,61.21487661560266
STU_019495,94.29809997143533
STU_019496,93.64133067914611
STU_019497,53.71098993487577
STU_019498,90.48844524168223
STU_019499,91.68187406044403
STU_019500,88.4089774143732
STU_019501,85.19619729357413
STU_019502,62.57097482594111
STU_019503,69.94118977092427
STU_019504,95.11390696059667
STU_019505,59.75217569577046
STU_019506,80.88208773676216
STU_019507,90.56238558216643
STU_019508,96.7777213013996
STU_019509,97.5615412582224
STU_019510,92.40514749468205
STU_019511,54.68390097025705
STU_019512,81.15233465015146
STU_019513,66.11473492999443
STU_019514,56.79624246702481
STU_019515,60.959800122470874
STU_019516,84.56687619165365
STU_019517,63.36101955392013
STU_019518,65.97884978218877
STU_019519,66.93346254700023
STU_019520,84.13772080201704
STU_019521,63.946997258179394
STU_019522,74.65794537204741
STU_019523,95.70557576256095
STU_019524,81.47991747016944
STU_019525,86.14793098007952
STU_019526,72.7176314852908
STU_019527,74.18530539536776
STU_019528,71.17382891685759
STU_019529,90.3694917993187
STU_019530,93.34622754245018
STU_019531,92.66176808172582
STU_019532,45.425679411311
STU_019533,77.1567930137617
STU_019534,71.44978806268017
STU_019535,70.83352803440903
STU_019536,65.43284623046193
STU_019537,52.579802394968326
STU_019538,73.84122787129934
STU_019539,67.55062517890349
STU_019540,60.114164512290195
STU_019541,77.09067550604634
STU_019542,99.82417249679565
STU_019543,99.98200702667236
STU_019544,72.82267561600355
STU_019545,88.67391544544954
STU_019546,55.639984356979156
STU_019547,66.8083454887759
STU_019548,88.3425222752403
STU_019549,89.53344877021613
STU_019550,97.002541689591
STU_019551,79.75241692102585
STU_019552,70.86570883415916
STU_019553,73.07354402985338
STU_019554,63.4436644072199
STU_019555,99.7592673676306
STU_019556,71.67691261972473
STU_019557,99.47791862487793
STU_019558,56.55599673518477
STU_019559,87.19788386186843
STU_019560,76.1521176676966
STU_019561,42.30043429670079
STU_019562,95.57562977089712
STU_019563,73.85614342141773
STU_019564,67.04899354802535
STU_019565,60.09004727134993
STU_019566,81.17469233541927
STU_019567,83.1679225042769
STU_019568,69.16703394801723
STU_019569,65.36882301784493
STU_019570,70.74330132637073
STU_019571,45.82098953411147
STU_019572,66.1187116288336
STU_019573,69.1555883650571
STU_019574,78.11625009972511
STU_019575,80.43104772318036
STU_019576,93.77856478003838
STU_019577,64.63411430845517
STU_019578,64.67216513251316
STU_019579,70.24036057773162
STU_019580,66.67087244421737
STU_019581,99.49588905898396
STU_019582,72.70770408136312
STU_019583,71.22947163824583
STU_019584,66.01219145385669
STU_019585,84.40078517986156
STU_019586,72.90416291136529
STU_019587,90.60735969398408
STU_019588,78.36701169913732
STU_019589,64.40398339355247
STU_019590,99.25396321901829
STU_019591,91.95184632826587
STU_019592,71.80009891950709
STU_019593,66.44308463679116
STU_019594,94.7879419728021
STU_019595,74.1831640156234
STU_019596,95.47617126772246
STU_019597,69.23016265014229
STU_019598,77.70224997014404
STU_019599,66.87814436600934
STU_019600,99.41112192108062
STU_019601,79.69827381970535
STU_019602,77.33382004360124
STU_019603,94.98863689515828
STU_019604,93.02210578250998
STU_019605,74.44198421360974
STU_019606,83.58406301000116
STU_019607,58.42790064123118
STU_019608,72.91006606570312
STU_019609,91.14992197340497
STU_019610,60.52543872880201
STU_019611,67.84712033806201
STU_019612,58.11841101444564
STU_019613,55.744368329201045
STU_019614,61.94218235123041
STU_019615,94.00320237554729
STU_019616,66.97246729623708
STU_019617,75.81261328911167
STU_019618,62.2373548885966
STU_019619,87.84169865013416
STU_019620,75.82707499905925
STU_019621,73.28179206219679
STU_019622,80.17364339650706
STU_019623,73.08976347535166
STU_019624,98.7672524857673
STU_019625,33.79488681840316
STU_019626,86.39238110249917
STU_019627,94.3381131217754
STU_019628,71.03190627972822
STU_019629,78.72715963379633
STU_019630,95.52698664328858
STU_019631,60.63246083631439
STU_019632,95.33444031199988
STU_019633,91.91011155334519
STU_019634,88.46498154202126
STU_019635,76.87047496451332
STU_019636,63.47944106930709
STU_019637,79.75825108791332
STU_019638,66.06290026740393
STU_019639,67.31908499935585
STU_019640,82.47438907664343
STU_019641,93.45176724990907
STU_019642,78.52406366960935
STU_019643,87.84067974498635
STU_019644,73.05701694260291
STU_019645,73.5017394031528
STU_019646,70.35341677255943
STU_019647,78.22494073826411
STU_019648,56.278635920890174
STU_019649,59.342530979634915
STU_019650,68.83369168494681
STU_019651,73.36541573121478
STU_019652,72.26350942463863
STU_019653,68.38946074108088
STU_019654,53.87191109431927
STU_019655,59.916597434405475
STU_019656,50.51311393410863
STU_019657,73.9557299001925
STU_019658,68.57292988649027
STU_019659,78.81937965371137
STU_019660,69.12467491846441
STU_019661,80.31299962470673
STU_019662,68.51578012364214
STU_019663,76.27186128025475
STU_019664,65.19533742741164
STU_019665,88.36024016588794
STU_019666,90.86153122385596
STU_019667,74.73034819420566
STU_019668,53.71274693179196
STU_019669,61.52578378708226
STU_019670,86.68912967874914
STU_019671,53.09875349584405
STU_019672,83.28748096897351
STU_019673,76.53275105337313
STU_019674,80.68363096998316
STU_019675,79.68215412751636
STU_019676,81.24906950049397
STU_019677,86.4865767788385
STU_019678,99.87762260437012
STU_019679,92.89710651921781
STU_019680,84.5610571082326
STU_019681,94.68837978105947
STU_019682,93.94509545593388
STU_019683,68.56238186533795
STU_019684,69.22887968236518
STU_019685,94.06177935043644
STU_019686,83.6512670070119
STU_019687,63.470043374607386
STU_019688,80.17296667887024
STU_019689,65.40541570717902
STU_019690,79.53861325485562
STU_019691,61.57409016415261
STU_019692,55.8527485587566
STU_019693,98.58257838329493
STU_019694,79.84316694805712
STU_019695,55.93341158324292
STU_019696,67.4438116004558
STU_019697,94.0438819339181
STU_019698,92.43892472173331
STU_019699,81.06244788875722
STU_019700,84.26602405321222
STU_019701,74.31176278567365
STU_019702,76.29064013513903
STU_019703,81.21785090525391
STU_019704,75.84848813700884
STU_019705,59.386410668589605
STU_019706,92.19920499165377
STU_019707,59.6112689181024
STU_019708,77.08162429033379
STU_019709,71.9164353542408
STU_019710,62.88303302290841
STU_019711,97.56020871345561
STU_019712,47.701312002192
STU_019713,92.56820588827563
STU_019714,62.46958927326704
STU_019715,89.57949450233535
STU_019716,84.29985473936077
STU_019717,97.14760370042501
STU_019718,69.1230187178316
STU_019719,95.3518250128079
STU_019720,95.02551928951213
STU_019721,54.84116277646201
STU_019722,73.35546807631388
STU_019723,78.73764573707814
STU_019724,72.32987289217215
STU_019725,89.74457403226165
STU_019726,60.46209661560981
STU_019727,91.39268021904314
STU_019728,78.95670495293048
STU_019729,68.3574353742066
STU_019730,72.28628800687217
STU_019731,61.29302464751643
STU_019732,90.27380013562541
STU_019733,75.34180711886405
STU_019734,75.18435745826922
STU_019735,85.88136818508754
STU_019736,99.01702133179512
STU_019737,96.57315323680966
STU_019738,88.53499572001016
STU_019739,70.1045294345856
STU_019740,71.63167541647036
STU_019741,99.85127983093261
STU_019742,75.81729296695104
STU_019743,83.84622707939072
STU_019744,74.02189065144574
STU_019745,84.25217333423727
STU_019746,94.90427334040021
STU_019747,77.83780002812789
STU_019748,59.806187346610194
STU_019749,64.01308959096659
STU_019750,73.69338463352938
STU_019751,73.33081654092926
STU_019752,60.962013295438624
STU_019753,93.47847715331706
STU_019754,69.75036635727731
STU_019755,83.65228566482601
STU_019756,51.06315981684595
STU_019757,87.92899541553786
STU_019758,58.335434954162444
STU_019759,75.63258354165221
STU_019760,80.04134453657139
STU_019761,67.57258334373259
STU_019762,88.04608523004694
STU_019763,71.52496057682227
STU_019764,61.88553137968867
STU_019765,90.18136572060621
STU_019766,64.37227392557844
STU_019767,50.52415286991442
STU_019768,79.51885362307851
STU_019769,63.02909409964784
STU_019770,78.73472643227853
STU_019771,93.87112663769653
STU_019772,69.14137695068158
STU_019773,89.59501294571025
STU_019774,49.01069588847603
STU_019775,87.88022280917347
STU_019776,57.678205177176935
STU_019777,73.44518879662058
STU_019778,75.04275255494481
STU_019779,73.58527815064626
STU_019780,86.18334945019134
STU_019781,52.945599458134524
STU_019782,74.38270577678145
STU_019783,64.06058553563098
STU_019784,82.41442024594686
STU_019785,77.08070066667887
STU_019786,51.610956372113634
STU_019787,73.95792979823916
STU_019788,72.82915217976233
STU_019789,80.16873598193193
STU_019790,65.05009493744768
STU_019791,51.72494722427821
STU_019792,80.16466575501371
STU_019793,66.74468178303098
STU_019794,86.74573457845435
STU_019795,73.11755906972019
STU_019796,84.79363758329853
STU_019797,44.0008212222711
STU_019798,92.17235067379514
STU_019799,79.14027404294184
STU_019800,52.983596129602816
STU_019801,78.98030184907401
STU_019802,94.95683630591284
STU_019803,66.74696478517589
STU_019804,78.72574339718352
STU_019805,72.04599395824586
STU_019806,59.86365551663082
STU_019807,59.071495754019
STU_019808,66.46339557582013
STU_019809,95.37835625193378
STU_019810,64.72087090128318
STU_019811,67.05202941820983
STU_019812,86.86665248860558
STU_019813,74.64891710543331
STU_019814,82.2549725083579
STU_019815,88.84116316155408
STU_019816,72.67975283372796
STU_019817,93.46985931726515
STU_019818,67.45948305431953
STU_019819,95.9019086809334
STU_019820,57.26463837596199
STU_019821,84.28734095608358
STU_019822,64.24826695369748
STU_019823,79.55316720716345
STU_019824,99.64594158255696
STU_019825,77.5187264186743
STU_019826,84.6726194787465
STU_019827,81.84777319320943
STU_019828,82.9678550803699
STU_019829,73.20410691553377
STU_019830,96.54275105462906
STU_019831,86.53376980364126
STU_019832,90.19593999748324
STU_019833,72.07613081609483
STU_019834,72.2983909093288
STU_019835,67.57539031444419
STU_019836,86.31670975792193
STU_019837,74.83636879066407
STU_019838,78.22057658085775
STU_019839,80.93683967959387
STU_019840,63.07759879883611
STU_019841,65.74920980059001
STU_019842,70.74030682805721
STU_019843,66.830889855713
STU_019844,72.74383506408674
STU_019845,75.50272999464583
STU_019846,96.8697009268731
STU_019847,99.47745675093105
STU_019848,68.21337181156689
STU_019849,93.896487765843
STU_019850,77.18248395914077
STU_019851,98.54959100014153
STU_019852,62.06051133367659
STU_019853,89.46619855089875
STU_019854,79.63619955760697
STU_019855,76.70439368702014
STU_019856,68.35091070512473
STU_019857,83.30960666916754
STU_019858,97.60723203648071
STU_019859,94.54512330304432
STU_019860,85.29196057855962
STU_019861,62.6507213939626
STU_019862,69.17038320215082
STU_019863,76.07419323986667
STU_019864,80.95842350445254
STU_019865,91.53890381879697
STU_019866,92.30646071471776
STU_019867,75.82463961224697
STU_019868,79.82352547491084
STU_019869,71.84160639712795
STU_019870,74.18281218779546
STU_019871,92.93519616719942
STU_019872,99.86278247833252
STU_019873,75.6528939442129
STU_019874,52.10896189194724
STU_019875,78.37194194539515
STU_019876,99.14167493932904
STU_019877,64.59546810349381
STU_019878,61.83922564444989
STU_019879,90.68429802158697
STU_019880,53.3855075049612
STU_019881,70.67033466170002
STU_019882,92.78015653404739
STU_019883,60.542296971458356
STU_019884,67.7322283141281
STU_019885,79.89082216785205
STU_019886,73.39239091736212
STU_019887,99.95541048049927
STU_019888,58.82042001091102
STU_019889,85.44274621944092
STU_019890,77.5431112013625
STU_019891,75.90091189104484
STU_019892,66.75094885877402
STU_019893,93.52101175142332
STU_019894,59.363293682369964
STU_019895,76.75950300150038
STU_019896,82.36557917234953
STU_019897,78.64332027844992
STU_019898,73.24140108820866
STU_019899,82.46283200944055
STU_019900,83.90027962874575
STU_019901,66.76893233099331
STU_019902,73.90932490625428
STU_019903,85.00795311458765
STU_019904,68.33281975947521
STU_019905,77.56415446814555
STU_019906,71.282479718061
STU_019907,60.04395417784605
STU_019908,52.41496094146079
STU_019909,65.01112089629461
STU_019910,96.17725530490416
STU_019911,99.7434801359978
STU_019912,64.06591809976052
STU_019913,77.4926250268604
STU_019914,58.02469174009708
STU_019915,77.05438667837274
STU_019916,64.01962215913542
STU_019917,63.10152774092057
STU_019918,95.43036459792376
STU_019919,69.82845589110433
STU_019920,93.5650225335608
STU_019921,69.18044948865281
STU_019922,97.27458242858437
STU_019923,58.08381496743672
STU_019924,98.37420057964226
STU_019925,88.42498027165406
STU_019926,68.09797512723165
STU_019927,80.74858221015145
STU_019928,79.60369364170866
STU_019929,85.40786243700686
STU_019930,68.13725794854618
STU_019931,97.97824227132938
STU_019932,85.31949116602351
STU_019933,58.64896964073874
STU_019934,89.23820511675434
STU_019935,52.81020562081554
STU_019936,87.12813485624415
STU_019937,82.9830678604915
STU_019938,68.77630983744018
STU_019939,87.33565468046874
STU_019940,86.60122523645794
STU_019941,72.18662225080868
STU_019942,71.92155191552482
STU_019943,82.22738735313298
STU_019944,97.06523486003019
STU_019945,80.15051284934421
STU_019946,90.85004782881963
STU_019947,75.72477615168054
STU_019948,87.08500902537656
STU_019949,78.38318150321658
STU_019950,72.47780706404501
STU_019951,66.490312239926
STU_019952,56.809045337255185
STU_019953,66.88508678689979
STU_019954,82.33008771827288
STU_019955,65.04452718184294
STU_019956,57.56778909471831
STU_019957,79.31294433432575
STU_019958,77.25443889708978
STU_019959,78.30294667531987
STU_019960,65.5513322647702
STU_019961,71.11447966660722
STU_019962,80.70306696459001
STU_019963,60.02514326562111
STU_019964,69.74872708567233
STU_019965,65.17300376800611
STU_019966,83.15761743639001
STU_019967,97.32244606194799
STU_019968,73.83494845975764
STU_019969,53.720860735458885
STU_019970,93.57011812280597
STU_019971,91.12827260560327
STU_019972,72.81065485490282
STU_019973,77.29741462455561
STU_019974,89.54511884517045
STU_019975,74.50417892872855
STU_019976,75.17351751703544
STU_019977,67.89710391948181
STU_019978,55.55910624811136
STU_019979,55.19988671977323
STU_019980,60.35700221152194
STU_019981,99.78066141605377
STU_019982,74.91849753174567
STU_019983,87.48267434470253
STU_019984,97.2628441638549
STU_019985,83.16158658375969
STU_019986,95.79670236535077
STU_019987,83.285851326021
STU_019988,66.4935915396968
STU_019989,68.92685265058581
STU_019990,78.1584272525044
STU_019991,83.01455825464856
STU_019992,86.73032712930157
STU_019993,86.67863746324474
STU_019994,51.221362838298504
STU_019995,78.00694092528407
STU_019996,61.11875148434386
STU_019997,84.27110529816483
STU_019998,53.73292927543449
STU_019999,91.61732366135803
STU_020000,74.79379554666795
