student_id,career_success_score
STU_010001,55.51891495830287
STU_010002,74.6395317766823
STU_010003,74.12175470801421
STU_010004,97.6354756875306
STU_010005,77.6601730181842
STU_010006,77.42286775267806
STU_010007,75.08320505854516
STU_010008,79.01442990647259
STU_010009,70.65177864248852
STU_010010,56.55993490446267
STU_010011,94.1756254642278
STU_010012,79.38987663519524
STU_010013,83.20842136478933
STU_010014,91.36573703659789
STU_010015,51.29608309519788
STU_010016,69.58203841230343
STU_010017,58.666176461539465
STU_010018,57.19813788658507
STU_010019,86.22464865646752
STU_010020,70.03854080647066
STU_010021,84.87622151796705
STU_010022,96.22310985497415
STU_010023,93.82556258513571
STU_010024,68.87375670220314
STU_010025,80.80063164744101
STU_010026,88.51734683257689
STU_010027,75.34413341275463
STU_010028,87.75643869495488
STU_010029,96.88914208053052
STU_010030,61.21348460654402
STU_010031,63.35466216582145
STU_010032,89.91008256740976
STU_010033,56.42486580254945
STU_010034,87.69211079911034
STU_010035,78.4954548391334
STU_010036,65.25065195567177
STU_010037,63.55800742364801
STU_010038,89.79753871377552
STU_010039,64.23720920660485
STU_010040,82.53382796484402
STU_010041,92.8087823447064
STU_010042,62.938585602667644
STU_010043,85.70472849081355
STU_010044,71.97895015263357
STU_010045,81.27791838174582
STU_010046,58.61432521845049
STU_010047,67.76432642882122
STU_010048,83.01700768186569
STU_010049,50.27685137443723
STU_010050,62.4118445291523
STU_010051,74.79490325216574
STU_010052,65.52270586643621
STU_010053,60.394866757358415
STU_010054,71.15789413410673
STU_010055,63.77553476504278
STU_010056,60.7738432643662
STU_010057,63.67765965038704
STU_010058,98.80744016085963
STU_010059,88.25212357955634
STU_010060,73.34888864904599
STU_010061,39.79788573746434
STU_010062,77.16958162214416
STU_010063,65.8125212002468
STU_010064,89.7656100675741
STU_010065,53.07099606518699
STU_010066,59.51612981508886
STU_010067,91.69696653959875
STU_010068,58.46054746819861
STU_010069,65.50741724600414
STU_010070,58.78896573645937
STU_010071,95.04230744680308
STU_010072,66.02180127886982
STU_010073,95.27914806789822
STU_010074,56.08827068784363
STU_010075,76.57858417069019
STU_010076,97.7796580875802
STU_010077,85.25596162650888
STU_010078,86.74028749627851
STU_010079,80.32176166592475
STU_010080,79.8185725164664
STU_010081,61.53778014989338
STU_010082,77.42743380772538
STU_010083,78.82563554497321
STU_010084,80.01310903156099
STU_010085,71.92494769258431
STU_010086,78.24077373126053
STU_010087,72.4083735577764
STU_010088,66.4865134846939
STU_010089,84.68604833440801
STU_010090,78.04889585597232
STU_010091,54.57759379765585
STU_010092,71.72393978340371
STU_010093,62.42937210164473
STU_010094,91.07845657337683
STU_010095,55.90913883437176
STU_010096,81.76845045088433
STU_010097,70.83937070097912
STU_010098,84.00133502716272
STU_010099,68.75267394758094
STU_010100,72.1721488069168
STU_010101,78.59642838231281
STU_010102,63.17064505177605
STU_010103,89.0969974484058
STU_010104,55.452049339501514
STU_010105,96.93701241796911
STU_010106,49.04656132120785
STU_010107,81.75874941064795
STU_010108,76.58054240841349
STU_010109,68.26127805147233
STU_010110,78.15058682748176
STU_010111,89.98272187857154
STU_010112,81.89084137910322
STU_010113,69.75163772852466
STU_010114,81.50354309514326
STU_010115,82.048473992703
STU_010116,90.33737882713638
STU_010117,80.99829843846499
STU_010118,90.7904134637156
STU_010119,70.42447693470757
STU_010120,69.38366200997933
STU_010121,79.40147276996527
STU_010122,74.31565410086677
STU_010123,94.89665438211381
STU_010124,73.76019180437928
STU_010125,86.44746943370944
STU_010126,69.34726174423149
STU_010127,55.52084632637181
STU_010128,91.12328096072802
STU_010129,82.43163210257438
STU_010130,73.88941106722959
STU_010131,62.536254296221564
STU_010132,73.14412732642447
STU_010133,75.42791678458057
STU_010134,66.7856028458075
STU_010135,41.372532003338506
STU_010136,70.35842250553713
STU_010137,62.570096511810796
STU_010138,77.78998988517918
STU_010139,79.25131504224396
STU_010140,86.58002523685555
STU_010141,62.118378715862775
STU_010142,86.82770539965469
STU_010143,73.63323810300469
STU_010144,73.87698245671646
STU_010145,94.63478354649143
STU_010146,79.02364316144508
STU_010147,54.433799354802275
STU_010148,55.260900794868036
STU_010149,61.09302361133605
STU_010150,91.94764853062182
STU_010151,70.30129881598583
STU_010152,86.72406625506572
STU_010153,74.30091433383996
STU_010154,80.2893523008851
STU_010155,63.405303474345075
STU_010156,94.63331436077135
STU_010157,99.69077971183307
STU_010158,71.90111294485382
STU_010159,89.25011132101298
STU_010160,64.89780027977203
STU_010161,94.21618689057769
STU_010162,99.11827341905129
STU_010163,80.20402121080173
STU_010164,74.88259121639229
STU_010165,74.09377976215133
STU_010166,88.86172510849767
STU_010167,84.60920573342057
STU_010168,76.50385075936885
STU_010169,71.12124702061135
STU_010170,89.25953881719462
STU_010171,71.17700196611796
STU_010172,99.63649658154793
STU_010173,69.77713308235957
STU_010174,76.58409805588462
STU_010175,76.43560345983238
STU_010176,69.17356306016623
STU_010177,90.02088436381302
STU_010178,83.461384381641
STU_010179,80.03201762542335
STU_010180,80.00554367846709
STU_010181,76.45322677774152
STU_010182,73.4208212557794
STU_010183,77.12838518060886
STU_010184,83.31389388396661
STU_010185,62.92308704764923
STU_010186,86.13958124653576
STU_010187,62.632748746491814
STU_010188,89.57850681918833
STU_010189,75.39746607233867
STU_010190,58.36813818957542
STU_010191,48.14315839182869
STU_010192,84.42832056972769
STU_010193,61.15390466998512
STU_010194,84.38258294910074
STU_010195,83.07318813675366
STU_010196,68.77775550765385
STU_010197,75.40738026933485
STU_010198,81.79368251596497
STU_010199,96.70644704354669
STU_010200,73.93458923518135
STU_010201,98.7841567391355
STU_010202,78.57071802631154
STU_010203,71.85870274882534
STU_010204,94.18490664207911
STU_010205,84.27212164313613
STU_010206,89.94535818603421
STU_010207,50.420515805113105
STU_010208,72.18427706508146
STU_010209,61.19342572545294
STU_010210,89.01765558055234
STU_010211,74.39828049589474
STU_010212,92.52566073473265
STU_010213,89.78780808905111
STU_010214,65.95831383721872
STU_010215,67.91456227424328
STU_010216,60.09957855714092
STU_010217,82.87906728820238
STU_010218,59.264387600973066
STU_010219,83.35574493602758
STU_010220,68.39076575652986
STU_010221,81.34695776623303
STU_010222,55.96206548815189
STU_010223,79.03361803023036
STU_010224,99.48472056187151
STU_010225,62.03301257473073
STU_010226,86.2334589605274
STU_010227,58.240807255232625
STU_010228,91.66383135768699
STU_010229,75.73527291768217
STU_010230,60.672181139572615
STU_010231,53.301925443148264
STU_010232,94.41126370008787
STU_010233,59.01009559878263
STU_010234,81.33008027688214
STU_010235,50.414797908557084
STU_010236,90.99024853363329
STU_010237,82.73165394674594
STU_010238,74.7530400455509
STU_010239,50.801793870711016
STU_010240,71.0942502670809
STU_010241,80.07061489241326
STU_010242,78.22401636928927
STU_010243,64.88858830968712
STU_010244,89.17912969947535
STU_010245,57.98179390275403
STU_010246,46.90916308882481
STU_010247,93.81448703176306
STU_010248,85.51558609454754
STU_010249,67.49171931525139
STU_010250,96.61589219138399
STU_010251,77.88444011962619
STU_010252,99.83370819189778
STU_010253,62.0516310008751
STU_010254,96.51275371707308
STU_010255,67.81726771446635
STU_010256,61.52229253575844
STU_010257,74.73687527725488
STU_010258,80.99929005606347
STU_010259,80.10424605292721
STU_010260,61.78071779941004
STU_010261,63.674987131307404
STU_010262,52.98020609276303
STU_010263,58.602291795214484
STU_010264,99.80624043905381
STU_010265,67.0102985422795
STU_010266,80.05089146354132
STU_010267,62.16675357662972
STU_010268,84.44749590941882
STU_010269,76.37270987644368
STU_010270,90.49378688170881
STU_010271,82.89063556875534
STU_010272,62.794094253790995
STU_010273,79.14653320215064
STU_010274,63.30079102001076
STU_010275,88.86455757937884
STU_010276,63.1308794854921
STU_010277,81.6282097894713
STU_010278,84.81932619108304
STU_010279,65.29275847102045
STU_010280,67.84052941257889
STU_010281,60.12352933175853
STU_010282,66.45029394801143
STU_010283,82.47557942743823
STU_010284,64.84771997612667
STU_010285,57.64103543045212
STU_010286,77.60709364335618
STU_010287,92.09619697893558
STU_010288,62.0035592708501
STU_010289,54.32529684218346
STU_010290,83.30603519228362
STU_010291,46.93697956640608
STU_010292,86.24398559223434
STU_010293,63.695301904710114
STU_010294,60.14345937408735
STU_010295,69.00526499843338
STU_010296,83.50818442280284
STU_010297,82.16270434284812
STU_010298,94.74143222201685
STU_010299,89.16198073289632
STU_010300,62.492610697291546
STU_010301,78.43641466781321
STU_010302,85.22379276840772
STU_010303,71.64877097698937
STU_010304,55.76276004741628
STU_010305,78.63481241288207
STU_010306,61.96505952071888
STU_010307,64.77002200008678
STU_010308,76.83054644687141
STU_010309,69.90468991074138
STU_010310,56.351532590962755
STU_010311,63.80698764363592
STU_010312,77.55660506309337
STU_010313,77.13277811129508
STU_010314,83.28420222956123
STU_010315,87.67415961690827
STU_010316,90.08353361983646
STU_010317,85.94523374832916
STU_010318,72.73768889077462
STU_010319,91.09224367813424
STU_010320,97.82047998386994
STU_010321,68.56386366174785
STU_010322,93.55406343836756
STU_010323,72.22210794967779
STU_010324,92.15110730027523
STU_010325,94.86535352872393
STU_010326,78.34774911984894
STU_010327,67.16036576668893
STU_010328,83.29274214576328
STU_010329,93.91434798403394
STU_010330,83.59136635655328
STU_010331,97.14339825871238
STU_010332,63.99348908376557
STU_010333,99.87661042516328
STU_010334,73.37880703641827
STU_010335,92.12477325850307
STU_010336,54.662895674703186
STU_010337,62.317484308034
STU_010338,85.08837386910974
STU_010339,78.26854504499522
STU_010340,61.90667877803766
STU_010341,96.24130941493179
STU_010342,59.80387350240929
STU_010343,59.308063623576125
STU_010344,78.94138541019201
STU_010345,82.68154803435164
STU_010346,86.81230746417647
STU_010347,51.97884406889365
STU_010348,60.97487143379831
STU_010349,87.85567656694292
STU_010350,82.00155338482453
STU_010351,72.75924047814347
STU_010352,70.46900575505792
STU_010353,93.99233219765148
STU_010354,75.20575505097759
STU_010355,78.06697668712808
STU_010356,86.69903068348253
STU_010357,94.35898560255512
STU_010358,78.66391987785508
STU_010359,61.63845319292149
STU_010360,68.90884777801966
STU_010361,98.52342451494314
STU_010362,73.37425334253763
STU_010363,75.77800385737976
STU_010364,95.70152329389076
STU_010365,85.41035497533264
STU_010366,95.28419737774125
STU_010367,70.58904125600066
STU_010368,64.17964146108869
STU_010369,90.93771878400636
STU_010370,87.1490905350941
STU_010371,72.11049378514525
STU_010372,75.91151541187338
STU_010373,72.30316123452964
STU_010374,83.47729446257136
STU_010375,98.37386451653273
STU_010376,54.78064908660278
STU_010377,76.8215399478872
STU_010378,77.7177243543386
STU_010379,69.78531120116062
STU_010380,62.55396367537991
STU_010381,71.6702805212946
STU_010382,91.38518821373232
STU_010383,78.72054173918167
STU_010384,93.01012250601354
STU_010385,80.51027149197071
STU_010386,62.49099588400645
STU_010387,61.04627541203594
STU_010388,95.71064101412887
STU_010389,71.88942266213166
STU_010390,55.77346765602333
STU_010391,64.12052915103635
STU_010392,76.03987508660546
STU_010393,81.16592786886366
STU_010394,75.56721072089144
STU_010395,76.77863642641123
STU_010396,81.2916901906436
STU_010397,87.80150973055217
STU_010398,86.99384098997218
STU_010399,62.609165997309205
STU_010400,72.57299263026354
STU_010401,49.4168154698052
STU_010402,69.40677091490859
STU_010403,76.70864087254405
STU_010404,86.04754153282232
STU_010405,81.49914733143663
STU_010406,74.97694751191094
STU_010407,92.83253393711266
STU_010408,65.78003351306069
STU_010409,96.17404239850683
STU_010410,65.49970693170329
STU_010411,90.36031041962303
STU_010412,96.06201190107113
STU_010413,87.4765559529167
STU_010414,86.82266230822363
STU_010415,89.32834617493492
STU_010416,82.55076747937656
STU_010417,98.37059424868781
STU_010418,73.51704612075918
STU_010419,94.27501345752297
STU_010420,86.90299851414005
STU_010421,84.00040580168607
STU_010422,73.27098923249507
STU_010423,73.48671160318919
STU_010424,52.09803716982597
STU_010425,54.31982129283753
STU_010426,73.8220436297932
STU_010427,63.675291375919315
STU_010428,72.35086347700232
STU_010429,52.54881468534332
STU_010430,86.44961700724735
STU_010431,49.107280492401294
STU_010432,70.84053961865963
STU_010433,74.85299891918764
STU_010434,89.3167129576486
STU_010435,60.207514028311834
STU_010436,77.49517797148283
STU_010437,51.55525091649639
STU_010438,99.72187199323682
STU_010439,68.01129011611836
STU_010440,89.17416352004778
STU_010441,58.271152876343166
STU_010442,71.42281042175375
STU_010443,81.94907773179236
STU_010444,68.85441714696601
STU_010445,71.37583654395314
STU_010446,45.404065892277984
STU_010447,79.31557670392843
STU_010448,73.10720187653962
STU_010449,70.146177343203
STU_010450,66.20757601899095
STU_010451,91.66504331966273
STU_010452,81.55636623934396
STU_010453,70.67940426238056
STU_010454,67.0591597348353
STU_010455,46.84482856908873
STU_010456,86.07530923901624
STU_010457,74.95714702732101
STU_010458,87.78300164443516
STU_010459,75.3424129666719
STU_010460,68.3790524262255
STU_010461,67.18984823982744
STU_010462,57.344560357118525
STU_010463,85.02093088245516
STU_010464,88.96260656727083
STU_010465,53.410186199022306
STU_010466,66.14054997403771
STU_010467,77.84435887976224
STU_010468,71.27287481724603
STU_010469,80.07343919798232
STU_010470,69.0219827124147
STU_010471,97.49065595752381
STU_010472,55.85190488980697
STU_010473,87.76690688605164
STU_010474,84.33663041592652
STU_010475,77.81618987448215
STU_010476,64.2511524758618
STU_010477,70.04937380842013
STU_010478,95.20924110685011
STU_010479,60.27669182346891
STU_010480,68.94390157695658
STU_010481,61.99604419909274
STU_010482,74.07588223512269
STU_010483,94.22750371923854
STU_010484,74.33195287229526
STU_010485,48.292102621437046
STU_010486,72.52357524474013
STU_010487,93.19140364551781
STU_010488,83.1110825758658
STU_010489,83.04257997895265
STU_010490,82.20496146124235
STU_010491,71.67802747980517
STU_010492,72.82454055454092
STU_010493,79.54483494557195
STU_010494,59.36794788067276
STU_010495,39.58177180302908
STU_010496,97.67563616957115
STU_010497,64.25010195848076
STU_010498,73.39527999824757
STU_010499,66.67547148763092
STU_010500,69.16686544853076
STU_010501,77.0230802550565
STU_010502,67.92062930765621
STU_010503,78.57485702564344
STU_010504,68.29908037738161
STU_010505,61.375353301283894
STU_010506,88.75772163401311
STU_010507,66.46563621435091
STU_010508,62.48238429963641
STU_010509,80.58624112303784
STU_010510,48.504363829450696
STU_010511,59.97212979071951
STU_010512,72.05055314659768
STU_010513,93.31483837581054
STU_010514,74.34653548327017
STU_010515,83.2364844598359
STU_010516,81.85500832846026
STU_010517,97.64621455902503
STU_010518,50.68149948270067
STU_010519,88.74982594143032
STU_010520,87.45490059930296
STU_010521,98.57792004087369
STU_010522,71.59355349720255
STU_010523,84.72300102551165
STU_010524,88.5840447737857
STU_010525,68.7771056139051
STU_010526,58.22863170127512
STU_010527,87.59104983761983
STU_010528,83.70717189047753
STU_010529,47.62942665006592
STU_010530,76.59997442356863
STU_010531,66.468431688706
STU_010532,58.00981223471281
STU_010533,83.41475947454336
STU_010534,78.53935876067126
STU_010535,85.6795543712814
STU_010536,76.87434299950078
STU_010537,75.7304977958184
STU_010538,76.80893955541109
STU_010539,61.45741223401706
STU_010540,47.23334167622885
STU_010541,88.7629252740752
STU_010542,99.69799298966484
STU_010543,81.49682461424268
STU_010544,73.26553886080893
STU_010545,82.49537414195511
STU_010546,70.95430694587161
STU_010547,77.74382048514951
STU_010548,99.6618010086891
STU_010549,64.94396314493204
STU_010550,81.04466911916148
STU_010551,58.754442405028186
STU_010552,96.23673451890765
STU_010553,98.24216912649717
STU_010554,87.11669696484665
STU_010555,74.95063399259097
STU_010556,61.368374872278
STU_010557,77.11666464897415
STU_010558,78.27128211309639
STU_010559,77.20613682380679
STU_010560,76.70428306474062
STU_010561,96.83694134121006
STU_010562,59.028225269223796
STU_010563,63.97379032912442
STU_010564,63.01230402553722
STU_010565,90.97572213733046
STU_010566,59.76621591771898
STU_010567,73.3340073228582
STU_010568,80.70759257156718
STU_010569,96.14655886133257
STU_010570,53.752871689059376
STU_010571,95.40152563546013
STU_010572,71.9674011862626
STU_010573,95.53710273084343
STU_010574,72.39289651730125
STU_010575,64.07460189662567
STU_010576,51.567683756300994
STU_010577,63.73774919053439
STU_010578,69.97714627080559
STU_010579,83.58073015513796
STU_010580,61.098830768135386
STU_010581,49.65951554947768
STU_010582,78.07334419400013
STU_010583,75.60382893844192
STU_010584,94.33800855067193
STU_010585,77.1310889974439
STU_010586,99.47776684743134
STU_010587,73.79944232888036
STU_010588,69.60539373175291
STU_010589,99.27035198491839
STU_010590,88.05485949308436
STU_010591,72.07276505259739
STU_010592,96.34809383556723
STU_010593,84.50323213857268
STU_010594,50.82203031742108
STU_010595,80.32104088907246
STU_010596,74.44371117427256
STU_010597,61.47069678874932
STU_010598,93.50911018331233
STU_010599,67.25906479100618
STU_010600,72.28808973670827
STU_010601,83.05201178157228
STU_010602,69.15751356299867
STU_010603,79.30182754551305
STU_010604,73.06397241985033
STU_010605,62.43057315788592
STU_010606,94.88770755268933
STU_010607,86.70432724245863
STU_010608,63.0161685730881
STU_010609,76.81409773413314
STU_010610,78.57261373812563
STU_010611,89.71400802295284
STU_010612,58.97778463308829
STU_010613,94.51794290774203
STU_010614,99.2576538511457
STU_010615,90.47482923953427
STU_010616,90.62101974051518
STU_010617,55.28346043442828
STU_010618,80.1993253306446
STU_010619,98.44594328713887
STU_010620,65.45075340425018
STU_010621,68.17830047953076
STU_010622,57.406372119398576
STU_010623,86.98969671279727
STU_010624,62.0858737080614
STU_010625,67.23880498866416
STU_010626,89.99502675661287
STU_010627,90.26485720400458
STU_010628,59.68381974971983
STU_010629,82.16000784200799
STU_010630,78.18093600919906
STU_010631,93.50109574890942
STU_010632,67.52623636425425
STU_010633,76.27026688125434
STU_010634,75.38090360201821
STU_010635,63.87990005749707
STU_010636,82.27626283291832
STU_010637,62.580074915197265
STU_010638,73.28310818319761
STU_010639,68.070073327415
STU_010640,57.22582659128997
STU_010641,69.64052426212967
STU_010642,97.53303023289985
STU_010643,90.383689143312
STU_010644,73.82885123328757
STU_010645,79.71684806499981
STU_010646,96.21985055063763
STU_010647,69.16170239840423
STU_010648,73.10290398298346
STU_010649,75.18322351024203
STU_010650,85.98750139909882
STU_010651,80.8840934998106
STU_010652,67.11002054358595
STU_010653,86.86132155717401
STU_010654,88.72610600819027
STU_010655,88.67206418923617
STU_010656,76.25556963161138
STU_010657,79.69850706700231
STU_010658,74.56548995323021
STU_010659,96.10254827418248
STU_010660,90.86423537898668
STU_010661,70.62593720225233
STU_010662,96.29422560887114
STU_010663,70.25569923769794
STU_010664,73.53330514023091
STU_010665,61.14006360687405
STU_010666,95.86103417071149
STU_010667,90.88278707177494
STU_010668,69.09136186220164
STU_010669,74.6432299293908
STU_010670,87.93738082358674
STU_010671,62.06916025093005
STU_010672,57.15009127190177
STU_010673,86.99231499302533
STU_010674,98.58049323885905
STU_010675,93.21037231648933
STU_010676,81.90989399928586
STU_010677,76.472321308407
STU_010678,74.20991742098508
STU_010679,69.33697443148904
STU_010680,91.07550631733042
STU_010681,87.55785567473436
STU_010682,50.55996838487789
STU_010683,72.4461165962879
STU_010684,75.84227951636998
STU_010685,87.51575453531932
STU_010686,77.6585251543488
STU_010687,61.949878729298725
STU_010688,98.28817651196105
STU_010689,85.79346071778889
STU_010690,99.42237287884498
STU_010691,75.46522675699457
STU_010692,89.90415101911393
STU_010693,75.19085425251157
STU_010694,70.78327306056457
STU_010695,61.472259090396584
STU_010696,52.33701689601983
STU_010697,69.69429600391166
STU_010698,93.45372842763709
STU_010699,80.37301956519455
STU_010700,92.2257911176876
STU_010701,81.8175122509266
STU_010702,65.95138950460807
STU_010703,98.2670834474332
STU_010704,99.59967476561424
STU_010705,80.1318868207789
STU_010706,94.47835251344013
STU_010707,77.58621895132035
STU_010708,77.31145203095222
STU_010709,65.3616445414894
STU_010710,55.56042276580803
STU_010711,99.44751780091966
STU_010712,49.85247846847428
STU_010713,91.57125800604828
STU_010714,64.55904321035243
STU_010715,81.07001790984287
STU_010716,53.96372982078928
STU_010717,85.29865034321728
STU_010718,77.38408103488544
STU_010719,82.26331749849766
STU_010720,52.38445330951262
STU_010721,67.56046470371534
STU_010722,99.8578816854029
STU_010723,72.659165577431
STU_010724,81.52477944247417
STU_010725,66.42947454185635
STU_010726,65.98015625568247
STU_010727,48.36195923472644
STU_010728,72.73776273802162
STU_010729,95.04032029106884
STU_010730,95.3588385248305
STU_010731,71.68135604694166
STU_010732,73.53156531875067
STU_010733,98.91348586476332
STU_010734,83.99117034254708
STU_010735,69.88537764338857
STU_010736,67.39399164315478
STU_010737,66.42975292530612
STU_010738,65.99785344932022
STU_010739,71.4303692311108
STU_010740,66.2504814670141
STU_010741,84.39984004808352
STU_010742,66.15785556907767
STU_010743,96.39998311389286
STU_010744,76.55965035813212
STU_010745,65.55196962232193
STU_010746,70.6169403804061
STU_010747,87.61530857893283
STU_010748,74.95273683327804
STU_010749,83.8601803866771
STU_010750,78.74731602747869
STU_010751,71.54485148164886
STU_010752,64.79235547705966
STU_010753,76.01390642476352
STU_010754,84.23125806592265
STU_010755,60.63994663011343
STU_010756,90.69186336529775
STU_010757,55.75529131575927
STU_010758,82.34034906699702
STU_010759,91.98796452236223
STU_010760,84.78937237762082
STU_010761,74.76057324471716
STU_010762,74.43889425731825
STU_010763,62.96165549723651
STU_010764,52.56163132222103
STU_010765,84.62733368015347
STU_010766,60.77068353087004
STU_010767,72.11422766100137
STU_010768,56.32051436320821
STU_010769,89.03937231532285
STU_010770,68.22181884704031
STU_010771,44.68778750996425
STU_010772,68.55248277583642
STU_010773,86.0951581274432
STU_010774,86.1791131433397
STU_010775,93.36780723097569
STU_010776,43.45746354441232
STU_010777,78.40955896150285
STU_010778,53.87820538671339
STU_010779,63.97219844368222
STU_010780,81.87030657108932
STU_010781,78.20709914829754
STU_010782,84.76302666722339
STU_010783,50.01689052554651
STU_010784,70.51144798433407
STU_010785,84.71521933897
STU_010786,83.11304763162676
STU_010787,72.03684169793254
STU_010788,71.92856271620826
STU_010789,95.2982142777762
STU_010790,60.82464274843099
STU_010791,58.9185721915415
STU_010792,94.30104766488765
STU_010793,83.90077236574463
STU_010794,58.88762526389387
STU_010795,79.77328623011982
STU_010796,80.16193203272272
STU_010797,57.076715494232516
STU_010798,61.55777012531865
STU_010799,87.60580861241559
STU_010800,65.32321498740326
STU_010801,63.28043240542679
STU_010802,85.03880428696456
STU_010803,80.69784554135472
STU_010804,53.556170400630826
STU_010805,71.29772959657296
STU_010806,85.11754522502969
STU_010807,95.81223499719704
STU_010808,66.87064211773563
STU_010809,99.6666958426591
STU_010810,86.6388839255228
STU_010811,76.76528015472623
STU_010812,81.4973002511968
STU_010813,95.47594846414296
STU_010814,68.24917975291376
STU_010815,86.93067595024625
STU_010816,99.8100059736586
STU_010817,86.93114521560167
STU_010818,85.52733867638206
STU_010819,80.47692045839443
STU_010820,94.90787676828901
STU_010821,98.21269410422914
STU_010822,62.95596451510822
STU_010823,92.81938521603058
STU_010824,87.86431827821394
STU_010825,84.16845585188574
STU_010826,82.62151436876204
STU_010827,59.55641124894254
STU_010828,72.47913052911794
STU_010829,69.594095332053
STU_010830,74.7289694405259
STU_010831,93.15697204957257
STU_010832,96.34563573773494
STU_010833,82.51762548088723
STU_010834,69.50623816852725
STU_010835,81.73948670176544
STU_010836,84.2914096002656
STU_010837,79.14575176885634
STU_010838,90.69991993370917
STU_010839,68.00585336608299
STU_010840,81.06180273558255
STU_010841,86.64729356055591
STU_010842,88.76324851346283
STU_010843,72.9634729571795
STU_010844,52.64061416580121
STU_010845,91.95370421792646
STU_010846,80.69788327265164
STU_010847,99.58531880086113
STU_010848,73.22056411816223
STU_010849,74.57792871015582
STU_010850,60.83089520443113
STU_010851,95.87052107085034
STU_010852,62.95749002453256
STU_010853,89.88784190815488
STU_010854,88.17287852015113
STU_010855,68.20333251843998
STU_010856,56.02280871273887
STU_010857,66.84984398188082
STU_010858,51.19677417798469
STU_010859,67.17695705016234
STU_010860,95.49170032476384
STU_010861,76.55588593436525
STU_010862,66.13992767706115
STU_010863,81.4055223962113
STU_010864,90.28710463446329
STU_010865,76.7991917691476
STU_010866,94.31051516394636
STU_010867,51.82205951420815
STU_010868,65.20701949592865
STU_010869,81.92517093825825
STU_010870,62.24731268403012
STU_010871,86.53480118814934
STU_010872,86.49149059219647
STU_010873,45.54739237912791
STU_010874,65.6527014989022
STU_010875,82.46716493662919
STU_010876,66.27709858624596
STU_010877,74.5409746079426
STU_010878,76.97154923077966
STU_010879,68.12673265273554
STU_010880,82.10499235530459
STU_010881,98.2024423039806
STU_010882,76.81861890343743
STU_010883,82.07783191345793
STU_010884,60.1970411869062
STU_010885,66.78412785530874
STU_010886,97.87621511239934
STU_010887,57.24594343878431
STU_010888,86.11860825383687
STU_010889,95.36124996259989
STU_010890,79.45085685540991
STU_010891,98.34550181863221
STU_010892,82.68188774117101
STU_010893,73.16659001196538
STU_010894,83.56724075248323
STU_010895,68.4983538593941
STU_010896,73.46356844077266
STU_010897,67.33495944628082
STU_010898,82.00811946439376
STU_010899,61.53312939291628
STU_010900,67.68464470879329
STU_010901,60.47381281613252
STU_010902,90.4519200222175
STU_010903,56.52174228875798
STU_010904,75.34111272947372
STU_010905,66.31207112570914
STU_010906,52.25516809012841
STU_010907,97.30168432960619
STU_010908,87.00836991008799
STU_010909,85.95092073555765
STU_010910,83.31545845009546
STU_010911,80.26764735993127
STU_010912,90.43548700299829
STU_010913,78.17917809178464
STU_010914,91.57239755596166
STU_010915,75.33046394175975
STU_010916,67.97875859255446
STU_010917,81.27801416953182
STU_010918,77.93784973859493
STU_010919,89.87012055560216
STU_010920,70.37428126853004
STU_010921,78.24562218407209
STU_010922,77.8836381776032
STU_010923,91.02813408754344
STU_010924,95.46999625296388
STU_010925,67.16285862816937
STU_010926,92.94966261304926
STU_010927,63.420927731928465
STU_010928,74.7524189155429
STU_010929,68.29828067957749
STU_010930,91.08475665895165
STU_010931,70.68915899681167
STU_010932,88.61957239615003
STU_010933,72.22993964723307
STU_010934,88.35827690108573
STU_010935,70.73573212934896
STU_010936,65.27527633091931
STU_010937,73.15345106195633
STU_010938,61.87293617843625
STU_010939,82.03971631583752
STU_010940,46.39043620475024
STU_010941,97.12027733542402
STU_010942,79.87585874036054
STU_010943,54.876169174136294
STU_010944,58.17313996777376
STU_010945,76.52831431170887
STU_010946,84.54683439630703
STU_010947,75.40573748409585
STU_010948,92.9882944823605
STU_010949,97.69545816712939
STU_010950,63.72920592472529
STU_010951,72.1583120291177
STU_010952,60.817058994495994
STU_010953,86.71534247312727
STU_010954,52.660989621598546
STU_010955,61.400722692911145
STU_010956,98.67311154587672
STU_010957,87.79782386391898
STU_010958,69.59806056438461
STU_010959,87.19071347849996
STU_010960,85.07843118165009
STU_010961,74.34376855752595
STU_010962,91.81914025512134
STU_010963,72.96196411140247
STU_010964,77.39914255563173
STU_010965,65.83666181374431
STU_010966,55.167698000194605
STU_010967,69.95691180636955
STU_010968,66.23270659837576
STU_010969,57.33832815406393
STU_010970,85.70887716509225
STU_010971,70.20142118594552
STU_010972,71.81835399595572
STU_010973,74.73992522673542
STU_010974,66.12485395222322
STU_010975,81.40185992812101
STU_010976,83.17412676296996
STU_010977,86.6432004242091
STU_010978,97.47181253461329
STU_010979,74.2537850196671
STU_010980,78.59083401668812
STU_010981,92.53072147709811
STU_010982,72.32566212555953
STU_010983,72.66445284318822
STU_010984,74.86762971887322
STU_010985,52.53798398955057
STU_010986,90.17578602727727
STU_010987,90.68615792143133
STU_010988,67.16186037882173
STU_010989,84.78666414849602
STU_010990,77.46116500160946
STU_010991,59.79343757316121
STU_010992,82.15187984241581
STU_010993,74.00417368741563
STU_010994,82.72219672435818
STU_010995,98.15396298685687
STU_010996,60.22664087128079
STU_010997,66.92084510003764
STU_010998,67.95415414055553
STU_010999,67.92683198158487
STU_011000,76.33735195172945
STU_011001,61.460298810572766
STU_011002,76.89580902992986
STU_011003,63.48657702764882
STU_011004,82.53830728593218
STU_011005,72.66824746348888
STU_011006,81.71226064907616
STU_011007,66.9772790355411
STU_011008,80.7582041626753
STU_011009,96.38555831651688
STU_011010,97.67806075427882
STU_011011,65.04307359074642
STU_011012,83.72376775185246
STU_011013,55.27500979141718
STU_011014,67.95291768210876
STU_011015,97.65771249854002
STU_011016,63.041079101582646
STU_011017,75.26446417088341
STU_011018,88.35824889196905
STU_011019,62.46081727086825
STU_011020,90.63539752231253
STU_011021,64.99402747174085
STU_011022,84.55373910351824
STU_011023,72.96920236077173
STU_011024,78.33483046615439
STU_011025,67.28511294112633
STU_011026,78.26210591657681
STU_011027,71.89447651737248
STU_011028,91.37113072336726
STU_011029,80.8760522990813
STU_011030,60.410207611475194
STU_011031,58.812272604075936
STU_011032,63.736588793518536
STU_011033,55.040046721627846
STU_011034,75.28945639715785
STU_011035,89.42344800722095
STU_011036,96.84359435397289
STU_011037,94.46687659190185
STU_011038,85.70082547673408
STU_011039,59.35518924664895
STU_011040,77.0439554150011
STU_011041,54.38021590649065
STU_011042,60.299718338088766
STU_011043,63.84910606073291
STU_011044,62.52763397256791
STU_011045,96.99463787052312
STU_011046,80.1038283293945
STU_011047,81.80511177095586
STU_011048,64.38939348306751
STU_011049,81.15329961339047
STU_011050,75.24443562010819
STU_011051,89.74257593210584
STU_011052,99.69518254170032
STU_011053,51.268948036485845
STU_011054,72.4902212130535
STU_011055,62.281771861582776
STU_011056,58.81799068911991
STU_011057,93.08566861877122
STU_011058,99.67987258391665
STU_011059,98.13866891151392
STU_011060,70.52170387943126
STU_011061,62.240273693014174
STU_011062,62.56193813578254
STU_011063,88.85626591080862
STU_011064,72.61388377484448
STU_011065,73.00759971953592
STU_011066,72.3441239814451
STU_011067,88.25897268532663
STU_011068,96.41138978204816
STU_011069,93.36553722814449
STU_011070,68.37695366925053
STU_011071,88.78266573589033
STU_011072,92.29724850033774
STU_011073,74.35745980957435
STU_011074,91.65368343460514
STU_011075,68.84758247359247
STU_011076,97.11995721039209
STU_011077,75.02067743715295
STU_011078,70.67350445403613
STU_011079,66.38009498331752
STU_011080,60.816375480119035
STU_011081,86.836564962638
STU_011082,52.58379722523033
STU_011083,96.01987695746195
STU_011084,74.3158484604
STU_011085,89.32761758389447
STU_011086,62.96955881078681
STU_011087,74.72260434418826
STU_011088,76.54623396152343
STU_011089,89.6626293631964
STU_011090,92.89798897484434
STU_011091,82.28162291731547
STU_011092,65.8346457183338
STU_011093,79.31246101396897
STU_011094,60.2589167660399
STU_011095,80.85068500140484
STU_011096,59.605671604838534
STU_011097,90.86245602213923
STU_011098,90.63607597879614
STU_011099,85.78026010984799
STU_011100,59.85678617408688
STU_011101,61.86146078315506
STU_011102,78.83673355250005
STU_011103,66.6518492014448
STU_011104,95.616730670682
STU_011105,74.19338572579329
STU_011106,84.31316419143548
STU_011107,55.56205072928502
STU_011108,80.97519442236029
STU_011109,94.76136650143187
STU_011110,99.36967644124415
STU_011111,75.02786648530815
STU_011112,76.2981624661841
STU_011113,82.61370638719751
STU_011114,91.97299132239955
STU_011115,93.83578260475608
STU_011116,85.34626524268717
STU_011117,70.86178351080264
STU_011118,71.44533310979777
STU_011119,79.30080248150904
STU_011120,78.56957397600183
STU_011121,76.2042621538844
STU_011122,60.82598264007963
STU_011123,98.93630956451737
STU_011124,62.72262154544874
STU_011125,99.66285879369488
STU_011126,87.86990329897796
STU_011127,76.46943766264238
STU_011128,64.68307813784864
STU_011129,88.16902139900658
STU_011130,59.32346218079982
STU_011131,87.79732499268
STU_011132,72.31004232295996
STU_011133,82.08034063240677
STU_011134,57.05835425343086
STU_011135,58.23233995779734
STU_011136,94.68997366480225
STU_011137,75.7052469724546
STU_011138,99.75930485453006
STU_011139,71.93207519219047
STU_011140,86.60756321468253
STU_011141,54.06606363661685
STU_011142,94.37245638557306
STU_011143,82.44798783295454
STU_011144,64.9877598176097
STU_011145,63.96731722340907
STU_011146,66.65724855991932
STU_011147,94.2545102781686
STU_011148,93.25974694842171
STU_011149,91.23168784207544
STU_011150,81.05733907224129
STU_011151,95.50170899320926
STU_011152,62.69638055273522
STU_011153,76.40590897523165
STU_011154,74.09447457118162
STU_011155,67.75177717423898
STU_011156,74.6476934419357
STU_011157,57.75256428813627
STU_011158,71.14959712539476
STU_011159,69.14935551048406
STU_011160,53.26724482237445
STU_011161,89.35889957346069
STU_011162,71.06432903951105
STU_011163,71.77272011688709
STU_011164,85.85451346337392
STU_011165,75.01981927325951
STU_011166,74.66725134241707
STU_011167,68.99631657743446
STU_011168,82.20194272131326
STU_011169,87.80690031322459
STU_011170,60.106233848582704
STU_011171,71.02845458728859
STU_011172,97.46783641900953
STU_011173,92.52265012296589
STU_011174,72.11864673623288
STU_011175,63.38067903374953
STU_011176,80.59383108177758
STU_011177,72.92266021889859
STU_011178,91.89574864809282
STU_011179,85.56556182084954
STU_011180,68.18077307141773
STU_011181,82.9404700260655
STU_011182,95.42711819784249
STU_011183,56.16811927149507
STU_011184,79.76173054234849
STU_011185,79.3952317483006
STU_011186,47.652937697164624
STU_011187,83.63049009321477
STU_011188,79.30638798539289
STU_011189,47.53724837190104
STU_011190,81.0231846501827
STU_011191,94.8839612104621
STU_011192,79.78292211012061
STU_011193,70.81818044638626
STU_011194,89.92925303864382
STU_011195,82.34108385552811
STU_011196,90.2391466692093
STU_011197,98.73035540721182
STU_011198,75.13323326160844
STU_011199,92.95047144999307
STU_011200,72.42465148823868
STU_011201,53.141719599895865
STU_011202,61.222677680790184
STU_011203,78.84668822924513
STU_011204,88.84300083431958
STU_011205,88.1272925832723
STU_011206,82.23781951062497
STU_011207,58.15862533081122
STU_011208,72.33279655947491
STU_011209,77.9271613633062
STU_011210,72.60499638707132
STU_011211,79.02139610419056
STU_011212,74.34300869485894
STU_011213,85.35699588575106
STU_011214,56.20230250147181
STU_011215,93.22020434818214
STU_011216,59.87726053396873
STU_011217,99.8139677651399
STU_011218,66.46253916930482
STU_011219,86.39131369257171
STU_011220,66.71274299524367
STU_011221,80.00775695068258
STU_011222,90.44438805798356
STU_011223,65.89278308560446
STU_011224,99.27424430553319
STU_011225,46.89371308604426
STU_011226,84.0364279873597
STU_011227,62.082503037630275
STU_011228,96.74210427321319
STU_011229,83.50162868267752
STU_011230,79.81060009861329
STU_011231,93.82640261012423
STU_011232,84.10554276225056
STU_011233,71.89496559744686
STU_011234,80.050186552914
STU_011235,97.75706687978219
STU_011236,66.6489481193613
STU_011237,64.22052494187446
STU_011238,66.83096210131023
STU_011239,81.64281655600419
STU_011240,88.10621959457725
STU_011241,98.5636391017278
STU_011242,64.3566997856799
STU_011243,64.0478836202455
STU_011244,52.73249887955733
STU_011245,71.90052513764016
STU_011246,73.01466208981763
STU_011247,85.32990104776752
STU_011248,68.67431271137119
STU_011249,71.07219857297387
STU_011250,70.6899776520826
STU_011251,74.56472114160498
STU_011252,76.9311806245677
STU_011253,78.30703849575846
STU_011254,99.12458725196993
STU_011255,86.81377175786608
STU_011256,79.17228293420982
STU_011257,52.44340887605337
STU_011258,77.84732648372946
STU_011259,79.92840824943755
STU_011260,99.87741889122822
STU_011261,64.29651080861676
STU_011262,87.31718938332634
STU_011263,56.40721445130953
STU_011264,48.23288216617115
STU_011265,75.52675054837582
STU_011266,77.70000230906521
STU_011267,89.102554813448
STU_011268,69.04157540688729
STU_011269,94.00545838984462
STU_011270,74.74122527292741
STU_011271,79.43615898598861
STU_011272,88.65376967770118
STU_011273,74.72830541013457
STU_011274,83.1469589222906
STU_011275,72.49542076449005
STU_011276,81.23863447723537
STU_011277,73.63208326326267
STU_011278,71.5773198032588
STU_011279,99.6363342212048
STU_011280,78.25927581642011
STU_011281,67.48985092768243
STU_011282,92.68467716754151
STU_011283,79.16292404475686
STU_011284,56.411083902671564
STU_011285,94.5527714986471
STU_011286,80.6575319033748
STU_011287,73.50724479334929
STU_011288,73.16314752626826
STU_011289,63.721586217867426
STU_011290,68.2064406398722
STU_011291,82.80387545834182
STU_011292,43.401990274082266
STU_011293,93.86013622966436
STU_011294,74.49316020167166
STU_011295,79.63214620751624
STU_011296,98.31020374921022
STU_011297,72.7687038275607
STU_011298,57.54116792232513
STU_011299,81.32528878863297
STU_011300,92.31497347103115
STU_011301,99.43974653752466
STU_011302,72.0964809760518
STU_011303,82.6108279286029
STU_011304,84.98340686347814
STU_011305,74.10257726582944
STU_011306,72.41906492053013
STU_011307,61.251801002457
STU_011308,50.68922328675585
STU_011309,80.32393060968823
STU_011310,51.99876641584361
STU_011311,87.53684156973321
STU_011312,67.1403051292616
STU_011313,86.91052225174889
STU_011314,60.262146614761896
STU_011315,82.83950363740206
STU_011316,59.24827834932767
STU_011317,74.80771240038223
STU_011318,59.66618163369701
STU_011319,88.97752690706734
STU_011320,58.24655672250091
STU_011321,89.54296158249281
STU_011322,64.33702704800552
STU_011323,49.11643113568968
STU_011324,61.80414513372872
STU_011325,56.34401535919144
STU_011326,79.50027035922382
STU_011327,80.82232887167254
STU_011328,86.35632709678721
STU_011329,60.633948232260366
STU_011330,52.81213735374649
STU_011331,59.457410820060986
STU_011332,93.13861403225727
STU_011333,63.280574456821796
STU_011334,87.03659891416888
STU_011335,65.77397783341843
STU_011336,59.34128975243319
STU_011337,83.63970366347307
STU_011338,94.4705793886425
STU_011339,71.35473415620567
STU_011340,72.46715057062069
STU_011341,98.83458141709573
STU_011342,84.33774405684588
STU_011343,83.61092222430699
STU_011344,42.1333680113045
STU_011345,66.50253573282741
STU_011346,72.53718427755297
STU_011347,99.59650228890445
STU_011348,80.08605367827329
STU_011349,99.74115121524332
STU_011350,66.63434717141277
STU_011351,75.29380707650972
STU_011352,80.41434371440887
STU_011353,69.13653974337875
STU_011354,92.31724003098293
STU_011355,67.50053303224095
STU_011356,83.45448638076726
STU_011357,69.23032719904606
STU_011358,95.00348330541351
STU_011359,99.8603802515421
STU_011360,99.92448656964555
STU_011361,67.51141489740202
STU_011362,77.24399318352644
STU_011363,99.7078352378416
STU_011364,90.41417537922358
STU_011365,65.47626737177976
STU_011366,87.32459292954896
STU_011367,72.6740452092044
STU_011368,84.20623653665999
STU_011369,68.74656950647349
STU_011370,81.94276901914432
STU_011371,67.49599551486467
STU_011372,95.37534077729879
STU_011373,65.14532924683115
STU_011374,77.31783139227292
STU_011375,87.70301012807973
STU_011376,49.87518379012984
STU_011377,99.78716166020932
STU_011378,86.204806765094
STU_011379,84.48368364553207
STU_011380,74.6470067098867
STU_011381,61.05553297375536
STU_011382,80.6423722708019
STU_011383,95.37812850320303
STU_011384,70.65773986638955
STU_011385,81.47411163110473
STU_011386,68.29953879172596
STU_011387,53.39936950299099
STU_011388,60.59824150012392
STU_011389,57.00765111163043
STU_011390,91.27782275335028
STU_011391,57.596970190936226
STU_011392,72.70007523007291
STU_011393,74.44921973371916
STU_011394,79.98878721918902
STU_011395,83.9778729719201
STU_011396,89.37808369426004
STU_011397,68.31400657009789
STU_011398,99.91126775747742
STU_011399,73.00557149628494
STU_011400,70.08948922691596
STU_011401,72.80844325386644
STU_011402,75.29587632815515
STU_011403,79.41856222965399
STU_011404,99.68866756128463
STU_011405,82.4458474974601
STU_011406,85.23006366101808
STU_011407,98.20639062271712
STU_011408,73.70215677817062
STU_011409,87.34197707541733
STU_011410,72.45633822874348
STU_011411,95.63506043128453
STU_011412,74.36087924401116
STU_011413,63.384465693922124
STU_011414,91.64309693585116
STU_011415,74.77664062091839
STU_011416,97.73178178337753
STU_011417,78.50392544451562
STU_011418,60.0232819848979
STU_011419,72.61054347092391
STU_011420,92.99644849668184
STU_011421,91.29428310562258
STU_011422,75.5868089650551
STU_011423,62.6567387994571
STU_011424,72.35960485296492
STU_011425,69.20639129160901
STU_011426,99.12329962568987
STU_011427,64.5494525658236
STU_011428,93.45588917898627
STU_011429,73.89235042515239
STU_011430,74.12025755659332
STU_011431,77.54759324023578
STU_011432,66.56693482434991
STU_011433,94.38304484213685
STU_011434,93.59710351350473
STU_011435,70.86618116289088
STU_011436,91.1004542295428
STU_011437,61.8369733700101
STU_011438,66.99287148379709
STU_011439,73.69104826861492
STU_011440,69.74697281916606
STU_011441,75.11210904960082
STU_011442,73.66512344328626
STU_011443,70.37807253587425
STU_011444,76.68295390212154
STU_011445,67.71387861861531
STU_011446,57.85244569142013
STU_011447,92.47666187062185
STU_011448,62.24950266989177
STU_011449,70.0760991661529
STU_011450,79.55888028603115
STU_011451,81.9521664493951
STU_011452,73.74906178178888
STU_011453,74.09573058271161
STU_011454,65.60307451110795
STU_011455,49.42951528928721
STU_011456,90.97956686089593
STU_011457,68.17064314349489
STU_011458,97.06465810016915
STU_011459,71.22245919017374
STU_011460,84.29588002766016
STU_011461,77.79927863227786
STU_011462,82.94301063019617
STU_011463,79.7033844629365
STU_011464,74.25124758225195
STU_011465,66.11986668010219
STU_011466,82.35940994565107
STU_011467,72.68486532697113
STU_011468,62.099828490742496
STU_011469,70.99356854182874
STU_011470,96.85686782733082
STU_011471,59.41105141618329
STU_011472,69.47642663462825
STU_011473,78.18040548958427
STU_011474,91.34168694548994
STU_011475,86.76259118487556
STU_011476,97.45579817613029
STU_011477,98.4209851111329
STU_011478,48.18644640787485
STU_011479,66.27108569957798
STU_011480,98.92385430502767
STU_011481,71.50857945452628
STU_011482,60.922876638757685
STU_011483,96.7215656189825
STU_011484,75.57461761232454
STU_011485,76.94541473762254
STU_011486,60.89894269034489
STU_011487,77.49518223245889
STU_011488,73.36578828001848
STU_011489,72.65538694580533
STU_011490,81.76213574688606
STU_011491,56.158282221116934
STU_011492,81.91737901080899
STU_011493,95.81981444718778
STU_011494,85.43798323673757
STU_011495,83.15639291041165
STU_011496,94.72655124208055
STU_011497,73.44024476052948
STU_011498,74.8163621939525
STU_011499,79.97553757158758
STU_011500,76.4628353994802
STU_011501,64.15896954188571
STU_011502,50.659218619878196
STU_011503,89.4996317868179
STU_011504,61.922056767021544
STU_011505,70.95858670952403
STU_011506,55.68911153190378
STU_011507,68.07798581646057
STU_011508,84.05446602071689
STU_011509,68.07600366550527
STU_011510,80.90706372549803
STU_011511,97.18926796265657
STU_011512,51.297528294713665
STU_011513,79.71287785483423
STU_011514,80.71823523386517
STU_011515,65.21403598054965
STU_011516,80.00025287755918
STU_011517,88.69721289886581
STU_011518,98.36023163015685
STU_011519,62.69754647169577
STU_011520,44.41111895769758
STU_011521,47.98054820324748
STU_011522,99.9155555588816
STU_011523,75.17140178712546
STU_011524,88.56548338372005
STU_011525,99.45480344617991
STU_011526,87.91376577771098
STU_011527,90.75930046504806
STU_011528,87.28059149296695
STU_011529,82.4511793180491
STU_011530,62.309565194283564
STU_011531,77.20223800757395
STU_011532,74.40963962744229
STU_011533,74.55726309707208
STU_011534,76.2482789821131
STU_011535,67.7525965851587
STU_011536,56.87923880773285
STU_011537,52.99678063471067
STU_011538,71.0807539303613
STU_011539,70.50145623180366
STU_011540,77.79393336206392
STU_011541,79.97728985559928
STU_011542,60.99016871737865
STU_011543,80.15528133900347
STU_011544,84.06722631272916
STU_011545,92.18275424680336
STU_011546,60.77035746344448
STU_011547,95.18058944350162
STU_011548,81.83641491592523
STU_011549,61.612720073594915
STU_011550,82.22099085510143
STU_011551,75.02679705318417
STU_011552,54.122670017763326
STU_011553,75.80580862546088
STU_011554,81.23766560166746
STU_011555,84.35071927979351
STU_011556,99.74658765408218
STU_011557,58.153569352941346
STU_011558,99.91750745586575
STU_011559,93.69799940912948
STU_011560,96.77637441034929
STU_011561,67.10454769984464
STU_011562,99.26642306345283
STU_011563,96.78433444483667
STU_011564,56.638280672989765
STU_011565,73.77818353548285
STU_011566,71.53974230247132
STU_011567,60.847386303359045
STU_011568,59.12763490592854
STU_011569,77.69522527260311
STU_011570,99.50700146836338
STU_011571,76.1053636858978
STU_011572,88.01400119906943
STU_011573,72.48748770902483
STU_011574,66.3570528149908
STU_011575,71.56572939847416
STU_011576,78.46328428694558
STU_011577,63.147148902639586
STU_011578,65.1980546372213
STU_011579,72.28210151168524
STU_011580,94.2535081437772
STU_011581,59.946321316318944
STU_011582,86.1518473609735
STU_011583,66.1399521727253
STU_011584,86.65459807315167
STU_011585,84.53608726255422
STU_011586,81.89376757004399
STU_011587,95.1195658797502
STU_011588,93.96839269853353
STU_011589,84.48527788835851
STU_011590,68.74309532365564
STU_011591,62.20397190402376
STU_011592,94.71388976216471
STU_011593,76.5412426786946
STU_011594,98.08985968084687
STU_011595,92.9224664743013
STU_011596,74.98614950473706
STU_011597,69.17870345368422
STU_011598,79.80571695454186
STU_011599,63.07392330079867
STU_011600,58.86171670268368
STU_011601,72.73663315030424
STU_011602,89.71951464895469
STU_011603,63.635866233114186
STU_011604,83.16154045096886
STU_011605,83.46412909621688
STU_011606,63.888950878584275
STU_011607,95.32643301000809
STU_011608,89.28700890218978
STU_011609,65.66822939691627
STU_011610,82.68839173398018
STU_011611,53.95183451529098
STU_011612,79.51023455660248
STU_011613,67.72332076066535
STU_011614,61.07660559868788
STU_011615,93.71086298046873
STU_011616,91.63187693294263
STU_011617,67.87990604460128
STU_011618,74.18790719988789
STU_011619,79.60387638440324
STU_011620,55.07886562915462
STU_011621,71.87305085998364
STU_011622,76.74868935973421
STU_011623,58.24020413505392
STU_011624,89.83880932147943
STU_011625,99.42255928739242
STU_011626,80.49882901675358
STU_011627,66.29540863554354
STU_011628,63.40656410316528
STU_011629,69.23075763205054
STU_011630,96.48175787965596
STU_011631,52.05691988584301
STU_011632,61.53162255565218
STU_011633,99.70035880028678
STU_011634,47.428145530993135
STU_011635,91.58969231244282
STU_011636,64.53227613100478
STU_011637,75.78352508792793
STU_011638,84.0478325240689
STU_011639,89.18368316002943
STU_011640,91.86231915469659
STU_011641,76.89740457565367
STU_011642,77.92387652782122
STU_011643,61.96329025928824
STU_011644,91.1086939153227
STU_011645,98.85446685396896
STU_011646,77.5482842141794
STU_011647,75.57231726105744
STU_011648,77.76873538729315
STU_011649,88.77029525527284
STU_011650,91.98267772823048
STU_011651,65.53266593760691
STU_011652,58.88196300208768
STU_011653,99.93792518846344
STU_011654,65.31274622580489
STU_011655,74.13488564870514
STU_011656,58.37102037561636
STU_011657,38.24713093966804
STU_011658,99.07743554369921
STU_011659,62.657924289782585
STU_011660,81.17095168163885
STU_011661,99.61493658813832
STU_011662,85.19612453988096
STU_011663,94.89682069688072
STU_011664,91.13686758543733
STU_011665,64.95543373895521
STU_011666,70.59772316194443
STU_011667,60.32612301022621
STU_011668,75.91607259868559
STU_011669,62.71338045987885
STU_011670,89.37951650333906
STU_011671,76.11261965851202
STU_011672,93.01092829824287
STU_011673,73.00806347938834
STU_011674,64.63145668303541
STU_011675,90.5124106274722
STU_011676,72.72553507214215
STU_011677,78.28326155576318
STU_011678,53.336050424777625
STU_011679,98.02783381233485
STU_011680,88.18026154261771
STU_011681,98.14512663429556
STU_011682,47.96746866540833
STU_011683,71.93459964974039
STU_011684,63.22148609442425
STU_011685,58.38384656130114
STU_011686,74.33660193418429
STU_011687,91.26992145404259
STU_011688,87.5848500525079
STU_011689,71.07035892861515
STU_011690,75.65500709957566
STU_011691,97.9917436356877
STU_011692,79.55515389790776
STU_011693,86.35349797590061
STU_011694,92.45947691291909
STU_011695,92.53292712472664
STU_011696,90.8379628542161
STU_011697,66.06367563256973
STU_011698,71.59291951896947
STU_011699,82.95080512504711
STU_011700,62.601230247817426
STU_011701,78.3799331412261
STU_011702,85.6758601442312
STU_011703,93.26467773930523
STU_011704,84.85263456178947
STU_011705,78.83161728100899
STU_011706,92.68712032746075
STU_011707,68.61706333574995
STU_011708,72.38681333226336
STU_011709,84.70235303195048
STU_011710,80.2902939685529
STU_011711,82.36239912264202
STU_011712,55.68416477977788
STU_011713,93.95624919269562
STU_011714,78.98790042234528
STU_011715,84.30358063557884
STU_011716,81.85229098554875
STU_011717,71.96906838468294
STU_011718,86.0481141431218
STU_011719,76.6121390984221
STU_011720,98.28994019733184
STU_011721,63.31374801663878
STU_011722,65.90745957114672
STU_011723,71.85193843687452
STU_011724,93.45364531881665
STU_011725,77.17085827079362
STU_011726,53.75622152404527
STU_011727,61.7212185800843
STU_011728,55.89305638657943
STU_011729,77.7519616858084
STU_011730,73.29518283569774
STU_011731,97.65746465608927
STU_011732,88.07780856288588
STU_011733,81.03782595345604
STU_011734,91.05896293689015
STU_011735,79.97917318457345
STU_011736,68.76581109978021
STU_011737,69.18258416348186
STU_011738,90.22452186211538
STU_011739,90.7433204953833
STU_011740,86.39593107581481
STU_011741,78.98254159974563
STU_011742,63.8688231505729
STU_011743,55.59617451121444
STU_011744,75.6436207305089
STU_011745,65.22726652503061
STU_011746,73.0305673407538
STU_011747,88.69554094867742
STU_011748,72.3583067212146
STU_011749,72.33880223262742
STU_011750,97.62718165113543
STU_011751,68.72693636218506
STU_011752,71.26529469817511
STU_011753,48.03932334335184
STU_011754,81.52575878533621
STU_011755,77.46114642150437
STU_011756,82.44812433581674
STU_011757,75.13236402497375
STU_011758,97.51883701411705
STU_011759,72.81593680478849
STU_011760,84.82200369279877
STU_011761,89.27705319102583
STU_011762,75.89982877068422
STU_011763,79.58254868875534
STU_011764,65.7212069593447
STU_011765,80.40548342823361
STU_011766,49.58398983840934
STU_011767,63.53554835625205
STU_011768,87.19740984349565
STU_011769,64.40182880473048
STU_011770,98.0071519027911
STU_011771,66.02671099992489
STU_011772,62.913826425958824
STU_011773,61.9615273565563
STU_011774,63.17427456067227
STU_011775,82.85780421239139
STU_011776,68.83930956005766
STU_011777,74.8146962741742
STU_011778,90.91812463948811
STU_011779,80.83113613143706
STU_011780,72.00737266949321
STU_011781,58.29113346917755
STU_011782,87.5570434079191
STU_011783,74.6269478228642
STU_011784,73.89989492964028
STU_011785,66.25184553612365
STU_011786,80.74874432908311
STU_011787,68.38578245182288
STU_011788,69.11432729123268
STU_011789,60.89989647734713
STU_011790,80.49371120058969
STU_011791,93.79169448470059
STU_011792,80.42159572882193
STU_011793,61.93153850828897
STU_011794,59.552897241360625
STU_011795,61.22164028009118
STU_011796,97.89639444846293
STU_011797,63.320338665353326
STU_011798,66.90914508627026
STU_011799,99.81983122938706
STU_011800,67.09626315542789
STU_011801,86.16293021426517
STU_011802,89.62420231428692
STU_011803,68.75794046291193
STU_011804,70.8262914466986
STU_011805,67.76073776430175
STU_011806,70.31663853974617
STU_011807,83.82024453408425
STU_011808,91.14539876675603
STU_011809,92.7093089010666
STU_011810,90.5293288581314
STU_011811,91.14807177159224
STU_011812,68.4656079956674
STU_011813,71.69771117931234
STU_011814,95.39754150333644
STU_011815,69.04047381886684
STU_011816,73.16174525888525
STU_011817,96.00474812955551
STU_011818,75.6984435976766
STU_011819,72.7464860145763
STU_011820,71.70565401672442
STU_011821,73.7984389369017
STU_011822,99.8113410114762
STU_011823,71.67396468176486
STU_011824,72.94779944157949
STU_011825,81.27507030280196
STU_011826,69.1059802783685
STU_011827,74.35649218943179
STU_011828,73.90103481506591
STU_011829,74.20824536998057
STU_011830,64.68637890749719
STU_011831,65.44783141958608
STU_011832,67.07116307436398
STU_011833,65.384321745027
STU_011834,60.104612917624266
STU_011835,78.78500909840724
STU_011836,74.56477492689227
STU_011837,72.63570471554178
STU_011838,66.18229561685308
STU_011839,89.24440358192982
STU_011840,83.1678627078461
STU_011841,78.07651152901144
STU_011842,59.35043702473922
STU_011843,56.19833771384222
STU_011844,88.03185425337884
STU_011845,67.59349529840435
STU_011846,89.61528314877683
STU_011847,72.58485647763351
STU_011848,97.7000509703543
STU_011849,75.44903677027631
STU_011850,68.6546351608861
STU_011851,93.22816073980775
STU_011852,89.11168375261113
STU_011853,83.53706205392326
STU_011854,73.95676751393462
STU_011855,88.18088781553955
STU_011856,85.24107455167831
STU_011857,80.07079195284417
STU_011858,82.25667579105625
STU_011859,73.054213106395
STU_011860,73.9035110413505
STU_011861,68.36253210165245
STU_011862,68.97021934330567
STU_011863,98.43304670107459
STU_011864,50.18790726862864
STU_011865,85.03692443921899
STU_011866,61.94407666412876
STU_011867,84.65663533374422
STU_011868,84.24999287075332
STU_011869,73.82966213065484
STU_011870,93.5018674131225
STU_011871,63.303831183446476
STU_011872,67.29511408746511
STU_011873,81.27036078720855
STU_011874,65.66604426532466
STU_011875,59.71583284967313
STU_011876,70.22623477358225
STU_011877,93.13082989326571
STU_011878,55.472805731658745
STU_011879,78.55079172840445
STU_011880,61.18824329475362
STU_011881,57.17954860643068
STU_011882,85.56522772432848
STU_011883,54.55224132695299
STU_011884,68.37888249599699
STU_011885,60.7780871040148
STU_011886,67.53850571396288
STU_011887,77.23993286771258
STU_011888,78.86763425915096
STU_011889,42.27306265065636
STU_011890,59.0406898210136
STU_011891,85.53984389516356
STU_011892,99.84670464209788
STU_011893,91.39590720911215
STU_011894,73.03340020106798
STU_011895,94.6362158144932
STU_011896,58.288066151793586
STU_011897,70.3435972863906
STU_011898,99.88811324136725
STU_011899,58.47846299564678
STU_011900,78.2084538993927
STU_011901,78.30948812767059
STU_011902,52.30331701821994
STU_011903,73.35276611226222
STU_011904,80.64781557134191
STU_011905,70.7183994104133
STU_011906,80.35823674902612
STU_011907,87.61032759389064
STU_011908,96.26923410399849
STU_011909,51.403924335057155
STU_011910,87.25522050903484
STU_011911,72.79192206111617
STU_011912,92.71499439520996
STU_011913,72.51373725718884
STU_011914,90.74278268548692
STU_011915,84.78158851775615
STU_011916,67.71200233793178
STU_011917,87.5898403200026
STU_011918,77.29335147937651
STU_011919,99.5585845453596
STU_011920,73.56511623046485
STU_011921,72.01228321014057
STU_011922,80.7711314424518
STU_011923,64.02131401939184
STU_011924,71.61899756278123
STU_011925,41.23431433749194
STU_011926,72.56129453376178
STU_011927,72.81993068752428
STU_011928,71.52746819864512
STU_011929,79.85196604864493
STU_011930,85.24373767213525
STU_011931,89.14009662832802
STU_011932,66.35690233376225
STU_011933,53.76097003338437
STU_011934,86.14899279321324
STU_011935,56.132643292836974
STU_011936,92.38672949567585
STU_011937,69.11190806976808
STU_011938,54.11454256990068
STU_011939,94.63943832064984
STU_011940,80.24642086430359
STU_011941,81.85180683595874
STU_011942,92.77558696948458
STU_011943,73.16678454602871
STU_011944,66.46445888591035
STU_011945,75.61088773928248
STU_011946,98.70164507676276
STU_011947,84.9385961217827
STU_011948,60.80649032988521
STU_011949,80.7766401879311
STU_011950,75.67883434648935
STU_011951,94.60554393598142
STU_011952,66.69009886943981
STU_011953,55.381285859536945
STU_011954,91.86206786964595
STU_011955,60.15902410750044
STU_011956,93.54071419660228
STU_011957,60.71726378417185
STU_011958,96.98548677792326
STU_011959,77.88318253457078
STU_011960,90.10886237710338
STU_011961,95.01551624887941
STU_011962,76.70200091359496
STU_011963,92.85072154914604
STU_011964,71.85347152414036
STU_011965,76.20294634609718
STU_011966,95.00064282470007
STU_011967,54.100441286053794
STU_011968,89.63169650164627
STU_011969,55.72618677785384
STU_011970,81.56609593648743
STU_011971,51.02708565036938
STU_011972,90.4648636326828
STU_011973,66.8772372050823
STU_011974,97.06880050591906
STU_011975,73.10702038633431
STU_011976,66.62492471795913
STU_011977,83.37287898004223
STU_011978,63.2272989230746
STU_011979,76.14105879018302
STU_011980,78.53503128688814
STU_011981,80.60249102194729
STU_011982,97.45025511511653
STU_011983,68.82747773012215
STU_011984,83.19735662531357
STU_011985,81.16374839986071
STU_011986,71.19316221970882
STU_011987,59.87391579219086
STU_011988,80.21946921063508
STU_011989,73.86530914483828
STU_011990,93.93604448940805
STU_011991,62.44026980478162
STU_011992,43.48011432936084
STU_011993,74.80595564042837
STU_011994,63.39980462927142
STU_011995,75.0911724436998
STU_011996,70.30690989575007
STU_011997,89.79080414538032
STU_011998,93.73534685362617
STU_011999,99.44202397434891
STU_012000,90.32769874946734
STU_012001,89.59660548944242
STU_012002,73.02429614980161
STU_012003,77.82057860768376
STU_012004,69.46690845508462
STU_012005,77.52910559126849
STU_012006,92.81346581861978
STU_012007,62.59896740109739
STU_012008,75.71372292310902
STU_012009,71.68383072220766
STU_012010,40.18851170196173
STU_012011,61.41687197463004
STU_012012,73.43825975238832
STU_012013,69.10971125360297
STU_012014,53.14908084082484
STU_012015,66.54493758451757
STU_012016,50.116983171876214
STU_012017,76.93051779574547
STU_012018,90.19251763889812
STU_012019,97.18093161415703
STU_012020,57.318597282180804
STU_012021,67.10161792095427
STU_012022,73.79251051414931
STU_012023,75.4694304779454
STU_012024,96.22425093907967
STU_012025,88.73502102793003
STU_012026,63.386231134776736
STU_012027,91.74609521763844
STU_012028,95.36545218444083
STU_012029,61.58317876926942
STU_012030,88.01211878316695
STU_012031,94.1321612232056
STU_012032,65.82597747922819
STU_012033,68.49175266608259
STU_012034,96.71916922209735
STU_012035,68.28488710006656
STU_012036,69.37185914619391
STU_012037,82.19955250435862
STU_012038,62.55526938197056
STU_012039,69.69517321935317
STU_012040,97.05455599586026
STU_012041,72.23678463156979
STU_012042,90.72020490750594
STU_012043,71.90708502471809
STU_012044,76.87718756779385
STU_012045,52.819058983206816
STU_012046,85.01553535861461
STU_012047,96.89407151905702
STU_012048,56.18391900832857
STU_012049,76.346847711159
STU_012050,78.11988765331583
STU_012051,36.570731267734814
STU_012052,85.12571938455326
STU_012053,83.32944969694574
STU_012054,71.11025034689371
STU_012055,77.86623299887745
STU_012056,96.06995951154938
STU_012057,89.8038306118064
STU_012058,63.180009541033336
STU_012059,57.46627913235433
STU_012060,71.76754466164785
STU_012061,62.36458891650362
STU_012062,92.06563562974027
STU_012063,56.125627909233216
STU_012064,62.20389796327695
STU_012065,88.20240654811869
STU_012066,77.93939008709422
STU_012067,79.92007089399448
STU_012068,66.0100353216257
STU_012069,66.24902904130232
STU_012070,87.74659290804493
STU_012071,75.98078543666207
STU_012072,72.59663292046355
STU_012073,90.29350361392113
STU_012074,85.57657897131999
STU_012075,49.48698736366462
STU_012076,66.96042516712839
STU_012077,65.41828992904934
STU_012078,70.03028568361779
STU_012079,78.14019040236347
STU_012080,74.24520573220053
STU_012081,50.55278837397549
STU_012082,91.97268592752819
STU_012083,69.35817923230833
STU_012084,76.50051363585138
STU_012085,97.10206052527309
STU_012086,81.0798286680429
STU_012087,78.04800115294869
STU_012088,75.49812073619381
STU_012089,74.85713348665955
STU_012090,95.53598975881373
STU_012091,86.27608289783936
STU_012092,79.6099245093311
STU_012093,74.83859051650106
STU_012094,82.04951825896708
STU_012095,61.46911068711316
STU_012096,78.25023984197111
STU_012097,79.37694021882473
STU_012098,61.88804927431126
STU_012099,76.6917842066497
STU_012100,88.61493902131981
STU_012101,94.93879072042932
STU_012102,66.82146407259879
STU_012103,77.548361004793
STU_012104,57.918736528530914
STU_012105,83.65060829173191
STU_012106,90.85182581040226
STU_012107,78.98386383668416
STU_012108,89.333536557255
STU_012109,72.38563677079043
STU_012110,72.02195939954183
STU_012111,49.475588047423734
STU_012112,81.95819301816776
STU_012113,93.44934558905194
STU_012114,66.77843231925056
STU_012115,71.94806958327939
STU_012116,74.35235619338745
STU_012117,94.5100639797377
STU_012118,65.8147667072405
STU_012119,94.19600947581378
STU_012120,62.390284508392426
STU_012121,72.09513280718802
STU_012122,67.54611694185505
STU_012123,81.94408009531969
STU_012124,68.43276074571781
STU_012125,77.75142883855898
STU_012126,72.7931209237947
STU_012127,73.86571360696641
STU_012128,75.30413264080971
STU_012129,74.11712155576137
STU_012130,65.24900062305613
STU_012131,48.94230302664964
STU_012132,81.65567437679377
STU_012133,79.38008948979379
STU_012134,62.20170464654464
STU_012135,65.65475764194781
STU_012136,54.83463725651946
STU_012137,67.13406800451065
STU_012138,58.364776148914785
STU_012139,66.92785963753073
STU_012140,76.361095522836
STU_012141,63.78420733199155
STU_012142,78.86527495460842
STU_012143,99.63883766552851
STU_012144,84.09062747071604
STU_012145,76.72710961944694
STU_012146,79.0339975277765
STU_012147,66.1140298870971
STU_012148,74.75313668204998
STU_012149,81.43932285604538
STU_012150,78.16462898519879
STU_012151,79.79721939238077
STU_012152,54.505393581080426
STU_012153,70.63504372122568
STU_012154,81.6186219439004
STU_012155,61.970866925566675
STU_012156,72.9933855825798
STU_012157,78.87292697518134
STU_012158,86.22675808012733
STU_012159,83.56941051919853
STU_012160,94.91871690603203
STU_012161,95.92150046196517
STU_012162,84.72365362873498
STU_012163,99.20251751991518
STU_012164,41.51689636096229
STU_012165,71.71779357249432
STU_012166,63.9517707201614
STU_012167,93.49629902162764
STU_012168,53.877395260967646
STU_012169,59.091592384898426
STU_012170,66.15154352008192
STU_012171,79.11349861110719
STU_012172,93.81346424245254
STU_012173,95.2700126033399
STU_012174,81.4907885151195
STU_012175,85.22006634349074
STU_012176,70.10015498001846
STU_012177,73.41480056526453
STU_012178,87.56921466168825
STU_012179,72.29191782473072
STU_012180,81.55148717468288
STU_012181,95.33761797414174
STU_012182,74.97581338503282
STU_012183,92.2667276997693
STU_012184,72.8254073847356
STU_012185,73.31393476394643
STU_012186,91.17584702290006
STU_012187,47.43649894658165
STU_012188,64.17794904166776
STU_012189,60.21003865830858
STU_012190,90.76438697426707
STU_012191,75.18543430288106
STU_012192,70.38706039175922
STU_012193,65.43383394157864
STU_012194,80.33609422449335
STU_012195,70.81420498430087
STU_012196,46.42358144801692
STU_012197,90.08923363130783
STU_012198,68.22023480601752
STU_012199,82.58452105779799
STU_012200,54.55368208647505
STU_012201,70.97473104033558
STU_012202,84.35517941436828
STU_012203,87.83638645918671
STU_012204,70.59473320055132
STU_012205,73.26238265382044
STU_012206,86.6507323772658
STU_012207,91.97428516650999
STU_012208,75.27046296413528
STU_012209,57.28867694498328
STU_012210,76.75756936803184
STU_012211,77.8122717119895
STU_012212,71.64502008048554
STU_012213,85.81283978395062
STU_012214,65.5104138820223
STU_012215,62.91304266053022
STU_012216,87.03130578327158
STU_012217,93.82895865927706
STU_012218,99.70273212154004
STU_012219,69.16151479151299
STU_012220,60.71544139875947
STU_012221,79.87673482840482
STU_012222,66.65287829026556
STU_012223,63.43820271931692
STU_012224,68.17344840706872
STU_012225,92.54661734567193
STU_012226,72.55315852782236
STU_012227,72.46446866340526
STU_012228,65.15313837464406
STU_012229,83.9032117098802
STU_012230,86.33522593871965
STU_012231,63.3612514191287
STU_012232,79.17437558496141
STU_012233,82.01491960324533
STU_012234,63.64512730288672
STU_012235,69.89265031147679
STU_012236,99.61883766835804
STU_012237,70.17734113650206
STU_012238,64.72626349464748
STU_012239,72.25385521370153
STU_012240,71.95174269088946
STU_012241,91.24316631428718
STU_012242,74.80212744786544
STU_012243,49.932837750188845
STU_012244,57.773944468681876
STU_012245,75.50624195733556
STU_012246,62.10951684175588
STU_012247,56.09422899512769
STU_012248,92.56605771953889
STU_012249,85.21583698415405
STU_012250,88.35279954749561
STU_012251,70.68979365126647
STU_012252,64.50080611108619
STU_012253,56.417124108875996
STU_012254,48.60780566283664
STU_012255,80.84331197955636
STU_012256,68.32467726356796
STU_012257,83.75546383097802
STU_012258,73.36083025189146
STU_012259,78.84502033726613
STU_012260,85.22004407555403
STU_012261,86.1442278893715
STU_012262,82.70617133158086
STU_012263,67.05336837421332
STU_012264,62.06310381594244
STU_012265,65.4535205166282
STU_012266,97.50999768983743
STU_012267,92.85516029647762
STU_012268,49.77555061452814
STU_012269,82.24061179171835
STU_012270,69.12500596314715
STU_012271,74.35265516780271
STU_012272,73.75811426602343
STU_012273,69.20550626842558
STU_012274,62.84117673916754
STU_012275,93.41349850204432
STU_012276,72.04146244658102
STU_012277,75.29204507286362
STU_012278,67.21806330218456
STU_012279,76.78280576774394
STU_012280,73.41086083000616
STU_012281,54.85734658138583
STU_012282,94.60990736323451
STU_012283,91.95906939005495
STU_012284,66.37632551274955
STU_012285,75.73400141904906
STU_012286,76.83443468602354
STU_012287,96.52092164157037
STU_012288,79.55233990742232
STU_012289,92.04258733192813
STU_012290,82.91403256155648
STU_012291,65.85970420365754
STU_012292,78.19310764241672
STU_012293,68.98267270115498
STU_012294,88.45312882154985
STU_012295,77.33426746734011
STU_012296,77.215631615756
STU_012297,74.29467778818722
STU_012298,69.66219768485031
STU_012299,88.77575111493573
STU_012300,55.09752544851602
STU_012301,87.00231926340706
STU_012302,79.7157253210183
STU_012303,61.664156533569496
STU_012304,49.383101673174295
STU_012305,98.31411663637283
STU_012306,68.9485029744542
STU_012307,68.97693777493669
STU_012308,86.59007914045023
STU_012309,68.47337130346183
STU_012310,73.62490743554073
STU_012311,78.69558850932876
STU_012312,56.50446943486442
STU_012313,72.59436751147808
STU_012314,98.51828297813958
STU_012315,88.15851923164387
STU_012316,74.10730696191756
STU_012317,99.27529077001911
STU_012318,83.47763477719342
STU_012319,79.53035246177726
STU_012320,60.82627268946233
STU_012321,64.03035932419834
STU_012322,91.6374183288431
STU_012323,60.69910956518274
STU_012324,87.2965136204037
STU_012325,65.27080569988587
STU_012326,73.67783804423756
STU_012327,60.193578376353614
STU_012328,62.271725445274
STU_012329,97.07362752902748
STU_012330,89.31965202910195
STU_012331,85.84785798602954
STU_012332,68.66094773365907
STU_012333,85.60537147567472
STU_012334,74.15930449144909
STU_012335,67.97128277148789
STU_012336,92.7960017534771
STU_012337,94.34359941838892
STU_012338,64.2057134443481
STU_012339,86.0147176990535
STU_012340,63.765672157944486
STU_012341,55.857995316768495
STU_012342,91.80089301660792
STU_012343,88.65861861775176
STU_012344,60.294404492317824
STU_012345,65.60633396282412
STU_012346,72.60210690316441
STU_012347,95.38924788117892
STU_012348,79.0045372536384
STU_012349,67.64641088981932
STU_012350,81.67385918673924
STU_012351,87.59831699584518
STU_012352,84.06159827860915
STU_012353,95.13398627499194
STU_012354,57.89054912851394
STU_012355,87.4883813117943
STU_012356,83.54033597735594
STU_012357,70.32419743067763
STU_012358,97.95894846219738
STU_012359,85.70416676240174
STU_012360,73.02284570924907
STU_012361,62.74897927710427
STU_012362,81.27372169370759
STU_012363,77.12758374802627
STU_012364,83.3520083533464
STU_012365,62.91997598615866
STU_012366,85.41198265930731
STU_012367,75.83707348803031
STU_012368,61.26222300878179
STU_012369,74.16595304840743
STU_012370,99.90717966743341
STU_012371,74.81146426938972
STU_012372,87.34401127729076
STU_012373,72.85927124302236
STU_012374,72.3053829109561
STU_012375,62.459344888223775
STU_012376,81.78456660804102
STU_012377,87.831649084286
STU_012378,71.78363362421156
STU_012379,72.1153955311072
STU_012380,95.18385371368014
STU_012381,99.76129828110027
STU_012382,66.16141470892786
STU_012383,82.89232020762518
STU_012384,98.65141131302059
STU_012385,91.85608749459641
STU_012386,80.8168076952236
STU_012387,83.54716444600598
STU_012388,82.96377360335256
STU_012389,98.63565553052416
STU_012390,73.24322707460581
STU_012391,50.1583909497179
STU_012392,79.61211726368691
STU_012393,65.18099927986339
STU_012394,69.28973700922062
STU_012395,84.53696613200671
STU_012396,82.82699318306749
STU_012397,72.69053448256653
STU_012398,83.32505521133976
STU_012399,76.13712127690192
STU_012400,78.77441264392957
STU_012401,90.1707040579229
STU_012402,99.88717386492709
STU_012403,46.5192246580618
STU_012404,74.61589296028855
STU_012405,62.534226738793116
STU_012406,64.44878782249381
STU_012407,94.21869224692341
STU_012408,84.03240260689435
STU_012409,67.43962784718295
STU_012410,42.36024403519899
STU_012411,91.42485054416989
STU_012412,72.6196349325812
STU_012413,55.907632768831476
STU_012414,97.1969782689844
STU_012415,89.05846440405763
STU_012416,91.92232727335193
STU_012417,57.61980078663354
STU_012418,86.37790863700258
STU_012419,70.94240160302077
STU_012420,53.90695241260616
STU_012421,69.84003154318106
STU_012422,83.77952240242045
STU_012423,79.8149688749067
STU_012424,86.47557842408986
STU_012425,52.42459234343497
STU_012426,83.36764157688515
STU_012427,65.08771668304117
STU_012428,87.19286414296937
STU_012429,57.37816191565508
STU_012430,72.1388686842588
STU_012431,69.60219652059305
STU_012432,58.57388431144598
STU_012433,55.41198937212546
STU_012434,90.44828986724994
STU_012435,66.49223550426063
STU_012436,70.06832790976544
STU_012437,89.90288992165536
STU_012438,55.575375468951265
STU_012439,78.38848867297281
STU_012440,73.00996301252144
STU_012441,94.16886992009012
STU_012442,99.34935418291964
STU_012443,62.58522603963679
STU_012444,88.759232275091
STU_012445,69.74015489280785
STU_012446,86.11121177571269
STU_012447,92.28317219427859
STU_012448,73.52028636150177
STU_012449,81.32184691064457
STU_012450,70.36747410743864
STU_012451,84.35863441243089
STU_012452,80.69192708425629
STU_012453,97.38123123002413
STU_012454,87.46987312136122
STU_012455,74.64225316349209
STU_012456,92.5855880636166
STU_012457,67.0308078783558
STU_012458,82.03964535355023
STU_012459,57.617335920857855
STU_012460,83.67214404630437
STU_012461,72.67764860125304
STU_012462,70.22524015662788
STU_012463,83.03427772878356
STU_012464,75.96130257740228
STU_012465,74.2391896012669
STU_012466,66.28713024109454
STU_012467,74.15179431969204
STU_012468,85.31969825364129
STU_012469,88.98254305223384
STU_012470,52.759367174808645
STU_012471,52.77234291984639
STU_012472,98.23574033867648
STU_012473,74.30804451430657
STU_012474,63.783434537637575
STU_012475,68.30277304277266
STU_012476,47.435295120492356
STU_012477,98.99976206355007
STU_012478,73.49316855814249
STU_012479,63.65109420483084
STU_012480,76.58237472400371
STU_012481,89.7765544869906
STU_012482,70.57350356305308
STU_012483,61.8732144229475
STU_012484,68.2454542377153
STU_012485,77.70322149128542
STU_012486,76.20386106537697
STU_012487,66.0396139477995
STU_012488,73.63120555220392
STU_012489,80.77254457516133
STU_012490,93.78594750162233
STU_012491,60.112245856935154
STU_012492,60.80003865554777
STU_012493,58.967246100423964
STU_012494,71.82360452117484
STU_012495,74.54042531803108
STU_012496,79.98582954007225
STU_012497,90.25601259723763
STU_012498,69.42773142821235
STU_012499,74.67845329729164
STU_012500,83.4623561215826
STU_012501,94.6795583722733
STU_012502,83.51727764250163
STU_012503,84.54821968186018
STU_012504,74.93250429513762
STU_012505,83.28334503755002
STU_012506,67.11983927316612
STU_012507,84.24823112000993
STU_012508,67.29015833397148
STU_012509,85.0056995829726
STU_012510,73.75403237989599
STU_012511,76.81147486955561
STU_012512,80.68737348152234
STU_012513,70.79275444121599
STU_012514,99.8507556889569
STU_012515,90.88482330329052
STU_012516,81.91659314188666
STU_012517,99.72529273829046
STU_012518,56.0091518684616
STU_012519,75.6146876334384
STU_012520,71.59380168300703
STU_012521,94.63214386271278
STU_012522,98.49885514559452
STU_012523,81.00389558287779
STU_012524,98.37956152086733
STU_012525,93.58978611763584
STU_012526,97.67630149240392
STU_012527,90.29658986859585
STU_012528,62.24538749411272
STU_012529,98.2597370990859
STU_012530,77.57787786986437
STU_012531,77.09643503110743
STU_012532,69.3825297483002
STU_012533,86.06746363787781
STU_012534,55.757392906546166
STU_012535,83.79839111513677
STU_012536,69.62953098886891
STU_012537,50.72492392996459
STU_012538,63.06600252892788
STU_012539,87.75364643980689
STU_012540,70.64533135188088
STU_012541,99.55272833638455
STU_012542,99.31167057874758
STU_012543,73.11834442467861
STU_012544,81.29299162362969
STU_012545,68.50466106712184
STU_012546,75.30211139648483
STU_012547,99.83722339868564
STU_012548,48.21395524177177
STU_012549,73.11768938062676
STU_012550,94.97279613114259
STU_012551,93.78189762126038
STU_012552,73.91552363978914
STU_012553,80.46356919313054
STU_012554,65.11392656877842
STU_012555,49.865141826146846
STU_012556,60.963640692317654
STU_012557,81.2243122344509
STU_012558,66.66399073276685
STU_012559,93.99202214304262
STU_012560,70.24946505016047
STU_012561,58.34084605013406
STU_012562,66.03778398002974
STU_012563,81.6543665054628
STU_012564,90.53897517451558
STU_012565,99.76652123523323
STU_012566,76.25334076756118
STU_012567,64.28070831090491
STU_012568,98.51612712081678
STU_012569,65.54290280981084
STU_012570,52.8641292949534
STU_012571,54.663813604703556
STU_012572,51.42426711808912
STU_012573,76.31148071889544
STU_012574,63.137619953617985
STU_012575,66.91798710934144
STU_012576,76.5366987143299
STU_012577,99.2448647369281
STU_012578,50.7122612015797
STU_012579,78.76539147135993
STU_012580,71.18520819410809
STU_012581,65.43556256595886
STU_012582,71.62063366316951
STU_012583,63.899868551184625
STU_012584,60.713193319074904
STU_012585,71.59349114362041
STU_012586,71.14028858212937
STU_012587,71.4709114724878
STU_012588,66.66304949154227
STU_012589,47.80790643909247
STU_012590,67.33288407421409
STU_012591,70.24718862453673
STU_012592,97.41373401574374
STU_012593,97.50608720414382
STU_012594,47.62650063968151
STU_012595,60.68028660736401
STU_012596,81.01854257962594
STU_012597,70.8937994127992
STU_012598,69.45386468539292
STU_012599,70.4623087323225
STU_012600,70.25668763910963
STU_012601,74.4618290491562
STU_012602,65.91608773921614
STU_012603,92.54383197060348
STU_012604,79.38704475775091
STU_012605,76.78276205650859
STU_012606,70.29702299426523
STU_012607,59.14914694757694
STU_012608,82.47575893623872
STU_012609,61.32218370018674
STU_012610,74.56615392887153
STU_012611,69.79288935021192
STU_012612,62.69871335979414
STU_012613,94.39693760844915
STU_012614,73.30540540400264
STU_012615,75.1354149348686
STU_012616,81.85492134042275
STU_012617,58.34206404528987
STU_012618,88.85373733093175
STU_012619,80.966476589847
STU_012620,75.07447285256093
STU_012621,90.39237359783067
STU_012622,89.84402943571806
STU_012623,91.48562815288366
STU_012624,84.0760711640048
STU_012625,89.39689709826558
STU_012626,91.56056355224848
STU_012627,86.02222555152758
STU_012628,73.15459692152734
STU_012629,81.14033114514712
STU_012630,72.01184548676227
STU_012631,68.6975549202452
STU_012632,64.54812045797343
STU_012633,78.22980695534122
STU_012634,90.69639706031211
STU_012635,78.6047848764932
STU_012636,73.25435955446503
STU_012637,79.57165022643514
STU_012638,84.92654314900659
STU_012639,94.17392585136295
STU_012640,81.91625256518199
STU_012641,66.79391409080647
STU_012642,65.47180079749256
STU_012643,79.71328079053683
STU_012644,81.14715379551119
STU_012645,54.073044941795146
STU_012646,91.42050054669572
STU_012647,81.11016998583226
STU_012648,68.44647945265642
STU_012649,78.38784807469244
STU_012650,81.07048551173024
STU_012651,77.72113223987154
STU_012652,99.2326893252481
STU_012653,91.00704184870432
STU_012654,81.1341780508164
STU_012655,73.27037875215973
STU_012656,80.07881358333584
STU_012657,97.52250533081269
STU_012658,90.14784417861404
STU_012659,83.19746354233476
STU_012660,76.27268889433493
STU_012661,92.55624374660715
STU_012662,94.8692203412641
STU_012663,68.0504100396791
STU_012664,53.29855539675348
STU_012665,89.98007129469498
STU_012666,60.406893270843014
STU_012667,80.33857711329807
STU_012668,73.50384311301825
STU_012669,62.41448379153351
STU_012670,61.334165784914035
STU_012671,69.46149200730085
STU_012672,61.938458964265166
STU_012673,56.875176008756334
STU_012674,63.01811884197333
STU_012675,72.1964658227385
STU_012676,96.11098549477637
STU_012677,60.045931861590915
STU_012678,69.5732573827139
STU_012679,75.83954163584151
STU_012680,74.12784166463663
STU_012681,72.39961811347837
STU_012682,87.14944108724634
STU_012683,80.0087637934538
STU_012684,84.66576518685008
STU_012685,95.64590303318596
STU_012686,68.9161832054723
STU_012687,80.76964920893025
STU_012688,82.95616518684231
STU_012689,69.34800236712056
STU_012690,63.01563420994387
STU_012691,80.25119442647461
STU_012692,79.44835573065969
STU_012693,84.7411467532467
STU_012694,60.48940447048692
STU_012695,70.0519894194063
STU_012696,62.086616855101184
STU_012697,79.32315868662529
STU_012698,63.31992350344437
STU_012699,76.93428642699318
STU_012700,68.28218488512928
STU_012701,99.85513647220068
STU_012702,75.80594214924679
STU_012703,68.37280860686256
STU_012704,70.47625112194505
STU_012705,62.13597388301738
STU_012706,73.86037088783337
STU_012707,98.32945728241938
STU_012708,55.0888958194231
STU_012709,64.81254896157552
STU_012710,95.53435880298966
STU_012711,66.55385004864101
STU_012712,66.99044868719167
STU_012713,64.64741651132279
STU_012714,87.95911083980164
STU_012715,70.00828740901633
STU_012716,78.64313032852492
STU_012717,67.02179955184904
STU_012718,85.87159660989988
STU_012719,60.09349840705066
STU_012720,81.36869602431784
STU_012721,76.37446994383494
STU_012722,47.23048073602697
STU_012723,80.36164465488957
STU_012724,91.5485658957108
STU_012725,60.977519479539986
STU_012726,55.070974899835605
STU_012727,62.82806256912265
STU_012728,87.69331621499474
STU_012729,64.04834782517577
STU_012730,84.21553375900837
STU_012731,99.17867197522827
STU_012732,81.70138636345473
STU_012733,54.031434550148674
STU_012734,83.26639151473952
STU_012735,62.03608188912233
STU_012736,99.95481832764095
STU_012737,73.77651656773676
STU_012738,77.21807343950782
STU_012739,81.57003323952125
STU_012740,89.76755755019292
STU_012741,48.751193462052015
STU_012742,67.05311036741402
STU_012743,77.34931122858097
STU_012744,80.23365832824501
STU_012745,61.83606832419547
STU_012746,82.79158260163945
STU_012747,62.51892068287759
STU_012748,93.04965208543528
STU_012749,84.61060712444467
STU_012750,68.58199184231819
STU_012751,52.840036257653296
STU_012752,73.22996186257546
STU_012753,70.03929301709968
STU_012754,59.12147599289884
STU_012755,89.40880597690787
STU_012756,62.63498174702113
STU_012757,47.82742143756728
STU_012758,88.13067188807307
STU_012759,60.06445873405078
STU_012760,76.79163872212271
STU_012761,59.830580570869046
STU_012762,87.30052847138914
STU_012763,97.67800125974225
STU_012764,97.00542502959391
STU_012765,88.17681220611038
STU_012766,62.58308191172551
STU_012767,95.3183676911147
STU_012768,88.34956885857389
STU_012769,76.18026700504248
STU_012770,52.69614635628112
STU_012771,54.155369554038074
STU_012772,99.1730441188997
STU_012773,62.3804478073299
STU_012774,75.04598850498645
STU_012775,64.33326884365553
STU_012776,79.39615388522198
STU_012777,48.50927384356747
STU_012778,70.91920153112218
STU_012779,73.66489020026461
STU_012780,72.3528657164319
STU_012781,84.31971218734029
STU_012782,53.83364332083127
STU_012783,99.08853520876312
STU_012784,52.195607131749036
STU_012785,73.72476059933538
STU_012786,50.4099955487295
STU_012787,64.73572074661979
STU_012788,91.90410420241128
STU_012789,77.11613336690704
STU_012790,98.83847054676755
STU_012791,82.89098185765258
STU_012792,69.87547703165174
STU_012793,88.74022198060798
STU_012794,75.02172011259003
STU_012795,95.68161660941152
STU_012796,67.16796449189265
STU_012797,60.19624879692675
STU_012798,98.67348661893496
STU_012799,87.70261558488266
STU_012800,49.96810046281847
STU_012801,66.75366334287601
STU_012802,72.14309164722278
STU_012803,91.99005834912666
STU_012804,59.50986250935419
STU_012805,73.16962320979209
STU_012806,79.1116700766573
STU_012807,66.36051902832708
STU_012808,81.56830326284174
STU_012809,84.07129466492613
STU_012810,85.44505932599705
STU_012811,76.96503979675919
STU_012812,68.96145766066768
STU_012813,80.79442219940277
STU_012814,64.49852626320427
STU_012815,68.26094631319516
STU_012816,80.59371045579357
STU_012817,68.79101850309374
STU_012818,90.28605136422242
STU_012819,52.748540283254144
STU_012820,87.85799188433975
STU_012821,74.08298427721229
STU_012822,87.20062301096317
STU_012823,78.32791800463639
STU_012824,80.0282314082033
STU_012825,56.967076005954766
STU_012826,84.72325413706324
STU_012827,59.23222476213216
STU_012828,91.52805530229685
STU_012829,69.08202130612571
STU_012830,76.38217425746849
STU_012831,65.9652989256809
STU_012832,95.75530590629583
STU_012833,88.58530376091656
STU_012834,72.96978836430458
STU_012835,70.64899094888578
STU_012836,81.08855192076506
STU_012837,63.37598541240819
STU_012838,63.02404928099652
STU_012839,65.05472719351624
STU_012840,89.10376030642587
STU_012841,71.5439645351736
STU_012842,74.38277344686468
STU_012843,83.15422163422411
STU_012844,76.61122458951533
STU_012845,63.26222966752969
STU_012846,72.70916873332533
STU_012847,75.34626074472617
STU_012848,73.97146998048179
STU_012849,87.04382972812594
STU_012850,78.44933008335857
STU_012851,84.16725711152816
STU_012852,91.85794729245109
STU_012853,61.86338460348088
STU_012854,87.8293844604635
STU_012855,81.8898805422134
STU_012856,68.88158857525573
STU_012857,98.38617273363367
STU_012858,85.76194620112614
STU_012859,64.0124112060748
STU_012860,84.09540454819587
STU_012861,65.9879266306309
STU_012862,76.16528494559576
STU_012863,95.35373355790281
STU_012864,79.02197289189687
STU_012865,65.94495896144076
STU_012866,76.36199357837683
STU_012867,89.7262301486772
STU_012868,83.45180869786118
STU_012869,65.10289528006629
STU_012870,84.1337266426186
STU_012871,87.94805387004058
STU_012872,89.46614132981836
STU_012873,61.10776275157839
STU_012874,76.56856058049515
STU_012875,71.16698518973
STU_012876,49.34588377569327
STU_012877,78.87464540206203
STU_012878,99.15171417557033
STU_012879,77.79286698209009
STU_012880,84.96408810990668
STU_012881,98.14012619253188
STU_012882,90.1197935484688
STU_012883,63.66534834276357
STU_012884,78.54019302159512
STU_012885,77.27353399940412
STU_012886,55.76414487054913
STU_012887,75.39064741521793
STU_012888,70.20056964670614
STU_012889,67.51801716066046
STU_012890,68.80021193798825
STU_012891,70.97125814364465
STU_012892,73.23518759646849
STU_012893,85.86171515948968
STU_012894,72.4348543574582
STU_012895,94.77589015395661
STU_012896,75.04713391288723
STU_012897,74.5038646346421
STU_012898,93.66408519867599
STU_012899,81.45482201152022
STU_012900,79.39011323168927
STU_012901,71.06307907074526
STU_012902,88.45548493890195
STU_012903,64.38927414930185
STU_012904,84.25908139690476
STU_012905,60.45516869044802
STU_012906,98.40500309550518
STU_012907,50.03435279837109
STU_012908,89.70006655779787
STU_012909,66.80201854446177
STU_012910,33.30234637439676
STU_012911,82.68919897390336
STU_012912,51.99964008580751
STU_012913,61.61031304929246
STU_012914,74.13763356122854
STU_012915,55.47473822019923
STU_012916,64.86869013458687
STU_012917,94.77220992380111
STU_012918,55.863874654580954
STU_012919,96.91174072287598
STU_012920,78.23749545988912
STU_012921,57.72736579007582
STU_012922,74.5548997287387
STU_012923,63.328287514304236
STU_012924,74.41292339743066
STU_012925,74.57983663845435
STU_012926,61.5907633555627
STU_012927,87.32549347077412
STU_012928,61.58650055479144
STU_012929,62.569992187863534
STU_012930,69.66287517609874
STU_012931,89.03847623067911
STU_012932,63.08267164018491
STU_012933,69.88578971952421
STU_012934,70.47470929397038
STU_012935,65.32029359861596
STU_012936,66.56016428428836
STU_012937,73.36574211703393
STU_012938,94.71366179672653
STU_012939,49.14796175369149
STU_012940,68.7300996369437
STU_012941,52.375355513471106
STU_012942,72.64273171449167
STU_012943,72.61084301323586
STU_012944,79.72564209214852
STU_012945,90.76596824679065
STU_012946,53.18984200400338
STU_012947,74.33614317671282
STU_012948,86.55600022467596
STU_012949,98.26032316810486
STU_012950,78.04571357919536
STU_012951,87.87130015481534
STU_012952,73.16410517801988
STU_012953,81.71200976300862
STU_012954,80.73015475875113
STU_012955,88.88900609310129
STU_012956,73.54813534074829
STU_012957,66.80462738250714
STU_012958,75.70306754370537
STU_012959,80.71187891907351
STU_012960,78.95795354854727
STU_012961,80.15598675792087
STU_012962,56.388456863332294
STU_012963,67.0562694128988
STU_012964,90.57871600192398
STU_012965,75.82286162626289
STU_012966,73.66826391362608
STU_012967,70.77667973928376
STU_012968,76.16300679416784
STU_012969,76.17485190299938
STU_012970,54.659585475636064
STU_012971,77.20971840316905
STU_012972,79.59474004558393
STU_012973,54.022754089421966
STU_012974,58.67295173032106
STU_012975,55.30872964745585
STU_012976,85.03952093184043
STU_012977,77.60561369384449
STU_012978,91.57665156835674
STU_012979,66.76897192036382
STU_012980,70.9182721748636
STU_012981,89.31627887477788
STU_012982,68.69884229043424
STU_012983,99.09528249111425
STU_012984,53.85120717993648
STU_012985,64.64544797430328
STU_012986,64.17470002467697
STU_012987,50.87670514439486
STU_012988,86.34727464541174
STU_012989,97.5840142114426
STU_012990,62.05220060169604
STU_012991,71.1962447653112
STU_012992,52.208169895688656
STU_012993,99.78384636256357
STU_012994,81.4632004247081
STU_012995,64.98744332146703
STU_012996,58.130801760125806
STU_012997,86.96776601967088
STU_012998,79.25190182467504
STU_012999,89.65256080387569
STU_013000,91.92934933706722
STU_013001,99.42985213429316
STU_013002,88.19803265332472
STU_013003,76.1528563069352
STU_013004,89.53094602619386
STU_013005,73.14217242956448
STU_013006,80.9859077689234
STU_013007,78.18252417673412
STU_013008,86.40793006026345
STU_013009,86.67139423119423
STU_013010,76.89532807317278
STU_013011,53.624219892743
STU_013012,56.98170021006345
STU_013013,91.86290659983385
STU_013014,89.11544409987877
STU_013015,81.7657976165278
STU_013016,60.962516214965234
STU_013017,91.90711291968952
STU_013018,79.64993228702794
STU_013019,87.35195384688973
STU_013020,54.0736555792436
STU_013021,70.74083702877226
STU_013022,99.05051328579768
STU_013023,78.31236717018524
STU_013024,90.98963951817578
STU_013025,70.9120708294572
STU_013026,67.77010317294634
STU_013027,71.82488133332731
STU_013028,83.71594628327105
STU_013029,73.96468392457489
STU_013030,76.81147660248105
STU_013031,66.9475605591838
STU_013032,99.80401580804347
STU_013033,68.09641221926998
STU_013034,98.8341151392599
STU_013035,92.25772184340465
STU_013036,57.82034335913812
STU_013037,88.4901269197247
STU_013038,78.24026247012281
STU_013039,85.56573826057351
STU_013040,98.8138007280924
STU_013041,80.2530461080934
STU_013042,59.62558519793461
STU_013043,94.87552485390779
STU_013044,66.88308941599665
STU_013045,88.79151275677702
STU_013046,62.92796512628357
STU_013047,67.7155648043362
STU_013048,93.84861283019825
STU_013049,83.54168869915841
STU_013050,84.91901509592633
STU_013051,92.20916684842204
STU_013052,65.28402490743593
STU_013053,72.24542920400549
STU_013054,65.78644522600688
STU_013055,86.98667885564777
STU_013056,79.37581243641644
STU_013057,52.98875490077437
STU_013058,58.95941727311204
STU_013059,91.18857421512298
STU_013060,61.8353590631012
STU_013061,56.57812103596908
STU_013062,99.42947292134261
STU_013063,83.03922944525259
STU_013064,63.1988896741169
STU_013065,49.406522117505304
STU_013066,99.65402796842613
STU_013067,78.37935983109112
STU_013068,89.80284715016901
STU_013069,98.15752222402418
STU_013070,62.4771140366202
STU_013071,83.09671692622031
STU_013072,88.69962043698489
STU_013073,72.08035356264568
STU_013074,74.48506737409801
STU_013075,49.40123374795196
STU_013076,79.25488247655444
STU_013077,91.31126996115522
STU_013078,72.26254087951912
STU_013079,86.30222676659811
STU_013080,73.23201924861118
STU_013081,78.04177371510431
STU_013082,58.69924180889995
STU_013083,62.990129825174705
STU_013084,69.16604746440592
STU_013085,77.89882803515025
STU_013086,78.4924895211395
STU_013087,67.01195713629744
STU_013088,79.36125433632967
STU_013089,65.21342826412224
STU_013090,98.84616552591802
STU_013091,61.168308855851706
STU_013092,65.55087535323301
STU_013093,83.66483148666788
STU_013094,92.02696671431379
STU_013095,73.35431010409809
STU_013096,78.17972974253436
STU_013097,82.7653147518065
STU_013098,83.27274544663379
STU_013099,59.10010109664351
STU_013100,75.2269520662231
STU_013101,85.35748711173531
STU_013102,95.34219480991922
STU_013103,74.57116513597667
STU_013104,79.40170915285847
STU_013105,61.71617528750755
STU_013106,89.14562248907404
STU_013107,53.914351452923505
STU_013108,96.36050590016603
STU_013109,88.62131958839339
STU_013110,59.78149863597185
STU_013111,99.83820724073337
STU_013112,98.39732726553368
STU_013113,76.80868030539834
STU_013114,65.48119022240226
STU_013115,77.87307149673039
STU_013116,59.44010059022165
STU_013117,64.70118321316967
STU_013118,70.73871302803374
STU_013119,80.30080857402889
STU_013120,64.35400669739766
STU_013121,90.15874273264822
STU_013122,75.80850738814934
STU_013123,94.47765203834123
STU_013124,97.1719147591727
STU_013125,87.62973467372032
STU_013126,67.5277952870371
STU_013127,71.07215627665667
STU_013128,84.12029466732969
STU_013129,76.7696689962259
STU_013130,98.02176867825068
STU_013131,50.953851586683356
STU_013132,80.09802138126396
STU_013133,97.11365056197556
STU_013134,69.7612168282073
STU_013135,69.77619525545516
STU_013136,66.76406441035911
STU_013137,82.4388102084198
STU_013138,69.45885350123999
STU_013139,79.35720564363984
STU_013140,99.8843790379077
STU_013141,76.8377247863679
STU_013142,58.46521662974436
STU_013143,72.72644873372332
STU_013144,63.65386612688023
STU_013145,57.845178079735824
STU_013146,50.77274235277376
STU_013147,80.39347068324187
STU_013148,71.06693893601043
STU_013149,87.48403280651556
STU_013150,79.71459454139641
STU_013151,76.17183657512798
STU_013152,87.09153936245939
STU_013153,69.507150710349
STU_013154,76.98647000187577
STU_013155,99.11413763382514
STU_013156,77.40406213024406
STU_013157,72.51787565343594
STU_013158,86.91809715390988
STU_013159,81.63175251218505
STU_013160,62.93951904303745
STU_013161,64.73089808299204
STU_013162,59.158368298925765
STU_013163,89.46050032581633
STU_013164,65.79663039772056
STU_013165,69.15455876845502
STU_013166,49.68576883258068
STU_013167,94.56340944605688
STU_013168,75.14996169402892
STU_013169,76.92953346727305
STU_013170,74.04099039686255
STU_013171,81.51121017889211
STU_013172,66.71026675465251
STU_013173,85.67677026783923
STU_013174,61.176672917180184
STU_013175,51.189649236293455
STU_013176,90.96694182350737
STU_013177,63.67778999488522
STU_013178,85.66975799790305
STU_013179,71.41098421608751
STU_013180,88.1305493219895
STU_013181,86.05050823688684
STU_013182,70.09352700601958
STU_013183,81.54964348823212
STU_013184,75.45060158445932
STU_013185,68.51187298203054
STU_013186,61.4566514749595
STU_013187,65.92527788130673
STU_013188,93.94427577912636
STU_013189,98.5294677733183
STU_013190,78.35784793833814
STU_013191,98.00309839955287
STU_013192,84.47971908392887
STU_013193,82.38398596616315
STU_013194,98.11324594502804
STU_013195,87.85807531254139
STU_013196,80.62109231986811
STU_013197,50.44506252527058
STU_013198,66.69396792848588
STU_013199,79.85283221948082
STU_013200,51.22088527524724
STU_013201,81.02319689660253
STU_013202,61.6999562690401
STU_013203,71.15685305405145
STU_013204,60.78026898664818
STU_013205,81.15421078510042
STU_013206,69.06922058105901
STU_013207,72.86854940113685
STU_013208,69.82207683810653
STU_013209,75.37612510702178
STU_013210,49.63017619941955
STU_013211,71.50246460559758
STU_013212,58.96075792225892
STU_013213,72.27585193273015
STU_013214,95.71469058181904
STU_013215,47.356725871665176
STU_013216,99.30888392351594
STU_013217,94.79251543413397
STU_013218,69.42830415084829
STU_013219,83.07828169108467
STU_013220,98.10969809973543
STU_013221,63.00022425023805
STU_013222,64.26432016056935
STU_013223,88.63419829462984
STU_013224,71.39719357270846
STU_013225,50.09371888465242
STU_013226,79.91813909193067
STU_013227,87.42706982600345
STU_013228,67.99691821314534
STU_013229,65.8974625406014
STU_013230,72.25573264964478
STU_013231,63.93966206498126
STU_013232,66.46460279292023
STU_013233,93.04258179479575
STU_013234,65.72345874235245
STU_013235,69.1768720237143
STU_013236,91.48281041060636
STU_013237,64.83248277723447
STU_013238,76.22827943977147
STU_013239,74.49698150350432
STU_013240,62.79167942796489
STU_013241,67.76523044360245
STU_013242,71.0741854280187
STU_013243,63.58833654109506
STU_013244,75.47428333666679
STU_013245,66.08705531887384
STU_013246,67.9978273458785
STU_013247,99.13049502375233
STU_013248,95.15721707693659
STU_013249,47.04904790003327
STU_013250,73.04449735516886
STU_013251,82.57742417474853
STU_013252,88.01126759978234
STU_013253,70.14864103914849
STU_013254,96.7308061650779
STU_013255,77.46817344804518
STU_013256,71.57279233954789
STU_013257,80.8659597989926
STU_013258,62.14315661010505
STU_013259,58.61305350980412
STU_013260,69.48321839333025
STU_013261,69.53145087193506
STU_013262,58.224993074775284
STU_013263,57.084264030350596
STU_013264,93.09262557385429
STU_013265,78.55881039807966
STU_013266,70.07959803414523
STU_013267,71.41126078922345
STU_013268,61.61669187785286
STU_013269,81.48898119271408
STU_013270,97.35272426650909
STU_013271,66.62560097603519
STU_013272,79.91762303135289
STU_013273,65.77887354191337
STU_013274,78.71463795276695
STU_013275,64.05501350384532
STU_013276,60.39540926623551
STU_013277,62.22233273618819
STU_013278,60.08051026239208
STU_013279,60.12134924009355
STU_013280,91.44250478147623
STU_013281,95.96990733349692
STU_013282,94.45999317547796
STU_013283,77.47897516390908
STU_013284,76.30347883852775
STU_013285,71.27504105525264
STU_013286,66.2310792444484
STU_013287,95.50036310784436
STU_013288,85.36511244825061
STU_013289,96.79920152500505
STU_013290,78.55594469592111
STU_013291,87.53029409669182
STU_013292,85.59894649398242
STU_013293,73.78128907645026
STU_013294,90.45562089631485
STU_013295,71.77117855865973
STU_013296,77.44729943059892
STU_013297,76.30974116098767
STU_013298,55.82811996164666
STU_013299,84.9173536859359
STU_013300,71.49444130563083
STU_013301,87.20104462639335
STU_013302,85.29739594982672
STU_013303,89.40393555737725
STU_013304,83.7884559886785
STU_013305,70.79216662131995
STU_013306,67.97597076538734
STU_013307,77.03675416206684
STU_013308,96.5365267129105
STU_013309,70.30602214995322
STU_013310,56.134131151897115
STU_013311,92.31242061331284
STU_013312,54.26264409279808
STU_013313,66.68082468971426
STU_013314,68.76957505432894
STU_013315,67.19205359255257
STU_013316,76.89795768072955
STU_013317,74.51559082401374
STU_013318,47.594536668599744
STU_013319,71.67891743663046
STU_013320,81.7465555574473
STU_013321,79.19234523951937
STU_013322,99.06396916370194
STU_013323,95.6884579520733
STU_013324,85.05290590540073
STU_013325,77.87729496489186
STU_013326,73.79599920310926
STU_013327,75.30571109817981
STU_013328,65.11856441703844
STU_013329,82.92942495688038
STU_013330,63.92372671129549
STU_013331,71.62041924730799
STU_013332,68.03088974263105
STU_013333,60.598306507016645
STU_013334,70.43445780988145
STU_013335,65.23844679431761
STU_013336,82.55785514862595
STU_013337,53.11676913004487
STU_013338,65.1334515997923
STU_013339,72.88689197038357
STU_013340,94.09434007611458
STU_013341,74.24425981097394
STU_013342,84.39819740731713
STU_013343,69.56863591003224
STU_013344,79.47008526230984
STU_013345,64.71357272028482
STU_013346,96.87696764054579
STU_013347,79.85800875287637
STU_013348,83.44071359965555
STU_013349,99.07706737708506
STU_013350,62.51217104218993
STU_013351,84.03230531989786
STU_013352,70.60695424057586
STU_013353,62.82608223208365
STU_013354,56.06920370747994
STU_013355,88.37702734769944
STU_013356,59.49689709819633
STU_013357,65.70896716872996
STU_013358,70.10391652788445
STU_013359,73.93302857529528
STU_013360,75.13203577207317
STU_013361,70.76444139649908
STU_013362,87.64329818547347
STU_013363,73.67401755063435
STU_013364,67.3659939001862
STU_013365,83.6119381581804
STU_013366,99.43316519279406
STU_013367,82.75213554806834
STU_013368,87.73232637632893
STU_013369,54.34544986388576
STU_013370,83.08133987528367
STU_013371,69.48704574955437
STU_013372,75.00222778157217
STU_013373,74.40494246884595
STU_013374,91.7232944352817
STU_013375,90.22838079972377
STU_013376,41.756366090593716
STU_013377,79.04722381221097
STU_013378,62.74174789723642
STU_013379,78.89115597701053
STU_013380,86.22706768960575
STU_013381,97.55977581277273
STU_013382,99.36874872249848
STU_013383,59.44363824982648
STU_013384,61.89336244745853
STU_013385,64.06356183966915
STU_013386,98.88812757992949
STU_013387,52.442245249054835
STU_013388,83.99422689345312
STU_013389,65.58563695830371
STU_013390,65.49470680717279
STU_013391,85.851882181142
STU_013392,98.16175178860084
STU_013393,68.90229855241557
STU_013394,99.5330777574186
STU_013395,61.26872762761461
STU_013396,65.77673421808375
STU_013397,99.6843734773891
STU_013398,92.62207067718771
STU_013399,63.243361475166566
STU_013400,65.4315881565413
STU_013401,99.8194533645514
STU_013402,76.65720524628333
STU_013403,93.65469899770588
STU_013404,65.02475526077833
STU_013405,77.555928691578
STU_013406,99.74092948514362
STU_013407,70.37254929280482
STU_013408,64.07979484360216
STU_013409,58.77112437130414
STU_013410,74.48942369045062
STU_013411,62.71024240711023
STU_013412,65.60415136464638
STU_013413,75.87353504861801
STU_013414,86.62633620492011
STU_013415,74.9751580978704
STU_013416,53.75975465358189
STU_013417,77.9886235969091
STU_013418,48.868767159737715
STU_013419,63.0464813699907
STU_013420,98.52291147749567
STU_013421,99.46345313988677
STU_013422,90.75543342132457
STU_013423,55.42602844940047
STU_013424,98.30490306815075
STU_013425,80.11266880058625
STU_013426,52.04974661933291
STU_013427,68.60291617306237
STU_013428,73.71124173725161
STU_013429,93.98688342166469
STU_013430,65.964201943321
STU_013431,62.30883940127726
STU_013432,78.23867165980332
STU_013433,94.4927715423935
STU_013434,94.15713001683179
STU_013435,94.65811096639676
STU_013436,74.03211056685215
STU_013437,73.22521779061647
STU_013438,76.35975130331715
STU_013439,89.83712731815072
STU_013440,74.94150330107537
STU_013441,94.8320884403189
STU_013442,98.52940060923403
STU_013443,68.16192411635399
STU_013444,82.55332650247325
STU_013445,80.2254826946513
STU_013446,91.01832353459183
STU_013447,89.21770943692202
STU_013448,82.13165591421257
STU_013449,73.41994314717078
STU_013450,95.86770314003698
STU_013451,70.11123213387366
STU_013452,78.8037443789706
STU_013453,82.07725083796142
STU_013454,67.69766756440853
STU_013455,97.18009041172955
STU_013456,71.40721043104854
STU_013457,66.27426018587549
STU_013458,74.71447541060678
STU_013459,59.020648486151885
STU_013460,59.46807693703583
STU_013461,74.7263513483432
STU_013462,55.654477974670726
STU_013463,81.30737346689821
STU_013464,58.07038581294471
STU_013465,64.35740968716155
STU_013466,87.60472478291788
STU_013467,59.8031616733693
STU_013468,93.10461114757524
STU_013469,78.41037284012631
STU_013470,90.21514440131281
STU_013471,78.5372660986273
STU_013472,82.64361054389111
STU_013473,62.745181276671914
STU_013474,79.08303269154075
STU_013475,89.55517739908251
STU_013476,79.97291510933618
STU_013477,65.03187583901541
STU_013478,77.30402911288178
STU_013479,69.93880182597474
STU_013480,83.45034265725671
STU_013481,77.7314873966551
STU_013482,77.9815168570926
STU_013483,79.13198074334372
STU_013484,85.96416445483538
STU_013485,94.92685932747992
STU_013486,53.98519040712732
STU_013487,79.63218698939889
STU_013488,78.50732177867992
STU_013489,73.13297090109918
STU_013490,74.04961842622187
STU_013491,84.27644224984073
STU_013492,77.33293533896739
STU_013493,63.653845908396846
STU_013494,72.76723744734818
STU_013495,83.01906307582101
STU_013496,86.09139157105322
STU_013497,48.51181515789922
STU_013498,71.81216229598596
STU_013499,83.75138531287115
STU_013500,65.14720458011647
STU_013501,86.07425014062486
STU_013502,80.05036061852185
STU_013503,71.97987387070717
STU_013504,87.8645809700154
STU_013505,70.21973152435163
STU_013506,96.91174679789009
STU_013507,64.95641552589173
STU_013508,74.82892860811307
STU_013509,86.78026430123641
STU_013510,64.39684506268298
STU_013511,81.31019375515484
STU_013512,66.20590685848433
STU_013513,50.72316885688728
STU_013514,86.40525262887202
STU_013515,69.58376529864165
STU_013516,99.67359619533912
STU_013517,81.1827676022279
STU_013518,76.44959434989522
STU_013519,99.8218298684368
STU_013520,72.54539002307884
STU_013521,63.7742790261037
STU_013522,66.79728374208187
STU_013523,97.95739757713183
STU_013524,79.50176195156907
STU_013525,71.63672647303702
STU_013526,77.13689640553645
STU_013527,64.9876754800598
STU_013528,54.80136235542166
STU_013529,98.18427960040223
STU_013530,69.43829411637404
STU_013531,95.15752697718693
STU_013532,54.77036325866723
STU_013533,72.39854398273896
STU_013534,91.50434450364816
STU_013535,95.82118680336885
STU_013536,86.61080195480315
STU_013537,75.35310745729643
STU_013538,95.31540924480876
STU_013539,70.37333670908995
STU_013540,99.68649689126619
STU_013541,65.33779542928278
STU_013542,85.16762842646656
STU_013543,71.25274622524297
STU_013544,73.8162676699869
STU_013545,86.97681447264162
STU_013546,98.71380477074119
STU_013547,98.95533007830463
STU_013548,80.08620566137718
STU_013549,62.15202027413556
STU_013550,75.04788691759212
STU_013551,65.41322934944345
STU_013552,82.43532374935904
STU_013553,72.728998751272
STU_013554,71.94827381341975
STU_013555,61.130697037464486
STU_013556,88.77932546886419
STU_013557,66.05080487875631
STU_013558,68.63589547458137
STU_013559,88.78762600043821
STU_013560,52.92066394502716
STU_013561,69.00100765725283
STU_013562,91.54312569692999
STU_013563,89.14003703063486
STU_013564,56.75397196326199
STU_013565,81.03302584244629
STU_013566,71.2879253853429
STU_013567,95.79667813918616
STU_013568,72.94298089131067
STU_013569,73.18313828391223
STU_013570,70.88866126441484
STU_013571,73.27833559897427
STU_013572,58.08419942255847
STU_013573,66.27931696766281
STU_013574,75.23548446970233
STU_013575,53.106908334194024
STU_013576,70.42030728373521
STU_013577,61.21517070740845
STU_013578,72.56521105939346
STU_013579,73.50043903835945
STU_013580,84.90051689764823
STU_013581,56.28824611713098
STU_013582,75.46684706917921
STU_013583,67.13882852888437
STU_013584,73.22033532364246
STU_013585,63.92059949528762
STU_013586,60.65153620567007
STU_013587,98.3496736232739
STU_013588,67.51847543451848
STU_013589,75.94628030409032
STU_013590,81.89407227538223
STU_013591,89.48474292720596
STU_013592,99.6569906349975
STU_013593,97.25689858507502
STU_013594,70.58391255719636
STU_013595,60.09539070490744
STU_013596,87.26390205177657
STU_013597,66.40240547691471
STU_013598,76.3698672223633
STU_013599,71.70940382414693
STU_013600,98.3701152241214
STU_013601,68.24765035839599
STU_013602,62.0860518192887
STU_013603,94.13435437416109
STU_013604,67.26069596819119
STU_013605,90.53213023945138
STU_013606,71.48472740007944
STU_013607,42.28970713790943
STU_013608,79.37471024373671
STU_013609,80.65880999425613
STU_013610,95.49396724023029
STU_013611,95.28937024437579
STU_013612,60.22084666675526
STU_013613,77.00632657583895
STU_013614,51.46020068055862
STU_013615,81.98788841830515
STU_013616,81.17003250678071
STU_013617,64.78273947260274
STU_013618,60.752608904746126
STU_013619,66.79202713818987
STU_013620,74.69028010055717
STU_013621,73.46120605525726
STU_013622,60.48281374477611
STU_013623,50.65044639099321
STU_013624,50.36384472336816
STU_013625,81.37529547331431
STU_013626,75.9485634387594
STU_013627,83.92787404492822
STU_013628,96.59101348957017
STU_013629,79.07404001001537
STU_013630,72.85896949908175
STU_013631,66.21414994335139
STU_013632,57.04125501501485
STU_013633,94.80938356739992
STU_013634,66.0426529581553
STU_013635,97.88235194857063
STU_013636,69.96816529744464
STU_013637,80.23571347802377
STU_013638,79.7921879448796
STU_013639,64.53305181297571
STU_013640,78.22752934983569
STU_013641,88.63846357851224
STU_013642,72.76105249325045
STU_013643,79.78594247497645
STU_013644,61.11896570609975
STU_013645,71.6366565238391
STU_013646,92.98787777552252
STU_013647,84.110858033749
STU_013648,97.453742238309
STU_013649,75.73505530718134
STU_013650,95.95323668637236
STU_013651,71.17629968983525
STU_013652,66.758866974466
STU_013653,90.43998203650048
STU_013654,76.79809644202439
STU_013655,74.75924856401339
STU_013656,98.28300661726071
STU_013657,64.41762602380268
STU_013658,81.54533251997492
STU_013659,66.02406256599835
STU_013660,66.62861084081726
STU_013661,76.63813512981764
STU_013662,83.38566505239297
STU_013663,74.88874422998606
STU_013664,91.50437090084932
STU_013665,79.45039064770029
STU_013666,86.89838522877946
STU_013667,58.715565989858106
STU_013668,91.65267494745541
STU_013669,60.836033665615105
STU_013670,90.45890832786267
STU_013671,99.58829839933998
STU_013672,70.0346932424358
STU_013673,97.22370437796529
STU_013674,77.90945785328113
STU_013675,60.07420520607407
STU_013676,73.76977172533802
STU_013677,83.72622071949627
STU_013678,70.36343564959586
STU_013679,67.43676335036986
STU_013680,51.92682002350628
STU_013681,98.72546365298885
STU_013682,41.891630361855206
STU_013683,56.561115134888354
STU_013684,72.27524603070188
STU_013685,88.5698307382423
STU_013686,93.31185430820605
STU_013687,76.9063827392269
STU_013688,62.45708037393239
STU_013689,97.22147633667254
STU_013690,90.69234374575878
STU_013691,64.84562806302795
STU_013692,61.71708235801668
STU_013693,89.2438095307563
STU_013694,76.66695060742104
STU_013695,69.53265420108433
STU_013696,99.05797364672217
STU_013697,69.18217934123885
STU_013698,61.19918446028743
STU_013699,66.20742146754415
STU_013700,83.62813658638697
STU_013701,82.58736309242572
STU_013702,95.46399702272052
STU_013703,69.23384227266877
STU_013704,77.83969683828835
STU_013705,86.20113531380763
STU_013706,63.721366904207514
STU_013707,63.99690067261002
STU_013708,57.618707770632966
STU_013709,91.82601312807034
STU_013710,78.46731608030002
STU_013711,99.05309539623262
STU_013712,75.4733976577661
STU_013713,66.5507523055828
STU_013714,67.76194054007755
STU_013715,98.61852296746534
STU_013716,70.61074265872293
STU_013717,54.55558430715112
STU_013718,84.95008850491732
STU_013719,72.92163915138754
STU_013720,50.33167633203047
STU_013721,56.65928323212466
STU_013722,79.30407549424129
STU_013723,83.86428241971886
STU_013724,93.43480565483395
STU_013725,70.3074744054284
STU_013726,64.26148742560987
STU_013727,67.57702201098868
STU_013728,93.98144125444429
STU_013729,89.36340473971944
STU_013730,77.56052119130305
STU_013731,92.92794402988167
STU_013732,76.75933878520999
STU_013733,84.70271328419562
STU_013734,55.844872987511366
STU_013735,74.21138657315689
STU_013736,99.32831037807301
STU_013737,82.77309204454244
STU_013738,74.29724788813753
STU_013739,72.02228281547173
STU_013740,81.51213091976503
STU_013741,76.7050992462859
STU_013742,94.0490836260623
STU_013743,95.09340152070726
STU_013744,69.10977032620356
STU_013745,92.36272841673707
STU_013746,88.56249049706231
STU_013747,95.69170621448015
STU_013748,73.95852082284613
STU_013749,96.71566745881924
STU_013750,73.26047548379296
STU_013751,75.78770352665323
STU_013752,79.58851243039715
STU_013753,85.50639622176493
STU_013754,72.58176774200615
STU_013755,69.44003760663614
STU_013756,64.19695374823965
STU_013757,99.00761912237931
STU_013758,95.541665472523
STU_013759,59.1079799088844
STU_013760,56.07370474956024
STU_013761,97.18268100070824
STU_013762,77.59807919200605
STU_013763,76.50850178985856
STU_013764,60.03570580655233
STU_013765,63.51421432035321
STU_013766,82.53790038043805
STU_013767,87.86640019387386
STU_013768,67.44729228479721
STU_013769,55.41898156601373
STU_013770,88.02968100653013
STU_013771,96.90766938635834
STU_013772,67.03375081629369
STU_013773,69.0254232538782
STU_013774,72.04502718991378
STU_013775,76.402762986667
STU_013776,59.650324427592906
STU_013777,75.37600780108508
STU_013778,92.44404361449142
STU_013779,97.35146320631124
STU_013780,70.22644185517507
STU_013781,57.51880069550909
STU_013782,78.3393079675429
STU_013783,88.21299645228132
STU_013784,76.43658359871858
STU_013785,69.23400986144102
STU_013786,76.17885393988688
STU_013787,97.99605675184037
STU_013788,59.25641567733768
STU_013789,86.27588609721961
STU_013790,63.40079835514183
STU_013791,85.51864810803252
STU_013792,99.73463936913674
STU_013793,72.04010258470144
STU_013794,77.67828584292752
STU_013795,79.75130165874599
STU_013796,69.26294694283605
STU_013797,86.87653822002845
STU_013798,57.89715950054862
STU_013799,78.51762863611728
STU_013800,86.37280383166683
STU_013801,99.20655663571523
STU_013802,80.28119543974947
STU_013803,73.06260408753528
STU_013804,73.96749352928109
STU_013805,86.72094003005066
STU_013806,68.17027825979326
STU_013807,77.59965538925553
STU_013808,72.42958901241997
STU_013809,76.66618937568336
STU_013810,85.78259989769265
STU_013811,66.73283555353572
STU_013812,78.6046415971253
STU_013813,69.11591806805944
STU_013814,61.97145910217518
STU_013815,76.26639902154079
STU_013816,68.7940454640645
STU_013817,80.23977801411061
STU_013818,58.22323469452796
STU_013819,88.55136895328359
STU_013820,74.49010623577578
STU_013821,73.12255994978281
STU_013822,96.70451466662519
STU_013823,92.15829639270302
STU_013824,71.84006326432899
STU_013825,65.24636552684707
STU_013826,84.70475717928309
STU_013827,80.15993153355673
STU_013828,87.22094622059802
STU_013829,78.79455266321395
STU_013830,84.74401034469588
STU_013831,79.41994633659672
STU_013832,93.3019356309471
STU_013833,83.85116033827907
STU_013834,70.27267294128886
STU_013835,79.34921907507598
STU_013836,66.17799169477836
STU_013837,95.55976696700188
STU_013838,56.306998338961314
STU_013839,57.43420788138184
STU_013840,55.97419198160691
STU_013841,98.8548601556725
STU_013842,77.7941979801105
STU_013843,76.93476400989653
STU_013844,72.84414729331888
STU_013845,92.72751049696402
STU_013846,86.25901458373943
STU_013847,40.915480412810396
STU_013848,99.77377909119465
STU_013849,57.73691057920186
STU_013850,70.5279501718678
STU_013851,64.12864486895933
STU_013852,91.36696353027864
STU_013853,67.95140547442469
STU_013854,82.76214481210741
STU_013855,75.40525780992243
STU_013856,55.5260429821239
STU_013857,76.47334513248063
STU_013858,83.27394983903596
STU_013859,80.79869335687725
STU_013860,72.19863999445774
STU_013861,70.69226366684578
STU_013862,81.97474749862926
STU_013863,84.22555460590569
STU_013864,66.34057830922929
STU_013865,89.59772603932726
STU_013866,57.11676105379801
STU_013867,73.08900113873719
STU_013868,96.28898334060617
STU_013869,74.83218709312797
STU_013870,48.12723313670284
STU_013871,70.04140619795501
STU_013872,99.0115302202759
STU_013873,67.76371432160931
STU_013874,63.924104549764294
STU_013875,59.2376746278962
STU_013876,78.70216702188603
STU_013877,53.94575069395314
STU_013878,58.59790427595715
STU_013879,63.0245494358777
STU_013880,96.93703514729137
STU_013881,71.61669214252964
STU_013882,80.12426260621598
STU_013883,67.5381508329764
STU_013884,82.34041123114915
STU_013885,90.59007397490885
STU_013886,88.02333119085752
STU_013887,73.567844573935
STU_013888,78.94297306273741
STU_013889,78.06683018435369
STU_013890,95.34454261778028
STU_013891,92.86965763008888
STU_013892,74.56423590644663
STU_013893,59.6030314371205
STU_013894,96.54884706809221
STU_013895,52.700156740069886
STU_013896,94.60931584399191
STU_013897,74.82533748211142
STU_013898,81.39624782449255
STU_013899,85.32022614582819
STU_013900,66.39758744261783
STU_013901,79.54602177089137
STU_013902,73.607332448444
STU_013903,72.34095185881998
STU_013904,68.57543171239662
STU_013905,92.11742823618945
STU_013906,77.10769552364462
STU_013907,63.65864506985988
STU_013908,66.24147869427571
STU_013909,89.50381286840143
STU_013910,60.87671852690219
STU_013911,80.62639631440531
STU_013912,82.1269509939195
STU_013913,69.29234246488198
STU_013914,57.866063038686036
STU_013915,65.87137888179771
STU_013916,97.58324771892495
STU_013917,50.64795860763505
STU_013918,54.49048543160477
STU_013919,77.02848913294724
STU_013920,77.54095451003724
STU_013921,64.98165004968561
STU_013922,96.26510306694578
STU_013923,91.17689176838766
STU_013924,84.25495114982343
STU_013925,70.93703703251867
STU_013926,79.57452495690472
STU_013927,99.27273763870375
STU_013928,41.19786381333688
STU_013929,60.71301721787136
STU_013930,69.35206722197137
STU_013931,64.30104217959172
STU_013932,64.8935623652342
STU_013933,51.91989644771939
STU_013934,64.22727645467721
STU_013935,77.39923471272368
STU_013936,88.20300326749786
STU_013937,81.56582110125885
STU_013938,74.956423697697
STU_013939,66.4845982983221
STU_013940,63.802594140660425
STU_013941,68.12342027057885
STU_013942,99.65008059465958
STU_013943,60.590770715633866
STU_013944,88.32447488855694
STU_013945,75.1275524120366
STU_013946,98.78897933172502
STU_013947,80.8505718901227
STU_013948,79.81601180150003
STU_013949,44.31713775917241
STU_013950,89.38158508050867
STU_013951,53.86826587352591
STU_013952,97.43139572402643
STU_013953,69.8778366994774
STU_013954,46.65722695838606
STU_013955,64.06722510522029
STU_013956,78.55496513052682
STU_013957,80.1418931113961
STU_013958,72.95266196980302
STU_013959,70.52899561842572
STU_013960,77.86553179436223
STU_013961,75.20256481838967
STU_013962,58.52283900186615
STU_013963,67.57122889234219
STU_013964,75.29750729156227
STU_013965,60.26895606176738
STU_013966,70.07719988508426
STU_013967,71.03007941108069
STU_013968,95.72062230048293
STU_013969,47.080415782944876
STU_013970,88.76200767992209
STU_013971,65.35387739289412
STU_013972,72.58311102025334
STU_013973,72.58991320916425
STU_013974,95.82188235537737
STU_013975,84.37996077360138
STU_013976,69.29478164272638
STU_013977,82.56658663389743
STU_013978,96.05446429060373
STU_013979,86.9821409845513
STU_013980,74.63913663565788
STU_013981,74.25599538653842
STU_013982,68.8325023102364
STU_013983,76.85341814060665
STU_013984,67.99554516020797
STU_013985,83.70493374857182
STU_013986,68.97917252900953
STU_013987,96.22558796429556
STU_013988,69.64580409061986
STU_013989,66.28829916606985
STU_013990,67.98093654158214
STU_013991,79.99274625484941
STU_013992,75.79587366942144
STU_013993,79.45756071886461
STU_013994,78.88962336689838
STU_013995,58.658544006772104
STU_013996,73.71527536080663
STU_013997,96.3933085727725
STU_013998,63.01539946311358
STU_013999,79.80878145757407
STU_014000,75.16267594798593
STU_014001,64.16060344762026
STU_014002,60.713159201916085
STU_014003,67.08833311147558
STU_014004,60.89841705617225
STU_014005,69.04989205955428
STU_014006,69.31679194615715
STU_014007,83.2423056503039
STU_014008,59.801672539544384
STU_014009,99.63846685459704
STU_014010,70.51662140891685
STU_014011,82.5196145334638
STU_014012,94.49641956355664
STU_014013,50.523801067063125
STU_014014,90.34744732096758
STU_014015,81.78624230892234
STU_014016,64.06311644880611
STU_014017,79.52276027764668
STU_014018,76.34598670640267
STU_014019,88.39716922272021
STU_014020,84.51870855797004
STU_014021,92.46975270620449
STU_014022,70.11612283442196
STU_014023,63.252120387719046
STU_014024,76.40517448036863
STU_014025,82.55404615158638
STU_014026,74.69137996189204
STU_014027,99.91037684217957
STU_014028,87.14764554217442
STU_014029,77.86386587347928
STU_014030,76.18547667635718
STU_014031,74.4567533173796
STU_014032,75.49924285416637
STU_014033,67.30109357787195
STU_014034,91.94093959950773
STU_014035,94.66895522753933
STU_014036,49.092984688489054
STU_014037,57.132643174633294
STU_014038,83.65443638726015
STU_014039,89.06302147895737
STU_014040,72.76558026291463
STU_014041,75.01174841659741
STU_014042,65.30073772388405
STU_014043,68.95386210199419
STU_014044,99.55348075193484
STU_014045,77.25664842550238
STU_014046,65.43630764960191
STU_014047,88.12482838764197
STU_014048,62.10011337132696
STU_014049,87.1752084160151
STU_014050,73.80426198674112
STU_014051,71.91341183655612
STU_014052,80.74106195545927
STU_014053,88.30477937176053
STU_014054,85.7764508250161
STU_014055,99.9307509831322
STU_014056,77.17786140204876
STU_014057,68.67219921517088
STU_014058,76.028142158945
STU_014059,60.829126864727996
STU_014060,77.64295333866494
STU_014061,67.46970914124726
STU_014062,86.56382289727544
STU_014063,70.81211825226372
STU_014064,67.58864369802411
STU_014065,60.9622304717582
STU_014066,39.718708318318
STU_014067,95.5996936458991
STU_014068,68.54717773396615
STU_014069,77.2082306438142
STU_014070,75.11534053671159
STU_014071,40.486447063529035
STU_014072,68.78552568774171
STU_014073,80.29154957072018
STU_014074,73.21972038769891
STU_014075,71.74556279367245
STU_014076,67.68783760876647
STU_014077,52.48941298109288
STU_014078,53.448027862718185
STU_014079,84.40694077885831
STU_014080,86.44584299982898
STU_014081,99.82903750750222
STU_014082,78.40717545750593
STU_014083,63.982630667182875
STU_014084,75.29469893462445
STU_014085,99.66586090385059
STU_014086,62.49457850587332
STU_014087,67.66843763754696
STU_014088,75.15411612627824
STU_014089,74.658671384019
STU_014090,67.09458965072821
STU_014091,89.63650679556727
STU_014092,68.74289070298637
STU_014093,72.70305041195735
STU_014094,62.20564763107071
STU_014095,80.12817119564065
STU_014096,84.304768331647
STU_014097,90.84131068656842
STU_014098,70.17213482394367
STU_014099,70.69238731333417
STU_014100,64.01949474695255
STU_014101,76.199751179452
STU_014102,84.76716939152982
STU_014103,69.24904357125521
STU_014104,93.600194589566
STU_014105,45.717726817107895
STU_014106,70.60626479061914
STU_014107,88.83071018197478
STU_014108,80.17558738243488
STU_014109,81.36962392427662
STU_014110,85.2287273875811
STU_014111,89.73332114432972
STU_014112,61.350506824770065
STU_014113,59.046011862735725
STU_014114,64.0440450667916
STU_014115,77.73190602059312
STU_014116,98.9672436821366
STU_014117,64.81723215066884
STU_014118,96.32483855256642
STU_014119,68.87254108516225
STU_014120,65.98432751076952
STU_014121,56.67977597350793
STU_014122,57.219828016051835
STU_014123,58.59491910541006
STU_014124,58.313871185266336
STU_014125,85.20148035856394
STU_014126,63.17505685962462
STU_014127,69.22890128948787
STU_014128,61.19594325649731
STU_014129,86.36088632630947
STU_014130,80.10722157167436
STU_014131,88.67792449779303
STU_014132,79.07812433482667
STU_014133,71.06644462734953
STU_014134,43.58003547776214
STU_014135,76.88528868079175
STU_014136,74.06393354770518
STU_014137,98.23936548447048
STU_014138,53.898346353887305
STU_014139,72.74381490616175
STU_014140,77.94236748615124
STU_014141,88.85782934398279
STU_014142,73.50934450680906
STU_014143,87.07065803207266
STU_014144,98.18179179155103
STU_014145,69.03075068308263
STU_014146,93.53597644649105
STU_014147,79.67793787725299
STU_014148,87.04959632671617
STU_014149,79.46453625769465
STU_014150,64.4172393643554
STU_014151,98.07409678902741
STU_014152,89.15369725492626
STU_014153,58.65750499199538
STU_014154,76.88976539116561
STU_014155,69.07425987454548
STU_014156,91.9817156896705
STU_014157,81.2714673423209
STU_014158,80.21744350514152
STU_014159,84.51517885999327
STU_014160,95.50114512093074
STU_014161,81.53860839704737
STU_014162,96.16639464497999
STU_014163,72.84873929991261
STU_014164,52.617281982980074
STU_014165,96.49753957989921
STU_014166,69.94259880492933
STU_014167,76.42759342882258
STU_014168,68.90922404756424
STU_014169,52.367538389626276
STU_014170,79.20183501426826
STU_014171,84.2988033138785
STU_014172,79.98028568652975
STU_014173,69.07930821464109
STU_014174,78.53704251441098
STU_014175,82.38720700391042
STU_014176,66.51183168220176
STU_014177,76.26981472479216
STU_014178,71.94536581659597
STU_014179,85.34993031729971
STU_014180,78.76644141558555
STU_014181,75.39329462160808
STU_014182,97.29248346254485
STU_014183,64.33966305888288
STU_014184,83.02426923672917
STU_014185,76.99415778425526
STU_014186,94.29445499999981
STU_014187,97.69435845398343
STU_014188,75.09511354216843
STU_014189,70.53054479419916
STU_014190,65.98686349800815
STU_014191,66.00601648804536
STU_014192,64.45998262875518
STU_014193,87.05552676965559
STU_014194,71.50166794905591
STU_014195,63.232177940797584
STU_014196,81.77054802995649
STU_014197,60.88839120494686
STU_014198,70.39548343146977
STU_014199,57.6109405803874
STU_014200,76.40784883632264
STU_014201,77.94550619592337
STU_014202,82.37731228552775
STU_014203,58.497076492003586
STU_014204,86.16882698482836
STU_014205,68.22542023642367
STU_014206,74.37483087738211
STU_014207,76.28964500599768
STU_014208,72.46798150108087
STU_014209,72.17773347287621
STU_014210,97.29057898080737
STU_014211,81.30879921820079
STU_014212,99.10575037946501
STU_014213,77.62319514574023
STU_014214,63.185887862862046
STU_014215,71.45648817243494
STU_014216,70.49394676084886
STU_014217,88.82633959634995
STU_014218,99.73544943365032
STU_014219,65.92278680750702
STU_014220,77.40819146083572
STU_014221,86.62503066257
STU_014222,78.59560720444537
STU_014223,89.2947797525897
STU_014224,93.12456589170264
STU_014225,72.87492804802213
STU_014226,57.46846973388756
STU_014227,71.00456614979103
STU_014228,58.20782026823609
STU_014229,90.59379279697743
STU_014230,92.43521163163074
STU_014231,77.92953676182142
STU_014232,77.14203517312345
STU_014233,55.064453043041055
STU_014234,99.87292191445826
STU_014235,76.71998793686943
STU_014236,71.5231115250651
STU_014237,91.33105774499097
STU_014238,46.93398395885925
STU_014239,90.1091975686264
STU_014240,69.62367467314063
STU_014241,83.03111011259956
STU_014242,91.76072744997862
STU_014243,65.4778639954217
STU_014244,80.21179825805388
STU_014245,79.17132730359477
STU_014246,75.95817916082618
STU_014247,63.41055043847797
STU_014248,91.01575930371371
STU_014249,77.50707788752155
STU_014250,82.13148451217667
STU_014251,75.38716780524226
STU_014252,60.35591937461652
STU_014253,90.18504547527175
STU_014254,68.27576757839219
STU_014255,96.7948612702811
STU_014256,68.25443461673663
STU_014257,70.61261375324224
STU_014258,88.81658177465732
STU_014259,65.55708985265187
STU_014260,84.51446032247964
STU_014261,83.55712993847848
STU_014262,76.66552791604477
STU_014263,59.65526773183367
STU_014264,88.79704994259447
STU_014265,67.8474647025984
STU_014266,85.00383856545106
STU_014267,95.65982538042104
STU_014268,91.93110675199216
STU_014269,73.20474481945826
STU_014270,70.49377114674309
STU_014271,59.604595741452925
STU_014272,71.0900647796175
STU_014273,72.34040983034095
STU_014274,64.13858492278435
STU_014275,86.07173766809058
STU_014276,66.8689742005584
STU_014277,93.51475861223294
STU_014278,58.31606477955191
STU_014279,95.45965825221879
STU_014280,53.16658063660316
STU_014281,87.78791441583215
STU_014282,69.90165974700412
STU_014283,55.00204742311392
STU_014284,83.1534174488333
STU_014285,94.44134251785195
STU_014286,64.47979848482481
STU_014287,82.85509669272969
STU_014288,49.30736380760837
STU_014289,72.0025139148985
STU_014290,78.6063455376378
STU_014291,65.57399050678012
STU_014292,74.3116949575049
STU_014293,73.33563176960524
STU_014294,61.953516737974056
STU_014295,67.37387603309737
STU_014296,69.57522803748016
STU_014297,63.861037339814416
STU_014298,78.2433653755825
STU_014299,80.1779083504396
STU_014300,91.22296953414394
STU_014301,57.19479587879357
STU_014302,99.79202556481233
STU_014303,90.85849334850877
STU_014304,62.711845948697956
STU_014305,80.301080711795
STU_014306,74.15929310942015
STU_014307,99.76856802169297
STU_014308,71.88968449185688
STU_014309,91.84934040683902
STU_014310,71.08435779839645
STU_014311,99.7411263631279
STU_014312,74.38859903972812
STU_014313,70.59418539334041
STU_014314,64.28875775307468
STU_014315,81.621238718374
STU_014316,73.70071430539511
STU_014317,69.81502007259965
STU_014318,79.1656332836032
STU_014319,59.985433392135974
STU_014320,75.86338370787384
STU_014321,63.30770147789686
STU_014322,95.7204111757076
STU_014323,86.58377156471357
STU_014324,81.29309041885037
STU_014325,85.28486411014875
STU_014326,82.70274317408715
STU_014327,66.1598623321049
STU_014328,52.290167339459984
STU_014329,94.33186628000811
STU_014330,54.55903319723748
STU_014331,62.48875741651629
STU_014332,59.88315561242362
STU_014333,73.27623470114234
STU_014334,97.27936519597463
STU_014335,78.78784671214052
STU_014336,92.7583123738199
STU_014337,80.17801514499214
STU_014338,63.21666680785122
STU_014339,63.50793396825076
STU_014340,62.558306876072066
STU_014341,93.70567942266457
STU_014342,56.393270442195075
STU_014343,71.80195425655727
STU_014344,46.86831040558948
STU_014345,74.48198984910952
STU_014346,88.13734248036566
STU_014347,65.63939233911442
STU_014348,71.27934912847162
STU_014349,64.61948243466414
STU_014350,68.93285002117636
STU_014351,73.48851222657939
STU_014352,92.87672024131419
STU_014353,90.60163944200141
STU_014354,90.85891187833658
STU_014355,64.77013990371576
STU_014356,51.61301943326548
STU_014357,85.72434442546549
STU_014358,55.05026952788513
STU_014359,74.72345819051276
STU_014360,55.426888192416854
STU_014361,65.98041185956464
STU_014362,99.66645395330757
STU_014363,45.99191683415671
STU_014364,77.35342564854712
STU_014365,62.45788119796107
STU_014366,72.98402274443004
STU_014367,70.30945555534053
STU_014368,90.35278856693155
STU_014369,89.35278178359863
STU_014370,95.89789101217093
STU_014371,75.59255132541111
STU_014372,85.70383099972372
STU_014373,64.62136554575713
STU_014374,83.79897855391073
STU_014375,80.08997497195838
STU_014376,93.30188869080303
STU_014377,82.79364571431472
STU_014378,99.1517364722974
STU_014379,79.62195295724656
STU_014380,84.21505420536047
STU_014381,45.879192191333345
STU_014382,77.6460714144703
STU_014383,72.43150334322709
STU_014384,87.99844340432072
STU_014385,91.3063494061848
STU_014386,60.19093259242598
STU_014387,79.02904000073784
STU_014388,66.85056426324888
STU_014389,74.0893601303125
STU_014390,67.0510152046532
STU_014391,45.69012707527216
STU_014392,88.39741105248348
STU_014393,89.85261613277288
STU_014394,73.15661772256843
STU_014395,97.64724979680416
STU_014396,92.44564996531008
STU_014397,80.47202834796342
STU_014398,99.55953729157538
STU_014399,73.32319911132777
STU_014400,95.53711629998367
STU_014401,83.09379866553559
STU_014402,77.71270517722905
STU_014403,77.81998954418899
STU_014404,78.82918352402302
STU_014405,64.84146394139827
STU_014406,79.53305248181921
STU_014407,98.99698352413084
STU_014408,63.23338064230019
STU_014409,57.240211136532366
STU_014410,73.80465089823379
STU_014411,65.77102127706715
STU_014412,73.03314739413159
STU_014413,82.96712342382645
STU_014414,64.54972350924051
STU_014415,68.22832757180676
STU_014416,77.33780899440856
STU_014417,92.07147203559731
STU_014418,91.45311155607389
STU_014419,54.856437909782215
STU_014420,91.52678479907037
STU_014421,96.66894323069212
STU_014422,67.708170414439
STU_014423,93.30805463850055
STU_014424,78.05545083630587
STU_014425,97.60528393933281
STU_014426,70.48999557462244
STU_014427,88.20447899948132
STU_014428,92.57635219250716
STU_014429,93.78917517491493
STU_014430,52.33257018887264
STU_014431,55.701609286035456
STU_014432,75.8509231245477
STU_014433,66.93480541828689
STU_014434,77.53714726282304
STU_014435,95.93026750411322
STU_014436,55.88723292138412
STU_014437,70.53892024659078
STU_014438,74.45935521626761
STU_014439,82.21256873876932
STU_014440,47.96327355912584
STU_014441,62.61406489338711
STU_014442,76.83058055829046
STU_014443,53.38125013062532
STU_014444,49.526306817305866
STU_014445,71.13782345018895
STU_014446,67.42950559472857
STU_014447,97.13532689643164
STU_014448,61.601522422094334
STU_014449,55.469817751576116
STU_014450,65.3938564866337
STU_014451,88.59021879953154
STU_014452,89.45273270533085
STU_014453,99.21505854996695
STU_014454,88.32902311579863
STU_014455,89.25139861095795
STU_014456,83.04675864740923
STU_014457,61.01512444336241
STU_014458,63.167080931749354
STU_014459,75.3351939187882
STU_014460,99.54784491269677
STU_014461,94.04967618601083
STU_014462,81.79475041370367
STU_014463,84.85306006744439
STU_014464,73.03463251199449
STU_014465,95.15899159630726
STU_014466,67.25635825234097
STU_014467,78.73613146125825
STU_014468,73.06666668548303
STU_014469,82.69447419321727
STU_014470,75.57011449678886
STU_014471,84.07421804892921
STU_014472,64.73601471477863
STU_014473,66.44913375831254
STU_014474,86.54953102017859
STU_014475,62.658887899951345
STU_014476,71.69802097352775
STU_014477,94.84132025924254
STU_014478,80.69580466365736
STU_014479,97.2787974362644
STU_014480,76.81703960222238
STU_014481,90.39778554896714
STU_014482,52.80611132619637
STU_014483,94.45297526337097
STU_014484,46.71626763748094
STU_014485,77.3352704885283
STU_014486,90.15428710778585
STU_014487,83.46011095520683
STU_014488,71.77748920804753
STU_014489,45.57881278290856
STU_014490,91.61020055295803
STU_014491,84.41665424186934
STU_014492,78.43390640841596
STU_014493,63.33065953993459
STU_014494,86.48651870888578
STU_014495,69.14812158925513
STU_014496,67.56062509849211
STU_014497,64.22437463017988
STU_014498,87.53525509334644
STU_014499,82.18961580008721
STU_014500,66.54063620072155
STU_014501,63.74607010953186
STU_014502,70.49115323142402
STU_014503,74.57562721301457
STU_014504,99.62623695718976
STU_014505,73.3591930342331
STU_014506,76.1760009287885
STU_014507,71.34598564119028
STU_014508,63.34377308496619
STU_014509,76.17358754451367
STU_014510,60.79125023617611
STU_014511,83.44625452768528
STU_014512,73.92006626876545
STU_014513,82.21921921442836
STU_014514,82.52482132558161
STU_014515,73.29514797396939
STU_014516,81.79455407503734
STU_014517,80.60713436852583
STU_014518,80.0309380967841
STU_014519,59.9178043380232
STU_014520,75.59764573478319
STU_014521,96.44562152763125
STU_014522,67.4127309629645
STU_014523,96.04724409634653
STU_014524,92.26512462621395
STU_014525,72.13509961052344
STU_014526,78.12994579735506
STU_014527,43.48319736824058
STU_014528,64.14945841471578
STU_014529,85.0019908800386
STU_014530,66.8662849381453
STU_014531,75.76078879283588
STU_014532,96.9462852467421
STU_014533,99.19074284269476
STU_014534,96.66194527380316
STU_014535,95.25744093463575
STU_014536,88.58586671978853
STU_014537,76.80128350983566
STU_014538,62.302532101499665
STU_014539,68.88590454082336
STU_014540,51.67801254445025
STU_014541,89.33006045238713
STU_014542,52.109354068755295
STU_014543,88.61898014191189
STU_014544,67.66616989444685
STU_014545,62.76122805423872
STU_014546,55.62076858547339
STU_014547,61.686516209032504
STU_014548,93.19832929064111
STU_014549,97.52172316051839
STU_014550,79.63428048611696
STU_014551,69.60207437482933
STU_014552,66.9438584418934
STU_014553,83.25318211892318
STU_014554,76.42152749581774
STU_014555,67.41524478025143
STU_014556,96.71961025607882
STU_014557,75.31022967431426
STU_014558,55.151191376128494
STU_014559,80.30718541816407
STU_014560,98.59794930194803
STU_014561,75.60299602561692
STU_014562,67.35489088638361
STU_014563,75.38142179196822
STU_014564,98.94844028738524
STU_014565,66.92967954365493
STU_014566,88.24195584792082
STU_014567,70.35579092222132
STU_014568,69.1003473988846
STU_014569,75.88232688073829
STU_014570,54.858337095316486
STU_014571,65.52151276795134
STU_014572,72.56256900940565
STU_014573,78.81591524550416
STU_014574,64.16676095907471
STU_014575,57.677342128384936
STU_014576,69.33498704969156
STU_014577,56.50485565895028
STU_014578,64.03905737195142
STU_014579,79.56953195008471
STU_014580,88.67082345002288
STU_014581,89.33493953685507
STU_014582,81.95174905452876
STU_014583,69.4721019039516
STU_014584,79.04431257176392
STU_014585,70.49202267002306
STU_014586,88.44085264840635
STU_014587,58.367515398433824
STU_014588,81.64119473385617
STU_014589,53.39430419277457
STU_014590,64.19906445036042
STU_014591,89.02673393727092
STU_014592,75.17300719318162
STU_014593,94.3991923605866
STU_014594,97.70603403366924
STU_014595,48.53343530656281
STU_014596,99.9079883225427
STU_014597,71.75096607841252
STU_014598,59.28605848484758
STU_014599,78.4089991541008
STU_014600,56.658044935484206
STU_014601,76.29782522953863
STU_014602,93.4650592186206
STU_014603,52.0848714778669
STU_014604,85.20237345645748
STU_014605,99.43935673708785
STU_014606,54.27075972078204
STU_014607,82.8450543236029
STU_014608,57.776945263375396
STU_014609,78.77916373101456
STU_014610,81.46612719662784
STU_014611,81.62138307929925
STU_014612,58.44136397956467
STU_014613,69.92931679053271
STU_014614,91.59576204514906
STU_014615,75.37968865648286
STU_014616,97.46005703523375
STU_014617,61.14082997145023
STU_014618,84.30896437391306
STU_014619,77.74227812308857
STU_014620,85.21022428624245
STU_014621,61.886239719739706
STU_014622,96.58802676684604
STU_014623,74.90770029638702
STU_014624,82.9333672899647
STU_014625,69.6876293727276
STU_014626,90.05422509770462
STU_014627,63.04006310055874
STU_014628,59.38863909740388
STU_014629,80.69194707670306
STU_014630,72.04741135275555
STU_014631,62.030673331728565
STU_014632,66.8336612190073
STU_014633,69.2895352992188
STU_014634,94.03713150645464
STU_014635,58.1274253510994
STU_014636,46.02037472108617
STU_014637,90.23609043741982
STU_014638,65.41776068386064
STU_014639,76.912584957506
STU_014640,69.49902474152194
STU_014641,62.251202985031796
STU_014642,97.37396634184287
STU_014643,54.280573133377736
STU_014644,92.94744073113428
STU_014645,76.8800936877621
STU_014646,91.13857243509172
STU_014647,90.50731587130849
STU_014648,71.58132254852649
STU_014649,92.10916231414333
STU_014650,70.47567948228674
STU_014651,62.85502701974336
STU_014652,93.87943576494824
STU_014653,76.46092687072803
STU_014654,85.84736493778973
STU_014655,50.06767722498857
STU_014656,67.8845534149924
STU_014657,53.54137321801008
STU_014658,76.81557096559993
STU_014659,72.18476153257288
STU_014660,71.88224370927395
STU_014661,48.22757326009083
STU_014662,71.34313064225216
STU_014663,72.52663960194846
STU_014664,54.26052227264101
STU_014665,77.6338085323701
STU_014666,95.26834556950915
STU_014667,78.51734906143119
STU_014668,55.765301366682024
STU_014669,78.74021254988918
STU_014670,97.91696158723519
STU_014671,78.31603392335356
STU_014672,84.97758689992682
STU_014673,93.63623916080283
STU_014674,95.327603904019
STU_014675,83.18538262456723
STU_014676,74.94108567513553
STU_014677,63.94344516692601
STU_014678,68.06380125289598
STU_014679,61.25731449032416
STU_014680,43.59997224015487
STU_014681,92.34364441466866
STU_014682,45.51352781556144
STU_014683,67.62557132340703
STU_014684,61.57251881828732
STU_014685,66.2413976712464
STU_014686,79.65480861434222
STU_014687,88.07455986131973
STU_014688,95.61838098504464
STU_014689,64.7629862595939
STU_014690,60.17073950000998
STU_014691,83.66780671497033
STU_014692,93.8657456825238
STU_014693,69.20357249907595
STU_014694,75.80726113707627
STU_014695,99.29870451330133
STU_014696,42.638315548088435
STU_014697,78.75322314288667
STU_014698,91.86997937816243
STU_014699,68.03675678255074
STU_014700,90.7224016971808
STU_014701,68.35402243696988
STU_014702,88.27178744836539
STU_014703,78.79438659167108
STU_014704,96.47797753078984
STU_014705,81.13878047639724
STU_014706,85.8482494921353
STU_014707,95.63934388708884
STU_014708,98.8886409470343
STU_014709,80.13200193780688
STU_014710,53.612467010417774
STU_014711,73.53255010683651
STU_014712,77.77721036221371
STU_014713,41.20058252324681
STU_014714,81.28742678736165
STU_014715,76.56863760636465
STU_014716,62.37561260401968
STU_014717,58.3600215344035
STU_014718,64.73468848837126
STU_014719,94.60615935344558
STU_014720,81.36905249804006
STU_014721,53.87885591568886
STU_014722,66.94410584769614
STU_014723,95.37429131636078
STU_014724,91.39214756808515
STU_014725,71.45689581520926
STU_014726,66.59214347784763
STU_014727,59.508121079478386
STU_014728,94.57963357843127
STU_014729,81.16632893892145
STU_014730,53.81688892650681
STU_014731,63.95468924944484
STU_014732,83.79070197147752
STU_014733,74.79183694855024
STU_014734,61.65600846471543
STU_014735,99.8244990942778
STU_014736,77.95401873211385
STU_014737,75.1610744538228
STU_014738,72.80375868451138
STU_014739,86.15490782734285
STU_014740,75.93616058298517
STU_014741,79.99031986787097
STU_014742,95.84037530011335
STU_014743,99.26296603685816
STU_014744,68.73977050077607
STU_014745,81.16802098073087
STU_014746,44.96439347552173
STU_014747,75.4513256878238
STU_014748,99.49927534150017
STU_014749,93.83294157444737
STU_014750,80.85107552250747
STU_014751,94.55581361325346
STU_014752,78.90498882044345
STU_014753,59.6946596462553
STU_014754,99.7284285028753
STU_014755,66.55117257120786
STU_014756,66.73932590568096
STU_014757,72.45505192673657
STU_014758,99.77959213409079
STU_014759,67.43609042218667
STU_014760,76.51707352203147
STU_014761,75.85746807388065
STU_014762,99.87587252795848
STU_014763,82.14805450825102
STU_014764,99.64746078772163
STU_014765,74.90543226074995
STU_014766,81.51718405576696
STU_014767,70.01566982357753
STU_014768,65.5902443756373
STU_014769,97.49149616175539
STU_014770,79.72011320446163
STU_014771,75.53199632158861
STU_014772,70.76221384456494
STU_014773,85.46659843230901
STU_014774,93.94407941207498
STU_014775,76.60735419032372
STU_014776,76.59114550007806
STU_014777,77.60420556473994
STU_014778,78.72320867140441
STU_014779,77.91908030723903
STU_014780,58.79576070779568
STU_014781,85.0216764791248
STU_014782,85.73860203932053
STU_014783,94.1503723048767
STU_014784,92.89841491079012
STU_014785,81.75211006744337
STU_014786,79.55178795761233
STU_014787,75.82244441989351
STU_014788,96.684712254029
STU_014789,74.68897810805342
STU_014790,80.02638001168229
STU_014791,66.53598091709942
STU_014792,56.10306292996921
STU_014793,66.82039734336982
STU_014794,62.333013057720805
STU_014795,78.77970454473953
STU_014796,78.7966110232741
STU_014797,72.19310406892566
STU_014798,88.91126370183181
STU_014799,92.91690370597618
STU_014800,86.87944729038146
STU_014801,92.14674878219355
STU_014802,58.39167386250243
STU_014803,87.83276829056001
STU_014804,79.77697165461947
STU_014805,73.32004077350716
STU_014806,73.59807851255883
STU_014807,65.04535756121206
STU_014808,70.37847995057116
STU_014809,53.036015958157094
STU_014810,96.44332167460558
STU_014811,98.41703041675703
STU_014812,74.23773434195702
STU_014813,61.777796744866464
STU_014814,69.03521769729451
STU_014815,54.84183776048036
STU_014816,79.6862825168033
STU_014817,86.27669407865719
STU_014818,47.50426102955123
STU_014819,81.19544016262786
STU_014820,70.63007958204038
STU_014821,57.894724360654095
STU_014822,98.56468733944195
STU_014823,63.525086205358775
STU_014824,92.81299913207374
STU_014825,77.16112682531099
STU_014826,92.23622104858441
STU_014827,57.06976085606273
STU_014828,76.48017607716241
STU_014829,76.12999789929228
STU_014830,84.62760998670205
STU_014831,84.22035217992212
STU_014832,64.40555586087683
STU_014833,64.70985978514881
STU_014834,81.64174188326743
STU_014835,76.04763048516298
STU_014836,85.38189040201812
STU_014837,70.79778177960587
STU_014838,74.51094677262793
STU_014839,81.55436258137843
STU_014840,77.91336403067234
STU_014841,98.91195300114148
STU_014842,52.55775618564235
STU_014843,70.72586996492493
STU_014844,95.11230235362339
STU_014845,66.9818762706442
STU_014846,84.20894521840991
STU_014847,79.35637139940292
STU_014848,56.12100489933712
STU_014849,58.23753222346562
STU_014850,69.8775908904343
STU_014851,84.15213746590365
STU_014852,80.70429528589798
STU_014853,74.02806806513524
STU_014854,63.46780366692477
STU_014855,76.11254637964309
STU_014856,72.56649169472841
STU_014857,80.67781340097852
STU_014858,64.73930862242216
STU_014859,86.76174811403669
STU_014860,45.148739469693375
STU_014861,87.01104539565293
STU_014862,96.671285296761
STU_014863,66.20430442439817
STU_014864,77.07220971838572
STU_014865,69.72709219566107
STU_014866,68.51826800488175
STU_014867,71.58213424206971
STU_014868,99.82641819886584
STU_014869,99.46359778251592
STU_014870,72.7173619775601
STU_014871,76.34663068894372
STU_014872,80.57276063318768
STU_014873,65.00805528268579
STU_014874,65.80438565119219
STU_014875,82.9335188787733
STU_014876,54.69872277091443
STU_014877,66.8059118604634
STU_014878,62.186479670579786
STU_014879,79.84722160215898
STU_014880,83.73592819124363
STU_014881,76.53012364850795
STU_014882,71.12008551172363
STU_014883,78.72358629193238
STU_014884,67.68934719592754
STU_014885,81.83084334399352
STU_014886,65.67547414766405
STU_014887,76.36508887443732
STU_014888,86.46924587728796
STU_014889,70.00794281504673
STU_014890,92.73401606687355
STU_014891,71.53867563743529
STU_014892,87.64200718813771
STU_014893,62.76187129945062
STU_014894,72.6931979016433
STU_014895,57.71944976217011
STU_014896,78.76347187461471
STU_014897,77.26522076586403
STU_014898,81.53442579357682
STU_014899,57.75902358491844
STU_014900,98.9794264780607
STU_014901,83.80167290210767
STU_014902,80.22651338015461
STU_014903,87.50965714289977
STU_014904,76.23169452303819
STU_014905,92.65577389031388
STU_014906,78.90497828654048
STU_014907,52.67853385756697
STU_014908,79.16363160903992
STU_014909,83.25277289871589
STU_014910,74.65911236177718
STU_014911,98.2859163466784
STU_014912,80.9730825265138
STU_014913,74.1926105496621
STU_014914,48.686868275944015
STU_014915,60.76959837572525
STU_014916,67.70734909649752
STU_014917,98.26140796926892
STU_014918,86.52632127189376
STU_014919,53.18312968693357
STU_014920,92.67078194685178
STU_014921,62.7538939329002
STU_014922,53.03150419558267
STU_014923,71.7666827898984
STU_014924,85.27752780038645
STU_014925,99.3185107701467
STU_014926,81.99733927126525
STU_014927,75.50609464032834
STU_014928,58.10334488742231
STU_014929,80.82880851556882
STU_014930,82.68392629191216
STU_014931,89.51293785515026
STU_014932,60.68599959710696
STU_014933,77.93899078585345
STU_014934,67.25133954625436
STU_014935,77.42430149748766
STU_014936,83.33408007127386
STU_014937,82.04277886216718
STU_014938,99.7429653917689
STU_014939,78.61161659087674
STU_014940,93.75072554109067
STU_014941,62.61821289908331
STU_014942,94.2586060454284
STU_014943,61.84082965008494
STU_014944,71.3091354990349
STU_014945,60.766674177123704
STU_014946,67.3887644137697
STU_014947,67.79592672456334
STU_014948,87.50008496165341
STU_014949,63.122704468384654
STU_014950,93.6311656273223
STU_014951,72.98001987181914
STU_014952,76.20773191630522
STU_014953,96.4998820355867
STU_014954,93.6047636148615
STU_014955,96.48180835304473
STU_014956,81.99900820327156
STU_014957,77.99451226028066
STU_014958,70.32126232521267
STU_014959,51.08335365015631
STU_014960,98.12087493293697
STU_014961,92.69315414022111
STU_014962,48.565589275277404
STU_014963,75.18915203468723
STU_014964,96.03522360387751
STU_014965,80.43819343069737
STU_014966,70.38031775275809
STU_014967,53.22150482148335
STU_014968,94.55655127512313
STU_014969,80.77738594333965
STU_014970,71.73247678528355
STU_014971,69.67855046272959
STU_014972,90.31427972791289
STU_014973,74.22738462734254
STU_014974,70.73468543675142
STU_014975,69.65997601560855
STU_014976,88.80798733589697
STU_014977,82.33844080343295
STU_014978,90.95722335304146
STU_014979,93.7372432454763
STU_014980,63.14483073272716
STU_014981,98.58592285408614
STU_014982,64.26705470221063
STU_014983,90.87673812762372
STU_014984,62.266773394351304
STU_014985,65.87615002361882
STU_014986,50.74023225490711
STU_014987,90.59614274161143
STU_014988,64.93432602053865
STU_014989,98.26881309899379
STU_014990,87.99885294271496
STU_014991,99.03214288774328
STU_014992,72.80210240295949
STU_014993,58.32100862995536
STU_014994,85.93106495367454
STU_014995,87.1281411450447
STU_014996,71.10519339942859
STU_014997,79.76225555447571
STU_014998,82.90753675665607
STU_014999,97.58420411949162
STU_015000,69.91656722104534
STU_015001,56.913991697688544
STU_015002,66.07568604197658
STU_015003,61.69361810091149
STU_015004,65.10381255416098
STU_015005,59.542858120346956
STU_015006,62.4696946860966
STU_015007,89.99102374191617
STU_015008,73.03171210656166
STU_015009,75.68631053722035
STU_015010,74.47167604864278
STU_015011,53.205122837533885
STU_015012,97.71602306618243
STU_015013,63.65931783246218
STU_015014,58.840825500376276
STU_015015,84.62455363857426
STU_015016,88.6387747411196
STU_015017,88.94830283277517
STU_015018,74.28307509135784
STU_015019,86.5253077516945
STU_015020,61.69530527450742
STU_015021,75.69688038908842
STU_015022,61.84634797983648
STU_015023,77.01848893426917
STU_015024,69.75946741613525
STU_015025,81.9611374702784
STU_015026,70.85935672544446
STU_015027,83.98357947111043
STU_015028,75.6575140923729
STU_015029,75.2527300038192
STU_015030,92.10484374191458
STU_015031,77.50972379585946
STU_015032,71.65449635201597
STU_015033,78.54116364387625
STU_015034,67.85798486974949
STU_015035,80.89652121011142
STU_015036,71.55659768611946
STU_015037,80.93042640487255
STU_015038,90.54247563748629
STU_015039,64.47258848302953
STU_015040,77.52101537768205
STU_015041,82.65611315138844
STU_015042,45.90596133110344
STU_015043,83.00656820450718
STU_015044,87.69885775766045
STU_015045,89.9047249627741
STU_015046,66.34363428677648
STU_015047,83.03615494997808
STU_015048,67.91441831076807
STU_015049,72.76700311431827
STU_015050,58.99154090930875
STU_015051,68.64420285674993
STU_015052,62.99136163521894
STU_015053,67.7692952877202
STU_015054,93.71377123101891
STU_015055,83.61737130438257
STU_015056,60.30079612031531
STU_015057,98.07203117762036
STU_015058,57.63383668837287
STU_015059,98.30399430956749
STU_015060,76.25093700671866
STU_015061,74.33513052532301
STU_015062,71.8045151604071
STU_015063,69.0562352964647
STU_015064,60.328360262860656
STU_015065,93.47243590475632
STU_015066,85.0813999467928
STU_015067,70.66951319513208
STU_015068,64.72219758746984
STU_015069,73.9237179459974
STU_015070,71.76790005781987
STU_015071,74.78976863420831
STU_015072,99.97053400916352
STU_015073,66.50250797983946
STU_015074,66.90995297608944
STU_015075,94.9717375013922
STU_015076,71.91240709618106
STU_015077,65.59140563709636
STU_015078,68.14068351285394
STU_015079,99.89960693380783
STU_015080,63.826033788680746
STU_015081,98.17083477234212
STU_015082,61.05022420145179
STU_015083,81.22577911672872
STU_015084,63.57828192022261
STU_015085,76.62744966426953
STU_015086,66.60962564096744
STU_015087,58.381619079020595
STU_015088,90.9566105901804
STU_015089,78.89651563486836
STU_015090,88.32759064844689
STU_015091,74.9466984304114
STU_015092,77.04796091927331
STU_015093,96.02768830806639
STU_015094,68.81753125381626
STU_015095,74.64355911514376
STU_015096,90.10351691550952
STU_015097,79.71422197945458
STU_015098,69.65966746303052
STU_015099,57.31635767933511
STU_015100,83.145723587354
STU_015101,78.70006714115709
STU_015102,78.73170428025333
STU_015103,98.80460673756218
STU_015104,74.98437179674468
STU_015105,92.66272445345841
STU_015106,71.54836676497189
STU_015107,74.05436593763395
STU_015108,76.89019762654596
STU_015109,78.78011204315251
STU_015110,83.25503608309012
STU_015111,60.62073960105589
STU_015112,82.38554434416704
STU_015113,66.61768238425454
STU_015114,84.53713089922044
STU_015115,62.209309360511845
STU_015116,89.81446468526497
STU_015117,64.82431153664108
STU_015118,52.3919995050032
STU_015119,84.47593354217119
STU_015120,86.42521747824324
STU_015121,62.0080240980961
STU_015122,99.86976771783688
STU_015123,67.11311476736921
STU_015124,85.68325328913122
STU_015125,75.93498320800154
STU_015126,73.20193012271505
STU_015127,93.72854198137497
STU_015128,77.64692527002423
STU_015129,69.29345058868887
STU_015130,71.6916925444383
STU_015131,82.43608738341429
STU_015132,88.31853737709281
STU_015133,94.58170279724666
STU_015134,83.17619565485153
STU_015135,85.58519387019774
STU_015136,76.58141120340538
STU_015137,71.3256068033813
STU_015138,70.79110350137638
STU_015139,81.58790866249491
STU_015140,96.68176240547301
STU_015141,68.37678066819751
STU_015142,74.15488260702125
STU_015143,99.37139386686772
STU_015144,82.8546397950791
STU_015145,60.6232892146081
STU_015146,96.52087451678875
STU_015147,77.96907906205648
STU_015148,70.88988436390174
STU_015149,66.57173513014442
STU_015150,46.94422415763478
STU_015151,52.339161482930855
STU_015152,73.62286428003266
STU_015153,59.001584651226665
STU_015154,83.1025524648404
STU_015155,84.62220309733605
STU_015156,75.03506810654545
STU_015157,60.97178670848271
STU_015158,95.23178202188913
STU_015159,51.668010434658115
STU_015160,86.79888045448456
STU_015161,60.27188629974553
STU_015162,80.91703803953023
STU_015163,81.01378206439179
STU_015164,41.52273618346983
STU_015165,87.59068293178217
STU_015166,96.64013734443964
STU_015167,82.50996523767341
STU_015168,60.419896983047146
STU_015169,92.56321291631517
STU_015170,74.72052232602438
STU_015171,90.43537268649933
STU_015172,61.6959447333174
STU_015173,74.99923995468731
STU_015174,97.0441346313896
STU_015175,74.31410540067634
STU_015176,99.52100108969
STU_015177,77.22039482374386
STU_015178,64.75551179744392
STU_015179,74.91132352459928
STU_015180,62.39912213831412
STU_015181,81.02259028071835
STU_015182,81.4387090013804
STU_015183,84.33721726590147
STU_015184,69.97627663749242
STU_015185,81.985824464026
STU_015186,75.28376371726299
STU_015187,58.788570960735335
STU_015188,68.8570124527525
STU_015189,90.11160542085904
STU_015190,96.35969678692041
STU_015191,81.63197783941786
STU_015192,99.55686694174824
STU_015193,79.40579332947972
STU_015194,88.34482398546093
STU_015195,84.80415549307315
STU_015196,78.98323148536244
STU_015197,73.44540942764525
STU_015198,81.78620919757401
STU_015199,71.8488445618651
STU_015200,72.107608243422
STU_015201,79.91973094166258
STU_015202,66.11527048389989
STU_015203,62.204947224952804
STU_015204,81.98860341080477
STU_015205,80.20302550435837
STU_015206,72.76691536213485
STU_015207,89.00718926008621
STU_015208,75.9571719689917
STU_015209,83.87626268651184
STU_015210,88.31082490625805
STU_015211,43.87912955521551
STU_015212,96.74708162806395
STU_015213,70.89303057856216
STU_015214,96.40852688130482
STU_015215,78.11015500356895
STU_015216,95.84777605474743
STU_015217,57.46783316586706
STU_015218,73.74651794450742
STU_015219,74.9806445485778
STU_015220,45.85055489550257
STU_015221,85.58081017696549
STU_015222,61.7630381544848
STU_015223,87.51011043806461
STU_015224,73.38735274205283
STU_015225,72.29308253972079
STU_015226,68.71852414826222
STU_015227,64.17357656070077
STU_015228,81.82776584997701
STU_015229,73.16716230441105
STU_015230,74.87507480120445
STU_015231,99.001282609585
STU_015232,82.5528413249134
STU_015233,89.12822207431876
STU_015234,72.09381707179425
STU_015235,70.20792862564909
STU_015236,98.0504772215007
STU_015237,79.52749027638328
STU_015238,82.08366623148638
STU_015239,94.66752405951652
STU_015240,65.61940898118971
STU_015241,45.47484930732442
STU_015242,53.35805773472748
STU_015243,77.02667579727634
STU_015244,77.34002601508573
STU_015245,67.43310280070912
STU_015246,99.22075394485137
STU_015247,79.00810912329237
STU_015248,79.92577163089497
STU_015249,68.1431132953749
STU_015250,87.73819093588958
STU_015251,66.38515722681348
STU_015252,91.17542798016348
STU_015253,88.68729863078019
STU_015254,99.44994308994555
STU_015255,60.07136918270838
STU_015256,62.11987382514096
STU_015257,74.21547745298577
STU_015258,94.51495162594581
STU_015259,84.58261370622843
STU_015260,96.16997306034207
STU_015261,83.62893007025443
STU_015262,88.32141325839714
STU_015263,89.02535394994669
STU_015264,79.30208934158654
STU_015265,96.55723006829888
STU_015266,69.26263486843519
STU_015267,78.81620796544593
STU_015268,55.85694267815242
STU_015269,60.59354328730011
STU_015270,73.56032418344748
STU_015271,74.1289312527042
STU_015272,67.67018091431117
STU_015273,87.57604120428537
STU_015274,76.1540142079229
STU_015275,44.770175436802646
STU_015276,50.03407380561414
STU_015277,72.03901428788052
STU_015278,99.4772915092918
STU_015279,49.5822928632215
STU_015280,86.99395329006614
STU_015281,99.67187353497262
STU_015282,86.29501403597914
STU_015283,83.40454929331811
STU_015284,76.3812773413859
STU_015285,42.19162112286105
STU_015286,87.79319984664815
STU_015287,77.27791536524734
STU_015288,78.13605700541845
STU_015289,61.01853658665881
STU_015290,77.53005947949205
STU_015291,77.39578409112747
STU_015292,66.90956501396607
STU_015293,60.382264526511676
STU_015294,82.21387244462747
STU_015295,77.3729367822026
STU_015296,66.77709822488517
STU_015297,86.64715997720737
STU_015298,96.6085523011374
STU_015299,69.91191775494315
STU_015300,87.2244815244722
STU_015301,73.61333094491691
STU_015302,82.6998492822554
STU_015303,66.64864943658608
STU_015304,60.44284346735968
STU_015305,67.94534194837337
STU_015306,81.62753913997061
STU_015307,99.14907559219066
STU_015308,58.40343174113747
STU_015309,69.81195416721351
STU_015310,81.96062327841585
STU_015311,60.59837062850872
STU_015312,82.09490102879892
STU_015313,60.21592991845104
STU_015314,83.56473258966858
STU_015315,71.41925152308747
STU_015316,91.87056681997622
STU_015317,72.60944601026941
STU_015318,81.90154630139472
STU_015319,70.89335877767498
STU_015320,72.22447563285883
STU_015321,61.96157653359641
STU_015322,96.7819661702271
STU_015323,80.02863914699745
STU_015324,69.99580455329325
STU_015325,81.7251127682535
STU_015326,56.023799673456345
STU_015327,76.75210109480022
STU_015328,72.75681179215397
STU_015329,71.3032206071922
STU_015330,75.5783568705802
STU_015331,61.02332312165136
STU_015332,99.7236981094702
STU_015333,69.14094483310762
STU_015334,77.9744209424644
STU_015335,97.07413218372321
STU_015336,91.65103123663779
STU_015337,66.39659093567582
STU_015338,64.88829705192406
STU_015339,64.0998332917401
STU_015340,92.75241781470247
STU_015341,80.62591603012429
STU_015342,99.44366069141128
STU_015343,82.39209051373635
STU_015344,96.19676262794624
STU_015345,99.70378729133029
STU_015346,87.18198166086248
STU_015347,95.72188952650829
STU_015348,73.89208951744264
STU_015349,81.49654239556546
STU_015350,88.02416148111277
STU_015351,99.86655879504967
STU_015352,82.20669911579938
STU_015353,75.2893622460446
STU_015354,57.2864577842747
STU_015355,58.4385697979083
STU_015356,61.816992519061515
STU_015357,69.11625612234982
STU_015358,81.80341409670822
STU_015359,86.31815002883803
STU_015360,92.43591766353298
STU_015361,80.0154023181141
STU_015362,72.98225415469751
STU_015363,77.3300543951707
STU_015364,93.63341672568407
STU_015365,76.80375651080882
STU_015366,93.79909403888175
STU_015367,82.07862538018816
STU_015368,75.7523015632134
STU_015369,99.02593779620969
STU_015370,95.49676790600095
STU_015371,57.78632939122724
STU_015372,61.08431804367249
STU_015373,86.95936674195804
STU_015374,88.26451576324851
STU_015375,67.87245929353134
STU_015376,71.71677896622242
STU_015377,90.95526527300865
STU_015378,73.56886517373573
STU_015379,94.445107948718
STU_015380,88.75667175222671
STU_015381,94.38688572868361
STU_015382,84.16958542479603
STU_015383,57.79413551497065
STU_015384,77.30660946776734
STU_015385,58.943260868097056
STU_015386,76.15144917245925
STU_015387,66.6748637565756
STU_015388,77.31401654642485
STU_015389,98.62035140305954
STU_015390,43.9020135059323
STU_015391,79.48015869584839
STU_015392,91.08305152001816
STU_015393,91.49188988633631
STU_015394,75.89740954207406
STU_015395,79.45602478946654
STU_015396,72.02301761951628
STU_015397,97.54367320982533
STU_015398,71.5610332926612
STU_015399,98.22085422446841
STU_015400,90.93767372218127
STU_015401,90.16367043597688
STU_015402,73.66593866464636
STU_015403,57.41347011141992
STU_015404,80.02162455301607
STU_015405,81.51273566454121
STU_015406,85.08604796800148
STU_015407,86.11175845598792
STU_015408,34.73910399157438
STU_015409,78.4750372808658
STU_015410,66.87353309037067
STU_015411,72.61369643741166
STU_015412,70.9028034750845
STU_015413,78.21879480368925
STU_015414,71.73543876975077
STU_015415,65.91257174767875
STU_015416,87.60553505949919
STU_015417,57.17877435756586
STU_015418,87.00793842436559
STU_015419,54.054592025298874
STU_015420,62.330917678005356
STU_015421,94.93088373442389
STU_015422,76.08108465042577
STU_015423,84.41094724451597
STU_015424,99.5404730593999
STU_015425,90.60976449870597
STU_015426,61.81867694616195
STU_015427,58.064760746681465
STU_015428,75.17021652685322
STU_015429,78.90162816212508
STU_015430,36.309796309181195
STU_015431,65.64144824226959
STU_015432,80.31642090141798
STU_015433,70.00742832099087
STU_015434,64.14646663017564
STU_015435,65.82700066844558
STU_015436,76.67971261115622
STU_015437,70.16848456922494
STU_015438,93.07754858486008
STU_015439,75.82636175754038
STU_015440,76.21536181988814
STU_015441,67.15926527526922
STU_015442,88.04798914881621
STU_015443,63.028388929124404
STU_015444,78.14696754144902
STU_015445,65.29828518868425
STU_015446,70.20806763265271
STU_015447,46.88819131516762
STU_015448,45.55957665404999
STU_015449,81.06843399038476
STU_015450,91.66402275025146
STU_015451,78.92754438009705
STU_015452,81.01493450794942
STU_015453,97.39413161110197
STU_015454,79.40247621143845
STU_015455,51.011492813513144
STU_015456,76.38587994397884
STU_015457,67.0658126622633
STU_015458,65.23590892360787
STU_015459,48.19999237575394
STU_015460,99.92154292322118
STU_015461,99.7266816676233
STU_015462,73.1603940562907
STU_015463,81.58633661452832
STU_015464,58.943719254962474
STU_015465,49.37572231605451
STU_015466,87.51214942226534
STU_015467,88.46132479875732
STU_015468,54.79102953816569
STU_015469,64.3148045242797
STU_015470,94.11917059717933
STU_015471,73.4785927760777
STU_015472,91.32168924409312
STU_015473,88.98640000645221
STU_015474,99.04353432407765
STU_015475,76.39222379839404
STU_015476,81.2522879659459
STU_015477,53.382509825479254
STU_015478,49.748690671130475
STU_015479,96.89863746720192
STU_015480,67.12844878631707
STU_015481,81.8849369723317
STU_015482,63.48230103374409
STU_015483,91.53862378988097
STU_015484,67.9649785951158
STU_015485,66.8589943220522
STU_015486,72.84342356145586
STU_015487,63.87519842180285
STU_015488,76.68833969475227
STU_015489,83.20330194880546
STU_015490,92.34850592246138
STU_015491,82.42937974776491
STU_015492,62.56779194928954
STU_015493,65.14364925303322
STU_015494,63.43444276250919
STU_015495,89.56877385401592
STU_015496,65.65444229494875
STU_015497,55.70087596476567
STU_015498,70.04718467319236
STU_015499,38.47607077448678
STU_015500,76.92797940545631
STU_015501,89.41876982369865
STU_015502,48.251275272320655
STU_015503,87.99187531152577
STU_015504,85.02547693384741
STU_015505,76.48131788164245
STU_015506,74.7060267664344
STU_015507,99.50209580132599
STU_015508,99.51981241161774
STU_015509,87.66786353004511
STU_015510,85.80687590785837
STU_015511,89.03214781120842
STU_015512,81.19627907594031
STU_015513,81.63547549976792
STU_015514,82.06095508088859
STU_015515,77.13354115410309
STU_015516,75.3704033198116
STU_015517,96.09286709549278
STU_015518,72.64217866838811
STU_015519,52.36930785065428
STU_015520,75.55234959630212
STU_015521,91.048668283393
STU_015522,64.20296128541287
STU_015523,67.39884810162287
STU_015524,34.45529797535875
STU_015525,79.57426960288278
STU_015526,75.37651135231732
STU_015527,71.56759577073399
STU_015528,71.49025587854497
STU_015529,86.24535817108617
STU_015530,88.62381182893421
STU_015531,86.18610277852748
STU_015532,77.71096275684542
STU_015533,53.1051390074329
STU_015534,94.36315890162673
STU_015535,76.67068604114209
STU_015536,79.15677327218766
STU_015537,69.35880286520643
STU_015538,90.08923749726404
STU_015539,66.40821358234902
STU_015540,67.46414960882255
STU_015541,73.5343759398506
STU_015542,92.49305802738353
STU_015543,80.9259258926889
STU_015544,97.75767136848091
STU_015545,71.81283124668403
STU_015546,76.28728456003682
STU_015547,53.53782236893002
STU_015548,60.54646595721472
STU_015549,95.69801812879095
STU_015550,94.24078427726008
STU_015551,77.60574351008404
STU_015552,73.2359048704084
STU_015553,47.77872537742651
STU_015554,84.05537788409873
STU_015555,82.30950097737144
STU_015556,93.35058054133049
STU_015557,78.40101175736518
STU_015558,87.20496382875893
STU_015559,89.37481270724489
STU_015560,80.87344425405719
STU_015561,84.70361057647773
STU_015562,82.75570320362442
STU_015563,67.36793579982765
STU_015564,70.69404654016449
STU_015565,66.90721361041952
STU_015566,69.78629711570665
STU_015567,73.7762405864092
STU_015568,72.02751940815641
STU_015569,74.47640032568066
STU_015570,96.60386750694906
STU_015571,60.55063457259615
STU_015572,78.33673833643859
STU_015573,84.6647281444846
STU_015574,63.76854506546725
STU_015575,75.22733424522147
STU_015576,69.60475325699578
STU_015577,71.50309875156361
STU_015578,79.94937788096394
STU_015579,72.3953512896411
STU_015580,73.76610418409783
STU_015581,82.84854448160212
STU_015582,76.5587036638141
STU_015583,93.51055826165566
STU_015584,88.41355992348687
STU_015585,88.82147364274874
STU_015586,91.20607451325577
STU_015587,53.51776996667843
STU_015588,72.98052038060365
STU_015589,79.73610094622609
STU_015590,60.3662858985953
STU_015591,54.82127381309638
STU_015592,88.24542143058787
STU_015593,64.35115088860655
STU_015594,93.10826105099147
STU_015595,97.00525088999862
STU_015596,81.61759558174444
STU_015597,93.39466508828735
STU_015598,76.74505701968096
STU_015599,51.111600757467414
STU_015600,67.02045256379066
STU_015601,50.26395538390429
STU_015602,62.25688429254579
STU_015603,80.09628570264849
STU_015604,82.87250810290922
STU_015605,57.37770522712526
STU_015606,80.02478828278845
STU_015607,66.3893713686777
STU_015608,73.02484339710698
STU_015609,71.60717165746459
STU_015610,67.86257112058381
STU_015611,85.89612972244268
STU_015612,82.10322543071112
STU_015613,94.1179992088938
STU_015614,64.20977062773912
STU_015615,70.07619502475788
STU_015616,79.96772883144082
STU_015617,65.34977377395987
STU_015618,86.84615103427137
STU_015619,58.07985173013326
STU_015620,70.75583146216593
STU_015621,72.48900781372461
STU_015622,79.33161663069168
STU_015623,89.68105251872053
STU_015624,80.26035233273618
STU_015625,81.7391102083347
STU_015626,58.55872619245547
STU_015627,99.92758251873224
STU_015628,77.44788723689197
STU_015629,66.07163343731149
STU_015630,73.57840271898274
STU_015631,66.21444913462761
STU_015632,89.77985586191267
STU_015633,87.47031889725304
STU_015634,70.42389749285738
STU_015635,98.77325869433528
STU_015636,69.39165414609658
STU_015637,50.8782574030987
STU_015638,73.32944741459411
STU_015639,97.86480662082545
STU_015640,67.5190378649413
STU_015641,59.224854321177816
STU_015642,99.69738659820949
STU_015643,83.56527459505102
STU_015644,96.51197452472888
STU_015645,54.40782461481543
STU_015646,99.38161514464218
STU_015647,71.21118767137318
STU_015648,59.88161103758505
STU_015649,77.2739096036102
STU_015650,66.69753582198862
STU_015651,51.92655282891605
STU_015652,97.67633106600125
STU_015653,73.48765860584784
STU_015654,63.78401600861177
STU_015655,99.91475124826624
STU_015656,68.50300424308375
STU_015657,75.93412220420277
STU_015658,71.38246240983894
STU_015659,72.57107472648727
STU_015660,90.33502782107084
STU_015661,40.89739996080871
STU_015662,68.94652166024233
STU_015663,85.06736610936366
STU_015664,55.94544167694437
STU_015665,83.69374699044309
STU_015666,80.75545529243949
STU_015667,96.2843336527751
STU_015668,85.35508868395351
STU_015669,80.95504743836278
STU_015670,64.46723238413273
STU_015671,87.13295215973808
STU_015672,90.20575504890779
STU_015673,79.9481556801328
STU_015674,79.44818076731711
STU_015675,88.82183970913003
STU_015676,49.70930788265868
STU_015677,82.24187078627081
STU_015678,99.45823707404296
STU_015679,76.02782903557085
STU_015680,76.22262644595652
STU_015681,80.2915574741944
STU_015682,87.41181074887689
STU_015683,64.57888617469135
STU_015684,61.852040234741054
STU_015685,80.79700670732782
STU_015686,69.55615554561143
STU_015687,85.9616209093009
STU_015688,77.95737347414173
STU_015689,63.68698978906197
STU_015690,62.154002710392476
STU_015691,98.2221251498049
STU_015692,90.32944162088504
STU_015693,77.0724995611315
STU_015694,97.02080950188605
STU_015695,94.9065077363874
STU_015696,48.69843911727499
STU_015697,62.454329080381726
STU_015698,89.02724388270629
STU_015699,97.36693552246584
STU_015700,83.63955808648964
STU_015701,68.58261289677662
STU_015702,88.41570164991731
STU_015703,92.19198330693563
STU_015704,76.83997674131115
STU_015705,83.35498214867616
STU_015706,61.18697194337986
STU_015707,76.39270495794997
STU_015708,54.25991986465202
STU_015709,62.16788514866397
STU_015710,69.20994961608665
STU_015711,74.6565872080848
STU_015712,88.75253214800969
STU_015713,82.6276132504039
STU_015714,72.03464669833765
STU_015715,87.36917037930843
STU_015716,59.904221970579705
STU_015717,64.03897684923629
STU_015718,69.07090423276928
STU_015719,58.37754623771491
STU_015720,58.552032171528204
STU_015721,57.60727342016812
STU_015722,69.44351118296275
STU_015723,72.6077033347022
STU_015724,99.41789850339204
STU_015725,92.12788292144549
STU_015726,78.10248877641592
STU_015727,65.50136571665372
STU_015728,79.64458663059213
STU_015729,94.93386212055083
STU_015730,67.35201408764495
STU_015731,77.24788425158283
STU_015732,56.15244254569238
STU_015733,64.90438751099116
STU_015734,66.22843036450809
STU_015735,54.16368130189805
STU_015736,91.35805236919478
STU_015737,73.66403283910667
STU_015738,63.72918663597618
STU_015739,76.57329427734297
STU_015740,96.04660245854095
STU_015741,63.11268208578613
STU_015742,69.52784232500342
STU_015743,90.72196614342644
STU_015744,64.01073269620298
STU_015745,87.15336747333225
STU_015746,68.67071303353214
STU_015747,95.20048664542836
STU_015748,51.437065287367446
STU_015749,86.90767611143065
STU_015750,59.42883440737538
STU_015751,86.08108371428773
STU_015752,71.18111074465313
STU_015753,79.48955313082493
STU_015754,78.58396167980592
STU_015755,91.55902855268623
STU_015756,80.60242309385951
STU_015757,88.39087005363163
STU_015758,99.77476378297692
STU_015759,84.62291709418295
STU_015760,60.45384782560244
STU_015761,91.43191527590056
STU_015762,67.57634875168631
STU_015763,64.7201249833402
STU_015764,77.34868007112557
STU_015765,82.92682790057614
STU_015766,78.78933148628172
STU_015767,83.74852954237389
STU_015768,77.36571064375619
STU_015769,85.52012129964068
STU_015770,64.74770950390942
STU_015771,96.19990534029851
STU_015772,59.30495411431663
STU_015773,53.3385013286095
STU_015774,98.98949105300994
STU_015775,83.04925010103506
STU_015776,64.52507138707108
STU_015777,66.56692133689282
STU_015778,61.30967007480314
STU_015779,55.4065689242407
STU_015780,80.95228261506662
STU_015781,74.13593844274163
STU_015782,87.0307856285242
STU_015783,65.2139056310127
STU_015784,76.1987146585762
STU_015785,70.76124855294687
STU_015786,74.04827829525391
STU_015787,80.61561211921384
STU_015788,78.57988713626284
STU_015789,50.25039997086449
STU_015790,63.380724979956646
STU_015791,71.1653557949107
STU_015792,79.436080438501
STU_015793,90.71707055550269
STU_015794,90.31603439982894
STU_015795,62.7072991495336
STU_015796,89.52310418180707
STU_015797,81.33421986124515
STU_015798,89.61984746401828
STU_015799,90.14239360676254
STU_015800,67.02953737617078
STU_015801,76.76542440551417
STU_015802,57.731333118721324
STU_015803,72.53481901308572
STU_015804,77.76788856058359
STU_015805,49.06356045146529
STU_015806,97.51278103750447
STU_015807,77.69560741503625
STU_015808,69.30893723648818
STU_015809,47.205632961305454
STU_015810,84.35831792374151
STU_015811,99.02075660697083
STU_015812,87.668083451474
STU_015813,94.38512926958566
STU_015814,68.4412934685473
STU_015815,61.198074045336185
STU_015816,91.28820227953827
STU_015817,70.81550618465681
STU_015818,69.18322828600357
STU_015819,53.20918931206094
STU_015820,66.2840354363397
STU_015821,76.91078656341527
STU_015822,64.85472405080012
STU_015823,75.02322304866463
STU_015824,83.02446429374532
STU_015825,49.38484545368452
STU_015826,55.07097889140975
STU_015827,64.48196085916378
STU_015828,72.81919421008041
STU_015829,85.96714231518334
STU_015830,92.95582905971999
STU_015831,73.91134211905486
STU_015832,96.33418603050724
STU_015833,92.61183186157737
STU_015834,41.33583344810266
STU_015835,79.47918891267776
STU_015836,79.91284281692201
STU_015837,73.98837787578299
STU_015838,71.07598084042712
STU_015839,89.10689312125751
STU_015840,67.61181082015983
STU_015841,56.32615423719483
STU_015842,91.74628245124794
STU_015843,86.63295470987597
STU_015844,91.73487317998354
STU_015845,66.63242792775182
STU_015846,62.935912154364004
STU_015847,73.7770023373578
STU_015848,86.22856885974936
STU_015849,98.10792893506662
STU_015850,54.967186842581704
STU_015851,71.19566053994726
STU_015852,62.25040759197341
STU_015853,76.00686410141577
STU_015854,92.04494250196525
STU_015855,93.64834180980833
STU_015856,73.66331962719374
STU_015857,82.77301709361598
STU_015858,62.7803243492116
STU_015859,71.15565075169718
STU_015860,70.0554352548871
STU_015861,71.21008765686469
STU_015862,67.16034876734864
STU_015863,95.87860527023622
STU_015864,53.326376958570805
STU_015865,59.532023531660435
STU_015866,73.95212359804124
STU_015867,37.468654569212674
STU_015868,68.24108567770932
STU_015869,91.78927536061883
STU_015870,74.88924992526356
STU_015871,74.37948354470623
STU_015872,45.766813094285155
STU_015873,97.08207335436961
STU_015874,71.78033126838349
STU_015875,85.11496617368948
STU_015876,63.889310405732346
STU_015877,96.60859833611565
STU_015878,84.38804726650334
STU_015879,97.1443803855332
STU_015880,80.08701147323774
STU_015881,97.44305437663971
STU_015882,69.00521854844396
STU_015883,78.02893128654188
STU_015884,86.93193153642702
STU_015885,59.95018670325065
STU_015886,91.9983991094877
STU_015887,99.15535217365549
STU_015888,62.64065205687798
STU_015889,88.6214313096215
STU_015890,94.54334678445977
STU_015891,89.40486235142775
STU_015892,55.22118136546974
STU_015893,56.270533976286565
STU_015894,51.989859164231305
STU_015895,60.786773815644736
STU_015896,67.50509384807387
STU_015897,91.43843598169244
STU_015898,77.41734237206576
STU_015899,90.03872105977854
STU_015900,69.38382941922204
STU_015901,70.9375825084665
STU_015902,75.58108361240807
STU_015903,84.74603049454751
STU_015904,79.43875203817088
STU_015905,90.92850235396517
STU_015906,71.19222941175556
STU_015907,99.84096218684479
STU_015908,65.20317011904865
STU_015909,74.31413977867479
STU_015910,77.45817910102909
STU_015911,61.28460220665021
STU_015912,79.42005387989781
STU_015913,66.97571866866838
STU_015914,66.59908410503226
STU_015915,87.2252638859964
STU_015916,62.4068409376233
STU_015917,48.76966965875254
STU_015918,78.90164452627516
STU_015919,87.7087446377572
STU_015920,80.0229506329512
STU_015921,93.5590544140328
STU_015922,52.94362824821157
STU_015923,92.33222287947072
STU_015924,75.87415679199066
STU_015925,69.9470749746839
STU_015926,80.38204915466169
STU_015927,73.79350544019182
STU_015928,76.40644532376807
STU_015929,88.75733512776097
STU_015930,57.20198268642447
STU_015931,58.26363081983653
STU_015932,76.46123953581696
STU_015933,77.85679034691773
STU_015934,72.03827026692053
STU_015935,99.80455240010181
STU_015936,99.64829957832623
STU_015937,81.26943171282558
STU_015938,80.68194720727351
STU_015939,66.36017064313901
STU_015940,94.28703010767235
STU_015941,65.10618390880818
STU_015942,89.46938422239086
STU_015943,81.99599981063665
STU_015944,98.54847858785152
STU_015945,73.30207939390134
STU_015946,75.2503836400333
STU_015947,72.69820275597705
STU_015948,69.46585574873185
STU_015949,57.46679419594685
STU_015950,97.3170734460582
STU_015951,71.28213303863942
STU_015952,70.61296731143301
STU_015953,61.64743221084626
STU_015954,79.61565192504568
STU_015955,77.4961210411087
STU_015956,80.01468829553258
STU_015957,54.48506374375667
STU_015958,70.0208175729048
STU_015959,91.33358746395692
STU_015960,71.68271362221066
STU_015961,89.50980670713123
STU_015962,85.65954173808785
STU_015963,76.97633728418916
STU_015964,64.01176182968938
STU_015965,87.00265814015307
STU_015966,54.88772754763582
STU_015967,79.5173044754807
STU_015968,79.88096900463253
STU_015969,66.7773142980533
STU_015970,78.44753668183148
STU_015971,63.8814886641937
STU_015972,84.84529406594774
STU_015973,64.60131293752464
STU_015974,89.06293738657882
STU_015975,52.511865834437444
STU_015976,50.51301227200453
STU_015977,62.476972385175344
STU_015978,68.70338011764153
STU_015979,85.29765461245262
STU_015980,86.44902153772065
STU_015981,97.16349820268971
STU_015982,94.68413077776891
STU_015983,83.88178931561984
STU_015984,88.87498641907388
STU_015985,72.01880869600532
STU_015986,45.13688313272674
STU_015987,72.84533415775019
STU_015988,59.504709131977606
STU_015989,79.95934789808308
STU_015990,58.26504083846024
STU_015991,72.97276687777425
STU_015992,43.52617969830864
STU_015993,75.31016246560237
STU_015994,74.12630993530014
STU_015995,98.7560472194483
STU_015996,80.63685292529615
STU_015997,66.38476913264181
STU_015998,81.91108635039785
STU_015999,86.072932950843
STU_016000,81.35789414457153
STU_016001,90.49075851210456
STU_016002,87.9286736708195
STU_016003,94.61655749217046
STU_016004,88.3424934838306
STU_016005,44.671771846872176
STU_016006,63.760958875618826
STU_016007,83.10442801811976
STU_016008,90.26936233596541
STU_016009,52.43008128377847
STU_016010,71.65869232951039
STU_016011,84.74789589027358
STU_016012,71.24184983471844
STU_016013,69.02749596461325
STU_016014,98.52910836620606
STU_016015,49.620621953689536
STU_016016,96.5563052472766
STU_016017,77.63981269424724
STU_016018,82.05844190600277
STU_016019,72.210683433709
STU_016020,92.65517891090036
STU_016021,99.90598239025871
STU_016022,66.82886549928385
STU_016023,99.78113504768122
STU_016024,73.92910262036557
STU_016025,91.66040688238482
STU_016026,53.71770565166775
STU_016027,61.75896061455491
STU_016028,69.61810947202792
STU_016029,75.40717549250468
STU_016030,97.23163431240391
STU_016031,94.21141189167179
STU_016032,85.83874587133062
STU_016033,85.7573108304268
STU_016034,79.2863142137715
STU_016035,66.88254314583824
STU_016036,99.7625226059522
STU_016037,78.20356979524803
STU_016038,71.31552786799213
STU_016039,69.96504230547302
STU_016040,92.75642812667382
STU_016041,94.98583184836983
STU_016042,77.18911545344308
STU_016043,81.69183046025552
STU_016044,94.1947875662284
STU_016045,83.84391171403601
STU_016046,62.428155440085774
STU_016047,90.26961323955442
STU_016048,69.37579793862533
STU_016049,74.49128373103773
STU_016050,70.03980777127744
STU_016051,80.83169868390117
STU_016052,95.6728637763233
STU_016053,79.41971094926033
STU_016054,67.16503036229061
STU_016055,81.14985467361215
STU_016056,73.25648937628814
STU_016057,77.9845174714818
STU_016058,76.80799179284654
STU_016059,70.37708734408247
STU_016060,75.14027874124824
STU_016061,48.51873142369464
STU_016062,69.13641677897768
STU_016063,77.69916198959723
STU_016064,61.710305461812496
STU_016065,76.25288094594634
STU_016066,83.30093558378775
STU_016067,59.66004680992752
STU_016068,99.35295700743734
STU_016069,79.07004293670721
STU_016070,70.90610128118396
STU_016071,64.27488091051214
STU_016072,85.73290650553614
STU_016073,77.86047711623979
STU_016074,87.23051259903578
STU_016075,98.2630110946491
STU_016076,61.640407004471754
STU_016077,63.41682346912414
STU_016078,84.23793957730162
STU_016079,87.7243221083661
STU_016080,78.40331726588042
STU_016081,63.985173763025784
STU_016082,85.07605158952907
STU_016083,98.63869702797436
STU_016084,72.10044975644729
STU_016085,50.40858105921316
STU_016086,95.8431175526342
STU_016087,73.1235270841592
STU_016088,74.44004003696266
STU_016089,87.13054360841272
STU_016090,89.53272384952317
STU_016091,61.54100734756062
STU_016092,70.49643381821186
STU_016093,77.52967349154147
STU_016094,76.00602298348036
STU_016095,74.96809734741458
STU_016096,87.8586270115793
STU_016097,69.22555437874188
STU_016098,59.454940722218254
STU_016099,84.45795000205791
STU_016100,75.32468823477701
STU_016101,57.910651073303086
STU_016102,77.47070024813377
STU_016103,55.01584937217659
STU_016104,81.44914423366984
STU_016105,62.006076195602986
STU_016106,61.88175989325851
STU_016107,76.57912454032547
STU_016108,68.85707524020864
STU_016109,66.81053440419367
STU_016110,63.574279933764494
STU_016111,86.97251268245648
STU_016112,81.44056242467522
STU_016113,57.16128017124239
STU_016114,71.74871823868436
STU_016115,87.94276829540115
STU_016116,96.05131504297205
STU_016117,81.36422758914532
STU_016118,66.736282992003
STU_016119,82.51387896395366
STU_016120,87.21893961586449
STU_016121,68.32602283450007
STU_016122,73.2588714536079
STU_016123,87.39397040357622
STU_016124,96.1214892244409
STU_016125,91.26352516015788
STU_016126,79.90152748480361
STU_016127,85.38050737989334
STU_016128,95.75536449853013
STU_016129,66.02931791424744
STU_016130,97.45786060666856
STU_016131,84.9683460975292
STU_016132,69.77629756206466
STU_016133,73.03653426313025
STU_016134,75.20791505484247
STU_016135,59.84523429834856
STU_016136,91.2172757010871
STU_016137,80.74945031376663
STU_016138,76.30489445303854
STU_016139,98.11731473061272
STU_016140,85.7790611580085
STU_016141,89.30671788211555
STU_016142,82.14557485620332
STU_016143,53.220930705249856
STU_016144,77.56048362024698
STU_016145,76.64847391312654
STU_016146,86.11284420479274
STU_016147,87.68718392810645
STU_016148,64.20395869817592
STU_016149,53.941841731316174
STU_016150,94.83170304743123
STU_016151,59.93579789606153
STU_016152,77.21337008194932
STU_016153,69.22205866231795
STU_016154,81.72208099892805
STU_016155,83.59843838149804
STU_016156,64.29456526081965
STU_016157,77.21672357919853
STU_016158,97.92318169378943
STU_016159,61.36785095429286
STU_016160,77.34125012852905
STU_016161,75.46400095688048
STU_016162,95.96625567020642
STU_016163,75.40246155987018
STU_016164,61.39246250899757
STU_016165,95.63171952189975
STU_016166,64.28344541433117
STU_016167,84.63037180009587
STU_016168,87.27193061857761
STU_016169,90.82424883544911
STU_016170,84.4091843958647
STU_016171,75.4461589523847
STU_016172,61.668957352641804
STU_016173,71.06456739561887
STU_016174,59.69600454008888
STU_016175,91.93035196552566
STU_016176,75.65771298387428
STU_016177,86.55557880415816
STU_016178,81.5319611166282
STU_016179,80.2787133105949
STU_016180,55.315054423281474
STU_016181,94.46585019344792
STU_016182,52.941217578154905
STU_016183,76.93757958043662
STU_016184,72.34209513324922
STU_016185,99.70420011886384
STU_016186,48.38300256013103
STU_016187,95.89288393077052
STU_016188,76.76988830355415
STU_016189,84.43574132833257
STU_016190,82.76320327652101
STU_016191,56.17401372835359
STU_016192,57.92542686749428
STU_016193,79.11393387952583
STU_016194,91.56460063951403
STU_016195,84.29076795347751
STU_016196,55.89556203630584
STU_016197,96.83453550728618
STU_016198,71.71456320239656
STU_016199,78.49018248267802
STU_016200,64.55509377170588
STU_016201,69.02237234536221
STU_016202,63.17644883566735
STU_016203,68.21386295095648
STU_016204,62.574581083291875
STU_016205,54.36896694172295
STU_016206,71.21870731148482
STU_016207,51.26696685038729
STU_016208,70.07623655115762
STU_016209,68.75887372368908
STU_016210,57.88366520421032
STU_016211,71.93344563466539
STU_016212,67.94289483945921
STU_016213,92.43438713465855
STU_016214,55.36904672244566
STU_016215,70.17897038058997
STU_016216,59.14951772766511
STU_016217,72.22883688228364
STU_016218,99.40324290769951
STU_016219,81.614114473827
STU_016220,89.25546774640006
STU_016221,66.20365598409123
STU_016222,66.53265933143061
STU_016223,65.33287746223887
STU_016224,98.12917746722005
STU_016225,82.25298224877409
STU_016226,88.35529482655262
STU_016227,78.33279464120884
STU_016228,73.70959500291215
STU_016229,64.51469700463119
STU_016230,65.87782884324113
STU_016231,95.52380169824684
STU_016232,98.48444356709564
STU_016233,50.52863727441793
STU_016234,87.37427199908947
STU_016235,58.63267357498132
STU_016236,75.7462130978683
STU_016237,70.11811211107042
STU_016238,87.95286681774493
STU_016239,67.79146045246864
STU_016240,92.83939434555401
STU_016241,86.543570202725
STU_016242,71.97771762346304
STU_016243,77.47431793416368
STU_016244,78.13406303805073
STU_016245,71.81075950510973
STU_016246,67.21804235378349
STU_016247,69.5767155969867
STU_016248,72.37910759316942
STU_016249,64.55227679807453
STU_016250,89.85211416228404
STU_016251,53.38506496126331
STU_016252,88.04962738005548
STU_016253,87.08408511893231
STU_016254,84.1449245094758
STU_016255,70.51857329084208
STU_016256,44.577248119850864
STU_016257,82.5138659089695
STU_016258,81.82427629216406
STU_016259,71.72627687514806
STU_016260,72.6800551011781
STU_016261,95.4417464838221
STU_016262,80.88211535162688
STU_016263,54.96367013423875
STU_016264,53.139306317685296
STU_016265,97.99247394100217
STU_016266,89.81044486282109
STU_016267,70.5094569813839
STU_016268,81.11709227881573
STU_016269,94.5191803597827
STU_016270,69.43283509630061
STU_016271,71.27494274646537
STU_016272,83.80133251637892
STU_016273,77.43249695770598
STU_016274,58.93198156193655
STU_016275,72.77925346475516
STU_016276,60.77348588936003
STU_016277,86.29245112577682
STU_016278,84.43767009498055
STU_016279,80.60365252906442
STU_016280,77.36729867765925
STU_016281,80.72379512357847
STU_016282,68.71777177117832
STU_016283,67.41208461913679
STU_016284,87.79457816996378
STU_016285,61.72170532966676
STU_016286,59.63021102573633
STU_016287,87.61989962324719
STU_016288,90.46734945758094
STU_016289,74.27841301362469
STU_016290,63.79198800963222
STU_016291,75.07394470562188
STU_016292,72.89939490900409
STU_016293,80.70976169479107
STU_016294,69.64048760671243
STU_016295,84.77950528174546
STU_016296,70.48048895091894
STU_016297,86.73297231386732
STU_016298,49.03762078902687
STU_016299,67.85590965068758
STU_016300,67.51701043467861
STU_016301,55.984074068694774
STU_016302,68.57269646484507
STU_016303,76.83029165876547
STU_016304,85.82735778994393
STU_016305,91.56325235546579
STU_016306,79.7288078586702
STU_016307,67.36991433077534
STU_016308,63.27507962325268
STU_016309,88.60792801828111
STU_016310,78.28347998407195
STU_016311,60.25078325373259
STU_016312,65.41357670081237
STU_016313,99.22787978545054
STU_016314,89.1904385430334
STU_016315,60.22499487610003
STU_016316,96.20154308089602
STU_016317,84.74758163415098
STU_016318,74.2994541194801
STU_016319,65.41455987267491
STU_016320,68.70286023776676
STU_016321,63.52500229936004
STU_016322,96.0461483959159
STU_016323,71.40047469593989
STU_016324,52.23494273715673
STU_016325,76.27622527331002
STU_016326,77.271468542494
STU_016327,82.5509230622173
STU_016328,71.82258791318301
STU_016329,67.16504849782228
STU_016330,70.29565364987195
STU_016331,80.02970048268767
STU_016332,86.00401752262192
STU_016333,88.80827253158802
STU_016334,63.02962880128958
STU_016335,73.8511624185623
STU_016336,67.3510739873132
STU_016337,62.29402041016426
STU_016338,75.5218322101237
STU_016339,77.13250125970978
STU_016340,87.28279198981164
STU_016341,86.75847571809155
STU_016342,73.91459155027259
STU_016343,71.2551085517764
STU_016344,92.21113864356488
STU_016345,85.22848160528434
STU_016346,86.0129022726823
STU_016347,53.488420095825646
STU_016348,64.92122232048246
STU_016349,86.58875225216875
STU_016350,60.71595803586925
STU_016351,72.09612638184822
STU_016352,78.21072394356699
STU_016353,72.31241384801518
STU_016354,49.27979268164236
STU_016355,74.76953953119357
STU_016356,69.70919196541753
STU_016357,62.63955595638804
STU_016358,76.84588370490653
STU_016359,88.36125624854145
STU_016360,78.00093770050115
STU_016361,71.78548564691494
STU_016362,76.12170251822323
STU_016363,72.25122846348101
STU_016364,71.0433699020472
STU_016365,77.03709788768603
STU_016366,70.4063087493722
STU_016367,78.24670054147896
STU_016368,56.9924811541641
STU_016369,74.44517408716618
STU_016370,42.9840960547184
STU_016371,63.17731640038382
STU_016372,91.41963679762048
STU_016373,83.86190941426102
STU_016374,72.38830644279625
STU_016375,76.66280123818873
STU_016376,92.21034042416747
STU_016377,57.599429158173976
STU_016378,85.14860953643134
STU_016379,63.887346033286946
STU_016380,85.9662331372472
STU_016381,60.74280958772127
STU_016382,76.54178073735508
STU_016383,53.185747541377424
STU_016384,92.74743651092402
STU_016385,92.14405290958709
STU_016386,70.39269882011797
STU_016387,72.31151849041605
STU_016388,59.65553130457896
STU_016389,76.22091309772034
STU_016390,79.10409183712025
STU_016391,99.33249962498161
STU_016392,83.37112745289852
STU_016393,78.25873684286455
STU_016394,96.31273849937114
STU_016395,60.22116876516223
STU_016396,91.79909626867652
STU_016397,68.68990360532898
STU_016398,59.94931860064959
STU_016399,67.12120547146742
STU_016400,83.20315808876576
STU_016401,74.1690695848427
STU_016402,95.45522789994976
STU_016403,63.9654154055386
STU_016404,67.2233829034626
STU_016405,68.94027123753764
STU_016406,66.18535089003032
STU_016407,93.4915404975996
STU_016408,89.74599208944564
STU_016409,51.28550634164827
STU_016410,62.64289018654197
STU_016411,54.134906168619395
STU_016412,50.566007030077415
STU_016413,66.73784419063651
STU_016414,86.98654962555925
STU_016415,85.55980937745079
STU_016416,79.3146411293524
STU_016417,80.04028830204275
STU_016418,99.15076106704217
STU_016419,72.6116550225012
STU_016420,64.51505608159829
STU_016421,63.89496302175498
STU_016422,66.17950875060481
STU_016423,98.78043886146322
STU_016424,67.60527292554386
STU_016425,81.677745866077
STU_016426,76.17203975648238
STU_016427,74.37493817726877
STU_016428,99.71654634682949
STU_016429,74.88305874601754
STU_016430,86.13643430528498
STU_016431,96.70152962779147
STU_016432,49.33802125879798
STU_016433,59.53678397394379
STU_016434,58.80520131706831
STU_016435,79.14333764062042
STU_016436,93.53283378694812
STU_016437,79.29192617516239
STU_016438,78.31696079072975
STU_016439,75.7804509316052
STU_016440,64.26077390522535
STU_016441,92.90961978837153
STU_016442,95.59424026354881
STU_016443,70.19525798721158
STU_016444,76.66568847991977
STU_016445,75.1088254647195
STU_016446,65.44921331694835
STU_016447,63.846058256921836
STU_016448,70.14539487033694
STU_016449,76.74503701549146
STU_016450,70.80829158133407
STU_016451,89.75835129693256
STU_016452,87.88563348011917
STU_016453,61.410031706222995
STU_016454,66.6063332815436
STU_016455,47.92236469736447
STU_016456,72.826929904672
STU_016457,89.64994892024501
STU_016458,75.58313898348376
STU_016459,77.74775748051562
STU_016460,78.55075240235973
STU_016461,56.070374955727246
STU_016462,85.16020378310381
STU_016463,81.99875502378399
STU_016464,78.72065034960244
STU_016465,84.23046443176696
STU_016466,69.96854217414389
STU_016467,81.09358369718794
STU_016468,65.30641799092528
STU_016469,54.63513426006795
STU_016470,89.06175808503848
STU_016471,57.98589415347115
STU_016472,84.06543468978353
STU_016473,74.60421931689778
STU_016474,69.38886573055167
STU_016475,99.23260128377224
STU_016476,95.62668514600189
STU_016477,92.49903039988254
STU_016478,86.64808957687791
STU_016479,65.43714180504037
STU_016480,79.72046476933022
STU_016481,73.65783826690708
STU_016482,63.09630040894626
STU_016483,86.64689790480307
STU_016484,70.36743217398157
STU_016485,68.23015636673098
STU_016486,86.69199810892653
STU_016487,70.80939425911336
STU_016488,80.12814348657318
STU_016489,97.23400687177129
STU_016490,67.56503331196224
STU_016491,89.28237676178712
STU_016492,90.1521189251317
STU_016493,88.31509793672862
STU_016494,73.5089789230949
STU_016495,45.98064703715508
STU_016496,83.28013661004263
STU_016497,45.42563560618032
STU_016498,62.32370368041124
STU_016499,75.93761739508183
STU_016500,71.22940137382692
STU_016501,73.7276515894817
STU_016502,73.32359369283213
STU_016503,55.67571422925942
STU_016504,78.33258100977075
STU_016505,96.09383243004771
STU_016506,74.16739953957575
STU_016507,66.32751782806031
STU_016508,87.2247923148604
STU_016509,40.96524695754044
STU_016510,72.53367487465219
STU_016511,68.04039561728956
STU_016512,67.20088722958037
STU_016513,53.180719242297755
STU_016514,89.24614505764563
STU_016515,61.79003307453361
STU_016516,56.85973960695404
STU_016517,80.22166389706118
STU_016518,78.36439339924843
STU_016519,82.9370871086297
STU_016520,58.56824313892754
STU_016521,99.8466636615309
STU_016522,51.94018404320289
STU_016523,70.81679427342156
STU_016524,67.71472252876582
STU_016525,44.64532207321594
STU_016526,99.88351164255704
STU_016527,55.96574130855074
STU_016528,67.02897817786851
STU_016529,71.4576519624216
STU_016530,83.07066701455639
STU_016531,96.71725712945468
STU_016532,98.8505837711139
STU_016533,77.75425426257047
STU_016534,87.9556610656744
STU_016535,63.98604628033956
STU_016536,84.45476823100338
STU_016537,81.98619769228341
STU_016538,65.78284932501954
STU_016539,68.57818231219207
STU_016540,78.69640543056326
STU_016541,99.73265849927101
STU_016542,56.642267312619964
STU_016543,61.72223757976113
STU_016544,92.5856410745352
STU_016545,92.5352825662666
STU_016546,64.50910973940987
STU_016547,99.95889353437471
STU_016548,94.6919019120013
STU_016549,83.99395007515969
STU_016550,67.0554792671845
STU_016551,80.10604431842091
STU_016552,88.36311845465275
STU_016553,67.53468473597526
STU_016554,89.92093693623931
STU_016555,69.68197191077321
STU_016556,78.83988693422623
STU_016557,71.63195466855339
STU_016558,75.69237387500183
STU_016559,83.70201468327649
STU_016560,62.67893800932485
STU_016561,84.06493161022706
STU_016562,77.44885229797873
STU_016563,75.66652069641407
STU_016564,69.9291479874853
STU_016565,78.21034338730286
STU_016566,86.96751518200158
STU_016567,73.53294159432332
STU_016568,70.97947749590008
STU_016569,57.85377720852186
STU_016570,66.74274696205428
STU_016571,90.0123975605153
STU_016572,58.2713425256882
STU_016573,54.89044810538516
STU_016574,98.01686528005635
STU_016575,65.0301409671539
STU_016576,83.35372030103116
STU_016577,90.71219568134401
STU_016578,85.07029959023689
STU_016579,87.7592858392766
STU_016580,85.9372905452355
STU_016581,97.83230317946479
STU_016582,64.15716627694096
STU_016583,84.38402755608081
STU_016584,97.65797054170564
STU_016585,87.06712842636759
STU_016586,77.91247703893745
STU_016587,73.7678936910747
STU_016588,69.68857380331335
STU_016589,69.42060363784083
STU_016590,74.44184272729859
STU_016591,58.435578885379435
STU_016592,81.26007121244572
STU_016593,84.83014712465554
STU_016594,42.23454470413431
STU_016595,75.91896628341343
STU_016596,87.686532015942
STU_016597,53.68256204071403
STU_016598,82.51037034068936
STU_016599,45.485460386741885
STU_016600,46.39526529185592
STU_016601,79.47313128919309
STU_016602,56.54282930757208
STU_016603,52.03780213720725
STU_016604,87.58165645348272
STU_016605,92.37341909319099
STU_016606,69.47460565104024
STU_016607,42.608523099785344
STU_016608,85.5708183288736
STU_016609,78.97121629162012
STU_016610,87.85628722665248
STU_016611,57.530625996546824
STU_016612,95.64286087706466
STU_016613,81.17865741099538
STU_016614,67.1426962335706
STU_016615,93.50476506554207
STU_016616,88.15731687026417
STU_016617,92.47903442035431
STU_016618,73.56588186260495
STU_016619,89.64984617209353
STU_016620,55.444866045980206
STU_016621,81.31604206190988
STU_016622,76.32610885433922
STU_016623,75.98857367597003
STU_016624,97.99101297748079
STU_016625,79.2725234310339
STU_016626,58.418208386746244
STU_016627,99.4290445118423
STU_016628,87.56123189358789
STU_016629,54.28290499878076
STU_016630,71.67736960381734
STU_016631,64.98751118507711
STU_016632,62.99606984279008
STU_016633,76.13828535481275
STU_016634,65.60759486026137
STU_016635,93.03570289926672
STU_016636,83.82164902393768
STU_016637,66.64227155135625
STU_016638,68.08506419482657
STU_016639,64.8433910018428
STU_016640,99.75460686713458
STU_016641,83.64806918732717
STU_016642,58.592588047215855
STU_016643,70.17099311336864
STU_016644,77.62616089968827
STU_016645,84.46342254608476
STU_016646,83.99823690917248
STU_016647,66.97200028052508
STU_016648,75.64206118158106
STU_016649,87.7896968292998
STU_016650,89.88112607530158
STU_016651,83.75083619201129
STU_016652,86.62405811157765
STU_016653,81.06499501356998
STU_016654,94.65771183829301
STU_016655,71.56841613207807
STU_016656,77.54103176173746
STU_016657,80.49752517050406
STU_016658,90.9693475468057
STU_016659,75.5113937281871
STU_016660,91.4953704051083
STU_016661,72.58347639343839
STU_016662,69.59651042527454
STU_016663,89.2603085911243
STU_016664,67.74731729378952
STU_016665,77.48953720519171
STU_016666,66.7584493009646
STU_016667,69.81298851396187
STU_016668,93.53770044239259
STU_016669,72.31807996684583
STU_016670,85.58801501993054
STU_016671,97.63382352401294
STU_016672,87.03077743470229
STU_016673,65.00846198077988
STU_016674,78.22555237630785
STU_016675,76.1324247833401
STU_016676,99.46152808008173
STU_016677,91.63427221207121
STU_016678,91.73055317349532
STU_016679,91.49542653561684
STU_016680,61.051063251818775
STU_016681,97.39687027625425
STU_016682,86.53715895088641
STU_016683,72.97038218244921
STU_016684,69.1495365008983
STU_016685,77.31913686582311
STU_016686,74.42287460632562
STU_016687,96.01863292327698
STU_016688,57.504535185524766
STU_016689,71.45274137100405
STU_016690,53.694576034034995
STU_016691,78.7234875559774
STU_016692,73.3195296984919
STU_016693,67.30234706208044
STU_016694,87.0344838374653
STU_016695,76.39397365518172
STU_016696,75.38751636945793
STU_016697,73.23155088193424
STU_016698,82.33059654740848
STU_016699,63.54779233172289
STU_016700,72.08982151961025
STU_016701,78.5620982805474
STU_016702,82.8239033898211
STU_016703,89.46078306154988
STU_016704,83.20986470924052
STU_016705,90.01639786184563
STU_016706,73.44389246953358
STU_016707,81.99582746913904
STU_016708,90.18521308794062
STU_016709,44.58128036383238
STU_016710,76.49984704407562
STU_016711,58.70340957561902
STU_016712,48.10932541066403
STU_016713,96.26333009044488
STU_016714,97.23034468202037
STU_016715,66.28013193474854
STU_016716,70.00643284758479
STU_016717,89.51861202553627
STU_016718,52.85259568629695
STU_016719,89.11743267114835
STU_016720,96.16179820565442
STU_016721,79.30863942917313
STU_016722,74.69969556229813
STU_016723,68.44515205587925
STU_016724,75.76892354266852
STU_016725,67.1909022052507
STU_016726,60.39021825266258
STU_016727,69.23722261165089
STU_016728,57.80139541078083
STU_016729,76.15383350549416
STU_016730,84.94366965605315
STU_016731,63.13147792505937
STU_016732,89.57081877066442
STU_016733,86.17114449166546
STU_016734,59.98146456647777
STU_016735,84.47267987298804
STU_016736,60.47861414179935
STU_016737,67.83852152812456
STU_016738,76.86104988800054
STU_016739,80.16619760599406
STU_016740,70.63753795078259
STU_016741,77.96798175696313
STU_016742,91.09130686275054
STU_016743,72.58734342117533
STU_016744,59.01767287890567
STU_016745,62.85085604637229
STU_016746,52.05578218800785
STU_016747,82.72031285388857
STU_016748,79.51480197063529
STU_016749,53.581517291945005
STU_016750,88.8461388700168
STU_016751,87.94743494908721
STU_016752,62.97235855657607
STU_016753,74.60424854634968
STU_016754,99.67405088261248
STU_016755,75.54776781140154
STU_016756,77.07854050911914
STU_016757,81.25299808315903
STU_016758,53.35047164788371
STU_016759,98.49362500102879
STU_016760,70.82545298547261
STU_016761,77.60558631975
STU_016762,71.39647750059055
STU_016763,79.83431195400553
STU_016764,65.80051564951557
STU_016765,88.21916093962344
STU_016766,91.03646287342434
STU_016767,82.21827153061821
STU_016768,89.18780400876577
STU_016769,45.91265002099995
STU_016770,53.86525498052149
STU_016771,66.62319127043077
STU_016772,93.07243712711961
STU_016773,69.80648081230532
STU_016774,82.57504605594787
STU_016775,71.02955166619475
STU_016776,94.14125834572631
STU_016777,49.1476240080691
STU_016778,77.14860446037773
STU_016779,72.57219908357467
STU_016780,85.3691490081776
STU_016781,49.84698789097094
STU_016782,82.68738194004456
STU_016783,67.56467825954135
STU_016784,96.16806785945789
STU_016785,91.96278731128139
STU_016786,67.98667036323909
STU_016787,66.91076352991828
STU_016788,90.25159427808103
STU_016789,75.63933580402804
STU_016790,81.72701689005129
STU_016791,69.7548054529607
STU_016792,74.08182878504621
STU_016793,80.27637710240761
STU_016794,73.90765784432645
STU_016795,72.57435326033793
STU_016796,86.7983136589641
STU_016797,65.21357233685379
STU_016798,73.74385774574355
STU_016799,91.48477309749426
STU_016800,64.96216395497082
STU_016801,60.59401160745514
STU_016802,63.935373676322456
STU_016803,92.68617149520605
STU_016804,92.71610548509985
STU_016805,55.884754865812134
STU_016806,81.4238444088697
STU_016807,77.50864284726029
STU_016808,86.23827627394692
STU_016809,86.76376367469776
STU_016810,48.20253567506636
STU_016811,78.40206686321456
STU_016812,69.51568648926552
STU_016813,78.53997795760087
STU_016814,88.67989664070251
STU_016815,68.29975066829952
STU_016816,71.85997693901527
STU_016817,99.52619055628492
STU_016818,52.65276982777385
STU_016819,88.21844332130823
STU_016820,82.04348930289132
STU_016821,78.75745467708141
STU_016822,75.25181555237236
STU_016823,99.9516111479746
STU_016824,79.0262476898246
STU_016825,81.23286026289674
STU_016826,71.42442849344185
STU_016827,76.86829795293686
STU_016828,70.82563755221484
STU_016829,82.31453511169806
STU_016830,72.39740520667573
STU_016831,87.74454266693343
STU_016832,66.03254686161955
STU_016833,62.397203856446325
STU_016834,90.72156917129247
STU_016835,77.05577072269617
STU_016836,81.94860444512301
STU_016837,98.54831154804465
STU_016838,91.55315632222138
STU_016839,69.67860836445034
STU_016840,79.18833737496155
STU_016841,96.83436815885958
STU_016842,73.56794799341515
STU_016843,67.90218224109441
STU_016844,86.46809692756676
STU_016845,68.81266014805037
STU_016846,64.92083552014108
STU_016847,71.33558790495427
STU_016848,60.294642526367966
STU_016849,74.06715657371412
STU_016850,75.59822443372605
STU_016851,66.80476948758049
STU_016852,87.29945984216535
STU_016853,88.1156592964198
STU_016854,84.95040230282805
STU_016855,77.48203920186491
STU_016856,98.41868897426274
STU_016857,64.39327524298122
STU_016858,56.53981302480041
STU_016859,99.09703143298225
STU_016860,99.34030387941152
STU_016861,76.26686854415883
STU_016862,89.75337811166251
STU_016863,98.00885326503392
STU_016864,51.06548666580478
STU_016865,85.38854659727471
STU_016866,71.52859713610395
STU_016867,94.09655377720135
STU_016868,76.6387900405074
STU_016869,87.65037568195066
STU_016870,64.10291561503294
STU_016871,58.200595421163484
STU_016872,78.62086055362195
STU_016873,93.5255170954189
STU_016874,70.02591300191052
STU_016875,81.86045876815487
STU_016876,57.55423839346416
STU_016877,99.86188107890982
STU_016878,54.94380717922859
STU_016879,90.83562336503331
STU_016880,87.88203807385295
STU_016881,66.02194112991451
STU_016882,76.80352321981266
STU_016883,91.02216982543725
STU_016884,75.11020788620834
STU_016885,91.86028059652048
STU_016886,81.757531625984
STU_016887,67.3419992859648
STU_016888,88.46766801399552
STU_016889,76.19029408368046
STU_016890,72.08901691851125
STU_016891,65.71095859059157
STU_016892,83.72019441609038
STU_016893,64.15635689646334
STU_016894,79.5297312333096
STU_016895,71.85591727655807
STU_016896,65.66939872522988
STU_016897,49.50169271451765
STU_016898,99.79946168560592
STU_016899,78.5471255783262
STU_016900,96.50061665063116
STU_016901,78.55613429322406
STU_016902,95.49080161127658
STU_016903,75.4539308284404
STU_016904,84.011744764166
STU_016905,80.93491302614598
STU_016906,70.09237278605835
STU_016907,84.33632967457268
STU_016908,69.31173230276798
STU_016909,86.23513013793465
STU_016910,68.1856265769296
STU_016911,74.05100515067892
STU_016912,69.00033077623745
STU_016913,58.253416674732854
STU_016914,90.18128073133809
STU_016915,91.42047044837453
STU_016916,77.43394085563071
STU_016917,85.73352426023948
STU_016918,47.69556286736561
STU_016919,68.367065785532
STU_016920,69.93428650929017
STU_016921,75.82822304803334
STU_016922,72.63080168342073
STU_016923,91.18128132499722
STU_016924,54.89520860876134
STU_016925,77.95001245716443
STU_016926,77.76785589381288
STU_016927,59.122564564737665
STU_016928,82.10611579321471
STU_016929,67.09048790361027
STU_016930,97.1909606635887
STU_016931,47.57686141734986
STU_016932,87.15284914336567
STU_016933,87.81506336449952
STU_016934,65.63864995383757
STU_016935,74.19265574065577
STU_016936,62.252666784159956
STU_016937,70.29996259937124
STU_016938,90.22393175193986
STU_016939,93.94791217174671
STU_016940,92.78683833113328
STU_016941,61.539299049851195
STU_016942,79.57937884910177
STU_016943,74.48629908081264
STU_016944,79.86345773686617
STU_016945,93.87282984567742
STU_016946,83.33313597508132
STU_016947,75.13940112908924
STU_016948,75.64488895843472
STU_016949,63.01195535301531
STU_016950,69.32552899979518
STU_016951,96.7863914071695
STU_016952,57.52281951876212
STU_016953,61.758374319624174
STU_016954,71.02138232036882
STU_016955,86.18116892722705
STU_016956,91.34508964122773
STU_016957,63.17174225126616
STU_016958,76.98936661447812
STU_016959,98.18385503787508
STU_016960,80.61240549484361
STU_016961,65.1458116478213
STU_016962,76.81068768096296
STU_016963,97.9459587177848
STU_016964,90.71450179079379
STU_016965,90.63358603296878
STU_016966,74.74553050783425
STU_016967,91.18640181755654
STU_016968,97.0891582561073
STU_016969,62.490612487334985
STU_016970,75.2646990045996
STU_016971,64.69720207061414
STU_016972,96.142689375441
STU_016973,68.32848228334859
STU_016974,76.99596074689245
STU_016975,59.666176895415475
STU_016976,70.82912064165149
STU_016977,90.18620758447958
STU_016978,68.01364083848517
STU_016979,58.82041566950211
STU_016980,83.39445257846423
STU_016981,58.854278714557616
STU_016982,74.32002846672492
STU_016983,60.911190941681184
STU_016984,65.40944528645205
STU_016985,99.76642237315528
STU_016986,85.74167564249845
STU_016987,82.1202192707124
STU_016988,74.28416456287226
STU_016989,88.65302387010159
STU_016990,73.55686171411529
STU_016991,64.52834006185797
STU_016992,82.02936811269146
STU_016993,74.4919478504492
STU_016994,62.892694228911125
STU_016995,66.97463400432869
STU_016996,93.82508419345484
STU_016997,79.93471068340354
STU_016998,92.12384213744397
STU_016999,98.77321601602938
STU_017000,86.96942524498377
STU_017001,87.46365657107776
STU_017002,95.20921873213341
STU_017003,97.33217004659667
STU_017004,67.62287441883969
STU_017005,85.67780779247929
STU_017006,87.88798413564805
STU_017007,75.78527396436976
STU_017008,79.3523571994711
STU_017009,85.37668991345225
STU_017010,73.8946622746592
STU_017011,49.523801181537
STU_017012,58.30570339319681
STU_017013,99.61062107192203
STU_017014,79.05459528747843
STU_017015,79.78060437896318
STU_017016,91.58724199830695
STU_017017,65.23302950779618
STU_017018,75.60632523309076
STU_017019,53.900365592800384
STU_017020,70.96399239769761
STU_017021,79.21502291605353
STU_017022,71.10863311257472
STU_017023,63.331948768116334
STU_017024,62.62545542876181
STU_017025,64.67620635135107
STU_017026,77.76861169386856
STU_017027,80.52909743038472
STU_017028,72.1194302822568
STU_017029,88.75071961219416
STU_017030,88.2585154261835
STU_017031,57.50603099293441
STU_017032,94.70583638571594
STU_017033,88.59827026606598
STU_017034,73.97942868866207
STU_017035,70.66712542375501
STU_017036,89.98700850688448
STU_017037,96.135981782455
STU_017038,97.72238700847974
STU_017039,87.58073313764211
STU_017040,98.54396035304461
STU_017041,60.71062726492071
STU_017042,89.1649506235471
STU_017043,74.23692869715131
STU_017044,96.01436077389842
STU_017045,85.70848448834019
STU_017046,82.16710429629588
STU_017047,97.16461263035063
STU_017048,67.01112794241592
STU_017049,85.24382493313752
STU_017050,65.66022200681391
STU_017051,77.93826748920945
STU_017052,96.90111403829832
STU_017053,77.93516394156609
STU_017054,90.69520103288494
STU_017055,81.67969875667607
STU_017056,79.16211561545103
STU_017057,95.89283500364286
STU_017058,80.31837165979391
STU_017059,60.44241945580275
STU_017060,65.55073881361685
STU_017061,95.9753359192175
STU_017062,59.65696737770698
STU_017063,76.54864210973861
STU_017064,65.72684905261279
STU_017065,93.85944755654
STU_017066,59.83833093633082
STU_017067,96.58564269837112
STU_017068,68.41797488597038
STU_017069,78.97931258238854
STU_017070,80.6403049088383
STU_017071,78.90374578579781
STU_017072,74.86595513680302
STU_017073,92.21959251145142
STU_017074,87.34400556733817
STU_017075,92.4986618376009
STU_017076,56.083711344489004
STU_017077,89.68786416020805
STU_017078,64.98145910031201
STU_017079,61.029559810324656
STU_017080,53.3036082683881
STU_017081,73.14989054373942
STU_017082,85.4837514418731
STU_017083,69.54187494067138
STU_017084,47.57308197492702
STU_017085,65.71161995040949
STU_017086,89.84300349192054
STU_017087,70.59761677814663
STU_017088,92.79024091351098
STU_017089,64.11350921682869
STU_017090,84.05961708860363
STU_017091,65.27182721432276
STU_017092,90.4771088203044
STU_017093,51.608323478318994
STU_017094,80.40041480837817
STU_017095,52.616037239074544
STU_017096,62.71058680992436
STU_017097,61.705933352645715
STU_017098,43.76142732583206
STU_017099,75.43183721295186
STU_017100,83.5178406872956
STU_017101,79.07287229824202
STU_017102,78.25958897377689
STU_017103,78.49338196158712
STU_017104,84.06605916459618
STU_017105,66.19073968176104
STU_017106,61.66515778852913
STU_017107,44.47801312283072
STU_017108,82.77237652345411
STU_017109,67.9271446388351
STU_017110,68.76913289766982
STU_017111,87.31240844508542
STU_017112,86.31757259380947
STU_017113,59.8727599639583
STU_017114,77.82636086077288
STU_017115,76.37784441717709
STU_017116,99.77694372800227
STU_017117,48.601521394929286
STU_017118,85.39906938692766
STU_017119,83.8815183307562
STU_017120,87.60781152386514
STU_017121,72.7034809149307
STU_017122,99.70769301723799
STU_017123,63.2916420220439
STU_017124,71.5649633171357
STU_017125,72.5577698531254
STU_017126,78.74685668313151
STU_017127,57.53310969488605
STU_017128,70.25315134211993
STU_017129,62.904904582677545
STU_017130,73.43684073260258
STU_017131,70.60364324958576
STU_017132,75.05798357898838
STU_017133,78.9077839670151
STU_017134,98.44744460497083
STU_017135,59.01054774897442
STU_017136,79.21644043969933
STU_017137,59.037712941852504
STU_017138,77.26062552962148
STU_017139,93.8001966647807
STU_017140,76.54067158505796
STU_017141,87.77541228671055
STU_017142,94.57501129780772
STU_017143,50.885177038603416
STU_017144,88.4359712270732
STU_017145,89.4878279919629
STU_017146,94.0149349498391
STU_017147,98.24754603679455
STU_017148,72.5729646395094
STU_017149,68.71358280935655
STU_017150,57.95819450248521
STU_017151,78.82669754762307
STU_017152,76.48814084832128
STU_017153,83.11158986042014
STU_017154,78.46129792785351
STU_017155,54.927662324698375
STU_017156,59.76407818575271
STU_017157,71.73917903307833
STU_017158,90.1901644968654
STU_017159,62.410934243736236
STU_017160,53.47047940177396
STU_017161,80.81990177042351
STU_017162,73.71064301333229
STU_017163,76.72725874291012
STU_017164,91.19906909614016
STU_017165,65.16145542804568
STU_017166,71.1328040901845
STU_017167,66.79855272552682
STU_017168,77.83925594707463
STU_017169,91.4543973566152
STU_017170,85.21623638062069
STU_017171,95.72734443442278
STU_017172,72.53961049215961
STU_017173,53.38629307311875
STU_017174,57.257583249552184
STU_017175,99.57464085805012
STU_017176,84.40306188954969
STU_017177,70.66562883954019
STU_017178,85.91459060703093
STU_017179,86.8346656676816
STU_017180,74.44651190260558
STU_017181,83.94982194132413
STU_017182,65.45494052779166
STU_017183,97.5505685219007
STU_017184,85.4376662115467
STU_017185,95.20508068408314
STU_017186,61.973305565858475
STU_017187,88.95407923852812
STU_017188,77.22984778619903
STU_017189,56.9775823142513
STU_017190,90.5653746407953
STU_017191,70.0276338060882
STU_017192,62.739900552886745
STU_017193,55.80545726560212
STU_017194,88.6757298073476
STU_017195,68.38181948737265
STU_017196,80.99146791606154
STU_017197,80.41304282590048
STU_017198,71.19238469168204
STU_017199,74.44532595460635
STU_017200,62.668777375115724
STU_017201,72.72807989677679
STU_017202,86.79580316419504
STU_017203,73.1630474972747
STU_017204,63.76062849974015
STU_017205,89.9440352134303
STU_017206,76.89647156978657
STU_017207,97.93225652653354
STU_017208,63.061528030177115
STU_017209,58.78804447167771
STU_017210,34.287826598769904
STU_017211,85.48864432548834
STU_017212,96.01110114410707
STU_017213,90.00839255896148
STU_017214,83.13029927347874
STU_017215,61.059800925848315
STU_017216,57.72813210742363
STU_017217,99.92469316188459
STU_017218,70.60678612230376
STU_017219,96.1584060475206
STU_017220,78.40593902115145
STU_017221,68.17365997115716
STU_017222,68.80759902470179
STU_017223,70.77163798920834
STU_017224,87.65291277774084
STU_017225,90.27411248672136
STU_017226,76.39816169899842
STU_017227,68.43853639346005
STU_017228,85.5741203693868
STU_017229,64.95691076881752
STU_017230,93.56589194268821
STU_017231,66.17970612066891
STU_017232,70.42854370370753
STU_017233,72.31389265055938
STU_017234,87.54061306511642
STU_017235,79.80325288061464
STU_017236,57.22878645062315
STU_017237,93.80001070326301
STU_017238,77.83994406344976
STU_017239,53.033164288883974
STU_017240,92.7358451669061
STU_017241,70.16712080600722
STU_017242,45.11801171450392
STU_017243,84.66811066108937
STU_017244,75.74120452524946
STU_017245,86.50525565787817
STU_017246,84.36810207588798
STU_017247,53.387874180755674
STU_017248,65.10038337217053
STU_017249,61.02764202767581
STU_017250,58.695597747691124
STU_017251,90.8324012335685
STU_017252,61.55099215476308
STU_017253,86.15465998603906
STU_017254,46.909459573458165
STU_017255,53.9518108628028
STU_017256,49.80390214675426
STU_017257,81.5174610267755
STU_017258,75.20882412222315
STU_017259,68.27417796205538
STU_017260,67.22402544055929
STU_017261,56.729076186598014
STU_017262,69.26425653853816
STU_017263,77.2009644209225
STU_017264,66.51487145269206
STU_017265,89.3951433520582
STU_017266,51.034241999354606
STU_017267,65.69040550066342
STU_017268,69.89904817024554
STU_017269,66.37178944210302
STU_017270,80.89764059237018
STU_017271,76.50924888657121
STU_017272,57.67946122946494
STU_017273,89.38970786310998
STU_017274,89.55977386402309
STU_017275,68.54409203400678
STU_017276,55.09136624930878
STU_017277,79.59512263608684
STU_017278,92.76957166412325
STU_017279,73.19924139944801
STU_017280,82.50546845661667
STU_017281,68.70346231369948
STU_017282,73.87149128803982
STU_017283,82.94595187757344
STU_017284,86.02234798511087
STU_017285,85.6306709840853
STU_017286,70.16089310746385
STU_017287,62.66921835451152
STU_017288,59.071008371808276
STU_017289,74.9127330411511
STU_017290,90.81313934547595
STU_017291,83.77396129979641
STU_017292,62.28654113271685
STU_017293,69.92627349190433
STU_017294,64.05779060279039
STU_017295,70.13659399535376
STU_017296,72.20967194845613
STU_017297,95.3589435571587
STU_017298,65.65126388916164
STU_017299,69.13362272405868
STU_017300,56.18119087346699
STU_017301,60.26130983092853
STU_017302,75.89574572624105
STU_017303,94.18051490535659
STU_017304,88.55053126601607
STU_017305,78.23835897629885
STU_017306,84.39380440988117
STU_017307,99.70422561868257
STU_017308,94.43340959467442
STU_017309,91.43044684470692
STU_017310,61.148874162636425
STU_017311,74.58506940376586
STU_017312,69.2578415942927
STU_017313,91.38417836022576
STU_017314,77.7066880870699
STU_017315,84.21025297945509
STU_017316,74.02357203937555
STU_017317,81.98973710361204
STU_017318,39.11320294400717
STU_017319,65.53237119254096
STU_017320,89.87151290616464
STU_017321,82.84929702552938
STU_017322,77.39592091275142
STU_017323,79.81882385841413
STU_017324,90.81140589707778
STU_017325,83.70930947914033
STU_017326,72.44965752172357
STU_017327,86.54169588445762
STU_017328,80.38225079148154
STU_017329,38.77079592812775
STU_017330,91.08145732495154
STU_017331,75.50685808641208
STU_017332,68.86552259434387
STU_017333,64.79556108103947
STU_017334,82.0249475175293
STU_017335,82.20725183565683
STU_017336,62.87125023272962
STU_017337,77.55071481440297
STU_017338,80.77223299677618
STU_017339,98.92546476615016
STU_017340,78.74717706257462
STU_017341,88.12251684551055
STU_017342,64.13928371947104
STU_017343,82.33574594313413
STU_017344,62.537253270589886
STU_017345,68.56822575233281
STU_017346,60.49557720696417
STU_017347,93.3243134376456
STU_017348,73.43469585622927
STU_017349,80.34989621359739
STU_017350,52.85124459294044
STU_017351,61.091237316115006
STU_017352,57.29311425438655
STU_017353,58.85252690978943
STU_017354,84.81079941864125
STU_017355,58.71326650095891
STU_017356,69.80590125321142
STU_017357,57.10826201573933
STU_017358,63.2330726744493
STU_017359,86.6914401575446
STU_017360,98.60126117576543
STU_017361,97.58908590805737
STU_017362,65.5706581921112
STU_017363,90.92066909278802
STU_017364,88.90369008446682
STU_017365,89.20525416462311
STU_017366,89.70888023932193
STU_017367,99.70688827827232
STU_017368,64.52162083844304
STU_017369,54.65509290692614
STU_017370,81.29690274723663
STU_017371,83.73557336419864
STU_017372,87.9049518020035
STU_017373,63.145236029114
STU_017374,48.54943585130255
STU_017375,84.6819285506104
STU_017376,74.89397965349343
STU_017377,68.95205793646366
STU_017378,80.54225828630402
STU_017379,63.623920111039865
STU_017380,61.84723308111119
STU_017381,55.64635974053836
STU_017382,83.41098618755066
STU_017383,79.90656262813468
STU_017384,68.85177514219467
STU_017385,68.72368428395069
STU_017386,73.00734069947876
STU_017387,82.53153687468584
STU_017388,67.15853309535346
STU_017389,82.24948691466514
STU_017390,74.84621514102633
STU_017391,76.51881791581496
STU_017392,65.19685575768881
STU_017393,63.57180379124298
STU_017394,70.48507576384081
STU_017395,56.422545455412106
STU_017396,80.5683246901406
STU_017397,76.2097128331247
STU_017398,82.12335857488696
STU_017399,88.98007975788559
STU_017400,43.28882791683305
STU_017401,42.76177676143354
STU_017402,93.73514610193722
STU_017403,61.30040789101507
STU_017404,76.84170763721787
STU_017405,63.59990558323492
STU_017406,66.06754194594444
STU_017407,65.38452414605045
STU_017408,82.41681322091267
STU_017409,77.63719559883958
STU_017410,76.53535809960968
STU_017411,62.79530127091773
STU_017412,79.82546518286952
STU_017413,81.76592791659219
STU_017414,79.27105774973859
STU_017415,54.457557799297504
STU_017416,64.65642174052914
STU_017417,78.82813604403975
STU_017418,91.20423098349684
STU_017419,68.58676905846836
STU_017420,80.82254529383357
STU_017421,80.6128765316245
STU_017422,80.299924193432
STU_017423,73.90098340921847
STU_017424,56.08865774359515
STU_017425,76.60549633555115
STU_017426,67.4096091357674
STU_017427,78.54770494154873
STU_017428,71.68628942987164
STU_017429,59.08896626775857
STU_017430,99.3090487293415
STU_017431,68.32040167255056
STU_017432,96.78458619153099
STU_017433,84.92876444780913
STU_017434,72.57135261965901
STU_017435,80.51476688444811
STU_017436,70.24515319518798
STU_017437,80.97144710365617
STU_017438,99.49606519904114
STU_017439,60.02470223555383
STU_017440,87.72573330335275
STU_017441,47.47898766006887
STU_017442,77.88312024296266
STU_017443,87.09561637738254
STU_017444,77.42124733547902
STU_017445,94.58060708283939
STU_017446,88.09321186111984
STU_017447,65.48512057427217
STU_017448,77.70317541185182
STU_017449,85.93690104701527
STU_017450,83.48247572345247
STU_017451,70.40838322462704
STU_017452,79.79689617546993
STU_017453,91.99300460616843
STU_017454,53.693284736589305
STU_017455,89.35324820748625
STU_017456,79.75726241865127
STU_017457,66.65691299930342
STU_017458,61.381904654516894
STU_017459,78.0017741234734
STU_017460,67.49487774751256
STU_017461,88.81881840119652
STU_017462,77.97328710835791
STU_017463,92.44964587820222
STU_017464,76.00497677862629
STU_017465,85.1208828339772
STU_017466,73.1993843863554
STU_017467,53.098252896789816
STU_017468,83.37365629375893
STU_017469,95.61218543882993
STU_017470,87.81120294127464
STU_017471,88.17845825781004
STU_017472,67.56817110444517
STU_017473,97.22556468615974
STU_017474,35.8571485938125
STU_017475,59.87273863522305
STU_017476,69.03614482755226
STU_017477,62.22308901971047
STU_017478,50.721298928473374
STU_017479,78.55242776784252
STU_017480,98.58554634979116
STU_017481,91.79559826565868
STU_017482,81.65868905096784
STU_017483,88.53887937854678
STU_017484,85.06376071463707
STU_017485,91.2525561434744
STU_017486,72.68860967526871
STU_017487,90.86011616073611
STU_017488,55.0027005121718
STU_017489,59.21963764621519
STU_017490,94.54461257172991
STU_017491,70.02565572044023
STU_017492,56.32641750130907
STU_017493,75.84727480039516
STU_017494,77.14933156963438
STU_017495,51.59471493555266
STU_017496,78.78342216319064
STU_017497,91.92626260608056
STU_017498,59.09001116223864
STU_017499,86.27399768706681
STU_017500,87.33660422575119
STU_017501,75.2763521072295
STU_017502,87.29340163545953
STU_017503,71.66182791681132
STU_017504,82.40368049475347
STU_017505,80.00977487885615
STU_017506,78.2161207628707
STU_017507,51.22361369692926
STU_017508,63.28782692014363
STU_017509,84.09183220276401
STU_017510,97.83571616679129
STU_017511,74.1429495792608
STU_017512,73.14936509825648
STU_017513,77.22871643615869
STU_017514,73.69135954593753
STU_017515,80.48709392667459
STU_017516,97.47567514883949
STU_017517,82.38372500291023
STU_017518,84.43787861092369
STU_017519,87.5352942130166
STU_017520,99.09129098934783
STU_017521,58.76444039528535
STU_017522,76.21361845560011
STU_017523,80.15367063022413
STU_017524,57.9336382938953
STU_017525,69.17538207734077
STU_017526,77.59382637253583
STU_017527,80.04608055229826
STU_017528,72.23878614739705
STU_017529,99.406979956274
STU_017530,82.37596761313125
STU_017531,94.47745537094002
STU_017532,60.50235204571925
STU_017533,62.36695598330511
STU_017534,55.69603083242532
STU_017535,75.03720330285758
STU_017536,88.38532400028754
STU_017537,96.50686078838756
STU_017538,94.61314931693121
STU_017539,75.26513680823604
STU_017540,95.72654345060157
STU_017541,48.67939397813447
STU_017542,72.66429733044191
STU_017543,80.4929561934077
STU_017544,96.26123349278441
STU_017545,68.04691475111775
STU_017546,67.83252123147761
STU_017547,94.2166913663155
STU_017548,79.27354474377347
STU_017549,99.23576561523302
STU_017550,77.53013206597333
STU_017551,96.5266105568322
STU_017552,49.115358583597235
STU_017553,85.80977205456307
STU_017554,55.746916093160365
STU_017555,69.43428298415405
STU_017556,70.12638758535556
STU_017557,50.118649384695985
STU_017558,51.40844549081035
STU_017559,86.42639372977935
STU_017560,69.6310552951089
STU_017561,96.4071539096145
STU_017562,60.103842427315186
STU_017563,64.87194739649809
STU_017564,71.11186105280032
STU_017565,71.73569167016551
STU_017566,84.13303115369388
STU_017567,64.58529953155083
STU_017568,69.35269824173609
STU_017569,71.82064339485255
STU_017570,99.34326880316934
STU_017571,93.52696112203846
STU_017572,78.91302129423755
STU_017573,72.26162749822534
STU_017574,84.7460854602759
STU_017575,90.94175527498925
STU_017576,93.36540822370662
STU_017577,63.16839537915317
STU_017578,78.32875632140104
STU_017579,75.72159430823022
STU_017580,77.09779323387866
STU_017581,74.12382835713456
STU_017582,76.07669464950388
STU_017583,93.8856143624832
STU_017584,59.81995346213066
STU_017585,50.920567369588206
STU_017586,81.7217647666572
STU_017587,60.466268110058635
STU_017588,67.4908222115248
STU_017589,95.38696189070163
STU_017590,73.89777341984689
STU_017591,91.05634933617895
STU_017592,65.44122831482909
STU_017593,59.94383332972461
STU_017594,56.2585597392034
STU_017595,94.56534223408207
STU_017596,74.22063808653282
STU_017597,93.1924411885444
STU_017598,41.4964175441103
STU_017599,64.01507867046146
STU_017600,77.18032576681836
STU_017601,66.91743716684415
STU_017602,66.15390270030078
STU_017603,89.90682861597637
STU_017604,82.43480847183427
STU_017605,68.3558893034714
STU_017606,94.41135771335989
STU_017607,77.22922917668609
STU_017608,94.61891094098581
STU_017609,75.43014697123942
STU_017610,75.79785977393203
STU_017611,74.11773439402998
STU_017612,97.34372167489863
STU_017613,81.04394562605174
STU_017614,90.4694738158768
STU_017615,66.63431158196556
STU_017616,89.5904191871812
STU_017617,90.54780716073017
STU_017618,42.540298848844586
STU_017619,64.57395600295725
STU_017620,73.37113924540284
STU_017621,81.74077704432426
STU_017622,98.3668853266836
STU_017623,58.10385797337163
STU_017624,68.89987880884607
STU_017625,68.31498441798797
STU_017626,51.87307533373061
STU_017627,56.41095885451475
STU_017628,74.62223091331411
STU_017629,70.90477766979379
STU_017630,59.82959547253363
STU_017631,51.296548917585
STU_017632,79.20357986015952
STU_017633,73.12489209756507
STU_017634,82.23998404117772
STU_017635,79.98902408564001
STU_017636,71.12280718017333
STU_017637,94.1599485509412
STU_017638,62.63843538144903
STU_017639,86.79110756133392
STU_017640,97.36205917792076
STU_017641,99.5552084226116
STU_017642,58.5874013633877
STU_017643,64.30939997801215
STU_017644,78.87680158183066
STU_017645,78.66847941014669
STU_017646,71.10488963455195
STU_017647,58.59659513065533
STU_017648,88.6770489910077
STU_017649,96.75707135009606
STU_017650,96.95723620298531
STU_017651,68.04424175066791
STU_017652,72.96660164168698
STU_017653,99.58101411163413
STU_017654,74.91151070404203
STU_017655,82.8592123800808
STU_017656,86.75980684128498
STU_017657,46.97973824983547
STU_017658,67.5579053384573
STU_017659,99.74053485515572
STU_017660,77.570575328144
STU_017661,78.38132687204853
STU_017662,65.12536805478612
STU_017663,76.14546948538694
STU_017664,79.30844500857452
STU_017665,71.84736195767093
STU_017666,76.19044868367041
STU_017667,72.96585923424016
STU_017668,75.58225504701063
STU_017669,70.39580054584715
STU_017670,47.20891314324216
STU_017671,69.92699995868009
STU_017672,56.9222633800883
STU_017673,71.98722122622443
STU_017674,71.33115418421386
STU_017675,69.1527354929183
STU_017676,68.75761791386827
STU_017677,79.49344902281392
STU_017678,81.2307050984582
STU_017679,90.179622790461
STU_017680,66.7160196691371
STU_017681,84.11884019541831
STU_017682,70.03661245186672
STU_017683,75.14027093443016
STU_017684,84.65499120761652
STU_017685,70.54695310219145
STU_017686,61.528776353139875
STU_017687,71.3544437401493
STU_017688,71.57091790700179
STU_017689,89.9183196164342
STU_017690,66.1650106924427
STU_017691,71.44740629718058
STU_017692,72.9823722983714
STU_017693,67.13121043415191
STU_017694,78.5022475949022
STU_017695,96.90090090171327
STU_017696,86.68007951653215
STU_017697,39.92559296552859
STU_017698,50.75228610931792
STU_017699,96.44176916334365
STU_017700,49.93769442013635
STU_017701,53.59167099819555
STU_017702,85.06173713436975
STU_017703,79.76056209422475
STU_017704,62.47101503935484
STU_017705,56.563780197445624
STU_017706,79.86240846271409
STU_017707,50.3470443281378
STU_017708,97.14218777787156
STU_017709,88.27507748444282
STU_017710,83.79813736955933
STU_017711,99.84763176461766
STU_017712,71.37701366605705
STU_017713,70.69807493295741
STU_017714,84.9917609714509
STU_017715,67.25913834561192
STU_017716,54.9238109669269
STU_017717,73.198661225205
STU_017718,94.58676731800496
STU_017719,70.49829257929892
STU_017720,72.32752469980231
STU_017721,78.50639831952975
STU_017722,99.81896939589807
STU_017723,72.12874535997705
STU_017724,75.91910282143144
STU_017725,93.36080668403156
STU_017726,92.37247409290907
STU_017727,82.60786814727007
STU_017728,84.37515953286788
STU_017729,66.49056695544475
STU_017730,57.45416095915554
STU_017731,54.62423604543099
STU_017732,78.64466739742366
STU_017733,62.75661654121081
STU_017734,69.81587669258724
STU_017735,62.41164750560432
STU_017736,71.86501746788187
STU_017737,60.4967569313329
STU_017738,94.46309665928612
STU_017739,84.8064538260657
STU_017740,77.87095183840572
STU_017741,87.61445793445685
STU_017742,84.77716379834041
STU_017743,86.68698722767252
STU_017744,86.22097511526444
STU_017745,87.35250962490456
STU_017746,83.66624181879303
STU_017747,68.0891473674408
STU_017748,64.2682092817239
STU_017749,64.57641392663331
STU_017750,83.72882238776941
STU_017751,80.64854582841842
STU_017752,77.93744706814263
STU_017753,97.5493735230837
STU_017754,90.80338072763914
STU_017755,89.26287911715158
STU_017756,82.7732900795204
STU_017757,49.93886937832686
STU_017758,63.59378113459894
STU_017759,82.40172511170852
STU_017760,94.79246316800695
STU_017761,63.49941287472965
STU_017762,99.92496211133782
STU_017763,93.92388789956817
STU_017764,49.851840636002315
STU_017765,91.55820651894453
STU_017766,77.78394613899206
STU_017767,61.7999540228857
STU_017768,62.06567788263064
STU_017769,89.41519957007048
STU_017770,76.40067175377376
STU_017771,54.2648426579827
STU_017772,70.29119633624012
STU_017773,58.28222408254439
STU_017774,99.84203537353426
STU_017775,79.5887484241235
STU_017776,89.2716335783027
STU_017777,79.59533671555927
STU_017778,83.06353346269032
STU_017779,51.1051500149011
STU_017780,70.95153587159251
STU_017781,81.33886246698273
STU_017782,74.88923075141929
STU_017783,66.57446394458562
STU_017784,77.06435193242706
STU_017785,91.36000294594342
STU_017786,74.61097204139247
STU_017787,85.23552503159651
STU_017788,77.59212214214894
STU_017789,85.88183698862858
STU_017790,54.04942305392004
STU_017791,91.85319190268757
STU_017792,66.67137274914363
STU_017793,66.78717490859627
STU_017794,64.46456282972926
STU_017795,69.24149648662393
STU_017796,80.24274051590041
STU_017797,92.2022850731982
STU_017798,95.2291109971932
STU_017799,99.79708063911683
STU_017800,89.76909808654824
STU_017801,73.61353419472599
STU_017802,95.49665636166912
STU_017803,63.53018462799294
STU_017804,77.87653915162285
STU_017805,71.77501158240156
STU_017806,65.71823563342261
STU_017807,96.53227358101428
STU_017808,67.96032555598282
STU_017809,87.75389837910151
STU_017810,99.61031682133228
STU_017811,71.76464987587771
STU_017812,84.06730591484613
STU_017813,82.72087271935948
STU_017814,65.6161152922377
STU_017815,62.71774850181028
STU_017816,58.52460017790971
STU_017817,52.34170957705945
STU_017818,92.01375628348822
STU_017819,88.06584166461658
STU_017820,86.99842143736618
STU_017821,74.12416741116272
STU_017822,91.5222476800057
STU_017823,96.73541944412952
STU_017824,55.50341386022366
STU_017825,77.18192240428837
STU_017826,81.17799255914781
STU_017827,87.39708984787661
STU_017828,57.775014516257585
STU_017829,64.78657663661983
STU_017830,64.79679931746402
STU_017831,87.7458650664951
STU_017832,85.28797593894075
STU_017833,56.55884819019325
STU_017834,79.58878293411048
STU_017835,66.70005288614327
STU_017836,79.57480515283716
STU_017837,67.37001569795868
STU_017838,66.02374133701473
STU_017839,95.51387533840864
STU_017840,69.16494389199349
STU_017841,95.60965231544264
STU_017842,79.53298465584271
STU_017843,85.55615133145383
STU_017844,62.30658942232189
STU_017845,97.86347862426328
STU_017846,91.4741401806916
STU_017847,47.21505378571576
STU_017848,61.30622187144125
STU_017849,54.6694453672972
STU_017850,68.15879120324546
STU_017851,60.811885126584556
STU_017852,88.13136838462981
STU_017853,75.51002559750481
STU_017854,98.4953600404449
STU_017855,47.63622287463154
STU_017856,82.32534083418079
STU_017857,82.4658536210232
STU_017858,77.1851841581408
STU_017859,65.10928180002861
STU_017860,81.12441184830249
STU_017861,84.1518095127731
STU_017862,68.87919212131075
STU_017863,91.10671743522074
STU_017864,78.8274454319963
STU_017865,69.6763945748717
STU_017866,79.29286613549903
STU_017867,66.4599781813974
STU_017868,98.7480854006937
STU_017869,62.82322051991461
STU_017870,82.31343495425352
STU_017871,97.73374143650605
STU_017872,71.1460296495525
STU_017873,96.16395017634446
STU_017874,78.56146589642508
STU_017875,72.77628524811641
STU_017876,70.53144805962108
STU_017877,49.33236803294375
STU_017878,93.32763106855344
STU_017879,53.70557475912325
STU_017880,94.36831821239376
STU_017881,72.11225008657223
STU_017882,73.84614702660369
STU_017883,93.14962956015233
STU_017884,61.0604601536143
STU_017885,64.8196783270384
STU_017886,80.53069726376255
STU_017887,55.344064852506634
STU_017888,64.4711242776117
STU_017889,99.7680077795087
STU_017890,99.51494070472273
STU_017891,78.11951862468347
STU_017892,52.77698718154158
STU_017893,83.11510189412401
STU_017894,60.979304460880705
STU_017895,68.91907498553795
STU_017896,77.80116523303683
STU_017897,60.62746065536115
STU_017898,85.60480139595703
STU_017899,81.10714325984533
STU_017900,70.7238998339553
STU_017901,90.61048322757566
STU_017902,66.6036664737428
STU_017903,71.15238065880752
STU_017904,80.60562467147962
STU_017905,76.06160206468178
STU_017906,72.74915752166729
STU_017907,75.30829461728709
STU_017908,68.09136460265512
STU_017909,68.16411552872646
STU_017910,73.05135240052834
STU_017911,59.25693853134982
STU_017912,94.64983478586853
STU_017913,92.31247924466126
STU_017914,68.24672165483645
STU_017915,72.40294113645474
STU_017916,77.45014374309231
STU_017917,81.5773912591667
STU_017918,81.0000009387409
STU_017919,91.3430936836197
STU_017920,79.41156653716487
STU_017921,86.27539481983598
STU_017922,75.61682254813164
STU_017923,65.59187755833157
STU_017924,75.16821699515401
STU_017925,71.41175972345744
STU_017926,74.42249191619103
STU_017927,99.66391114289513
STU_017928,87.18737924202503
STU_017929,89.7615557854626
STU_017930,78.85734344370033
STU_017931,60.70023695669843
STU_017932,98.63613164721687
STU_017933,98.51664806801577
STU_017934,91.23640101842801
STU_017935,81.78982738421004
STU_017936,53.82195473563236
STU_017937,81.66429107960278
STU_017938,64.21712567778971
STU_017939,91.07374079525346
STU_017940,75.75480906048651
STU_017941,67.37903282121509
STU_017942,70.99215080019692
STU_017943,54.1238695307288
STU_017944,65.020062454426
STU_017945,90.00845369313191
STU_017946,61.86159985395085
STU_017947,60.002512042626634
STU_017948,75.55012152225044
STU_017949,54.91167992765383
STU_017950,53.13675023079968
STU_017951,65.71908255103699
STU_017952,94.85354161253827
STU_017953,71.07820537792311
STU_017954,99.67452735311369
STU_017955,66.19843165828078
STU_017956,71.59937892528609
STU_017957,66.35071062897109
STU_017958,45.54868009987378
STU_017959,86.46516354237139
STU_017960,80.70518428839956
STU_017961,90.38512071819477
STU_017962,59.836952315041756
STU_017963,65.09589452310115
STU_017964,48.82586891242923
STU_017965,97.08078391334655
STU_017966,75.9214135787679
STU_017967,76.54585950137341
STU_017968,97.605034075942
STU_017969,76.67519624411474
STU_017970,50.890306567699994
STU_017971,56.10887710761933
STU_017972,70.2807374971236
STU_017973,66.56187590506325
STU_017974,81.72537168715584
STU_017975,61.56330409772633
STU_017976,69.116955826159
STU_017977,92.58624408002603
STU_017978,65.00494000870185
STU_017979,68.97703635607641
STU_017980,59.78016076597918
STU_017981,96.86525475762286
STU_017982,68.02849705732132
STU_017983,81.93926515887782
STU_017984,70.06762458118415
STU_017985,64.8182377379492
STU_017986,66.63668743179308
STU_017987,78.62153001953749
STU_017988,60.99008818772313
STU_017989,76.64997514818955
STU_017990,72.67241253753885
STU_017991,78.76217661970992
STU_017992,45.2487224621721
STU_017993,98.82712366760991
STU_017994,88.93861661251493
STU_017995,76.80720365041012
STU_017996,58.79108968793029
STU_017997,74.34524602900666
STU_017998,84.9508487768052
STU_017999,89.49495119579562
STU_018000,96.71582807232078
STU_018001,76.6515065716676
STU_018002,49.496579702576085
STU_018003,71.58310183055742
STU_018004,79.14327416723168
STU_018005,76.95423391434844
STU_018006,67.52201406586154
STU_018007,98.73884522145352
STU_018008,91.82318344579038
STU_018009,87.42696933159002
STU_018010,83.43012458833027
STU_018011,87.17425660949496
STU_018012,70.75993713580401
STU_018013,84.43316607696337
STU_018014,70.193982208428
STU_018015,78.48400730886279
STU_018016,79.96300625293219
STU_018017,81.31317308748218
STU_018018,97.76121834456609
STU_018019,64.6670242969708
STU_018020,77.67783317736152
STU_018021,67.25999250669432
STU_018022,93.79131207634639
STU_018023,84.45061641363446
STU_018024,43.58097853147582
STU_018025,78.17175308076986
STU_018026,71.19321749697426
STU_018027,83.09116513661453
STU_018028,98.97885233594619
STU_018029,71.92949143057209
STU_018030,88.69575183201917
STU_018031,89.03450704407106
STU_018032,70.30018769790354
STU_018033,91.08357773463155
STU_018034,73.43246812068205
STU_018035,94.1261295412375
STU_018036,76.91084528645455
STU_018037,41.22441625806262
STU_018038,64.03242057454815
STU_018039,83.34076115687128
STU_018040,74.7137466848451
STU_018041,63.796161236114344
STU_018042,62.41388484375416
STU_018043,88.60728250229528
STU_018044,78.18156358755283
STU_018045,72.96237590796427
STU_018046,85.07808711661417
STU_018047,54.34301867952203
STU_018048,98.24273051028224
STU_018049,86.07105723656724
STU_018050,84.51105996018748
STU_018051,62.801034987763906
STU_018052,65.35875825333375
STU_018053,66.55479960060742
STU_018054,42.72928008430449
STU_018055,99.85712807103769
STU_018056,38.05553389649823
STU_018057,61.185356148247905
STU_018058,92.16910343259957
STU_018059,95.14867333136145
STU_018060,61.60579822437559
STU_018061,78.30893396454931
STU_018062,84.99856048958358
STU_018063,72.97630667517141
STU_018064,85.03752706519627
STU_018065,87.69449185229114
STU_018066,92.74177299245659
STU_018067,92.8113853235592
STU_018068,80.23203632558355
STU_018069,77.69046015930243
STU_018070,79.81883809606717
STU_018071,96.75249060064883
STU_018072,84.32826852996737
STU_018073,57.23411412342783
STU_018074,73.12134269843483
STU_018075,70.53613965893294
STU_018076,66.37610871806348
STU_018077,54.59892620659893
STU_018078,71.32484055196835
STU_018079,81.90608178741134
STU_018080,90.65869811612319
STU_018081,74.65865396029872
STU_018082,80.46440379572985
STU_018083,95.10067306105879
STU_018084,64.21363267734607
STU_018085,71.75879751796515
STU_018086,87.69409145695623
STU_018087,74.80401034940536
STU_018088,62.662755724588045
STU_018089,55.11204863412222
STU_018090,65.1852041731103
STU_018091,80.47597874698518
STU_018092,71.10291113990168
STU_018093,65.78435823890467
STU_018094,74.26919383893117
STU_018095,79.64172186491469
STU_018096,58.20619104893491
STU_018097,88.66202603493923
STU_018098,62.85490064693528
STU_018099,71.85508226302386
STU_018100,91.6514662102269
STU_018101,79.0715748406319
STU_018102,55.38169607709867
STU_018103,98.26399841991103
STU_018104,59.81542887013292
STU_018105,58.96501345046917
STU_018106,74.58168954785063
STU_018107,78.09301134977594
STU_018108,72.5821137705836
STU_018109,86.49111398043954
STU_018110,77.05595859256726
STU_018111,77.4365851423508
STU_018112,67.77746469513448
STU_018113,56.44895369808012
STU_018114,92.17744775000021
STU_018115,74.68695724916896
STU_018116,63.914993204645484
STU_018117,84.54954967272681
STU_018118,72.5042424620577
STU_018119,97.25644825242739
STU_018120,62.99781411466026
STU_018121,98.63186256854516
STU_018122,80.18102107431932
STU_018123,72.32292948314193
STU_018124,83.08808397229362
STU_018125,67.69414162481245
STU_018126,46.1448344399302
STU_018127,69.31704998086488
STU_018128,48.81053227931824
STU_018129,82.65029734120242
STU_018130,92.99563233049861
STU_018131,72.71990963056606
STU_018132,98.95935559239797
STU_018133,78.97973740810974
STU_018134,99.92955491231476
STU_018135,99.65593658200201
STU_018136,47.665261272364845
STU_018137,65.09897965369456
STU_018138,95.95445675559742
STU_018139,80.8212729511446
STU_018140,48.85063269342535
STU_018141,70.12186297577
STU_018142,80.0102838210527
STU_018143,57.16650450753282
STU_018144,58.76396627634256
STU_018145,77.51978009552765
STU_018146,52.746362347025425
STU_018147,87.07769767275357
STU_018148,75.83642645395514
STU_018149,61.86302584860398
STU_018150,80.36865536342629
STU_018151,68.91219953085064
STU_018152,56.13552639176611
STU_018153,82.77874397307264
STU_018154,64.03365149507998
STU_018155,90.3366313985562
STU_018156,99.00201382316152
STU_018157,51.318414189389095
STU_018158,64.60763039986229
STU_018159,68.5315453472457
STU_018160,62.47490020973005
STU_018161,85.09725532642071
STU_018162,64.46505654055656
STU_018163,98.51646057245847
STU_018164,73.76581047262198
STU_018165,52.228064486910924
STU_018166,79.92534010764092
STU_018167,73.59057431265515
STU_018168,79.59504386823602
STU_018169,65.87667606256133
STU_018170,46.17357316418057
STU_018171,64.95944514271908
STU_018172,83.48393830905803
STU_018173,68.97142555021952
STU_018174,82.98924225640422
STU_018175,76.07759709397209
STU_018176,79.40556505458692
STU_018177,76.33997215847435
STU_018178,72.3232770926072
STU_018179,66.35376077120975
STU_018180,93.85297917796719
STU_018181,75.67769914771989
STU_018182,74.76277566209387
STU_018183,75.38387535776911
STU_018184,59.74665705449596
STU_018185,61.739891462857734
STU_018186,93.13070373588803
STU_018187,61.17322231027822
STU_018188,89.42059435000826
STU_018189,75.81634031827744
STU_018190,67.15686534654566
STU_018191,80.63687229422919
STU_018192,74.61654805805387
STU_018193,78.55301979301058
STU_018194,71.74377769380882
STU_018195,81.76104133562168
STU_018196,55.79608597571161
STU_018197,90.99322396057234
STU_018198,78.14980243671167
STU_018199,74.10606971340613
STU_018200,86.13416416650594
STU_018201,69.37995252152764
STU_018202,41.17824812243907
STU_018203,79.72955498715032
STU_018204,73.05700890244799
STU_018205,68.1228839412861
STU_018206,70.61435104403014
STU_018207,78.80045678435863
STU_018208,77.72707300845441
STU_018209,57.562532339445156
STU_018210,84.7295846776787
STU_018211,99.5683823721446
STU_018212,72.39758772372157
STU_018213,54.791448115127736
STU_018214,80.0207976811661
STU_018215,74.06008853634272
STU_018216,76.99372527388175
STU_018217,57.18796149545753
STU_018218,74.61505740716908
STU_018219,86.80670776096251
STU_018220,79.38341009517299
STU_018221,95.67407200114349
STU_018222,88.6934889492328
STU_018223,85.84740300338427
STU_018224,84.41810892524944
STU_018225,72.47510679176949
STU_018226,78.87909320573263
STU_018227,76.80583513283764
STU_018228,80.76533174230616
STU_018229,71.46859737020998
STU_018230,84.26338078040268
STU_018231,71.83907966870814
STU_018232,59.50391236587181
STU_018233,59.40423840072632
STU_018234,93.34198560210798
STU_018235,82.44242693309586
STU_018236,98.77563355816162
STU_018237,56.54575323376939
STU_018238,68.99149078593419
STU_018239,89.80402313734673
STU_018240,56.28531065925017
STU_018241,92.44252963140254
STU_018242,72.69493964898227
STU_018243,78.62667379438096
STU_018244,95.3412308462288
STU_018245,68.90076045425027
STU_018246,73.88154605230861
STU_018247,55.34241783910083
STU_018248,74.64077974941652
STU_018249,71.92746208494174
STU_018250,72.20454930043229
STU_018251,70.01940301044866
STU_018252,94.7190157291868
STU_018253,55.32319920981836
STU_018254,88.27931488359758
STU_018255,74.54683154400077
STU_018256,91.99480368841422
STU_018257,76.90285736426449
STU_018258,83.08638725289573
STU_018259,84.7973302026314
STU_018260,85.60644361548667
STU_018261,75.1467215292117
STU_018262,55.72068298335152
STU_018263,78.46324459154897
STU_018264,77.68613706748556
STU_018265,80.57365190813562
STU_018266,87.78643784756663
STU_018267,69.91196541461203
STU_018268,83.3308139119093
STU_018269,64.6864351233236
STU_018270,64.25706422669549
STU_018271,68.69466644260538
STU_018272,46.665913474605
STU_018273,98.60075248020345
STU_018274,65.18605095500756
STU_018275,89.00994660890538
STU_018276,85.18700145002535
STU_018277,82.56548986127459
STU_018278,78.24133387998103
STU_018279,53.72512572171392
STU_018280,83.81571940032408
STU_018281,98.58731479147826
STU_018282,69.11491888273457
STU_018283,60.27926156176209
STU_018284,69.85153195084382
STU_018285,93.09977891185235
STU_018286,64.81015111464147
STU_018287,93.65747064573321
STU_018288,64.89865626511785
STU_018289,89.97537785661036
STU_018290,67.51216041361764
STU_018291,72.51670240136596
STU_018292,79.53112540973923
STU_018293,75.35369704171839
STU_018294,83.68916621570116
STU_018295,48.13294554051746
STU_018296,88.45977649259635
STU_018297,77.32769194851525
STU_018298,98.24803987916293
STU_018299,61.77384012961619
STU_018300,83.55459413268821
STU_018301,62.64148888858571
STU_018302,66.35016199517094
STU_018303,99.30485064393018
STU_018304,63.47752171013443
STU_018305,55.519460791206996
STU_018306,60.6146448960217
STU_018307,75.43070699320299
STU_018308,84.43587251817291
STU_018309,69.49675410207583
STU_018310,92.42992123059949
STU_018311,66.48850280046366
STU_018312,71.67476808759145
STU_018313,84.8721997225253
STU_018314,68.62702818268289
STU_018315,96.81158170257102
STU_018316,71.5367248414733
STU_018317,90.59119886008872
STU_018318,55.532071853409064
STU_018319,57.53960572844078
STU_018320,87.44418727262547
STU_018321,90.08928473706591
STU_018322,77.02913143344004
STU_018323,99.89878246593679
STU_018324,58.3244935737549
STU_018325,77.75170456068395
STU_018326,76.6050532924927
STU_018327,86.76356167659988
STU_018328,72.47426583024414
STU_018329,72.39250608152686
STU_018330,50.36888297155993
STU_018331,84.17431206023261
STU_018332,91.60815938255737
STU_018333,59.54431133581684
STU_018334,86.17605134639152
STU_018335,57.057400238763336
STU_018336,76.92264363081114
STU_018337,70.43450761314324
STU_018338,70.43011808068475
STU_018339,83.05995441033845
STU_018340,87.07990828230787
STU_018341,65.33402883508738
STU_018342,59.521255092715265
STU_018343,59.447565167675236
STU_018344,86.33449953499232
STU_018345,71.95483449541717
STU_018346,70.56494514508192
STU_018347,73.2213947003801
STU_018348,99.14000232792394
STU_018349,77.74317058856366
STU_018350,84.68887087225559
STU_018351,77.12989740737989
STU_018352,88.38634888397351
STU_018353,80.98081420586382
STU_018354,98.82375512756383
STU_018355,70.45401728715768
STU_018356,72.37388464291664
STU_018357,68.78826734871939
STU_018358,77.36479510078301
STU_018359,99.40209093315679
STU_018360,92.00942600160016
STU_018361,46.3948364758138
STU_018362,71.28093379786552
STU_018363,45.05120396092698
STU_018364,91.63999538804802
STU_018365,93.86990701112367
STU_018366,58.88803816647223
STU_018367,79.21174321197674
STU_018368,64.73498747103436
STU_018369,82.04617229499166
STU_018370,55.92364298208273
STU_018371,86.440877694659
STU_018372,89.03728980013909
STU_018373,58.3560147289525
STU_018374,75.09078230400182
STU_018375,66.6758865981108
STU_018376,80.32059948501086
STU_018377,90.21115456191268
STU_018378,94.13459666413884
STU_018379,49.99694265177695
STU_018380,82.48987606631431
STU_018381,71.9579614665582
STU_018382,90.16889687663544
STU_018383,89.21799796844195
STU_018384,63.076875756162494
STU_018385,97.23486470240222
STU_018386,76.33316209890864
STU_018387,84.19563785231139
STU_018388,96.74309244754008
STU_018389,61.409308839422835
STU_018390,52.283489866979735
STU_018391,78.73531913050473
STU_018392,99.56492202592746
STU_018393,78.54941216997987
STU_018394,82.59660233296054
STU_018395,77.82517135778784
STU_018396,60.20382756370847
STU_018397,66.26486962469468
STU_018398,80.8343247627044
STU_018399,99.82793100491949
STU_018400,72.46722742664622
STU_018401,82.51922744598737
STU_018402,75.23118081035884
STU_018403,88.13432462611651
STU_018404,85.79537977424889
STU_018405,86.66935593401087
STU_018406,65.90758973133349
STU_018407,98.50264828585313
STU_018408,86.42887102192581
STU_018409,59.4350210632218
STU_018410,94.10511441149772
STU_018411,72.36128924883212
STU_018412,75.12993457683456
STU_018413,95.12100267470709
STU_018414,99.54511910976024
STU_018415,74.19958272486707
STU_018416,81.91323172424696
STU_018417,60.31663864546376
STU_018418,96.80669525181551
STU_018419,76.75487843476932
STU_018420,88.55636161868571
STU_018421,93.3538860723392
STU_018422,90.55095874204507
STU_018423,82.87181313775287
STU_018424,55.97497660550309
STU_018425,94.94973061861073
STU_018426,77.32752827128724
STU_018427,82.56941308891466
STU_018428,73.89003913458924
STU_018429,94.22372131859595
STU_018430,62.647614034367386
STU_018431,79.19345844338781
STU_018432,96.17379652656197
STU_018433,70.52893462758007
STU_018434,77.9606156904006
STU_018435,65.51661522388609
STU_018436,74.79103910732218
STU_018437,87.78401606191481
STU_018438,64.48597128329615
STU_018439,99.8507051307671
STU_018440,79.14694820587037
STU_018441,71.04388709912529
STU_018442,76.64295387543478
STU_018443,57.34755996535628
STU_018444,68.00346945494746
STU_018445,96.21157916073895
STU_018446,79.09510182225922
STU_018447,93.74960202075924
STU_018448,64.23776707375863
STU_018449,97.73788184426563
STU_018450,68.89677145915184
STU_018451,68.33280402785752
STU_018452,57.07101610398864
STU_018453,66.32111967354055
STU_018454,50.74315475104646
STU_018455,51.77053261240786
STU_018456,75.06946999192351
STU_018457,57.93727188608898
STU_018458,73.69783313249852
STU_018459,60.2346926352485
STU_018460,70.02045181602438
STU_018461,94.7487035521375
STU_018462,52.661773525763714
STU_018463,79.91368154967512
STU_018464,64.10563939422426
STU_018465,80.00145206545477
STU_018466,60.65746605308077
STU_018467,86.99962658231618
STU_018468,74.37476370894348
STU_018469,78.45185957695037
STU_018470,89.09274447934555
STU_018471,85.79309330008684
STU_018472,58.69510650694885
STU_018473,81.13531784983527
STU_018474,89.61064134138527
STU_018475,76.08938235209249
STU_018476,77.33406645647806
STU_018477,44.65680056675515
STU_018478,99.81389173669457
STU_018479,91.96182498897068
STU_018480,87.93811139690914
STU_018481,72.68729291093662
STU_018482,63.83423224040991
STU_018483,90.01421555902164
STU_018484,85.61929901692241
STU_018485,66.75181892824608
STU_018486,72.79517182557166
STU_018487,58.40526432341079
STU_018488,78.71147762830643
STU_018489,58.102233917426084
STU_018490,72.24692800149947
STU_018491,82.8089971578099
STU_018492,77.62446197996806
STU_018493,85.53386196943
STU_018494,78.19772226460628
STU_018495,84.1528530468181
STU_018496,65.3546422833449
STU_018497,93.88645432247404
STU_018498,66.47563447038901
STU_018499,67.04226741202689
STU_018500,77.45341348604241
STU_018501,99.8197962050975
STU_018502,67.73493830326433
STU_018503,45.352455024598825
STU_018504,99.34829910199713
STU_018505,72.25356387774619
STU_018506,81.4349983114229
STU_018507,74.22828142679396
STU_018508,82.09886087538598
STU_018509,57.80818085267456
STU_018510,82.00286475857934
STU_018511,74.52493034824901
STU_018512,82.33847295153625
STU_018513,78.89620152561281
STU_018514,61.42416744523408
STU_018515,66.53772876774407
STU_018516,61.450209619688366
STU_018517,83.1512856678503
STU_018518,59.87320105509089
STU_018519,57.58829158692254
STU_018520,90.94301066650998
STU_018521,73.51896648340026
STU_018522,85.3150635043275
STU_018523,84.7283922760938
STU_018524,92.29472430679135
STU_018525,74.0958772653998
STU_018526,60.67712375257456
STU_018527,87.28067239920654
STU_018528,89.47911520926274
STU_018529,76.8983475589082
STU_018530,75.8665988276493
STU_018531,88.64940120597356
STU_018532,66.80390601977913
STU_018533,69.05652617225013
STU_018534,62.982075439137546
STU_018535,88.19988417357206
STU_018536,99.35455928898914
STU_018537,84.0400973055666
STU_018538,72.52726113503498
STU_018539,58.868717567288556
STU_018540,78.86605914071144
STU_018541,66.59768494138021
STU_018542,93.93649396056682
STU_018543,70.70189692766188
STU_018544,76.13701711692602
STU_018545,70.37937845684678
STU_018546,94.72306778940201
STU_018547,73.00424190224771
STU_018548,91.59566116266994
STU_018549,85.65489583698186
STU_018550,81.32257291423556
STU_018551,72.65471311800233
STU_018552,65.20688838935699
STU_018553,65.72496209608727
STU_018554,62.02253484663183
STU_018555,57.044841041890656
STU_018556,80.78266107667041
STU_018557,62.082074352089734
STU_018558,65.26406739802553
STU_018559,68.21469016877356
STU_018560,78.02810695375705
STU_018561,77.13165067834296
STU_018562,81.85080085797696
STU_018563,75.48029628191745
STU_018564,83.86450717429247
STU_018565,62.01477112029106
STU_018566,69.44220122499524
STU_018567,91.19458410767277
STU_018568,81.4243413269881
STU_018569,83.58297333860415
STU_018570,72.60310458249464
STU_018571,88.79468927988455
STU_018572,59.799316617746335
STU_018573,84.67234882594775
STU_018574,73.50760015042562
STU_018575,71.51346954572409
STU_018576,76.42318989041172
STU_018577,68.92112535487786
STU_018578,80.50265227399925
STU_018579,51.84716917768105
STU_018580,99.21936565496289
STU_018581,71.22269574284422
STU_018582,80.11180776135441
STU_018583,95.1648119949428
STU_018584,85.9296148690037
STU_018585,70.30454695224813
STU_018586,91.4830346619675
STU_018587,96.49441023913084
STU_018588,52.46305373848709
STU_018589,83.34402575954448
STU_018590,72.90157341507468
STU_018591,89.71880307888578
STU_018592,43.40404067202961
STU_018593,86.69803645273531
STU_018594,65.2127889455347
STU_018595,73.50654447863369
STU_018596,60.046149356240235
STU_018597,73.33571068659137
STU_018598,64.87293787297088
STU_018599,56.84073418750338
STU_018600,85.06537453783466
STU_018601,64.13545465834596
STU_018602,69.18542438851198
STU_018603,70.92626848510824
STU_018604,75.69366618888748
STU_018605,44.91867603069717
STU_018606,71.55267520413835
STU_018607,92.06568710378818
STU_018608,93.09927874244377
STU_018609,87.73323052271326
STU_018610,99.86368261297865
STU_018611,65.36065835129337
STU_018612,75.34680551413636
STU_018613,83.57281180740785
STU_018614,75.34241652652388
STU_018615,54.42382516891023
STU_018616,81.50135497382114
STU_018617,71.38732808499182
STU_018618,63.543248077582334
STU_018619,71.48453503600746
STU_018620,91.22135484261298
STU_018621,58.170892990419915
STU_018622,78.20761116902628
STU_018623,71.66109842315984
STU_018624,77.90464845660034
STU_018625,84.03736985409434
STU_018626,69.19411279734489
STU_018627,70.03855458736783
STU_018628,62.09286505576618
STU_018629,68.83011874769858
STU_018630,63.372202755297664
STU_018631,93.52893162731408
STU_018632,92.56717259822537
STU_018633,70.35780709840661
STU_018634,63.14644221437433
STU_018635,72.18020771316722
STU_018636,78.32248601979151
STU_018637,69.27484412270627
STU_018638,98.94417622636524
STU_018639,91.1644363615512
STU_018640,72.3510686811084
STU_018641,56.297310718471095
STU_018642,81.11727039316214
STU_018643,63.77460625451884
STU_018644,61.675414919077554
STU_018645,94.59690920704634
STU_018646,66.26193118443274
STU_018647,99.27466814293405
STU_018648,54.101970073045784
STU_018649,55.11622689665096
STU_018650,75.20081014560098
STU_018651,64.3087050933997
STU_018652,88.40069801107649
STU_018653,80.88551513935707
STU_018654,80.4603604043903
STU_018655,65.10120995130093
STU_018656,71.56915628158713
STU_018657,91.66976622885056
STU_018658,85.24407681896523
STU_018659,82.35865752875105
STU_018660,72.25850153986767
STU_018661,56.598828938667936
STU_018662,62.447111563540936
STU_018663,79.13891552083517
STU_018664,45.99316958223061
STU_018665,68.14625106490615
STU_018666,63.3594046993737
STU_018667,64.10594516553174
STU_018668,48.87535621336572
STU_018669,75.88534360311064
STU_018670,72.76336190909576
STU_018671,60.768401222121035
STU_018672,78.63112764996109
STU_018673,58.58999113115685
STU_018674,66.64194423402881
STU_018675,74.83402832443994
STU_018676,67.26496520891143
STU_018677,69.81437409630985
STU_018678,88.0290036695072
STU_018679,88.58676567172147
STU_018680,60.59111709766612
STU_018681,82.38008852228651
STU_018682,89.24996998473165
STU_018683,76.23519229073642
STU_018684,85.8438467240157
STU_018685,70.61724493001427
STU_018686,87.35250454598238
STU_018687,76.94718999913772
STU_018688,67.81317314145181
STU_018689,87.60571595947386
STU_018690,71.77341577099256
STU_018691,68.69319313040387
STU_018692,74.16582984003747
STU_018693,72.52145558387869
STU_018694,85.35234570962982
STU_018695,78.71621472856671
STU_018696,67.64697039308425
STU_018697,79.57034183006942
STU_018698,92.71972657728243
STU_018699,62.880652825913764
STU_018700,99.94804643110251
STU_018701,69.64766593975199
STU_018702,83.06730478066828
STU_018703,72.1570128891448
STU_018704,91.13044205796795
STU_018705,71.51318603569307
STU_018706,92.62698793681633
STU_018707,64.41230202875032
STU_018708,69.81364325106759
STU_018709,95.87070815886733
STU_018710,82.43530808083112
STU_018711,61.60873673296929
STU_018712,92.67883809807293
STU_018713,72.75168221464898
STU_018714,77.95218489785003
STU_018715,99.05291622865126
STU_018716,66.49172325925187
STU_018717,73.3199265598438
STU_018718,61.98608381845657
STU_018719,85.25925547702104
STU_018720,76.21910413698774
STU_018721,90.56500991117947
STU_018722,58.41866808150989
STU_018723,59.634690891245434
STU_018724,69.17640784906303
STU_018725,77.3230197795171
STU_018726,68.00930831325337
STU_018727,87.11237297231344
STU_018728,75.0944908192826
STU_018729,93.02991830738794
STU_018730,85.4013378374729
STU_018731,64.52697207635161
STU_018732,76.39419806970669
STU_018733,94.96526937051487
STU_018734,76.84212947412945
STU_018735,76.50157662772409
STU_018736,59.42199262099638
STU_018737,75.6106173773074
STU_018738,73.42536209687134
STU_018739,81.05951520414828
STU_018740,68.86066046039377
STU_018741,46.85077465995755
STU_018742,97.1167238325439
STU_018743,62.33687113900138
STU_018744,99.58473302387694
STU_018745,76.81924994374957
STU_018746,67.51631557919566
STU_018747,91.14225991203006
STU_018748,54.45021721429876
STU_018749,57.00368003589746
STU_018750,84.64389336718614
STU_018751,88.06870783960696
STU_018752,57.20588568478445
STU_018753,59.724865648341606
STU_018754,92.1129355436934
STU_018755,90.40609522633477
STU_018756,70.24355489102014
STU_018757,88.8905728344536
STU_018758,89.63246495331242
STU_018759,95.02942962543054
STU_018760,70.7757796913624
STU_018761,72.52509757732938
STU_018762,83.21349006553866
STU_018763,64.6208194912139
STU_018764,82.41720806665938
STU_018765,77.21041280056755
STU_018766,64.88217603374159
STU_018767,83.507952423916
STU_018768,76.27334249126127
STU_018769,50.85973916122862
STU_018770,83.1012021120649
STU_018771,69.01787456053484
STU_018772,92.7934275549377
STU_018773,78.75069542157252
STU_018774,61.77061731866916
STU_018775,82.246188187354
STU_018776,87.01392018529074
STU_018777,52.59284369456277
STU_018778,99.071123835262
STU_018779,92.19232938033626
STU_018780,62.67373189976996
STU_018781,92.67036669981096
STU_018782,97.73282087335895
STU_018783,83.41526225562731
STU_018784,82.38566807943909
STU_018785,83.86461988505792
STU_018786,76.6486249808963
STU_018787,54.62039068639229
STU_018788,65.56728987342687
STU_018789,73.36284718721166
STU_018790,90.48993690162166
STU_018791,71.86451421565002
STU_018792,60.19331358043863
STU_018793,62.15837342908757
STU_018794,61.561722890187255
STU_018795,97.01996367643628
STU_018796,55.7717215162934
STU_018797,63.182600963707245
STU_018798,63.58305867657619
STU_018799,82.32981209529788
STU_018800,85.22137418425245
STU_018801,85.67633460018695
STU_018802,67.08102710218013
STU_018803,68.37831979938056
STU_018804,54.88703491654397
STU_018805,64.8402727464368
STU_018806,84.83716942681818
STU_018807,75.65889385251418
STU_018808,62.176232723300274
STU_018809,85.76789749490095
STU_018810,80.70968153005722
STU_018811,51.113213415023125
STU_018812,84.77479599568125
STU_018813,70.77084922492007
STU_018814,44.46793424273454
STU_018815,87.41653102898314
STU_018816,66.19605716091554
STU_018817,67.39562702552959
STU_018818,86.70671260004282
STU_018819,69.8854139436639
STU_018820,92.9007696138797
STU_018821,80.38338943226171
STU_018822,76.15087189740964
STU_018823,96.7682464770428
STU_018824,65.14428587151562
STU_018825,70.83603456469078
STU_018826,71.36456210675095
STU_018827,73.80468846566195
STU_018828,69.86886862744917
STU_018829,56.75800792080277
STU_018830,85.68760631062963
STU_018831,87.75654575012608
STU_018832,84.2323574530376
STU_018833,59.64605072369749
STU_018834,52.82047216568652
STU_018835,63.918480577741384
STU_018836,80.61656163609675
STU_018837,70.9962776226109
STU_018838,61.500938291533046
STU_018839,86.13280164881854
STU_018840,83.88052962232724
STU_018841,90.2887094841986
STU_018842,77.39496284961125
STU_018843,75.33544913321262
STU_018844,66.77701656910564
STU_018845,80.86158019719032
STU_018846,98.96523400069282
STU_018847,98.5393997180551
STU_018848,78.57034029203088
STU_018849,70.48602506620048
STU_018850,77.1231885967783
STU_018851,62.49508290183337
STU_018852,55.12955555007161
STU_018853,62.82357203255616
STU_018854,72.80132281884019
STU_018855,76.83294902368036
STU_018856,64.09114946882829
STU_018857,87.94390762474256
STU_018858,82.9906174439356
STU_018859,94.9043298838217
STU_018860,72.62826833638029
STU_018861,75.59256603963505
STU_018862,95.3361772178002
STU_018863,68.48297041061352
STU_018864,60.37990819470063
STU_018865,77.88818867718595
STU_018866,74.69786451183815
STU_018867,66.4780440905975
STU_018868,79.13354829051286
STU_018869,73.84418937141415
STU_018870,88.99510243909464
STU_018871,97.41636074124315
STU_018872,81.88089408309673
STU_018873,73.85488408619972
STU_018874,87.94303400234341
STU_018875,98.58264676074015
STU_018876,65.84738808689045
STU_018877,60.14827562038034
STU_018878,94.87894154561499
STU_018879,85.58462614304918
STU_018880,78.44664583098711
STU_018881,63.731196417013464
STU_018882,71.5408959590018
STU_018883,74.08612324543068
STU_018884,93.96308299594394
STU_018885,56.20025609078363
STU_018886,88.32963682108593
STU_018887,66.44617820238578
STU_018888,90.26752554741438
STU_018889,60.96752881389033
STU_018890,43.88398344587941
STU_018891,73.05687762639907
STU_018892,79.339246222171
STU_018893,82.91364977265793
STU_018894,99.04266137968739
STU_018895,76.17923519431493
STU_018896,85.73787709941143
STU_018897,71.63950346161532
STU_018898,66.71743104610117
STU_018899,70.26430942596981
STU_018900,74.23350592440491
STU_018901,79.49833333264029
STU_018902,96.63129523365559
STU_018903,86.09876113515563
STU_018904,79.10477452352748
STU_018905,64.11790195210362
STU_018906,79.39417027884679
STU_018907,75.62526141252728
STU_018908,70.3914991248804
STU_018909,76.9677792594837
STU_018910,71.32149817848179
STU_018911,60.068128185284365
STU_018912,84.28239298663576
STU_018913,66.9234315995343
STU_018914,68.81409251225963
STU_018915,81.71197830702252
STU_018916,62.43745487888252
STU_018917,83.72354726213618
STU_018918,92.2540214631749
STU_018919,80.27764442148793
STU_018920,56.81938203988374
STU_018921,75.72197630267965
STU_018922,65.04737183903478
STU_018923,99.49226975483367
STU_018924,65.94091502590643
STU_018925,72.74325178115711
STU_018926,82.70936362794993
STU_018927,75.07929066298546
STU_018928,71.97413581804179
STU_018929,71.72419616850772
STU_018930,55.37438733908213
STU_018931,62.86281638725309
STU_018932,49.02693250969819
STU_018933,73.35247467330743
STU_018934,78.8533223417339
STU_018935,69.12568875565233
STU_018936,70.79994805510331
STU_018937,86.0816440190769
STU_018938,82.74643270888531
STU_018939,67.22821045884834
STU_018940,80.7577802334779
STU_018941,87.9832614933015
STU_018942,56.81907540884942
STU_018943,77.7384664486336
STU_018944,75.26697002915799
STU_018945,77.40300586077177
STU_018946,80.72709285065663
STU_018947,69.14150290697839
STU_018948,70.04335022596305
STU_018949,71.51227997591965
STU_018950,84.2892154150027
STU_018951,67.6799641852751
STU_018952,62.783535399969686
STU_018953,72.60952830904793
STU_018954,77.72709874483786
STU_018955,77.97739247772549
STU_018956,57.00906447295838
STU_018957,74.27074089326607
STU_018958,83.58196744271564
STU_018959,80.17882535490092
STU_018960,73.24212449447921
STU_018961,65.3625485381052
STU_018962,79.53460180741173
STU_018963,93.04210746028349
STU_018964,66.05793315170706
STU_018965,87.4082768379547
STU_018966,94.20108947586824
STU_018967,94.85557924082596
STU_018968,77.0124664753601
STU_018969,76.20116863386619
STU_018970,89.57712079667257
STU_018971,59.671361925492754
STU_018972,77.90972271023486
STU_018973,87.16013988748473
STU_018974,58.94481869796105
STU_018975,85.92051369404301
STU_018976,73.42070150928245
STU_018977,89.34765332674209
STU_018978,85.53724794452111
STU_018979,56.58656101727946
STU_018980,74.67510587697402
STU_018981,55.716365000915445
STU_018982,76.5269048189571
STU_018983,75.17799509977031
STU_018984,72.66347917986349
STU_018985,77.58329112085022
STU_018986,80.09766767324253
STU_018987,81.73854543175003
STU_018988,70.35978184105723
STU_018989,83.62269781252118
STU_018990,84.74662602570862
STU_018991,62.89726460091058
STU_018992,80.57854007696281
STU_018993,80.46092331062718
STU_018994,85.8064442315705
STU_018995,94.52317999726453
STU_018996,64.00902073847892
STU_018997,70.89277983485435
STU_018998,77.51088263679085
STU_018999,93.05048248188234
STU_019000,74.61903962896841
STU_019001,61.43689724233247
STU_019002,73.71037884884882
STU_019003,92.28152824135728
STU_019004,79.52954575128192
STU_019005,95.51907917117413
STU_019006,93.54668420633286
STU_019007,99.91801582043645
STU_019008,76.31971502542244
STU_019009,99.42449874639675
STU_019010,47.16742664839183
STU_019011,81.14249307922172
STU_019012,74.71380641816768
STU_019013,58.58031311819747
STU_019014,99.90150975538236
STU_019015,53.29517457060159
STU_019016,63.94473978078738
STU_019017,95.75764678458195
STU_019018,73.47413997868237
STU_019019,72.18247443239855
STU_019020,98.27605162683918
STU_019021,46.58486787671209
STU_019022,71.37683387548884
STU_019023,89.63654858731202
STU_019024,75.2129883640666
STU_019025,95.34314083834992
STU_019026,98.48929900596431
STU_019027,76.7583432026959
STU_019028,57.71375071609849
STU_019029,59.791345110627404
STU_019030,71.78863137245023
STU_019031,80.85149020032775
STU_019032,82.14466416763199
STU_019033,77.22943201012714
STU_019034,69.47095867209187
STU_019035,83.80798284300707
STU_019036,93.55186549571978
STU_019037,86.82392603761522
STU_019038,67.3102920558084
STU_019039,80.89245176999827
STU_019040,71.07436645178831
STU_019041,77.81450487250044
STU_019042,79.11785948817186
STU_019043,86.18708784019172
STU_019044,85.74475881802479
STU_019045,74.15886787105248
STU_019046,63.012096872165685
STU_019047,47.20824176814932
STU_019048,85.17397219003672
STU_019049,55.45896433137165
STU_019050,88.37458816357238
STU_019051,62.46013920661167
STU_019052,71.0878896125561
STU_019053,78.3734291333202
STU_019054,73.58008076063022
STU_019055,49.410374004868245
STU_019056,83.87831338608406
STU_019057,79.83143452602816
STU_019058,84.43453443663103
STU_019059,48.94042790340218
STU_019060,65.34214817165821
STU_019061,49.467341331333586
STU_019062,86.35758717094615
STU_019063,73.42699650928853
STU_019064,61.89035064880045
STU_019065,95.83452866680588
STU_019066,60.54685443346105
STU_019067,79.9868482295836
STU_019068,64.8167382305987
STU_019069,59.92707658977626
STU_019070,73.53864942200036
STU_019071,63.006955547943754
STU_019072,99.68835923440778
STU_019073,62.57600043682772
STU_019074,66.44966789713337
STU_019075,60.89216439808171
STU_019076,59.123453665261536
STU_019077,96.71544782802455
STU_019078,95.63934523397332
STU_019079,89.04122248730809
STU_019080,54.91617732111557
STU_019081,83.55909750275057
STU_019082,86.09509833416593
STU_019083,60.84881351520414
STU_019084,55.2980237666365
STU_019085,59.71533951552108
STU_019086,50.53878144015934
STU_019087,76.2329933033601
STU_019088,70.89267866531004
STU_019089,86.58792413343967
STU_019090,92.41317347173856
STU_019091,78.65796538530313
STU_019092,83.83130333723507
STU_019093,73.57941563597727
STU_019094,86.41544371067062
STU_019095,75.65552330496709
STU_019096,82.1475024830475
STU_019097,85.15176969970997
STU_019098,58.44226319550129
STU_019099,67.22409995775006
STU_019100,68.8287529804829
STU_019101,60.420768386379365
STU_019102,75.5185878184844
STU_019103,87.08476815921412
STU_019104,64.29911321564045
STU_019105,65.4290926132307
STU_019106,60.825109524213914
STU_019107,87.3380500489814
STU_019108,70.30405062182052
STU_019109,99.06528971907642
STU_019110,94.400125038206
STU_019111,77.32217506994081
STU_019112,99.1702965252156
STU_019113,82.84170222558781
STU_019114,97.851110410263
STU_019115,85.348150111636
STU_019116,86.73853100550893
STU_019117,61.87515690130458
STU_019118,80.14078576710193
STU_019119,74.76058500031905
STU_019120,62.64330445891278
STU_019121,96.05335937391845
STU_019122,83.1518809982517
STU_019123,68.61161575445112
STU_019124,96.50948437152495
STU_019125,73.0178454060034
STU_019126,72.14819320766023
STU_019127,73.40748133865125
STU_019128,91.6033482434761
STU_019129,60.82427665029418
STU_019130,59.368049834202
STU_019131,79.74482835349619
STU_019132,90.68255254674742
STU_019133,54.54812867121609
STU_019134,65.97026311859277
STU_019135,98.92799801651047
STU_019136,93.23065014244901
STU_019137,59.191074585905135
STU_019138,90.06983386178692
STU_019139,88.09605528830582
STU_019140,81.9001202229042
STU_019141,95.16004372444256
STU_019142,84.03848184718623
STU_019143,78.85019274520454
STU_019144,76.6941521983641
STU_019145,65.78174243953694
STU_019146,93.67880099322025
STU_019147,72.80035549950627
STU_019148,98.22945229977404
STU_019149,76.74755357184674
STU_019150,76.36453681028021
STU_019151,95.6497632923223
STU_019152,45.205703944165386
STU_019153,65.79417499859045
STU_019154,93.26109235229319
STU_019155,99.81096524656289
STU_019156,83.06590092789014
STU_019157,92.26804417079492
STU_019158,50.950114820927126
STU_019159,69.49726536538275
STU_019160,63.664358490254855
STU_019161,60.69966912212534
STU_019162,62.79763008358478
STU_019163,72.67329722212335
STU_019164,71.00427267583504
STU_019165,75.6267975169588
STU_019166,94.97691666483801
STU_019167,90.11753109636194
STU_019168,84.25910853951646
STU_019169,73.49988224046979
STU_019170,86.66042374795683
STU_019171,76.25910812703634
STU_019172,81.6364158929605
STU_019173,80.87329769976105
STU_019174,58.789408595970606
STU_019175,74.29009584398355
STU_019176,76.31344690061161
STU_019177,97.1661292071069
STU_019178,37.79858786220097
STU_019179,79.12614246741231
STU_019180,72.66135379407046
STU_019181,94.89121848842471
STU_019182,56.57887617701998
STU_019183,96.12588714911611
STU_019184,90.86472012168979
STU_019185,96.3938057355215
STU_019186,98.30455367560471
STU_019187,73.42945399078505
STU_019188,98.81247003030684
STU_019189,90.51713304626162
STU_019190,73.111241134077
STU_019191,64.63763422063784
STU_019192,98.21749555064568
STU_019193,66.77221707221857
STU_019194,72.6397115772784
STU_019195,81.90293433567477
STU_019196,82.25463812792842
STU_019197,91.97070701037426
STU_019198,74.44345599715462
STU_019199,99.51151869537105
STU_019200,65.77450156292323
STU_019201,88.47306092681029
STU_019202,78.37551102335549
STU_019203,52.877707948166375
STU_019204,61.45451027771371
STU_019205,81.5060371999317
STU_019206,46.08269246764811
STU_019207,68.00208455574501
STU_019208,69.54575907720928
STU_019209,73.70095746283178
STU_019210,58.39024852349024
STU_019211,64.40967197935194
STU_019212,70.33725744357758
STU_019213,70.05591272635259
STU_019214,72.41761957291521
STU_019215,98.71790484462767
STU_019216,67.52595840706
STU_019217,73.44291692718949
STU_019218,50.172074282995865
STU_019219,80.89212333475598
STU_019220,75.45765080388134
STU_019221,64.51517482511466
STU_019222,82.16953678549652
STU_019223,75.37160964994088
STU_019224,96.37313841335134
STU_019225,54.54590767064563
STU_019226,56.555794777478134
STU_019227,64.29949130153454
STU_019228,59.061599994469596
STU_019229,76.5615703867891
STU_019230,65.36634793030805
STU_019231,89.10348852840472
STU_019232,91.32595624743517
STU_019233,57.74260429970905
STU_019234,66.36557827908551
STU_019235,80.01227720291118
STU_019236,77.06701774528437
STU_019237,76.3399730087356
STU_019238,74.3049449880966
STU_019239,84.11549810779385
STU_019240,81.70394565174351
STU_019241,95.95664966559482
STU_019242,68.82124083338459
STU_019243,87.11681585833023
STU_019244,76.26611679642517
STU_019245,52.905573488084016
STU_019246,58.679052266981344
STU_019247,93.25533861447741
STU_019248,84.75671590423167
STU_019249,95.26116901121173
STU_019250,59.998337502962144
STU_019251,95.47400626443411
STU_019252,72.03848835947798
STU_019253,61.51104822203966
STU_019254,47.206426396926204
STU_019255,66.89713504439663
STU_019256,92.73318136242436
STU_019257,64.46691415623371
STU_019258,51.208674071308366
STU_019259,71.32330070388358
STU_019260,80.30907131473256
STU_019261,67.18594041503849
STU_019262,87.21660105796371
STU_019263,72.15050848405951
STU_019264,71.93759465290199
STU_019265,88.96793928796835
STU_019266,83.32648201879795
STU_019267,55.89926654432686
STU_019268,69.95058839266832
STU_019269,79.07532315819074
STU_019270,87.4940075358293
STU_019271,51.66304363286848
STU_019272,66.50146608840895
STU_019273,97.78988082767958
STU_019274,99.36742580090183
STU_019275,99.46808351817789
STU_019276,58.461394231167
STU_019277,98.24827996703003
STU_019278,84.8479317531509
STU_019279,76.66845632125987
STU_019280,63.35545189035591
STU_019281,86.65733737384377
STU_019282,61.57875711198234
STU_019283,99.7433013113116
STU_019284,82.42389903417344
STU_019285,76.55162998931362
STU_019286,92.85374436900642
STU_019287,76.88662957746763
STU_019288,61.596773706700965
STU_019289,89.12366066074162
STU_019290,80.32783145408806
STU_019291,74.34036031016703
STU_019292,80.08979155413667
STU_019293,64.1884184801977
STU_019294,75.25856674119359
STU_019295,61.97995262039349
STU_019296,66.88412771321018
STU_019297,81.11203371515248
STU_019298,88.86200833396217
STU_019299,92.24471406382632
STU_019300,81.11787607148999
STU_019301,69.69017277558322
STU_019302,80.32018645298321
STU_019303,66.22920958377443
STU_019304,93.02703200068274
STU_019305,69.41611078468853
STU_019306,57.4054862305462
STU_019307,61.55587824263277
STU_019308,52.23271346261322
STU_019309,69.44831788051403
STU_019310,91.52951191074052
STU_019311,88.41537063691814
STU_019312,70.89477946970405
STU_019313,83.77279857626775
STU_019314,87.09409523822868
STU_019315,72.92563985010827
STU_019316,92.17391586135197
STU_019317,75.08739631966807
STU_019318,84.48506523079958
STU_019319,90.24682447951903
STU_019320,98.9564874429338
STU_019321,73.71619371255159
STU_019322,86.9954901152829
STU_019323,70.22206179325308
STU_019324,93.66200645305707
STU_019325,73.51832861808177
STU_019326,94.86563093002545
STU_019327,94.95970835040721
STU_019328,94.88036923032587
STU_019329,91.27702764631502
STU_019330,77.60475372529287
STU_019331,73.23479956960685
STU_019332,70.23718676604591
STU_019333,87.38403292931389
STU_019334,60.4716756021822
STU_019335,66.21409637661273
STU_019336,67.19372854895013
STU_019337,96.97438905293137
STU_019338,63.62233091297122
STU_019339,90.99331159337618
STU_019340,98.55641532049147
STU_019341,75.06913687911015
STU_019342,60.824279584462374
STU_019343,70.42718432815686
STU_019344,63.57905186721135
STU_019345,66.78081031050036
STU_019346,75.61075915416879
STU_019347,53.095881344898714
STU_019348,93.23248096883037
STU_019349,81.1771442907498
STU_019350,59.21316154042486
STU_019351,91.21186969158867
STU_019352,81.05108306301182
STU_019353,84.59182089068756
STU_019354,67.47489685877932
STU_019355,76.19976102407233
STU_019356,56.1601590415632
STU_019357,57.12447078463502
STU_019358,77.15096350574055
STU_019359,85.0823661238327
STU_019360,61.45497311680498
STU_019361,83.74758699486674
STU_019362,58.278517110321296
STU_019363,70.10634199378985
STU_019364,74.1500517587942
STU_019365,87.87474750917116
STU_019366,96.60840107091892
STU_019367,99.76066227914927
STU_019368,75.1177812723964
STU_019369,77.0216911008553
STU_019370,71.42028480035424
STU_019371,82.39573615161044
STU_019372,69.68846887364057
STU_019373,61.883798141415134
STU_019374,67.44261166134739
STU_019375,81.16790531567435
STU_019376,93.79128784710367
STU_019377,92.26128960746036
STU_019378,66.7331547997113
STU_019379,54.64869554381911
STU_019380,90.43102814080609
STU_019381,64.40587970524354
STU_019382,67.4575488187584
STU_019383,84.69060683285647
STU_019384,61.625404896963936
STU_019385,84.46668302324882
STU_019386,69.24649906643685
STU_019387,57.09445580742985
STU_019388,66.06167822037517
STU_019389,98.93356583756841
STU_019390,43.757378730961264
STU_019391,77.89695400930925
STU_019392,77.76274928661674
STU_019393,76.12686798471074
STU_019394,73.43399908961126
STU_019395,78.53650716884353
STU_019396,98.23017891212433
STU_019397,71.83749409899445
STU_019398,57.41381815227441
STU_019399,56.947787211973306
STU_019400,95.89176659866058
STU_019401,63.53859508451227
STU_019402,63.52763135068426
STU_019403,84.03351453038492
STU_019404,87.80925048216542
STU_019405,79.1982945824719
STU_019406,73.31573307305968
STU_019407,63.57636212796868
STU_019408,82.88512060492445
STU_019409,74.57748601444146
STU_019410,72.6518677804417
STU_019411,86.35514742937491
STU_019412,57.45165922811886
STU_019413,73.22687321313308
STU_019414,70.21349755649932
STU_019415,87.34098515002043
STU_019416,82.27045303413736
STU_019417,92.47157672573012
STU_019418,92.6734916331697
STU_019419,71.64565136141836
STU_019420,72.30092103394192
STU_019421,82.71496220343896
STU_019422,77.74652603482478
STU_019423,72.88578726655409
STU_019424,93.63416214559984
STU_019425,60.4944262745782
STU_019426,79.98385493487348
STU_019427,86.89669755067821
STU_019428,93.77693251752775
STU_019429,68.98273610180067
STU_019430,84.4132077898877
STU_019431,50.82535719746513
STU_019432,76.79579321433893
STU_019433,61.535997152802324
STU_019434,51.374719643921914
STU_019435,98.70687310813697
STU_019436,57.60171587590317
STU_019437,95.05233386086445
STU_019438,82.29977637067341
STU_019439,53.726117662751335
STU_019440,64.80323377377357
STU_019441,80.41168114978147
STU_019442,73.94401109058582
STU_019443,59.48985009067857
STU_019444,96.86903468491214
STU_019445,92.26426234380313
STU_019446,49.029322914667524
STU_019447,77.52946384462152
STU_019448,68.17105507002398
STU_019449,60.350782704106436
STU_019450,68.69808804122096
STU_019451,68.12697090349738
STU_019452,85.16112344554888
STU_019453,81.65613379712707
STU_019454,73.7430492434768
STU_019455,70.87351549823623
STU_019456,70.40917236179594
STU_019457,64.40655083757787
STU_019458,69.90384090289645
STU_019459,61.85069809321409
STU_019460,89.36605027964214
STU_019461,95.9498326500625
STU_019462,99.07434125663877
STU_019463,66.69753375722466
STU_019464,77.15614880251259
STU_019465,66.06211049425944
STU_019466,68.05256668594598
STU_019467,71.71828281347234
STU_019468,85.82580231134169
STU_019469,73.2704740816319
STU_019470,94.55630598674419
STU_019471,97.96957732491336
STU_019472,86.24306978717073
STU_019473,90.65478966140395
STU_019474,62.825004098526904
STU_019475,60.690524489056884
STU_019476,94.5704975808907
STU_019477,65.96794976370201
STU_019478,71.33324160176102
STU_019479,72.3757850254326
STU_019480,92.17262876843179
STU_019481,69.76587638115234
STU_019482,71.63001140686438
STU_019483,70.18835959469726
STU_019484,82.56727360273267
STU_019485,58.73588240199852
STU_019486,37.75540406080229
STU_019487,66.74053996360132
STU_019488,93.98786797976376
STU_019489,63.634417367295
STU_019490,74.85789608365263
STU_019491,57.13615979173587
STU_019492,73.33808876879652
STU_019493,62.1600719989833
STU_019494,59.707375557206674
STU_019495,92.99080897850712
STU_019496,93.82985494236657
STU_019497,53.303292622434654
STU_019498,89.94466502363778
STU_019499,91.7553483768369
STU_019500,88.96776148262498
STU_019501,86.17794187836503
STU_019502,62.13750419137408
STU_019503,68.33413362957502
STU_019504,94.87127742300457
STU_019505,60.19014513069571
STU_019506,79.71471660364452
STU_019507,91.53724365573697
STU_019508,97.42829884745547
STU_019509,97.97907597853191
STU_019510,91.00787160987223
STU_019511,53.65451358605449
STU_019512,78.98356446001375
STU_019513,65.36231657795301
STU_019514,56.03708552126451
STU_019515,61.532900755734474
STU_019516,85.9860504715015
STU_019517,63.118186283948276
STU_019518,65.23167375532358
STU_019519,66.35121861667582
STU_019520,83.24185207236363
STU_019521,64.50826703638641
STU_019522,73.61063611742544
STU_019523,95.48170502665695
STU_019524,81.80759508868846
STU_019525,88.15429742569322
STU_019526,72.9071674241076
STU_019527,72.03853636212958
STU_019528,70.77001940749254
STU_019529,91.9057854399866
STU_019530,95.2575237193568
STU_019531,90.52120757469083
STU_019532,44.503839910076394
STU_019533,76.60374498984135
STU_019534,73.26537905233056
STU_019535,70.91545012163537
STU_019536,64.21340719671632
STU_019537,52.233643883674915
STU_019538,75.03987949961203
STU_019539,67.99101278129352
STU_019540,60.23547307808451
STU_019541,77.31737829657146
STU_019542,99.5584954620648
STU_019543,99.80892999787977
STU_019544,73.51787516109862
STU_019545,89.58396399447983
STU_019546,55.85368899269634
STU_019547,66.28530817818634
STU_019548,87.77198367344928
STU_019549,87.85048122101756
STU_019550,96.35507665891598
STU_019551,77.44271179684858
STU_019552,68.74809564995088
STU_019553,73.40789636872142
STU_019554,60.50858378130627
STU_019555,99.48295458624114
STU_019556,72.01237682306547
STU_019557,99.1922257574777
STU_019558,57.447681559584936
STU_019559,87.35165579361946
STU_019560,77.10993211683389
STU_019561,42.425323573062016
STU_019562,95.13410014752961
STU_019563,73.96240182011772
STU_019564,68.97470403360751
STU_019565,60.378310957829285
STU_019566,81.00994601616213
STU_019567,82.4041937532063
STU_019568,68.63786375174482
STU_019569,63.6365877005102
STU_019570,70.11316707187714
STU_019571,45.918319933601936
STU_019572,64.14312405877568
STU_019573,68.79988885191295
STU_019574,79.05604669362046
STU_019575,80.63027645733061
STU_019576,92.82501362462179
STU_019577,65.82867437658166
STU_019578,62.77271321922998
STU_019579,72.67756386766399
STU_019580,66.55814794160537
STU_019581,99.5543464298946
STU_019582,78.16289303823811
STU_019583,70.2147976605373
STU_019584,66.36745909150497
STU_019585,84.24958904526059
STU_019586,73.29705489795086
STU_019587,90.57531461890179
STU_019588,77.91216044427402
STU_019589,63.76876588555553
STU_019590,99.28784177892501
STU_019591,91.68241924906391
STU_019592,72.11116994932493
STU_019593,67.22122228022155
STU_019594,94.43204787079839
STU_019595,74.69678231679498
STU_019596,95.43003708088943
STU_019597,68.89055998661047
STU_019598,75.9855964431037
STU_019599,66.14753235538086
STU_019600,99.20262157056058
STU_019601,80.13185489471894
STU_019602,76.52440259577202
STU_019603,96.8922473970517
STU_019604,93.99169824158994
STU_019605,74.86727472324556
STU_019606,83.65619303391354
STU_019607,58.10995110817965
STU_019608,71.47336610100083
STU_019609,90.69124476162574
STU_019610,61.26283666657248
STU_019611,69.64711351786039
STU_019612,58.20978087294751
STU_019613,56.00731204517405
STU_019614,63.174271142895364
STU_019615,95.0438194539956
STU_019616,67.75618411174685
STU_019617,76.22372389718254
STU_019618,60.7760320925773
STU_019619,88.08797939008971
STU_019620,75.03905730679443
STU_019621,73.38108792977826
STU_019622,79.5401497747999
STU_019623,73.06755593073188
STU_019624,99.13678095446191
STU_019625,34.32140755112735
STU_019626,88.44701664802861
STU_019627,94.28237436396091
STU_019628,71.2341142708456
STU_019629,78.72597179582536
STU_019630,96.31628628928311
STU_019631,60.227804846145034
STU_019632,96.35502839421207
STU_019633,92.104590224146
STU_019634,88.16011416382204
STU_019635,76.1356676386086
STU_019636,61.19630557375491
STU_019637,81.14903576380308
STU_019638,65.14407768458118
STU_019639,65.80710782342209
STU_019640,82.689423600372
STU_019641,94.03669226743568
STU_019642,79.50963983454008
STU_019643,88.99314989026368
STU_019644,74.26486370546844
STU_019645,73.69355912854172
STU_019646,70.34280533764353
STU_019647,77.84775670024891
STU_019648,54.84611147000949
STU_019649,59.57972151312479
STU_019650,67.69521242891922
STU_019651,73.20061454164329
STU_019652,71.41095185291054
STU_019653,71.29624604258268
STU_019654,53.932758247122194
STU_019655,59.951927187430215
STU_019656,47.703754315800836
STU_019657,73.25699484686567
STU_019658,68.85040383167527
STU_019659,78.19318223688703
STU_019660,66.61028008206061
STU_019661,78.31008495536021
STU_019662,68.88379554684647
STU_019663,76.29607160962405
STU_019664,63.673580671265086
STU_019665,88.59605800012261
STU_019666,90.5760919515682
STU_019667,73.70369403998251
STU_019668,53.15706842191754
STU_019669,61.745094938744685
STU_019670,87.08427653187903
STU_019671,51.87368215093421
STU_019672,82.65410675332055
STU_019673,76.39153946344537
STU_019674,80.78906262606746
STU_019675,77.40273685435767
STU_019676,81.98651394170575
STU_019677,89.68859293664548
STU_019678,99.69582965856083
STU_019679,93.14480998493102
STU_019680,84.70657936596493
STU_019681,94.54650299087896
STU_019682,93.86544853358575
STU_019683,68.56679444023531
STU_019684,67.87373608464263
STU_019685,93.41722139770857
STU_019686,84.57179315525791
STU_019687,64.3510297951403
STU_019688,80.03148594959234
STU_019689,65.76041024875262
STU_019690,78.65424304809261
STU_019691,61.567341186291685
STU_019692,54.18381434163449
STU_019693,98.583862466517
STU_019694,80.14179355673687
STU_019695,56.100916664585704
STU_019696,65.28264057669588
STU_019697,93.96373120034482
STU_019698,94.40982308020945
STU_019699,80.45063031626181
STU_019700,84.7801316876303
STU_019701,73.33806492096741
STU_019702,77.07386956796267
STU_019703,82.79169230504061
STU_019704,74.97208597529288
STU_019705,58.9184502229343
STU_019706,91.79920235437356
STU_019707,60.027774823529995
STU_019708,78.65604380102053
STU_019709,72.53029293169158
STU_019710,62.613206354612586
STU_019711,97.23981836337506
STU_019712,48.348976456204774
STU_019713,92.22483108303081
STU_019714,61.29103326485688
STU_019715,87.54801847899932
STU_019716,84.72389301065417
STU_019717,96.52386187531144
STU_019718,68.82687736717793
STU_019719,94.3349966062651
STU_019720,96.26434759517556
STU_019721,54.79879122518898
STU_019722,73.4577286922223
STU_019723,77.15821263241939
STU_019724,72.2807953935532
STU_019725,90.50921054758554
STU_019726,60.0372724836387
STU_019727,91.60584759770533
STU_019728,78.78725476155734
STU_019729,67.24729214580888
STU_019730,71.68144164757398
STU_019731,61.78442086506844
STU_019732,88.67043015079346
STU_019733,77.92535013468745
STU_019734,76.3634198938565
STU_019735,86.74692840042428
STU_019736,98.31351805992948
STU_019737,96.72701279675965
STU_019738,87.11411784665614
STU_019739,68.69276171948388
STU_019740,71.78392183041564
STU_019741,99.44619479588016
STU_019742,79.2948634404828
STU_019743,85.45950016826033
STU_019744,73.841129053809
STU_019745,84.14360976754418
STU_019746,95.19472617536191
STU_019747,77.9110247193168
STU_019748,58.5225122113694
STU_019749,65.12416577421538
STU_019750,72.99100592681113
STU_019751,73.58897060390362
STU_019752,61.094200232933844
STU_019753,93.91849228817637
STU_019754,70.78355320543561
STU_019755,83.17546163807586
STU_019756,51.906137126426216
STU_019757,88.88335272887407
STU_019758,59.24340624043009
STU_019759,74.9826970812604
STU_019760,80.02589796678703
STU_019761,68.10992351126399
STU_019762,86.83308804397987
STU_019763,71.71316976376079
STU_019764,60.72192999372541
STU_019765,90.3147478561527
STU_019766,65.08034226273904
STU_019767,53.316140681141796
STU_019768,80.4036544100434
STU_019769,62.22180642837846
STU_019770,78.30464380350048
STU_019771,93.72692211209983
STU_019772,70.16134530232014
STU_019773,88.92152052859261
STU_019774,47.43138817112259
STU_019775,87.49265839855146
STU_019776,56.009813383294784
STU_019777,72.10940587055387
STU_019778,74.84513356264554
STU_019779,73.26808994722504
STU_019780,86.57640037642545
STU_019781,52.52240787959206
STU_019782,75.9958679293654
STU_019783,66.23184746041272
STU_019784,81.39006031306624
STU_019785,77.62473249284811
STU_019786,52.308578264166556
STU_019787,73.38300710691823
STU_019788,72.22008947525002
STU_019789,80.28494098345374
STU_019790,63.55978837394686
STU_019791,52.61243241246416
STU_019792,80.13088767979582
STU_019793,65.94915985304702
STU_019794,87.34529758435178
STU_019795,73.05596434154222
STU_019796,84.31093480781195
STU_019797,43.29491159587401
STU_019798,92.20683690816693
STU_019799,81.12915167536578
STU_019800,52.23662757257652
STU_019801,77.88040631501394
STU_019802,95.23765546910806
STU_019803,66.82736573326784
STU_019804,77.45353708510847
STU_019805,73.21502578702177
STU_019806,60.75348230788754
STU_019807,59.28784892183219
STU_019808,67.07946660124819
STU_019809,96.14016977946581
STU_019810,63.91681983399931
STU_019811,66.92666139676207
STU_019812,86.30492434807852
STU_019813,75.54206858425705
STU_019814,82.46014764045356
STU_019815,89.42560820007199
STU_019816,73.20513049437787
STU_019817,94.45605972730655
STU_019818,68.2438821110712
STU_019819,97.35088822538393
STU_019820,54.391420255047876
STU_019821,83.71162359848337
STU_019822,62.5172919951966
STU_019823,78.91042812954296
STU_019824,99.58955268964925
STU_019825,77.98848560173654
STU_019826,84.05765599102119
STU_019827,80.9384797578428
STU_019828,83.03474394476211
STU_019829,74.38550857383575
STU_019830,97.24685974408149
STU_019831,86.38384439656048
STU_019832,90.26165894274561
STU_019833,71.58231943344144
STU_019834,72.13386225634144
STU_019835,68.17120963504597
STU_019836,86.5300164798931
STU_019837,75.4544236212494
STU_019838,75.6710617449687
STU_019839,81.54762855516452
STU_019840,62.980984084426524
STU_019841,67.00903990822282
STU_019842,70.52770256751505
STU_019843,67.5223199204941
STU_019844,72.92090327918692
STU_019845,74.88985284279882
STU_019846,96.33963863665379
STU_019847,98.83210039690799
STU_019848,67.61424800283282
STU_019849,93.50753088557174
STU_019850,76.80033941454586
STU_019851,99.21758962512524
STU_019852,61.135589415600776
STU_019853,88.82843460667732
STU_019854,80.32279552292317
STU_019855,76.12883046888078
STU_019856,68.22629107858846
STU_019857,84.38498856112716
STU_019858,97.91748179190787
STU_019859,94.30160545101432
STU_019860,86.40292097587597
STU_019861,63.01966466578233
STU_019862,68.59267510167965
STU_019863,77.11480649543638
STU_019864,80.03664617960908
STU_019865,91.98245661587889
STU_019866,92.07053007041173
STU_019867,76.91462329882383
STU_019868,79.21651509907075
STU_019869,72.34820027773767
STU_019870,74.3490542188414
STU_019871,93.28529034179437
STU_019872,99.82159224938957
STU_019873,77.52195642267884
STU_019874,51.41728968516985
STU_019875,78.49726311788565
STU_019876,99.06060049857626
STU_019877,65.2401297871736
STU_019878,61.86052837827734
STU_019879,90.89807675246074
STU_019880,54.08339607835491
STU_019881,70.0132695948335
STU_019882,91.06374847980129
STU_019883,61.73691032975336
STU_019884,67.23856472996482
STU_019885,80.33453098313504
STU_019886,74.54621518004984
STU_019887,99.61358641809942
STU_019888,59.962798731553576
STU_019889,84.63960054114546
STU_019890,78.27304855269372
STU_019891,76.83780756908169
STU_019892,66.10533099012416
STU_019893,94.1753963067678
STU_019894,58.84440764812651
STU_019895,75.8081322276236
STU_019896,82.3804526392222
STU_019897,80.05433213129436
STU_019898,72.13610986152621
STU_019899,80.89297303100564
STU_019900,85.1492348571719
STU_019901,66.02422425551583
STU_019902,74.34499827289014
STU_019903,85.32606109674029
STU_019904,66.97760955266278
STU_019905,77.16235159927083
STU_019906,70.71277040986365
STU_019907,59.46888090099605
STU_019908,51.32774812642842
STU_019909,65.40885984574913
STU_019910,96.64032576623549
STU_019911,98.94041982827468
STU_019912,64.55757955754484
STU_019913,77.71224690843178
STU_019914,56.81018022532008
STU_019915,77.09553893767443
STU_019916,63.19790004190851
STU_019917,63.30167649633027
STU_019918,95.68364479728035
STU_019919,70.67800583154371
STU_019920,95.74948482507662
STU_019921,67.83658720380774
STU_019922,97.3359654066974
STU_019923,58.49418362045085
STU_019924,98.82505735897853
STU_019925,88.70999586553458
STU_019926,68.47686144272424
STU_019927,80.00761813417344
STU_019928,79.84004844432019
STU_019929,85.20356555004082
STU_019930,69.58230591549396
STU_019931,97.69394720164203
STU_019932,85.11462460072022
STU_019933,59.85754386916949
STU_019934,89.01758743618227
STU_019935,51.53757599934073
STU_019936,86.01391096751476
STU_019937,83.12368141560869
STU_019938,67.84867675699446
STU_019939,87.58758651588454
STU_019940,86.29379786295883
STU_019941,71.45901864110479
STU_019942,72.19619247862764
STU_019943,82.44269115650008
STU_019944,96.30741694519293
STU_019945,79.34208106728568
STU_019946,90.08979599678366
STU_019947,74.73023974080749
STU_019948,87.677407423175
STU_019949,80.27249000723404
STU_019950,72.21509463203421
STU_019951,65.23164231244311
STU_019952,54.79124754120098
STU_019953,67.21295668580495
STU_019954,82.44987569123619
STU_019955,65.24896177303607
STU_019956,58.11163471303339
STU_019957,79.181782017211
STU_019958,76.42433629342986
STU_019959,76.37746008608104
STU_019960,65.89322410135324
STU_019961,69.35492236940888
STU_019962,80.01451816950923
STU_019963,61.432929153388315
STU_019964,70.60395466068562
STU_019965,64.00936514224061
STU_019966,84.47558026413704
STU_019967,97.53479913510554
STU_019968,73.89333847370838
STU_019969,54.277435775173494
STU_019970,94.37830592880545
STU_019971,91.69917421196122
STU_019972,74.28768738065355
STU_019973,78.40976359546652
STU_019974,89.13697023625295
STU_019975,74.58554401995977
STU_019976,75.20928552596615
STU_019977,67.68796790642324
STU_019978,55.426501575328416
STU_019979,55.452857043712214
STU_019980,61.265310113453296
STU_019981,99.68500703996065
STU_019982,76.78596067027513
STU_019983,88.23198656967813
STU_019984,96.69126152262848
STU_019985,83.38008003373417
STU_019986,95.79443056156398
STU_019987,83.52782587792814
STU_019988,66.91622176266085
STU_019989,68.83073185591121
STU_019990,77.81655183494175
STU_019991,85.02018984631937
STU_019992,86.50074627828069
STU_019993,86.25302541798246
STU_019994,51.07824785194339
STU_019995,77.50348393927078
STU_019996,62.074086664333535
STU_019997,83.01841533581637
STU_019998,53.48285553262943
STU_019999,92.65006381594984
STU_020000,74.26268700771888
