student_id,career_success_score
STU_010001,58.877160396914476
STU_010002,79.796585590666
STU_010003,73.88460481892544
STU_010004,98.12877232552934
STU_010005,78.12423307031935
STU_010006,71.03808331602588
STU_010007,74.19962937834602
STU_010008,74.95286001436862
STU_010009,70.01775499427534
STU_010010,58.012867439433236
STU_010011,95.9779248894342
STU_010012,78.01305817345639
STU_010013,80.34173580668599
STU_010014,93.46492927685938
STU_010015,51.68197956960923
STU_010016,68.58142376188894
STU_010017,59.276614646293595
STU_010018,59.656426896926135
STU_010019,89.17845236497735
STU_010020,69.54873155854953
STU_010021,85.6992944386779
STU_010022,96.48855545190663
STU_010023,92.17921931662157
STU_010024,65.95169833472437
STU_010025,79.15517850841277
STU_010026,90.72420786920574
STU_010027,75.74432752917944
STU_010028,88.94726386457077
STU_010029,96.77777333063372
STU_010030,61.46010870268122
STU_010031,64.8485575780341
STU_010032,91.22084648867317
STU_010033,57.25894135334783
STU_010034,87.91554013628664
STU_010035,79.27876149776283
STU_010036,66.64239244199464
STU_010037,70.44677517107718
STU_010038,90.18711409572724
STU_010039,64.42674445920116
STU_010040,82.0411473440333
STU_010041,89.67337245628603
STU_010042,61.59626160237456
STU_010043,81.28671707423706
STU_010044,70.92194338056396
STU_010045,82.14381090507116
STU_010046,58.48965481026888
STU_010047,68.70589029843414
STU_010048,82.03630888008455
STU_010049,50.18548226043342
STU_010050,60.89623040248441
STU_010051,74.81875686399441
STU_010052,66.35576793880594
STU_010053,62.98749788660605
STU_010054,70.22818974919286
STU_010055,64.72079361386413
STU_010056,61.65397361992158
STU_010057,64.01379234553833
STU_010058,98.64374237641334
STU_010059,88.26019492052792
STU_010060,71.56574631174104
STU_010061,39.5744165331318
STU_010062,77.08027727081003
STU_010063,68.28764214183867
STU_010064,89.39626632737887
STU_010065,57.12335936322656
STU_010066,58.67419118508792
STU_010067,91.42387585585115
STU_010068,59.271501930407524
STU_010069,68.29791994202898
STU_010070,64.71896673511257
STU_010071,94.62105233031525
STU_010072,67.13171309175075
STU_010073,93.50063152745113
STU_010074,59.42723898030485
STU_010075,77.28207696605679
STU_010076,95.64773759734149
STU_010077,84.01375678301213
STU_010078,86.30991608801588
STU_010079,77.06360687485432
STU_010080,80.70177719854588
STU_010081,61.47563243183663
STU_010082,77.52203639132155
STU_010083,78.75417463841056
STU_010084,80.97178823292822
STU_010085,73.09680388938636
STU_010086,81.4303461710164
STU_010087,70.63949781675525
STU_010088,64.2709331312746
STU_010089,84.63883077782712
STU_010090,77.89017373608867
STU_010091,57.705371457568866
STU_010092,69.3646384661311
STU_010093,61.55143067535795
STU_010094,91.51929971336094
STU_010095,56.95457657253583
STU_010096,84.10396674119558
STU_010097,67.89691533656787
STU_010098,83.05555581440937
STU_010099,67.4760080020428
STU_010100,69.11939723931474
STU_010101,77.8500460473403
STU_010102,64.21611300812191
STU_010103,91.54203189356839
STU_010104,54.37825063589309
STU_010105,97.66642095806706
STU_010106,51.97218513809589
STU_010107,81.25217968071651
STU_010108,79.88242042188405
STU_010109,72.60401061289345
STU_010110,81.66730357906631
STU_010111,88.56402600133573
STU_010112,79.35832402911038
STU_010113,70.52229257647892
STU_010114,84.65108351078098
STU_010115,77.98276016860844
STU_010116,89.26853955407113
STU_010117,77.85007898960255
STU_010118,89.72728222625665
STU_010119,69.28338633062201
STU_010120,70.08421623024404
STU_010121,79.79436778017143
STU_010122,78.18072653788039
STU_010123,92.771683659016
STU_010124,75.57225660379201
STU_010125,84.94518611449743
STU_010126,74.95243904256911
STU_010127,58.88464297752988
STU_010128,91.47126381386342
STU_010129,81.61436909250878
STU_010130,72.91505704932747
STU_010131,63.594213366766475
STU_010132,71.76674605721946
STU_010133,74.15343383928764
STU_010134,67.8166614751938
STU_010135,42.623721924519685
STU_010136,71.6397390468069
STU_010137,60.91224050132315
STU_010138,75.49564174089144
STU_010139,77.47878982412288
STU_010140,89.01920658657589
STU_010141,59.189851811937224
STU_010142,86.13263492166165
STU_010143,75.00508546882993
STU_010144,75.55982874897198
STU_010145,93.88583798326061
STU_010146,80.54673500659628
STU_010147,51.57856785212462
STU_010148,56.53690396084185
STU_010149,59.29733173792846
STU_010150,91.17908250844357
STU_010151,74.0758060835325
STU_010152,81.75155894054052
STU_010153,73.29985277822306
STU_010154,80.88852160678589
STU_010155,64.47171267158683
STU_010156,91.87767411194201
STU_010157,100.0
STU_010158,71.38936885682739
STU_010159,84.70801623428036
STU_010160,65.73488680348254
STU_010161,94.63583822365415
STU_010162,99.70534420674022
STU_010163,78.07522863024377
STU_010164,72.42047994493404
STU_010165,72.87850929105896
STU_010166,87.87528697252955
STU_010167,83.96242911171848
STU_010168,75.35829290295281
STU_010169,72.5840312115816
STU_010170,85.34597129474251
STU_010171,70.12178498285544
STU_010172,99.27747779064644
STU_010173,69.70516598065262
STU_010174,75.82583608031976
STU_010175,76.45393590771619
STU_010176,67.39646565115176
STU_010177,91.08149390883615
STU_010178,81.54505149008327
STU_010179,83.20171317528079
STU_010180,77.98810790120086
STU_010181,77.91456811006604
STU_010182,79.3744579450443
STU_010183,78.6180948755267
STU_010184,84.74485108643177
STU_010185,64.59621687997627
STU_010186,87.88291125404143
STU_010187,68.73971117861086
STU_010188,90.44410426358901
STU_010189,72.41237762871103
STU_010190,62.32222119086441
STU_010191,47.62743641229663
STU_010192,85.8840328170871
STU_010193,62.996370900586975
STU_010194,88.09858103683094
STU_010195,84.50217736825687
STU_010196,69.822240644906
STU_010197,78.472190084315
STU_010198,84.23533176118592
STU_010199,96.47999537147533
STU_010200,71.57739150131314
STU_010201,99.26237793131222
STU_010202,80.07321744923884
STU_010203,74.84360690243476
STU_010204,95.25370691707579
STU_010205,82.13360066829077
STU_010206,91.75235016408745
STU_010207,50.07255213343099
STU_010208,72.86387729999825
STU_010209,66.55512883339388
STU_010210,89.37014468517842
STU_010211,74.2545075386648
STU_010212,90.81646060391692
STU_010213,87.87181978525021
STU_010214,65.52991663168095
STU_010215,68.69429383289922
STU_010216,59.84395963436544
STU_010217,81.54062404899885
STU_010218,57.48679680088833
STU_010219,80.65848555580735
STU_010220,68.88588895766328
STU_010221,79.99475532008935
STU_010222,56.15612706107153
STU_010223,77.18992006603925
STU_010224,100.0
STU_010225,60.153478570646314
STU_010226,85.61104988554203
STU_010227,55.729367131665704
STU_010228,86.86207286438088
STU_010229,75.94340992785617
STU_010230,60.82336354996808
STU_010231,54.27095151458913
STU_010232,93.56764853659959
STU_010233,59.11986769099326
STU_010234,81.57064540618488
STU_010235,48.941399113163314
STU_010236,92.79375444823103
STU_010237,82.96845182588905
STU_010238,73.40513269898705
STU_010239,50.815670681197616
STU_010240,72.50468973630416
STU_010241,81.35177157272227
STU_010242,77.66133194381888
STU_010243,65.97515052372536
STU_010244,86.56682007471895
STU_010245,59.216022874580986
STU_010246,47.58595420198152
STU_010247,95.02355628240143
STU_010248,86.78304348236577
STU_010249,68.86512383106799
STU_010250,96.94561582413792
STU_010251,75.01431233737915
STU_010252,100.0
STU_010253,63.863922138193416
STU_010254,95.86646475077951
STU_010255,68.4762231375793
STU_010256,60.83465675818686
STU_010257,74.38146255108938
STU_010258,82.05403420054883
STU_010259,80.200138481041
STU_010260,64.51432741653677
STU_010261,63.75527984064439
STU_010262,56.921555931763194
STU_010263,58.64037126208802
STU_010264,100.0
STU_010265,71.33613136486903
STU_010266,80.49858468798698
STU_010267,64.7607033115341
STU_010268,82.97465705061016
STU_010269,75.9620055123084
STU_010270,89.78405427426196
STU_010271,86.8357403285317
STU_010272,63.33805165580157
STU_010273,80.35874548315894
STU_010274,60.830271638320085
STU_010275,89.95481526876793
STU_010276,63.31021297534271
STU_010277,81.5409110898907
STU_010278,83.36855748478479
STU_010279,65.6568625581121
STU_010280,67.74930976894298
STU_010281,60.90105337676877
STU_010282,66.92236792042445
STU_010283,83.27678455028645
STU_010284,68.43260194421487
STU_010285,58.80920368666965
STU_010286,78.79467626746631
STU_010287,92.39036868309013
STU_010288,62.655526320764984
STU_010289,56.427951054464316
STU_010290,80.36214462531957
STU_010291,45.66849688494661
STU_010292,85.9981347416139
STU_010293,66.67039573817834
STU_010294,60.07889848599801
STU_010295,68.66780698510094
STU_010296,81.40203833109223
STU_010297,84.07080683327436
STU_010298,94.48036664778826
STU_010299,89.04784712997602
STU_010300,61.196005004209546
STU_010301,77.491436854072
STU_010302,81.71753836859827
STU_010303,70.52639996014956
STU_010304,59.98448656940411
STU_010305,81.56495292661245
STU_010306,64.082471182663
STU_010307,67.33177139190042
STU_010308,73.89910855722985
STU_010309,70.982174039276
STU_010310,57.42090142516399
STU_010311,64.60548208399263
STU_010312,76.62262957521625
STU_010313,80.28250697449862
STU_010314,83.36742790830122
STU_010315,87.02278549701892
STU_010316,93.29830290220889
STU_010317,86.53577900678295
STU_010318,72.22108471967805
STU_010319,89.17309293049858
STU_010320,97.61783973829085
STU_010321,68.31080419073416
STU_010322,92.81897132056598
STU_010323,72.762971729906
STU_010324,93.56411647441902
STU_010325,90.23538583717024
STU_010326,79.25452096852145
STU_010327,67.77138600128093
STU_010328,81.79711520985639
STU_010329,93.06817258645324
STU_010330,83.19510008511602
STU_010331,95.72706696305971
STU_010332,62.6255712093679
STU_010333,100.0
STU_010334,70.9453036193312
STU_010335,93.26805736771028
STU_010336,57.639350054323934
STU_010337,62.12134912614494
STU_010338,84.39402217785391
STU_010339,80.6857040820876
STU_010340,60.70939004110279
STU_010341,96.67757332204381
STU_010342,60.10278441587383
STU_010343,63.39926554766367
STU_010344,76.93605158869039
STU_010345,81.10224448612394
STU_010346,88.81021526159685
STU_010347,52.77903114393712
STU_010348,60.17599975840938
STU_010349,84.08298623694667
STU_010350,83.33970851539615
STU_010351,69.86699107248131
STU_010352,70.14556360105277
STU_010353,93.86601031800753
STU_010354,71.46392744190862
STU_010355,74.92481820998317
STU_010356,86.94304061313153
STU_010357,90.65556237883266
STU_010358,77.40115039742152
STU_010359,63.19911217935102
STU_010360,70.05424428994931
STU_010361,97.42311371765896
STU_010362,74.33788215928568
STU_010363,76.07416166556617
STU_010364,95.39470838356803
STU_010365,84.41513571450307
STU_010366,96.92607758947435
STU_010367,69.35004148218904
STU_010368,65.80772376405494
STU_010369,88.13358276021083
STU_010370,81.11414817619267
STU_010371,65.86491118462538
STU_010372,77.51116779253371
STU_010373,67.67350769234247
STU_010374,84.3900163077856
STU_010375,96.93965767191385
STU_010376,56.22787743522435
STU_010377,77.71612099121472
STU_010378,76.09169109988794
STU_010379,69.75488697418805
STU_010380,63.179078267919714
STU_010381,74.89804549001873
STU_010382,89.10575032570647
STU_010383,80.1795841016646
STU_010384,91.43839686335025
STU_010385,79.368757686196
STU_010386,64.22503608865992
STU_010387,59.7834685659697
STU_010388,95.42190457806869
STU_010389,70.48889775058238
STU_010390,57.01058124695686
STU_010391,61.386921741445136
STU_010392,75.00864130977888
STU_010393,79.99590389976329
STU_010394,74.03584794212924
STU_010395,75.67479400585377
STU_010396,78.62868106315997
STU_010397,84.68636640380969
STU_010398,86.26772514301932
STU_010399,60.38293633916213
STU_010400,70.7863858044824
STU_010401,49.50655897713784
STU_010402,67.99207412063276
STU_010403,79.19866334095825
STU_010404,87.82403015393615
STU_010405,82.86998337274028
STU_010406,74.65949762397014
STU_010407,90.59672285044306
STU_010408,67.09090209574357
STU_010409,95.71061632949464
STU_010410,66.42175752270917
STU_010411,89.28419804068247
STU_010412,95.36981318196692
STU_010413,83.01529224618143
STU_010414,83.45758224847029
STU_010415,85.73640398242567
STU_010416,80.97901950264581
STU_010417,99.62079894140243
STU_010418,72.18819697794402
STU_010419,93.96127297370421
STU_010420,88.90869582430524
STU_010421,83.7999327094494
STU_010422,69.7203747896904
STU_010423,73.77544639388657
STU_010424,53.00621438063666
STU_010425,54.99248657587734
STU_010426,75.13919172439454
STU_010427,61.5624259792635
STU_010428,72.35522176263969
STU_010429,54.35976605758474
STU_010430,88.47516394563523
STU_010431,48.99054680622809
STU_010432,75.88401506352227
STU_010433,72.3480435231312
STU_010434,88.84313078565033
STU_010435,61.61802072945454
STU_010436,77.84010765189149
STU_010437,51.592013666281
STU_010438,100.0
STU_010439,67.70243431461438
STU_010440,90.4673828130906
STU_010441,56.911826094433394
STU_010442,72.88130570337367
STU_010443,81.7335851154569
STU_010444,67.44082790604023
STU_010445,73.5534743290212
STU_010446,46.748193949870696
STU_010447,78.41226505726306
STU_010448,76.94486698846617
STU_010449,70.55068229441622
STU_010450,60.98396242581795
STU_010451,91.24346164702288
STU_010452,81.39099877395714
STU_010453,68.9969766985696
STU_010454,68.55775740464547
STU_010455,49.27006000160508
STU_010456,81.61959527967272
STU_010457,72.93834893452363
STU_010458,84.11827161033143
STU_010459,78.01321631291965
STU_010460,70.31343459954442
STU_010461,71.55489909997456
STU_010462,56.8444053127086
STU_010463,89.12914944337565
STU_010464,87.58558697795924
STU_010465,57.582078049105284
STU_010466,68.9087223159327
STU_010467,81.97054418430095
STU_010468,70.37368078278773
STU_010469,77.21611887884889
STU_010470,72.22300216283035
STU_010471,97.44459105559396
STU_010472,55.58985692875227
STU_010473,85.45596196381084
STU_010474,84.89318817200261
STU_010475,82.05818114835434
STU_010476,64.77386516110634
STU_010477,70.50073211664481
STU_010478,94.48642256057249
STU_010479,62.944000235394725
STU_010480,69.9504297962631
STU_010481,63.636333483772106
STU_010482,75.12917408256646
STU_010483,88.13295171071975
STU_010484,73.85678713399511
STU_010485,47.607118599881375
STU_010486,74.51498573374832
STU_010487,92.87337018128282
STU_010488,80.51606164514843
STU_010489,82.04209048247739
STU_010490,81.95175737133643
STU_010491,72.09973503507284
STU_010492,76.4925818764329
STU_010493,79.50146597673708
STU_010494,60.12151306076909
STU_010495,41.165899139684996
STU_010496,97.55853100575045
STU_010497,65.38819001950444
STU_010498,71.7826460723259
STU_010499,65.76567317007007
STU_010500,71.36888085119611
STU_010501,75.46102288765287
STU_010502,66.80352904312655
STU_010503,76.70910777806297
STU_010504,69.60646938580656
STU_010505,60.89785416537903
STU_010506,89.33648063977934
STU_010507,66.94928976976477
STU_010508,64.53359439573342
STU_010509,78.34551141946675
STU_010510,50.436841103293375
STU_010511,59.9399567402192
STU_010512,72.14189908754571
STU_010513,91.8764007519362
STU_010514,74.27017507722533
STU_010515,87.79555217920613
STU_010516,81.63283745148561
STU_010517,98.37766953714016
STU_010518,52.26705780192321
STU_010519,82.83295059471168
STU_010520,86.75049681190922
STU_010521,98.64502404967784
STU_010522,74.58892720866614
STU_010523,78.95846528577881
STU_010524,89.82362449756052
STU_010525,67.57057001916212
STU_010526,55.426403635839506
STU_010527,84.2036458811427
STU_010528,82.85199503414104
STU_010529,49.76472720964514
STU_010530,74.34989855994203
STU_010531,67.42582973236384
STU_010532,59.94604994811837
STU_010533,83.17666260254107
STU_010534,80.09047072512385
STU_010535,88.34117589421106
STU_010536,76.85773581318816
STU_010537,77.4532423595618
STU_010538,77.10975839331233
STU_010539,58.909029694949616
STU_010540,51.469543289282065
STU_010541,84.68588269787774
STU_010542,99.68187414386634
STU_010543,82.33754716708077
STU_010544,72.83790077601971
STU_010545,80.57756030369247
STU_010546,69.41734310996986
STU_010547,76.2317886136768
STU_010548,99.99155168238507
STU_010549,64.47586919227628
STU_010550,78.2764639682386
STU_010551,57.59353967684611
STU_010552,97.0879596402978
STU_010553,96.91244231447496
STU_010554,87.5550414057488
STU_010555,76.13797616809065
STU_010556,59.61039448226809
STU_010557,76.57790484915321
STU_010558,76.30123434429507
STU_010559,76.9394741231319
STU_010560,77.8957816972835
STU_010561,97.8337818480749
STU_010562,57.89851325451444
STU_010563,62.60045314183456
STU_010564,60.435921287514546
STU_010565,91.01288891836339
STU_010566,60.15571917180381
STU_010567,72.70515155541835
STU_010568,77.33615276076198
STU_010569,94.59427239499735
STU_010570,55.34037408267752
STU_010571,91.52634797445727
STU_010572,71.37688038040984
STU_010573,95.89229530068658
STU_010574,69.01507817919705
STU_010575,65.67958588565416
STU_010576,51.74529511177005
STU_010577,63.36666414998666
STU_010578,70.13248478103169
STU_010579,85.58014473519127
STU_010580,61.90417499114824
STU_010581,49.73275858039917
STU_010582,77.09557972089242
STU_010583,78.45816752748185
STU_010584,92.42450314756857
STU_010585,75.047066205984
STU_010586,99.69977799758207
STU_010587,72.05868090040913
STU_010588,72.73579228232222
STU_010589,99.36106876370998
STU_010590,87.39770878299808
STU_010591,75.02414165023642
STU_010592,93.97329794079903
STU_010593,84.21484620971755
STU_010594,55.665682027540655
STU_010595,80.50504923380235
STU_010596,76.04689056164611
STU_010597,59.30245995275897
STU_010598,94.1103254086002
STU_010599,65.07263817884912
STU_010600,70.59998239001638
STU_010601,81.00843438531577
STU_010602,68.12432520600566
STU_010603,80.57468762082954
STU_010604,74.7122546924719
STU_010605,65.75503319820947
STU_010606,94.92390830618534
STU_010607,81.00477132405473
STU_010608,64.64702823845212
STU_010609,80.98216282711556
STU_010610,77.11930573687255
STU_010611,85.27643060814306
STU_010612,59.55056533783377
STU_010613,92.25577588917254
STU_010614,100.0
STU_010615,88.62809153089925
STU_010616,87.11815103448613
STU_010617,58.32038750781954
STU_010618,82.71018282864613
STU_010619,99.27772415589624
STU_010620,65.60486780907398
STU_010621,67.75708443794956
STU_010622,57.66927363514578
STU_010623,87.38083175371433
STU_010624,59.10538030964875
STU_010625,68.34926506969862
STU_010626,90.41525862875653
STU_010627,92.88013880099186
STU_010628,59.812430312000856
STU_010629,80.91558873599429
STU_010630,78.25845045816638
STU_010631,91.31923391406363
STU_010632,65.35417345195654
STU_010633,74.32242349438
STU_010634,77.93168367290728
STU_010635,61.622430127785655
STU_010636,80.4086906220646
STU_010637,64.43478876327447
STU_010638,75.42696595530974
STU_010639,67.79833221516326
STU_010640,57.3520655083996
STU_010641,65.4313810210641
STU_010642,96.4744784086933
STU_010643,87.09287561752653
STU_010644,74.03635169893653
STU_010645,85.5203562017586
STU_010646,94.86707721188013
STU_010647,65.0790594257492
STU_010648,74.28420427598545
STU_010649,73.41513317508642
STU_010650,86.48673489735035
STU_010651,79.19674794820577
STU_010652,67.95676186545452
STU_010653,85.58710818982979
STU_010654,84.8703494861896
STU_010655,87.17619198934233
STU_010656,77.77495841812022
STU_010657,77.68763273791694
STU_010658,73.94053108739098
STU_010659,92.87690903196523
STU_010660,90.80587560291205
STU_010661,68.64829173157761
STU_010662,97.14085034367685
STU_010663,70.67155205248058
STU_010664,71.93118645185099
STU_010665,63.62430204068738
STU_010666,95.6525583223466
STU_010667,90.98436191026474
STU_010668,70.55464595855857
STU_010669,73.68919132907861
STU_010670,89.1227755436189
STU_010671,64.78672163032329
STU_010672,55.20467840572666
STU_010673,89.76179972798013
STU_010674,98.70152645406378
STU_010675,94.66863093210675
STU_010676,82.95246153153936
STU_010677,77.18932895613764
STU_010678,76.686523122498
STU_010679,69.9652947320144
STU_010680,94.1193668189712
STU_010681,82.86367620651339
STU_010682,49.92068705361459
STU_010683,74.06179266791182
STU_010684,74.87957442319511
STU_010685,83.18026710086995
STU_010686,79.48861026843308
STU_010687,63.10845366091671
STU_010688,97.96577202490438
STU_010689,86.67678932498724
STU_010690,99.84867365401786
STU_010691,75.79560526800364
STU_010692,87.12288679565248
STU_010693,75.15574067247275
STU_010694,65.25330365055736
STU_010695,60.236213603005545
STU_010696,54.82339437006322
STU_010697,69.3192689137625
STU_010698,86.59912957876269
STU_010699,83.73409746289984
STU_010700,92.8476940193529
STU_010701,84.40296169056276
STU_010702,66.88483041210797
STU_010703,96.58637402687972
STU_010704,99.88225665612798
STU_010705,81.36364750429252
STU_010706,94.88241703679647
STU_010707,77.04466087145843
STU_010708,78.01903511734882
STU_010709,64.09586758645
STU_010710,58.341127844207065
STU_010711,100.0
STU_010712,51.22110475525465
STU_010713,85.12192094283424
STU_010714,65.12125270503716
STU_010715,79.18995846168724
STU_010716,50.27708181605041
STU_010717,85.93510340804646
STU_010718,78.4240310719643
STU_010719,83.02960192908266
STU_010720,51.232260433716434
STU_010721,66.50779246057893
STU_010722,100.0
STU_010723,70.97305799446362
STU_010724,83.80596443911571
STU_010725,65.3282253068925
STU_010726,65.73351987230338
STU_010727,47.52984610442762
STU_010728,72.55129784444784
STU_010729,92.97865593593765
STU_010730,93.1295076313323
STU_010731,71.73517017479861
STU_010732,73.27600842988566
STU_010733,97.70958144460107
STU_010734,82.42592725140156
STU_010735,69.07456685283907
STU_010736,66.23555065395463
STU_010737,70.20230537604708
STU_010738,67.70110784584293
STU_010739,73.08396154613709
STU_010740,68.50764474396466
STU_010741,85.7704016651291
STU_010742,64.95999836679235
STU_010743,98.03708038937049
STU_010744,77.10795505429842
STU_010745,67.8012560440545
STU_010746,69.45491416313345
STU_010747,87.8916277917313
STU_010748,73.22666200046791
STU_010749,85.34308207034411
STU_010750,77.71613929609772
STU_010751,72.53516019422068
STU_010752,62.85087305882659
STU_010753,74.53101919235199
STU_010754,87.1714645717906
STU_010755,61.18865896609478
STU_010756,92.2765239582145
STU_010757,58.24937688245119
STU_010758,81.14209001048827
STU_010759,88.25952563967687
STU_010760,81.74448630858198
STU_010761,72.70674390622187
STU_010762,73.76662101682463
STU_010763,61.68354741862909
STU_010764,52.64238143188527
STU_010765,83.60682900460361
STU_010766,61.64479451530694
STU_010767,70.59234210863623
STU_010768,55.068805874454505
STU_010769,89.1583848945155
STU_010770,69.49283099827419
STU_010771,49.750594264817465
STU_010772,69.22057884498847
STU_010773,86.53160218910095
STU_010774,84.87195030197218
STU_010775,90.58230213960479
STU_010776,42.66708142901341
STU_010777,79.6231275886208
STU_010778,54.672048026962294
STU_010779,63.006606757054534
STU_010780,82.55100019697323
STU_010781,79.03329680905713
STU_010782,83.22506026205632
STU_010783,52.330676880274694
STU_010784,70.04533742998368
STU_010785,80.05289567543389
STU_010786,84.90691831375912
STU_010787,70.07073430108332
STU_010788,69.62121207672925
STU_010789,98.67595300833706
STU_010790,61.974368120160854
STU_010791,57.73840007972158
STU_010792,94.42559036036066
STU_010793,81.97943040794983
STU_010794,58.36045491821246
STU_010795,77.12303701687942
STU_010796,83.24013372344768
STU_010797,55.33549762972907
STU_010798,61.46466456030918
STU_010799,87.25430156279577
STU_010800,65.2443503589121
STU_010801,63.923865596039576
STU_010802,80.79601742627797
STU_010803,78.95404190928349
STU_010804,53.06876034351553
STU_010805,69.81236547630111
STU_010806,81.68976340880302
STU_010807,94.14914145580248
STU_010808,68.50013332645595
STU_010809,99.79836350500315
STU_010810,81.49200971181065
STU_010811,72.65505883867745
STU_010812,79.31581716114809
STU_010813,91.67837207172107
STU_010814,67.7303435152995
STU_010815,87.11563841052947
STU_010816,99.75880136529437
STU_010817,89.27257008842035
STU_010818,85.40146647276927
STU_010819,79.88356591156001
STU_010820,92.60659747531828
STU_010821,97.96010385183384
STU_010822,59.89367689129133
STU_010823,89.3885390509891
STU_010824,91.06135312875728
STU_010825,84.1656519677384
STU_010826,80.65178684001563
STU_010827,59.24876122219648
STU_010828,72.82080404172017
STU_010829,73.53448023289313
STU_010830,73.93158064825458
STU_010831,90.66882402357592
STU_010832,96.62951061949887
STU_010833,82.34899579925005
STU_010834,69.32344328988242
STU_010835,80.16598797712794
STU_010836,84.51063653494026
STU_010837,80.71315016767653
STU_010838,88.54170693522421
STU_010839,69.65125666370146
STU_010840,79.67947035983619
STU_010841,84.80318308848442
STU_010842,87.66510380013159
STU_010843,74.4836745071714
STU_010844,53.03135199174902
STU_010845,90.77609013316221
STU_010846,78.80033473835495
STU_010847,99.35008666996471
STU_010848,72.17940139553617
STU_010849,76.10948038496537
STU_010850,59.450667311513804
STU_010851,93.87301816634327
STU_010852,64.04542666210925
STU_010853,86.29184411449917
STU_010854,90.1028842923854
STU_010855,66.48023072704093
STU_010856,56.714394757333395
STU_010857,65.97850473542675
STU_010858,50.86309026669746
STU_010859,69.3813588632706
STU_010860,91.07795713438394
STU_010861,78.0315333708956
STU_010862,66.1192892448078
STU_010863,80.86603886145316
STU_010864,91.22230889751174
STU_010865,80.30405783679441
STU_010866,92.05249953442842
STU_010867,53.01580569550639
STU_010868,65.34210036620001
STU_010869,78.45757992350538
STU_010870,63.37131187867433
STU_010871,84.59784567261181
STU_010872,83.67085278787478
STU_010873,49.49430055707924
STU_010874,62.287726709073326
STU_010875,84.05442141755542
STU_010876,69.78057529013856
STU_010877,74.39842570979684
STU_010878,76.05480824915574
STU_010879,64.5409142519686
STU_010880,81.00715571265913
STU_010881,98.59614270587751
STU_010882,75.47666108007022
STU_010883,78.29838640827857
STU_010884,62.99409485038482
STU_010885,65.3345852311821
STU_010886,96.45679724447321
STU_010887,57.877188754554076
STU_010888,84.6091546685737
STU_010889,91.77328182760232
STU_010890,80.78445143692639
STU_010891,97.14636010428949
STU_010892,82.59445497354781
STU_010893,72.2460495676121
STU_010894,84.84806804876114
STU_010895,64.33639796223903
STU_010896,70.37457272172364
STU_010897,65.04017934841643
STU_010898,82.70459051120515
STU_010899,60.60372147772712
STU_010900,66.48695853004502
STU_010901,60.89893779922286
STU_010902,88.56116791893021
STU_010903,56.32009530021331
STU_010904,73.05381737089854
STU_010905,68.68066571804803
STU_010906,52.00585675045776
STU_010907,95.66350065477658
STU_010908,84.31135421357729
STU_010909,86.69610292076854
STU_010910,82.1882930015534
STU_010911,80.97418090706448
STU_010912,91.34007865056319
STU_010913,75.6368026528078
STU_010914,89.58529914290271
STU_010915,73.97792360802597
STU_010916,70.50118799748856
STU_010917,83.4462155499896
STU_010918,78.01114891529666
STU_010919,86.64690207498262
STU_010920,68.33753765889816
STU_010921,81.53766820764963
STU_010922,81.55171318068342
STU_010923,89.22479519305594
STU_010924,95.6919130738095
STU_010925,65.99675712174756
STU_010926,90.17847589574727
STU_010927,60.977904036428114
STU_010928,73.53829024479919
STU_010929,66.22004668476326
STU_010930,88.40461371768923
STU_010931,71.58952284617837
STU_010932,88.04051306742016
STU_010933,72.81773868448691
STU_010934,88.22359099480292
STU_010935,71.52119023784991
STU_010936,62.79714711548178
STU_010937,72.79722952933426
STU_010938,61.93688624567301
STU_010939,79.35175216308637
STU_010940,50.99437259502161
STU_010941,97.85992970821411
STU_010942,80.33536953964506
STU_010943,57.027835976776615
STU_010944,60.63704309500406
STU_010945,73.84923030970104
STU_010946,86.28340126125129
STU_010947,71.75567258040962
STU_010948,94.58061097102177
STU_010949,95.96637888636683
STU_010950,65.15743969471248
STU_010951,71.07333052509607
STU_010952,60.286708390190675
STU_010953,82.92162666118611
STU_010954,54.75004248011534
STU_010955,62.11793948369128
STU_010956,98.61500703103067
STU_010957,87.42363997766999
STU_010958,74.40027420556609
STU_010959,86.4667616172452
STU_010960,83.04854311755236
STU_010961,73.81160109069006
STU_010962,92.02743198287646
STU_010963,72.39624266892297
STU_010964,76.23129058356054
STU_010965,68.47938586009839
STU_010966,57.33119877921733
STU_010967,67.02086022111887
STU_010968,66.70339810967009
STU_010969,57.346070018924166
STU_010970,83.65379021363037
STU_010971,70.25961272656312
STU_010972,76.80622088514579
STU_010973,77.6178046893914
STU_010974,65.4635278808267
STU_010975,76.2985067332559
STU_010976,83.44722874490938
STU_010977,86.00275332860129
STU_010978,94.54563613812876
STU_010979,72.48993772927572
STU_010980,80.19401743208387
STU_010981,90.24632333316279
STU_010982,72.25759198511706
STU_010983,67.95398186399044
STU_010984,75.02073844170064
STU_010985,54.698888695602136
STU_010986,90.2195067341602
STU_010987,88.1027212022695
STU_010988,65.16986170534871
STU_010989,83.78357390936662
STU_010990,79.16542361220837
STU_010991,60.65496192428378
STU_010992,81.13779701389086
STU_010993,73.01894800209548
STU_010994,80.94751462472061
STU_010995,99.66230485645906
STU_010996,61.38811368591196
STU_010997,69.13382042719749
STU_010998,69.56115149941364
STU_010999,74.47138147574373
STU_011000,76.87466449757193
STU_011001,59.85523929748732
STU_011002,78.38580839734357
STU_011003,62.43302261474896
STU_011004,81.99375182071086
STU_011005,71.48479202015304
STU_011006,81.1330735769213
STU_011007,66.397673457145
STU_011008,82.2382984691194
STU_011009,97.43870553910996
STU_011010,96.2366767972149
STU_011011,64.47311039028163
STU_011012,86.6338921348553
STU_011013,56.05010837953985
STU_011014,68.02544015547159
STU_011015,98.14902995888266
STU_011016,61.7388003053627
STU_011017,78.9063956031161
STU_011018,84.90099292839622
STU_011019,63.88189219088071
STU_011020,88.64097954222258
STU_011021,66.00123165593149
STU_011022,84.57243574836266
STU_011023,73.61951689173182
STU_011024,76.42366654425004
STU_011025,68.48991104676553
STU_011026,74.75319002398844
STU_011027,72.9189500258187
STU_011028,89.9999684971571
STU_011029,78.87993076475259
STU_011030,61.69118303330719
STU_011031,59.318216003774744
STU_011032,62.80918092337213
STU_011033,56.871511755980315
STU_011034,72.08697011266798
STU_011035,89.25251185753214
STU_011036,95.7589141452127
STU_011037,89.7924465936501
STU_011038,86.31340222655612
STU_011039,64.28606578986044
STU_011040,76.97326856680633
STU_011041,56.54804141815828
STU_011042,62.73689822444279
STU_011043,69.74452387919315
STU_011044,61.433621980070164
STU_011045,98.09279037404244
STU_011046,81.1720206715435
STU_011047,78.66512416944585
STU_011048,66.19658992076447
STU_011049,79.53162166212068
STU_011050,76.24454103949576
STU_011051,86.20324370229574
STU_011052,99.98561155576041
STU_011053,53.73679240208318
STU_011054,72.69009505129657
STU_011055,60.17136404696225
STU_011056,57.50657737062493
STU_011057,91.95651990607624
STU_011058,100.0
STU_011059,96.94193932896698
STU_011060,69.18994944832035
STU_011061,62.2868076346688
STU_011062,64.2774964938372
STU_011063,90.18288376091199
STU_011064,73.1805081176498
STU_011065,70.94284792182049
STU_011066,73.14391829626298
STU_011067,85.77265674986143
STU_011068,94.053462411416
STU_011069,91.7702281673752
STU_011070,68.13368120996043
STU_011071,88.78215173350617
STU_011072,92.92298262102452
STU_011073,71.82952099079351
STU_011074,89.74633905718069
STU_011075,68.6483898319898
STU_011076,98.4349899954933
STU_011077,72.47815597510657
STU_011078,72.35537086615626
STU_011079,66.23545449151355
STU_011080,61.313675625324876
STU_011081,87.22348404970273
STU_011082,52.10593152390733
STU_011083,95.35557813055641
STU_011084,72.71142630146333
STU_011085,88.31582669897514
STU_011086,64.06680296327347
STU_011087,73.4526257617374
STU_011088,76.23609042444262
STU_011089,90.5254144133723
STU_011090,92.39549665291764
STU_011091,78.26901507260027
STU_011092,68.67405094172871
STU_011093,79.09370699793533
STU_011094,62.199325552915006
STU_011095,80.91188455097176
STU_011096,62.24910053971128
STU_011097,86.81287207769753
STU_011098,86.27267276670793
STU_011099,83.90698264970737
STU_011100,59.22340426753392
STU_011101,60.70997110052784
STU_011102,80.35472809378949
STU_011103,65.55859641612236
STU_011104,91.11523991371655
STU_011105,76.61734262120817
STU_011106,85.35003537534853
STU_011107,57.904736576856266
STU_011108,80.09212477602858
STU_011109,94.87467402107305
STU_011110,99.67162619417329
STU_011111,79.13978031635823
STU_011112,76.73581555279776
STU_011113,82.48843416121233
STU_011114,93.85174070248934
STU_011115,96.03106075155883
STU_011116,87.39460886990688
STU_011117,71.15399484242391
STU_011118,72.0738076980721
STU_011119,82.13096663869135
STU_011120,78.4765298495411
STU_011121,78.21966910117317
STU_011122,59.090340523078225
STU_011123,98.82761248698608
STU_011124,62.93738434698608
STU_011125,100.0
STU_011126,84.85329482311681
STU_011127,75.8715494956659
STU_011128,67.49730177303078
STU_011129,87.0026871444219
STU_011130,61.505539859471526
STU_011131,86.0713363173272
STU_011132,73.94710961584802
STU_011133,83.13612015356595
STU_011134,59.67027073697136
STU_011135,58.5568986265006
STU_011136,94.30509858600017
STU_011137,75.14157911910424
STU_011138,100.0
STU_011139,73.46535826496402
STU_011140,85.34816437480322
STU_011141,54.27632630822178
STU_011142,93.44892149745269
STU_011143,81.97593662317712
STU_011144,66.38997836713966
STU_011145,65.11764551088395
STU_011146,65.05802386840266
STU_011147,95.23714428256298
STU_011148,90.87323171538449
STU_011149,89.92579668425842
STU_011150,78.49862752476042
STU_011151,95.95840077335562
STU_011152,68.6256811863768
STU_011153,74.20413868757913
STU_011154,73.1774811357839
STU_011155,68.2746382274649
STU_011156,76.21182826446393
STU_011157,61.365347455043015
STU_011158,71.18947430427559
STU_011159,66.0310034873454
STU_011160,57.0451285760499
STU_011161,92.02736104669555
STU_011162,69.73044685934182
STU_011163,72.75638542942869
STU_011164,85.9615208669456
STU_011165,75.37872340529424
STU_011166,74.23258234994555
STU_011167,70.64623177947607
STU_011168,80.58921401311632
STU_011169,87.02252543054426
STU_011170,62.57563772758906
STU_011171,72.92554020484084
STU_011172,98.35437704444685
STU_011173,91.07287172380788
STU_011174,71.04718994964902
STU_011175,64.0736861395473
STU_011176,83.84829988602948
STU_011177,72.89722056802414
STU_011178,92.4193876177897
STU_011179,87.49951938541497
STU_011180,68.3821325048201
STU_011181,79.72709750506428
STU_011182,91.56978136760192
STU_011183,58.79182600691389
STU_011184,80.1500181773258
STU_011185,76.21555911912638
STU_011186,46.986490571960076
STU_011187,84.23421265600949
STU_011188,81.23466295038735
STU_011189,47.26413212141129
STU_011190,80.07606706961478
STU_011191,93.44893063460347
STU_011192,79.27835180434943
STU_011193,67.43042020423792
STU_011194,87.14078225595406
STU_011195,79.3385440134613
STU_011196,91.71725649107114
STU_011197,98.44296307859481
STU_011198,77.16784247552839
STU_011199,88.65944186263408
STU_011200,71.61857770514288
STU_011201,60.274798387690474
STU_011202,62.84584034275949
STU_011203,83.54463948205277
STU_011204,88.8763767489784
STU_011205,84.33845654968115
STU_011206,82.15095270904297
STU_011207,61.69547264424157
STU_011208,72.4487789058266
STU_011209,78.11433191917399
STU_011210,71.97612302866607
STU_011211,78.45058341797424
STU_011212,73.49653759095823
STU_011213,83.32181092308929
STU_011214,58.80718802015003
STU_011215,94.06049943366396
STU_011216,60.52954192504573
STU_011217,100.0
STU_011218,62.56605612204614
STU_011219,84.52782418617294
STU_011220,66.59647864118429
STU_011221,79.35577517122906
STU_011222,90.87470452247483
STU_011223,66.5602746864417
STU_011224,99.01198656744256
STU_011225,47.80266897759126
STU_011226,85.31213125135203
STU_011227,67.27640733454774
STU_011228,95.85171829490115
STU_011229,83.0596108941846
STU_011230,86.52935523013522
STU_011231,92.43516715601275
STU_011232,85.06942083523101
STU_011233,71.2573315750786
STU_011234,83.3140080870314
STU_011235,96.93701573082564
STU_011236,64.55891395908638
STU_011237,64.73337899148643
STU_011238,68.77109271553589
STU_011239,80.5497941062415
STU_011240,91.39839740751134
STU_011241,97.58326877089519
STU_011242,63.40221919171912
STU_011243,64.9818087287833
STU_011244,55.77115253109072
STU_011245,72.2163003487081
STU_011246,71.76157545103555
STU_011247,86.59802137194663
STU_011248,69.11899278981231
STU_011249,68.37326498615046
STU_011250,71.49256378829912
STU_011251,71.47002922378039
STU_011252,74.13203586934135
STU_011253,78.51652837111259
STU_011254,98.93500003846555
STU_011255,91.159926212118
STU_011256,82.06639743350078
STU_011257,53.79037069141619
STU_011258,81.20995667380667
STU_011259,79.23084392897618
STU_011260,100.0
STU_011261,63.43195957868908
STU_011262,90.72422822635951
STU_011263,56.057077710329445
STU_011264,48.708794011597526
STU_011265,75.41013887372664
STU_011266,77.75509330021798
STU_011267,87.78335717423357
STU_011268,65.36378055465435
STU_011269,91.31565314831454
STU_011270,74.22719005504001
STU_011271,78.50954221318872
STU_011272,88.75920841204992
STU_011273,74.06690936520242
STU_011274,81.87204286642614
STU_011275,75.19709269977896
STU_011276,82.03857051121729
STU_011277,74.15709385221014
STU_011278,71.76514919939551
STU_011279,99.41276581179287
STU_011280,76.66599103163347
STU_011281,72.43136351434778
STU_011282,88.49716137221097
STU_011283,78.26090419179602
STU_011284,55.4974064599084
STU_011285,95.21710235499769
STU_011286,79.81947910571913
STU_011287,75.39931705379564
STU_011288,75.2329822667117
STU_011289,62.89675213834944
STU_011290,66.90497171571761
STU_011291,83.83317722467012
STU_011292,43.21450974694312
STU_011293,93.3849775358755
STU_011294,76.11810261207617
STU_011295,78.1876942695922
STU_011296,96.33283884187367
STU_011297,69.50619333620081
STU_011298,55.75871097912655
STU_011299,84.01417562094949
STU_011300,92.39588297114288
STU_011301,100.0
STU_011302,71.49681743809639
STU_011303,80.60100095927912
STU_011304,84.08948579495194
STU_011305,75.77891015915323
STU_011306,72.53554130501949
STU_011307,63.36359452448833
STU_011308,51.99023238142064
STU_011309,79.16775579931637
STU_011310,52.32946355150576
STU_011311,86.64509338974547
STU_011312,67.4752809681199
STU_011313,85.99006286042834
STU_011314,61.42832719305416
STU_011315,80.99872229309028
STU_011316,58.38441052298344
STU_011317,76.34034258989163
STU_011318,63.96466344491455
STU_011319,85.35276015843961
STU_011320,55.55986423161296
STU_011321,90.58638902702961
STU_011322,67.61289999113593
STU_011323,50.89569567755047
STU_011324,61.29301426761738
STU_011325,57.67518119542181
STU_011326,80.92619135285238
STU_011327,78.73688902169847
STU_011328,86.85744915735377
STU_011329,61.328230462324115
STU_011330,55.363211984203986
STU_011331,59.488015507269175
STU_011332,91.8057002462837
STU_011333,64.45506365466548
STU_011334,82.73074636055193
STU_011335,67.0544410460839
STU_011336,60.89089034147807
STU_011337,80.79272613978043
STU_011338,94.23623388353673
STU_011339,73.38917299712753
STU_011340,72.05048534665819
STU_011341,99.17506000706504
STU_011342,83.08156579986793
STU_011343,82.1867610211668
STU_011344,42.12143416731045
STU_011345,65.8437524680467
STU_011346,72.05137750739016
STU_011347,99.64991981851706
STU_011348,78.57900636601713
STU_011349,99.99031970092707
STU_011350,68.73682544884345
STU_011351,75.72023427612044
STU_011352,79.49570915792658
STU_011353,68.50394644336514
STU_011354,91.35894483264659
STU_011355,65.84987038873024
STU_011356,87.70986280141524
STU_011357,69.37900703224507
STU_011358,94.9931619747519
STU_011359,100.0
STU_011360,100.0
STU_011361,65.74414927532578
STU_011362,80.73336821542532
STU_011363,100.0
STU_011364,88.13981680158325
STU_011365,66.46389544253486
STU_011366,87.44204469545419
STU_011367,71.64526288755548
STU_011368,81.77026142454238
STU_011369,70.0912670042594
STU_011370,85.16023422123779
STU_011371,67.01648308131189
STU_011372,94.94268208404414
STU_011373,65.61460077260055
STU_011374,74.03108687005167
STU_011375,86.6325943637146
STU_011376,49.26367884213421
STU_011377,99.93334146400151
STU_011378,83.1944107781905
STU_011379,87.90466251361754
STU_011380,71.92396580126454
STU_011381,63.60195526760816
STU_011382,78.77574586047558
STU_011383,91.48487571946617
STU_011384,70.19559197417261
STU_011385,77.78515871819732
STU_011386,69.11781301184658
STU_011387,57.69820252759774
STU_011388,64.46865566560675
STU_011389,58.38793046350604
STU_011390,90.75891350060724
STU_011391,58.66937999974568
STU_011392,74.23981914701012
STU_011393,75.58181555001812
STU_011394,82.15761041578413
STU_011395,85.3732567343502
STU_011396,87.90268316341444
STU_011397,66.14260788494548
STU_011398,100.0
STU_011399,73.63862798275984
STU_011400,70.35921901831176
STU_011401,75.20492266819811
STU_011402,77.09327772287952
STU_011403,82.55030114726974
STU_011404,99.94836299652655
STU_011405,81.27568458146797
STU_011406,83.11810286611504
STU_011407,97.4627829239719
STU_011408,74.166147052373
STU_011409,86.23162502175803
STU_011410,72.45483640765346
STU_011411,93.08096003437701
STU_011412,71.50497729043998
STU_011413,61.94587842804183
STU_011414,91.19951441946417
STU_011415,74.58284001202613
STU_011416,97.83918887360758
STU_011417,77.34210124332633
STU_011418,61.961972314462685
STU_011419,73.53469528250724
STU_011420,93.21386657380287
STU_011421,93.51024939968062
STU_011422,74.2863997227689
STU_011423,62.251218328907555
STU_011424,70.09831446550483
STU_011425,69.2563671926742
STU_011426,98.19038799662653
STU_011427,63.639879355503915
STU_011428,86.43975267069646
STU_011429,72.8557225196709
STU_011430,73.26759649978003
STU_011431,75.66038111483508
STU_011432,72.86670471900617
STU_011433,95.13781974416024
STU_011434,96.75677957356767
STU_011435,72.61552812453027
STU_011436,86.97577817043063
STU_011437,63.193418852918576
STU_011438,66.72437100869972
STU_011439,80.01412669058429
STU_011440,67.64315088808426
STU_011441,75.19606540333365
STU_011442,76.14803042071114
STU_011443,72.26288769390129
STU_011444,73.61117352264898
STU_011445,70.46849773223524
STU_011446,58.28396428291199
STU_011447,91.42750624821151
STU_011448,63.91968531509101
STU_011449,69.89305570712955
STU_011450,81.19605096299112
STU_011451,83.852168469287
STU_011452,78.74747936723855
STU_011453,78.30649102672284
STU_011454,65.85126303676111
STU_011455,53.33531988210644
STU_011456,91.1434203376661
STU_011457,68.50956281029657
STU_011458,99.0716687495015
STU_011459,74.13435822600451
STU_011460,84.33416780251723
STU_011461,74.9560277011289
STU_011462,82.53548315004258
STU_011463,79.41270948087976
STU_011464,77.04663730721273
STU_011465,64.94659860160384
STU_011466,79.97477558172822
STU_011467,72.46488407566078
STU_011468,63.16235272806715
STU_011469,71.91636792789154
STU_011470,94.88739803477002
STU_011471,62.484290671018805
STU_011472,68.70533925235456
STU_011473,76.40168203453825
STU_011474,88.7645872161921
STU_011475,87.6464403325937
STU_011476,96.8130532227778
STU_011477,99.5020377013251
STU_011478,52.36487608579643
STU_011479,65.30367079642407
STU_011480,99.85847760963732
STU_011481,72.03350721323102
STU_011482,58.96681510702226
STU_011483,95.6410691808736
STU_011484,73.51817421150464
STU_011485,76.71159796295015
STU_011486,59.36073604311347
STU_011487,80.70246729893701
STU_011488,74.19334938053645
STU_011489,74.56324542432066
STU_011490,84.79651049085875
STU_011491,58.235741604584845
STU_011492,81.51999936703923
STU_011493,94.58771397943858
STU_011494,84.61256718543814
STU_011495,83.62477500747228
STU_011496,95.7769621131644
STU_011497,71.0969676263755
STU_011498,74.65856764681767
STU_011499,82.48369102797206
STU_011500,72.58557442564106
STU_011501,67.9703950509505
STU_011502,49.43104631294489
STU_011503,86.91596396384222
STU_011504,59.99750902432421
STU_011505,71.48399592112173
STU_011506,57.1091045752491
STU_011507,70.26060075348798
STU_011508,83.19661508730411
STU_011509,68.45955842891492
STU_011510,78.70945082324448
STU_011511,97.83631221055609
STU_011512,51.68419642071719
STU_011513,77.53752246837088
STU_011514,78.60636573367844
STU_011515,67.7210285177058
STU_011516,81.25400691761914
STU_011517,89.57678642064857
STU_011518,98.12817657416902
STU_011519,65.20058833105004
STU_011520,49.25767111328907
STU_011521,50.59874510778997
STU_011522,100.0
STU_011523,73.68222170860813
STU_011524,83.19126479838019
STU_011525,98.09874861287139
STU_011526,86.05817717232667
STU_011527,87.17611869589248
STU_011528,86.56297380284576
STU_011529,80.03383505233134
STU_011530,64.19864246537846
STU_011531,76.02221783436778
STU_011532,72.96817609809423
STU_011533,77.31103270064773
STU_011534,77.59882619656386
STU_011535,68.28929323840002
STU_011536,57.40981307136259
STU_011537,56.795001466482326
STU_011538,70.92079241941535
STU_011539,70.51156591429293
STU_011540,77.26862045874074
STU_011541,81.32343020726162
STU_011542,61.04348939080845
STU_011543,79.9521731229887
STU_011544,86.33838523772909
STU_011545,89.80269930423886
STU_011546,59.19951138437636
STU_011547,92.34361357983944
STU_011548,83.15222858588884
STU_011549,63.97442794630197
STU_011550,79.56405489799448
STU_011551,75.33465771189499
STU_011552,55.79086401552799
STU_011553,75.64358152825548
STU_011554,82.4472080236691
STU_011555,83.18358508795173
STU_011556,99.86175066806254
STU_011557,58.16823496751637
STU_011558,100.0
STU_011559,92.11490344652242
STU_011560,96.72514773231943
STU_011561,69.21320864092039
STU_011562,99.64607603990933
STU_011563,91.75754532096624
STU_011564,58.87043877004603
STU_011565,74.22178985442957
STU_011566,71.78388803042772
STU_011567,65.4778683609146
STU_011568,56.4394237326246
STU_011569,75.99855915134356
STU_011570,98.916630081123
STU_011571,77.67425327488255
STU_011572,85.15989868471611
STU_011573,75.57510448046949
STU_011574,67.10743004156902
STU_011575,70.45593118019622
STU_011576,75.91378559542947
STU_011577,63.149679779725
STU_011578,67.34643492514908
STU_011579,71.98741963059925
STU_011580,93.30426045708799
STU_011581,61.25050872259177
STU_011582,83.52609289971109
STU_011583,64.53777949002551
STU_011584,85.73545630680972
STU_011585,87.80225026950062
STU_011586,81.89782890731792
STU_011587,94.69410079616972
STU_011588,89.86498056712541
STU_011589,83.45394772772946
STU_011590,67.24938595286424
STU_011591,63.17509233106301
STU_011592,94.08325126623858
STU_011593,76.33445839277783
STU_011594,97.05525248227131
STU_011595,94.43400789573712
STU_011596,72.08046140336698
STU_011597,67.65611793984083
STU_011598,78.0492972009097
STU_011599,63.394129299639424
STU_011600,62.21707490881461
STU_011601,70.234680735408
STU_011602,89.84294208950628
STU_011603,63.97187765112209
STU_011604,84.11440816472954
STU_011605,84.04893109228055
STU_011606,65.62645935117321
STU_011607,93.34266011830377
STU_011608,86.66701001843509
STU_011609,63.034898248592086
STU_011610,82.18701321888749
STU_011611,56.1929812119241
STU_011612,79.13963726818218
STU_011613,68.78190176530646
STU_011614,62.68690943162225
STU_011615,93.00725612932325
STU_011616,93.25208630933791
STU_011617,70.18002002855783
STU_011618,73.4638861141574
STU_011619,79.71038833426844
STU_011620,58.082153954966365
STU_011621,71.44459712517228
STU_011622,73.22092572047542
STU_011623,58.499728286740535
STU_011624,86.8971462516589
STU_011625,99.82524638260034
STU_011626,77.68512302158153
STU_011627,69.21939442792073
STU_011628,67.97337854444454
STU_011629,65.35627837937815
STU_011630,95.82940166958873
STU_011631,51.19134421138433
STU_011632,61.348785443043454
STU_011633,99.987990196532
STU_011634,47.656673597462415
STU_011635,91.44278664602058
STU_011636,63.54975821558732
STU_011637,75.12298877634493
STU_011638,79.76256619745175
STU_011639,88.42671841033325
STU_011640,89.13896423965886
STU_011641,78.58625723145296
STU_011642,77.61861165387018
STU_011643,61.232736969971434
STU_011644,92.62366396170533
STU_011645,96.66816658966597
STU_011646,80.75980358730244
STU_011647,79.763337110085
STU_011648,82.46716765171222
STU_011649,87.80707224249606
STU_011650,93.04805353313358
STU_011651,67.04733879952013
STU_011652,57.51819187145843
STU_011653,100.0
STU_011654,66.23183459392138
STU_011655,72.59302542785761
STU_011656,59.719311424898756
STU_011657,40.95623538231769
STU_011658,99.7465081737828
STU_011659,65.92595541570621
STU_011660,80.88236824977858
STU_011661,99.6863484617872
STU_011662,84.53728640903263
STU_011663,93.55741830263457
STU_011664,89.727329611387
STU_011665,63.573262391251035
STU_011666,70.79898055502443
STU_011667,60.82993245421024
STU_011668,76.41631280309515
STU_011669,62.77710125996536
STU_011670,86.8768223676946
STU_011671,74.05129165594182
STU_011672,92.90308066870749
STU_011673,72.33400419058475
STU_011674,62.85722461501727
STU_011675,91.19232944153599
STU_011676,75.34935788706343
STU_011677,79.30202918151254
STU_011678,49.306974128992245
STU_011679,97.16910413891075
STU_011680,87.98430263507716
STU_011681,96.69608584918338
STU_011682,46.38432718333243
STU_011683,72.28933633386187
STU_011684,59.88218846550089
STU_011685,57.15940976852763
STU_011686,74.08193980451124
STU_011687,88.201439067956
STU_011688,84.7912685933843
STU_011689,70.76025913925157
STU_011690,76.34515874505914
STU_011691,98.482415139718
STU_011692,77.74044356065916
STU_011693,87.5563591998281
STU_011694,90.05400858712005
STU_011695,91.60679972526063
STU_011696,91.53229283342199
STU_011697,67.39098552181122
STU_011698,69.68955341899118
STU_011699,80.51344097731774
STU_011700,61.84592752719156
STU_011701,77.21193088449628
STU_011702,87.00597361628381
STU_011703,91.675271776195
STU_011704,86.52472938543053
STU_011705,76.90000920179023
STU_011706,93.18597448454983
STU_011707,68.21139762762388
STU_011708,72.8864151433818
STU_011709,82.45097538052089
STU_011710,81.40576018684939
STU_011711,81.34674464956339
STU_011712,54.447050236598514
STU_011713,96.70677157581918
STU_011714,74.27427468357858
STU_011715,83.28741240594569
STU_011716,89.7663042591882
STU_011717,76.41434760097613
STU_011718,86.24380551274929
STU_011719,76.19416232880779
STU_011720,98.20610646025035
STU_011721,63.19945773915175
STU_011722,66.83922366340579
STU_011723,70.62992245667368
STU_011724,89.79459746154112
STU_011725,76.86262954667879
STU_011726,54.94483476726868
STU_011727,60.146741884962765
STU_011728,55.986335395022834
STU_011729,78.93384437231433
STU_011730,74.5576166763594
STU_011731,97.07550352960581
STU_011732,83.51737624458647
STU_011733,78.07397012921865
STU_011734,89.82963256830061
STU_011735,74.35072794975439
STU_011736,68.17474663449585
STU_011737,68.20756392356252
STU_011738,90.95487631843885
STU_011739,92.3362734089232
STU_011740,84.99114946536527
STU_011741,78.3370698010012
STU_011742,63.18831400957166
STU_011743,56.23600440600292
STU_011744,74.74181386267972
STU_011745,62.96608505770121
STU_011746,72.04951177020236
STU_011747,89.62019655412462
STU_011748,71.33656971408018
STU_011749,72.23376715765491
STU_011750,94.19311160656275
STU_011751,68.08674946441728
STU_011752,69.62720615092037
STU_011753,49.78237138182539
STU_011754,83.63131813332895
STU_011755,79.07952597019577
STU_011756,81.53717615299706
STU_011757,75.43399236450293
STU_011758,95.87268059586171
STU_011759,74.91170945735199
STU_011760,84.83703890199013
STU_011761,89.2210417674838
STU_011762,76.85512602076182
STU_011763,80.85647803856747
STU_011764,67.24757711717054
STU_011765,78.54355465171021
STU_011766,49.952432505364044
STU_011767,63.70903158379854
STU_011768,88.28042265818995
STU_011769,65.9189380896829
STU_011770,97.43458337350161
STU_011771,66.06487605588475
STU_011772,63.10638856373351
STU_011773,62.52021262354418
STU_011774,62.21292011240487
STU_011775,77.16013199719161
STU_011776,70.25352383411247
STU_011777,73.37821324928153
STU_011778,92.57442976679496
STU_011779,78.3918419938444
STU_011780,70.89131213634731
STU_011781,58.23963043904541
STU_011782,87.92817692902942
STU_011783,78.33336492195446
STU_011784,72.17230669665273
STU_011785,66.4392271005822
STU_011786,81.99356851841647
STU_011787,63.99570479862999
STU_011788,72.29928911503018
STU_011789,62.54017878863755
STU_011790,81.00173702958818
STU_011791,93.1507957007718
STU_011792,80.12517385615415
STU_011793,63.24030811681574
STU_011794,57.62611479780596
STU_011795,59.93790799402858
STU_011796,98.93855621803104
STU_011797,63.36289582992866
STU_011798,67.07343084734892
STU_011799,100.0
STU_011800,71.35859660601776
STU_011801,87.08459506095156
STU_011802,89.23832701736086
STU_011803,72.94884852896553
STU_011804,70.39295364159273
STU_011805,68.51928303631178
STU_011806,67.7974954461315
STU_011807,82.40696922160586
STU_011808,90.7190119531177
STU_011809,91.94532953778292
STU_011810,87.97860787433873
STU_011811,88.97849493910475
STU_011812,68.05492305504826
STU_011813,71.45474666560273
STU_011814,91.77143180498696
STU_011815,71.51656037336433
STU_011816,76.51317027503372
STU_011817,96.67049111771705
STU_011818,75.34156825091647
STU_011819,72.59470229576615
STU_011820,73.09543308799641
STU_011821,72.37743776446106
STU_011822,100.0
STU_011823,71.13663849635057
STU_011824,71.66811115277005
STU_011825,80.32010942510298
STU_011826,69.91105843546424
STU_011827,73.91974117557274
STU_011828,75.12365574886151
STU_011829,72.84468154053592
STU_011830,66.58234074215599
STU_011831,62.91465235540098
STU_011832,69.42120261617399
STU_011833,65.3180778133628
STU_011834,65.226528811264
STU_011835,76.84206369504922
STU_011836,71.91327138630217
STU_011837,74.94465986496095
STU_011838,67.84099931263265
STU_011839,85.17884454262952
STU_011840,79.63514028940455
STU_011841,81.89386183449102
STU_011842,58.586349533178115
STU_011843,56.73398352112072
STU_011844,89.45164880516829
STU_011845,67.23266989495009
STU_011846,92.30637973464327
STU_011847,73.19843084169256
STU_011848,98.10359189629852
STU_011849,74.32032378308564
STU_011850,69.21440858948631
STU_011851,90.01754489918784
STU_011852,88.74689313268131
STU_011853,84.29431840293607
STU_011854,71.07616301787853
STU_011855,88.15360650686108
STU_011856,84.49471141815408
STU_011857,77.15693573478251
STU_011858,79.59806016323365
STU_011859,76.19877744650563
STU_011860,76.60147884453137
STU_011861,70.36867531417518
STU_011862,70.54297905017941
STU_011863,98.06256444140425
STU_011864,50.638337265240686
STU_011865,86.1824591777271
STU_011866,62.53261792487278
STU_011867,88.60104966141304
STU_011868,80.34326642623891
STU_011869,72.42179253080862
STU_011870,92.13943487588996
STU_011871,67.22448491426967
STU_011872,65.78527728552417
STU_011873,79.38763807859485
STU_011874,65.63508523235167
STU_011875,60.152858835442345
STU_011876,67.30251274628229
STU_011877,94.76488861160155
STU_011878,55.15228564982709
STU_011879,78.22724621743697
STU_011880,62.2569437297274
STU_011881,58.243379643493604
STU_011882,85.0970909839235
STU_011883,60.333999389378384
STU_011884,71.42954040463496
STU_011885,60.55438699279398
STU_011886,70.75340535356072
STU_011887,80.1777687048975
STU_011888,79.18280083298343
STU_011889,43.90673322071867
STU_011890,61.388911240493435
STU_011891,85.61756237625646
STU_011892,100.0
STU_011893,89.55649625829585
STU_011894,75.11846714743021
STU_011895,92.03432648997612
STU_011896,56.51197442924751
STU_011897,71.95749414725584
STU_011898,100.0
STU_011899,58.43947258079242
STU_011900,74.20632795498612
STU_011901,73.42374563120326
STU_011902,53.69810096950185
STU_011903,73.2717026364109
STU_011904,80.40707615520209
STU_011905,73.18624728417252
STU_011906,79.9575682815883
STU_011907,85.37258147908577
STU_011908,97.0800144799002
STU_011909,48.31310426887903
STU_011910,86.0609728944731
STU_011911,73.41963009474988
STU_011912,89.00886638462619
STU_011913,71.831531260174
STU_011914,90.35906354854168
STU_011915,80.3048984650742
STU_011916,69.21808893627227
STU_011917,83.62203158579096
STU_011918,77.87643652495993
STU_011919,100.0
STU_011920,72.89884502247708
STU_011921,71.16815304661537
STU_011922,80.97078316808327
STU_011923,62.785568448279996
STU_011924,71.23853718995544
STU_011925,40.66233344059608
STU_011926,71.21319872757762
STU_011927,70.15866665781678
STU_011928,72.36406241683208
STU_011929,78.650446348947
STU_011930,85.41370363784871
STU_011931,89.27198772628863
STU_011932,65.86600010987806
STU_011933,53.40063388133181
STU_011934,84.33372989145636
STU_011935,59.65135324643168
STU_011936,93.87561240079378
STU_011937,67.27947533221572
STU_011938,55.50414966646651
STU_011939,91.83701289501494
STU_011940,80.21676682455173
STU_011941,78.44990547366108
STU_011942,92.85729050422692
STU_011943,70.24521530804742
STU_011944,67.79215420624314
STU_011945,75.85212073918133
STU_011946,97.6957103775216
STU_011947,83.71581469688104
STU_011948,60.675263379615565
STU_011949,80.31965821062519
STU_011950,76.22327207312023
STU_011951,94.87304738537617
STU_011952,66.10084571794313
STU_011953,54.43640826529843
STU_011954,93.66854556323537
STU_011955,58.64581061765239
STU_011956,93.69074702430287
STU_011957,63.28426060017888
STU_011958,94.96647409020844
STU_011959,77.08142279454518
STU_011960,87.18538963915924
STU_011961,89.55534030568164
STU_011962,78.58718877932876
STU_011963,87.63008192999214
STU_011964,71.16965503047497
STU_011965,77.05305919366985
STU_011966,91.13622313178179
STU_011967,55.02650675225617
STU_011968,89.1767626094693
STU_011969,60.259858556570386
STU_011970,82.21696814074069
STU_011971,51.46861684899189
STU_011972,87.87268065564743
STU_011973,66.13273450973277
STU_011974,96.1938087975453
STU_011975,74.22624401365087
STU_011976,66.11110894984319
STU_011977,85.12458399067721
STU_011978,72.67877336903086
STU_011979,79.16694485729387
STU_011980,83.35415796126117
STU_011981,78.1343620931923
STU_011982,97.46910207894713
STU_011983,67.7823619862189
STU_011984,80.1016704561823
STU_011985,75.63307372332963
STU_011986,68.40267691074823
STU_011987,58.06174612633073
STU_011988,81.16450186820403
STU_011989,72.29650906243765
STU_011990,89.72066617940013
STU_011991,64.28847343187614
STU_011992,42.22360788532786
STU_011993,73.73080816743649
STU_011994,65.07009011195368
STU_011995,76.61522882824465
STU_011996,69.66284810560991
STU_011997,90.29163098107811
STU_011998,92.87580989576216
STU_011999,99.8798918918785
STU_012000,88.27647152678195
STU_012001,90.52834784019097
STU_012002,71.33094048572686
STU_012003,76.5404148735183
STU_012004,69.49261351855323
STU_012005,76.73788173124277
STU_012006,94.24721940668454
STU_012007,61.54169354997049
STU_012008,77.07005154771157
STU_012009,71.45680538853242
STU_012010,43.43688791110546
STU_012011,60.824403688012126
STU_012012,73.02407508137283
STU_012013,72.96037815303723
STU_012014,51.09074050420156
STU_012015,65.36674507539925
STU_012016,52.40084760133949
STU_012017,77.42794826675956
STU_012018,84.51519355487204
STU_012019,98.20844941458328
STU_012020,56.58291086334476
STU_012021,64.71177997303299
STU_012022,73.01580681697271
STU_012023,79.681755845249
STU_012024,96.71328161447964
STU_012025,83.81818754401391
STU_012026,66.46979194541245
STU_012027,93.60781420425913
STU_012028,92.40690271380014
STU_012029,61.23588555363446
STU_012030,83.45475014308707
STU_012031,90.24639265947116
STU_012032,65.1632316050225
STU_012033,68.29949974363686
STU_012034,96.60497427565204
STU_012035,67.09123506975145
STU_012036,69.98562083744578
STU_012037,80.97690750785077
STU_012038,64.1243220700066
STU_012039,67.3110269427834
STU_012040,96.9693166469426
STU_012041,72.36447168961547
STU_012042,87.1745637611676
STU_012043,73.26398362607229
STU_012044,73.68444834126157
STU_012045,54.881158156569064
STU_012046,86.59236434501474
STU_012047,98.72406457498442
STU_012048,56.29322580281496
STU_012049,79.50425658538028
STU_012050,72.22599229784782
STU_012051,34.8988957479985
STU_012052,86.0628909975261
STU_012053,81.22486246752497
STU_012054,69.93074718073346
STU_012055,76.69629655710426
STU_012056,96.81013000922997
STU_012057,90.02692441453046
STU_012058,65.83687445027651
STU_012059,56.831149689934044
STU_012060,76.1539629878615
STU_012061,60.213570568067055
STU_012062,93.06042025371553
STU_012063,54.92523052901902
STU_012064,65.94371673227901
STU_012065,85.56648334869234
STU_012066,78.85273812255481
STU_012067,83.04710779015089
STU_012068,64.4292340794105
STU_012069,66.50191147266158
STU_012070,86.48520115941655
STU_012071,75.53244140551591
STU_012072,75.97881066816035
STU_012073,92.94566194999828
STU_012074,83.54731673854315
STU_012075,52.60046802885154
STU_012076,65.48482495973694
STU_012077,65.54683630878189
STU_012078,69.41685749437156
STU_012079,80.95644774395669
STU_012080,71.81974185890519
STU_012081,50.673728072750514
STU_012082,90.75342882554287
STU_012083,68.75168310876074
STU_012084,77.12150774025179
STU_012085,97.71920047677952
STU_012086,80.09824650527887
STU_012087,78.26719520124554
STU_012088,76.02900397946783
STU_012089,76.19535916087604
STU_012090,93.91036530411385
STU_012091,83.86281145186707
STU_012092,76.18314858584918
STU_012093,72.79729945360438
STU_012094,80.50147878847753
STU_012095,62.49329174491776
STU_012096,76.48063232429224
STU_012097,78.69025789453916
STU_012098,64.5095569719882
STU_012099,76.79861780809028
STU_012100,88.20480467839653
STU_012101,93.21382835964997
STU_012102,64.6521407879472
STU_012103,77.09367100834041
STU_012104,59.580887034670276
STU_012105,83.36130999901732
STU_012106,90.22652504969008
STU_012107,80.55951110625284
STU_012108,89.47961904542375
STU_012109,74.50099713277028
STU_012110,72.33660698256651
STU_012111,47.540611143350155
STU_012112,80.57435492187558
STU_012113,92.43461872916419
STU_012114,69.59571856541831
STU_012115,74.74953600867381
STU_012116,76.21618097831494
STU_012117,92.8635794460249
STU_012118,66.08508598479384
STU_012119,90.34845470080045
STU_012120,63.1535908422262
STU_012121,68.48360582819164
STU_012122,67.49037975519566
STU_012123,83.42936418156471
STU_012124,64.90738436512089
STU_012125,77.26785839640297
STU_012126,75.82355992066812
STU_012127,74.9123105909949
STU_012128,76.19500580495738
STU_012129,75.17976594532522
STU_012130,68.73432881127106
STU_012131,50.40818811252234
STU_012132,80.84130819363439
STU_012133,77.07597956997812
STU_012134,61.51285570203718
STU_012135,65.65193239886382
STU_012136,56.08499665352849
STU_012137,67.86175781100867
STU_012138,54.08389292352275
STU_012139,66.31465774147595
STU_012140,76.38819864569788
STU_012141,63.595053396410954
STU_012142,80.0839814842314
STU_012143,98.94943375830914
STU_012144,81.9701202519209
STU_012145,75.44725642043603
STU_012146,78.41864841347427
STU_012147,66.76734535192406
STU_012148,74.27046205283554
STU_012149,83.51580131563514
STU_012150,81.47424538351486
STU_012151,79.7202135543025
STU_012152,56.22095135578984
STU_012153,73.04183037270973
STU_012154,80.74436333439927
STU_012155,63.10140404636397
STU_012156,72.29857212574794
STU_012157,81.8980606196712
STU_012158,84.431569466286
STU_012159,82.8582535485953
STU_012160,91.95771741428445
STU_012161,92.63778814770279
STU_012162,81.50444905404915
STU_012163,99.17562909757335
STU_012164,41.79589241323394
STU_012165,69.77286997891999
STU_012166,63.27138442860588
STU_012167,91.24879317650907
STU_012168,57.672553759662094
STU_012169,63.028268163658325
STU_012170,67.0256239844795
STU_012171,81.90457737850791
STU_012172,93.52703295179457
STU_012173,91.07866797419157
STU_012174,83.89572956579033
STU_012175,88.12515131214064
STU_012176,70.68403219697693
STU_012177,74.07627134516713
STU_012178,85.8114310611219
STU_012179,70.26979579983293
STU_012180,82.14402508605004
STU_012181,96.26357424798609
STU_012182,73.686896967755
STU_012183,92.86788408747182
STU_012184,71.38594946348674
STU_012185,73.93483732548026
STU_012186,93.43819577352264
STU_012187,52.34254772654029
STU_012188,62.74336613484547
STU_012189,61.342747724881264
STU_012190,91.87263324366452
STU_012191,78.73160541961144
STU_012192,72.39569973017458
STU_012193,66.30494302045756
STU_012194,80.04672420500216
STU_012195,69.23347322509603
STU_012196,45.566165868127854
STU_012197,91.40412473891934
STU_012198,67.08249547896327
STU_012199,84.63197854539212
STU_012200,57.2004453150133
STU_012201,68.59361586010472
STU_012202,83.03455270966836
STU_012203,86.36096170420296
STU_012204,73.66649537421742
STU_012205,74.4836052725478
STU_012206,89.11067369279004
STU_012207,90.64968157789556
STU_012208,78.31790239931742
STU_012209,57.50368480395011
STU_012210,75.22658097910069
STU_012211,81.4605256399894
STU_012212,73.38311672790356
STU_012213,86.18963487880215
STU_012214,67.82703550917569
STU_012215,63.721961022542615
STU_012216,88.32041971697613
STU_012217,95.64825747735004
STU_012218,99.99373072464091
STU_012219,69.49335939915234
STU_012220,61.17229370060664
STU_012221,82.84530847186959
STU_012222,69.39017448108642
STU_012223,62.88584590939943
STU_012224,70.50443726653066
STU_012225,91.11049526267146
STU_012226,73.92735625967237
STU_012227,75.87495575965626
STU_012228,62.89808728540872
STU_012229,80.66253074535412
STU_012230,82.92835146300328
STU_012231,63.13259038713081
STU_012232,79.8680566752542
STU_012233,84.65753486393317
STU_012234,67.38791285605643
STU_012235,67.553573971889
STU_012236,99.44788411641055
STU_012237,68.03857509652218
STU_012238,64.62237940737701
STU_012239,73.95334224384433
STU_012240,71.39559448042841
STU_012241,93.24243530395606
STU_012242,75.32583510894739
STU_012243,52.22764509430944
STU_012244,61.13186732005193
STU_012245,78.85201435537249
STU_012246,61.87127828564082
STU_012247,56.49275305808067
STU_012248,93.19435272344587
STU_012249,84.46855983674274
STU_012250,85.55604034925926
STU_012251,70.36355973424467
STU_012252,62.2657873588457
STU_012253,56.28884541015083
STU_012254,51.77255664262967
STU_012255,82.21137285235379
STU_012256,69.87102321052689
STU_012257,83.37204365131913
STU_012258,72.54205224520153
STU_012259,79.21783040866504
STU_012260,85.85528328757258
STU_012261,88.89513512411743
STU_012262,84.20167395995117
STU_012263,67.020592137355
STU_012264,63.7832602617505
STU_012265,66.84069867768322
STU_012266,98.33799416423341
STU_012267,92.97813898409562
STU_012268,53.501090010802265
STU_012269,84.80489259861245
STU_012270,69.78269443337138
STU_012271,75.6571303557949
STU_012272,71.92784190968908
STU_012273,71.80045471032788
STU_012274,60.80389955095684
STU_012275,94.2600143923728
STU_012276,69.61704502883433
STU_012277,75.70993814694698
STU_012278,65.20824229757581
STU_012279,76.58268676630945
STU_012280,70.86848671233058
STU_012281,56.431907754484236
STU_012282,93.40236319178607
STU_012283,92.49271094264434
STU_012284,66.22328890354552
STU_012285,76.46332133086996
STU_012286,74.48026511899509
STU_012287,94.48000717931608
STU_012288,79.35917996265215
STU_012289,91.54004324009469
STU_012290,83.1530025034542
STU_012291,66.54658501416
STU_012292,77.09191076148285
STU_012293,71.19769934997062
STU_012294,87.62378704098984
STU_012295,79.05231765935419
STU_012296,78.39494947611405
STU_012297,73.69539294274584
STU_012298,68.28868647891333
STU_012299,89.8026023917287
STU_012300,56.190469843339464
STU_012301,89.05627178461884
STU_012302,78.36236721753873
STU_012303,62.4265145963399
STU_012304,47.910867400534805
STU_012305,97.6799457969048
STU_012306,71.45492003765058
STU_012307,70.58974754381404
STU_012308,85.94414659088375
STU_012309,73.30815959446119
STU_012310,72.4699804868857
STU_012311,83.14515627248505
STU_012312,59.4303201906634
STU_012313,73.12710812268767
STU_012314,98.8238858907793
STU_012315,89.99105102103675
STU_012316,72.69502381603989
STU_012317,99.93760460555262
STU_012318,79.82072211633195
STU_012319,78.5675619638608
STU_012320,63.44831702146877
STU_012321,64.16094868494704
STU_012322,91.47162153577368
STU_012323,60.686180663838975
STU_012324,85.99730400766668
STU_012325,68.02700990020524
STU_012326,77.3683337985396
STU_012327,61.83244702893248
STU_012328,62.10505758304704
STU_012329,96.49307905979926
STU_012330,89.77260860632906
STU_012331,80.80441925468037
STU_012332,67.72877065312053
STU_012333,84.76083201441965
STU_012334,71.17436941240523
STU_012335,67.66538000543186
STU_012336,92.35110955988459
STU_012337,88.17721093900101
STU_012338,66.20926287058323
STU_012339,84.56755009754367
STU_012340,65.13534718834234
STU_012341,55.530696304482944
STU_012342,91.07939271330207
STU_012343,85.31862657477382
STU_012344,60.91504061762663
STU_012345,69.5683752705433
STU_012346,69.94857335460635
STU_012347,95.23162387220822
STU_012348,76.34056280198965
STU_012349,65.81348248227053
STU_012350,82.34849896034459
STU_012351,84.82825662156881
STU_012352,86.91806499650869
STU_012353,94.0112036237866
STU_012354,58.452732520539016
STU_012355,83.0242661556438
STU_012356,84.57881961118255
STU_012357,69.987772475643
STU_012358,96.60394841380251
STU_012359,84.42566239297582
STU_012360,71.86893697821291
STU_012361,65.92488981475272
STU_012362,82.45303267462708
STU_012363,78.39721589703571
STU_012364,80.89530433409352
STU_012365,66.85674536161366
STU_012366,85.0997127631576
STU_012367,77.19317492144822
STU_012368,60.83082917861102
STU_012369,78.0828334082011
STU_012370,99.98473648106842
STU_012371,72.47686802239141
STU_012372,85.42842448006019
STU_012373,73.38203472972471
STU_012374,72.75070013608452
STU_012375,63.10861881348575
STU_012376,82.03039287725987
STU_012377,84.53577387487388
STU_012378,73.72712919379249
STU_012379,74.1598254840941
STU_012380,96.10429835938673
STU_012381,99.8825045365204
STU_012382,67.75029391932432
STU_012383,82.05368755992626
STU_012384,97.09865385257272
STU_012385,86.91008860281529
STU_012386,79.85780981949985
STU_012387,81.54662221789424
STU_012388,83.44476389318149
STU_012389,98.174937301502
STU_012390,73.12634118963703
STU_012391,51.18764046893755
STU_012392,79.4072709233448
STU_012393,67.52496387338181
STU_012394,68.34073369044664
STU_012395,82.5783866052867
STU_012396,80.99430222308058
STU_012397,73.43714948117567
STU_012398,81.6706205568812
STU_012399,79.84745815379989
STU_012400,78.30201744050927
STU_012401,93.06208326793582
STU_012402,99.94276855112648
STU_012403,47.52595498199631
STU_012404,72.96249281731006
STU_012405,62.34249458203149
STU_012406,66.5217203307243
STU_012407,94.49954206808577
STU_012408,80.92430935414262
STU_012409,66.01013519583896
STU_012410,44.32928123381188
STU_012411,94.4250056594802
STU_012412,71.77888877499579
STU_012413,57.13707853979605
STU_012414,97.64069181564089
STU_012415,86.98161343009309
STU_012416,93.83019607968839
STU_012417,57.943787330517985
STU_012418,85.07042583405352
STU_012419,72.07952808956414
STU_012420,55.387906033588756
STU_012421,69.22264958865459
STU_012422,86.06728585849302
STU_012423,83.0511756252534
STU_012424,85.00693856005607
STU_012425,51.635459703380725
STU_012426,83.92015277282232
STU_012427,65.34933619002537
STU_012428,84.38420741993234
STU_012429,57.60952232095262
STU_012430,71.13720922456193
STU_012431,69.52242411903869
STU_012432,61.90930271099795
STU_012433,55.324708899555645
STU_012434,91.35905110369112
STU_012435,66.53795254712419
STU_012436,71.8947430319359
STU_012437,88.50761517723659
STU_012438,58.674926887922915
STU_012439,76.82747178885501
STU_012440,75.4768027514278
STU_012441,95.15858562949887
STU_012442,99.46312023194542
STU_012443,64.64931551692555
STU_012444,88.29021794927203
STU_012445,68.94366734486479
STU_012446,84.2103075934742
STU_012447,91.70789412497236
STU_012448,70.86138914953094
STU_012449,79.78979123501846
STU_012450,72.61027913122626
STU_012451,84.84776092382195
STU_012452,80.80659011858778
STU_012453,95.02802927359275
STU_012454,86.95610604865261
STU_012455,75.75900626108701
STU_012456,93.02069260277901
STU_012457,65.34022130123977
STU_012458,81.23314428874947
STU_012459,57.86489982380531
STU_012460,85.43773936518004
STU_012461,75.30373712023676
STU_012462,71.08673422770265
STU_012463,82.36815872317707
STU_012464,75.55873354910962
STU_012465,74.56508037113841
STU_012466,69.63771146752899
STU_012467,75.71349873328391
STU_012468,86.08036407959656
STU_012469,87.79764879421049
STU_012470,51.577021694442436
STU_012471,52.39030383307331
STU_012472,96.99305089591569
STU_012473,70.51164265897005
STU_012474,63.48288155310868
STU_012475,68.76267990160203
STU_012476,49.15890805987965
STU_012477,96.90347128244105
STU_012478,71.83254708451587
STU_012479,63.387272198497946
STU_012480,77.33626307422142
STU_012481,90.5601836407565
STU_012482,66.97213344623658
STU_012483,62.09921588074883
STU_012484,66.81341305079401
STU_012485,74.34595214761264
STU_012486,72.21916375622612
STU_012487,67.22808005421314
STU_012488,72.27843255053475
STU_012489,79.93270378074753
STU_012490,90.23100991143191
STU_012491,59.454497323824086
STU_012492,61.249607466378976
STU_012493,60.010858044800315
STU_012494,74.3558170889794
STU_012495,74.56788662863406
STU_012496,80.19592374283275
STU_012497,89.58234211694895
STU_012498,70.38343635536569
STU_012499,76.83566968929108
STU_012500,79.44188027773257
STU_012501,96.57249914964325
STU_012502,82.24008934860396
STU_012503,85.36260769425925
STU_012504,76.02079057174066
STU_012505,82.637841164707
STU_012506,67.89202923122863
STU_012507,88.09407842411855
STU_012508,68.37962172111997
STU_012509,84.83658135621162
STU_012510,77.07121276709624
STU_012511,73.89100099419862
STU_012512,77.7763304811361
STU_012513,68.41995862207199
STU_012514,100.0
STU_012515,88.68514141508028
STU_012516,78.12094918763059
STU_012517,99.88284909876386
STU_012518,54.371961606894985
STU_012519,77.13035952561498
STU_012520,71.39740172247005
STU_012521,95.66888624300334
STU_012522,96.35982603594532
STU_012523,81.77603940529933
STU_012524,97.28127790437362
STU_012525,88.96839007870504
STU_012526,99.00088628696135
STU_012527,88.71439101618186
STU_012528,61.83903382477665
STU_012529,99.60151781968207
STU_012530,75.56796748414675
STU_012531,75.90985480595648
STU_012532,71.63835902566989
STU_012533,89.32882087793742
STU_012534,56.69852468028366
STU_012535,87.35776294753381
STU_012536,74.62891437132271
STU_012537,53.592850807847846
STU_012538,60.95535259168311
STU_012539,87.91752154247402
STU_012540,69.26246996991351
STU_012541,99.92189209918865
STU_012542,99.33162017600486
STU_012543,71.65975017730517
STU_012544,80.14164082579157
STU_012545,67.81545899863352
STU_012546,79.92849486148752
STU_012547,100.0
STU_012548,53.36124944303919
STU_012549,73.3058917474783
STU_012550,89.51235718047913
STU_012551,92.2510000714924
STU_012552,73.8642692767228
STU_012553,79.02718444456457
STU_012554,64.30120858604747
STU_012555,52.01168420417372
STU_012556,61.57348967591434
STU_012557,79.50136632961986
STU_012558,68.15202583393355
STU_012559,91.90132976741658
STU_012560,71.6876278640717
STU_012561,59.66717482593999
STU_012562,66.87297855998492
STU_012563,81.20793870425727
STU_012564,90.04038936291919
STU_012565,100.0
STU_012566,76.37268258485743
STU_012567,64.1260940398292
STU_012568,98.06444879274682
STU_012569,66.0669540188968
STU_012570,51.27753497116122
STU_012571,55.37049706222382
STU_012572,58.325090110231685
STU_012573,75.60634384401816
STU_012574,62.61538028251856
STU_012575,71.55774245533622
STU_012576,72.82368527604203
STU_012577,99.30103596690095
STU_012578,50.39584403060644
STU_012579,74.84277379790512
STU_012580,70.93341125416224
STU_012581,64.23960396921058
STU_012582,72.76026065687178
STU_012583,61.93726986848322
STU_012584,59.568200964381056
STU_012585,70.78996001251208
STU_012586,76.58822961727245
STU_012587,71.64688129581312
STU_012588,69.26730821216017
STU_012589,48.33718755990823
STU_012590,65.29675058898964
STU_012591,70.55411111303297
STU_012592,97.52781795676756
STU_012593,96.59423334085108
STU_012594,51.237698852652734
STU_012595,61.68406715447146
STU_012596,84.45312986306126
STU_012597,68.52071777432825
STU_012598,72.34654497347327
STU_012599,74.29467917885353
STU_012600,70.50604129744951
STU_012601,70.86353985147721
STU_012602,64.61528469801982
STU_012603,90.2095623567132
STU_012604,75.0340575457388
STU_012605,72.85169828739876
STU_012606,69.59199070182882
STU_012607,58.14697793101647
STU_012608,79.6727450897963
STU_012609,63.80399772800567
STU_012610,72.9411046380884
STU_012611,72.17948929988088
STU_012612,62.143197303592096
STU_012613,95.68381732602741
STU_012614,71.09680116799113
STU_012615,76.53488712270295
STU_012616,83.9444043082907
STU_012617,61.014459746509345
STU_012618,90.31041032042984
STU_012619,81.60040887399931
STU_012620,74.67336809878482
STU_012621,90.76147681373781
STU_012622,90.60450891566003
STU_012623,90.39482830846813
STU_012624,82.09587599122531
STU_012625,87.64493114867008
STU_012626,94.33319390160567
STU_012627,84.61566300080972
STU_012628,70.9346747742492
STU_012629,80.92250567300395
STU_012630,68.3969178518713
STU_012631,69.61512533702947
STU_012632,68.09686258822019
STU_012633,78.9802036126911
STU_012634,89.55421649856189
STU_012635,78.39657989791166
STU_012636,75.03808946249936
STU_012637,78.85211517220176
STU_012638,81.33452748774565
STU_012639,94.11857510921058
STU_012640,83.87493910706438
STU_012641,69.20372112452911
STU_012642,65.63093401410923
STU_012643,80.65833218787037
STU_012644,83.72099558460671
STU_012645,55.07951879351067
STU_012646,88.44262196024387
STU_012647,84.7598509080962
STU_012648,65.77449698547369
STU_012649,79.97397817850164
STU_012650,84.7331244605324
STU_012651,79.23587994863475
STU_012652,99.2402717477799
STU_012653,90.65288782092635
STU_012654,80.78336182841636
STU_012655,72.88272487340889
STU_012656,76.64040877836773
STU_012657,95.95896676957553
STU_012658,84.6526676474101
STU_012659,80.96506494133152
STU_012660,74.20589089510457
STU_012661,88.84827313343058
STU_012662,93.5901286333112
STU_012663,68.60303867600936
STU_012664,51.983752297978
STU_012665,90.99445214235797
STU_012666,58.88008848334631
STU_012667,85.19070858073407
STU_012668,77.3727985051976
STU_012669,64.32448906134174
STU_012670,62.664909247545175
STU_012671,68.8520523406137
STU_012672,62.56654565182249
STU_012673,55.73208152328185
STU_012674,61.30255171025568
STU_012675,71.142613164248
STU_012676,97.01004440646584
STU_012677,59.574887597542336
STU_012678,73.53073327709959
STU_012679,81.4719002732342
STU_012680,79.15618514220618
STU_012681,71.4631906495757
STU_012682,87.2600903151833
STU_012683,78.02935685934831
STU_012684,87.18478701090294
STU_012685,94.14046822161878
STU_012686,69.78737002146269
STU_012687,78.81907460072337
STU_012688,84.76598784699583
STU_012689,70.76033403657055
STU_012690,64.35389792887845
STU_012691,76.46900688311572
STU_012692,79.90165992137705
STU_012693,87.00050264069326
STU_012694,59.72275986050154
STU_012695,70.93166488629043
STU_012696,63.20097307985413
STU_012697,84.19529057022024
STU_012698,64.51785049696952
STU_012699,75.72079241557294
STU_012700,65.60750976674528
STU_012701,100.0
STU_012702,74.25613828530878
STU_012703,69.22164322430909
STU_012704,72.19054500020388
STU_012705,65.830739419398
STU_012706,74.9527023509788
STU_012707,98.86487492991243
STU_012708,55.16985039809115
STU_012709,65.85483064355996
STU_012710,92.5759658883841
STU_012711,72.32460074679645
STU_012712,65.75856763853577
STU_012713,65.01124009866959
STU_012714,90.38461625030702
STU_012715,72.28380629864122
STU_012716,80.84819276563101
STU_012717,66.92896036939432
STU_012718,82.70513431990673
STU_012719,64.1845879759891
STU_012720,79.92674060868613
STU_012721,75.57349349509043
STU_012722,49.081315869110895
STU_012723,78.50949924486135
STU_012724,88.9844985506048
STU_012725,59.77169917809289
STU_012726,54.37120483463759
STU_012727,62.95617054897582
STU_012728,84.39868783012875
STU_012729,62.277283075540254
STU_012730,87.99059009288487
STU_012731,99.28442611072008
STU_012732,80.24743482187861
STU_012733,54.38116232787029
STU_012734,85.96100646137477
STU_012735,65.20753905103797
STU_012736,100.0
STU_012737,72.78822325868147
STU_012738,81.1637188358602
STU_012739,76.81259657059361
STU_012740,88.72180016086686
STU_012741,52.80821874708402
STU_012742,67.54282944233829
STU_012743,80.67416295121797
STU_012744,80.74480239476944
STU_012745,61.52849864452334
STU_012746,83.52801291412126
STU_012747,60.90293680301109
STU_012748,90.64164887120612
STU_012749,87.80963154347828
STU_012750,68.93509210921454
STU_012751,53.15143694683935
STU_012752,71.86205028930561
STU_012753,70.27400319326647
STU_012754,60.72759038515462
STU_012755,88.15038821930756
STU_012756,59.59974591510877
STU_012757,48.10779732758576
STU_012758,90.97735579345495
STU_012759,57.7644770697411
STU_012760,75.72289368338707
STU_012761,57.33413092648865
STU_012762,83.58104509123474
STU_012763,98.98927987538559
STU_012764,94.80658166071547
STU_012765,85.97133339731133
STU_012766,62.448948737688774
STU_012767,95.50785928672471
STU_012768,84.0118011974812
STU_012769,69.87865743294822
STU_012770,54.756691169868226
STU_012771,55.66836385600716
STU_012772,99.40297574820312
STU_012773,62.223166478826414
STU_012774,75.70835883255094
STU_012775,66.87989880175815
STU_012776,78.83005962532224
STU_012777,50.07615962443941
STU_012778,71.76628764276259
STU_012779,74.6998693105668
STU_012780,70.7052574276868
STU_012781,84.71353112741963
STU_012782,52.97324704115211
STU_012783,98.60836307675787
STU_012784,53.166140988543376
STU_012785,72.63576641977203
STU_012786,52.3177345974535
STU_012787,68.74782210852392
STU_012788,92.52467567686756
STU_012789,75.7474479364151
STU_012790,96.96101724477539
STU_012791,85.48115819388326
STU_012792,68.37638812331764
STU_012793,90.00425195615205
STU_012794,73.57112095320696
STU_012795,91.89243849133325
STU_012796,68.0638837882978
STU_012797,60.817213181572754
STU_012798,97.39830992749098
STU_012799,82.79542947534273
STU_012800,52.1405653660614
STU_012801,67.82495422982845
STU_012802,70.12289545076541
STU_012803,90.74268309602759
STU_012804,61.91091244679207
STU_012805,73.93949431922863
STU_012806,78.67399315058901
STU_012807,64.40595421910135
STU_012808,81.12488004348138
STU_012809,83.09695087891043
STU_012810,85.96033340473545
STU_012811,79.14187965534916
STU_012812,68.16392518259543
STU_012813,78.6222249278243
STU_012814,65.36859031703014
STU_012815,68.09200282476999
STU_012816,83.67276851549889
STU_012817,67.5866959854209
STU_012818,88.95035346681973
STU_012819,55.52529157417391
STU_012820,85.41326662641156
STU_012821,73.07066954723915
STU_012822,84.68344529673207
STU_012823,78.74386978904666
STU_012824,80.41690283815007
STU_012825,60.822781308221614
STU_012826,86.93814262949587
STU_012827,61.32622296147127
STU_012828,89.57477674816447
STU_012829,74.79780633950655
STU_012830,80.14675892065573
STU_012831,65.60696157833762
STU_012832,97.1731102818541
STU_012833,90.64934520424012
STU_012834,73.80646071311844
STU_012835,69.26530169436833
STU_012836,80.26524686600116
STU_012837,63.06683294796011
STU_012838,62.0888037764124
STU_012839,66.4971379550665
STU_012840,88.50768687431946
STU_012841,71.80665918314006
STU_012842,73.01433988951696
STU_012843,77.13760152298838
STU_012844,77.33477750114274
STU_012845,63.352817115270824
STU_012846,72.25927553224415
STU_012847,74.40843481754719
STU_012848,75.6654872005137
STU_012849,89.47661662071373
STU_012850,77.12496806424618
STU_012851,83.0883644857497
STU_012852,88.43070160993345
STU_012853,61.448697914218556
STU_012854,81.74712331670207
STU_012855,82.68347840055806
STU_012856,69.02680658495444
STU_012857,99.18570825204867
STU_012858,85.02292754882086
STU_012859,62.80228825289813
STU_012860,83.83691297937739
STU_012861,66.73076136735989
STU_012862,78.11618361042643
STU_012863,93.3541161277581
STU_012864,76.13053950260507
STU_012865,65.76037109805483
STU_012866,74.49377502394907
STU_012867,92.03248187576921
STU_012868,82.6780832181816
STU_012869,64.53963154857436
STU_012870,83.51171092096456
STU_012871,88.6295762915911
STU_012872,88.16695145499759
STU_012873,62.235924413165456
STU_012874,76.5101696159987
STU_012875,72.2674793864451
STU_012876,51.752925230885545
STU_012877,81.5225485021683
STU_012878,97.32136140838958
STU_012879,78.52303420589125
STU_012880,82.26246622201614
STU_012881,97.90885664712324
STU_012882,89.2782917026218
STU_012883,65.02520991463437
STU_012884,80.33368410092689
STU_012885,74.31360996011685
STU_012886,57.520709334747735
STU_012887,71.24367331000019
STU_012888,68.46358856230434
STU_012889,67.44283992974968
STU_012890,67.05500190917928
STU_012891,72.05525320571579
STU_012892,70.64549846068596
STU_012893,86.34085279855772
STU_012894,73.09626785288802
STU_012895,95.06223309986102
STU_012896,72.84511534112744
STU_012897,77.98518421938918
STU_012898,88.5232975535362
STU_012899,81.47128988621887
STU_012900,79.0594656932867
STU_012901,70.51989750118392
STU_012902,85.90073718550948
STU_012903,66.08521023512795
STU_012904,84.05748012846968
STU_012905,61.47745693041949
STU_012906,97.56227740005656
STU_012907,50.720979605694964
STU_012908,86.52964766228564
STU_012909,64.07344910296041
STU_012910,33.33754296192339
STU_012911,82.08964764468439
STU_012912,53.013654335172795
STU_012913,61.70453177280392
STU_012914,74.22507845240877
STU_012915,58.970743559657336
STU_012916,69.84582585458665
STU_012917,95.31704345351088
STU_012918,58.81861381159642
STU_012919,97.14991310955935
STU_012920,80.7053587526013
STU_012921,59.519019121151075
STU_012922,75.7540438832746
STU_012923,65.09935470946495
STU_012924,74.97587108884008
STU_012925,72.50407232973106
STU_012926,63.849801558981426
STU_012927,86.7914837729317
STU_012928,62.03480620668811
STU_012929,66.1133433985389
STU_012930,69.13721358023079
STU_012931,87.14999367126312
STU_012932,64.4859790408902
STU_012933,69.10200870878796
STU_012934,68.1920205745382
STU_012935,67.03051288390837
STU_012936,65.46010817499781
STU_012937,73.37428318925232
STU_012938,91.41445408005522
STU_012939,49.914238653256284
STU_012940,69.10657112546407
STU_012941,56.9751504787408
STU_012942,72.66902267416593
STU_012943,71.18565832530423
STU_012944,80.40253537200992
STU_012945,90.88259553413572
STU_012946,56.393106012192945
STU_012947,71.84487786660402
STU_012948,87.02240170194547
STU_012949,99.4908904287647
STU_012950,78.59283061194428
STU_012951,88.87784713914391
STU_012952,72.05915063339178
STU_012953,81.33632361154051
STU_012954,79.84942024654276
STU_012955,86.99319219173755
STU_012956,71.87609283270847
STU_012957,67.4202769706658
STU_012958,76.6262247521043
STU_012959,79.92476000047394
STU_012960,78.67520366305911
STU_012961,83.46718263043851
STU_012962,57.087419180460685
STU_012963,66.11988221399153
STU_012964,89.0637552092593
STU_012965,77.2493061621774
STU_012966,74.59109695938854
STU_012967,68.08763469883436
STU_012968,73.6985660535973
STU_012969,74.80120406782937
STU_012970,55.12826351383555
STU_012971,75.95181062315625
STU_012972,79.36077008083603
STU_012973,52.86105317699354
STU_012974,56.78076935154709
STU_012975,56.27627348854378
STU_012976,83.46891972002989
STU_012977,78.71084093227024
STU_012978,90.37277897505771
STU_012979,68.19920613879049
STU_012980,70.99925284763594
STU_012981,91.18080050241254
STU_012982,69.5756048858787
STU_012983,95.23053590356886
STU_012984,58.37613800297459
STU_012985,66.62025308982628
STU_012986,63.817608601761876
STU_012987,51.614131481466764
STU_012988,87.7884861102036
STU_012989,96.11102105723735
STU_012990,60.02916771534483
STU_012991,68.46197554752699
STU_012992,51.10509726826396
STU_012993,100.0
STU_012994,78.90466437603764
STU_012995,61.310056888932486
STU_012996,58.595534298111716
STU_012997,83.81332916882413
STU_012998,78.01058936587727
STU_012999,93.0300891993906
STU_013000,91.17583261883374
STU_013001,99.79257910416
STU_013002,84.5518257196361
STU_013003,76.8650019701747
STU_013004,89.74210644840711
STU_013005,74.70354878799176
STU_013006,76.71832960257211
STU_013007,75.16870405783699
STU_013008,85.03871248303943
STU_013009,83.2041926908688
STU_013010,75.75544832647196
STU_013011,54.43904328510501
STU_013012,56.62931071537056
STU_013013,87.14241788039946
STU_013014,86.70003041910292
STU_013015,83.4981514081392
STU_013016,58.917981305637085
STU_013017,92.01199526530463
STU_013018,79.50320278657668
STU_013019,87.64664082413063
STU_013020,60.00452280441388
STU_013021,72.04460805067463
STU_013022,97.47528467797555
STU_013023,79.3377820668875
STU_013024,85.41286809895487
STU_013025,72.02501426078366
STU_013026,67.40935119557946
STU_013027,74.47786392279335
STU_013028,84.44353212610287
STU_013029,76.38936188279322
STU_013030,73.42897674385901
STU_013031,66.84895380102638
STU_013032,100.0
STU_013033,71.47183918857137
STU_013034,99.14723771781416
STU_013035,94.88384470210626
STU_013036,58.331783550910245
STU_013037,90.36323780645749
STU_013038,77.34375514306005
STU_013039,84.23378255606919
STU_013040,98.88464695881986
STU_013041,79.80371886937091
STU_013042,62.835225846109886
STU_013043,95.4433305247879
STU_013044,69.08558446916877
STU_013045,84.85095520780038
STU_013046,63.740297114593645
STU_013047,71.71440700193367
STU_013048,94.35065886543717
STU_013049,85.06956957240158
STU_013050,80.48225386411507
STU_013051,91.13417726876335
STU_013052,67.99591812939089
STU_013053,71.81905825783507
STU_013054,63.94221986378963
STU_013055,86.98327880178176
STU_013056,82.49516488200823
STU_013057,54.30873938669743
STU_013058,59.54960272785859
STU_013059,90.5321750991012
STU_013060,63.740379988974695
STU_013061,58.94985441278982
STU_013062,100.0
STU_013063,83.76466747330062
STU_013064,63.69294513437063
STU_013065,52.6969595597328
STU_013066,99.9765855433492
STU_013067,80.56181755798201
STU_013068,90.1580911475528
STU_013069,97.2862798624758
STU_013070,64.1111260014629
STU_013071,82.14589623071785
STU_013072,85.14839393459812
STU_013073,71.39095777702752
STU_013074,73.36782377323787
STU_013075,50.88926535939441
STU_013076,80.09846621934429
STU_013077,91.72411093956416
STU_013078,69.98461284435824
STU_013079,85.82561008503896
STU_013080,72.97029679384424
STU_013081,74.44901499008945
STU_013082,58.121140503495695
STU_013083,64.57000843285051
STU_013084,71.83478154923273
STU_013085,80.5767575473213
STU_013086,79.8690830216983
STU_013087,62.89618616653108
STU_013088,81.66680315158565
STU_013089,64.03288930754924
STU_013090,98.07807027538088
STU_013091,62.75156963267327
STU_013092,66.07879941495906
STU_013093,86.68912017815678
STU_013094,89.55060085493393
STU_013095,75.79888586493833
STU_013096,77.1915174578777
STU_013097,81.02738859856007
STU_013098,84.797933314853
STU_013099,58.65595264635336
STU_013100,78.63258972945813
STU_013101,83.76420341272478
STU_013102,95.54467773699291
STU_013103,72.18462281250973
STU_013104,79.73741076300648
STU_013105,59.27306296533815
STU_013106,90.62708361291924
STU_013107,57.17935006167171
STU_013108,94.68299341716181
STU_013109,85.72501186611915
STU_013110,60.23215615592648
STU_013111,100.0
STU_013112,99.90892678406634
STU_013113,75.94984991681834
STU_013114,66.499016747412
STU_013115,76.84886757973345
STU_013116,61.78010986842977
STU_013117,66.96485009425527
STU_013118,72.07275278584136
STU_013119,83.48877305761437
STU_013120,66.20184324424545
STU_013121,92.86548763520977
STU_013122,76.39876644942913
STU_013123,94.32923473155056
STU_013124,95.95189067607784
STU_013125,87.71792665265292
STU_013126,66.71876407091506
STU_013127,70.99683007250043
STU_013128,84.17132484884128
STU_013129,78.57967783748472
STU_013130,98.95289083315389
STU_013131,50.539159119941935
STU_013132,80.2416606404395
STU_013133,97.0627895558326
STU_013134,69.07096432552036
STU_013135,67.51955840553808
STU_013136,67.06611426641668
STU_013137,83.1052667042998
STU_013138,71.29971910390451
STU_013139,76.92443927470218
STU_013140,100.0
STU_013141,76.50557908873073
STU_013142,58.465779330481745
STU_013143,74.4434222961704
STU_013144,63.77690500858256
STU_013145,60.28678567526566
STU_013146,54.99103028056994
STU_013147,79.32231140526088
STU_013148,76.82566798503159
STU_013149,83.15190818926078
STU_013150,79.86065436327027
STU_013151,79.60989362472569
STU_013152,84.4529006565612
STU_013153,69.26280793113656
STU_013154,79.94068138659948
STU_013155,98.01305584513803
STU_013156,76.14777162411227
STU_013157,72.85540493213169
STU_013158,85.70537863626582
STU_013159,79.08081894902186
STU_013160,65.94988227189313
STU_013161,62.78888527993249
STU_013162,59.9726897386909
STU_013163,85.81958927218122
STU_013164,68.70926754340236
STU_013165,70.99271380471502
STU_013166,48.811524609126494
STU_013167,93.92902642608765
STU_013168,75.73973442079658
STU_013169,75.12966217067813
STU_013170,74.71209051951358
STU_013171,77.53358184658319
STU_013172,64.67995887713144
STU_013173,85.32627080508256
STU_013174,61.734565573069005
STU_013175,52.783521364134124
STU_013176,92.43499142003948
STU_013177,62.80567668208823
STU_013178,90.1538723112333
STU_013179,68.91187836829818
STU_013180,90.61512251311095
STU_013181,83.0819858500652
STU_013182,69.2075079753538
STU_013183,76.62637992793279
STU_013184,74.45872286998116
STU_013185,69.196319910055
STU_013186,61.221481933838994
STU_013187,64.74448636210614
STU_013188,93.4914180839901
STU_013189,99.53307229990094
STU_013190,76.28193443704166
STU_013191,95.18247138741488
STU_013192,82.79926747391372
STU_013193,82.6771437932885
STU_013194,96.53296970033223
STU_013195,86.268432090735
STU_013196,78.29406343352275
STU_013197,51.12802244447009
STU_013198,66.29605603469044
STU_013199,82.14608781494726
STU_013200,50.91420123381133
STU_013201,81.26040548170853
STU_013202,62.05436886506173
STU_013203,73.0368763543496
STU_013204,62.773617895121994
STU_013205,79.96044606062082
STU_013206,67.58082195781542
STU_013207,69.47874710177554
STU_013208,69.58376701683237
STU_013209,75.12288058811232
STU_013210,56.50247388058561
STU_013211,72.50917810263813
STU_013212,57.081328365729796
STU_013213,74.99177469959272
STU_013214,95.46823535449965
STU_013215,48.74675110492238
STU_013216,99.8474301112596
STU_013217,97.25106258234375
STU_013218,68.41124687180283
STU_013219,83.46443976493397
STU_013220,97.76116096711586
STU_013221,66.0752934290602
STU_013222,64.86681635250798
STU_013223,88.71053921441552
STU_013224,69.50469009601495
STU_013225,50.1275650863601
STU_013226,82.63523501946719
STU_013227,87.8056902293723
STU_013228,66.11436997278231
STU_013229,64.53521812687654
STU_013230,71.33175477534861
STU_013231,62.28497350022786
STU_013232,68.2839088615172
STU_013233,91.5006571303502
STU_013234,65.30285412332928
STU_013235,70.14345865342827
STU_013236,91.19709785146884
STU_013237,69.18351308372064
STU_013238,76.1922607566504
STU_013239,73.54060910664973
STU_013240,62.64258638416919
STU_013241,67.12413031647714
STU_013242,73.00895635912549
STU_013243,60.00832553337057
STU_013244,71.40619377556405
STU_013245,66.19745516543921
STU_013246,68.40977911833393
STU_013247,99.63629189070222
STU_013248,91.83016966389714
STU_013249,46.69491026490125
STU_013250,77.96040379079267
STU_013251,81.95534519984237
STU_013252,84.92597430919187
STU_013253,65.80233239561805
STU_013254,95.59376336580334
STU_013255,77.06959764823502
STU_013256,70.00775478162525
STU_013257,77.71316027082231
STU_013258,66.12791539662541
STU_013259,58.12275293892947
STU_013260,69.71464863636074
STU_013261,71.34771809304581
STU_013262,57.097589809051065
STU_013263,56.114677329483776
STU_013264,93.17695311121605
STU_013265,74.67959532412549
STU_013266,70.2028900596636
STU_013267,71.67843155654924
STU_013268,61.50109468163412
STU_013269,84.12647839795613
STU_013270,96.70542482236347
STU_013271,67.51507978986366
STU_013272,79.0888946967322
STU_013273,65.90086644659634
STU_013274,75.7554523693956
STU_013275,69.74930385908608
STU_013276,61.28965712717176
STU_013277,64.19476138857056
STU_013278,63.07763717362427
STU_013279,59.634559153153106
STU_013280,91.72200737804019
STU_013281,96.67078057640343
STU_013282,93.27776032778318
STU_013283,75.9811458981758
STU_013284,77.11549006559864
STU_013285,71.63252040139294
STU_013286,68.30751473987054
STU_013287,96.14220205393852
STU_013288,83.42565151570653
STU_013289,97.44591434215573
STU_013290,78.81630284859231
STU_013291,86.21409741164467
STU_013292,85.38366245364256
STU_013293,70.9204132657594
STU_013294,87.44215058744511
STU_013295,71.8928148509428
STU_013296,80.31850031131358
STU_013297,75.46560180836732
STU_013298,54.95548635282075
STU_013299,85.25133948459971
STU_013300,73.77107598566921
STU_013301,87.57296475389614
STU_013302,84.79729523662479
STU_013303,88.39790051580424
STU_013304,82.00081798806347
STU_013305,69.30696604980562
STU_013306,67.437987495262
STU_013307,75.92706069180794
STU_013308,94.73824786187532
STU_013309,68.57903920825726
STU_013310,59.34802959739067
STU_013311,91.08404608609654
STU_013312,55.007601243361485
STU_013313,64.95515042982734
STU_013314,71.30767021052145
STU_013315,71.44983194528578
STU_013316,78.3516058767234
STU_013317,72.5066951897761
STU_013318,49.62143529207296
STU_013319,72.8979271474569
STU_013320,81.2107422979602
STU_013321,77.33164803088107
STU_013322,99.58931740763514
STU_013323,95.47766134709025
STU_013324,84.96732968917075
STU_013325,80.36713659044494
STU_013326,78.15831717677958
STU_013327,75.03315066765225
STU_013328,67.84919834691013
STU_013329,86.88707800185531
STU_013330,65.28151729650715
STU_013331,75.28046043761394
STU_013332,68.02885709872484
STU_013333,61.53776753306011
STU_013334,69.06931035831194
STU_013335,62.63088936388215
STU_013336,83.00881711051234
STU_013337,52.573487868155944
STU_013338,65.54759781550167
STU_013339,71.46066615710231
STU_013340,93.81632063435885
STU_013341,73.49065394405741
STU_013342,88.8227655544045
STU_013343,70.33488607403649
STU_013344,78.82193749608892
STU_013345,67.05648632014852
STU_013346,96.57893227224052
STU_013347,78.55931780585593
STU_013348,83.6084827322143
STU_013349,98.68324282092232
STU_013350,60.48938295030527
STU_013351,81.92915529676303
STU_013352,70.0246950396016
STU_013353,62.45828454479526
STU_013354,57.644106189751206
STU_013355,85.76018897658156
STU_013356,64.37674025706094
STU_013357,66.84864184601484
STU_013358,70.21103349228606
STU_013359,74.33883851712537
STU_013360,71.93728291370797
STU_013361,70.25031103358421
STU_013362,89.55877361817099
STU_013363,74.8717582198773
STU_013364,72.10682878617028
STU_013365,86.5540862952547
STU_013366,98.88430061633198
STU_013367,80.83638899019672
STU_013368,88.33633223274646
STU_013369,54.48544499039589
STU_013370,83.50691360086904
STU_013371,69.02440428934415
STU_013372,80.00795717846218
STU_013373,75.33214000351981
STU_013374,92.25953245925271
STU_013375,88.11443285365493
STU_013376,41.892076828955325
STU_013377,79.78020023812431
STU_013378,66.24208980801882
STU_013379,80.16923761935399
STU_013380,87.16978044025971
STU_013381,98.93690528712992
STU_013382,99.50821315478933
STU_013383,59.729049979773436
STU_013384,66.24264624320386
STU_013385,63.87768670734297
STU_013386,98.7478476203192
STU_013387,56.12967675089161
STU_013388,81.66616753276011
STU_013389,65.63712816208903
STU_013390,67.08359891043561
STU_013391,84.38035913843896
STU_013392,97.88319772795768
STU_013393,71.26681498774005
STU_013394,97.09060438604126
STU_013395,61.688366881840764
STU_013396,66.5713751273042
STU_013397,99.91728033071294
STU_013398,90.4022564251016
STU_013399,58.733354739676976
STU_013400,65.57089705512804
STU_013401,100.0
STU_013402,74.04452323756873
STU_013403,93.54910555491003
STU_013404,63.11591595993799
STU_013405,79.47991125862248
STU_013406,100.0
STU_013407,72.15522318630985
STU_013408,65.42319631471352
STU_013409,61.64336573751653
STU_013410,77.80657787823196
STU_013411,64.22425736376286
STU_013412,68.31903236647986
STU_013413,76.56418580168231
STU_013414,86.0374436577115
STU_013415,73.22074827991868
STU_013416,55.375529799327865
STU_013417,77.74461455675353
STU_013418,51.135882258211495
STU_013419,63.3612140848327
STU_013420,98.8433300077509
STU_013421,99.72671001235757
STU_013422,90.3901329343877
STU_013423,57.288494417004436
STU_013424,97.69781450504152
STU_013425,79.33385048358683
STU_013426,49.882926921212814
STU_013427,70.56720587602838
STU_013428,74.78451172450346
STU_013429,91.61564650531714
STU_013430,65.74650631783842
STU_013431,62.4033357446469
STU_013432,79.80524977852592
STU_013433,92.5723850022435
STU_013434,93.26797059893588
STU_013435,92.61996503110717
STU_013436,75.01732600470645
STU_013437,73.59566077206665
STU_013438,77.06040699045745
STU_013439,89.42988838505697
STU_013440,76.57443515047677
STU_013441,96.33739940632942
STU_013442,98.42031533025632
STU_013443,68.94536357260534
STU_013444,82.83896659894415
STU_013445,81.16210737830575
STU_013446,93.80681063941792
STU_013447,84.36978909881584
STU_013448,84.31980919805227
STU_013449,74.62216798593994
STU_013450,96.78824322185774
STU_013451,71.20339856034069
STU_013452,80.92203661844412
STU_013453,79.46230553274194
STU_013454,67.80968373243225
STU_013455,98.11870448955014
STU_013456,72.36124844514333
STU_013457,67.13969768864916
STU_013458,72.86528237787186
STU_013459,61.60487442026694
STU_013460,58.69209409299638
STU_013461,76.20630442786903
STU_013462,56.253715382641694
STU_013463,81.25137767349634
STU_013464,62.18510455668517
STU_013465,64.48067529276457
STU_013466,88.59994899037865
STU_013467,60.37939820238938
STU_013468,90.67364359129216
STU_013469,78.10417470021511
STU_013470,90.97988381807765
STU_013471,83.80341034922435
STU_013472,82.82929532657026
STU_013473,66.60961129982451
STU_013474,76.69341021683962
STU_013475,87.26902441863098
STU_013476,76.58452027285034
STU_013477,65.39019260168462
STU_013478,77.37867105194182
STU_013479,70.53803523726462
STU_013480,83.19542101306511
STU_013481,73.82328930834367
STU_013482,76.4470350419291
STU_013483,77.28730285964126
STU_013484,85.08169258570511
STU_013485,93.433987072328
STU_013486,54.95531119117149
STU_013487,81.48699472450971
STU_013488,78.14540642270654
STU_013489,73.48640950890521
STU_013490,79.91103008949788
STU_013491,84.78953199869213
STU_013492,76.97516643123369
STU_013493,64.90876327974772
STU_013494,72.2283862909527
STU_013495,84.04955095692478
STU_013496,85.54817151777206
STU_013497,49.29341492696763
STU_013498,70.82202507938892
STU_013499,81.34887248867793
STU_013500,64.1024115857022
STU_013501,85.83216536080892
STU_013502,81.25916902161393
STU_013503,69.0884233445455
STU_013504,85.44674152799925
STU_013505,71.29323930624847
STU_013506,96.14291611917936
STU_013507,63.66635691635246
STU_013508,75.740530361594
STU_013509,88.71904048727538
STU_013510,66.47912422733327
STU_013511,80.78778112724895
STU_013512,69.88420553409583
STU_013513,49.36484348310688
STU_013514,86.7708333301713
STU_013515,70.58573727429139
STU_013516,100.0
STU_013517,80.29154315535469
STU_013518,70.96512462076053
STU_013519,100.0
STU_013520,73.33786125453054
STU_013521,64.48478812438165
STU_013522,62.62629015303064
STU_013523,93.64061844528148
STU_013524,77.21669347325006
STU_013525,71.3588900578939
STU_013526,75.08722932962326
STU_013527,65.75367250863403
STU_013528,53.17026910338438
STU_013529,96.87312871313024
STU_013530,70.26512697827553
STU_013531,95.84755025115813
STU_013532,58.405764515271585
STU_013533,71.43333609545479
STU_013534,92.24849096364635
STU_013535,95.32610434293598
STU_013536,85.66706052774093
STU_013537,73.85790156921973
STU_013538,95.98480599974638
STU_013539,67.34568931619509
STU_013540,100.0
STU_013541,67.46462486847453
STU_013542,83.02407250427302
STU_013543,70.2625371585288
STU_013544,77.84297812463191
STU_013545,87.20813066873727
STU_013546,98.2756694241258
STU_013547,98.47249454446063
STU_013548,79.92786142997703
STU_013549,62.43346095543301
STU_013550,73.20354925599545
STU_013551,66.27755443976187
STU_013552,81.00067407355908
STU_013553,70.49354263400171
STU_013554,72.81333429242736
STU_013555,60.56491533248202
STU_013556,87.58871591280821
STU_013557,66.61472814751463
STU_013558,68.53020864348899
STU_013559,83.25821799542285
STU_013560,53.21269539155835
STU_013561,70.2906076063282
STU_013562,89.97936192488386
STU_013563,84.40066030921562
STU_013564,55.80447229851952
STU_013565,81.19582250281839
STU_013566,71.3720620907923
STU_013567,95.8402103045594
STU_013568,73.86740352681328
STU_013569,73.66058303148264
STU_013570,71.5413478846748
STU_013571,71.28695575024237
STU_013572,57.07493783948965
STU_013573,65.03707679161433
STU_013574,75.36803020975148
STU_013575,55.856782259217724
STU_013576,70.78755475007142
STU_013577,62.60888874395299
STU_013578,72.71000154469878
STU_013579,75.00757503206572
STU_013580,85.0398128202403
STU_013581,55.677153132418525
STU_013582,79.07337501921656
STU_013583,67.30368125209621
STU_013584,72.43794130898988
STU_013585,59.991032717463995
STU_013586,59.655190609111074
STU_013587,97.6230876996384
STU_013588,68.61049266848697
STU_013589,77.09075535568304
STU_013590,78.11421138211624
STU_013591,91.21468579659766
STU_013592,99.80451694304834
STU_013593,96.31484699375024
STU_013594,70.12128641062623
STU_013595,60.46762973089195
STU_013596,83.96929263591225
STU_013597,67.67316593573064
STU_013598,72.79126152375919
STU_013599,72.02757872620572
STU_013600,95.71028981652354
STU_013601,67.13295225045071
STU_013602,65.42645071268711
STU_013603,93.82029568631474
STU_013604,66.60963992957052
STU_013605,89.55043634945108
STU_013606,71.67595663654457
STU_013607,41.82613050477115
STU_013608,81.3596207044408
STU_013609,77.01439927614884
STU_013610,91.63610795184448
STU_013611,95.51914384345301
STU_013612,62.56216950097456
STU_013613,75.78481655574376
STU_013614,51.955128775831085
STU_013615,85.591079677544
STU_013616,81.52674824383293
STU_013617,66.09302989925855
STU_013618,61.97586251715479
STU_013619,66.62544220611422
STU_013620,74.04310576123237
STU_013621,71.76398161337067
STU_013622,61.59236885850594
STU_013623,49.29178918790196
STU_013624,51.9720857709685
STU_013625,80.64245221269633
STU_013626,78.89074860299618
STU_013627,85.06057040791332
STU_013628,97.50458159336586
STU_013629,83.53926244421802
STU_013630,72.7076982878036
STU_013631,67.10244738379431
STU_013632,56.21545853526609
STU_013633,96.74646867786758
STU_013634,66.23310147567781
STU_013635,99.2480560815616
STU_013636,71.79465320464931
STU_013637,76.34937842298152
STU_013638,82.19393924513408
STU_013639,64.6359029312429
STU_013640,78.55683225098534
STU_013641,89.58781900077373
STU_013642,74.8469641554266
STU_013643,80.99964247820611
STU_013644,62.34478293209971
STU_013645,74.82183985677199
STU_013646,93.58465400200849
STU_013647,80.08924783632054
STU_013648,99.25091967264713
STU_013649,75.53139749979741
STU_013650,92.97276949182742
STU_013651,72.12032045809235
STU_013652,68.61832757483725
STU_013653,91.16168694876029
STU_013654,75.74246625944576
STU_013655,76.84657160778569
STU_013656,99.6006156329116
STU_013657,59.52646679229212
STU_013658,83.74763428467244
STU_013659,66.86245888744652
STU_013660,66.8272302325045
STU_013661,76.18786793311156
STU_013662,83.32226088147989
STU_013663,74.0919194831386
STU_013664,89.32847024492744
STU_013665,79.11727751085446
STU_013666,85.27067656763909
STU_013667,60.077027046641014
STU_013668,89.2570748822706
STU_013669,64.86450620679285
STU_013670,86.01181207593837
STU_013671,100.0
STU_013672,68.96590154383267
STU_013673,98.41718824147608
STU_013674,75.11298456489577
STU_013675,61.088039784745746
STU_013676,76.5716527003118
STU_013677,82.79952885614362
STU_013678,70.01929116449159
STU_013679,67.85565531349522
STU_013680,54.142598073975975
STU_013681,99.30173523885234
STU_013682,42.00344959588454
STU_013683,56.53213985108463
STU_013684,75.41758796623517
STU_013685,84.35671200177238
STU_013686,93.31912499187955
STU_013687,72.84788158437286
STU_013688,64.76997927126125
STU_013689,97.44278405257438
STU_013690,89.31990045454802
STU_013691,66.45861532603779
STU_013692,61.84128330435229
STU_013693,87.27463786454864
STU_013694,78.0903014705758
STU_013695,72.4525735652382
STU_013696,99.65300660034384
STU_013697,69.98312115413346
STU_013698,63.345950624070596
STU_013699,67.61668686660947
STU_013700,80.38094413528327
STU_013701,79.50733606995182
STU_013702,93.4967333114862
STU_013703,67.49186897481721
STU_013704,78.35370993994599
STU_013705,87.86621517603314
STU_013706,72.86569761430722
STU_013707,69.0536970291084
STU_013708,60.65050671390438
STU_013709,90.46879643157233
STU_013710,79.82904137254913
STU_013711,99.23810683180444
STU_013712,73.75176874493567
STU_013713,61.22217848929982
STU_013714,66.51702025221037
STU_013715,98.19902299899393
STU_013716,69.86878545675897
STU_013717,56.70480809478376
STU_013718,81.89558139490427
STU_013719,75.215710192214
STU_013720,53.77594654435288
STU_013721,55.99163802934781
STU_013722,80.8392759208318
STU_013723,85.82502381653498
STU_013724,89.75142099159537
STU_013725,72.69988188218676
STU_013726,65.7535779980803
STU_013727,69.54906696885864
STU_013728,95.99962256212832
STU_013729,91.68770273804795
STU_013730,79.11105849513805
STU_013731,91.5363620174086
STU_013732,75.26066298946571
STU_013733,84.22522290276612
STU_013734,57.03078096220469
STU_013735,71.1092003235192
STU_013736,99.64679195321692
STU_013737,81.2138080792903
STU_013738,79.30471253295381
STU_013739,70.84195905994932
STU_013740,83.55192708295351
STU_013741,74.93710448631668
STU_013742,95.1980467545329
STU_013743,91.96900902903822
STU_013744,68.17357826201793
STU_013745,94.1097348236037
STU_013746,83.3194629330731
STU_013747,96.00277604773356
STU_013748,71.86206018590659
STU_013749,95.12308622796625
STU_013750,75.35139353060485
STU_013751,75.57351205774768
STU_013752,77.89379442070553
STU_013753,82.09584521067066
STU_013754,74.96804672687684
STU_013755,66.14150209115063
STU_013756,62.85674025881945
STU_013757,98.7607309721362
STU_013758,95.12101209881638
STU_013759,57.65203469043634
STU_013760,57.06796565646571
STU_013761,97.30221070085695
STU_013762,80.97440306699411
STU_013763,74.179927615181
STU_013764,60.7542432207705
STU_013765,63.072100945549536
STU_013766,82.579525921305
STU_013767,90.58394028391474
STU_013768,69.23535888209351
STU_013769,54.436214252861944
STU_013770,87.26183963782542
STU_013771,96.58682155682234
STU_013772,65.29692024994446
STU_013773,66.60354880039787
STU_013774,74.65934861945895
STU_013775,73.18653746794745
STU_013776,60.04150613198534
STU_013777,76.74555633213248
STU_013778,93.11581072332741
STU_013779,96.2439310647917
STU_013780,69.68761536156265
STU_013781,59.131721658605876
STU_013782,77.1455718636476
STU_013783,89.047752725179
STU_013784,76.31055999267656
STU_013785,68.76197592568236
STU_013786,77.69824355341972
STU_013787,98.39155935157046
STU_013788,56.13593466963963
STU_013789,84.585153662654
STU_013790,63.71163689960813
STU_013791,83.26975819628235
STU_013792,100.0
STU_013793,72.8936823704619
STU_013794,71.59736025882341
STU_013795,76.59064717362094
STU_013796,70.3005487379527
STU_013797,85.72998492311059
STU_013798,58.21561430732039
STU_013799,76.70876426572727
STU_013800,81.93417395110194
STU_013801,99.94866443801007
STU_013802,79.20588343097548
STU_013803,72.21985613614189
STU_013804,76.18472024314225
STU_013805,83.81516521558163
STU_013806,67.06881675726444
STU_013807,83.0534276105815
STU_013808,73.02703451375886
STU_013809,74.80583165439117
STU_013810,89.57425532670021
STU_013811,66.21474528107552
STU_013812,79.96576909203756
STU_013813,69.9563172920926
STU_013814,65.80999390489136
STU_013815,76.97398093881826
STU_013816,69.72577719034138
STU_013817,81.89860480442015
STU_013818,58.62070192819524
STU_013819,88.83397816029017
STU_013820,74.48356443013287
STU_013821,70.78806900501183
STU_013822,94.09824313465913
STU_013823,85.03992348521446
STU_013824,69.25320328405478
STU_013825,62.27536907590167
STU_013826,85.10041330029573
STU_013827,75.6654707846179
STU_013828,86.09900970512919
STU_013829,80.27530191905596
STU_013830,84.18625948608783
STU_013831,80.55049937277187
STU_013832,89.80154996773359
STU_013833,83.57851127153761
STU_013834,66.62765139559393
STU_013835,78.4819611338294
STU_013836,65.39010989817523
STU_013837,96.74461465727497
STU_013838,52.59518110328815
STU_013839,60.90880982795022
STU_013840,57.38275735160739
STU_013841,98.94679065114474
STU_013842,76.92707246852717
STU_013843,74.80224386335078
STU_013844,70.80040680220768
STU_013845,92.31541176916441
STU_013846,85.13183111842898
STU_013847,43.145180830117766
STU_013848,100.0
STU_013849,56.9212766315464
STU_013850,72.24790485732197
STU_013851,67.0472116464891
STU_013852,88.11088349091891
STU_013853,68.69636296545497
STU_013854,83.43602828106323
STU_013855,75.38801877529727
STU_013856,56.836707112578125
STU_013857,74.65879519424603
STU_013858,80.89199756573107
STU_013859,78.13036003677195
STU_013860,68.99784818954988
STU_013861,71.8386846155337
STU_013862,83.61373244484673
STU_013863,85.99657928097533
STU_013864,67.21863295503077
STU_013865,90.40288149876838
STU_013866,55.4426021274037
STU_013867,73.41527618724444
STU_013868,93.79356098454332
STU_013869,71.44205021341135
STU_013870,48.782360177105076
STU_013871,70.03033216891549
STU_013872,99.83675545659769
STU_013873,69.3716157282179
STU_013874,68.7059822800299
STU_013875,62.084511471575844
STU_013876,79.50989276619289
STU_013877,54.07259281919133
STU_013878,57.66419461635016
STU_013879,61.943023420253894
STU_013880,94.27580174305682
STU_013881,69.68771404623789
STU_013882,79.66643369915313
STU_013883,69.00370453249651
STU_013884,79.92253135516204
STU_013885,87.8585497017409
STU_013886,85.667239426218
STU_013887,71.69342775455307
STU_013888,79.04817674248604
STU_013889,77.38642705906187
STU_013890,90.46228257092436
STU_013891,94.40087894250804
STU_013892,73.2850143627116
STU_013893,58.188954553598634
STU_013894,94.90770047926667
STU_013895,53.72386117671196
STU_013896,93.82614534488506
STU_013897,74.92547887737794
STU_013898,79.3232689004565
STU_013899,83.02832231424394
STU_013900,68.23985681170483
STU_013901,76.6124390216939
STU_013902,73.70836342588859
STU_013903,71.57073955494599
STU_013904,69.2482627525758
STU_013905,88.87164790496772
STU_013906,79.66131745078457
STU_013907,69.2720058231318
STU_013908,65.67846322166842
STU_013909,90.70258469169966
STU_013910,61.488237915834404
STU_013911,80.68316207234022
STU_013912,78.86644012321366
STU_013913,73.95092668050421
STU_013914,60.746687846193936
STU_013915,66.9332287923672
STU_013916,98.4676858705549
STU_013917,52.288966584655164
STU_013918,57.787652188814576
STU_013919,78.04006112378623
STU_013920,79.66512274032362
STU_013921,63.77885933819865
STU_013922,96.18658098157792
STU_013923,86.39334997124331
STU_013924,86.1461768969804
STU_013925,70.14048537908653
STU_013926,80.18193563243662
STU_013927,99.44494371605654
STU_013928,42.61105342446722
STU_013929,59.902303501844024
STU_013930,72.16331290760381
STU_013931,64.24330843244725
STU_013932,67.55668481530797
STU_013933,55.54910856228945
STU_013934,65.3506771718501
STU_013935,77.4411879840795
STU_013936,88.20623860302969
STU_013937,81.84649173870534
STU_013938,77.19256852889168
STU_013939,66.30284728529602
STU_013940,65.137832153531
STU_013941,66.75978351230388
STU_013942,100.0
STU_013943,61.68324455227238
STU_013944,87.40452158529692
STU_013945,74.05574064089042
STU_013946,98.50786560667365
STU_013947,84.228746775329
STU_013948,77.04442338355723
STU_013949,47.21801075757983
STU_013950,86.99167963433466
STU_013951,55.583224789586176
STU_013952,97.18887814231134
STU_013953,71.4508230309606
STU_013954,46.69972255906955
STU_013955,64.14514465470404
STU_013956,75.71761520041383
STU_013957,79.4408008161789
STU_013958,72.16522357074946
STU_013959,70.11702348656038
STU_013960,77.10679490165109
STU_013961,75.89474254971492
STU_013962,65.25233062909668
STU_013963,65.83850362989195
STU_013964,76.15026221356406
STU_013965,61.367104325696275
STU_013966,67.45488477776277
STU_013967,69.20892413870719
STU_013968,94.40748764535041
STU_013969,47.0819460966034
STU_013970,89.20530338950611
STU_013971,65.43395037251136
STU_013972,74.74079784299198
STU_013973,69.32574359902345
STU_013974,92.67966387597248
STU_013975,84.14006446207961
STU_013976,68.03417909617121
STU_013977,82.51681543826832
STU_013978,95.67683553860205
STU_013979,83.68029673909719
STU_013980,74.51107190138524
STU_013981,74.0876743150546
STU_013982,72.2830709205792
STU_013983,77.23563205553708
STU_013984,70.88879566560897
STU_013985,84.0599339209602
STU_013986,73.88836154313873
STU_013987,94.60668374530792
STU_013988,65.18452186354656
STU_013989,66.83188256749185
STU_013990,64.51816928459026
STU_013991,81.13026613887105
STU_013992,76.57052175060485
STU_013993,78.5484020768696
STU_013994,75.73939830200464
STU_013995,57.08050572177308
STU_013996,75.42681943732102
STU_013997,96.32437790638095
STU_013998,62.198546863951265
STU_013999,75.48490108523877
STU_014000,77.93448014886366
STU_014001,65.44227815614049
STU_014002,60.661753656398226
STU_014003,67.91901216876984
STU_014004,62.32718875197091
STU_014005,72.40615147153945
STU_014006,72.44001375973374
STU_014007,82.53088723075254
STU_014008,60.47570212971341
STU_014009,99.80903174003821
STU_014010,69.54283647694761
STU_014011,81.8278127076034
STU_014012,94.80594492725474
STU_014013,49.81358135594746
STU_014014,90.6925273905345
STU_014015,80.14846329897306
STU_014016,64.71789937604983
STU_014017,82.74706302583415
STU_014018,75.15571834827126
STU_014019,90.45520520362507
STU_014020,83.85085573739772
STU_014021,93.62018196970939
STU_014022,69.3384634083519
STU_014023,61.7598578473219
STU_014024,76.52620333603448
STU_014025,80.7739552330451
STU_014026,78.60459512001725
STU_014027,100.0
STU_014028,89.32171507576574
STU_014029,78.55649828617886
STU_014030,75.41142738510406
STU_014031,76.53899720881245
STU_014032,71.76059048881909
STU_014033,67.89137428149897
STU_014034,91.64002943658176
STU_014035,95.26726699487949
STU_014036,51.82876756847856
STU_014037,61.84807305583313
STU_014038,87.93688938189742
STU_014039,88.14966730333562
STU_014040,74.4286955464931
STU_014041,72.6241718286834
STU_014042,64.72069947226468
STU_014043,69.4905317819124
STU_014044,100.0
STU_014045,74.22498384564376
STU_014046,65.92262628627508
STU_014047,88.2153214625177
STU_014048,62.002949004487256
STU_014049,85.04925142421484
STU_014050,76.84020508502277
STU_014051,71.93814775373193
STU_014052,79.50475050581436
STU_014053,86.92757796437242
STU_014054,85.08062856799573
STU_014055,100.0
STU_014056,79.65390388369742
STU_014057,67.12469961333866
STU_014058,78.85310389519896
STU_014059,65.19203180200836
STU_014060,79.42453327818552
STU_014061,66.1526774676964
STU_014062,87.01429915798963
STU_014063,69.86017887090102
STU_014064,67.57613134711224
STU_014065,60.88206089442906
STU_014066,41.231822143417666
STU_014067,92.52689181577581
STU_014068,69.86176715527304
STU_014069,75.30041872570911
STU_014070,77.72441047788385
STU_014071,40.51004879329722
STU_014072,73.33381549735238
STU_014073,77.80003857289006
STU_014074,73.74468500621921
STU_014075,73.15966020257251
STU_014076,67.62222712667183
STU_014077,55.423163899743166
STU_014078,53.56188555759318
STU_014079,83.27319864137547
STU_014080,86.17107847087425
STU_014081,100.0
STU_014082,79.84746528502932
STU_014083,64.81285126957879
STU_014084,75.49168027091301
STU_014085,100.0
STU_014086,60.83884832825247
STU_014087,70.71283151231698
STU_014088,74.85073317277185
STU_014089,79.11641840856102
STU_014090,66.66130176609937
STU_014091,86.46643633660919
STU_014092,66.92536405389164
STU_014093,71.0851946055451
STU_014094,63.66433308018277
STU_014095,77.8283775958064
STU_014096,83.61962675113192
STU_014097,85.42762976798704
STU_014098,68.53746296438379
STU_014099,68.43325420272006
STU_014100,64.72510680734928
STU_014101,75.9524956747654
STU_014102,85.19639594299178
STU_014103,69.12792853796233
STU_014104,88.18172089311197
STU_014105,45.65461615281794
STU_014106,70.90071468794055
STU_014107,84.22398080549239
STU_014108,77.33515906959519
STU_014109,80.62312445175107
STU_014110,83.9899456053869
STU_014111,90.8644042697772
STU_014112,60.638425074099054
STU_014113,59.962351667142244
STU_014114,65.01509184087408
STU_014115,76.79516270452184
STU_014116,99.14719374413366
STU_014117,64.63150474537929
STU_014118,92.30675553009252
STU_014119,69.1703788459569
STU_014120,68.46139094681519
STU_014121,58.37083779705096
STU_014122,59.22801431488896
STU_014123,56.69742183100941
STU_014124,58.39408935841595
STU_014125,85.32874700832554
STU_014126,62.365993635488145
STU_014127,67.6591967722687
STU_014128,62.255394718801135
STU_014129,85.29309449763224
STU_014130,82.82119766355045
STU_014131,90.29215667390774
STU_014132,79.05014806064415
STU_014133,70.01190614454227
STU_014134,44.93186419436002
STU_014135,77.01831110397897
STU_014136,74.9952622476034
STU_014137,98.840505882353
STU_014138,51.8198868524597
STU_014139,73.59625943937586
STU_014140,78.09984773517407
STU_014141,90.20754885619635
STU_014142,70.4082490192492
STU_014143,87.44996224267591
STU_014144,96.77717332531337
STU_014145,65.3861398227769
STU_014146,94.61156148486576
STU_014147,78.5591662845711
STU_014148,85.97398128452716
STU_014149,73.97721375597033
STU_014150,65.05403242432584
STU_014151,95.65375503118386
STU_014152,85.80450272783564
STU_014153,58.21562766734918
STU_014154,77.15848849187542
STU_014155,67.06228734499545
STU_014156,89.56477098021833
STU_014157,79.80790865799385
STU_014158,79.38102851012431
STU_014159,78.83444945689025
STU_014160,93.66109312782726
STU_014161,79.97962457971619
STU_014162,96.28625525167233
STU_014163,71.27628332271257
STU_014164,52.635691710306
STU_014165,95.60994816136864
STU_014166,69.48406871611574
STU_014167,79.63966516896316
STU_014168,66.79779247927088
STU_014169,52.96388083214569
STU_014170,79.16338773679422
STU_014171,84.10910679704192
STU_014172,77.2720521306029
STU_014173,68.12663060715673
STU_014174,81.39503385439741
STU_014175,81.17744886439066
STU_014176,64.49342722922768
STU_014177,72.65521781466245
STU_014178,70.36191503619334
STU_014179,83.4011004863625
STU_014180,79.862633981742
STU_014181,74.81300311917006
STU_014182,95.65132509400142
STU_014183,65.29825613392778
STU_014184,83.90070823678981
STU_014185,76.36867936342261
STU_014186,92.52048127711059
STU_014187,97.49913539591542
STU_014188,79.36575090844708
STU_014189,70.18689764255171
STU_014190,65.70215185042254
STU_014191,66.0321212906257
STU_014192,63.49317172470824
STU_014193,83.47368396883337
STU_014194,73.03308092776638
STU_014195,60.910607112553514
STU_014196,81.05213889326545
STU_014197,63.92907368443355
STU_014198,71.59279223099635
STU_014199,59.216022471993675
STU_014200,76.22605384887622
STU_014201,75.54487617699374
STU_014202,82.22059544476308
STU_014203,57.29779608056655
STU_014204,86.11348475591299
STU_014205,67.42053960495754
STU_014206,76.24291387724396
STU_014207,81.42586644555506
STU_014208,71.91437607075486
STU_014209,69.2341681032024
STU_014210,96.98725593957283
STU_014211,80.17745921620164
STU_014212,97.5515706767205
STU_014213,79.9131686232405
STU_014214,63.5195079178274
STU_014215,69.9400194089641
STU_014216,68.53137917055989
STU_014217,88.17612296760358
STU_014218,100.0
STU_014219,67.92238528911668
STU_014220,81.58363102717134
STU_014221,83.98765154312954
STU_014222,77.70979154995275
STU_014223,85.7807258616038
STU_014224,91.50233318844386
STU_014225,73.75195734229439
STU_014226,56.48514556331795
STU_014227,74.72142370727106
STU_014228,62.34721507406317
STU_014229,89.40905738998099
STU_014230,94.20740249773161
STU_014231,76.94309506726648
STU_014232,75.48540805050602
STU_014233,55.898328401157244
STU_014234,100.0
STU_014235,76.64184072633876
STU_014236,74.36981239705416
STU_014237,92.7634915701494
STU_014238,51.99379767979837
STU_014239,87.91028175611686
STU_014240,72.86378962259906
STU_014241,81.10297051184226
STU_014242,87.82688177217015
STU_014243,69.5348200289998
STU_014244,79.06497411091097
STU_014245,81.90985362959778
STU_014246,73.73126140759007
STU_014247,64.12599070386152
STU_014248,90.81063663759868
STU_014249,77.63494528164782
STU_014250,79.69076663497894
STU_014251,74.88900277675677
STU_014252,63.33001963123023
STU_014253,89.28894191906925
STU_014254,66.88158736545725
STU_014255,96.5058441272143
STU_014256,66.44751713770546
STU_014257,71.42235986483414
STU_014258,90.00281386896822
STU_014259,69.23190331733795
STU_014260,83.83657265113398
STU_014261,82.98378475295023
STU_014262,73.74378500199441
STU_014263,58.839916020749726
STU_014264,86.01483290391735
STU_014265,68.23162169743885
STU_014266,86.06979126960456
STU_014267,97.08403572262114
STU_014268,92.68695396549475
STU_014269,72.60650290825467
STU_014270,70.79235052859656
STU_014271,58.14637550553936
STU_014272,74.41057747256603
STU_014273,73.84949139649012
STU_014274,66.72121642541383
STU_014275,89.45559323970835
STU_014276,66.97343450029847
STU_014277,91.56013094238781
STU_014278,63.26647610259646
STU_014279,91.88444480473478
STU_014280,56.81679451070191
STU_014281,89.62741986064316
STU_014282,70.97376625768172
STU_014283,55.66070859396856
STU_014284,83.65969962974397
STU_014285,94.22564631463553
STU_014286,64.690253367717
STU_014287,84.13792812750924
STU_014288,50.193371717062014
STU_014289,73.39516950869029
STU_014290,76.66392314992193
STU_014291,66.50205895039039
STU_014292,71.52443728607113
STU_014293,72.74918948227332
STU_014294,59.10370446996204
STU_014295,68.52709197779447
STU_014296,67.99651914260636
STU_014297,62.18734279929285
STU_014298,77.92926757533367
STU_014299,83.74664229616472
STU_014300,89.75148718307342
STU_014301,57.548401020848566
STU_014302,100.0
STU_014303,87.49469754522619
STU_014304,62.984961827172555
STU_014305,79.55346065099813
STU_014306,73.03137886335055
STU_014307,100.0
STU_014308,68.62285051714419
STU_014309,92.55055179213386
STU_014310,71.28256993783634
STU_014311,99.98222045588501
STU_014312,74.763697088565
STU_014313,68.89979970272614
STU_014314,65.37846632268982
STU_014315,82.65660117914928
STU_014316,74.20282731924354
STU_014317,69.56170246971314
STU_014318,80.20810255793657
STU_014319,60.210615752677704
STU_014320,77.39003056907404
STU_014321,63.1297479695012
STU_014322,95.73221564025201
STU_014323,81.45280847880198
STU_014324,76.34618085394644
STU_014325,83.45442243024993
STU_014326,86.84969229146388
STU_014327,71.89402609065758
STU_014328,53.18456264939524
STU_014329,91.23013409124762
STU_014330,54.682007079953095
STU_014331,61.4905968981303
STU_014332,59.10642582992608
STU_014333,73.66011007568673
STU_014334,94.02563926830312
STU_014335,80.35141908664693
STU_014336,90.00074256942013
STU_014337,78.57285605695655
STU_014338,65.17226325247582
STU_014339,64.18256079077395
STU_014340,67.28822239318345
STU_014341,94.09791065278606
STU_014342,56.391165354079476
STU_014343,73.97233189422018
STU_014344,47.01036356244284
STU_014345,74.32979571862505
STU_014346,86.37990380579917
STU_014347,67.9081936994368
STU_014348,72.17295465742075
STU_014349,67.52942868328283
STU_014350,69.81198775541102
STU_014351,72.43174067304125
STU_014352,93.16764877917055
STU_014353,89.98217496230455
STU_014354,87.08459685136717
STU_014355,65.30714205257857
STU_014356,50.57243572842359
STU_014357,84.99361673806712
STU_014358,58.21876226187826
STU_014359,73.13814840323676
STU_014360,64.02016730435152
STU_014361,64.39481934816123
STU_014362,99.98925560922771
STU_014363,50.74856038779386
STU_014364,77.33740413023153
STU_014365,63.75716392849769
STU_014366,74.02382602410438
STU_014367,72.4662594378158
STU_014368,86.97712181105928
STU_014369,90.9219693051736
STU_014370,93.14420461484912
STU_014371,73.9451853258322
STU_014372,86.23446351949076
STU_014373,68.73619292027081
STU_014374,77.48353069435427
STU_014375,79.02174164894711
STU_014376,91.41729772044457
STU_014377,84.54580414102917
STU_014378,99.6781867850957
STU_014379,79.31837549105043
STU_014380,82.1262009704273
STU_014381,44.34347049699916
STU_014382,77.68836624779416
STU_014383,73.78872948831567
STU_014384,84.29917743183347
STU_014385,91.89117323361225
STU_014386,64.89490752979275
STU_014387,79.29101771124098
STU_014388,71.91515411204082
STU_014389,75.42065681506818
STU_014390,68.141247776699
STU_014391,45.977665214602915
STU_014392,89.90481719181771
STU_014393,90.43623449469274
STU_014394,71.9989474380541
STU_014395,97.78596706903389
STU_014396,89.8114483892602
STU_014397,76.82177729545214
STU_014398,99.93888252380934
STU_014399,73.5530263969419
STU_014400,96.88111645473258
STU_014401,85.51150497860391
STU_014402,77.34979774648816
STU_014403,74.18051322907097
STU_014404,79.1430387241407
STU_014405,65.35894559419192
STU_014406,76.38085966312383
STU_014407,99.05978449198699
STU_014408,64.21476323871663
STU_014409,57.78173234031389
STU_014410,71.09911606452569
STU_014411,67.22254292026564
STU_014412,74.42572888508113
STU_014413,80.5344406788872
STU_014414,62.82254322086611
STU_014415,69.31869766752614
STU_014416,80.51955728713241
STU_014417,90.35483717187742
STU_014418,88.00397809710608
STU_014419,54.87738240790936
STU_014420,89.0841150066163
STU_014421,95.16516138303687
STU_014422,66.73348789897894
STU_014423,92.9730143166165
STU_014424,76.29743742185892
STU_014425,95.08000427514854
STU_014426,70.3680275895538
STU_014427,88.74262429927593
STU_014428,92.13335372915869
STU_014429,93.64152562343222
STU_014430,53.5727019071655
STU_014431,59.42470826150195
STU_014432,79.02137063659511
STU_014433,68.909591789134
STU_014434,78.514956116167
STU_014435,97.19323261389084
STU_014436,58.61279955771877
STU_014437,73.0525615271717
STU_014438,75.08366456974485
STU_014439,78.8312523522953
STU_014440,49.03121813800827
STU_014441,65.5646884721637
STU_014442,80.45072519082572
STU_014443,54.300593582376145
STU_014444,53.1246871049339
STU_014445,74.40781872370373
STU_014446,69.72531984974421
STU_014447,94.85780302094805
STU_014448,62.78399351360567
STU_014449,53.74719445500479
STU_014450,68.59273970628293
STU_014451,86.62034699943145
STU_014452,88.62300328398833
STU_014453,100.0
STU_014454,88.05634839394016
STU_014455,86.2088170490524
STU_014456,83.64793800846455
STU_014457,62.39737642602133
STU_014458,64.97436687442985
STU_014459,75.79556007612082
STU_014460,99.96879513910636
STU_014461,95.65438136274075
STU_014462,82.56201173581658
STU_014463,89.75841422771933
STU_014464,71.06909692524147
STU_014465,94.13186315349732
STU_014466,65.64102523567045
STU_014467,76.41370732574713
STU_014468,73.31770494382481
STU_014469,82.15752118181572
STU_014470,76.1550078735111
STU_014471,82.87175192570243
STU_014472,65.13904563865196
STU_014473,64.05930270255647
STU_014474,83.51751196397352
STU_014475,63.307591965224944
STU_014476,74.02876368284093
STU_014477,94.28413219469692
STU_014478,81.1350916356507
STU_014479,96.76136059433452
STU_014480,79.75178163778685
STU_014481,90.3383814494301
STU_014482,50.9476382392239
STU_014483,94.12090843232994
STU_014484,47.903330040936005
STU_014485,73.0248318564058
STU_014486,89.24455487795761
STU_014487,81.01300009837429
STU_014488,70.86389035627064
STU_014489,48.79423144152911
STU_014490,90.9714254706426
STU_014491,81.0074663421514
STU_014492,79.88738285537592
STU_014493,61.633751115165744
STU_014494,85.51836118563132
STU_014495,72.4096526808292
STU_014496,65.99162863680553
STU_014497,63.258066546100814
STU_014498,87.51457874786378
STU_014499,81.05459840349782
STU_014500,64.40527863590204
STU_014501,63.78510828770422
STU_014502,70.570690957181
STU_014503,73.8448967662325
STU_014504,99.22153146750428
STU_014505,75.12397266076626
STU_014506,74.30282046026771
STU_014507,71.9965955927275
STU_014508,63.859316689351786
STU_014509,74.10113661786986
STU_014510,61.10507901383926
STU_014511,82.60816576166124
STU_014512,75.37240478851183
STU_014513,82.13982916210861
STU_014514,81.68276308828845
STU_014515,73.08115485463233
STU_014516,83.52080204200354
STU_014517,83.1698404254821
STU_014518,77.37976073347372
STU_014519,60.45859106826253
STU_014520,75.29484524734225
STU_014521,96.25165996736952
STU_014522,65.92771159702046
STU_014523,95.89279869068987
STU_014524,88.65423084217971
STU_014525,68.5663428506003
STU_014526,76.61324995752827
STU_014527,44.0539206287534
STU_014528,67.8995130347514
STU_014529,80.14988172818659
STU_014530,67.72524441361313
STU_014531,76.33307148878191
STU_014532,96.39347372313702
STU_014533,99.39299371994692
STU_014534,92.83612766252888
STU_014535,96.57458799172973
STU_014536,87.45956049918007
STU_014537,77.13923354294474
STU_014538,61.419517950898644
STU_014539,66.58233070818082
STU_014540,53.49807141496435
STU_014541,91.09489465092066
STU_014542,54.30385666788124
STU_014543,84.33063096400583
STU_014544,65.46413048147078
STU_014545,59.127402412097474
STU_014546,56.09307573093387
STU_014547,62.05560616501992
STU_014548,94.73209693242579
STU_014549,96.23970752916497
STU_014550,78.25629714614196
STU_014551,69.08060428042403
STU_014552,66.54822489846643
STU_014553,82.38838604705172
STU_014554,74.2531576006442
STU_014555,65.61592058101736
STU_014556,94.30093363551418
STU_014557,73.08693463707128
STU_014558,56.3476401460005
STU_014559,78.3598996526025
STU_014560,97.9481038867972
STU_014561,74.26881527040591
STU_014562,67.83520969025935
STU_014563,77.59927756307901
STU_014564,98.5693309877062
STU_014565,73.03647028688792
STU_014566,84.13066348780985
STU_014567,69.43408403211404
STU_014568,69.56913619158887
STU_014569,76.47043121591261
STU_014570,55.14057797775281
STU_014571,65.6358123090739
STU_014572,71.99191317671041
STU_014573,80.17229550259846
STU_014574,64.42608503764755
STU_014575,61.837618360473115
STU_014576,69.14634881464032
STU_014577,57.62302099001869
STU_014578,63.644827020383126
STU_014579,81.08001769282023
STU_014580,91.62774106783812
STU_014581,88.8892097353723
STU_014582,81.6791602227919
STU_014583,70.75144053242497
STU_014584,79.78325511477667
STU_014585,72.56873429089072
STU_014586,90.16556518175477
STU_014587,59.07915076028256
STU_014588,77.91691440737398
STU_014589,54.49041278372013
STU_014590,63.98758968556207
STU_014591,93.15993691563551
STU_014592,75.71939495134411
STU_014593,92.54033603306476
STU_014594,97.93667315659671
STU_014595,51.332429056648465
STU_014596,100.0
STU_014597,73.08292714165431
STU_014598,60.540473255637906
STU_014599,79.09602051011404
STU_014600,56.00178537028931
STU_014601,76.04113177336511
STU_014602,93.62892700234251
STU_014603,54.413293381112084
STU_014604,85.18557294882999
STU_014605,99.84460740823093
STU_014606,56.78341525968412
STU_014607,82.80161276573257
STU_014608,60.05553982074511
STU_014609,81.30412794673624
STU_014610,82.0705207496589
STU_014611,78.64884491115288
STU_014612,56.53888413068506
STU_014613,69.22102877106721
STU_014614,90.77933284948118
STU_014615,73.78120070222973
STU_014616,91.8313940848365
STU_014617,63.7276412893324
STU_014618,85.81258579343127
STU_014619,78.12752599538851
STU_014620,86.32512257000903
STU_014621,61.47813235018454
STU_014622,95.78895838602091
STU_014623,69.83309937774796
STU_014624,81.16783880245012
STU_014625,69.72301816040977
STU_014626,90.59987296235307
STU_014627,65.99827781827473
STU_014628,57.25372157125892
STU_014629,79.78727628442188
STU_014630,73.32378332834188
STU_014631,63.12516306419578
STU_014632,67.27368811363085
STU_014633,67.43809858678257
STU_014634,93.82424641135741
STU_014635,58.09915239135393
STU_014636,46.175283364929115
STU_014637,93.01916696652543
STU_014638,70.82138130885888
STU_014639,76.61858971757864
STU_014640,71.51773869328028
STU_014641,62.752686859674206
STU_014642,95.75843203451771
STU_014643,56.09503547362575
STU_014644,94.26867990373717
STU_014645,77.04544775439359
STU_014646,86.7575683219322
STU_014647,90.58264996688119
STU_014648,67.88573030666082
STU_014649,90.43969847316336
STU_014650,70.31429427612169
STU_014651,62.811128078098506
STU_014652,93.07905014377499
STU_014653,77.22813316176614
STU_014654,86.00489783232595
STU_014655,52.88868501442845
STU_014656,65.61318721975366
STU_014657,55.954373421148404
STU_014658,76.07789553833247
STU_014659,69.52074126837265
STU_014660,71.80512874605498
STU_014661,50.72947838147521
STU_014662,70.79859741933456
STU_014663,73.82794719339212
STU_014664,52.53865622777117
STU_014665,76.7053431670985
STU_014666,94.66875514096398
STU_014667,78.13989459038996
STU_014668,54.19759288221949
STU_014669,74.02429387667524
STU_014670,98.04379714978552
STU_014671,77.10430592773955
STU_014672,82.60742175116377
STU_014673,94.24101075583555
STU_014674,93.80481263841254
STU_014675,82.5782878849509
STU_014676,77.61047443071355
STU_014677,65.15404764707998
STU_014678,66.44707921249636
STU_014679,59.862866352902316
STU_014680,46.38586798660323
STU_014681,92.7513959815593
STU_014682,46.95025600227722
STU_014683,65.51733932847273
STU_014684,59.95255982115029
STU_014685,63.913740574041064
STU_014686,77.9905768231089
STU_014687,86.15862201472298
STU_014688,93.30414300423661
STU_014689,65.67597741477958
STU_014690,60.66002700612054
STU_014691,84.0711667682245
STU_014692,93.99055947447452
STU_014693,73.9893079967688
STU_014694,75.3385071753097
STU_014695,99.95451005426887
STU_014696,45.055706628332615
STU_014697,72.79795116321343
STU_014698,89.29645857963283
STU_014699,65.12078894983185
STU_014700,92.94239436380316
STU_014701,72.149956218267
STU_014702,88.64154178272517
STU_014703,81.07283846955241
STU_014704,95.80715663563389
STU_014705,81.05949245985474
STU_014706,83.1935395784894
STU_014707,97.05740905302046
STU_014708,98.97839250444277
STU_014709,77.47285205964826
STU_014710,52.34345052587943
STU_014711,75.77838338986828
STU_014712,80.3881537785788
STU_014713,44.66388586561342
STU_014714,79.40183130528982
STU_014715,78.46322216917258
STU_014716,61.197521580818716
STU_014717,59.080099328583785
STU_014718,66.32151711111251
STU_014719,93.08827688021499
STU_014720,82.62405058439111
STU_014721,52.30019094722039
STU_014722,67.44504713919335
STU_014723,95.99868972161063
STU_014724,90.17723695616387
STU_014725,71.68237218714798
STU_014726,66.80862903267328
STU_014727,57.94925842612179
STU_014728,93.94016164590217
STU_014729,80.59811676940396
STU_014730,53.884576397672184
STU_014731,65.15499203548731
STU_014732,82.72395940516438
STU_014733,74.30063870579471
STU_014734,64.19469529789625
STU_014735,99.95495451368403
STU_014736,75.02586308840898
STU_014737,73.67260033908656
STU_014738,71.03295696847557
STU_014739,83.95372103506025
STU_014740,75.76040079774367
STU_014741,79.02284028170888
STU_014742,96.21531896160546
STU_014743,99.55837779761305
STU_014744,68.5529603570574
STU_014745,81.36910969882805
STU_014746,45.08324247601587
STU_014747,73.65202058511542
STU_014748,99.8964077204464
STU_014749,89.86353896544026
STU_014750,81.8223231994663
STU_014751,93.97532463226858
STU_014752,78.03503791158182
STU_014753,59.005421187973276
STU_014754,99.87180000139799
STU_014755,66.3883586081968
STU_014756,68.32231274636234
STU_014757,76.19564077246096
STU_014758,99.90296899385281
STU_014759,69.80869650397295
STU_014760,76.47073705112176
STU_014761,76.08833165683129
STU_014762,100.0
STU_014763,82.97800529998848
STU_014764,99.90137209021796
STU_014765,74.90997702529712
STU_014766,79.16728042465719
STU_014767,70.11928065261193
STU_014768,68.38151035171498
STU_014769,97.13625247613382
STU_014770,78.69066490164693
STU_014771,73.1576765521137
STU_014772,70.98492653490318
STU_014773,85.30589717638904
STU_014774,93.8851333222568
STU_014775,78.82008687660799
STU_014776,75.15463306683766
STU_014777,75.48119218055494
STU_014778,80.19519060959378
STU_014779,78.89031648050427
STU_014780,59.12232178208106
STU_014781,81.45059654443851
STU_014782,87.87524188770503
STU_014783,90.32411935614162
STU_014784,91.1290714923276
STU_014785,82.23546083317382
STU_014786,82.97532495681996
STU_014787,77.96217173771356
STU_014788,94.37948153634545
STU_014789,75.97012169621613
STU_014790,78.65583805619416
STU_014791,63.926803853187025
STU_014792,55.829380081711854
STU_014793,68.73137066397734
STU_014794,63.22445971819897
STU_014795,78.30105610635616
STU_014796,77.89793743720801
STU_014797,71.41201607054178
STU_014798,90.43779784301033
STU_014799,87.59859023867273
STU_014800,84.4531284442624
STU_014801,91.68481465142514
STU_014802,57.9058627144217
STU_014803,88.36772135023519
STU_014804,78.67776842625214
STU_014805,75.29597706525763
STU_014806,74.68324929560373
STU_014807,64.21914232191426
STU_014808,68.10598432925913
STU_014809,53.6848332998489
STU_014810,95.96788708781827
STU_014811,98.50577364828449
STU_014812,74.26577936503318
STU_014813,61.69539234909682
STU_014814,67.06792492816561
STU_014815,54.835345933852125
STU_014816,79.47915866513095
STU_014817,83.72552303171705
STU_014818,48.46170142904445
STU_014819,75.10970492667023
STU_014820,69.29964084277333
STU_014821,59.77710536813455
STU_014822,99.18548019553027
STU_014823,65.56701533267439
STU_014824,90.48163551532876
STU_014825,78.55420164917658
STU_014826,91.7147527216026
STU_014827,58.82862181312911
STU_014828,76.0209196414964
STU_014829,77.14590429188104
STU_014830,80.97346009833615
STU_014831,82.84746955200654
STU_014832,63.51968588929363
STU_014833,60.628111472328214
STU_014834,80.77005914771519
STU_014835,75.4241042241872
STU_014836,84.13114904648596
STU_014837,75.64713655658991
STU_014838,73.13750166944529
STU_014839,86.93031323068601
STU_014840,76.16528357534871
STU_014841,99.83731967085954
STU_014842,54.36027128849283
STU_014843,69.02286056226481
STU_014844,95.44499355833172
STU_014845,66.00403032631199
STU_014846,86.08027749858175
STU_014847,76.19912273974958
STU_014848,58.372807790999275
STU_014849,63.29094696126645
STU_014850,70.30244806143963
STU_014851,82.2851502151788
STU_014852,79.58666863276358
STU_014853,74.90382863526877
STU_014854,65.6908283660815
STU_014855,75.26773198926085
STU_014856,72.03377272837041
STU_014857,82.8295746831848
STU_014858,65.30189005789916
STU_014859,87.39931131666543
STU_014860,50.739833774387215
STU_014861,84.0049372109363
STU_014862,94.52770618246622
STU_014863,64.73861999817925
STU_014864,74.78972507447332
STU_014865,68.9269563299826
STU_014866,69.0972052642166
STU_014867,70.84963057705772
STU_014868,100.0
STU_014869,97.79950442528495
STU_014870,73.76869411575956
STU_014871,74.27456022579739
STU_014872,82.27738190258626
STU_014873,65.44969080908312
STU_014874,67.31992233288678
STU_014875,83.71493102919378
STU_014876,56.7557328542285
STU_014877,65.7416878954125
STU_014878,64.38203652527568
STU_014879,77.11968867107556
STU_014880,86.60427093414057
STU_014881,78.28080539553987
STU_014882,71.66575349140497
STU_014883,76.45371107349929
STU_014884,66.52244937247903
STU_014885,86.48641668458784
STU_014886,67.56640444823958
STU_014887,76.06970867615291
STU_014888,85.46537237110313
STU_014889,68.06416828192776
STU_014890,92.07415589249294
STU_014891,71.49642904293674
STU_014892,88.19960840596073
STU_014893,62.709282928247355
STU_014894,74.24410148217892
STU_014895,60.37082918237583
STU_014896,78.25670278387226
STU_014897,78.61304909412787
STU_014898,83.31583610822051
STU_014899,54.443143723441054
STU_014900,96.03664375891256
STU_014901,86.15134831880673
STU_014902,83.3656968419119
STU_014903,88.43321672214778
STU_014904,76.0682550724936
STU_014905,89.08951975651648
STU_014906,78.68356814272225
STU_014907,51.82767720354185
STU_014908,79.75396763794781
STU_014909,82.65670012644853
STU_014910,73.93763570982728
STU_014911,98.94579974484422
STU_014912,79.00298543348943
STU_014913,77.88257644350492
STU_014914,49.653496518929636
STU_014915,60.16085394308656
STU_014916,69.19347478854843
STU_014917,97.69064324390028
STU_014918,85.33314083803583
STU_014919,53.483978017297744
STU_014920,94.21530622771559
STU_014921,64.11948643820661
STU_014922,56.618236449916864
STU_014923,72.00926669724292
STU_014924,81.06538693978331
STU_014925,98.12526349221076
STU_014926,80.70764571091792
STU_014927,75.66980387590903
STU_014928,58.50498765427522
STU_014929,80.05069889389858
STU_014930,84.68540558662436
STU_014931,93.20802036031095
STU_014932,58.863905464229035
STU_014933,76.88312209736318
STU_014934,65.99870647409007
STU_014935,77.43704180220938
STU_014936,86.430606394764
STU_014937,84.65361241305207
STU_014938,99.80818252326694
STU_014939,81.87198707431185
STU_014940,93.98651931004261
STU_014941,63.35277283824507
STU_014942,93.37264865234457
STU_014943,64.35036139461558
STU_014944,70.32460011562574
STU_014945,64.68340563267074
STU_014946,68.47365050316579
STU_014947,72.56594032443199
STU_014948,85.00389710276967
STU_014949,68.64219020834467
STU_014950,92.16998560411626
STU_014951,72.53965625212369
STU_014952,74.06091742708321
STU_014953,96.55395740073732
STU_014954,94.78091505302591
STU_014955,91.5416723910513
STU_014956,79.84180613647413
STU_014957,77.31965326060744
STU_014958,71.35330063611022
STU_014959,52.74213780174743
STU_014960,97.1582712389756
STU_014961,92.29492752409101
STU_014962,48.31619210904883
STU_014963,75.17111024824686
STU_014964,94.88010900764547
STU_014965,75.32933773953727
STU_014966,69.6454899496045
STU_014967,54.447593553349805
STU_014968,94.21459877045376
STU_014969,80.54168865527981
STU_014970,70.90167136524819
STU_014971,67.25699325300604
STU_014972,88.65163122339516
STU_014973,72.7693372152207
STU_014974,72.53379793664033
STU_014975,68.94944495224641
STU_014976,90.77671321333253
STU_014977,80.41346139493831
STU_014978,91.59513441653323
STU_014979,96.31813397339319
STU_014980,62.477650299868365
STU_014981,99.07127674801193
STU_014982,63.111077070543956
STU_014983,89.00400682219075
STU_014984,66.73880653417315
STU_014985,66.82842365513301
STU_014986,50.585622744243565
STU_014987,89.3598502182038
STU_014988,65.37903133560395
STU_014989,96.69641553165087
STU_014990,88.4621736889203
STU_014991,97.24070612302204
STU_014992,72.53524771602065
STU_014993,60.03261857269861
STU_014994,84.51719626113275
STU_014995,85.84989212231348
STU_014996,74.85589090145032
STU_014997,77.63231798873844
STU_014998,82.6145337692827
STU_014999,96.9575745507331
STU_015000,69.71696922801284
STU_015001,57.32414616252607
STU_015002,67.42169846938565
STU_015003,59.921556798841976
STU_015004,64.81876722226913
STU_015005,59.85548397801414
STU_015006,61.49057123322146
STU_015007,91.96148045392998
STU_015008,70.14853932001358
STU_015009,75.2693717586438
STU_015010,76.44102329246564
STU_015011,52.65092862238668
STU_015012,96.94608511855763
STU_015013,62.831226102889936
STU_015014,60.07745341162266
STU_015015,81.89418057710172
STU_015016,91.25739276822591
STU_015017,86.72585038483913
STU_015018,75.24946485022738
STU_015019,84.42450626982958
STU_015020,63.5947697623455
STU_015021,74.8481909824009
STU_015022,63.78011944105247
STU_015023,78.95049417500447
STU_015024,69.61196207910328
STU_015025,81.93290250446941
STU_015026,69.00211330108515
STU_015027,82.75470781811035
STU_015028,76.90149274139863
STU_015029,77.01840565464602
STU_015030,90.12025230052694
STU_015031,77.0732491469025
STU_015032,70.38146461998296
STU_015033,78.48961071928586
STU_015034,66.50312914322423
STU_015035,81.17525113151777
STU_015036,74.58784203610108
STU_015037,78.66365125487718
STU_015038,89.44453432754973
STU_015039,63.77204771669125
STU_015040,81.0265468828061
STU_015041,83.3686158984454
STU_015042,47.6453457913458
STU_015043,87.35142589719597
STU_015044,88.44121783501518
STU_015045,88.79291040668657
STU_015046,64.74367886468467
STU_015047,85.07770360275947
STU_015048,68.10209189848618
STU_015049,74.1568790003712
STU_015050,59.60257430375406
STU_015051,66.69629212711233
STU_015052,61.459056443395056
STU_015053,67.38563174602695
STU_015054,94.463167548605
STU_015055,85.94736559377276
STU_015056,63.01880521976413
STU_015057,97.90081786201065
STU_015058,59.904697691221934
STU_015059,96.76347261792057
STU_015060,70.82109216422762
STU_015061,74.49485032553311
STU_015062,71.34772067920353
STU_015063,70.31322458774633
STU_015064,64.73946567484055
STU_015065,91.00210394122836
STU_015066,84.07848452698559
STU_015067,71.30179648161744
STU_015068,70.91940724250281
STU_015069,71.34809187505005
STU_015070,73.67064840056723
STU_015071,75.39520435270265
STU_015072,100.0
STU_015073,66.47291463031442
STU_015074,66.74938939741341
STU_015075,91.37645675129308
STU_015076,70.61610788900369
STU_015077,70.74077169647005
STU_015078,70.13746948765768
STU_015079,100.0
STU_015080,66.9888601060876
STU_015081,99.75593756017788
STU_015082,60.1398331363418
STU_015083,83.8052698739681
STU_015084,64.40137082835778
STU_015085,77.33076560834738
STU_015086,67.6984680658692
STU_015087,57.47493186400409
STU_015088,90.45409492196549
STU_015089,83.00226847352123
STU_015090,89.59059197572043
STU_015091,72.51471844993523
STU_015092,75.13685639483722
STU_015093,96.55432658202727
STU_015094,69.08061759407106
STU_015095,79.60511015744649
STU_015096,84.47940599828188
STU_015097,79.70322806871799
STU_015098,66.82545036869872
STU_015099,61.54834282488606
STU_015100,87.82607775320915
STU_015101,74.07714360288766
STU_015102,79.05815724466147
STU_015103,99.05233378028699
STU_015104,73.47117436007193
STU_015105,91.00641053297217
STU_015106,73.17213444335091
STU_015107,75.59538887383555
STU_015108,81.20970863846595
STU_015109,75.81237844643533
STU_015110,86.22831104613277
STU_015111,60.56607039693308
STU_015112,81.83527602481219
STU_015113,67.68581353748702
STU_015114,83.95242724751591
STU_015115,61.225189302989364
STU_015116,88.80610778619517
STU_015117,66.90626472795924
STU_015118,55.918960831608175
STU_015119,83.14619265892514
STU_015120,85.36852971840058
STU_015121,60.00390104217429
STU_015122,100.0
STU_015123,66.17915486129999
STU_015124,86.91870502853854
STU_015125,76.74279900341777
STU_015126,75.64326344474014
STU_015127,92.92859720502325
STU_015128,77.98355464590608
STU_015129,68.28273755051964
STU_015130,70.8610764627311
STU_015131,81.86872155961844
STU_015132,85.02170050223934
STU_015133,95.08427516117918
STU_015134,80.54378117458525
STU_015135,82.45363912914053
STU_015136,75.63527564504741
STU_015137,72.13969936984726
STU_015138,69.70487336720441
STU_015139,81.10208544959445
STU_015140,98.0229996740853
STU_015141,67.28028452625132
STU_015142,77.59084704470962
STU_015143,98.59702408548975
STU_015144,82.08099777965815
STU_015145,62.54167377424454
STU_015146,96.43587060244795
STU_015147,80.86410562141478
STU_015148,73.28165173216625
STU_015149,66.87820649207225
STU_015150,49.52460896630058
STU_015151,54.1077911646509
STU_015152,79.09765077472436
STU_015153,62.60517250071596
STU_015154,84.19922510452552
STU_015155,82.9706510815217
STU_015156,73.21044888212327
STU_015157,65.47710386130379
STU_015158,94.57074781330451
STU_015159,52.39135591776519
STU_015160,86.38270167916122
STU_015161,60.004136097031974
STU_015162,80.88452529837407
STU_015163,76.68272493629036
STU_015164,40.949025439757804
STU_015165,83.76993293834983
STU_015166,95.67763185011381
STU_015167,82.10708743812668
STU_015168,62.17162892479823
STU_015169,93.5015050905508
STU_015170,76.6678068561835
STU_015171,88.59888753275064
STU_015172,59.35053729008443
STU_015173,77.7535829719974
STU_015174,96.61241666562128
STU_015175,73.35067523972695
STU_015176,99.83474136011296
STU_015177,75.11074840564318
STU_015178,63.02751648531131
STU_015179,77.96650897830118
STU_015180,61.64436518553345
STU_015181,78.9159445249381
STU_015182,82.58387872141833
STU_015183,81.25438170913205
STU_015184,70.4407530719526
STU_015185,80.4603633568639
STU_015186,78.63772367274409
STU_015187,57.983509271117626
STU_015188,68.02772784781698
STU_015189,88.59611727167045
STU_015190,96.38354182887896
STU_015191,75.40246211772752
STU_015192,100.0
STU_015193,79.05631793243762
STU_015194,83.81008351309222
STU_015195,84.75335699638931
STU_015196,78.89138460127843
STU_015197,74.90993999225927
STU_015198,82.68286839013986
STU_015199,70.40594621191927
STU_015200,71.99117629015994
STU_015201,80.01910025374846
STU_015202,65.68096076119488
STU_015203,61.24694642570181
STU_015204,79.63159923483666
STU_015205,77.969598737583
STU_015206,74.50798402418994
STU_015207,89.27552202262184
STU_015208,73.53559986985192
STU_015209,84.11065751009365
STU_015210,86.6754093098453
STU_015211,43.734730445115346
STU_015212,94.95355024952104
STU_015213,70.3842931691627
STU_015214,95.45518979195081
STU_015215,77.65934737524688
STU_015216,91.08072809720777
STU_015217,58.07711430739566
STU_015218,74.79480846800817
STU_015219,76.50931195849697
STU_015220,46.483386545284326
STU_015221,87.6569873861347
STU_015222,65.53726577348719
STU_015223,83.99341191919656
STU_015224,69.59310917532734
STU_015225,70.44959118628867
STU_015226,69.94507741330214
STU_015227,64.54496568247384
STU_015228,81.47106689478585
STU_015229,72.03497440970183
STU_015230,76.00502844065745
STU_015231,99.53607141118384
STU_015232,83.75315040123918
STU_015233,89.162640401103
STU_015234,71.89073058881245
STU_015235,73.88285034153051
STU_015236,98.64367153985609
STU_015237,78.92898216546479
STU_015238,82.08439260439323
STU_015239,91.27020097548026
STU_015240,65.07825801918825
STU_015241,47.1623854474825
STU_015242,53.145803292244835
STU_015243,79.85266572994064
STU_015244,81.80852514134997
STU_015245,69.25514157103045
STU_015246,100.0
STU_015247,79.68409034579719
STU_015248,79.0012916067678
STU_015249,67.11540016173807
STU_015250,86.77411070052862
STU_015251,70.2622216832854
STU_015252,89.13238464139303
STU_015253,88.22605781743981
STU_015254,97.0615574103172
STU_015255,63.248310175802004
STU_015256,63.68571864520754
STU_015257,73.89467690103608
STU_015258,90.7193165856674
STU_015259,85.89934201299215
STU_015260,94.69026527882588
STU_015261,84.8792152470263
STU_015262,87.23213886878762
STU_015263,83.25216747422245
STU_015264,80.15114008262421
STU_015265,96.86488897598468
STU_015266,69.63339364633518
STU_015267,77.43888869982352
STU_015268,57.691007454730425
STU_015269,62.165461915958566
STU_015270,75.17590853983192
STU_015271,71.47803857394905
STU_015272,64.60611880365855
STU_015273,87.17519985440785
STU_015274,74.229620122172
STU_015275,48.13575865179318
STU_015276,50.692517222455415
STU_015277,72.07806421419295
STU_015278,98.13676421683923
STU_015279,50.20784116587259
STU_015280,88.70700702211715
STU_015281,99.87608355461174
STU_015282,83.92280594715417
STU_015283,82.98305723242757
STU_015284,77.40490466258332
STU_015285,44.30993956760359
STU_015286,89.87598054489499
STU_015287,75.10045008450761
STU_015288,78.83903695342262
STU_015289,62.199368651288665
STU_015290,77.94255062045744
STU_015291,75.07496239447349
STU_015292,65.9357877809121
STU_015293,60.06117018987296
STU_015294,81.57317914826724
STU_015295,74.85981217614234
STU_015296,69.48306231324518
STU_015297,86.20156696784674
STU_015298,96.83768705437987
STU_015299,68.53307810691672
STU_015300,85.97599723546999
STU_015301,73.46127665327434
STU_015302,82.61076003643484
STU_015303,62.76460496218759
STU_015304,60.20341972304021
STU_015305,66.3745567435998
STU_015306,83.00974202545838
STU_015307,97.65486514168774
STU_015308,59.625542536230526
STU_015309,67.62640694805175
STU_015310,77.7288386148499
STU_015311,62.498498183449556
STU_015312,82.60664075264938
STU_015313,59.134312269697126
STU_015314,84.31906829736572
STU_015315,72.26896762246487
STU_015316,91.2836461634194
STU_015317,70.65838907437791
STU_015318,80.9610692715966
STU_015319,71.54778938748412
STU_015320,71.02485012665137
STU_015321,64.23933888487856
STU_015322,97.35310557653368
STU_015323,78.05905884978895
STU_015324,71.89844975796439
STU_015325,81.87650624704145
STU_015326,57.32466598969252
STU_015327,75.44196587837918
STU_015328,72.27977391926296
STU_015329,71.51420858501194
STU_015330,72.43576295428971
STU_015331,65.24413964413563
STU_015332,99.89791782222267
STU_015333,67.80343194845872
STU_015334,78.70737187206979
STU_015335,97.14860297438283
STU_015336,93.03760724185874
STU_015337,68.39708481098054
STU_015338,64.77385969495694
STU_015339,69.06261339080967
STU_015340,95.03328280760033
STU_015341,79.9366880216107
STU_015342,99.80820288165214
STU_015343,76.16540685528506
STU_015344,93.23523864177156
STU_015345,99.96157842085879
STU_015346,89.42331210935743
STU_015347,94.50136414943589
STU_015348,73.74779975728981
STU_015349,80.67888801857576
STU_015350,85.38085408112642
STU_015351,100.0
STU_015352,80.8024526914452
STU_015353,77.36238398430187
STU_015354,58.62919597307115
STU_015355,58.454297145726386
STU_015356,60.97682149537048
STU_015357,68.20252446193321
STU_015358,83.05066173102361
STU_015359,80.32831585599807
STU_015360,93.13812995820277
STU_015361,80.00660808230748
STU_015362,70.8471534480457
STU_015363,78.2057829404841
STU_015364,93.5047763555844
STU_015365,76.35566149887775
STU_015366,91.62818533655503
STU_015367,81.17614721618588
STU_015368,72.93036286702096
STU_015369,98.78379090290566
STU_015370,96.11090910957668
STU_015371,57.979350195326376
STU_015372,58.06742242592895
STU_015373,81.71821606718409
STU_015374,85.42024364848162
STU_015375,70.61662046580263
STU_015376,72.56094613294914
STU_015377,87.92563033688441
STU_015378,72.11295833856329
STU_015379,94.24909205465258
STU_015380,88.2480087925248
STU_015381,94.06073997370194
STU_015382,81.16820759487116
STU_015383,58.78944448874857
STU_015384,76.09490280670782
STU_015385,58.42062586423003
STU_015386,76.0839764434218
STU_015387,67.7477822360401
STU_015388,76.82826964018535
STU_015389,97.94656886838216
STU_015390,46.035705016167796
STU_015391,80.7101618470441
STU_015392,89.55481910316227
STU_015393,88.98340610694186
STU_015394,76.04004377841558
STU_015395,81.8476548393648
STU_015396,71.70428540023688
STU_015397,98.11290921796892
STU_015398,74.32646767934231
STU_015399,98.5088492130508
STU_015400,91.82019943565525
STU_015401,88.03498841934682
STU_015402,69.46338833022509
STU_015403,58.377304403692285
STU_015404,79.94154667591067
STU_015405,81.47444676245038
STU_015406,87.4231472956074
STU_015407,85.61506639827668
STU_015408,38.62348030802773
STU_015409,75.85512311020355
STU_015410,68.15832074609244
STU_015411,72.61334220252918
STU_015412,69.5253803829815
STU_015413,77.40148741487623
STU_015414,69.8386729235176
STU_015415,66.9860434488218
STU_015416,87.27537077707531
STU_015417,57.88154638151262
STU_015418,86.17065669986
STU_015419,55.86460559162792
STU_015420,66.41612425857839
STU_015421,93.3060657606673
STU_015422,76.90437639922371
STU_015423,86.15742808770767
STU_015424,99.7215396031154
STU_015425,88.93164137462142
STU_015426,61.13878744983562
STU_015427,59.8567727466457
STU_015428,73.5215045183268
STU_015429,76.47411196743175
STU_015430,38.83755574384244
STU_015431,66.43100608440116
STU_015432,78.97002083601393
STU_015433,69.48011155097126
STU_015434,65.07645496137458
STU_015435,70.3217902512235
STU_015436,74.82636499677982
STU_015437,74.7092578216387
STU_015438,94.02570758408416
STU_015439,79.18855349517986
STU_015440,77.60314103175533
STU_015441,67.071112926225
STU_015442,88.69316282643774
STU_015443,62.55964429824518
STU_015444,79.16442091002202
STU_015445,67.66884620680953
STU_015446,70.27539851813873
STU_015447,46.1883783618615
STU_015448,44.09810472478445
STU_015449,84.43361136249982
STU_015450,92.85811274386448
STU_015451,79.43027921019109
STU_015452,79.35597094307656
STU_015453,95.20715449037532
STU_015454,78.92863452730997
STU_015455,53.55068812759775
STU_015456,80.60291435937536
STU_015457,66.7390560130836
STU_015458,66.27284149779608
STU_015459,50.307022292815205
STU_015460,100.0
STU_015461,99.9432187519505
STU_015462,73.53674541101773
STU_015463,85.11073603465813
STU_015464,60.149347569934605
STU_015465,49.86594887367864
STU_015466,86.730515305652
STU_015467,84.58370105361489
STU_015468,63.16226953540487
STU_015469,62.99544922619341
STU_015470,95.15448960327818
STU_015471,75.35132064480702
STU_015472,90.66904919187296
STU_015473,89.30422695088352
STU_015474,99.45002902634484
STU_015475,75.27410912404228
STU_015476,82.07917258739383
STU_015477,55.64543476223111
STU_015478,51.523541037267
STU_015479,95.88645858823311
STU_015480,70.81896040491729
STU_015481,76.95398949516279
STU_015482,60.98568507411929
STU_015483,86.884656248697
STU_015484,68.01159548872847
STU_015485,68.21704491346132
STU_015486,71.53116960677194
STU_015487,61.64167466211931
STU_015488,77.8364007619679
STU_015489,82.36478000715725
STU_015490,86.89888460644632
STU_015491,85.7284722102585
STU_015492,61.75658193650728
STU_015493,69.61533784835736
STU_015494,65.14536810229214
STU_015495,85.97058760597908
STU_015496,70.5949486572403
STU_015497,53.847100317149824
STU_015498,68.92097788607212
STU_015499,39.72383937104706
STU_015500,73.3676579463245
STU_015501,93.02867898224974
STU_015502,52.52304144328288
STU_015503,86.13486195706693
STU_015504,84.07487757288474
STU_015505,76.5615402350645
STU_015506,74.25902337792878
STU_015507,100.0
STU_015508,99.16371502111166
STU_015509,82.22510408512946
STU_015510,83.0252810907738
STU_015511,90.32417733691189
STU_015512,78.75551467326618
STU_015513,81.80828052170031
STU_015514,82.49955322910002
STU_015515,76.58890998457863
STU_015516,74.19886644962853
STU_015517,94.85770640317004
STU_015518,72.03968362877113
STU_015519,55.15105644046088
STU_015520,81.1198220042272
STU_015521,90.89160145611213
STU_015522,64.12801130049893
STU_015523,69.75531729876549
STU_015524,37.17060927568204
STU_015525,78.6516576844637
STU_015526,76.50988714242143
STU_015527,74.68203587431827
STU_015528,72.82622774032811
STU_015529,84.5949186129183
STU_015530,86.48048407731125
STU_015531,84.92795497639769
STU_015532,79.97833642392007
STU_015533,54.62815876652212
STU_015534,91.85522596014437
STU_015535,75.49730061838454
STU_015536,78.88112881063829
STU_015537,68.92624466819522
STU_015538,89.38069196413714
STU_015539,67.04566541208835
STU_015540,66.46273366357359
STU_015541,71.86403842847466
STU_015542,92.03680746517178
STU_015543,80.65231010360662
STU_015544,97.19887263962808
STU_015545,74.6270618031184
STU_015546,76.91662941572903
STU_015547,54.64919816133828
STU_015548,61.66166071553096
STU_015549,93.9570348709758
STU_015550,92.78396896442396
STU_015551,81.64060149847388
STU_015552,73.38258428312085
STU_015553,51.56691508426339
STU_015554,83.03532500193825
STU_015555,85.49253124243663
STU_015556,93.78145518483815
STU_015557,73.90591359655434
STU_015558,88.77102200936666
STU_015559,82.46605486090638
STU_015560,82.3774069322096
STU_015561,84.29913783895586
STU_015562,80.38650526332546
STU_015563,65.14722635573267
STU_015564,71.47038058902767
STU_015565,64.48191301168617
STU_015566,70.85864913786806
STU_015567,69.63533734200799
STU_015568,70.80956813665809
STU_015569,71.09390312130763
STU_015570,93.96899017696722
STU_015571,60.4037411307413
STU_015572,77.55664506043371
STU_015573,83.15760951292708
STU_015574,62.095448750102115
STU_015575,75.13118721659409
STU_015576,69.74778118623948
STU_015577,69.7796801672771
STU_015578,78.50377533178889
STU_015579,71.66411930239134
STU_015580,73.61665085905445
STU_015581,82.31553735877313
STU_015582,79.06878497853717
STU_015583,92.43674006131072
STU_015584,88.46511996918441
STU_015585,88.42629441157385
STU_015586,89.79396225742936
STU_015587,52.791789593006584
STU_015588,75.33439168887398
STU_015589,79.27404208585403
STU_015590,62.10726043357189
STU_015591,56.56974641917505
STU_015592,87.08620573612454
STU_015593,65.00179772639305
STU_015594,89.6261875323566
STU_015595,93.54206796003218
STU_015596,85.62298854114796
STU_015597,93.81843650713122
STU_015598,81.51846017761977
STU_015599,52.71295035061671
STU_015600,68.97941176683582
STU_015601,50.870334996965205
STU_015602,63.01647447380192
STU_015603,79.45679790851085
STU_015604,83.11564784386621
STU_015605,57.667894111423365
STU_015606,78.62811642502578
STU_015607,66.52674861292599
STU_015608,74.7316319027384
STU_015609,68.78047952806735
STU_015610,68.3341388191074
STU_015611,86.99694399626259
STU_015612,81.4905559549797
STU_015613,94.98812121239048
STU_015614,62.94289079027959
STU_015615,71.03465259690851
STU_015616,81.54104642716963
STU_015617,65.3282504871636
STU_015618,84.51935781658348
STU_015619,58.88547187192354
STU_015620,70.50175453666348
STU_015621,71.84805620989113
STU_015622,79.91187264517362
STU_015623,88.51528262012746
STU_015624,79.73844365468038
STU_015625,82.1328353661763
STU_015626,63.21541614870856
STU_015627,100.0
STU_015628,77.9439138059268
STU_015629,67.14164944950436
STU_015630,73.42193317973774
STU_015631,66.58234659989319
STU_015632,91.47782157153684
STU_015633,87.3355108927274
STU_015634,73.18527250918912
STU_015635,97.45533994519924
STU_015636,70.58271401672263
STU_015637,47.2920056537506
STU_015638,74.10141521073119
STU_015639,98.09379100086066
STU_015640,66.75029597436067
STU_015641,58.608682765523156
STU_015642,99.8401741513362
STU_015643,80.80604083840946
STU_015644,92.17006635703095
STU_015645,55.58665601225161
STU_015646,99.84980783573445
STU_015647,72.27110998456328
STU_015648,62.937394049325746
STU_015649,81.15582856216584
STU_015650,69.0609284263851
STU_015651,53.85634389528417
STU_015652,96.64136438190452
STU_015653,73.88295174915525
STU_015654,66.63879766900497
STU_015655,100.0
STU_015656,69.00310353730605
STU_015657,75.80184924839068
STU_015658,71.18113919011526
STU_015659,73.73293471415703
STU_015660,90.65579441092493
STU_015661,42.87558738260736
STU_015662,72.25066297353557
STU_015663,87.30811205210892
STU_015664,56.65912039873555
STU_015665,78.87168802262141
STU_015666,83.48129708430031
STU_015667,95.1059054647514
STU_015668,82.57182943513483
STU_015669,75.55475917853143
STU_015670,65.58658556471588
STU_015671,85.26496223759486
STU_015672,88.10509227190961
STU_015673,81.11660131822633
STU_015674,80.14233495922598
STU_015675,87.66020785989745
STU_015676,50.48748376207262
STU_015677,85.63669289979582
STU_015678,99.7817227089393
STU_015679,77.06588153970085
STU_015680,76.2420140375911
STU_015681,79.79565523063845
STU_015682,86.51960944528382
STU_015683,61.709147239683205
STU_015684,63.60301155213962
STU_015685,81.32872197129005
STU_015686,71.2070260574353
STU_015687,87.75563748420163
STU_015688,77.38840174039863
STU_015689,63.3881546678533
STU_015690,65.84621315683611
STU_015691,97.50204237836813
STU_015692,87.45661577149107
STU_015693,76.48633453317228
STU_015694,95.35902192733194
STU_015695,93.16885341789286
STU_015696,49.68398726526001
STU_015697,65.1842787922184
STU_015698,90.21379436693866
STU_015699,95.59083214532997
STU_015700,80.6553220543948
STU_015701,69.51123177778908
STU_015702,88.87396452538641
STU_015703,91.7701614692569
STU_015704,81.33869822488825
STU_015705,81.82179466455922
STU_015706,62.47295690577082
STU_015707,84.60986949967132
STU_015708,54.86872699421252
STU_015709,64.89408241455371
STU_015710,68.67718360751384
STU_015711,72.96914564088164
STU_015712,87.55189325387167
STU_015713,82.91802112510821
STU_015714,75.30921971039301
STU_015715,86.72266998746198
STU_015716,62.74453587875168
STU_015717,66.33276520484922
STU_015718,69.56904865067445
STU_015719,59.29052844581529
STU_015720,61.075647209749064
STU_015721,59.44781214555599
STU_015722,67.82653266564566
STU_015723,72.40511997399065
STU_015724,99.5714160338494
STU_015725,90.42815145307897
STU_015726,78.35614198527362
STU_015727,65.93124983693387
STU_015728,80.20845037115512
STU_015729,95.18620125084936
STU_015730,69.82659983655527
STU_015731,79.3329788943863
STU_015732,54.97421907726382
STU_015733,65.30672887014387
STU_015734,65.42266844170506
STU_015735,53.405769196883185
STU_015736,93.23009272703815
STU_015737,71.97249952636297
STU_015738,65.49564024132897
STU_015739,75.2832894989162
STU_015740,89.91469928426585
STU_015741,63.33786856892083
STU_015742,71.53692887646758
STU_015743,90.74008601437212
STU_015744,66.11759271684663
STU_015745,87.06310804480144
STU_015746,68.84763520271615
STU_015747,94.63960605001168
STU_015748,52.23424198315002
STU_015749,87.10576285299373
STU_015750,57.5996302922362
STU_015751,90.10813856187227
STU_015752,69.39980514037377
STU_015753,78.83715622727544
STU_015754,79.1341414029545
STU_015755,94.68130159778873
STU_015756,78.22270188387927
STU_015757,86.9928712489719
STU_015758,100.0
STU_015759,85.82701800006714
STU_015760,64.77228908831063
STU_015761,91.6603348858324
STU_015762,66.05336256475155
STU_015763,67.03282939217974
STU_015764,76.98850704766015
STU_015765,78.6423664798148
STU_015766,82.44951336547281
STU_015767,88.95299105078584
STU_015768,77.62942030057296
STU_015769,81.42646047186945
STU_015770,66.33572099427916
STU_015771,94.33058432432303
STU_015772,59.52359042731302
STU_015773,53.798267885482936
STU_015774,99.44619152198442
STU_015775,82.73982201489045
STU_015776,64.02966178712822
STU_015777,65.93486472058288
STU_015778,65.36450136365443
STU_015779,53.35296336609068
STU_015780,80.92150032039852
STU_015781,76.1296213532035
STU_015782,82.89620793076254
STU_015783,63.04841681652793
STU_015784,76.47914479342593
STU_015785,72.05844926229699
STU_015786,74.67699731929567
STU_015787,80.89413662196587
STU_015788,79.7597115606733
STU_015789,51.842160665280986
STU_015790,65.9742008430069
STU_015791,69.20882356441486
STU_015792,79.25199849605671
STU_015793,88.11105597113169
STU_015794,86.796981898812
STU_015795,63.96265300441536
STU_015796,89.78952641623142
STU_015797,80.1029394902504
STU_015798,86.99702275610422
STU_015799,89.73878437360791
STU_015800,66.67683100999983
STU_015801,77.54710956268903
STU_015802,57.702439637156345
STU_015803,69.74810310888189
STU_015804,80.87254487650401
STU_015805,50.36128857013084
STU_015806,97.97506239654366
STU_015807,78.50119733960767
STU_015808,67.03530136301202
STU_015809,49.19180453862791
STU_015810,86.92512271987779
STU_015811,100.0
STU_015812,82.23067598056983
STU_015813,92.79394750865491
STU_015814,68.03459180920481
STU_015815,59.028463546784934
STU_015816,92.20590210723367
STU_015817,70.24523798365237
STU_015818,67.8635962086125
STU_015819,54.30489343858105
STU_015820,64.22439790466021
STU_015821,75.99512550559326
STU_015822,63.9503022268761
STU_015823,76.36339993049522
STU_015824,85.72837835998493
STU_015825,53.12710827984904
STU_015826,56.09151210846821
STU_015827,66.28387396925417
STU_015828,71.51643342826986
STU_015829,85.98896683143514
STU_015830,89.43299326788181
STU_015831,73.67123587594925
STU_015832,93.86174451527457
STU_015833,88.73700228903688
STU_015834,44.24477460236331
STU_015835,76.87715460605797
STU_015836,80.59383703495503
STU_015837,77.52938199865834
STU_015838,73.1264146544307
STU_015839,88.5033198473828
STU_015840,69.53224359418046
STU_015841,55.558200740707115
STU_015842,93.53334013056494
STU_015843,84.91709499799748
STU_015844,89.75227184948226
STU_015845,65.29386198738516
STU_015846,65.03640988714378
STU_015847,77.36197527576489
STU_015848,87.80463855701491
STU_015849,92.44711581397118
STU_015850,57.46368674669277
STU_015851,72.45946375586841
STU_015852,61.456081331807624
STU_015853,75.45122966005891
STU_015854,92.66873666624481
STU_015855,94.49195497538359
STU_015856,76.18218286391235
STU_015857,83.38705463145457
STU_015858,63.88572268736921
STU_015859,72.6250547236153
STU_015860,69.3132850600556
STU_015861,70.13158317181542
STU_015862,67.38123625993924
STU_015863,96.4503949380617
STU_015864,54.76961354829257
STU_015865,60.69875608756625
STU_015866,76.12175602428609
STU_015867,35.7319183055575
STU_015868,72.13429830368416
STU_015869,91.05589290286538
STU_015870,77.36970669191086
STU_015871,72.07280670170547
STU_015872,48.40146694553621
STU_015873,96.58388801642926
STU_015874,71.83728892090431
STU_015875,81.94883839439504
STU_015876,64.39862313847122
STU_015877,97.73515577884945
STU_015878,81.82783634127269
STU_015879,97.21435699745024
STU_015880,82.22702070445526
STU_015881,97.1511369471868
STU_015882,68.16112985413248
STU_015883,79.19959647130521
STU_015884,86.84859168070597
STU_015885,60.17233103802626
STU_015886,93.96893837717826
STU_015887,99.67207627112003
STU_015888,61.991578018207335
STU_015889,85.15178194231963
STU_015890,92.3831810756652
STU_015891,92.21389643295603
STU_015892,54.21754151582463
STU_015893,55.70594015063004
STU_015894,52.8769027486374
STU_015895,62.1147217960721
STU_015896,70.21339461266847
STU_015897,90.0063789073855
STU_015898,77.63790585659396
STU_015899,88.13441645303651
STU_015900,71.39439748474682
STU_015901,71.27938267712838
STU_015902,72.64530106223573
STU_015903,84.07669299814341
STU_015904,79.86091363034136
STU_015905,89.5913703214379
STU_015906,70.83956937436828
STU_015907,100.0
STU_015908,64.3963490492047
STU_015909,73.61725194375416
STU_015910,76.23924418088085
STU_015911,61.67233926091819
STU_015912,81.9455634328708
STU_015913,66.77787373241706
STU_015914,65.09309848952607
STU_015915,86.49813402615095
STU_015916,60.604828117787854
STU_015917,51.35093451973147
STU_015918,75.71519397522418
STU_015919,87.06146091313273
STU_015920,79.35692974410918
STU_015921,92.91503557747063
STU_015922,57.08140363205386
STU_015923,91.27471025791249
STU_015924,76.29926996007444
STU_015925,68.9362178268073
STU_015926,79.22752688574961
STU_015927,74.37889303541532
STU_015928,74.80839964070286
STU_015929,85.39045235203045
STU_015930,60.40135740765158
STU_015931,62.097167957358366
STU_015932,74.71697925772227
STU_015933,77.06995246503354
STU_015934,67.95512367448706
STU_015935,100.0
STU_015936,100.0
STU_015937,77.98568606791865
STU_015938,80.55109110161197
STU_015939,64.02014790075242
STU_015940,93.30247158076688
STU_015941,65.34804069419566
STU_015942,85.90006915204057
STU_015943,80.77181813359672
STU_015944,98.10208093481087
STU_015945,76.98680370560356
STU_015946,75.76570392366314
STU_015947,72.29066927123479
STU_015948,68.8058014820997
STU_015949,59.013823337003075
STU_015950,95.41013320806158
STU_015951,74.57285702010846
STU_015952,73.57614930796613
STU_015953,64.6051076106608
STU_015954,79.77370555660926
STU_015955,79.6040008837679
STU_015956,84.88485442370224
STU_015957,53.88868373265689
STU_015958,70.0264789996292
STU_015959,91.11490336785074
STU_015960,68.88614277491723
STU_015961,89.53267666380547
STU_015962,79.92859572129642
STU_015963,76.25374511950231
STU_015964,64.06074368388963
STU_015965,85.73091716677935
STU_015966,56.44657454159787
STU_015967,81.34195742006149
STU_015968,84.18730798197865
STU_015969,67.16253717138454
STU_015970,80.54230261100965
STU_015971,66.3650895497092
STU_015972,85.76764383520668
STU_015973,64.06957625912145
STU_015974,88.33257640739218
STU_015975,53.06918632942634
STU_015976,49.350041143237306
STU_015977,62.55541392992715
STU_015978,70.86960107496
STU_015979,88.16763847744652
STU_015980,85.63728473321387
STU_015981,97.51541674661924
STU_015982,92.61123960486472
STU_015983,82.46847467127475
STU_015984,83.78196531229396
STU_015985,73.15407325125729
STU_015986,45.50625235202893
STU_015987,74.79742159988636
STU_015988,66.25100879867458
STU_015989,76.97356200489645
STU_015990,58.49916690035512
STU_015991,74.42170322551999
STU_015992,45.7412002351302
STU_015993,75.73247810261329
STU_015994,74.48177947921799
STU_015995,99.25732876917623
STU_015996,77.81992020382268
STU_015997,68.00446414630562
STU_015998,82.11528877559894
STU_015999,86.55249876207887
STU_016000,83.48531207553486
STU_016001,91.53766859996418
STU_016002,87.57546076752173
STU_016003,92.16065456230572
STU_016004,86.38129420326688
STU_016005,45.97162568588365
STU_016006,64.07647425930497
STU_016007,81.36150419607351
STU_016008,88.64555009174424
STU_016009,51.78511556352632
STU_016010,77.83942549795213
STU_016011,84.4235340547778
STU_016012,70.93921871557247
STU_016013,68.49795599637238
STU_016014,97.97015575424304
STU_016015,50.297125378610815
STU_016016,93.92719086522624
STU_016017,80.37411888217189
STU_016018,83.01418785746061
STU_016019,72.10718089105801
STU_016020,94.624607266024
STU_016021,100.0
STU_016022,67.33120657393422
STU_016023,100.0
STU_016024,75.12256544824206
STU_016025,89.74492565311466
STU_016026,53.77147095048544
STU_016027,64.03828665997709
STU_016028,67.56624862034502
STU_016029,76.59794471827253
STU_016030,97.6062519908559
STU_016031,93.70730086816721
STU_016032,86.7737798185711
STU_016033,85.79418446997052
STU_016034,78.91608608377597
STU_016035,67.71061230157397
STU_016036,100.0
STU_016037,75.9147821235886
STU_016038,73.40487339191068
STU_016039,71.61993050010234
STU_016040,89.19911570994104
STU_016041,95.74537249664323
STU_016042,75.60848698954082
STU_016043,82.26352266803312
STU_016044,92.80706162846042
STU_016045,82.00043143364798
STU_016046,60.614632658969136
STU_016047,86.01069700617742
STU_016048,70.50430198885388
STU_016049,73.28112627840535
STU_016050,69.38705670292994
STU_016051,82.415190324984
STU_016052,96.14305178624878
STU_016053,78.43510548637848
STU_016054,68.30890474727336
STU_016055,79.43373083974852
STU_016056,71.68470660356033
STU_016057,76.81758124143273
STU_016058,77.35525265188258
STU_016059,69.71512020647455
STU_016060,75.33692814516226
STU_016061,52.96415264361895
STU_016062,70.2898982323513
STU_016063,77.9762406135275
STU_016064,60.73422433820053
STU_016065,75.34152364882183
STU_016066,83.13145773751607
STU_016067,60.753591113483964
STU_016068,99.414546104149
STU_016069,76.40981887005395
STU_016070,73.54308723584565
STU_016071,65.55029451567913
STU_016072,87.07557158872174
STU_016073,79.29839174942666
STU_016074,85.79819255026287
STU_016075,99.14563582923671
STU_016076,63.13642660784456
STU_016077,66.09536101550752
STU_016078,84.88510130334056
STU_016079,83.8710646890905
STU_016080,78.12533659726154
STU_016081,68.95108400318497
STU_016082,87.1393416110498
STU_016083,98.85991480086848
STU_016084,72.3502167342304
STU_016085,52.71787870095519
STU_016086,94.48376115956641
STU_016087,71.84572212827882
STU_016088,74.76963052970432
STU_016089,85.06141004648495
STU_016090,87.56203186757507
STU_016091,67.06438907151811
STU_016092,73.072345169058
STU_016093,79.76971910292309
STU_016094,77.1737901476775
STU_016095,71.9651992959004
STU_016096,87.17427769173435
STU_016097,70.25641150927117
STU_016098,59.14526205632612
STU_016099,83.15187773686344
STU_016100,74.35352647195688
STU_016101,61.193286408634094
STU_016102,82.18200443687523
STU_016103,56.602178807553976
STU_016104,80.6350251189913
STU_016105,63.54925360375118
STU_016106,61.90709981953608
STU_016107,79.89559998633402
STU_016108,71.91901213465762
STU_016109,66.56273667773804
STU_016110,64.65448849327515
STU_016111,82.31556936449806
STU_016112,76.11359804502908
STU_016113,58.29343952468524
STU_016114,73.08680823281968
STU_016115,82.79966084591813
STU_016116,96.06270935219106
STU_016117,79.92859322166753
STU_016118,66.13606977789497
STU_016119,81.61983802818543
STU_016120,82.22074545440886
STU_016121,68.8986803853707
STU_016122,72.87212784706672
STU_016123,88.4347161314684
STU_016124,95.96165820193512
STU_016125,89.11811083221387
STU_016126,81.28015048329189
STU_016127,81.31413454446049
STU_016128,93.06839406606295
STU_016129,65.86540119149154
STU_016130,97.58243244446498
STU_016131,82.97363214091973
STU_016132,70.93522550180452
STU_016133,76.0642896756706
STU_016134,73.63843094251152
STU_016135,61.036949277214575
STU_016136,89.06321322458469
STU_016137,78.36701261973984
STU_016138,80.4176540398946
STU_016139,97.83427353493843
STU_016140,85.82615934655156
STU_016141,88.59148363945123
STU_016142,82.5307228662949
STU_016143,55.68143253400868
STU_016144,78.21384959528844
STU_016145,78.63710950547937
STU_016146,86.04844915658475
STU_016147,90.25976132661027
STU_016148,63.62209988414618
STU_016149,54.25302497385568
STU_016150,93.96199598351014
STU_016151,56.48713305210483
STU_016152,80.18566787149167
STU_016153,68.68805854576419
STU_016154,81.56030179860605
STU_016155,83.00315301504588
STU_016156,65.07400608486182
STU_016157,77.66469808119035
STU_016158,97.21791305092412
STU_016159,62.01628361593144
STU_016160,83.46349996906748
STU_016161,72.6124438811826
STU_016162,92.98764217783399
STU_016163,75.81766907019471
STU_016164,65.58098414632933
STU_016165,94.82947168716169
STU_016166,62.26134516850727
STU_016167,83.23668670612855
STU_016168,84.98919590149288
STU_016169,90.42242523929512
STU_016170,83.16094320202286
STU_016171,74.09733047134753
STU_016172,61.17000689786707
STU_016173,69.01140247753048
STU_016174,60.38733659216842
STU_016175,93.98828928549393
STU_016176,75.4285518664256
STU_016177,82.65648437668256
STU_016178,78.68467231843164
STU_016179,81.7107461405515
STU_016180,57.70576494412982
STU_016181,93.8698506814165
STU_016182,52.584284217808296
STU_016183,78.06515730455472
STU_016184,77.16431722630973
STU_016185,99.94538573746532
STU_016186,50.20071211344806
STU_016187,91.80336653265066
STU_016188,78.1320291250044
STU_016189,83.23114551997195
STU_016190,81.1946805452168
STU_016191,56.35297920838267
STU_016192,61.70328297890455
STU_016193,79.31695948053726
STU_016194,92.27206096897237
STU_016195,84.14133291930624
STU_016196,56.01447066091133
STU_016197,97.48206576132928
STU_016198,70.48762598668351
STU_016199,76.95367205106089
STU_016200,63.43262052162468
STU_016201,67.46835280289798
STU_016202,64.24920234146832
STU_016203,69.02878927212527
STU_016204,61.94654618932458
STU_016205,55.41091533812931
STU_016206,71.68200915568028
STU_016207,51.73634185883738
STU_016208,68.03421555857561
STU_016209,69.86054019766922
STU_016210,55.85780009675822
STU_016211,71.89935536313072
STU_016212,67.27812550810582
STU_016213,92.925696497279
STU_016214,58.43984767457214
STU_016215,70.95820021090177
STU_016216,61.48103808960742
STU_016217,72.04958149204099
STU_016218,100.0
STU_016219,79.8569593504551
STU_016220,92.34368263112518
STU_016221,65.92211134301422
STU_016222,66.10683783970006
STU_016223,63.01912109684481
STU_016224,97.62012663402346
STU_016225,85.15300525485225
STU_016226,91.01273936582604
STU_016227,80.03198119558839
STU_016228,71.32110192580345
STU_016229,64.24140031764802
STU_016230,62.96497294028817
STU_016231,95.46610435409106
STU_016232,98.87883561253967
STU_016233,49.04012310186902
STU_016234,85.72165030094291
STU_016235,57.83284842342182
STU_016236,75.81909387610112
STU_016237,69.39510473904315
STU_016238,88.82625288517966
STU_016239,68.99699392543181
STU_016240,90.14250545650224
STU_016241,84.81260346105692
STU_016242,70.30795497425477
STU_016243,73.59730419253975
STU_016244,76.82932851680516
STU_016245,69.49091922372953
STU_016246,65.08279692254274
STU_016247,72.24961976813508
STU_016248,73.70956919638257
STU_016249,66.03150698999892
STU_016250,89.08028908331356
STU_016251,51.68406076037187
STU_016252,88.64069373825622
STU_016253,83.87752717533337
STU_016254,84.59397361596878
STU_016255,71.41582545943028
STU_016256,44.16720428598783
STU_016257,81.9630649171295
STU_016258,82.36688363072469
STU_016259,72.89732733544176
STU_016260,74.13971740759807
STU_016261,97.29621558303808
STU_016262,82.66387798746256
STU_016263,57.761314701851525
STU_016264,55.86154875733368
STU_016265,98.32760541495786
STU_016266,90.85633666149226
STU_016267,73.95739638916393
STU_016268,80.30841609405968
STU_016269,93.11816145100313
STU_016270,69.88755716996833
STU_016271,70.58480525387661
STU_016272,83.51700363704506
STU_016273,78.13850197404197
STU_016274,60.23109596838349
STU_016275,71.97342942503124
STU_016276,58.82178561892714
STU_016277,85.13023260133174
STU_016278,84.28723170535801
STU_016279,81.28935223314969
STU_016280,73.33654906662528
STU_016281,82.10957187712181
STU_016282,69.86814477759049
STU_016283,66.43896790464694
STU_016284,85.36170188104819
STU_016285,61.084359679432765
STU_016286,60.78436115874617
STU_016287,89.75898292793431
STU_016288,93.61817604489906
STU_016289,75.97389907864883
STU_016290,62.346930624831906
STU_016291,77.18536867016614
STU_016292,72.9262871804139
STU_016293,79.91123926995476
STU_016294,69.77899883408624
STU_016295,87.01161872380408
STU_016296,72.7057792349231
STU_016297,85.97756035474518
STU_016298,53.94549311317216
STU_016299,68.9560564542663
STU_016300,65.08556174945363
STU_016301,55.79616271965092
STU_016302,68.90776794915804
STU_016303,76.36148206734707
STU_016304,88.2125260464473
STU_016305,87.01462224990321
STU_016306,76.41657210896334
STU_016307,65.14916414639829
STU_016308,61.88288460280169
STU_016309,88.64489987644825
STU_016310,77.77129810250649
STU_016311,60.685582112639665
STU_016312,63.11771138129625
STU_016313,99.41779840875441
STU_016314,90.48042238545723
STU_016315,63.3927050000285
STU_016316,96.55796420387772
STU_016317,80.85141844630398
STU_016318,71.28881493741866
STU_016319,67.18255333656802
STU_016320,67.66426305774048
STU_016321,66.03793321961558
STU_016322,95.82225191913571
STU_016323,72.29191455581754
STU_016324,53.639969322196805
STU_016325,71.71834876537673
STU_016326,78.84555796044344
STU_016327,83.96055729683997
STU_016328,72.47807659538742
STU_016329,68.60590334461679
STU_016330,70.75000048688065
STU_016331,73.91879929570852
STU_016332,85.07222296955989
STU_016333,85.3699406650785
STU_016334,61.5449121777696
STU_016335,72.96532788321025
STU_016336,68.03935649120024
STU_016337,65.63325867982056
STU_016338,75.088640502831
STU_016339,80.4210073063246
STU_016340,86.91531792392628
STU_016341,90.0970147494637
STU_016342,75.23452145189462
STU_016343,74.32638093938316
STU_016344,90.99575789700786
STU_016345,82.70989927932429
STU_016346,86.29855242232539
STU_016347,51.97478347112117
STU_016348,64.77957024493357
STU_016349,88.76719947736844
STU_016350,61.60029514409972
STU_016351,71.45624209604817
STU_016352,77.06089967892848
STU_016353,71.87460400148306
STU_016354,52.41140295087539
STU_016355,74.75103056027935
STU_016356,69.13530192051839
STU_016357,60.75241912530486
STU_016358,76.82598211575772
STU_016359,90.84474108407272
STU_016360,77.9804466777401
STU_016361,75.66276998407034
STU_016362,76.0505987960867
STU_016363,72.76589946809662
STU_016364,69.32281681910295
STU_016365,80.61490110950812
STU_016366,73.94172966000983
STU_016367,80.25664503244647
STU_016368,56.25247276649044
STU_016369,72.88456123465231
STU_016370,44.41520282239865
STU_016371,60.21569292484029
STU_016372,93.83179520663971
STU_016373,84.2385803070496
STU_016374,72.44631597356229
STU_016375,79.02023999306232
STU_016376,90.38656189009487
STU_016377,58.23540572037975
STU_016378,85.20701999894654
STU_016379,58.38435315318869
STU_016380,84.59870840513148
STU_016381,60.69618200441082
STU_016382,78.72517052270099
STU_016383,56.66081057012439
STU_016384,94.07263248941959
STU_016385,94.32105514840086
STU_016386,74.60954239871646
STU_016387,72.15599774384033
STU_016388,59.37416622540843
STU_016389,77.76356845324668
STU_016390,78.96924979830398
STU_016391,99.9164956635576
STU_016392,82.90355864551867
STU_016393,77.4970618946265
STU_016394,92.89485237719727
STU_016395,61.12930565128065
STU_016396,92.38117064146587
STU_016397,65.22179529830225
STU_016398,60.38813645753037
STU_016399,70.12406059986095
STU_016400,84.05420023154583
STU_016401,72.06923010441936
STU_016402,96.22199699030459
STU_016403,61.10123820629356
STU_016404,67.58536459482903
STU_016405,66.05056233793948
STU_016406,66.69273701652642
STU_016407,95.98810873100416
STU_016408,86.41817267925404
STU_016409,51.75181353969071
STU_016410,62.98350654323828
STU_016411,53.979232292938676
STU_016412,48.161664149490896
STU_016413,66.46626418895235
STU_016414,85.37991504185172
STU_016415,85.15688531134563
STU_016416,72.83911835374305
STU_016417,80.40385268665602
STU_016418,97.80342317686626
STU_016419,76.32897386976406
STU_016420,62.73758771881258
STU_016421,65.42831768716947
STU_016422,72.26997321759929
STU_016423,98.94477785678322
STU_016424,67.92428225422253
STU_016425,85.15050776214136
STU_016426,77.99787839389585
STU_016427,73.94023890297512
STU_016428,99.36063851101828
STU_016429,76.66633014421026
STU_016430,83.8029719306403
STU_016431,95.77604990775039
STU_016432,51.221667906908834
STU_016433,61.559361129045215
STU_016434,59.83691733890227
STU_016435,77.33911941922747
STU_016436,92.56977537670664
STU_016437,81.44692589147718
STU_016438,75.95917294719688
STU_016439,75.08792298566772
STU_016440,62.07400468061296
STU_016441,93.6431708768362
STU_016442,93.99305783937064
STU_016443,66.94932241750604
STU_016444,78.55842242863294
STU_016445,72.9116509315819
STU_016446,65.76039666004705
STU_016447,65.1001902692129
STU_016448,74.68881259386083
STU_016449,79.06940243478988
STU_016450,77.84211777584592
STU_016451,89.93567728383076
STU_016452,87.25297931563375
STU_016453,63.41721954457734
STU_016454,67.7000898524206
STU_016455,48.59525166160593
STU_016456,76.57311247959238
STU_016457,87.28214367190381
STU_016458,75.56149380407035
STU_016459,77.23425968965884
STU_016460,78.90603837402111
STU_016461,55.764863213768855
STU_016462,83.69420553221701
STU_016463,85.81168850877998
STU_016464,80.0696825445997
STU_016465,79.39154590909456
STU_016466,66.68543285484998
STU_016467,80.74360319517429
STU_016468,65.36134494293535
STU_016469,52.28870724171159
STU_016470,88.72475369055616
STU_016471,56.892669287359396
STU_016472,86.02885362159431
STU_016473,78.94145602159375
STU_016474,67.5114152333777
STU_016475,99.24792310919969
STU_016476,92.33277553990104
STU_016477,91.57221084640801
STU_016478,87.91000343440729
STU_016479,66.01560365009543
STU_016480,81.05860457499514
STU_016481,76.10408511939411
STU_016482,65.54359912471482
STU_016483,85.47948035304753
STU_016484,70.29490599852663
STU_016485,69.49759181842997
STU_016486,88.97004480990522
STU_016487,70.20127799956494
STU_016488,81.58365740177652
STU_016489,98.22790569904001
STU_016490,66.06462831014142
STU_016491,87.31577176393604
STU_016492,88.25467937535714
STU_016493,85.78168367598006
STU_016494,73.9471081448506
STU_016495,47.44393111600053
STU_016496,81.23167984682688
STU_016497,45.32144724380143
STU_016498,60.357253121783316
STU_016499,71.61878771562722
STU_016500,70.79028777079098
STU_016501,75.20925515851305
STU_016502,78.56498424260607
STU_016503,59.544853107260614
STU_016504,77.47054388715621
STU_016505,94.6788589095174
STU_016506,72.36874515165702
STU_016507,67.7013480394498
STU_016508,85.92107052421306
STU_016509,43.79619366711103
STU_016510,78.9261322420676
STU_016511,67.775793314452
STU_016512,68.16091646419304
STU_016513,52.915889975087936
STU_016514,86.43186722277844
STU_016515,60.38871327861004
STU_016516,60.80095385874266
STU_016517,81.24350005608046
STU_016518,77.21070411403649
STU_016519,83.17809693987947
STU_016520,60.300658582196654
STU_016521,100.0
STU_016522,53.270992254575795
STU_016523,70.61193264798732
STU_016524,70.65884103515072
STU_016525,43.589998204338265
STU_016526,100.0
STU_016527,56.67483384006776
STU_016528,67.71760877646183
STU_016529,74.15151929407337
STU_016530,80.63846158346436
STU_016531,98.0990065786149
STU_016532,99.06687999144096
STU_016533,74.87305553168405
STU_016534,84.76814789177158
STU_016535,62.88934485550746
STU_016536,85.16427327903972
STU_016537,79.27771946256091
STU_016538,62.68297373168722
STU_016539,69.0296797379156
STU_016540,77.27795865050565
STU_016541,99.90653361298638
STU_016542,56.07862895737039
STU_016543,62.0319730182086
STU_016544,87.81784214899255
STU_016545,93.38377054883043
STU_016546,66.27284820119394
STU_016547,100.0
STU_016548,91.56621245763938
STU_016549,83.56960723493364
STU_016550,67.14611912085721
STU_016551,81.48863591651369
STU_016552,86.89544059832744
STU_016553,70.05846438079332
STU_016554,91.14161450192306
STU_016555,73.23983093685389
STU_016556,78.01304780584621
STU_016557,71.40794509355528
STU_016558,76.23474545242033
STU_016559,81.70455136281332
STU_016560,63.12610629757888
STU_016561,78.54641214104718
STU_016562,76.43507976470484
STU_016563,75.56950080579142
STU_016564,70.19580623783003
STU_016565,77.91402607073556
STU_016566,89.4269176442719
STU_016567,72.09413566130586
STU_016568,70.1435499134327
STU_016569,59.49826954163816
STU_016570,66.57961381765068
STU_016571,88.31873255207135
STU_016572,56.93599124137213
STU_016573,55.99115603347951
STU_016574,95.50113918392628
STU_016575,62.53026315529978
STU_016576,82.74922293774824
STU_016577,86.40642216268135
STU_016578,85.70581040727753
STU_016579,83.34297651456352
STU_016580,85.84127018837002
STU_016581,97.08328314404869
STU_016582,62.94688735092513
STU_016583,86.77423073511929
STU_016584,95.88641724651931
STU_016585,84.90680639423468
STU_016586,78.83905667376966
STU_016587,74.28539580169998
STU_016588,68.33727785130466
STU_016589,66.80163052867786
STU_016590,76.34483838723753
STU_016591,63.82526582025399
STU_016592,77.78639031317795
STU_016593,85.10686993748321
STU_016594,42.78829363900649
STU_016595,77.78330675165861
STU_016596,90.76252117050113
STU_016597,52.99554543148827
STU_016598,82.54203189815102
STU_016599,45.40029321055116
STU_016600,50.51435006209458
STU_016601,82.73218322078975
STU_016602,54.56539621852872
STU_016603,54.45037977633328
STU_016604,89.01932629664717
STU_016605,90.9029631708485
STU_016606,68.42945966777414
STU_016607,43.781971233611785
STU_016608,89.53317626599
STU_016609,78.59384992082971
STU_016610,85.46180573575803
STU_016611,59.47916278833543
STU_016612,93.46512348407201
STU_016613,82.9247503435459
STU_016614,66.70079789700644
STU_016615,91.97116071305133
STU_016616,86.21355106900775
STU_016617,93.85045278780778
STU_016618,70.68333920544288
STU_016619,86.81548164486775
STU_016620,56.61526846069882
STU_016621,81.06233178277508
STU_016622,76.19185927111964
STU_016623,79.18640619795222
STU_016624,97.60990544343377
STU_016625,81.25304575742776
STU_016626,56.48166350749169
STU_016627,99.79782848021524
STU_016628,88.04524207871377
STU_016629,51.716071675666406
STU_016630,70.05773868030647
STU_016631,65.42778525710183
STU_016632,67.7513896814199
STU_016633,79.660513721687
STU_016634,66.70852495553551
STU_016635,94.101159876762
STU_016636,82.41597444184912
STU_016637,68.05036702698492
STU_016638,70.12496942025932
STU_016639,64.57976204740419
STU_016640,100.0
STU_016641,86.24161666491845
STU_016642,59.21422238745268
STU_016643,69.12746983042696
STU_016644,80.03831393989601
STU_016645,87.85371120523945
STU_016646,85.90508035463697
STU_016647,67.88165546082607
STU_016648,83.2732245028442
STU_016649,85.90236084592922
STU_016650,88.11619097173906
STU_016651,82.43162402071312
STU_016652,87.37747891021444
STU_016653,76.61281161167717
STU_016654,93.12936539722219
STU_016655,72.64978044328262
STU_016656,78.65659695827704
STU_016657,80.98917760503845
STU_016658,88.46371879303528
STU_016659,76.90004426478309
STU_016660,89.41523112443915
STU_016661,74.18759528362327
STU_016662,73.52515083146615
STU_016663,90.90908967693763
STU_016664,68.44408252240949
STU_016665,79.97679391054302
STU_016666,66.34941404540773
STU_016667,69.90233816911842
STU_016668,93.76684327904663
STU_016669,74.39998896571001
STU_016670,84.86528957716263
STU_016671,98.72612450092234
STU_016672,82.89351699841427
STU_016673,65.81517010185746
STU_016674,78.74325687415642
STU_016675,79.86304442664286
STU_016676,99.52718444175387
STU_016677,90.61878668542836
STU_016678,88.19155481904274
STU_016679,86.6161381510967
STU_016680,61.48944024576689
STU_016681,96.04930178331053
STU_016682,82.79055854538092
STU_016683,78.2119120320768
STU_016684,68.73135490239379
STU_016685,80.68115298094327
STU_016686,72.97961514049322
STU_016687,95.42382219273816
STU_016688,57.127559437568195
STU_016689,72.25126095993542
STU_016690,55.20560185623862
STU_016691,75.73796282251811
STU_016692,75.15501766318451
STU_016693,64.20218824326666
STU_016694,82.86325763683323
STU_016695,75.96133101710122
STU_016696,78.20823344754584
STU_016697,73.24288997530246
STU_016698,81.34892793546976
STU_016699,68.71308069681245
STU_016700,70.52028946746246
STU_016701,75.72873939650698
STU_016702,83.69098272024056
STU_016703,90.26694517838564
STU_016704,84.24484348970503
STU_016705,89.9908418882901
STU_016706,71.49348655044362
STU_016707,81.62493439804689
STU_016708,89.08043488776582
STU_016709,46.59627152646868
STU_016710,76.01499327268593
STU_016711,60.878845560317984
STU_016712,50.18785794563844
STU_016713,96.0529431984651
STU_016714,97.81856918490637
STU_016715,66.12602928353307
STU_016716,74.71534963208606
STU_016717,85.9487993447399
STU_016718,53.37836912235412
STU_016719,91.51681962014135
STU_016720,95.46736895035501
STU_016721,75.80848627891383
STU_016722,73.11030230778984
STU_016723,70.47537192645318
STU_016724,75.02350754002846
STU_016725,68.51770567871458
STU_016726,61.16442278627617
STU_016727,68.74744079482244
STU_016728,59.94405715788082
STU_016729,76.20847197704977
STU_016730,85.83976593491843
STU_016731,64.7732102287496
STU_016732,90.27457066370623
STU_016733,85.812537191035
STU_016734,60.101962539604436
STU_016735,84.82775201334276
STU_016736,59.536311694915625
STU_016737,66.42365870192108
STU_016738,75.78680082968916
STU_016739,78.66703057234004
STU_016740,69.99418201624016
STU_016741,77.82045318745264
STU_016742,89.18863208965881
STU_016743,72.78614036076789
STU_016744,62.4122449676804
STU_016745,65.16308250274439
STU_016746,55.78129295285318
STU_016747,87.16579796546273
STU_016748,74.20868528820385
STU_016749,54.725031477446294
STU_016750,91.1814915286544
STU_016751,87.75709757247351
STU_016752,60.92408129693138
STU_016753,75.66829862516758
STU_016754,99.74585663262155
STU_016755,76.32202195277502
STU_016756,76.81594727613714
STU_016757,77.60533453193939
STU_016758,52.7622578257224
STU_016759,98.51688987407354
STU_016760,72.43970138903352
STU_016761,78.64173851019301
STU_016762,71.89396910589105
STU_016763,78.49914533504229
STU_016764,65.90823506438092
STU_016765,87.14830566013734
STU_016766,89.8730205178912
STU_016767,81.63018951709073
STU_016768,86.19864198022924
STU_016769,47.69448945422711
STU_016770,56.43511925260607
STU_016771,65.78451209776316
STU_016772,90.01754800862177
STU_016773,69.30157592917948
STU_016774,82.30088636506153
STU_016775,69.90845574015309
STU_016776,93.59293719267401
STU_016777,48.542435864065496
STU_016778,77.70462443563864
STU_016779,76.86060470153274
STU_016780,88.24224374391676
STU_016781,51.46062962498794
STU_016782,82.28800993368402
STU_016783,66.64049753759758
STU_016784,91.65976066797525
STU_016785,90.38680135071718
STU_016786,72.88523451827258
STU_016787,68.92387938398852
STU_016788,88.7973525099041
STU_016789,74.24912855738619
STU_016790,84.41497793053473
STU_016791,71.17645231269445
STU_016792,74.5678995716148
STU_016793,79.58504310607566
STU_016794,72.56758579255025
STU_016795,73.65852884260771
STU_016796,87.33700203844165
STU_016797,67.10212316943468
STU_016798,74.4617670592897
STU_016799,89.60664890840688
STU_016800,64.56170212012684
STU_016801,63.119124621316885
STU_016802,64.35103874175012
STU_016803,93.14738840436922
STU_016804,94.70901929843998
STU_016805,56.45475071081063
STU_016806,81.7421501535924
STU_016807,78.99333561853632
STU_016808,85.30572544141016
STU_016809,86.12009613468575
STU_016810,50.0455079724699
STU_016811,78.35165475343385
STU_016812,71.07038286821495
STU_016813,76.5295535960063
STU_016814,87.60459189328014
STU_016815,68.31713945719427
STU_016816,78.93000272049053
STU_016817,99.78010641112166
STU_016818,51.830240127880835
STU_016819,86.28435467409348
STU_016820,76.39491426636677
STU_016821,77.4067465710199
STU_016822,77.43113309682037
STU_016823,100.0
STU_016824,81.42717235659836
STU_016825,84.16356283941279
STU_016826,71.99890629102512
STU_016827,77.5648836976877
STU_016828,70.12878630481981
STU_016829,84.41865252384176
STU_016830,73.26225500582322
STU_016831,88.63449291575165
STU_016832,66.9305337926867
STU_016833,64.21705548103161
STU_016834,84.42876890056608
STU_016835,74.35846478530277
STU_016836,81.0950211942288
STU_016837,98.1478602453813
STU_016838,88.78056479410479
STU_016839,67.08742417054818
STU_016840,78.24403962929402
STU_016841,95.96013001546028
STU_016842,74.49623411533844
STU_016843,66.08481410095894
STU_016844,88.95787524078774
STU_016845,69.01549243350317
STU_016846,66.83379641328187
STU_016847,72.01747440925521
STU_016848,60.61504852944267
STU_016849,72.60491917811626
STU_016850,76.3138427400037
STU_016851,65.82063968945398
STU_016852,85.51343308412817
STU_016853,89.0553455662111
STU_016854,87.96187602930586
STU_016855,77.09823722614225
STU_016856,98.798255269216
STU_016857,68.63004733972177
STU_016858,58.87451055268127
STU_016859,97.87978087511529
STU_016860,99.73670524911077
STU_016861,79.84142050905511
STU_016862,90.90909135753456
STU_016863,97.4442773113239
STU_016864,48.80028986625836
STU_016865,85.95729539213528
STU_016866,69.10766106307686
STU_016867,95.64863554673235
STU_016868,77.82603683621244
STU_016869,85.77711911418713
STU_016870,65.50383282201221
STU_016871,56.44363810667208
STU_016872,77.51285466867621
STU_016873,91.86986084213349
STU_016874,69.6241393988809
STU_016875,82.84510009914743
STU_016876,58.55786665047865
STU_016877,100.0
STU_016878,57.68329382583837
STU_016879,89.51006106454159
STU_016880,86.34827695043558
STU_016881,69.66072392502112
STU_016882,76.62427477934446
STU_016883,89.4021072816678
STU_016884,72.23067827528183
STU_016885,90.1594163240511
STU_016886,80.00915977416493
STU_016887,63.73328788847892
STU_016888,87.07498763035728
STU_016889,73.99193371235609
STU_016890,68.95653217576206
STU_016891,65.76408475007551
STU_016892,80.79317611555477
STU_016893,63.83462462609953
STU_016894,80.22329018316668
STU_016895,74.49820009785226
STU_016896,66.36981239830338
STU_016897,51.495776007914905
STU_016898,100.0
STU_016899,79.06038856794167
STU_016900,96.23326579193736
STU_016901,78.16813870582081
STU_016902,92.06531905525691
STU_016903,78.01019080747243
STU_016904,81.13995789818843
STU_016905,78.48187542048599
STU_016906,69.67139835501112
STU_016907,82.17647627243639
STU_016908,68.35287588109851
STU_016909,84.83063344798646
STU_016910,71.15181512948934
STU_016911,72.28757673674595
STU_016912,70.37174852021667
STU_016913,59.72722039723326
STU_016914,90.06346099534254
STU_016915,87.82035895733395
STU_016916,75.87708900774203
STU_016917,83.59132416147561
STU_016918,48.65291505912238
STU_016919,69.61577568977727
STU_016920,69.5128340655798
STU_016921,75.3758015904341
STU_016922,72.27898311995575
STU_016923,86.31066919580155
STU_016924,55.72770595935735
STU_016925,77.59784410868053
STU_016926,79.298940326045
STU_016927,60.50475897633251
STU_016928,86.7809222117739
STU_016929,65.9469000621367
STU_016930,97.70140293745965
STU_016931,47.714969156776974
STU_016932,88.8155094835415
STU_016933,86.04170127336955
STU_016934,64.58007296225446
STU_016935,75.36126598885039
STU_016936,69.62621570401932
STU_016937,71.5079654348044
STU_016938,88.34690798918817
STU_016939,95.96314259616167
STU_016940,93.10460610663014
STU_016941,59.75856781691558
STU_016942,82.40773456394056
STU_016943,75.46243517475915
STU_016944,83.21966099125564
STU_016945,89.78441380577357
STU_016946,85.88742754080477
STU_016947,73.21018377188508
STU_016948,77.80625885201187
STU_016949,62.86317382631175
STU_016950,67.3087171288497
STU_016951,97.12819814986312
STU_016952,58.17547490106967
STU_016953,60.95265980329138
STU_016954,69.33393778867483
STU_016955,84.90123019472853
STU_016956,86.22583644734846
STU_016957,64.3997920244822
STU_016958,79.78571829320931
STU_016959,96.47371219274605
STU_016960,78.26253423833911
STU_016961,64.34992497101177
STU_016962,71.12666776094878
STU_016963,95.902945065501
STU_016964,89.67365986882375
STU_016965,86.34895830475303
STU_016966,73.33771317126353
STU_016967,89.93960939531988
STU_016968,97.35459502704127
STU_016969,62.704479595027486
STU_016970,74.53158151503935
STU_016971,63.45344652249496
STU_016972,96.63804305387875
STU_016973,65.29330172630638
STU_016974,75.9390713428046
STU_016975,59.1390022780046
STU_016976,69.46006067723287
STU_016977,90.39270869215534
STU_016978,68.69962314493424
STU_016979,60.56433942385262
STU_016980,84.35836985707941
STU_016981,60.01213370724362
STU_016982,74.04598345035187
STU_016983,61.47175938900233
STU_016984,67.96834462546781
STU_016985,99.15788944680862
STU_016986,87.40485774740777
STU_016987,81.56064471589772
STU_016988,72.98192565451298
STU_016989,89.74781037968819
STU_016990,74.12457117688882
STU_016991,64.05209355213867
STU_016992,83.69696489242224
STU_016993,75.72883413346135
STU_016994,61.69518323410714
STU_016995,67.3249334611439
STU_016996,95.58011556241436
STU_016997,79.04010394127825
STU_016998,90.01877618127493
STU_016999,97.36774169715217
STU_017000,85.32304013569598
STU_017001,91.61262060122043
STU_017002,94.1610672894791
STU_017003,96.30184933604201
STU_017004,65.68942821522104
STU_017005,87.90634036094833
STU_017006,87.94449708648726
STU_017007,82.17911484571843
STU_017008,81.10225452823339
STU_017009,86.32882315444056
STU_017010,75.13931481288279
STU_017011,51.86306546367578
STU_017012,57.615575668662366
STU_017013,100.0
STU_017014,78.35909107611675
STU_017015,82.0069895211125
STU_017016,92.15826264076065
STU_017017,65.84475074553453
STU_017018,74.80341769234064
STU_017019,56.16020005494197
STU_017020,68.72681504969665
STU_017021,81.7450850991124
STU_017022,69.73643173949333
STU_017023,65.37290028700762
STU_017024,61.284760834352845
STU_017025,65.7236576842881
STU_017026,75.93013319441303
STU_017027,79.04262688482578
STU_017028,73.44983471500669
STU_017029,88.34330363899461
STU_017030,86.16875383215759
STU_017031,57.04035152694072
STU_017032,91.95711214674037
STU_017033,89.90620672966239
STU_017034,72.95833151993098
STU_017035,70.96049037452784
STU_017036,86.74709947503403
STU_017037,95.29496719104712
STU_017038,95.91242758099969
STU_017039,89.04010922652581
STU_017040,97.56818735466906
STU_017041,60.31258630929905
STU_017042,89.52871682192473
STU_017043,73.61953685447703
STU_017044,96.0073357559823
STU_017045,86.20131473739929
STU_017046,82.51304751731377
STU_017047,98.00656349805521
STU_017048,69.03965635215137
STU_017049,83.06281425458641
STU_017050,65.61882235729671
STU_017051,75.6358309256385
STU_017052,97.08462295911077
STU_017053,78.76644419787769
STU_017054,89.75095503695557
STU_017055,82.94797520061309
STU_017056,79.75740258816062
STU_017057,92.61823369017145
STU_017058,76.02939262922168
STU_017059,60.98081222674388
STU_017060,66.44245895382801
STU_017061,95.9181500079583
STU_017062,62.09976699206947
STU_017063,74.98386368495319
STU_017064,63.990830400544354
STU_017065,95.6012239088067
STU_017066,64.06348858556312
STU_017067,96.73316728978268
STU_017068,66.89426576854689
STU_017069,78.15324640163018
STU_017070,80.01985219663601
STU_017071,80.94794003547514
STU_017072,75.31811040100297
STU_017073,91.94110552197557
STU_017074,85.25608165878475
STU_017075,91.63232555977469
STU_017076,58.34610800887466
STU_017077,92.5262331258901
STU_017078,65.44556492315472
STU_017079,61.093213264209034
STU_017080,55.23297349059152
STU_017081,74.41195851607041
STU_017082,85.33026074025113
STU_017083,67.11692450482555
STU_017084,51.45236991385498
STU_017085,69.20111962589812
STU_017086,85.99107894819393
STU_017087,68.320228056788
STU_017088,89.95252021294256
STU_017089,60.22689845501492
STU_017090,83.50000424924264
STU_017091,66.40038269369974
STU_017092,92.26297773233719
STU_017093,52.18787744908924
STU_017094,81.69610861268399
STU_017095,54.42539530076522
STU_017096,62.41596443904414
STU_017097,67.84167610618063
STU_017098,46.45458191920331
STU_017099,73.60101707197961
STU_017100,86.56898799574097
STU_017101,80.98611616247057
STU_017102,75.15462949431351
STU_017103,78.39482094219876
STU_017104,84.00680668578333
STU_017105,68.29403243924575
STU_017106,61.194231791045226
STU_017107,48.13226073870086
STU_017108,86.56662405122624
STU_017109,70.4204105699265
STU_017110,66.27681087105924
STU_017111,85.02207630643282
STU_017112,84.93976779065693
STU_017113,58.449536990472424
STU_017114,73.67736155676707
STU_017115,79.85249157691206
STU_017116,99.83214340632378
STU_017117,50.18686225354899
STU_017118,85.76545061968356
STU_017119,84.06664547725235
STU_017120,83.43966270055583
STU_017121,72.45300959706759
STU_017122,99.46035185314234
STU_017123,61.363524751481016
STU_017124,71.31826238007416
STU_017125,70.64316571716108
STU_017126,82.39566774148739
STU_017127,57.32910083583618
STU_017128,68.77155791105218
STU_017129,62.7526210088759
STU_017130,77.06338917301912
STU_017131,72.46554688330875
STU_017132,72.63922276172933
STU_017133,78.001430635495
STU_017134,97.28902750970663
STU_017135,58.20535151867733
STU_017136,81.70009123439918
STU_017137,61.65263028970372
STU_017138,78.44202241606351
STU_017139,91.65325890102328
STU_017140,77.31679194192421
STU_017141,90.90915023658141
STU_017142,91.23947142644906
STU_017143,52.17097188638037
STU_017144,89.90737834161845
STU_017145,90.63906932319225
STU_017146,92.82580969068253
STU_017147,96.67255164110495
STU_017148,71.11663025679715
STU_017149,64.71307104705019
STU_017150,58.29009020078398
STU_017151,80.31361985506989
STU_017152,78.22911511000362
STU_017153,86.3587352901501
STU_017154,81.36342898713627
STU_017155,55.60581370917279
STU_017156,61.3718449829891
STU_017157,70.945541806065
STU_017158,91.05397524217781
STU_017159,63.515282878623196
STU_017160,51.89120985910096
STU_017161,80.37587331060746
STU_017162,71.90116524673911
STU_017163,75.4544066252425
STU_017164,90.82626210815192
STU_017165,62.579158699752256
STU_017166,72.97427377958803
STU_017167,67.20330609216408
STU_017168,75.22788573667994
STU_017169,92.00911414715335
STU_017170,85.54695391111622
STU_017171,93.88389635599887
STU_017172,70.89696056109092
STU_017173,57.94330859118122
STU_017174,57.09382520330363
STU_017175,100.0
STU_017176,83.22434861214684
STU_017177,73.37674458619146
STU_017178,86.18849614107738
STU_017179,85.9019886337921
STU_017180,76.06248716826212
STU_017181,84.34506633834152
STU_017182,67.01996190345227
STU_017183,95.31744514505357
STU_017184,84.21043864435126
STU_017185,95.098682667674
STU_017186,66.651394699256
STU_017187,87.16178470112014
STU_017188,75.16593786914211
STU_017189,56.491228414169285
STU_017190,91.13982402073502
STU_017191,68.07348644720162
STU_017192,65.14245860682922
STU_017193,57.084431002607154
STU_017194,88.73828038724295
STU_017195,69.4291837216758
STU_017196,78.84538728145264
STU_017197,80.01142370698516
STU_017198,69.8675564081855
STU_017199,74.62513463754115
STU_017200,60.81303164711006
STU_017201,69.78604167137266
STU_017202,85.39623818001607
STU_017203,70.29401268295047
STU_017204,63.63730312858883
STU_017205,89.17262542852268
STU_017206,77.42329521087119
STU_017207,98.35636248525634
STU_017208,60.9577325084484
STU_017209,61.34627789527964
STU_017210,37.66776584196449
STU_017211,81.67288882213191
STU_017212,91.24785507354537
STU_017213,86.75085753476776
STU_017214,83.31664552735937
STU_017215,65.30602613877072
STU_017216,64.25848310115752
STU_017217,100.0
STU_017218,69.82493625305202
STU_017219,95.67152598027495
STU_017220,78.3944900903142
STU_017221,68.56415611178596
STU_017222,69.47217618119535
STU_017223,68.49816128826211
STU_017224,86.22321816275917
STU_017225,90.49145356169444
STU_017226,75.00558187914632
STU_017227,68.80291270251178
STU_017228,82.19506396000526
STU_017229,65.51063161249857
STU_017230,92.07313625429488
STU_017231,72.40278050454498
STU_017232,65.15282625642881
STU_017233,72.48141001157299
STU_017234,85.89009712014901
STU_017235,76.45380659222315
STU_017236,59.99578337621668
STU_017237,93.74393609682951
STU_017238,78.81688772785363
STU_017239,53.29532450546667
STU_017240,93.54605742237935
STU_017241,70.62648522750423
STU_017242,46.86840243426025
STU_017243,86.22777519395994
STU_017244,76.09259658448289
STU_017245,86.11931634797605
STU_017246,84.37323039839028
STU_017247,56.25778040425059
STU_017248,68.90800946847268
STU_017249,63.084127471066076
STU_017250,57.18543170144619
STU_017251,87.43210774333576
STU_017252,59.9875234590565
STU_017253,85.99022387470717
STU_017254,48.11477913443516
STU_017255,54.151343777431514
STU_017256,48.24487041530058
STU_017257,80.4797256253123
STU_017258,76.6094869406697
STU_017259,69.65933492585305
STU_017260,67.77797592240684
STU_017261,57.8510209302799
STU_017262,71.58771189770663
STU_017263,78.64955976082597
STU_017264,65.55275874133464
STU_017265,88.5793320684712
STU_017266,54.78284075160889
STU_017267,68.19836133735078
STU_017268,68.24955804236369
STU_017269,66.73849192298374
STU_017270,75.0331898953494
STU_017271,76.3969843601665
STU_017272,61.36447856294249
STU_017273,85.2551427432091
STU_017274,83.81833412295252
STU_017275,68.30795235148827
STU_017276,57.88158959834567
STU_017277,79.73432263488257
STU_017278,90.70652709476535
STU_017279,73.23855709114703
STU_017280,83.11566629634514
STU_017281,68.84393614902505
STU_017282,72.43868081983847
STU_017283,79.9683780144866
STU_017284,86.39497911922743
STU_017285,82.95675840398225
STU_017286,70.0252161243679
STU_017287,62.878103954276206
STU_017288,64.76634499719782
STU_017289,76.36087105565134
STU_017290,89.25436649233026
STU_017291,81.00286762340674
STU_017292,62.70574688819254
STU_017293,69.91653226281963
STU_017294,67.10569899177212
STU_017295,72.07180953501364
STU_017296,76.11186784796713
STU_017297,94.20410064152283
STU_017298,64.44955932492512
STU_017299,69.69351110244253
STU_017300,54.361393354032955
STU_017301,59.080317370007634
STU_017302,74.71702317484416
STU_017303,93.99403835715118
STU_017304,86.92008935703214
STU_017305,79.175506699184
STU_017306,84.2844529994491
STU_017307,99.69180749681988
STU_017308,94.24670836793297
STU_017309,87.384708787681
STU_017310,63.012099232906806
STU_017311,74.56162619324232
STU_017312,73.23022763919732
STU_017313,86.82291248965524
STU_017314,78.31138851201561
STU_017315,83.86795186437945
STU_017316,73.97314529362767
STU_017317,80.5424604751039
STU_017318,40.82473257784144
STU_017319,67.04413624851398
STU_017320,87.71698289091655
STU_017321,84.73756919216129
STU_017322,74.8907746723967
STU_017323,78.99517258181301
STU_017324,88.17097876522493
STU_017325,82.72477113023079
STU_017326,72.23659950707567
STU_017327,87.52487096055965
STU_017328,78.45054201911212
STU_017329,41.59701324166863
STU_017330,90.9124151543513
STU_017331,81.79547481184348
STU_017332,66.79205154894551
STU_017333,71.33817867785977
STU_017334,83.81734719711991
STU_017335,82.20108546622751
STU_017336,62.681591783827635
STU_017337,77.63814834373471
STU_017338,80.72040817715848
STU_017339,94.21079331758506
STU_017340,79.19935703502071
STU_017341,88.70295227197091
STU_017342,64.11496532621292
STU_017343,83.10086747673856
STU_017344,66.90226835484414
STU_017345,68.21801878543751
STU_017346,63.3209484842836
STU_017347,92.73130134627937
STU_017348,75.42982244381537
STU_017349,81.32744988485048
STU_017350,56.265632196835746
STU_017351,61.103762650412904
STU_017352,55.58404568563567
STU_017353,59.563258655572874
STU_017354,85.32315428017327
STU_017355,58.388490715122146
STU_017356,68.41147901705418
STU_017357,59.39742888109487
STU_017358,64.89322113510417
STU_017359,86.89453638165787
STU_017360,99.71173048516938
STU_017361,97.74818279849781
STU_017362,63.86061765164413
STU_017363,84.04161691451803
STU_017364,88.43100923110165
STU_017365,82.97883455928633
STU_017366,89.3588541051009
STU_017367,100.0
STU_017368,62.19105763390511
STU_017369,55.8937844728528
STU_017370,81.016411056315
STU_017371,85.67303601100926
STU_017372,85.35425716434743
STU_017373,63.60509368494201
STU_017374,51.58253544371232
STU_017375,85.58119396918946
STU_017376,72.06542236599725
STU_017377,67.55262262252032
STU_017378,84.43013411942489
STU_017379,67.12656207251595
STU_017380,60.94072085198355
STU_017381,58.55876011133214
STU_017382,86.72031094572611
STU_017383,81.00402954370463
STU_017384,67.555153208761
STU_017385,72.02506645163709
STU_017386,74.44441390350603
STU_017387,82.8880129716238
STU_017388,66.69748035599132
STU_017389,81.92013464023515
STU_017390,75.41900174335386
STU_017391,77.03831475220709
STU_017392,69.22199439571052
STU_017393,65.90147888760818
STU_017394,72.10545684978247
STU_017395,59.23302802926455
STU_017396,81.59084803537624
STU_017397,75.33366842008887
STU_017398,80.90620155913678
STU_017399,89.19493739948288
STU_017400,43.37120664726802
STU_017401,45.10436149794255
STU_017402,94.49177410589333
STU_017403,62.39064334381931
STU_017404,77.05307621036955
STU_017405,59.255480610417294
STU_017406,66.121146678299
STU_017407,63.739447885941715
STU_017408,81.47457331130694
STU_017409,79.0373817608373
STU_017410,72.68014911376844
STU_017411,60.24487447712906
STU_017412,78.94181635018687
STU_017413,83.56985602545684
STU_017414,84.85215608774025
STU_017415,53.32985769315277
STU_017416,62.072677763765064
STU_017417,74.72190161769429
STU_017418,87.39230505770743
STU_017419,68.875703032831
STU_017420,80.61587780787755
STU_017421,82.05520196221774
STU_017422,81.07134708612203
STU_017423,71.10192306738601
STU_017424,56.914504815905275
STU_017425,75.88045600380913
STU_017426,64.72744000133454
STU_017427,76.54003275017232
STU_017428,72.32720072264023
STU_017429,59.28789852637347
STU_017430,99.21686645417724
STU_017431,70.02423555450487
STU_017432,95.96572559356478
STU_017433,84.505906959281
STU_017434,73.08737961674031
STU_017435,81.79240861589187
STU_017436,70.79503837816284
STU_017437,83.97792846912535
STU_017438,99.5172682308871
STU_017439,60.35544178763406
STU_017440,87.55683024871249
STU_017441,54.76032318578497
STU_017442,80.4108619181471
STU_017443,86.68134145286379
STU_017444,75.75834284869403
STU_017445,95.45549376836706
STU_017446,87.50233667175907
STU_017447,65.67806302069232
STU_017448,76.48199634369134
STU_017449,85.17460351398326
STU_017450,82.6560201665913
STU_017451,72.08767233294783
STU_017452,78.37498397215572
STU_017453,89.00434365027549
STU_017454,57.21642812004218
STU_017455,89.0401713435374
STU_017456,77.22428850914854
STU_017457,67.20332200896034
STU_017458,64.06057355146933
STU_017459,83.21794057332156
STU_017460,68.40343828258358
STU_017461,88.07054314361072
STU_017462,79.29421393432254
STU_017463,91.92997348419435
STU_017464,73.39388345304734
STU_017465,82.41151948506887
STU_017466,73.49409821157242
STU_017467,54.712647226481195
STU_017468,84.5489906103434
STU_017469,95.17561653431355
STU_017470,90.47200500541119
STU_017471,84.36850030000782
STU_017472,68.83565004844935
STU_017473,98.35991070303594
STU_017474,34.91750022866028
STU_017475,58.894499249236134
STU_017476,73.05240333267864
STU_017477,63.26002912213757
STU_017478,55.21111710410893
STU_017479,79.98960763403582
STU_017480,98.86818184274046
STU_017481,92.31616463119309
STU_017482,81.72902436920727
STU_017483,87.25742274395239
STU_017484,85.20976549362885
STU_017485,89.61073635697063
STU_017486,72.10584054388741
STU_017487,86.75444132584175
STU_017488,55.68113432641248
STU_017489,58.580554105575665
STU_017490,95.89760467266956
STU_017491,69.09091183737588
STU_017492,58.26759603601464
STU_017493,78.93697503204001
STU_017494,74.2202523171629
STU_017495,52.213193340358465
STU_017496,81.96761906136476
STU_017497,89.60374657876096
STU_017498,58.07898046506031
STU_017499,87.19900393224984
STU_017500,86.9563523958071
STU_017501,79.07693785387306
STU_017502,87.84846930328439
STU_017503,68.50447673257405
STU_017504,81.61444313730289
STU_017505,85.18553798428245
STU_017506,78.5451666627251
STU_017507,54.0017652020057
STU_017508,65.11863471025057
STU_017509,83.76088639977266
STU_017510,97.72939664640288
STU_017511,73.85011258691722
STU_017512,67.85861413815502
STU_017513,76.16745810391596
STU_017514,73.25183651143337
STU_017515,78.55482007861598
STU_017516,96.70430246164531
STU_017517,82.9441299632697
STU_017518,82.41993140348094
STU_017519,89.03914534128006
STU_017520,99.88003326359089
STU_017521,60.21239108928329
STU_017522,79.57767433987453
STU_017523,77.93465425616725
STU_017524,58.118082601799834
STU_017525,69.27860118003406
STU_017526,80.5940657066782
STU_017527,75.33714103698296
STU_017528,71.75385515944895
STU_017529,99.64303284287706
STU_017530,84.17015300637723
STU_017531,93.78578198293401
STU_017532,61.387111817151926
STU_017533,63.913400930161764
STU_017534,56.57344845709563
STU_017535,75.31977205138017
STU_017536,85.90547667613617
STU_017537,96.69362689690662
STU_017538,93.58898981648915
STU_017539,72.81036770759371
STU_017540,94.32874167419956
STU_017541,53.31391517536775
STU_017542,71.8587778824562
STU_017543,80.27034694647355
STU_017544,95.32491252200477
STU_017545,67.5397943739884
STU_017546,68.7085431948662
STU_017547,95.16008091675576
STU_017548,79.16102289471716
STU_017549,99.77016997243295
STU_017550,76.21230051080242
STU_017551,96.72703297060062
STU_017552,50.02659102180937
STU_017553,83.92184392746931
STU_017554,57.95502826120953
STU_017555,68.0236097818579
STU_017556,66.22375644731169
STU_017557,53.3013432969216
STU_017558,50.22927549627052
STU_017559,82.34444902449148
STU_017560,70.45025214028588
STU_017561,96.91856468124955
STU_017562,58.107120695741806
STU_017563,64.92595748642994
STU_017564,69.86046229949022
STU_017565,66.80296861499852
STU_017566,85.45650074634987
STU_017567,65.69556162127117
STU_017568,69.38327280671061
STU_017569,71.07543558690624
STU_017570,97.80221866619952
STU_017571,92.34089665647487
STU_017572,83.07588356986584
STU_017573,73.49955276699464
STU_017574,83.6328831067488
STU_017575,91.36481573814196
STU_017576,93.01945850784026
STU_017577,64.61216491877651
STU_017578,77.81484043214438
STU_017579,76.5098590669621
STU_017580,78.06874938221803
STU_017581,72.68814655408242
STU_017582,76.53343484054969
STU_017583,89.03118266175916
STU_017584,61.325428603163815
STU_017585,51.0141674932921
STU_017586,83.19049537665967
STU_017587,63.032279704057444
STU_017588,68.1746940526336
STU_017589,93.75258801163743
STU_017590,74.58160849482522
STU_017591,87.01415731572865
STU_017592,67.14939024341751
STU_017593,59.3063206631803
STU_017594,53.895360041815195
STU_017595,92.14437671855319
STU_017596,72.67869568842322
STU_017597,93.74231277950594
STU_017598,45.18216595300827
STU_017599,64.15552789796568
STU_017600,79.36499395834296
STU_017601,67.25896016668139
STU_017602,67.8013474699331
STU_017603,87.80859114341595
STU_017604,83.98123951391021
STU_017605,68.13486188049578
STU_017606,93.6146286649573
STU_017607,75.4271531717006
STU_017608,95.76509515464186
STU_017609,77.94100613636131
STU_017610,74.90415311401061
STU_017611,74.22567342943817
STU_017612,97.46989427003558
STU_017613,77.83858932237116
STU_017614,88.48713053431982
STU_017615,65.94173813413578
STU_017616,85.74521282144507
STU_017617,91.04594766364421
STU_017618,44.97327770854859
STU_017619,62.81853376004894
STU_017620,76.97830387761209
STU_017621,81.94278454662943
STU_017622,98.269405128169
STU_017623,54.744188699938185
STU_017624,67.34274788474313
STU_017625,67.65801233150891
STU_017626,54.73955889943919
STU_017627,58.78229105998954
STU_017628,75.11516762486659
STU_017629,70.44220369026411
STU_017630,59.74256630919416
STU_017631,50.47998858784576
STU_017632,78.89566857473314
STU_017633,71.66378419188632
STU_017634,80.42557986505236
STU_017635,75.7625577417916
STU_017636,70.08008452853863
STU_017637,93.01151657704358
STU_017638,65.40027629989241
STU_017639,89.16680221236419
STU_017640,97.22619933309922
STU_017641,99.70874728681258
STU_017642,57.27201568327844
STU_017643,62.16932992574332
STU_017644,75.74759358151937
STU_017645,78.53052111502376
STU_017646,72.15050776462327
STU_017647,60.228575454303524
STU_017648,85.84433221635898
STU_017649,94.67526565064873
STU_017650,96.6310031396354
STU_017651,65.90539204974588
STU_017652,73.64089427762076
STU_017653,99.9031410324297
STU_017654,74.19920989067896
STU_017655,84.05527208527607
STU_017656,83.50793257778156
STU_017657,51.499113065203275
STU_017658,70.9717729766891
STU_017659,100.0
STU_017660,76.94379252570351
STU_017661,78.19988443953027
STU_017662,64.730773472879
STU_017663,78.38685301314423
STU_017664,80.0434668120446
STU_017665,72.11810425356613
STU_017666,74.18581913856697
STU_017667,72.34142087124488
STU_017668,77.80800857652036
STU_017669,72.32819493680556
STU_017670,46.7454729584224
STU_017671,67.68409852179512
STU_017672,58.4293169225534
STU_017673,72.73921288448018
STU_017674,70.13420922143139
STU_017675,68.2818431729197
STU_017676,69.39592186790996
STU_017677,80.77885553276374
STU_017678,82.55895772075534
STU_017679,89.38929296478135
STU_017680,62.84254433130671
STU_017681,82.45507795622756
STU_017682,69.05358998479724
STU_017683,75.19594219261208
STU_017684,83.81675885914662
STU_017685,70.0571360578883
STU_017686,65.11225249531117
STU_017687,72.00706631811696
STU_017688,72.42440911887488
STU_017689,88.8916383687467
STU_017690,65.9568300514077
STU_017691,70.65854430122316
STU_017692,73.68887034820148
STU_017693,70.03080597619304
STU_017694,79.99618105251675
STU_017695,95.69530508675876
STU_017696,85.25684476114081
STU_017697,41.78094426441495
STU_017698,51.42278811674982
STU_017699,93.7851524080615
STU_017700,53.84789252716842
STU_017701,53.887046039881724
STU_017702,88.76750544885975
STU_017703,85.41393904985739
STU_017704,62.63523641336611
STU_017705,58.287230122329056
STU_017706,78.1411265990796
STU_017707,53.42442909449407
STU_017708,96.99945821520689
STU_017709,89.34724583277625
STU_017710,82.9104907625364
STU_017711,100.0
STU_017712,69.2025237166692
STU_017713,67.46186998319014
STU_017714,83.38058520555785
STU_017715,75.07012730743253
STU_017716,60.03054812459081
STU_017717,73.7910064679196
STU_017718,94.89225776241828
STU_017719,68.79934583497491
STU_017720,73.40565139188317
STU_017721,78.00033463152344
STU_017722,100.0
STU_017723,70.90113238554302
STU_017724,72.32137702001484
STU_017725,89.71093936656244
STU_017726,92.00499042453416
STU_017727,81.06035348625984
STU_017728,82.68162539281244
STU_017729,69.80178043250142
STU_017730,60.58608559094532
STU_017731,55.92195515660052
STU_017732,85.16657411587452
STU_017733,64.57138198594636
STU_017734,70.21037108662992
STU_017735,63.16772434809627
STU_017736,71.4691990212814
STU_017737,63.20175700134749
STU_017738,93.40763091745329
STU_017739,86.96203092903745
STU_017740,75.76275335056515
STU_017741,85.24502426722366
STU_017742,81.39414981917444
STU_017743,84.43921161135994
STU_017744,83.32306784980808
STU_017745,85.84417691003627
STU_017746,84.41392558604065
STU_017747,69.59004998368762
STU_017748,68.96156806662205
STU_017749,64.10721254608038
STU_017750,83.87728479457904
STU_017751,80.92227726269127
STU_017752,80.81365781373589
STU_017753,96.7601515517726
STU_017754,90.86714921141278
STU_017755,88.1026063570699
STU_017756,82.25535729552888
STU_017757,51.09569958805189
STU_017758,65.20008218136314
STU_017759,78.92358430881704
STU_017760,97.19311411488138
STU_017761,64.64800123866283
STU_017762,100.0
STU_017763,95.77862228369888
STU_017764,50.502759835824314
STU_017765,92.87311923503209
STU_017766,76.6960817150495
STU_017767,62.98094953852453
STU_017768,62.575719428701994
STU_017769,88.51686100875601
STU_017770,78.72017961916839
STU_017771,55.514441566368944
STU_017772,72.40092923007552
STU_017773,57.57726236777923
STU_017774,100.0
STU_017775,77.15245017836733
STU_017776,89.89314284000815
STU_017777,80.109381213215
STU_017778,79.86996989575283
STU_017779,54.08705186843798
STU_017780,69.92250950727876
STU_017781,78.62166832028487
STU_017782,76.02260141017527
STU_017783,69.80328769575583
STU_017784,76.75831127893562
STU_017785,91.67850693114694
STU_017786,76.93215126136123
STU_017787,83.18163141385364
STU_017788,74.47299995363917
STU_017789,86.91141057889102
STU_017790,57.14817356665294
STU_017791,92.86449353639061
STU_017792,67.84704595959955
STU_017793,76.65978709900645
STU_017794,64.77655172899807
STU_017795,70.73509499180554
STU_017796,80.22610986634511
STU_017797,85.06530298503392
STU_017798,92.32842863234046
STU_017799,99.06274135724877
STU_017800,87.56936684695927
STU_017801,74.20649425903434
STU_017802,97.09188789519983
STU_017803,62.56320598101791
STU_017804,77.97249004713967
STU_017805,71.52846887798573
STU_017806,67.081684052324
STU_017807,95.21401259609522
STU_017808,65.35300296908116
STU_017809,89.30858013700588
STU_017810,100.0
STU_017811,73.08699313917282
STU_017812,79.68363385868788
STU_017813,79.4776556159094
STU_017814,67.38135370703523
STU_017815,65.97997030220046
STU_017816,60.34355190439823
STU_017817,53.74716756190725
STU_017818,92.11361674079731
STU_017819,87.50511142669627
STU_017820,82.12095258195157
STU_017821,70.96290752697601
STU_017822,88.12491927869118
STU_017823,95.48181202773468
STU_017824,55.37621539405896
STU_017825,76.43435890137262
STU_017826,83.93419877202734
STU_017827,85.189495146956
STU_017828,58.3322416387751
STU_017829,67.2709899954116
STU_017830,67.69895806609544
STU_017831,90.29272204362553
STU_017832,86.4543625241247
STU_017833,57.67563105130189
STU_017834,79.23121279939028
STU_017835,71.72375317680658
STU_017836,77.7467276354515
STU_017837,67.78006887981101
STU_017838,65.71509027712403
STU_017839,93.51968602235061
STU_017840,73.65581128587756
STU_017841,96.0669292863042
STU_017842,78.02893344149346
STU_017843,83.7337044747791
STU_017844,67.8329686615774
STU_017845,94.00372927586074
STU_017846,93.43900089987834
STU_017847,48.705717800619674
STU_017848,62.77799407940035
STU_017849,56.960544261469195
STU_017850,69.91093681604313
STU_017851,60.95421457552348
STU_017852,88.298649354159
STU_017853,73.76006906867717
STU_017854,99.02164632316047
STU_017855,50.41890749046875
STU_017856,83.03498437862457
STU_017857,81.15876649812652
STU_017858,75.95860217045797
STU_017859,66.27381259982094
STU_017860,81.56676957650834
STU_017861,84.58512206752339
STU_017862,69.33899683124358
STU_017863,88.91395707809367
STU_017864,78.12878067908147
STU_017865,70.29903102591453
STU_017866,76.9572353267437
STU_017867,63.46392220838487
STU_017868,95.42888898247102
STU_017869,62.20944250096663
STU_017870,81.29366434526457
STU_017871,96.61119105410802
STU_017872,68.72737934920784
STU_017873,94.19268183821028
STU_017874,80.02898588901327
STU_017875,71.28499611343042
STU_017876,65.15809869811113
STU_017877,52.31267201665056
STU_017878,91.27076073548727
STU_017879,56.12545037801568
STU_017880,94.07475752143658
STU_017881,73.69559961661804
STU_017882,71.2265570649493
STU_017883,93.73751695330883
STU_017884,61.61667043633993
STU_017885,70.98743759559761
STU_017886,79.43136107002906
STU_017887,53.95418666244408
STU_017888,62.067377560377096
STU_017889,99.88997295186452
STU_017890,99.87133945805877
STU_017891,77.22130371816709
STU_017892,53.55282558715287
STU_017893,81.4566802050085
STU_017894,61.39148451027732
STU_017895,68.57349436613131
STU_017896,75.47471469125452
STU_017897,60.42297908090243
STU_017898,86.16220615680061
STU_017899,81.26642167637497
STU_017900,69.7841079509561
STU_017901,90.14282427692373
STU_017902,65.79126218720067
STU_017903,72.06118545268437
STU_017904,78.80868115366707
STU_017905,77.0008204725289
STU_017906,68.55553921892583
STU_017907,77.53961076891963
STU_017908,69.77881101519577
STU_017909,76.53645144777363
STU_017910,73.76222564384965
STU_017911,60.43046053925356
STU_017912,94.02353906359141
STU_017913,88.7150683279152
STU_017914,63.77208161089292
STU_017915,70.28980518556217
STU_017916,78.08005599775397
STU_017917,81.05653755592688
STU_017918,81.45384937708783
STU_017919,90.13584472495734
STU_017920,77.08044276742287
STU_017921,81.76310336778054
STU_017922,75.72991146130951
STU_017923,69.26450043269503
STU_017924,71.13212890186063
STU_017925,68.71874973394803
STU_017926,76.17122837503445
STU_017927,99.84572922788014
STU_017928,83.60616285192859
STU_017929,85.78368944509064
STU_017930,77.46599275871046
STU_017931,62.39314535579303
STU_017932,98.76345694453907
STU_017933,95.0116612915904
STU_017934,90.57499655530184
STU_017935,80.80239125590508
STU_017936,52.707898176128765
STU_017937,86.37430738669221
STU_017938,65.92367739293427
STU_017939,87.17819445025772
STU_017940,73.55709673711925
STU_017941,72.66109421742686
STU_017942,70.92500370406017
STU_017943,53.542344053628966
STU_017944,62.59517405525072
STU_017945,83.65577928070141
STU_017946,60.4438975738164
STU_017947,61.045685379513856
STU_017948,81.38246477478503
STU_017949,56.35123316969431
STU_017950,54.62119837746266
STU_017951,65.29275721105445
STU_017952,89.89272675561251
STU_017953,73.59177093159892
STU_017954,98.12974670845834
STU_017955,65.66877604793805
STU_017956,69.86923504634571
STU_017957,64.89362170111596
STU_017958,49.26308394633976
STU_017959,86.40521831807682
STU_017960,83.11164509086439
STU_017961,93.22482416300909
STU_017962,57.969736139075245
STU_017963,62.55850692845628
STU_017964,47.47950943123253
STU_017965,97.35683419632554
STU_017966,77.7951832428665
STU_017967,77.45879618345215
STU_017968,98.72211853277169
STU_017969,75.89408222676475
STU_017970,52.49775613785584
STU_017971,59.75386826332577
STU_017972,70.01521472184817
STU_017973,65.5138789270481
STU_017974,81.14124153044065
STU_017975,66.6484146450369
STU_017976,70.12362676384033
STU_017977,90.30519925224016
STU_017978,69.06202744281993
STU_017979,73.22146575808958
STU_017980,61.66900893608813
STU_017981,96.07853465343966
STU_017982,69.19670051949618
STU_017983,78.92869496633709
STU_017984,68.21883954621408
STU_017985,64.06085379259754
STU_017986,65.27036288472164
STU_017987,82.51698969736294
STU_017988,62.76223412829119
STU_017989,77.526779450268
STU_017990,72.57220096946614
STU_017991,78.48580909723763
STU_017992,48.41157139793371
STU_017993,99.45275475003021
STU_017994,90.6651080654469
STU_017995,77.20896446871157
STU_017996,59.469458546959956
STU_017997,77.27925506425447
STU_017998,83.80551930453444
STU_017999,88.45504818981023
STU_018000,96.55379197898016
STU_018001,78.09043344682888
STU_018002,53.31091903232132
STU_018003,69.33368303285019
STU_018004,75.05529297496044
STU_018005,76.6563778758956
STU_018006,70.12491437538849
STU_018007,98.6400046390731
STU_018008,90.22382218766653
STU_018009,83.41311846610931
STU_018010,80.69392628752387
STU_018011,86.14922724862694
STU_018012,68.7409706216968
STU_018013,83.635871359092
STU_018014,72.88686720220622
STU_018015,78.34502133952041
STU_018016,81.4781757745689
STU_018017,78.54955289279997
STU_018018,99.48064156378177
STU_018019,64.83499997923253
STU_018020,78.7186245051293
STU_018021,70.76202377876734
STU_018022,94.19717020922502
STU_018023,81.59839262499433
STU_018024,46.367784885981806
STU_018025,78.053958618638
STU_018026,71.06642481885997
STU_018027,80.97193479633394
STU_018028,99.036687846084
STU_018029,69.25935820335448
STU_018030,90.36337318282001
STU_018031,89.37788741018676
STU_018032,69.65112462480309
STU_018033,91.96599635098649
STU_018034,75.46015909993777
STU_018035,93.58990911172211
STU_018036,76.81567992996268
STU_018037,44.35895742697877
STU_018038,65.96264660201938
STU_018039,80.98762646435507
STU_018040,75.58004630313587
STU_018041,63.746619303227405
STU_018042,66.49652451049069
STU_018043,89.8914295217034
STU_018044,76.19823264917758
STU_018045,78.42096798032772
STU_018046,83.66403614054222
STU_018047,56.57694201619325
STU_018048,97.93206926001994
STU_018049,89.54790619065187
STU_018050,86.04312745618765
STU_018051,61.29231176625435
STU_018052,66.08789283450379
STU_018053,68.2820813251627
STU_018054,44.058862786234805
STU_018055,100.0
STU_018056,38.13914056588374
STU_018057,63.843287466826
STU_018058,92.12669512856905
STU_018059,95.08963664892535
STU_018060,65.79222520379602
STU_018061,76.31740281303493
STU_018062,83.53973654052687
STU_018063,71.72169837201798
STU_018064,83.83244984780535
STU_018065,85.42970097654833
STU_018066,93.08902256027201
STU_018067,89.39608922276307
STU_018068,80.43161259446487
STU_018069,77.54682801197073
STU_018070,82.52712348031702
STU_018071,95.7890689311078
STU_018072,80.02220821253819
STU_018073,58.98676231473879
STU_018074,76.70212164241369
STU_018075,72.08429151574227
STU_018076,66.70005392163525
STU_018077,53.184407949418656
STU_018078,69.614545311273
STU_018079,79.32330555840849
STU_018080,88.38540800861772
STU_018081,75.75653537576858
STU_018082,77.63475369419072
STU_018083,96.83736570483212
STU_018084,64.74954434891386
STU_018085,70.85098617237077
STU_018086,88.34329713474962
STU_018087,72.36165555663234
STU_018088,63.60992906537129
STU_018089,56.98898167939247
STU_018090,68.53827545817724
STU_018091,81.36682328584706
STU_018092,71.66219419151503
STU_018093,67.76890833230455
STU_018094,73.85017686400262
STU_018095,78.67424670824363
STU_018096,56.787116700284564
STU_018097,89.34708030425755
STU_018098,64.14328583689122
STU_018099,71.64539554829497
STU_018100,90.74950043538551
STU_018101,80.33761097900857
STU_018102,55.358791383963734
STU_018103,98.57907679283755
STU_018104,60.07418838909453
STU_018105,59.320099381402784
STU_018106,72.59210460988183
STU_018107,77.71784950381019
STU_018108,72.73233818796315
STU_018109,86.69406965387665
STU_018110,80.90686509738335
STU_018111,76.65024873972102
STU_018112,66.70754080008379
STU_018113,59.623716341716886
STU_018114,89.11485275852637
STU_018115,72.50468152530348
STU_018116,63.80401004224897
STU_018117,85.75975657569492
STU_018118,73.64098617867134
STU_018119,95.72113669752193
STU_018120,63.35769215670239
STU_018121,98.91654036139182
STU_018122,78.6254786973236
STU_018123,72.43716666293298
STU_018124,80.6759548083546
STU_018125,71.04683509947435
STU_018126,50.74917413896414
STU_018127,64.77153280494345
STU_018128,48.21866002740598
STU_018129,82.31223706409567
STU_018130,93.089339689411
STU_018131,73.26869911472915
STU_018132,99.26819369026376
STU_018133,79.31521058961157
STU_018134,100.0
STU_018135,99.88257005419511
STU_018136,49.800362263994565
STU_018137,65.4943539055767
STU_018138,95.44398618758696
STU_018139,74.19248165377547
STU_018140,50.706894431694856
STU_018141,67.89854950774942
STU_018142,82.1705289230154
STU_018143,63.195516096769914
STU_018144,56.33805556606459
STU_018145,74.13202400664066
STU_018146,51.600351220921546
STU_018147,88.98774044146312
STU_018148,75.41670965319251
STU_018149,64.46240027343833
STU_018150,80.54622694945715
STU_018151,67.24853725956591
STU_018152,57.38500073784685
STU_018153,81.27342091505542
STU_018154,66.5221193928502
STU_018155,92.95128539239505
STU_018156,99.00869684322429
STU_018157,50.61538964548987
STU_018158,65.28214119716317
STU_018159,69.62749464516338
STU_018160,68.38396835454873
STU_018161,86.72570029801558
STU_018162,61.455031152024574
STU_018163,98.73360323125435
STU_018164,73.55108411161953
STU_018165,55.27078170639897
STU_018166,80.77070427247386
STU_018167,71.28276477802227
STU_018168,80.22296987723396
STU_018169,64.40397764921929
STU_018170,50.13252332917377
STU_018171,63.743871360987136
STU_018172,83.45128200473698
STU_018173,65.7101869860422
STU_018174,81.91744295142857
STU_018175,74.43677193050456
STU_018176,79.99955630457949
STU_018177,77.20686542562143
STU_018178,73.53841547078721
STU_018179,67.79867965545316
STU_018180,90.67942109249503
STU_018181,76.94579386889208
STU_018182,73.73649302159814
STU_018183,78.20819971615906
STU_018184,63.34344199528471
STU_018185,62.120167242071474
STU_018186,93.45951760454247
STU_018187,63.82088529767018
STU_018188,87.34518888214576
STU_018189,72.67661840058913
STU_018190,69.94988591917951
STU_018191,77.3865521831801
STU_018192,75.06397846956712
STU_018193,75.54058264992013
STU_018194,76.90024250683676
STU_018195,84.1848439601268
STU_018196,58.18836934685155
STU_018197,90.9394685364766
STU_018198,77.23842703697096
STU_018199,76.86491691235882
STU_018200,84.62727049657744
STU_018201,72.19439922633758
STU_018202,43.84303945773657
STU_018203,78.80995014324493
STU_018204,77.79595339178721
STU_018205,67.82078702501299
STU_018206,71.91969177241418
STU_018207,78.04485409611686
STU_018208,79.57917003287254
STU_018209,55.36497290002991
STU_018210,83.74317460501275
STU_018211,99.59079711717278
STU_018212,70.91423039703653
STU_018213,53.11939900018134
STU_018214,80.22720400307217
STU_018215,74.96055179870734
STU_018216,77.91489972951045
STU_018217,56.30201463712558
STU_018218,73.45156169298753
STU_018219,85.28922405492652
STU_018220,80.54939858540698
STU_018221,97.4220452283538
STU_018222,92.55747621910687
STU_018223,82.62104349730004
STU_018224,85.33210189246017
STU_018225,74.72812192962634
STU_018226,77.01389657809186
STU_018227,72.00426329356843
STU_018228,80.45141753158643
STU_018229,72.23495746303132
STU_018230,83.9225140585979
STU_018231,76.64309570652209
STU_018232,62.49958710015959
STU_018233,64.2918688460026
STU_018234,92.85480176989158
STU_018235,81.32187278498985
STU_018236,99.6328808686755
STU_018237,55.197717399831944
STU_018238,70.93652807984425
STU_018239,85.96738963306672
STU_018240,55.65792562167977
STU_018241,92.50298520104477
STU_018242,72.29013766522094
STU_018243,80.37603380728217
STU_018244,93.49102536950306
STU_018245,68.5176100048716
STU_018246,69.24170691110768
STU_018247,54.855953988893816
STU_018248,75.11083030417514
STU_018249,70.6186201744763
STU_018250,72.8058648820368
STU_018251,69.58815264698896
STU_018252,88.91734115036033
STU_018253,54.778214335451985
STU_018254,86.73518865235289
STU_018255,74.45710487959526
STU_018256,94.58020067332075
STU_018257,76.28612655187878
STU_018258,82.26496486362562
STU_018259,83.90610310643183
STU_018260,81.56247185095043
STU_018261,70.82046971019508
STU_018262,55.11078523464527
STU_018263,76.84185272391832
STU_018264,84.19238124264116
STU_018265,81.16212621484729
STU_018266,89.9548834715893
STU_018267,72.29527021493062
STU_018268,79.0814978513095
STU_018269,69.83247847910397
STU_018270,66.45874867619499
STU_018271,70.14710598428232
STU_018272,46.898514475141624
STU_018273,97.85439464906578
STU_018274,63.62718237502637
STU_018275,85.21690452398913
STU_018276,84.41861083946385
STU_018277,82.02487561256787
STU_018278,76.11593821774787
STU_018279,53.974084613575485
STU_018280,84.38909733860015
STU_018281,97.85922079096444
STU_018282,76.48255649958573
STU_018283,62.31729434164675
STU_018284,68.95865244738667
STU_018285,92.26124407615086
STU_018286,66.72756949184964
STU_018287,90.76235379583531
STU_018288,67.15206360029018
STU_018289,87.61984566395743
STU_018290,68.0611602954404
STU_018291,70.9063036891128
STU_018292,80.14557959520003
STU_018293,72.72255908127121
STU_018294,82.03493073728475
STU_018295,49.59213644610756
STU_018296,89.10803132582909
STU_018297,78.15663221967282
STU_018298,98.4377514543175
STU_018299,60.18031474156935
STU_018300,85.58165353416783
STU_018301,62.293069883871574
STU_018302,65.07991862725065
STU_018303,99.49136083258627
STU_018304,63.16858996103176
STU_018305,56.299226103099635
STU_018306,60.64071626112636
STU_018307,76.97605474626707
STU_018308,84.24065493336467
STU_018309,68.08532090417414
STU_018310,91.13790703593324
STU_018311,68.11731730178627
STU_018312,70.59094678086846
STU_018313,83.9543278306401
STU_018314,72.2145349532663
STU_018315,94.92191243567018
STU_018316,69.10011827163436
STU_018317,90.0800620605001
STU_018318,57.26858134948488
STU_018319,57.13362174257209
STU_018320,88.76339940718526
STU_018321,90.0521730955299
STU_018322,76.8430201493128
STU_018323,100.0
STU_018324,57.89764838833585
STU_018325,77.79017927666678
STU_018326,77.5954750331517
STU_018327,81.95393971617877
STU_018328,73.10881535169537
STU_018329,70.81684195674183
STU_018330,47.79562302684109
STU_018331,86.14077884151096
STU_018332,93.7110104330566
STU_018333,59.92747811207875
STU_018334,86.73830120598161
STU_018335,56.670663945097616
STU_018336,79.09568910524042
STU_018337,67.40076030743748
STU_018338,70.7625288520261
STU_018339,82.25592338839729
STU_018340,85.15056929353756
STU_018341,66.72148444853822
STU_018342,59.23999099654876
STU_018343,58.957260353646156
STU_018344,88.46505822796695
STU_018345,71.2158458962153
STU_018346,68.06987821601308
STU_018347,74.0905431886236
STU_018348,99.57361932206744
STU_018349,79.30757727025258
STU_018350,84.12743035074426
STU_018351,76.15830291818621
STU_018352,85.79412299651455
STU_018353,83.29105546574783
STU_018354,98.8227450715278
STU_018355,69.99943368431487
STU_018356,72.3757710008296
STU_018357,69.98362277325789
STU_018358,77.85949262589736
STU_018359,99.89047298416301
STU_018360,91.08952084737942
STU_018361,46.74288226680947
STU_018362,73.14682600597935
STU_018363,47.909852560257484
STU_018364,91.27129303965285
STU_018365,94.37299481375608
STU_018366,61.61840171578552
STU_018367,85.42558150393785
STU_018368,63.8700914977156
STU_018369,81.19775974708193
STU_018370,59.13972278807892
STU_018371,90.03092653930659
STU_018372,84.7450197368492
STU_018373,60.597977853625515
STU_018374,73.62326499541219
STU_018375,68.49144809848062
STU_018376,81.84967821335707
STU_018377,91.00261836931034
STU_018378,93.31189924211006
STU_018379,54.13896423490673
STU_018380,84.27932468776694
STU_018381,74.55645987092592
STU_018382,92.45745493783289
STU_018383,88.24470813130341
STU_018384,65.37171812836196
STU_018385,97.1918119191581
STU_018386,74.81183045962912
STU_018387,83.6112072595626
STU_018388,94.59597248133682
STU_018389,62.53236253620351
STU_018390,52.516166238309154
STU_018391,72.44491428298244
STU_018392,100.0
STU_018393,74.96876268416258
STU_018394,79.98079717205599
STU_018395,74.79232947741554
STU_018396,62.39835259999961
STU_018397,71.94344876148914
STU_018398,86.52789633093998
STU_018399,100.0
STU_018400,70.11188732744398
STU_018401,85.54814102733441
STU_018402,76.17300160976656
STU_018403,91.41791540828214
STU_018404,87.14939450208642
STU_018405,86.69445464848212
STU_018406,67.20876653973802
STU_018407,99.22012737655484
STU_018408,86.33446513982967
STU_018409,60.825765870868324
STU_018410,92.92512316467484
STU_018411,72.59131600761458
STU_018412,73.83298323048434
STU_018413,94.43019723616091
STU_018414,99.88134661452568
STU_018415,73.45386094193535
STU_018416,85.49140510136462
STU_018417,60.154095883283645
STU_018418,93.64827334993987
STU_018419,77.3437459256168
STU_018420,85.16144889584446
STU_018421,93.6246869385412
STU_018422,91.96383375042217
STU_018423,83.96334407326351
STU_018424,59.85785328731872
STU_018425,95.17711999601806
STU_018426,80.77273892091823
STU_018427,83.75686776333879
STU_018428,72.92716159474449
STU_018429,94.19767910570546
STU_018430,63.02090995640922
STU_018431,80.85439181015353
STU_018432,96.32410951951705
STU_018433,70.81737215211088
STU_018434,77.44879108133956
STU_018435,68.38416436395912
STU_018436,73.83676590071408
STU_018437,86.85656621418283
STU_018438,62.663871115833835
STU_018439,99.81922222600888
STU_018440,78.0654725553001
STU_018441,72.62807139690474
STU_018442,74.47192431927984
STU_018443,60.489372504673845
STU_018444,68.59826320729165
STU_018445,93.00558521210579
STU_018446,80.19344364492228
STU_018447,93.9010520782789
STU_018448,67.93203351878101
STU_018449,97.66904240781993
STU_018450,73.22535048198601
STU_018451,68.7528374155285
STU_018452,59.57070846678448
STU_018453,68.43446499137428
STU_018454,55.74673611307702
STU_018455,51.102735094204355
STU_018456,72.7176832634926
STU_018457,58.41106229066159
STU_018458,75.03777809427241
STU_018459,57.94870936701776
STU_018460,68.72658213018005
STU_018461,92.29759273817531
STU_018462,54.47439241691721
STU_018463,79.53653572142011
STU_018464,65.34728716062676
STU_018465,83.77273600531117
STU_018466,63.70559999358852
STU_018467,85.58478176531447
STU_018468,73.5378713738034
STU_018469,78.44715439037478
STU_018470,90.20804326244205
STU_018471,88.71933865480298
STU_018472,60.225820117341925
STU_018473,80.26218016632795
STU_018474,86.1477588581994
STU_018475,75.74054740134903
STU_018476,77.45513851802792
STU_018477,46.488430449869234
STU_018478,100.0
STU_018479,90.34649416231544
STU_018480,84.82232236503614
STU_018481,67.82074691121349
STU_018482,64.23061665258277
STU_018483,89.78348553607044
STU_018484,89.10810555884875
STU_018485,67.662158650512
STU_018486,75.42027359194304
STU_018487,58.50182385703522
STU_018488,77.63932359370695
STU_018489,57.23416278793421
STU_018490,71.97812710788563
STU_018491,86.0545239590942
STU_018492,74.02967133267249
STU_018493,85.81182352779159
STU_018494,78.63287933527472
STU_018495,84.32982854095854
STU_018496,67.5307941066619
STU_018497,90.11445725712807
STU_018498,72.79160320507685
STU_018499,67.72116243646282
STU_018500,78.7247869310569
STU_018501,100.0
STU_018502,68.4476321999469
STU_018503,46.73877092394875
STU_018504,99.91257165150571
STU_018505,71.3546387648241
STU_018506,79.94227691222879
STU_018507,72.27176494714371
STU_018508,81.06579594119957
STU_018509,57.6398844578214
STU_018510,86.06498868879214
STU_018511,75.80248595198648
STU_018512,85.66070417061873
STU_018513,79.9417983484194
STU_018514,60.501494683125856
STU_018515,63.90550959318246
STU_018516,59.6205134002526
STU_018517,84.71184797825457
STU_018518,58.889193201802044
STU_018519,55.423534951800825
STU_018520,90.09520551644185
STU_018521,76.58922803133487
STU_018522,81.71293203582238
STU_018523,83.14371103480657
STU_018524,92.61575664965413
STU_018525,72.72996144663895
STU_018526,60.736532586063944
STU_018527,87.96351493663465
STU_018528,85.12366011819921
STU_018529,72.5447754619541
STU_018530,74.97130714184672
STU_018531,85.44646204455202
STU_018532,66.4764767691735
STU_018533,67.63157777315018
STU_018534,61.60573787602189
STU_018535,92.06940891088412
STU_018536,100.0
STU_018537,82.05304649778726
STU_018538,73.15137154793483
STU_018539,57.779841992632214
STU_018540,78.91404259315478
STU_018541,67.77969415509565
STU_018542,94.67607970801554
STU_018543,71.88373629361718
STU_018544,75.53472394084572
STU_018545,70.17495381772667
STU_018546,95.47536469156245
STU_018547,73.53558380844883
STU_018548,91.76497923317588
STU_018549,87.19219420102311
STU_018550,79.7666669464828
STU_018551,72.14942311794846
STU_018552,62.46845718336501
STU_018553,63.53442318868915
STU_018554,63.046867164888354
STU_018555,59.91327203324484
STU_018556,80.46461947193166
STU_018557,62.461404551123735
STU_018558,65.48936630360276
STU_018559,67.46671197258621
STU_018560,77.55515353402342
STU_018561,78.47665604481321
STU_018562,78.97150716154731
STU_018563,76.2521038262246
STU_018564,80.73511888382421
STU_018565,64.8605309047728
STU_018566,66.32548108169566
STU_018567,92.69224286154046
STU_018568,82.72383806454272
STU_018569,82.38680899704804
STU_018570,72.13503357289765
STU_018571,88.17568808533262
STU_018572,61.742875430077866
STU_018573,85.86233257353416
STU_018574,75.84085786724494
STU_018575,71.82338973832087
STU_018576,75.22390815350252
STU_018577,67.71794122015528
STU_018578,79.31518779324576
STU_018579,53.317810490912095
STU_018580,99.37590023331273
STU_018581,70.49889896102307
STU_018582,79.7051718116205
STU_018583,93.53309775643595
STU_018584,83.41778874133371
STU_018585,69.03333176106601
STU_018586,92.64978699668669
STU_018587,92.22679743373892
STU_018588,52.526525195351915
STU_018589,83.27848756632956
STU_018590,72.4762418559055
STU_018591,88.41316223289252
STU_018592,43.455067060651025
STU_018593,82.46397421430785
STU_018594,64.06605246748565
STU_018595,73.84499057332563
STU_018596,63.357744684530516
STU_018597,73.87080612136334
STU_018598,64.17426130077632
STU_018599,58.55121762625884
STU_018600,84.26246675366056
STU_018601,67.32377567833547
STU_018602,70.20841777251641
STU_018603,70.0204168472942
STU_018604,72.58839060036536
STU_018605,45.03205689566611
STU_018606,69.81955719613188
STU_018607,89.9376799108718
STU_018608,93.18717173113784
STU_018609,85.56542442691807
STU_018610,100.0
STU_018611,66.36423255588093
STU_018612,73.3218645101459
STU_018613,80.35998333896065
STU_018614,74.36180999889997
STU_018615,53.40039331307723
STU_018616,86.02950633498533
STU_018617,71.63276014489492
STU_018618,63.48644333949898
STU_018619,71.89012305682236
STU_018620,92.72641799149262
STU_018621,58.83460923239963
STU_018622,79.0166853003587
STU_018623,71.79837387722327
STU_018624,77.95073306084225
STU_018625,82.72607755665014
STU_018626,69.64055289700707
STU_018627,69.18955595411944
STU_018628,61.811717794323734
STU_018629,70.34030637966269
STU_018630,61.16178200690269
STU_018631,89.25806423337798
STU_018632,91.92659181388926
STU_018633,68.90155570508736
STU_018634,64.38143700056702
STU_018635,69.75496729944365
STU_018636,83.68075187590739
STU_018637,69.58105238448628
STU_018638,98.80960920312475
STU_018639,90.85581982801787
STU_018640,73.18327482794685
STU_018641,55.0053528678301
STU_018642,80.64202556985526
STU_018643,65.2378534330474
STU_018644,64.70436861027034
STU_018645,94.79287487117286
STU_018646,65.86165841166992
STU_018647,99.53971897953008
STU_018648,54.423141464044896
STU_018649,57.65734505290142
STU_018650,74.45241228523113
STU_018651,64.83273556791232
STU_018652,86.77873984966877
STU_018653,77.31900893487372
STU_018654,80.83064653451979
STU_018655,69.31624968102207
STU_018656,68.47427134007339
STU_018657,86.01336273473248
STU_018658,79.19197913257153
STU_018659,79.83472045437124
STU_018660,75.4119589278378
STU_018661,55.14782217026148
STU_018662,66.28526636297036
STU_018663,76.368447342093
STU_018664,46.97282292502313
STU_018665,67.97313170535696
STU_018666,64.08614981740467
STU_018667,70.70635993027732
STU_018668,48.94478698230499
STU_018669,74.4472528384848
STU_018670,73.06430863524744
STU_018671,60.83169537729877
STU_018672,78.64573194911935
STU_018673,61.231489273133235
STU_018674,64.89787980805478
STU_018675,74.99574594683807
STU_018676,67.215486804243
STU_018677,67.80331528959145
STU_018678,88.1711699427392
STU_018679,87.42468337949336
STU_018680,60.53829240416273
STU_018681,80.8204354559643
STU_018682,92.06570657753467
STU_018683,75.79607889369566
STU_018684,86.67418061681254
STU_018685,71.15574880563561
STU_018686,83.90456864506515
STU_018687,74.14208279254143
STU_018688,67.77352574072437
STU_018689,85.45662873516036
STU_018690,72.39418481341995
STU_018691,67.1181900022395
STU_018692,74.33301737623567
STU_018693,71.00461289313667
STU_018694,87.96047887920753
STU_018695,79.4673334733175
STU_018696,67.79305244994349
STU_018697,80.62155381609118
STU_018698,90.01412931493981
STU_018699,64.04119334320048
STU_018700,100.0
STU_018701,70.46842034446944
STU_018702,83.60958719775917
STU_018703,72.90339777133762
STU_018704,89.0732399095685
STU_018705,74.5224578629574
STU_018706,91.03688371610842
STU_018707,63.84569306466743
STU_018708,69.62941351112308
STU_018709,97.25827348824282
STU_018710,79.69681812954417
STU_018711,58.58651915391689
STU_018712,92.86779354239256
STU_018713,68.2796433078113
STU_018714,76.07059945205388
STU_018715,99.27180991611246
STU_018716,66.66559519543132
STU_018717,73.26325171183265
STU_018718,62.934000415382165
STU_018719,81.01716308423565
STU_018720,71.89169893233993
STU_018721,91.40783347761999
STU_018722,54.928406110854894
STU_018723,58.51272279140806
STU_018724,67.89241821083046
STU_018725,79.90411267896252
STU_018726,72.77465458589691
STU_018727,85.96713897740156
STU_018728,76.07555723637688
STU_018729,90.83047331374075
STU_018730,83.59631346260811
STU_018731,66.0655067372802
STU_018732,74.41268647559221
STU_018733,89.0946235240302
STU_018734,75.40448890987497
STU_018735,76.44319625205698
STU_018736,64.14157442151833
STU_018737,74.35104008089793
STU_018738,73.26340758116783
STU_018739,77.85985398938571
STU_018740,69.41695780780266
STU_018741,50.634491302161315
STU_018742,96.89986211204048
STU_018743,62.461215574117425
STU_018744,100.0
STU_018745,77.81283756825806
STU_018746,65.5941179723306
STU_018747,88.42284499506769
STU_018748,55.57994443205905
STU_018749,57.05756410645971
STU_018750,84.19308649706835
STU_018751,88.67042794031187
STU_018752,57.523435466723214
STU_018753,62.11486721421321
STU_018754,94.35673955117682
STU_018755,90.57974125017168
STU_018756,68.29813047651332
STU_018757,88.02009222014885
STU_018758,89.11411831786133
STU_018759,94.13222715416325
STU_018760,70.27402596449453
STU_018761,71.55189837617324
STU_018762,76.49036255697969
STU_018763,64.45708256685778
STU_018764,79.47001228928767
STU_018765,78.20266400388118
STU_018766,64.05147787533771
STU_018767,85.8682536841632
STU_018768,72.5806259501119
STU_018769,51.57784408570866
STU_018770,86.83045680489795
STU_018771,68.58101173672443
STU_018772,91.06243489417078
STU_018773,78.27202517245118
STU_018774,62.46576190258664
STU_018775,80.71660009472113
STU_018776,82.40337608430113
STU_018777,55.51577704830529
STU_018778,98.06436895014406
STU_018779,90.10495426528745
STU_018780,61.057684190586585
STU_018781,93.5762735685715
STU_018782,97.06759319954625
STU_018783,81.18831893851696
STU_018784,77.33894828876628
STU_018785,85.08132766019855
STU_018786,74.35956720642184
STU_018787,55.28121721133716
STU_018788,67.06601183556806
STU_018789,73.31788025901928
STU_018790,88.96279027142684
STU_018791,74.75881956813353
STU_018792,60.82744915937623
STU_018793,64.70443464699287
STU_018794,63.87614199791269
STU_018795,96.63961231332657
STU_018796,57.88313973497569
STU_018797,64.62698467649317
STU_018798,64.74388677663651
STU_018799,81.76212363132765
STU_018800,86.89878626233231
STU_018801,83.53292655530086
STU_018802,67.17393551751776
STU_018803,66.59876096028253
STU_018804,58.46154449555274
STU_018805,65.9577007555837
STU_018806,83.25043025244183
STU_018807,76.62134241782724
STU_018808,64.2723151322862
STU_018809,85.22701096974832
STU_018810,79.55503609290156
STU_018811,54.092500663513974
STU_018812,81.56941569792973
STU_018813,71.52496876100201
STU_018814,47.258285434288034
STU_018815,84.77396810656722
STU_018816,65.0710244018684
STU_018817,69.99719103550036
STU_018818,85.65863311321964
STU_018819,70.65270023459811
STU_018820,89.27870129926376
STU_018821,81.01197195382713
STU_018822,75.77341091155792
STU_018823,97.55115669682006
STU_018824,66.3346166520556
STU_018825,77.16744920910372
STU_018826,70.14135355529466
STU_018827,75.11692276371411
STU_018828,66.53821928289472
STU_018829,58.42251344131563
STU_018830,86.04834022568812
STU_018831,90.84000355737373
STU_018832,81.96755150473749
STU_018833,61.99416887586676
STU_018834,54.7819048586333
STU_018835,64.38050715857153
STU_018836,84.25161620892605
STU_018837,74.10323089157677
STU_018838,63.43959158759073
STU_018839,86.39522125591276
STU_018840,84.24232178615165
STU_018841,86.84870954870466
STU_018842,74.45399930660459
STU_018843,77.92760157421434
STU_018844,71.41595386139713
STU_018845,82.63009476989913
STU_018846,99.4476981041033
STU_018847,99.70913662357589
STU_018848,79.30470663245555
STU_018849,70.32619359993267
STU_018850,72.02552213277457
STU_018851,62.45530232845168
STU_018852,54.021179857361176
STU_018853,65.50664000717464
STU_018854,73.44646204195226
STU_018855,78.8565129805737
STU_018856,63.62821676483746
STU_018857,86.59352907772268
STU_018858,81.87640773413531
STU_018859,95.27212939210969
STU_018860,71.3542914996163
STU_018861,78.6203220111355
STU_018862,95.32549948519193
STU_018863,68.1523432319832
STU_018864,63.25540512746998
STU_018865,76.55349212499378
STU_018866,75.49081760491806
STU_018867,66.78555360076152
STU_018868,79.1889901386658
STU_018869,75.63458005736327
STU_018870,86.00752616077563
STU_018871,96.1780875726985
STU_018872,80.74615150067831
STU_018873,73.29496254175595
STU_018874,88.31469736079649
STU_018875,99.49983912811533
STU_018876,68.38577049525544
STU_018877,60.35335371686193
STU_018878,92.67779408889919
STU_018879,84.25871732467762
STU_018880,78.05173770226588
STU_018881,63.85769159372619
STU_018882,73.21328282994565
STU_018883,73.21861192216525
STU_018884,87.5696417263646
STU_018885,57.27209846774224
STU_018886,89.70747577515158
STU_018887,67.79049722751793
STU_018888,89.97625826901232
STU_018889,62.321269885396426
STU_018890,47.09410735575867
STU_018891,72.9789471189886
STU_018892,80.89443999230255
STU_018893,83.34543586459081
STU_018894,98.41988304531358
STU_018895,77.3731744805094
STU_018896,87.01596557904415
STU_018897,70.54961737581428
STU_018898,65.99217767191887
STU_018899,68.08103198007387
STU_018900,72.81951018412772
STU_018901,83.42452127130939
STU_018902,94.00395400673953
STU_018903,86.92991727659864
STU_018904,77.36871306418533
STU_018905,64.76521504506402
STU_018906,79.62976869906602
STU_018907,72.53168796344599
STU_018908,69.22036853775283
STU_018909,78.11358288743608
STU_018910,68.21307483753677
STU_018911,56.815178774852455
STU_018912,84.9611133830384
STU_018913,67.84855787915598
STU_018914,70.13590633103078
STU_018915,79.73863283919852
STU_018916,57.68555997117716
STU_018917,82.97944792344575
STU_018918,89.47759590882231
STU_018919,77.08507026726105
STU_018920,56.79878867661682
STU_018921,69.73270005319651
STU_018922,64.41748098109011
STU_018923,98.28737505011257
STU_018924,65.25823667961244
STU_018925,74.9528474056329
STU_018926,81.56389548403477
STU_018927,74.391130883581
STU_018928,70.85421580098584
STU_018929,70.50834590036962
STU_018930,59.30664703390791
STU_018931,60.86964445166624
STU_018932,48.92650891356546
STU_018933,72.61926104066129
STU_018934,79.08814682235983
STU_018935,67.50292314801612
STU_018936,71.22959388782499
STU_018937,87.22137992047789
STU_018938,86.98255497822976
STU_018939,67.53610814333227
STU_018940,84.2135823438713
STU_018941,89.08117198198559
STU_018942,56.6940895468095
STU_018943,77.23620071379769
STU_018944,75.45123285789417
STU_018945,81.238951745936
STU_018946,84.24338185005465
STU_018947,70.0557570757172
STU_018948,67.11310091500782
STU_018949,73.83679427660877
STU_018950,81.79728960864857
STU_018951,66.81434138722103
STU_018952,62.500628264719275
STU_018953,70.53997295755936
STU_018954,80.11767669806041
STU_018955,75.46034802803186
STU_018956,60.837018767943746
STU_018957,75.24291522159827
STU_018958,85.43616799944726
STU_018959,81.27154876854225
STU_018960,75.09433694361462
STU_018961,71.19638855897159
STU_018962,79.93308840033099
STU_018963,89.44217429086316
STU_018964,70.47867685995556
STU_018965,89.07774330702053
STU_018966,92.99396194551117
STU_018967,93.9889748548865
STU_018968,73.66336344417073
STU_018969,80.20580207468183
STU_018970,89.37925844864475
STU_018971,59.85015925814474
STU_018972,79.32074865256959
STU_018973,88.71246470778658
STU_018974,60.697039538564695
STU_018975,86.51260321753044
STU_018976,74.76241344044894
STU_018977,91.61621434291067
STU_018978,82.2280374068674
STU_018979,61.299955353400534
STU_018980,78.41787816619308
STU_018981,55.677070921564344
STU_018982,81.16076014852916
STU_018983,75.21056663270338
STU_018984,73.53303457550409
STU_018985,71.084969898047
STU_018986,80.05703934941229
STU_018987,82.32513115998925
STU_018988,71.74454666162958
STU_018989,82.47242748756923
STU_018990,82.87207366905974
STU_018991,65.54324538691155
STU_018992,81.82679663051178
STU_018993,80.60978852091675
STU_018994,85.47241530519763
STU_018995,95.1015324310342
STU_018996,61.93265873440872
STU_018997,73.19221664408282
STU_018998,79.42947903235654
STU_018999,89.8670328773645
STU_019000,74.29092252500797
STU_019001,59.6887039582581
STU_019002,74.5883171432066
STU_019003,92.5688590660594
STU_019004,78.18635210383565
STU_019005,95.74136838016003
STU_019006,91.8900600217954
STU_019007,100.0
STU_019008,79.09878388767
STU_019009,100.0
STU_019010,45.60255117210042
STU_019011,79.43719772008137
STU_019012,74.42554547550215
STU_019013,58.270808941299045
STU_019014,100.0
STU_019015,52.82692543277287
STU_019016,63.816855931115576
STU_019017,96.29116630524284
STU_019018,71.67310106343214
STU_019019,72.8744813660927
STU_019020,97.395970726784
STU_019021,45.17826485972335
STU_019022,75.2324161046525
STU_019023,87.77967935508363
STU_019024,76.12948048259966
STU_019025,96.06979217379896
STU_019026,99.33106706354262
STU_019027,76.4283643482418
STU_019028,59.33370879990577
STU_019029,61.592566371696826
STU_019030,71.90504503434464
STU_019031,84.28372245960044
STU_019032,83.65501977795
STU_019033,78.09757710191947
STU_019034,65.99266604451321
STU_019035,82.72202240137527
STU_019036,95.4973309228221
STU_019037,83.4462715926968
STU_019038,65.11373539007114
STU_019039,81.40920618240702
STU_019040,73.77729346349453
STU_019041,80.68926614050997
STU_019042,82.37452988005256
STU_019043,87.19310915120616
STU_019044,83.30810740666152
STU_019045,75.11875072873535
STU_019046,62.4992286594843
STU_019047,49.330116566523415
STU_019048,87.80515810558376
STU_019049,55.717357782560164
STU_019050,87.1161191472704
STU_019051,63.89794027700932
STU_019052,71.78824021347101
STU_019053,74.72048205998978
STU_019054,70.21134902261804
STU_019055,50.07866653135937
STU_019056,83.39674651204719
STU_019057,81.75665974040312
STU_019058,80.60752330824873
STU_019059,49.512451174822516
STU_019060,69.20517764065654
STU_019061,51.267727906546895
STU_019062,89.08421837708177
STU_019063,72.49070578555379
STU_019064,63.99581745072713
STU_019065,96.077668842414
STU_019066,59.81624726112529
STU_019067,79.74956351097572
STU_019068,65.41724809523228
STU_019069,60.37757086377617
STU_019070,73.74189112117053
STU_019071,69.09426803690283
STU_019072,100.0
STU_019073,62.71393698457357
STU_019074,67.84676173064784
STU_019075,62.89090896890353
STU_019076,59.84960038820954
STU_019077,95.88167958269379
STU_019078,95.8438589732126
STU_019079,89.61407709307554
STU_019080,57.98573666806136
STU_019081,83.70412958992385
STU_019082,85.3122719000488
STU_019083,60.73103957938264
STU_019084,56.055765987022916
STU_019085,59.58959754126583
STU_019086,50.42502596796911
STU_019087,75.1276714623989
STU_019088,75.61600598770079
STU_019089,85.89304858537783
STU_019090,91.80469342333878
STU_019091,83.61931430807351
STU_019092,87.35036103767698
STU_019093,74.1140171888882
STU_019094,82.73518025323374
STU_019095,77.34918025513014
STU_019096,80.05740293420432
STU_019097,83.87169667221892
STU_019098,55.982865718349586
STU_019099,66.34773707251225
STU_019100,71.84330084010465
STU_019101,61.8689811337949
STU_019102,76.41646772792043
STU_019103,85.71700761626494
STU_019104,64.01299881017376
STU_019105,64.15561427715937
STU_019106,62.01272239437958
STU_019107,91.3554471961714
STU_019108,71.11691781144077
STU_019109,99.10848810824514
STU_019110,96.35934659062437
STU_019111,74.26460354907958
STU_019112,99.8299588852172
STU_019113,83.51483771097078
STU_019114,97.98672259570301
STU_019115,84.48431555194253
STU_019116,86.91293344798636
STU_019117,62.67624799224416
STU_019118,78.11612072115575
STU_019119,71.87813878274429
STU_019120,63.24608744311509
STU_019121,93.23952512104267
STU_019122,80.86478625345637
STU_019123,66.20463276588956
STU_019124,95.80195962537655
STU_019125,72.40223074048289
STU_019126,72.1158331269354
STU_019127,70.46008281217014
STU_019128,86.30980470584126
STU_019129,60.18993735144767
STU_019130,60.07992392859346
STU_019131,81.51327808203384
STU_019132,88.04080425232506
STU_019133,56.076356422251806
STU_019134,65.995762956845
STU_019135,98.31562398678798
STU_019136,92.29182692676932
STU_019137,60.6908530235367
STU_019138,87.52792492454492
STU_019139,90.4538282734709
STU_019140,83.69870702478956
STU_019141,94.43982488376746
STU_019142,82.65001702901647
STU_019143,78.0160071175257
STU_019144,76.12406085162208
STU_019145,70.5820776721893
STU_019146,90.1672931852087
STU_019147,71.68306250054925
STU_019148,98.156733133123
STU_019149,78.16181676591106
STU_019150,78.84551967678576
STU_019151,95.82470941008849
STU_019152,47.3352933498885
STU_019153,67.15466458472866
STU_019154,89.14844828031394
STU_019155,100.0
STU_019156,79.3960068112601
STU_019157,90.91688616962993
STU_019158,53.03517986495697
STU_019159,68.9058789369569
STU_019160,61.06260867864205
STU_019161,58.71721739045317
STU_019162,60.72919841511648
STU_019163,71.78144940593121
STU_019164,72.67945483925317
STU_019165,73.8558193349706
STU_019166,91.9944151817475
STU_019167,90.74180502747747
STU_019168,84.23663685783382
STU_019169,72.96552525000652
STU_019170,83.62505485284576
STU_019171,71.12056715801876
STU_019172,80.84966147765637
STU_019173,83.04639914484872
STU_019174,59.176311175388264
STU_019175,74.73548917246605
STU_019176,75.58701925286434
STU_019177,96.96315298668797
STU_019178,35.23783504950022
STU_019179,74.70823006949615
STU_019180,76.8982112489761
STU_019181,96.17483716493257
STU_019182,57.718228022094415
STU_019183,95.56003401601899
STU_019184,84.66495134467463
STU_019185,90.859422172712
STU_019186,97.87266265905694
STU_019187,72.31379087686014
STU_019188,98.3614176983523
STU_019189,87.46943783077074
STU_019190,73.9938444904734
STU_019191,65.40137026415522
STU_019192,97.96660989528296
STU_019193,67.35380036027642
STU_019194,74.96356833725355
STU_019195,83.53676834879809
STU_019196,84.50170087754125
STU_019197,90.89268594979639
STU_019198,70.78690355388723
STU_019199,100.0
STU_019200,66.00911925881607
STU_019201,89.48123205361362
STU_019202,80.04778064794489
STU_019203,56.56749273579706
STU_019204,61.33017516115764
STU_019205,80.69978459063287
STU_019206,49.17173449376344
STU_019207,68.60308545756509
STU_019208,71.66522148101218
STU_019209,72.44994580266427
STU_019210,63.002216637783725
STU_019211,65.78740851992751
STU_019212,71.52568554256777
STU_019213,67.16581851558966
STU_019214,74.56658206443629
STU_019215,98.97336407914568
STU_019216,65.69584506733825
STU_019217,72.36702041918169
STU_019218,50.29652393284024
STU_019219,82.59610548981782
STU_019220,72.81969928668896
STU_019221,62.63904719288488
STU_019222,82.38782999720395
STU_019223,76.37520877184431
STU_019224,92.95441901311312
STU_019225,54.52256043273262
STU_019226,56.98407692444961
STU_019227,63.99837005214367
STU_019228,61.49868896577864
STU_019229,74.00267074940788
STU_019230,65.66906073008542
STU_019231,84.96679387730914
STU_019232,91.27889309964534
STU_019233,59.39662236333543
STU_019234,66.17268997576751
STU_019235,79.48060409615077
STU_019236,78.54139905534258
STU_019237,72.68759193048727
STU_019238,73.83710750391378
STU_019239,88.14128816244293
STU_019240,80.39904891784701
STU_019241,97.12083220926147
STU_019242,66.61359033010702
STU_019243,87.14062036809678
STU_019244,75.35050064861517
STU_019245,52.99700574303645
STU_019246,59.06440448739243
STU_019247,93.92643328060345
STU_019248,83.00531085224567
STU_019249,96.29870747567348
STU_019250,61.51525033814101
STU_019251,94.7055994015159
STU_019252,71.87871727307184
STU_019253,62.08395086471852
STU_019254,50.35636955969697
STU_019255,65.90330837058991
STU_019256,93.66790205599303
STU_019257,62.397039376410625
STU_019258,52.55309745953618
STU_019259,72.73886442892822
STU_019260,83.85766477398718
STU_019261,69.1246482824433
STU_019262,85.24531092258331
STU_019263,72.54143273874183
STU_019264,72.56939524356943
STU_019265,88.54863116372233
STU_019266,84.87608684348176
STU_019267,53.47897085503034
STU_019268,68.59404272830801
STU_019269,81.56105810764265
STU_019270,85.57253109410098
STU_019271,52.613577938749216
STU_019272,66.70563223524772
STU_019273,96.74201249925595
STU_019274,99.58470703609765
STU_019275,99.33887988057519
STU_019276,58.150268917188455
STU_019277,98.78462594635664
STU_019278,85.66034908278384
STU_019279,74.40839471066813
STU_019280,60.796337136602325
STU_019281,87.79497395734197
STU_019282,60.13709203922543
STU_019283,99.66093144488777
STU_019284,81.79725472907214
STU_019285,74.86607926224833
STU_019286,93.42869085614117
STU_019287,76.64991036139071
STU_019288,66.3529377315142
STU_019289,89.39665810265454
STU_019290,80.85117101787776
STU_019291,75.10416211678034
STU_019292,80.24964604546632
STU_019293,64.5223919329641
STU_019294,72.68103924644885
STU_019295,60.82486365747531
STU_019296,66.3102727004686
STU_019297,80.16486531126935
STU_019298,89.63754193964058
STU_019299,88.95784736783244
STU_019300,80.73154323208036
STU_019301,69.34948096335066
STU_019302,84.8510553403315
STU_019303,67.2552528152903
STU_019304,92.2858226471452
STU_019305,71.8347694357797
STU_019306,54.819564167450004
STU_019307,63.55605212796165
STU_019308,50.25214498562814
STU_019309,71.15653164944635
STU_019310,90.90625185516595
STU_019311,88.8237042169326
STU_019312,68.59329174591089
STU_019313,83.77237335563322
STU_019314,86.73894532713696
STU_019315,73.99999889850234
STU_019316,92.93194075970142
STU_019317,74.35121783947524
STU_019318,81.85048403094423
STU_019319,86.54871949786504
STU_019320,99.37578874869793
STU_019321,71.91654453140411
STU_019322,88.31747689612426
STU_019323,70.1353822546541
STU_019324,88.58779509531462
STU_019325,74.60523904252776
STU_019326,95.96001008351203
STU_019327,94.91304992992647
STU_019328,94.95945650827647
STU_019329,90.14853291741862
STU_019330,76.69850114928926
STU_019331,71.7994575554712
STU_019332,71.34925060075972
STU_019333,86.15606439787129
STU_019334,60.11349565029133
STU_019335,65.48180294117431
STU_019336,67.86774823918553
STU_019337,97.24409547777064
STU_019338,64.29739273209711
STU_019339,88.76353735667647
STU_019340,99.52490746220688
STU_019341,74.89067740806988
STU_019342,61.19136167434073
STU_019343,73.22691164475648
STU_019344,64.41314028445983
STU_019345,68.96434175625009
STU_019346,73.26424497875448
STU_019347,51.662619314886854
STU_019348,93.21030908957518
STU_019349,79.96071592240703
STU_019350,57.22027356608036
STU_019351,92.65472526471707
STU_019352,81.73242453077663
STU_019353,82.53127935536126
STU_019354,68.93155715906538
STU_019355,77.31688472068109
STU_019356,55.87159679147624
STU_019357,61.46518387365988
STU_019358,79.29947137434938
STU_019359,85.72494824987655
STU_019360,61.16868132360775
STU_019361,88.432913038958
STU_019362,61.1367765281983
STU_019363,68.72902808874922
STU_019364,73.78479811646503
STU_019365,87.31579031644999
STU_019366,97.0494495997804
STU_019367,99.94828523467419
STU_019368,74.93143884558258
STU_019369,79.06252869192556
STU_019370,72.87522261137748
STU_019371,82.03871079110829
STU_019372,69.91623633789571
STU_019373,62.064777483939274
STU_019374,67.0863667391734
STU_019375,80.39337641863455
STU_019376,95.88937589742787
STU_019377,92.98261860054602
STU_019378,69.38081569658836
STU_019379,55.92903312047899
STU_019380,89.82711504523627
STU_019381,66.35011424427279
STU_019382,66.97828456729178
STU_019383,83.71767171984699
STU_019384,65.31171565355261
STU_019385,84.93745059719069
STU_019386,68.09514148984177
STU_019387,56.69515993531729
STU_019388,65.53730113033492
STU_019389,99.2318252679838
STU_019390,42.477625713063844
STU_019391,76.37801220156095
STU_019392,77.8840145861653
STU_019393,74.6183708584987
STU_019394,70.67478190878929
STU_019395,78.53748985608132
STU_019396,98.5797368409599
STU_019397,71.74491804095484
STU_019398,57.35235197078479
STU_019399,57.769450426122
STU_019400,95.60546985337915
STU_019401,67.25215867072113
STU_019402,65.57920861485117
STU_019403,88.87424125846765
STU_019404,86.21491614120887
STU_019405,79.58896786446564
STU_019406,78.24577689345554
STU_019407,64.39317996277137
STU_019408,80.7505050032339
STU_019409,72.61477865845531
STU_019410,69.65719852109173
STU_019411,86.47556105972701
STU_019412,58.85476214938359
STU_019413,71.5393796497684
STU_019414,70.29747945647773
STU_019415,82.58138901440752
STU_019416,82.20165445006076
STU_019417,92.81516800899863
STU_019418,93.69155171095953
STU_019419,71.90826351548846
STU_019420,73.04380242986272
STU_019421,87.05441349072082
STU_019422,79.08988674882508
STU_019423,71.98691947625926
STU_019424,95.07638106625262
STU_019425,60.499509674607886
STU_019426,80.21921779781105
STU_019427,85.74552982317073
STU_019428,92.62561533664382
STU_019429,70.53053287707596
STU_019430,80.46408473117043
STU_019431,51.93440067433371
STU_019432,76.34214977551531
STU_019433,61.787637264588504
STU_019434,53.527036909840895
STU_019435,97.9352857640625
STU_019436,59.763808580474866
STU_019437,96.87825673122737
STU_019438,81.15750527522344
STU_019439,57.42032335295376
STU_019440,70.50227415497002
STU_019441,84.34829220724187
STU_019442,75.28263072604969
STU_019443,58.805859978110405
STU_019444,96.30433431858671
STU_019445,88.55345900693487
STU_019446,50.150694008922464
STU_019447,75.63459128112693
STU_019448,69.06890117959867
STU_019449,63.30319509363305
STU_019450,69.03126997739035
STU_019451,65.75723519043787
STU_019452,83.90180213945251
STU_019453,80.80428704910987
STU_019454,71.26274074115753
STU_019455,70.08514369180703
STU_019456,70.22197253023953
STU_019457,71.29739096097771
STU_019458,69.37431308121532
STU_019459,61.49940280891255
STU_019460,88.96066551840832
STU_019461,93.64063657278572
STU_019462,99.63783357127264
STU_019463,65.76077189120109
STU_019464,74.20323489931147
STU_019465,66.3579587761462
STU_019466,69.19685660861012
STU_019467,71.88993231745349
STU_019468,85.57435749176233
STU_019469,71.13026467281945
STU_019470,90.15630180489897
STU_019471,97.26975911945482
STU_019472,86.57329779396136
STU_019473,90.08706534744633
STU_019474,64.69043615727679
STU_019475,60.95705486150716
STU_019476,93.45674709028202
STU_019477,63.747923207846654
STU_019478,69.32104992792203
STU_019479,70.82728624113115
STU_019480,91.01009344060286
STU_019481,68.35017593605046
STU_019482,68.22996809325069
STU_019483,73.45524451287265
STU_019484,83.47997988068447
STU_019485,58.50424349902527
STU_019486,37.38667858777874
STU_019487,67.66940274477331
STU_019488,95.43995578102685
STU_019489,65.24951763125503
STU_019490,75.50350427919126
STU_019491,60.66967918765479
STU_019492,72.6818857102896
STU_019493,62.72765190078657
STU_019494,58.084702430636085
STU_019495,95.2918117928119
STU_019496,93.17943099621974
STU_019497,54.63959122609397
STU_019498,92.24019137900245
STU_019499,91.49327445717964
STU_019500,85.96379421722851
STU_019501,82.76493155859087
STU_019502,62.23586507238256
STU_019503,72.93495604311946
STU_019504,94.22408667004743
STU_019505,61.2307107206322
STU_019506,81.3243088750378
STU_019507,89.79805584074498
STU_019508,96.45678393704308
STU_019509,97.73328816764428
STU_019510,93.99555945445775
STU_019511,59.436117403437244
STU_019512,83.58284289960558
STU_019513,67.23130255560213
STU_019514,55.425201687650244
STU_019515,62.05475325757092
STU_019516,81.88416520332461
STU_019517,65.73094783535723
STU_019518,66.64626402854634
STU_019519,65.93827934266953
STU_019520,83.61718797183443
STU_019521,63.1563267734372
STU_019522,74.79171091929845
STU_019523,95.40509813827167
STU_019524,79.64469930658215
STU_019525,85.43775337977578
STU_019526,73.93321525657278
STU_019527,73.37687535395061
STU_019528,71.28815716975453
STU_019529,88.83296167138342
STU_019530,88.95825754740338
STU_019531,93.94772305125765
STU_019532,44.43268230771853
STU_019533,77.80009393804689
STU_019534,71.14869601153319
STU_019535,69.8338133623549
STU_019536,66.77901829281112
STU_019537,54.0011311254679
STU_019538,71.83876258019394
STU_019539,69.09579443987234
STU_019540,60.20585040286092
STU_019541,76.38118730568331
STU_019542,100.0
STU_019543,100.0
STU_019544,72.03877556906552
STU_019545,87.01430092596554
STU_019546,58.247744465347196
STU_019547,66.58488255375623
STU_019548,87.81976414842029
STU_019549,89.18226239009283
STU_019550,96.99800828416511
STU_019551,80.83279114876476
STU_019552,76.3738350073413
STU_019553,72.67284265926175
STU_019554,64.01537348913567
STU_019555,99.60839231445598
STU_019556,71.75053187602128
STU_019557,99.91819038655979
STU_019558,55.57065602383672
STU_019559,87.35292976285487
STU_019560,75.92604704180147
STU_019561,42.362196398871745
STU_019562,96.96973741398517
STU_019563,73.43099472930206
STU_019564,65.41480480840086
STU_019565,60.090477126449095
STU_019566,82.14724511811275
STU_019567,83.64181851178574
STU_019568,70.23489457603486
STU_019569,63.77822220421717
STU_019570,73.63040983906826
STU_019571,45.9117773680108
STU_019572,67.47453010469872
STU_019573,70.74832204142682
STU_019574,79.63932479640687
STU_019575,82.31036430358026
STU_019576,94.23082591145614
STU_019577,64.68824425238526
STU_019578,66.95101368754257
STU_019579,69.56967427686506
STU_019580,65.7199249545773
STU_019581,99.35994671663359
STU_019582,70.88297312739729
STU_019583,73.86237803606885
STU_019584,65.86483656198057
STU_019585,82.60571331192435
STU_019586,71.0691937384142
STU_019587,91.3165725359511
STU_019588,74.82568458363778
STU_019589,65.30778257165098
STU_019590,99.40370645144299
STU_019591,94.28379926010963
STU_019592,72.72270343608025
STU_019593,65.54372106693951
STU_019594,94.41629937732395
STU_019595,74.94007941161398
STU_019596,95.7461427600631
STU_019597,70.85088447421714
STU_019598,79.58311360907939
STU_019599,67.27685571323367
STU_019600,99.63457710146372
STU_019601,79.25219329599915
STU_019602,77.74956037982253
STU_019603,92.43682255211894
STU_019604,90.83524466047672
STU_019605,74.40961948938995
STU_019606,82.8449273683
STU_019607,59.5834017862464
STU_019608,74.64727921589005
STU_019609,91.4963435782553
STU_019610,59.335605198165105
STU_019611,66.59023573223365
STU_019612,58.16718173122297
STU_019613,56.92008621616051
STU_019614,60.51393894606371
STU_019615,93.87062488633238
STU_019616,68.40912131031337
STU_019617,75.03498365568025
STU_019618,64.19529446200377
STU_019619,85.89607490518047
STU_019620,76.78285888500332
STU_019621,73.22041819284014
STU_019622,78.71526131728899
STU_019623,73.22849521901786
STU_019624,98.06369171455414
STU_019625,35.88161199716012
STU_019626,84.72461463250102
STU_019627,94.31092838323299
STU_019628,70.22598722269099
STU_019629,77.65343337940811
STU_019630,92.79519577456513
STU_019631,64.6217427723232
STU_019632,95.14383819551705
STU_019633,89.92179492929516
STU_019634,88.38564136279335
STU_019635,77.94348948543295
STU_019636,64.87386836174457
STU_019637,78.26913365392411
STU_019638,65.57791607604238
STU_019639,68.86106457490105
STU_019640,80.86713530341102
STU_019641,93.85265517569364
STU_019642,78.15395845163394
STU_019643,87.97124325955417
STU_019644,70.63497072956307
STU_019645,73.78271963999406
STU_019646,70.65146359071396
STU_019647,76.48203550044875
STU_019648,58.791361110022066
STU_019649,59.66526210862473
STU_019650,69.9884020033037
STU_019651,73.09572127645959
STU_019652,69.86432264283862
STU_019653,66.99189738862981
STU_019654,54.38016944907873
STU_019655,59.48623590555275
STU_019656,55.33560429162177
STU_019657,76.88767836912744
STU_019658,67.55579238096857
STU_019659,80.77489457335318
STU_019660,71.31857694367238
STU_019661,83.05758638078434
STU_019662,68.61170556577743
STU_019663,74.57928135197861
STU_019664,65.22193616773801
STU_019665,85.81322281534395
STU_019666,88.4840223337496
STU_019667,75.07852374439312
STU_019668,53.15144016927073
STU_019669,60.76128578166233
STU_019670,85.26678105787153
STU_019671,54.704545686198436
STU_019672,83.95336612508204
STU_019673,75.55075120861483
STU_019674,79.12877621330419
STU_019675,83.09789748190948
STU_019676,81.14502076834394
STU_019677,82.9803667064851
STU_019678,99.96675881365418
STU_019679,91.36302962171546
STU_019680,82.76062856920682
STU_019681,93.77190554443237
STU_019682,93.4767656218841
STU_019683,70.05821531667753
STU_019684,72.27839477966228
STU_019685,92.48145968546015
STU_019686,82.91448598830836
STU_019687,63.12736721980094
STU_019688,82.09444682001477
STU_019689,67.50259305000996
STU_019690,78.72370189197326
STU_019691,60.06532980755667
STU_019692,58.01004208973752
STU_019693,97.76566002159161
STU_019694,79.68328143402536
STU_019695,61.59517696964877
STU_019696,64.6001218168862
STU_019697,95.34724248024105
STU_019698,91.95276309559634
STU_019699,82.34381330199992
STU_019700,83.33705888837757
STU_019701,77.68845244134042
STU_019702,74.75624835325722
STU_019703,78.92446345826681
STU_019704,77.22999717365397
STU_019705,62.217588109063044
STU_019706,91.0950802309587
STU_019707,60.187695897664476
STU_019708,77.80628184559681
STU_019709,72.36359564981643
STU_019710,63.20483916131147
STU_019711,97.87196560595346
STU_019712,47.186482377718576
STU_019713,93.88009173529323
STU_019714,63.77250714285319
STU_019715,91.30846426915208
STU_019716,83.5819083931146
STU_019717,97.30474045737546
STU_019718,68.94981847103739
STU_019719,97.15743301344452
STU_019720,92.80185550749361
STU_019721,55.65783390595129
STU_019722,72.57840025607676
STU_019723,79.99936983278545
STU_019724,72.53570460093223
STU_019725,86.86255186324802
STU_019726,59.58546711373832
STU_019727,90.17852792862298
STU_019728,77.65431577659474
STU_019729,68.20148247340437
STU_019730,71.86427798834991
STU_019731,62.70014712098786
STU_019732,88.64001693400185
STU_019733,72.61512816758821
STU_019734,73.5487868856546
STU_019735,84.08582339510174
STU_019736,99.0739159298723
STU_019737,94.9396232341343
STU_019738,91.93924743783097
STU_019739,68.83862697779625
STU_019740,72.29857273921118
STU_019741,100.0
STU_019742,74.20059649584485
STU_019743,82.86374251556941
STU_019744,73.77972200206786
STU_019745,84.5653074539122
STU_019746,95.325961795475
STU_019747,79.14680097972645
STU_019748,63.426162338882676
STU_019749,63.76107732473039
STU_019750,75.36653599916303
STU_019751,72.787123876737
STU_019752,61.45998389122532
STU_019753,91.53327477912151
STU_019754,67.86746520605516
STU_019755,82.70847758798979
STU_019756,52.21291020891076
STU_019757,87.60082941825358
STU_019758,58.782691910507985
STU_019759,75.64682634842887
STU_019760,81.7849367943244
STU_019761,69.56349871172337
STU_019762,90.72635202473256
STU_019763,71.98784187003585
STU_019764,62.28374129774705
STU_019765,90.48489882462455
STU_019766,65.1410322288435
STU_019767,49.79897038138098
STU_019768,80.9856585631836
STU_019769,65.28720257479749
STU_019770,78.1238080650138
STU_019771,95.24373537834497
STU_019772,67.69742061865759
STU_019773,87.54991859821132
STU_019774,50.65007169487513
STU_019775,86.50117070244254
STU_019776,63.67408253770107
STU_019777,74.26767281144583
STU_019778,70.86920960301443
STU_019779,76.07690148347373
STU_019780,85.45129495341914
STU_019781,53.33375808247127
STU_019782,72.84895980470854
STU_019783,62.36156148651371
STU_019784,79.51927108354347
STU_019785,75.36467899215863
STU_019786,53.145295232732565
STU_019787,74.29292017832702
STU_019788,73.81048882730889
STU_019789,81.49962717136523
STU_019790,65.21941836435946
STU_019791,52.55413276606643
STU_019792,80.71563260843396
STU_019793,64.1189704319704
STU_019794,87.17957839459228
STU_019795,73.6300569751461
STU_019796,84.3924868962301
STU_019797,46.95655780880744
STU_019798,93.33087634309084
STU_019799,79.95547712065073
STU_019800,53.85676764251328
STU_019801,78.62840074985576
STU_019802,94.815601424021
STU_019803,66.38638909239258
STU_019804,79.1948768310189
STU_019805,70.66371545365767
STU_019806,60.00102320178902
STU_019807,59.79129843674171
STU_019808,64.23055387282746
STU_019809,94.39863325002416
STU_019810,65.32380365842249
STU_019811,67.7978684702658
STU_019812,85.79488131645128
STU_019813,74.31432422079192
STU_019814,82.6208600863171
STU_019815,87.62856136745178
STU_019816,72.20862352909744
STU_019817,92.6268987231485
STU_019818,69.5960894281165
STU_019819,95.62879738161624
STU_019820,59.26387299209896
STU_019821,84.74855167158489
STU_019822,67.03309195999934
STU_019823,79.88785439325403
STU_019824,99.79302393260507
STU_019825,78.11061859454486
STU_019826,83.93673009973023
STU_019827,80.95272181023822
STU_019828,81.15238851342214
STU_019829,73.11625270433771
STU_019830,96.14426526635452
STU_019831,84.52419630663536
STU_019832,90.18365080095201
STU_019833,73.10006296225129
STU_019834,73.97164854155852
STU_019835,66.15317218813165
STU_019836,85.78314067679419
STU_019837,74.76079262922384
STU_019838,80.45685037206367
STU_019839,81.73934119876344
STU_019840,64.57447046368618
STU_019841,65.57633403262992
STU_019842,72.78120412761018
STU_019843,65.28876477836715
STU_019844,71.71853238545198
STU_019845,74.87399158772428
STU_019846,98.39770950203167
STU_019847,99.76777605411431
STU_019848,68.01988379899224
STU_019849,94.3141007007572
STU_019850,79.74919091418369
STU_019851,98.86470315545476
STU_019852,62.579611883788225
STU_019853,88.91004354140628
STU_019854,78.83262424823398
STU_019855,77.97444871461839
STU_019856,68.97058212747449
STU_019857,81.34807509750604
STU_019858,96.76377073235318
STU_019859,93.26061683801058
STU_019860,84.18495531244602
STU_019861,65.44997598330313
STU_019862,68.71748392043651
STU_019863,73.77425178469119
STU_019864,82.50870414181212
STU_019865,90.1630088408113
STU_019866,90.19311306993887
STU_019867,73.46048916397406
STU_019868,81.00499487308623
STU_019869,72.07121622726243
STU_019870,72.5405890339238
STU_019871,92.18691901865508
STU_019872,100.0
STU_019873,74.89868193379039
STU_019874,54.253876944328496
STU_019875,78.9684191765059
STU_019876,98.40405415940917
STU_019877,65.30039826622765
STU_019878,62.878552979772955
STU_019879,91.19129504575515
STU_019880,54.81423640668259
STU_019881,71.17340356424086
STU_019882,94.6098473841138
STU_019883,58.88547153642994
STU_019884,66.60169884896374
STU_019885,79.96386312851902
STU_019886,71.57332726700609
STU_019887,100.0
STU_019888,58.96463210951898
STU_019889,84.80409275060018
STU_019890,76.9235445881537
STU_019891,73.14024474268241
STU_019892,66.33432600504452
STU_019893,94.50889849743396
STU_019894,60.13529020431499
STU_019895,77.92773303933616
STU_019896,81.84245853038637
STU_019897,75.59347315547713
STU_019898,73.50785735160387
STU_019899,82.67355859676388
STU_019900,81.28431428486743
STU_019901,70.16831178222002
STU_019902,74.34168114818378
STU_019903,84.42020519715088
STU_019904,67.12497549616735
STU_019905,78.28944708674045
STU_019906,71.86019867721868
STU_019907,60.85601315047737
STU_019908,50.86345842474112
STU_019909,63.5733640511434
STU_019910,95.98203252683757
STU_019911,99.32333973396307
STU_019912,65.68755258614745
STU_019913,78.8126103533526
STU_019914,60.17245165387492
STU_019915,77.4225952056263
STU_019916,66.89692696670555
STU_019917,64.92270987012164
STU_019918,95.42973233984877
STU_019919,68.44412523212647
STU_019920,90.92408269406704
STU_019921,73.54842666472067
STU_019922,96.9094096184816
STU_019923,59.192501519696684
STU_019924,97.83209005115344
STU_019925,86.73833209796211
STU_019926,67.70756084741046
STU_019927,80.6063628249244
STU_019928,78.08449229083733
STU_019929,87.4714581600564
STU_019930,67.71411349402396
STU_019931,97.11696232562699
STU_019932,84.70295369053899
STU_019933,59.80026783541925
STU_019934,87.4318992115768
STU_019935,52.95338172744022
STU_019936,86.91408228072054
STU_019937,81.76354202147613
STU_019938,68.40679374447913
STU_019939,86.66785513838045
STU_019940,84.89680728378589
STU_019941,72.64913246226537
STU_019942,71.43143559523465
STU_019943,82.81953392978056
STU_019944,96.8290919150427
STU_019945,81.1438464957463
STU_019946,90.97674752354942
STU_019947,76.18019328174476
STU_019948,86.76477816809141
STU_019949,76.30391322019327
STU_019950,73.07958834420104
STU_019951,68.41963231120833
STU_019952,58.31053555275467
STU_019953,65.81162875604083
STU_019954,82.78311110781493
STU_019955,65.60611838074064
STU_019956,57.233367103873526
STU_019957,82.05180651648554
STU_019958,75.90992967255947
STU_019959,78.28074513790338
STU_019960,65.99243819855398
STU_019961,71.77498007491114
STU_019962,79.45596066401338
STU_019963,58.74387590583478
STU_019964,68.59232139636498
STU_019965,64.7522427281487
STU_019966,81.48048524404958
STU_019967,96.48095990470591
STU_019968,74.44202831826908
STU_019969,54.39347438434812
STU_019970,92.20012081552669
STU_019971,90.05593354410486
STU_019972,72.19849085475452
STU_019973,76.83185953584749
STU_019974,86.83693864625073
STU_019975,74.24461304770496
STU_019976,75.26686127126915
STU_019977,66.65197767374514
STU_019978,56.886076517035036
STU_019979,54.59779306342281
STU_019980,61.18587199086634
STU_019981,100.0
STU_019982,72.33009119351394
STU_019983,85.91481949580687
STU_019984,96.33327020137854
STU_019985,82.04431661217568
STU_019986,95.43499975101932
STU_019987,82.45121627261095
STU_019988,67.98012968363085
STU_019989,68.98343374567159
STU_019990,78.38559486606408
STU_019991,81.98064103735008
STU_019992,86.96359678309979
STU_019993,85.68197219425898
STU_019994,52.00518680042925
STU_019995,77.46267925075881
STU_019996,59.904575602434804
STU_019997,85.31700014141778
STU_019998,53.584797030316636
STU_019999,91.97329013052479
STU_020000,74.64391246619049
