student_id,career_success_score
STU_010001,56.50983229123875
STU_010002,75.03163189651524
STU_010003,74.55403976002881
STU_010004,98.02269607032758
STU_010005,77.10720546059925
STU_010006,75.64745362358227
STU_010007,74.7444959532549
STU_010008,78.54182233616747
STU_010009,70.85397566681505
STU_010010,56.42097955702745
STU_010011,94.54943190698876
STU_010012,79.04523229551963
STU_010013,82.6645390943098
STU_010014,91.32853816057855
STU_010015,51.18872893139506
STU_010016,69.01411578234638
STU_010017,58.96487861299851
STU_010018,57.23503963699092
STU_010019,86.26754706456751
STU_010020,70.19771387867189
STU_010021,85.1533631397486
STU_010022,96.588850434418
STU_010023,94.0923645810835
STU_010024,68.27107161638588
STU_010025,79.30622353779286
STU_010026,89.91944346000639
STU_010027,75.16304251143589
STU_010028,87.55801670900962
STU_010029,97.38406766256384
STU_010030,60.839701589603386
STU_010031,63.49096194828539
STU_010032,89.77376149449634
STU_010033,56.311048166221184
STU_010034,87.67653891991407
STU_010035,78.47805118649268
STU_010036,65.57614357022423
STU_010037,65.1726020855847
STU_010038,89.79426988917061
STU_010039,63.890699342651786
STU_010040,82.34253876504889
STU_010041,92.98595338882379
STU_010042,63.82575374296066
STU_010043,85.93165988452056
STU_010044,71.8192231665523
STU_010045,80.81538981242454
STU_010046,58.16633729838354
STU_010047,68.66952279832364
STU_010048,83.12750174337138
STU_010049,50.16093717042847
STU_010050,61.49888275724345
STU_010051,74.7093103733749
STU_010052,65.77869679840553
STU_010053,60.4793651750507
STU_010054,71.53209016829855
STU_010055,64.13800144438403
STU_010056,60.55069553354999
STU_010057,64.48221920324389
STU_010058,99.00105240887537
STU_010059,87.82204810688161
STU_010060,72.98054929848402
STU_010061,40.390466657309005
STU_010062,77.62018888704993
STU_010063,67.31830473833706
STU_010064,90.81585661877858
STU_010065,53.243244360537545
STU_010066,59.685069222676226
STU_010067,91.44898749413369
STU_010068,58.77101417424693
STU_010069,65.62646200194041
STU_010070,59.6850326629921
STU_010071,95.11749687974151
STU_010072,65.99491923551527
STU_010073,94.97215900443955
STU_010074,56.58286020160867
STU_010075,76.53387051615167
STU_010076,97.40679130967257
STU_010077,84.69975366201062
STU_010078,87.23456565909885
STU_010079,79.9053758192688
STU_010080,80.14921491970075
STU_010081,61.37351579400797
STU_010082,77.656957728198
STU_010083,78.9374149455089
STU_010084,82.25776863023154
STU_010085,71.79294449148009
STU_010086,77.99139618187606
STU_010087,72.02086832592632
STU_010088,66.39286905369607
STU_010089,84.62608810668493
STU_010090,77.23270928599842
STU_010091,55.05309415662376
STU_010092,72.05539228223978
STU_010093,62.65399996136044
STU_010094,90.75943856951402
STU_010095,55.98676054883488
STU_010096,82.56830028432826
STU_010097,70.84254051301811
STU_010098,83.12286321339437
STU_010099,68.74464185859298
STU_010100,72.27393845165963
STU_010101,78.81266568347542
STU_010102,62.683107588740334
STU_010103,89.4107940218907
STU_010104,54.6514115691515
STU_010105,96.74356024938196
STU_010106,50.71215932505263
STU_010107,81.83029652489225
STU_010108,76.62102152000658
STU_010109,68.81602771798171
STU_010110,78.01635386778912
STU_010111,90.66132564765815
STU_010112,81.85529723693881
STU_010113,70.55414757953885
STU_010114,82.75830836000435
STU_010115,81.1692978115548
STU_010116,90.72655654266386
STU_010117,80.56033076119044
STU_010118,90.57496304606516
STU_010119,69.50800899017575
STU_010120,69.04239877410339
STU_010121,79.04525019610202
STU_010122,74.29100163139765
STU_010123,95.03442029018231
STU_010124,74.4844718598896
STU_010125,86.34720608433156
STU_010126,70.41410878241477
STU_010127,56.30663547851762
STU_010128,91.33433860433097
STU_010129,81.86233429299031
STU_010130,75.72379056650125
STU_010131,62.2760923513626
STU_010132,72.3379162456183
STU_010133,74.71754179726604
STU_010134,66.82322867268684
STU_010135,41.76271390358927
STU_010136,70.25414458778239
STU_010137,63.63870798712965
STU_010138,77.74203083197139
STU_010139,78.99069097877786
STU_010140,88.69112408322364
STU_010141,62.42560839930923
STU_010142,86.98960441435464
STU_010143,74.13918284699123
STU_010144,74.2755411569415
STU_010145,94.58880691465065
STU_010146,79.49106826015242
STU_010147,53.460542005309904
STU_010148,55.57783188488265
STU_010149,61.17197515251564
STU_010150,92.05962962623353
STU_010151,70.53241810612431
STU_010152,85.96058547638857
STU_010153,73.9011252015009
STU_010154,80.45875764858981
STU_010155,63.5556815066833
STU_010156,93.96313179761904
STU_010157,99.60046706378377
STU_010158,72.04739733583514
STU_010159,87.64475575387631
STU_010160,64.9195740685385
STU_010161,93.7470247369822
STU_010162,98.72585585525192
STU_010163,79.47709731188195
STU_010164,74.3245999350209
STU_010165,73.64214921000733
STU_010166,87.98270967440936
STU_010167,85.05615146960726
STU_010168,76.43218769392922
STU_010169,70.72825701273189
STU_010170,89.10031276562677
STU_010171,70.8786699178892
STU_010172,99.63962027333025
STU_010173,69.60623188399151
STU_010174,76.5297222129238
STU_010175,75.93298701572402
STU_010176,69.08740756842153
STU_010177,90.112818259026
STU_010178,82.98555664211918
STU_010179,79.69684036410865
STU_010180,79.69131083978716
STU_010181,77.51286881398792
STU_010182,74.2121350324644
STU_010183,78.28452590639733
STU_010184,83.75664785825337
STU_010185,62.754759481575256
STU_010186,87.19925641489598
STU_010187,63.32083160146145
STU_010188,89.72330168231147
STU_010189,75.83905025104742
STU_010190,58.530443061588485
STU_010191,50.851197104904884
STU_010192,85.30605721182746
STU_010193,62.65102520548818
STU_010194,85.04056259289816
STU_010195,83.19590583216628
STU_010196,68.54321715410916
STU_010197,75.52283227967548
STU_010198,81.97271973199096
STU_010199,97.01589954041697
STU_010200,73.20397695462702
STU_010201,99.269265870124
STU_010202,78.15318129682663
STU_010203,72.1508550725161
STU_010204,94.8030875412532
STU_010205,83.9026670179188
STU_010206,90.07548978788148
STU_010207,50.34354982942365
STU_010208,72.06301233724339
STU_010209,61.7533777273339
STU_010210,90.37059418397394
STU_010211,74.54633330219532
STU_010212,92.55262870475646
STU_010213,90.0131041963224
STU_010214,66.00346024318182
STU_010215,68.02643407519875
STU_010216,59.672619164403756
STU_010217,83.51751019246605
STU_010218,58.79126523184098
STU_010219,83.91042472645407
STU_010220,68.7437112140191
STU_010221,81.14622538963016
STU_010222,56.038795431643905
STU_010223,79.64127864849914
STU_010224,99.42713025974155
STU_010225,62.39795552410212
STU_010226,86.15948511514239
STU_010227,57.85867293058658
STU_010228,90.85449127523393
STU_010229,75.22572643303872
STU_010230,60.21071032809871
STU_010231,54.20395091207113
STU_010232,94.59663667131046
STU_010233,59.146080913404596
STU_010234,81.03539074722971
STU_010235,50.36643162351747
STU_010236,91.67814450199381
STU_010237,82.02865516555242
STU_010238,74.77193262765768
STU_010239,51.318071343727745
STU_010240,71.82349781313854
STU_010241,79.87806139295925
STU_010242,77.78675046980264
STU_010243,65.11864204787386
STU_010244,88.6685069761221
STU_010245,57.99708716401228
STU_010246,46.64165257173361
STU_010247,94.11886181546922
STU_010248,86.66210521411402
STU_010249,67.97943931689548
STU_010250,96.78161130414385
STU_010251,77.49383329162038
STU_010252,99.81236629884935
STU_010253,61.887462888323384
STU_010254,96.14672218316223
STU_010255,67.85441948699726
STU_010256,61.33180626660725
STU_010257,74.57064164028891
STU_010258,81.1508419927878
STU_010259,79.51883437656906
STU_010260,63.24264236756913
STU_010261,63.32256263282409
STU_010262,53.716506443073555
STU_010263,59.47564690287738
STU_010264,99.79687374523243
STU_010265,67.2267820152107
STU_010266,80.50604983327278
STU_010267,62.601947361224575
STU_010268,84.14079140343675
STU_010269,75.91315858826135
STU_010270,90.1547410930514
STU_010271,83.38182970132978
STU_010272,62.421922981946466
STU_010273,80.3422700699108
STU_010274,64.443541148095
STU_010275,89.77356857235566
STU_010276,63.04686923988203
STU_010277,81.70143958529881
STU_010278,84.42527410406811
STU_010279,64.73503704056978
STU_010280,67.44755598053915
STU_010281,59.78327991945048
STU_010282,67.1117374955247
STU_010283,82.5691585291772
STU_010284,65.14292606686429
STU_010285,57.955008211699564
STU_010286,78.33206139589389
STU_010287,92.47398223210344
STU_010288,62.09667444020134
STU_010289,55.184810429354656
STU_010290,83.24609490196679
STU_010291,46.93274690552555
STU_010292,87.34902748191027
STU_010293,63.82278216722647
STU_010294,59.74426498660651
STU_010295,69.24813242573244
STU_010296,83.33720793971051
STU_010297,81.87257364479359
STU_010298,94.65426416314438
STU_010299,88.90166958659537
STU_010300,62.02859373666051
STU_010301,78.1754109135166
STU_010302,84.10279845828288
STU_010303,70.91245734267946
STU_010304,56.800844756385175
STU_010305,78.74697048690803
STU_010306,61.35481089508753
STU_010307,64.88100289238218
STU_010308,76.62184283974437
STU_010309,70.24065472186835
STU_010310,56.231575585381904
STU_010311,63.53469728882814
STU_010312,77.92866604369436
STU_010313,77.45425194771722
STU_010314,83.34515492392501
STU_010315,87.56385323511323
STU_010316,90.68410532663177
STU_010317,86.48308731360892
STU_010318,73.15791696484929
STU_010319,90.76061350670477
STU_010320,98.07224972538464
STU_010321,68.05604630565631
STU_010322,93.51106640771636
STU_010323,72.23304776826625
STU_010324,92.86710810959836
STU_010325,94.60905957342662
STU_010326,77.92066464847981
STU_010327,66.78500202281458
STU_010328,82.85631019586151
STU_010329,94.11015138747658
STU_010330,83.00484643437142
STU_010331,97.41885782543835
STU_010332,64.05090566337728
STU_010333,99.84936115172334
STU_010334,73.15004424583664
STU_010335,92.03198428882345
STU_010336,55.23156487685471
STU_010337,62.446318068144926
STU_010338,87.97361261249141
STU_010339,77.93092589983382
STU_010340,61.472430452502294
STU_010341,96.3663729242208
STU_010342,60.15319053628983
STU_010343,59.985251055688046
STU_010344,78.63252347026634
STU_010345,82.70691627334317
STU_010346,87.58023767829332
STU_010347,51.581480087618814
STU_010348,60.89511940287156
STU_010349,87.25968829394118
STU_010350,82.07570694389435
STU_010351,72.38494507849529
STU_010352,69.87043068846307
STU_010353,94.80666466667017
STU_010354,74.3193927112341
STU_010355,77.7819994066007
STU_010356,86.76074530345626
STU_010357,93.64111433733432
STU_010358,78.13762001140643
STU_010359,61.98604958829771
STU_010360,68.85081244974208
STU_010361,98.66820137556334
STU_010362,73.30410060425946
STU_010363,75.55957114940401
STU_010364,95.66659817818454
STU_010365,84.91863038081016
STU_010366,95.10059862021266
STU_010367,70.43973880887295
STU_010368,63.64262550959235
STU_010369,91.01189002013848
STU_010370,85.49297598628239
STU_010371,70.70901213515221
STU_010372,75.98432415843064
STU_010373,73.15816845978313
STU_010374,83.09952880374627
STU_010375,98.23781493745433
STU_010376,55.592702904435924
STU_010377,76.25834424173684
STU_010378,77.85917656818789
STU_010379,69.70280922631599
STU_010380,62.986342424089756
STU_010381,75.38847022141258
STU_010382,90.81923881810891
STU_010383,78.50349668871212
STU_010384,93.0451064236886
STU_010385,80.37878704670679
STU_010386,62.79551429638638
STU_010387,61.544438367880076
STU_010388,96.3889861288767
STU_010389,72.75006989795011
STU_010390,56.277674126780745
STU_010391,64.54709367143678
STU_010392,75.7305496500744
STU_010393,80.98177817854616
STU_010394,75.69271836585943
STU_010395,76.50401298488771
STU_010396,80.41413075021848
STU_010397,87.1885522931503
STU_010398,86.77646238370706
STU_010399,62.81602361552321
STU_010400,72.81501149736543
STU_010401,48.90591721809897
STU_010402,68.99920017131791
STU_010403,76.73015433996702
STU_010404,86.17312708304316
STU_010405,81.52388997065869
STU_010406,75.57059744398163
STU_010407,91.87241397438213
STU_010408,65.89303448197305
STU_010409,96.2756889989414
STU_010410,65.62912354100274
STU_010411,90.59606292972164
STU_010412,95.20711564082642
STU_010413,87.06466693746249
STU_010414,86.25799501553551
STU_010415,89.0601495547287
STU_010416,82.2864656844144
STU_010417,98.7931656950892
STU_010418,73.46349157424795
STU_010419,94.70842104383598
STU_010420,86.76634602704101
STU_010421,84.36581286209461
STU_010422,73.33802681436184
STU_010423,73.5040625793232
STU_010424,51.126530928922406
STU_010425,54.32802838020392
STU_010426,73.77337805181001
STU_010427,63.509054996266286
STU_010428,71.22922343849257
STU_010429,52.66516052284525
STU_010430,87.32570167080857
STU_010431,48.878998799752
STU_010432,72.63390963297488
STU_010433,74.01006245739872
STU_010434,89.40113144748511
STU_010435,60.18072419032387
STU_010436,77.22875122390342
STU_010437,51.64729684080805
STU_010438,99.72999766381858
STU_010439,67.69861188662107
STU_010440,89.16809159339499
STU_010441,59.346274699582864
STU_010442,72.19177329952183
STU_010443,82.05353208872543
STU_010444,69.35803440205699
STU_010445,71.96156735492443
STU_010446,45.47338789275065
STU_010447,78.98177800208842
STU_010448,72.51067638007333
STU_010449,69.40334756580769
STU_010450,65.71168442263398
STU_010451,91.61746077187914
STU_010452,82.08170317209287
STU_010453,71.13383463995908
STU_010454,66.59098813346992
STU_010455,46.73474452843194
STU_010456,85.3425264273445
STU_010457,74.52683951700921
STU_010458,86.78647027405725
STU_010459,75.47602988878222
STU_010460,67.85240305200062
STU_010461,67.35740732645037
STU_010462,56.947102389046805
STU_010463,85.41712828336274
STU_010464,88.95785921481698
STU_010465,53.812956023491104
STU_010466,66.58937754333002
STU_010467,78.39862131004226
STU_010468,71.0428761066893
STU_010469,80.61412313150365
STU_010470,69.62746335117832
STU_010471,97.9591383771494
STU_010472,56.45789727533181
STU_010473,87.49042194650166
STU_010474,85.06596308131327
STU_010475,78.50735205013922
STU_010476,64.65819841533896
STU_010477,69.57934408714362
STU_010478,94.14466733212193
STU_010479,61.2048566635863
STU_010480,69.78029758646252
STU_010481,61.657884844528425
STU_010482,74.5542722187103
STU_010483,93.80648780783558
STU_010484,73.64033015399639
STU_010485,48.03442745456092
STU_010486,72.72200335158107
STU_010487,92.70205537660416
STU_010488,82.42281564163821
STU_010489,82.35159754770827
STU_010490,82.15847142316586
STU_010491,71.36815215046106
STU_010492,72.66847962855498
STU_010493,80.05483110687483
STU_010494,59.628732252754894
STU_010495,39.51563383994818
STU_010496,97.19365264980857
STU_010497,64.6488253370145
STU_010498,73.35938894480054
STU_010499,67.08082367445986
STU_010500,69.36925726224852
STU_010501,76.65260626957527
STU_010502,68.4745598786925
STU_010503,77.96719242126635
STU_010504,68.90620334341374
STU_010505,60.90648529517764
STU_010506,89.71227987445829
STU_010507,66.50944949332367
STU_010508,62.56395176561334
STU_010509,80.3106171159163
STU_010510,48.709878212945895
STU_010511,59.929912588360736
STU_010512,72.02747463077961
STU_010513,92.98045997595408
STU_010514,74.17946517992358
STU_010515,84.01056182607788
STU_010516,81.6318939652656
STU_010517,98.18843844520273
STU_010518,50.78725353964174
STU_010519,87.66279890262595
STU_010520,86.83520328189064
STU_010521,98.85047955632999
STU_010522,71.83151378755413
STU_010523,83.98439757571035
STU_010524,88.58899574656462
STU_010525,68.1559237742732
STU_010526,58.03354527709574
STU_010527,87.7497664252094
STU_010528,83.5491988969159
STU_010529,47.90587606794547
STU_010530,76.0920776249303
STU_010531,66.26246288898575
STU_010532,57.80594590087589
STU_010533,83.59523564190233
STU_010534,77.813820705305
STU_010535,85.49047693488988
STU_010536,77.13644769320814
STU_010537,76.1911509014286
STU_010538,77.07870113697463
STU_010539,61.380019478373626
STU_010540,47.7934299778276
STU_010541,88.30849568229718
STU_010542,99.63454786697173
STU_010543,80.90230453456404
STU_010544,72.81359279128598
STU_010545,81.65346226122013
STU_010546,71.97631519374941
STU_010547,77.31267622213456
STU_010548,99.57158168066908
STU_010549,65.12208462989204
STU_010550,80.25166139439571
STU_010551,59.011697324610466
STU_010552,96.27834504494318
STU_010553,97.40012804687618
STU_010554,87.32877419662807
STU_010555,75.2856960278831
STU_010556,61.90844915562971
STU_010557,76.79756490085096
STU_010558,78.02130095337198
STU_010559,78.03298914504609
STU_010560,76.37238643273375
STU_010561,96.84414744064522
STU_010562,58.92017799199706
STU_010563,63.4605401069535
STU_010564,64.06452352803919
STU_010565,91.96270324709381
STU_010566,59.499587844772805
STU_010567,73.4428467154392
STU_010568,79.84422364958539
STU_010569,96.56987032477525
STU_010570,53.83089683202498
STU_010571,95.2249066772832
STU_010572,72.30080360275524
STU_010573,96.17889563933699
STU_010574,71.6452480216572
STU_010575,63.81000667107022
STU_010576,51.0394271272397
STU_010577,63.191187047781
STU_010578,69.83683526221849
STU_010579,84.50201890855756
STU_010580,61.956901195714
STU_010581,49.63444845139719
STU_010582,78.02744889408025
STU_010583,75.8370942591505
STU_010584,94.07010298417045
STU_010585,77.58346731845198
STU_010586,99.65099386739361
STU_010587,73.80187656723409
STU_010588,69.82612280457847
STU_010589,99.317283727117
STU_010590,87.45449101828007
STU_010591,71.83052742783637
STU_010592,96.62220539110507
STU_010593,84.01970933862214
STU_010594,51.15072356925493
STU_010595,80.34631209736642
STU_010596,74.17166781969341
STU_010597,62.28956292109848
STU_010598,93.4052566423747
STU_010599,67.4881917645707
STU_010600,71.99651978198915
STU_010601,82.37347233552052
STU_010602,68.7230467047178
STU_010603,78.9786362542862
STU_010604,73.35964291373249
STU_010605,62.59271264162329
STU_010606,95.68089588665227
STU_010607,86.21489661468897
STU_010608,62.828948396526556
STU_010609,77.13590200183054
STU_010610,78.91170526926692
STU_010611,89.52525617768556
STU_010612,59.202347389384855
STU_010613,93.61555219235099
STU_010614,99.0308919750143
STU_010615,89.80074698433722
STU_010616,90.10847695550274
STU_010617,54.95311988673208
STU_010618,80.30063789126888
STU_010619,98.46682469727074
STU_010620,65.28819254619906
STU_010621,67.53039151641455
STU_010622,57.46683458153828
STU_010623,86.88505396107936
STU_010624,60.984647663503424
STU_010625,66.96282760897572
STU_010626,89.96292118646137
STU_010627,90.93777956403423
STU_010628,59.40370877397747
STU_010629,81.53315429810222
STU_010630,78.41414143099637
STU_010631,92.88415933209522
STU_010632,66.36206256685632
STU_010633,76.39029096066182
STU_010634,76.0207253986221
STU_010635,63.50237550538075
STU_010636,81.75231547231778
STU_010637,62.466819512178716
STU_010638,74.9827172147275
STU_010639,67.29219178807637
STU_010640,56.507658882256955
STU_010641,69.14050439010545
STU_010642,97.59136837352486
STU_010643,90.10861418267359
STU_010644,73.41445072124759
STU_010645,80.06322727605406
STU_010646,96.04800901147453
STU_010647,68.27022616158189
STU_010648,73.01108253843017
STU_010649,74.97958002958465
STU_010650,85.80560798020767
STU_010651,80.50271760049193
STU_010652,67.06344681369441
STU_010653,86.52679951767873
STU_010654,88.35358915492517
STU_010655,88.00114673958647
STU_010656,76.06953762061667
STU_010657,79.29001713092171
STU_010658,74.66796087845299
STU_010659,95.94051036627715
STU_010660,90.76386935180999
STU_010661,70.05325646132705
STU_010662,95.85222064858415
STU_010663,69.75538346189961
STU_010664,73.14552326725934
STU_010665,61.62146388889851
STU_010666,95.87368880700893
STU_010667,91.78451468625143
STU_010668,69.91392833535944
STU_010669,74.04512612477093
STU_010670,87.73908274234356
STU_010671,62.08612264953048
STU_010672,56.33496756589246
STU_010673,87.38074365580995
STU_010674,98.88922608275094
STU_010675,93.00643132760358
STU_010676,83.71797679219961
STU_010677,76.59865788464332
STU_010678,74.81159743915939
STU_010679,69.22297992490229
STU_010680,91.15584703404298
STU_010681,87.15586810685954
STU_010682,50.64412415302727
STU_010683,72.41065668997626
STU_010684,75.60158584916337
STU_010685,86.83901696895158
STU_010686,77.52584664359196
STU_010687,62.15349067196157
STU_010688,98.85887275107156
STU_010689,85.39016828138602
STU_010690,99.1874247859283
STU_010691,74.91348264665372
STU_010692,89.37188371370037
STU_010693,75.84080627149208
STU_010694,71.00655714913833
STU_010695,60.99004485384688
STU_010696,52.27113763509608
STU_010697,69.71285604445896
STU_010698,93.01707163848675
STU_010699,80.80643343514612
STU_010700,91.97007499088497
STU_010701,83.2027712766594
STU_010702,65.42634775058418
STU_010703,98.6223285002236
STU_010704,99.43270330297419
STU_010705,79.97570783233768
STU_010706,94.899689740855
STU_010707,77.78370964230581
STU_010708,76.79345564010583
STU_010709,65.5408206102974
STU_010710,56.213461883049064
STU_010711,99.73497399545435
STU_010712,50.246840563542875
STU_010713,90.16387547294755
STU_010714,65.34520111096084
STU_010715,81.01457447068289
STU_010716,53.22991855203993
STU_010717,85.1551059821246
STU_010718,77.3832318534496
STU_010719,82.88018597538309
STU_010720,52.502219848622545
STU_010721,67.42078628305507
STU_010722,99.87167196412634
STU_010723,72.08911203558662
STU_010724,81.7946084331426
STU_010725,66.20478841052929
STU_010726,66.20038326480417
STU_010727,49.73843890772028
STU_010728,73.07872726502046
STU_010729,94.41729741244629
STU_010730,95.76798025704045
STU_010731,72.08208684110107
STU_010732,73.67735774340223
STU_010733,98.62280614620883
STU_010734,83.97598175616636
STU_010735,70.14347391956106
STU_010736,67.44924115775682
STU_010737,67.31804416982528
STU_010738,66.49527130295931
STU_010739,71.31029293915519
STU_010740,65.95121022516047
STU_010741,84.71465430816065
STU_010742,66.03839606837461
STU_010743,96.48803395361921
STU_010744,76.13509371257857
STU_010745,66.37003633345554
STU_010746,70.56033565377732
STU_010747,87.42846671167965
STU_010748,74.52278399382593
STU_010749,83.72879348861818
STU_010750,78.43314530403583
STU_010751,71.62027273874662
STU_010752,64.07398877099094
STU_010753,75.85228195674021
STU_010754,84.25266160485218
STU_010755,60.06126436629069
STU_010756,91.09053189488034
STU_010757,55.772996323642204
STU_010758,81.56279881817461
STU_010759,90.87334427733614
STU_010760,84.48327904266597
STU_010761,74.23862939175137
STU_010762,74.40362956324917
STU_010763,63.37735529901114
STU_010764,52.23914268975721
STU_010765,85.35538896154786
STU_010766,60.636642905612
STU_010767,71.95458634247632
STU_010768,57.07070380196912
STU_010769,89.12875289091966
STU_010770,68.32733601279989
STU_010771,44.842202628112744
STU_010772,68.3948720773007
STU_010773,86.32131461059026
STU_010774,85.94657969627332
STU_010775,93.63534630335525
STU_010776,43.06556235248813
STU_010777,78.9649427764127
STU_010778,53.894803616784486
STU_010779,64.10944109280135
STU_010780,82.12130710641793
STU_010781,78.1145447241216
STU_010782,84.86769082169542
STU_010783,51.33618162132474
STU_010784,70.29440021927635
STU_010785,85.93092002851004
STU_010786,83.960217304763
STU_010787,71.73250897891417
STU_010788,71.47448638498619
STU_010789,94.7596093355743
STU_010790,60.83694670707703
STU_010791,59.048333941551725
STU_010792,94.57226290243977
STU_010793,83.61091370173288
STU_010794,58.845069682724656
STU_010795,79.38368169139041
STU_010796,80.952907037312
STU_010797,57.1382447374001
STU_010798,61.71737448142757
STU_010799,88.34284925011772
STU_010800,65.67798747954565
STU_010801,63.684025983557746
STU_010802,84.42873305715375
STU_010803,80.9774216015844
STU_010804,54.1304719168843
STU_010805,70.92366893228102
STU_010806,84.60128773332713
STU_010807,95.48184158071751
STU_010808,66.64179666508053
STU_010809,99.53421429761619
STU_010810,86.0259351464142
STU_010811,75.78758850582773
STU_010812,80.80769875355764
STU_010813,94.31951476227232
STU_010814,68.26651194212093
STU_010815,86.75826004583507
STU_010816,99.81673827243307
STU_010817,87.03420726656877
STU_010818,85.5703979991633
STU_010819,80.39300071423996
STU_010820,94.2896836861679
STU_010821,97.97174168266362
STU_010822,62.411022403320665
STU_010823,91.87434220985234
STU_010824,88.38692554341321
STU_010825,83.7839594148845
STU_010826,82.31472819243754
STU_010827,59.345592690570896
STU_010828,72.51392472417228
STU_010829,70.81573225334307
STU_010830,75.5730192671339
STU_010831,92.28862601715845
STU_010832,96.08286707312337
STU_010833,82.71011598921771
STU_010834,69.72854188642314
STU_010835,81.01543697307572
STU_010836,84.40050593631337
STU_010837,79.28786568559373
STU_010838,90.24743031203207
STU_010839,68.11437095680031
STU_010840,80.68348598556268
STU_010841,86.7839123710504
STU_010842,88.2821350094492
STU_010843,73.77868757333339
STU_010844,53.18147777335772
STU_010845,91.64514805788491
STU_010846,79.78584073014031
STU_010847,99.07485940229503
STU_010848,72.81862886750534
STU_010849,74.61010398572154
STU_010850,60.22277002239858
STU_010851,96.25543741060397
STU_010852,62.38747533131735
STU_010853,89.06352817699356
STU_010854,88.11617677349398
STU_010855,67.37693904189135
STU_010856,55.612856537815475
STU_010857,67.36164647825177
STU_010858,51.034428209267766
STU_010859,68.56601499931341
STU_010860,94.46980250041959
STU_010861,76.96885278277401
STU_010862,66.30816677529359
STU_010863,82.09966783821996
STU_010864,90.36240243516255
STU_010865,77.60697961626595
STU_010866,95.20654183120392
STU_010867,51.6358343461696
STU_010868,64.84845820000716
STU_010869,81.68613606435059
STU_010870,62.12874412007882
STU_010871,86.22681063127814
STU_010872,86.0785067985769
STU_010873,45.37279911476832
STU_010874,65.82062792078284
STU_010875,82.25647465375263
STU_010876,66.59887065191262
STU_010877,74.8951077294973
STU_010878,76.80569822016199
STU_010879,68.34209286403708
STU_010880,81.9330650269496
STU_010881,98.51431238450878
STU_010882,76.32554830892617
STU_010883,81.47296158524502
STU_010884,60.92153551875019
STU_010885,66.94779680312891
STU_010886,98.31080311097739
STU_010887,57.16899690009902
STU_010888,85.73235652602875
STU_010889,94.7317407308776
STU_010890,80.02605415538083
STU_010891,98.5300305055404
STU_010892,82.24437467432743
STU_010893,72.70788958688163
STU_010894,83.95120375054422
STU_010895,68.3948048840344
STU_010896,72.23656265274559
STU_010897,66.9866989819882
STU_010898,81.51126459595793
STU_010899,61.66414015031765
STU_010900,67.25216788029756
STU_010901,60.36874799889233
STU_010902,90.76973105898807
STU_010903,56.45258408026674
STU_010904,75.07212085043363
STU_010905,66.29915151506295
STU_010906,52.64488083278874
STU_010907,97.78536046347523
STU_010908,86.32649265096076
STU_010909,86.25275937809678
STU_010910,82.58691448738219
STU_010911,80.30969354629228
STU_010912,90.26482767542228
STU_010913,77.22438275845444
STU_010914,91.57891669474084
STU_010915,74.84854267251953
STU_010916,68.57927852006607
STU_010917,81.67749689400165
STU_010918,77.30989909942014
STU_010919,89.7367226558862
STU_010920,70.50263260246686
STU_010921,78.75754881194523
STU_010922,78.96058151171351
STU_010923,90.74258512480819
STU_010924,95.9666061463093
STU_010925,66.56658279107731
STU_010926,92.63709026854121
STU_010927,62.91626335622831
STU_010928,74.6095765151697
STU_010929,68.25923196809335
STU_010930,90.36286081102077
STU_010931,70.5368705596637
STU_010932,89.09202014851242
STU_010933,71.59695990934306
STU_010934,87.53159494625521
STU_010935,70.13231857779425
STU_010936,65.83122454682403
STU_010937,72.91949902238731
STU_010938,62.21630369160435
STU_010939,81.88684754431749
STU_010940,46.5897667356523
STU_010941,97.26291731437077
STU_010942,80.30727400028002
STU_010943,54.29550162662938
STU_010944,58.24775206972929
STU_010945,76.73226253421947
STU_010946,84.35473512737448
STU_010947,75.24304766199104
STU_010948,93.49328492092971
STU_010949,97.71244171204997
STU_010950,64.31211774385324
STU_010951,70.64321057891439
STU_010952,60.385149749278554
STU_010953,85.81257478128398
STU_010954,52.892378951041245
STU_010955,61.77721711873251
STU_010956,98.93496709331954
STU_010957,88.14942956197797
STU_010958,69.75340206324039
STU_010959,87.23380193314313
STU_010960,85.02033215249732
STU_010961,74.71500519800121
STU_010962,91.80030021637921
STU_010963,72.49784920648534
STU_010964,76.84872924549705
STU_010965,66.96351648867349
STU_010966,54.89941018271164
STU_010967,69.28075962567914
STU_010968,66.10493789903737
STU_010969,57.943262241871615
STU_010970,85.73986433343686
STU_010971,69.9144463195316
STU_010972,72.31253637639779
STU_010973,74.85651494384759
STU_010974,66.63176296041334
STU_010975,80.6790341041773
STU_010976,83.22072838556268
STU_010977,86.34113261960746
STU_010978,97.115437486999
STU_010979,74.34797174263414
STU_010980,77.8789659716817
STU_010981,92.70592320899564
STU_010982,73.1837431198496
STU_010983,71.97984387186594
STU_010984,75.69515263261634
STU_010985,52.699142075097626
STU_010986,89.79074303661268
STU_010987,90.42776291093291
STU_010988,66.93689186352415
STU_010989,84.34964820585483
STU_010990,76.40621758016968
STU_010991,59.23205483643242
STU_010992,82.24576934337111
STU_010993,73.49115490393709
STU_010994,82.8803562642582
STU_010995,97.58576937318858
STU_010996,60.8979185092207
STU_010997,67.46102557445951
STU_010998,67.60043435895716
STU_010999,69.01140904548227
STU_011000,76.36540609466496
STU_011001,61.12999967229199
STU_011002,77.18784104879546
STU_011003,63.694142670700685
STU_011004,82.51263995235105
STU_011005,72.57811904043697
STU_011006,81.0668389049759
STU_011007,66.75607488223488
STU_011008,80.70823999531099
STU_011009,96.29044519861402
STU_011010,97.07380160697443
STU_011011,65.35715173107283
STU_011012,85.39454161964335
STU_011013,54.65160124133385
STU_011014,69.44198703588816
STU_011015,98.1621466561055
STU_011016,62.72432757149468
STU_011017,75.45193222247562
STU_011018,87.99612320477867
STU_011019,62.569844506220804
STU_011020,90.4842983284273
STU_011021,64.46135585646638
STU_011022,84.32305455242208
STU_011023,73.10016900988093
STU_011024,77.42350150888373
STU_011025,67.51636684662668
STU_011026,77.72824764319985
STU_011027,71.3543391610291
STU_011028,90.81081372118949
STU_011029,80.42983958182153
STU_011030,60.39238443005757
STU_011031,58.32845338973548
STU_011032,63.5293003279554
STU_011033,55.7255383860243
STU_011034,74.41498478461938
STU_011035,90.04672828039469
STU_011036,97.41937991076237
STU_011037,93.77803662589562
STU_011038,85.57249559282752
STU_011039,59.99550218100029
STU_011040,76.72333144322175
STU_011041,54.21222826005112
STU_011042,60.31176584082691
STU_011043,64.83429046662218
STU_011044,62.414532348282776
STU_011045,97.4646312146588
STU_011046,80.07926475682491
STU_011047,81.28344051458387
STU_011048,64.47338017186885
STU_011049,80.7729973919312
STU_011050,74.87204893510844
STU_011051,89.48192439019908
STU_011052,99.61815331630848
STU_011053,50.42021854349409
STU_011054,73.11358395156299
STU_011055,62.31872061887388
STU_011056,58.887126447468106
STU_011057,92.96986094676791
STU_011058,99.59055001079865
STU_011059,97.95336100067871
STU_011060,71.27522307929056
STU_011061,61.775799186606775
STU_011062,63.25407828422581
STU_011063,90.20834879827265
STU_011064,72.7525523202962
STU_011065,72.94504884019695
STU_011066,71.88711979296262
STU_011067,88.33237089500575
STU_011068,95.80945495195573
STU_011069,93.20772544140178
STU_011070,67.8954884881946
STU_011071,88.63676554284214
STU_011072,92.2338314172217
STU_011073,74.0433174935994
STU_011074,91.40290246033629
STU_011075,68.4783572920485
STU_011076,97.18130070587969
STU_011077,74.39329081284689
STU_011078,70.07329356807399
STU_011079,66.34677772402554
STU_011080,60.88899076526019
STU_011081,86.40959381798547
STU_011082,51.97611889961254
STU_011083,96.7004985689995
STU_011084,73.6337359317528
STU_011085,89.33959428679398
STU_011086,62.95393339733138
STU_011087,74.93355424007974
STU_011088,76.65830766317
STU_011089,89.93291344067057
STU_011090,93.31345927419343
STU_011091,82.29093265876911
STU_011092,66.47575470965467
STU_011093,79.4488541616227
STU_011094,60.31705699702323
STU_011095,80.59649557376075
STU_011096,58.54278429457287
STU_011097,90.42367014174795
STU_011098,89.93123090921456
STU_011099,85.43304208757208
STU_011100,59.36543830679054
STU_011101,62.170452970305526
STU_011102,78.6419115613969
STU_011103,66.45745512173256
STU_011104,95.04487492809125
STU_011105,74.22440262870543
STU_011106,84.88005652563827
STU_011107,55.577731899051734
STU_011108,81.08299779683108
STU_011109,95.19360468559358
STU_011110,99.64484630228839
STU_011111,75.73911806586958
STU_011112,75.62781067055539
STU_011113,82.9381921357062
STU_011114,92.32048123142532
STU_011115,94.01690278235546
STU_011116,86.38951566833548
STU_011117,70.5415583210883
STU_011118,71.28228355050963
STU_011119,79.49248663675306
STU_011120,78.93695369433523
STU_011121,77.15676405260763
STU_011122,60.48124201743746
STU_011123,99.26218073315121
STU_011124,62.79917253166556
STU_011125,99.54839701349249
STU_011126,87.74976450204437
STU_011127,76.10874217231502
STU_011128,64.95927381520717
STU_011129,88.0709519072365
STU_011130,59.488580153401585
STU_011131,87.211361049666
STU_011132,73.62907925645041
STU_011133,82.36832595660417
STU_011134,58.87624113269513
STU_011135,58.98188712812777
STU_011136,95.07713445385897
STU_011137,75.10184219685954
STU_011138,99.70630491895585
STU_011139,72.29379285147655
STU_011140,86.56534200778017
STU_011141,53.71418759150557
STU_011142,94.85842527143186
STU_011143,81.89891935570841
STU_011144,65.92399225865823
STU_011145,64.48604051068139
STU_011146,66.85403089795176
STU_011147,94.45504336940398
STU_011148,93.50602539049646
STU_011149,90.94314762337137
STU_011150,80.38150096873582
STU_011151,95.66107837688448
STU_011152,63.764137818154076
STU_011153,75.50661953978738
STU_011154,73.65085462704951
STU_011155,67.93719013815188
STU_011156,74.98366067966413
STU_011157,58.947479645475354
STU_011158,70.86111030598919
STU_011159,69.51476037971506
STU_011160,52.59764484113898
STU_011161,89.20106955661815
STU_011162,70.9682177498746
STU_011163,72.1432242005302
STU_011164,86.1392610905115
STU_011165,74.86314859068355
STU_011166,73.68666974296498
STU_011167,70.15978339635961
STU_011168,81.33986653977337
STU_011169,86.94252567072918
STU_011170,59.93629834115964
STU_011171,70.51957395465087
STU_011172,97.6910813146865
STU_011173,92.79500790229977
STU_011174,71.21585677370139
STU_011175,63.88922263772288
STU_011176,80.85636939383905
STU_011177,72.61560438428995
STU_011178,92.55226301023784
STU_011179,85.79373621026579
STU_011180,68.0111045017167
STU_011181,82.79297556693263
STU_011182,94.73369570223045
STU_011183,56.265221851023995
STU_011184,80.05315561160938
STU_011185,79.5502291878725
STU_011186,47.19369803719886
STU_011187,83.84976398062284
STU_011188,79.82164538808154
STU_011189,47.403080608311186
STU_011190,80.36691518420417
STU_011191,94.04326727171485
STU_011192,79.6157010980637
STU_011193,70.29158942153202
STU_011194,89.24324812714386
STU_011195,81.55904514354647
STU_011196,90.90164980107917
STU_011197,98.49778160681404
STU_011198,74.7197279641032
STU_011199,92.2325623919909
STU_011200,72.13880715308055
STU_011201,55.73680991796199
STU_011202,61.16001216160036
STU_011203,78.6108323380757
STU_011204,88.26670915509327
STU_011205,87.97262936681156
STU_011206,82.64539124422865
STU_011207,58.571247664745094
STU_011208,71.74516162892508
STU_011209,78.28643439622064
STU_011210,72.01063780605716
STU_011211,78.69787012099926
STU_011212,74.48994741225208
STU_011213,85.36446724887575
STU_011214,56.469869728714386
STU_011215,93.66422373794879
STU_011216,59.72645385912894
STU_011217,99.8252382553358
STU_011218,66.24603274569373
STU_011219,86.11767410288684
STU_011220,65.79549938161564
STU_011221,79.5340591631546
STU_011222,91.64637498009387
STU_011223,65.95665270197065
STU_011224,99.04877513924072
STU_011225,46.87134227879778
STU_011226,84.20737090804731
STU_011227,63.09686595516445
STU_011228,96.82188955909623
STU_011229,84.1738460028325
STU_011230,80.74339079756366
STU_011231,93.99299646966905
STU_011232,83.52026157332187
STU_011233,71.39146705843513
STU_011234,80.7877884474797
STU_011235,98.13197077244091
STU_011236,67.28319071868425
STU_011237,64.86677834195521
STU_011238,67.8915362623031
STU_011239,81.68999022518895
STU_011240,88.87635540248317
STU_011241,98.34783340974727
STU_011242,63.867364089562244
STU_011243,64.48799299874509
STU_011244,53.742575497459285
STU_011245,71.52666070839334
STU_011246,71.98679541395092
STU_011247,85.016360747131
STU_011248,68.24821368949343
STU_011249,69.97421741888327
STU_011250,70.6375393778843
STU_011251,74.21196208423483
STU_011252,77.10608528733577
STU_011253,78.1649335418843
STU_011254,99.19986507346428
STU_011255,87.62534920254829
STU_011256,79.27429804048474
STU_011257,53.02485189816252
STU_011258,78.321734489802
STU_011259,80.80316603996957
STU_011260,99.86995128777733
STU_011261,64.21794608405918
STU_011262,88.58978056246897
STU_011263,56.63009074214121
STU_011264,49.93273081777141
STU_011265,75.59518197177154
STU_011266,78.03274258166469
STU_011267,88.76081279943361
STU_011268,68.77225030014748
STU_011269,94.33306530971726
STU_011270,74.30138065473685
STU_011271,79.40603716640999
STU_011272,89.03139709911346
STU_011273,74.0193909055824
STU_011274,82.35913701602247
STU_011275,72.30659590516781
STU_011276,80.79768096038262
STU_011277,73.37544786722233
STU_011278,71.16055142496882
STU_011279,99.64633610341286
STU_011280,77.86026664295987
STU_011281,67.71989671341103
STU_011282,92.51808940338773
STU_011283,79.13856390938103
STU_011284,55.82713039639901
STU_011285,95.3420932978492
STU_011286,79.93478717394824
STU_011287,73.5878183454131
STU_011288,73.90239366189664
STU_011289,63.73483242263822
STU_011290,68.29785908730304
STU_011291,82.9683013707394
STU_011292,43.56539077829266
STU_011293,94.1467230463293
STU_011294,75.09585286959451
STU_011295,80.06140204895974
STU_011296,98.53277323001117
STU_011297,71.99943812672228
STU_011298,57.27548514047201
STU_011299,82.02518701818308
STU_011300,92.6209162951988
STU_011301,99.4502981988673
STU_011302,72.11064381232087
STU_011303,82.0302937600523
STU_011304,84.41296782197782
STU_011305,75.01776953817792
STU_011306,71.93885474196934
STU_011307,61.271889494644256
STU_011308,50.82784940391953
STU_011309,80.14600469063551
STU_011310,52.112042004645126
STU_011311,87.55257057834602
STU_011312,67.50458719748033
STU_011313,86.74496031737554
STU_011314,60.336162476664384
STU_011315,82.91417848618336
STU_011316,58.97346725098393
STU_011317,75.89370089957762
STU_011318,59.84275274973042
STU_011319,88.98081857971033
STU_011320,58.350943649236164
STU_011321,89.83239853659192
STU_011322,65.03472203680072
STU_011323,48.66049192233791
STU_011324,62.18267082021471
STU_011325,56.671335036519274
STU_011326,79.49754428007347
STU_011327,80.89230995627156
STU_011328,86.13462157504571
STU_011329,60.32928262334918
STU_011330,53.162654230435265
STU_011331,58.93011750316562
STU_011332,93.01955405449172
STU_011333,63.215945258898984
STU_011334,86.0535620888007
STU_011335,65.71637764642006
STU_011336,58.98048067309384
STU_011337,83.60312518576438
STU_011338,94.77772863765065
STU_011339,71.55112004439636
STU_011340,72.35146676790136
STU_011341,99.12567711477553
STU_011342,84.01490588582084
STU_011343,83.2799493389068
STU_011344,42.133121188208115
STU_011345,65.23577489523794
STU_011346,72.91265904194715
STU_011347,99.66523457773238
STU_011348,79.93725728434943
STU_011349,99.58117334250076
STU_011350,66.38957797632766
STU_011351,75.38346297237669
STU_011352,79.95304053060099
STU_011353,69.31098295879488
STU_011354,92.42006714149389
STU_011355,66.87457826304714
STU_011356,83.66786642709397
STU_011357,69.8655117498479
STU_011358,94.8312007296627
STU_011359,99.86088705309297
STU_011360,99.90944776377987
STU_011361,66.90625564492542
STU_011362,77.46584094586643
STU_011363,99.88905844740195
STU_011364,90.7847284523704
STU_011365,65.24842411167776
STU_011366,86.98094220460737
STU_011367,72.35774977270474
STU_011368,83.91191379468661
STU_011369,68.63269861862207
STU_011370,81.74321985038269
STU_011371,67.82293266494204
STU_011372,95.82163311871913
STU_011373,65.38559183212975
STU_011374,76.72992989268486
STU_011375,87.3711896302094
STU_011376,50.00839578839386
STU_011377,99.71491312153695
STU_011378,85.44006194217314
STU_011379,85.71588565435849
STU_011380,74.61119419346177
STU_011381,61.7965111058661
STU_011382,80.98571052504913
STU_011383,95.14722497825066
STU_011384,70.01579944750084
STU_011385,80.74492623827375
STU_011386,68.8160868046264
STU_011387,54.35913067040901
STU_011388,60.70950733925286
STU_011389,57.47997686673768
STU_011390,91.80911200869605
STU_011391,58.69676830294077
STU_011392,73.46276595169573
STU_011393,75.2894816359428
STU_011394,79.88391956046497
STU_011395,83.84852678370444
STU_011396,89.22984112892249
STU_011397,68.1787177461452
STU_011398,99.90234145496458
STU_011399,73.02576171532424
STU_011400,69.92384332254761
STU_011401,73.2276279819651
STU_011402,75.17091547498725
STU_011403,79.29098341524335
STU_011404,99.64304298417859
STU_011405,82.46145877066877
STU_011406,85.06173113857483
STU_011407,98.34458458321583
STU_011408,73.0451479510371
STU_011409,87.46722564759527
STU_011410,72.04933017416096
STU_011411,95.54712018888887
STU_011412,72.0211918712066
STU_011413,63.47509168077653
STU_011414,91.34500767937071
STU_011415,74.16547654644646
STU_011416,98.25310756422004
STU_011417,78.40877407396692
STU_011418,59.67838253517428
STU_011419,73.23912386914179
STU_011420,93.36409950222124
STU_011421,91.83204601472099
STU_011422,75.74125647885064
STU_011423,62.46046704663226
STU_011424,71.7963932412154
STU_011425,68.31762415580533
STU_011426,98.96245754122023
STU_011427,63.833953409143916
STU_011428,92.72764570135742
STU_011429,73.45867928281228
STU_011430,73.43635816437299
STU_011431,77.37757099048068
STU_011432,66.69063325705056
STU_011433,94.79478320564462
STU_011434,93.22250468251667
STU_011435,70.62434031990318
STU_011436,90.42233930655294
STU_011437,61.94007470490611
STU_011438,66.94346976720055
STU_011439,74.2684542228316
STU_011440,70.20908069439209
STU_011441,74.93677971198794
STU_011442,73.4742388827362
STU_011443,70.92306252499712
STU_011444,75.89889400753398
STU_011445,67.4810978528471
STU_011446,57.75693020509983
STU_011447,92.48071625564918
STU_011448,62.54996897266551
STU_011449,69.76776600439128
STU_011450,79.98033911664862
STU_011451,82.5407204294186
STU_011452,74.59389703329073
STU_011453,75.27713438442007
STU_011454,66.14628926163073
STU_011455,49.729849750986155
STU_011456,91.19020822079838
STU_011457,67.71494737008683
STU_011458,96.18079776554514
STU_011459,71.57397309306201
STU_011460,84.3504161959569
STU_011461,77.32461068660012
STU_011462,82.7764791007191
STU_011463,79.82522656581037
STU_011464,74.6571054552348
STU_011465,65.5095014402851
STU_011466,82.67442464137508
STU_011467,72.46576600005282
STU_011468,62.11210081210284
STU_011469,71.04028484994285
STU_011470,97.0221245288746
STU_011471,59.291437562124855
STU_011472,69.96769360021374
STU_011473,77.95396611857436
STU_011474,91.080820697143
STU_011475,85.97204212116756
STU_011476,97.52486816679999
STU_011477,98.10414468830133
STU_011478,49.46626188515854
STU_011479,66.33280218210557
STU_011480,98.86712954813274
STU_011481,71.04176484332606
STU_011482,62.094942245958144
STU_011483,96.2902849015367
STU_011484,75.1340883402031
STU_011485,75.9591989721223
STU_011486,61.2542520020768
STU_011487,77.64467616946635
STU_011488,72.59109081265927
STU_011489,73.6284376742614
STU_011490,82.02873270109222
STU_011491,55.83226485890701
STU_011492,81.94229404729973
STU_011493,95.79546936360214
STU_011494,85.26917023557485
STU_011495,83.83410393870108
STU_011496,94.79897741959594
STU_011497,72.98223566091909
STU_011498,74.64136774419634
STU_011499,79.81012232858569
STU_011500,76.32963652639955
STU_011501,64.54672363513694
STU_011502,50.74510425326535
STU_011503,89.3325562323552
STU_011504,62.47436556058134
STU_011505,71.16546131022993
STU_011506,56.17978863612309
STU_011507,68.04696222370804
STU_011508,83.86130478660084
STU_011509,68.12244873049734
STU_011510,81.04193991884466
STU_011511,97.50046139844747
STU_011512,50.4815975143165
STU_011513,79.95449995083443
STU_011514,80.51671834303897
STU_011515,66.07114483872174
STU_011516,79.92249091771184
STU_011517,88.78798585547378
STU_011518,98.22421766206419
STU_011519,63.230590147560136
STU_011520,44.822451034899615
STU_011521,48.256849329583616
STU_011522,99.9088042781534
STU_011523,74.50052970177575
STU_011524,88.104783997429
STU_011525,98.96636003643229
STU_011526,88.15462819100985
STU_011527,90.51716651860622
STU_011528,87.40940725235366
STU_011529,82.08662858846982
STU_011530,62.027388811829006
STU_011531,77.06265705135097
STU_011532,74.29952114925318
STU_011533,74.41776481645203
STU_011534,76.19909943895502
STU_011535,67.76435814136067
STU_011536,56.37772656886976
STU_011537,53.64971437794645
STU_011538,71.17565653074183
STU_011539,70.42075790221895
STU_011540,77.84343477558747
STU_011541,79.76732237701104
STU_011542,60.84864041255452
STU_011543,79.61251472042548
STU_011544,84.57818369274693
STU_011545,91.5450854895548
STU_011546,60.39118225953797
STU_011547,94.93804708750777
STU_011548,81.63012647478945
STU_011549,62.28358291924915
STU_011550,82.04490618660675
STU_011551,75.31040745243261
STU_011552,54.51607645755848
STU_011553,76.99339483484296
STU_011554,81.06850927351576
STU_011555,85.18249666439245
STU_011556,99.90983097509168
STU_011557,58.040820998152356
STU_011558,99.86749728464451
STU_011559,93.22842817359796
STU_011560,94.78350075357245
STU_011561,66.35632492981675
STU_011562,99.37666996178825
STU_011563,96.60340308461802
STU_011564,56.587910374783135
STU_011565,73.60539347354333
STU_011566,71.74295473291535
STU_011567,60.85116720331064
STU_011568,59.804887753718795
STU_011569,77.23485540194957
STU_011570,99.55839213360497
STU_011571,76.18817758219677
STU_011572,87.34799314874837
STU_011573,72.70488015452922
STU_011574,66.3206245409254
STU_011575,71.55428639188113
STU_011576,77.21468734466448
STU_011577,62.631612129792714
STU_011578,64.95977284538786
STU_011579,71.9103353759467
STU_011580,94.24177717194776
STU_011581,60.7556737904088
STU_011582,85.49370752670148
STU_011583,65.90114826963261
STU_011584,86.52640456485214
STU_011585,84.2040242834646
STU_011586,81.95645683366772
STU_011587,95.530277210435
STU_011588,93.3301203424112
STU_011589,83.91786496064151
STU_011590,69.16767782770354
STU_011591,62.552995186626845
STU_011592,94.89698654560662
STU_011593,76.71687412592175
STU_011594,97.66872519556703
STU_011595,93.55516918411787
STU_011596,74.69415532055888
STU_011597,69.43937746003772
STU_011598,79.45691793390083
STU_011599,63.492134309406104
STU_011600,59.214357004054705
STU_011601,72.13509851297619
STU_011602,89.16025804517243
STU_011603,64.5871072187454
STU_011604,82.93741672043213
STU_011605,83.00522488690751
STU_011606,64.23396123277128
STU_011607,95.26698812750368
STU_011608,88.80126130795428
STU_011609,65.75228088749677
STU_011610,82.40288856028036
STU_011611,53.68556388347555
STU_011612,79.52687664797013
STU_011613,68.25175719378979
STU_011614,61.13983421610192
STU_011615,93.89103699625703
STU_011616,92.26248843052706
STU_011617,68.56038809521185
STU_011618,74.80372264813857
STU_011619,79.56961958551094
STU_011620,54.863014092366406
STU_011621,72.29358380290311
STU_011622,76.69262530626783
STU_011623,59.127343285757405
STU_011624,89.77795345591305
STU_011625,99.28080612881932
STU_011626,79.67416164807673
STU_011627,66.50800877316831
STU_011628,63.73372641250759
STU_011629,69.33675599058768
STU_011630,96.53142739702693
STU_011631,52.201459951017924
STU_011632,62.56093802387742
STU_011633,99.70395752859733
STU_011634,47.72907255938105
STU_011635,91.23578716462913
STU_011636,64.69968841534285
STU_011637,75.97834071889743
STU_011638,83.60588460756023
STU_011639,88.93844895808729
STU_011640,92.19872611373586
STU_011641,76.5114811375898
STU_011642,78.68098947763394
STU_011643,61.63803221438427
STU_011644,90.59155725033193
STU_011645,98.90346304789094
STU_011646,77.95412322926651
STU_011647,75.14852095108415
STU_011648,79.22130451631304
STU_011649,89.75980373668308
STU_011650,93.19132414169697
STU_011651,65.42336671099477
STU_011652,59.3105221204885
STU_011653,99.95077620792406
STU_011654,64.94962532750455
STU_011655,74.10909405678285
STU_011656,58.57703811956078
STU_011657,40.27313706576815
STU_011658,99.0848944676964
STU_011659,62.374482530311376
STU_011660,81.45760989195384
STU_011661,99.38449059915288
STU_011662,84.324630550519
STU_011663,95.0383262350372
STU_011664,90.68323034377858
STU_011665,64.9038373463294
STU_011666,70.04957375586828
STU_011667,60.03825481373858
STU_011668,75.67265544486237
STU_011669,62.230162692520835
STU_011670,89.13479023980017
STU_011671,75.37638586787162
STU_011672,92.96527264284869
STU_011673,72.92662228939119
STU_011674,64.26747616260444
STU_011675,90.64335572789787
STU_011676,73.2119811944234
STU_011677,77.80579315988851
STU_011678,53.120221631818
STU_011679,98.24183098587463
STU_011680,87.72053911870624
STU_011681,97.83467537800328
STU_011682,49.33861474153417
STU_011683,72.1757871403124
STU_011684,63.37911710426451
STU_011685,58.01423907713549
STU_011686,74.45264307753135
STU_011687,90.92158321040652
STU_011688,87.10903283065737
STU_011689,71.22864652068888
STU_011690,76.06469440396764
STU_011691,98.45865466685828
STU_011692,79.36603253021546
STU_011693,85.68505563110799
STU_011694,91.75623618720803
STU_011695,92.35447470544287
STU_011696,90.68840257457968
STU_011697,65.87537055425136
STU_011698,72.13455123174342
STU_011699,82.19054920124806
STU_011700,63.338677187098455
STU_011701,78.9241333224071
STU_011702,85.71376348692758
STU_011703,93.8272436757936
STU_011704,84.9889131158235
STU_011705,78.99905252436143
STU_011706,93.46415960975087
STU_011707,68.38566663299794
STU_011708,71.92978269876718
STU_011709,84.24722454072153
STU_011710,80.34758060652831
STU_011711,82.1994906288503
STU_011712,55.60797790184698
STU_011713,94.22482705419495
STU_011714,78.87822482989472
STU_011715,83.94054179362587
STU_011716,81.90834758658579
STU_011717,71.79931454405337
STU_011718,86.14015572504698
STU_011719,76.23281391787579
STU_011720,98.16870003051127
STU_011721,62.990181741296084
STU_011722,65.78833809383542
STU_011723,71.71748204362343
STU_011724,92.99714593651977
STU_011725,76.25482036432638
STU_011726,54.495601841713466
STU_011727,61.94022906490545
STU_011728,55.990381204346704
STU_011729,77.84007883166271
STU_011730,73.07174614452515
STU_011731,97.98620694840662
STU_011732,87.2483075502293
STU_011733,80.58052030009334
STU_011734,91.21154015003432
STU_011735,78.8773403147819
STU_011736,68.71132228649641
STU_011737,70.08824720476984
STU_011738,90.19080553876928
STU_011739,91.16306952382274
STU_011740,86.72949496797182
STU_011741,79.34409033478035
STU_011742,63.524599533807766
STU_011743,55.64509358224083
STU_011744,75.89028636446682
STU_011745,65.70059561865486
STU_011746,73.4655314785949
STU_011747,89.17252195689453
STU_011748,72.8325656470536
STU_011749,71.94827324096771
STU_011750,97.0806142456417
STU_011751,68.6311623191132
STU_011752,73.42805120721212
STU_011753,49.382680371630244
STU_011754,82.43183788983484
STU_011755,78.74246264407324
STU_011756,82.28423217977576
STU_011757,75.55092403151201
STU_011758,97.37011338082081
STU_011759,73.02934250917237
STU_011760,84.6851161863502
STU_011761,89.13401988477094
STU_011762,76.12700628327597
STU_011763,79.49306658514078
STU_011764,65.69172408432783
STU_011765,80.49026958481912
STU_011766,49.67668626504776
STU_011767,63.74983582910318
STU_011768,87.37586096450255
STU_011769,65.57144030598558
STU_011770,98.28921459554292
STU_011771,65.64396069923208
STU_011772,63.47767755993142
STU_011773,61.470337858718636
STU_011774,62.99011804127767
STU_011775,82.30544240235952
STU_011776,68.99840016993078
STU_011777,75.70576936791079
STU_011778,91.17906811387473
STU_011779,79.93406300801425
STU_011780,71.45671795382391
STU_011781,58.37821356482682
STU_011782,87.61554603537347
STU_011783,74.47347941943713
STU_011784,73.98992605806528
STU_011785,66.33416803504531
STU_011786,80.77150915389456
STU_011787,68.45679090730216
STU_011788,70.18207293780665
STU_011789,61.15157179422677
STU_011790,79.72362193257058
STU_011791,94.35487868336025
STU_011792,80.57472160119063
STU_011793,61.87916096889814
STU_011794,59.84628812458655
STU_011795,60.31106058116197
STU_011796,97.61074337805938
STU_011797,62.96146497198163
STU_011798,66.88533457261278
STU_011799,99.76554382174257
STU_011800,67.75225620908326
STU_011801,85.96906501421151
STU_011802,89.4460849537207
STU_011803,68.85785425448117
STU_011804,70.46113969793123
STU_011805,67.81936356159846
STU_011806,70.6456127963067
STU_011807,83.55886719128112
STU_011808,91.31576211140586
STU_011809,92.78119816354197
STU_011810,89.6077871473588
STU_011811,90.47116360215333
STU_011812,68.39147331683706
STU_011813,71.67349882546837
STU_011814,95.02137653525651
STU_011815,70.13518545998245
STU_011816,73.43617494140626
STU_011817,96.35667750465765
STU_011818,75.45914587098675
STU_011819,72.69420469362053
STU_011820,71.8226949867483
STU_011821,73.3815059474824
STU_011822,99.83574260768918
STU_011823,71.43947122372538
STU_011824,72.92798208680337
STU_011825,81.35644068940012
STU_011826,68.47564665459548
STU_011827,74.38468366607272
STU_011828,74.48985639441015
STU_011829,74.4561406230541
STU_011830,65.19267459377973
STU_011831,65.31406665705926
STU_011832,67.31554090276028
STU_011833,65.16232923483818
STU_011834,60.27041408622673
STU_011835,78.19887989835671
STU_011836,74.32735912582594
STU_011837,72.36669316621999
STU_011838,65.99132573172501
STU_011839,88.86288747409526
STU_011840,82.68646369863703
STU_011841,78.15746538059837
STU_011842,58.58046781193234
STU_011843,56.101068484255904
STU_011844,88.11229489018746
STU_011845,67.17654440727988
STU_011846,90.0159465214731
STU_011847,72.77826805468362
STU_011848,97.40658638747585
STU_011849,75.2314537802808
STU_011850,69.04407000487817
STU_011851,92.60774205676125
STU_011852,88.58936586722625
STU_011853,82.95196847752356
STU_011854,73.18351084510627
STU_011855,87.9723175311216
STU_011856,85.08679091750173
STU_011857,79.87818668607066
STU_011858,81.13974595862621
STU_011859,73.50330890794811
STU_011860,74.60265169737248
STU_011861,69.12679156128316
STU_011862,69.30325513026638
STU_011863,98.88395926476805
STU_011864,49.830165722769394
STU_011865,85.83402676295933
STU_011866,62.51058073113306
STU_011867,84.42758444404178
STU_011868,83.44872306725233
STU_011869,73.46421656807496
STU_011870,93.81075685963303
STU_011871,62.92984344261174
STU_011872,66.82543759361441
STU_011873,80.86225528633835
STU_011874,65.36366663134966
STU_011875,59.8662401570557
STU_011876,70.81419314785008
STU_011877,93.59081122724295
STU_011878,55.40825662461718
STU_011879,77.6804931025186
STU_011880,61.02724978509819
STU_011881,56.72257517571114
STU_011882,85.56750040193342
STU_011883,56.23381748951638
STU_011884,69.06848812773119
STU_011885,60.85070779284832
STU_011886,67.98205582342439
STU_011887,77.16550219280967
STU_011888,79.12774789622914
STU_011889,41.842943618472404
STU_011890,59.61386731962861
STU_011891,85.87131412620555
STU_011892,99.79877648896186
STU_011893,90.85458016433404
STU_011894,72.84974716236017
STU_011895,93.99816727801841
STU_011896,58.311750036580136
STU_011897,70.63230796257096
STU_011898,99.90267254732562
STU_011899,58.499582022831476
STU_011900,77.75101178512031
STU_011901,77.27791307724051
STU_011902,53.07043492913195
STU_011903,73.3517648985266
STU_011904,80.85164514582623
STU_011905,71.1890247594703
STU_011906,80.30322305107961
STU_011907,87.17255967470075
STU_011908,96.8960357303277
STU_011909,50.83213969766497
STU_011910,87.25706467507153
STU_011911,72.82522968481939
STU_011912,92.6835793531884
STU_011913,72.37479605648521
STU_011914,90.46035834204483
STU_011915,83.89994734227793
STU_011916,67.60994568697015
STU_011917,86.82404051061793
STU_011918,76.85518945888714
STU_011919,99.52831055672407
STU_011920,73.55571694781938
STU_011921,72.46930827550615
STU_011922,81.11572272126737
STU_011923,63.82384304701037
STU_011924,71.58420230020234
STU_011925,41.36483409825705
STU_011926,72.71447249935014
STU_011927,71.92212418245319
STU_011928,71.74765145678295
STU_011929,79.94517390289816
STU_011930,85.22806697470382
STU_011931,89.5287419131632
STU_011932,66.38233004909709
STU_011933,54.39812162014037
STU_011934,86.77881436257829
STU_011935,57.567799739860575
STU_011936,92.70552667301097
STU_011937,68.52912499256023
STU_011938,54.341663848000366
STU_011939,94.31050131618723
STU_011940,80.2391587416235
STU_011941,81.71093876780509
STU_011942,92.4637606759773
STU_011943,72.87526584785765
STU_011944,66.39510302269308
STU_011945,75.95049176713624
STU_011946,98.93161426595128
STU_011947,84.9218601756884
STU_011948,60.22600821842828
STU_011949,80.69660288436441
STU_011950,74.95355303716957
STU_011951,94.96871161464999
STU_011952,66.54185475194956
STU_011953,56.53350095427878
STU_011954,92.0626664982929
STU_011955,60.01244292249388
STU_011956,94.20645568299325
STU_011957,60.344718783898806
STU_011958,96.57045261569364
STU_011959,77.65155110060313
STU_011960,89.62469223125632
STU_011961,94.35272733481557
STU_011962,76.5250260179941
STU_011963,92.2205570387514
STU_011964,72.34014054329427
STU_011965,76.06764281074791
STU_011966,94.88694547608253
STU_011967,54.06162524104795
STU_011968,89.82135032124172
STU_011969,55.92920705425059
STU_011970,81.10397835191999
STU_011971,51.66200684301273
STU_011972,89.59534865699993
STU_011973,66.84670561307401
STU_011974,97.05210837412214
STU_011975,73.49291361565403
STU_011976,67.43672201418443
STU_011977,83.05926886565487
STU_011978,65.42301269575913
STU_011979,76.14971172333043
STU_011980,79.05279836222353
STU_011981,79.92752968784627
STU_011982,97.8786276483244
STU_011983,68.73805035988416
STU_011984,82.23985878064804
STU_011985,80.830223060487
STU_011986,71.54218553805985
STU_011987,60.35684295302201
STU_011988,80.97364228342218
STU_011989,75.20186676084778
STU_011990,94.15501291021585
STU_011991,62.481463344780806
STU_011992,43.665205529689196
STU_011993,75.72297523727997
STU_011994,63.59830315411213
STU_011995,75.91721120161256
STU_011996,69.88414036528006
STU_011997,89.54259806182648
STU_011998,93.01852272569758
STU_011999,99.0786340741029
STU_012000,89.58709122754068
STU_012001,89.29716355599612
STU_012002,73.23552080680552
STU_012003,78.2511275042546
STU_012004,69.43494801351048
STU_012005,77.1213166744557
STU_012006,93.26381538891835
STU_012007,62.27391023765415
STU_012008,75.56015288895671
STU_012009,71.3335793278006
STU_012010,41.63958312894941
STU_012011,60.88744035839706
STU_012012,74.16546515537858
STU_012013,69.12038992124127
STU_012014,53.584288381283976
STU_012015,65.93876450625079
STU_012016,50.38261183979803
STU_012017,77.0495842848272
STU_012018,88.84089146092363
STU_012019,97.04913363080313
STU_012020,57.3600320131027
STU_012021,67.34949485601626
STU_012022,74.04268460304547
STU_012023,75.88389964176322
STU_012024,96.61682265671709
STU_012025,88.20708769027276
STU_012026,63.44063925358891
STU_012027,91.77659250843801
STU_012028,95.2988111351225
STU_012029,61.268584725244466
STU_012030,87.66003985531113
STU_012031,93.38220130356623
STU_012032,65.09609705405488
STU_012033,68.66275607494721
STU_012034,96.54188869608755
STU_012035,68.01159966184979
STU_012036,70.27143927844341
STU_012037,82.01898764079978
STU_012038,62.74524632317187
STU_012039,69.06064446911603
STU_012040,96.83516304036888
STU_012041,72.27623424739986
STU_012042,90.34317304962325
STU_012043,71.40769269526348
STU_012044,77.81171669075955
STU_012045,52.63327880330981
STU_012046,86.41906841619266
STU_012047,96.9429417507942
STU_012048,56.37089918636238
STU_012049,77.22436878302025
STU_012050,78.1386813443048
STU_012051,37.64847135885462
STU_012052,85.61477395477853
STU_012053,83.23230999957103
STU_012054,71.39444967067868
STU_012055,77.72989718539726
STU_012056,95.94874568635473
STU_012057,90.12165569321573
STU_012058,63.35318658498889
STU_012059,58.15316959636254
STU_012060,73.06192405497805
STU_012061,62.16821692317298
STU_012062,91.83928411201353
STU_012063,55.88822881088892
STU_012064,61.92842754745624
STU_012065,87.65411684765114
STU_012066,78.28328151145276
STU_012067,80.27371564886985
STU_012068,65.52238724283946
STU_012069,66.17139766553112
STU_012070,89.08148216194539
STU_012071,75.52332220142361
STU_012072,72.58121142571295
STU_012073,90.64966880990124
STU_012074,85.41481989035591
STU_012075,50.048989812153756
STU_012076,66.89680359226645
STU_012077,65.79572105166918
STU_012078,70.42928851629229
STU_012079,79.24549968826805
STU_012080,73.22872464742954
STU_012081,50.30735452819348
STU_012082,91.8376731252817
STU_012083,69.37887555213575
STU_012084,76.42437893992377
STU_012085,97.4293808904232
STU_012086,80.54426067765202
STU_012087,78.49394312753091
STU_012088,75.5054043489396
STU_012089,74.8768311272421
STU_012090,95.70709894875745
STU_012091,85.53944842670943
STU_012092,78.49057854884181
STU_012093,74.22798981064349
STU_012094,82.17939028491055
STU_012095,61.08113622513741
STU_012096,78.3148085071523
STU_012097,79.49607181004377
STU_012098,62.58370762440444
STU_012099,76.9865486974814
STU_012100,88.46854618638234
STU_012101,95.11834058809339
STU_012102,65.84000481483257
STU_012103,77.31634232083547
STU_012104,58.01297907904082
STU_012105,83.25625030155126
STU_012106,90.56757927552448
STU_012107,78.61501734030836
STU_012108,89.29637777953369
STU_012109,71.86796671935241
STU_012110,71.05502696249386
STU_012111,49.52967826033512
STU_012112,81.66478413377436
STU_012113,94.19969622811246
STU_012114,66.20149240677108
STU_012115,71.70625440948419
STU_012116,74.21079923848855
STU_012117,94.14093633319371
STU_012118,66.3344266492031
STU_012119,93.72633865596202
STU_012120,62.46008042594195
STU_012121,72.21802386580755
STU_012122,67.3849849112021
STU_012123,82.05352906958683
STU_012124,67.7216924067659
STU_012125,77.80418222663893
STU_012126,73.43653869562321
STU_012127,74.1728606564058
STU_012128,75.2981896589573
STU_012129,74.38257275712466
STU_012130,66.06695348787775
STU_012131,48.91775239585577
STU_012132,81.35567466064981
STU_012133,79.35214726886615
STU_012134,62.39822058645474
STU_012135,65.67293736192
STU_012136,55.16868181216918
STU_012137,67.28268949740529
STU_012138,58.49390657024122
STU_012139,67.28698259420412
STU_012140,76.20041721431619
STU_012141,63.68768702404206
STU_012142,78.92550408252801
STU_012143,99.33188580276826
STU_012144,84.42630710719405
STU_012145,77.1298089621705
STU_012146,78.67592963150085
STU_012147,65.69043086925495
STU_012148,74.91164516039358
STU_012149,81.51319321550551
STU_012150,78.58391132621364
STU_012151,79.49059506934603
STU_012152,54.70544989818782
STU_012153,70.29054427841693
STU_012154,81.82083589474546
STU_012155,62.09043706332832
STU_012156,72.32486121231797
STU_012157,79.04152055604449
STU_012158,85.62522005234746
STU_012159,83.15772267108497
STU_012160,94.2176608939031
STU_012161,95.503578836939
STU_012162,83.7344309554357
STU_012163,99.00441561597691
STU_012164,42.710148566978496
STU_012165,71.80299919840233
STU_012166,64.51117715451058
STU_012167,93.49454716351306
STU_012168,54.34299376129162
STU_012169,60.001520418386434
STU_012170,65.98597186848146
STU_012171,79.5821221958957
STU_012172,94.52279821945314
STU_012173,95.35951804789639
STU_012174,80.91160320785718
STU_012175,86.49156694586667
STU_012176,70.40598702914562
STU_012177,72.78564046710238
STU_012178,86.7951682699862
STU_012179,72.18590433211953
STU_012180,81.33578881622624
STU_012181,95.41660310815101
STU_012182,74.56160625834119
STU_012183,92.54956964957987
STU_012184,72.24563994409263
STU_012185,73.16806766941849
STU_012186,91.16973998288444
STU_012187,47.582588099770526
STU_012188,65.24031724872945
STU_012189,60.274412704877236
STU_012190,91.19669505571335
STU_012191,75.78538165503164
STU_012192,71.22202957424167
STU_012193,65.26903995940388
STU_012194,80.60741257489757
STU_012195,71.21338364729633
STU_012196,47.10372782522705
STU_012197,90.73446616364853
STU_012198,68.69472023675671
STU_012199,83.42022833387199
STU_012200,55.473590497572474
STU_012201,70.0317812601738
STU_012202,84.41869277975377
STU_012203,87.55589168721755
STU_012204,70.77329841493659
STU_012205,73.18576547471037
STU_012206,86.41640357039317
STU_012207,91.87190354854393
STU_012208,75.90014905504302
STU_012209,56.27346662809903
STU_012210,77.01298796920005
STU_012211,78.25610954857864
STU_012212,72.23690325688145
STU_012213,86.51479580957914
STU_012214,65.7557639684478
STU_012215,62.814959235428844
STU_012216,88.426671087672
STU_012217,94.0350043250601
STU_012218,99.70626578371647
STU_012219,69.19198897726518
STU_012220,61.00680774968609
STU_012221,80.28052037849363
STU_012222,67.5386350263037
STU_012223,64.08674076831021
STU_012224,68.49376848294119
STU_012225,93.54235094268833
STU_012226,72.1404580396177
STU_012227,72.41144993388407
STU_012228,65.10447867082507
STU_012229,83.88142019216656
STU_012230,86.46715890778749
STU_012231,63.23655758846637
STU_012232,79.46026181671134
STU_012233,82.02377852836356
STU_012234,63.7768743143062
STU_012235,69.49775149844709
STU_012236,99.60087708743643
STU_012237,69.54137995157603
STU_012238,63.81939438877352
STU_012239,72.11173558558013
STU_012240,71.69466318205453
STU_012241,91.53180402680171
STU_012242,75.11795441526644
STU_012243,50.560392023507596
STU_012244,58.600796735756745
STU_012245,76.59131878702601
STU_012246,62.38753734095246
STU_012247,56.09034308770816
STU_012248,92.55872570013968
STU_012249,84.93575112341404
STU_012250,88.24163456567335
STU_012251,70.67408590864734
STU_012252,64.29516558242867
STU_012253,56.304067151417115
STU_012254,48.3032698232179
STU_012255,80.84950645815744
STU_012256,68.71368182856601
STU_012257,84.15480472824063
STU_012258,72.89614890031709
STU_012259,78.97922342080358
STU_012260,84.92262080770168
STU_012261,86.5835051665067
STU_012262,82.90760168687031
STU_012263,67.25206754128911
STU_012264,61.975162612931875
STU_012265,65.56927653066285
STU_012266,97.52743984653895
STU_012267,92.35992627916252
STU_012268,50.11205999761552
STU_012269,82.58338721661275
STU_012270,68.56979091617742
STU_012271,74.40628536654617
STU_012272,73.76580493729062
STU_012273,69.72231041719995
STU_012274,63.2473750142136
STU_012275,93.50022572352313
STU_012276,71.68930084459615
STU_012277,75.2709616258914
STU_012278,67.22473019423023
STU_012279,75.47082299255744
STU_012280,72.66302189998875
STU_012281,54.83258538609546
STU_012282,94.61209826242569
STU_012283,91.63050530014208
STU_012284,66.11785679000343
STU_012285,75.70531920289994
STU_012286,76.33038319335222
STU_012287,96.42890650011745
STU_012288,78.99505574204593
STU_012289,91.94147486680778
STU_012290,82.34617294843918
STU_012291,65.40602089043045
STU_012292,77.35128688026865
STU_012293,68.88155815636858
STU_012294,88.19874159425366
STU_012295,76.93716573071411
STU_012296,77.0946512343292
STU_012297,74.91633178735968
STU_012298,69.22192457374155
STU_012299,89.9315848769774
STU_012300,55.419521080185106
STU_012301,87.06285894658585
STU_012302,79.18583386408608
STU_012303,61.98996229570773
STU_012304,48.90688360249274
STU_012305,98.06578294551055
STU_012306,68.4232326023523
STU_012307,69.06214165061668
STU_012308,86.19446486932985
STU_012309,68.84195159428398
STU_012310,73.12738853876284
STU_012311,78.49515155178482
STU_012312,56.33424261554089
STU_012313,72.43678200676267
STU_012314,98.49712560192853
STU_012315,88.31790876444185
STU_012316,75.0273736567517
STU_012317,99.18562096034375
STU_012318,82.94765429335861
STU_012319,78.38501310185681
STU_012320,60.9939527479752
STU_012321,63.912915227260584
STU_012322,91.20912494402864
STU_012323,60.321473765337245
STU_012324,88.71914079300967
STU_012325,65.7800366548692
STU_012326,74.46613815841569
STU_012327,60.400991173405416
STU_012328,62.59658814540378
STU_012329,97.29746403626712
STU_012330,89.27970034866405
STU_012331,85.73456067134016
STU_012332,68.30725370954471
STU_012333,85.85875291688885
STU_012334,73.56721224387081
STU_012335,68.04200793604448
STU_012336,94.17877441221908
STU_012337,92.82330288888443
STU_012338,64.44160156105363
STU_012339,85.17697793577288
STU_012340,63.57573849650569
STU_012341,55.83252929058817
STU_012342,92.3267689962905
STU_012343,88.24106629782496
STU_012344,60.74759296392213
STU_012345,66.97821637123567
STU_012346,71.7604755653256
STU_012347,95.50221863393881
STU_012348,78.77078474277019
STU_012349,67.39646081994928
STU_012350,80.83608752175641
STU_012351,87.20666192991251
STU_012352,84.7474484919411
STU_012353,94.9010964396231
STU_012354,57.71969487304335
STU_012355,86.58745592492723
STU_012356,83.24847077553328
STU_012357,70.95889264556295
STU_012358,98.02268339434974
STU_012359,85.74716454929312
STU_012360,74.11484699351521
STU_012361,63.60233498359141
STU_012362,81.52153234498074
STU_012363,76.89878695370916
STU_012364,83.2600093009149
STU_012365,62.50898052827665
STU_012366,84.98675231465704
STU_012367,76.00041011825832
STU_012368,61.26966567520823
STU_012369,74.80489031373158
STU_012370,99.894608327763
STU_012371,74.81181951678076
STU_012372,87.3971410508915
STU_012373,72.73092917233483
STU_012374,71.67961443968719
STU_012375,62.21002885220371
STU_012376,81.1369493030877
STU_012377,86.66680294361647
STU_012378,72.10168148753344
STU_012379,72.15032204430246
STU_012380,95.61313531674108
STU_012381,99.62856764523235
STU_012382,65.97980905220015
STU_012383,82.35647045518917
STU_012384,98.88479674674551
STU_012385,91.30812687799744
STU_012386,80.91806815863974
STU_012387,83.14497168262406
STU_012388,82.05199523975614
STU_012389,98.54274098869466
STU_012390,72.87072238912938
STU_012391,51.63910114095492
STU_012392,80.51430909439338
STU_012393,65.24910890761556
STU_012394,68.90587267026886
STU_012395,83.87804516173799
STU_012396,82.23626057038334
STU_012397,72.26521372261294
STU_012398,83.43043130616714
STU_012399,75.85989164224381
STU_012400,78.89655112331212
STU_012401,90.26704894801665
STU_012402,99.89444304860716
STU_012403,45.76819025424486
STU_012404,74.65815168772463
STU_012405,62.32100248261223
STU_012406,64.23467535394413
STU_012407,94.58585388785454
STU_012408,83.39569684713668
STU_012409,66.9923199002526
STU_012410,42.49826891266762
STU_012411,91.77694739167517
STU_012412,72.4975339130182
STU_012413,56.355080086761845
STU_012414,97.68472366700259
STU_012415,88.6418634444925
STU_012416,91.70979172685956
STU_012417,57.17174751779429
STU_012418,86.47564514605935
STU_012419,70.17840745736245
STU_012420,54.4235663099589
STU_012421,70.22736073294963
STU_012422,84.11369758953788
STU_012423,81.37436824462371
STU_012424,85.0551210505751
STU_012425,53.23565740488778
STU_012426,83.09013393932555
STU_012427,64.97570046483227
STU_012428,87.6498383706307
STU_012429,57.010507262724026
STU_012430,72.33396706932216
STU_012431,69.51543859143935
STU_012432,60.081084584048476
STU_012433,55.339513673053055
STU_012434,90.35943672173818
STU_012435,66.19835546031052
STU_012436,70.05348700272435
STU_012437,89.7334490603178
STU_012438,55.36601298799751
STU_012439,77.70259723032981
STU_012440,73.89830151415795
STU_012441,94.29901890619044
STU_012442,99.61136857229619
STU_012443,62.65967627225904
STU_012444,88.30615503899249
STU_012445,69.16232708248458
STU_012446,86.27583108160938
STU_012447,92.66821504662431
STU_012448,72.92589045404176
STU_012449,81.28946703549296
STU_012450,70.28632876708426
STU_012451,84.45996554255635
STU_012452,80.69913576062491
STU_012453,97.59393277605209
STU_012454,87.21687200122994
STU_012455,74.49134347858976
STU_012456,93.31260397893027
STU_012457,66.8868250932934
STU_012458,82.5923121338194
STU_012459,58.70904470399056
STU_012460,83.6154715754836
STU_012461,72.58945958878877
STU_012462,69.45591132389023
STU_012463,83.01840271694023
STU_012464,75.61314789593422
STU_012465,74.11502030886199
STU_012466,65.9304729211579
STU_012467,73.83106017350777
STU_012468,85.09570743560936
STU_012469,89.00522867657683
STU_012470,52.60206102800289
STU_012471,52.40978403148081
STU_012472,98.02383021209363
STU_012473,73.84868635219081
STU_012474,63.95186877420143
STU_012475,68.13433327960738
STU_012476,46.912624523427084
STU_012477,99.16505930284995
STU_012478,73.54352235778276
STU_012479,63.16535000456206
STU_012480,77.07509840412868
STU_012481,89.70868145745672
STU_012482,69.65493933322664
STU_012483,61.95040860332371
STU_012484,67.48523779786748
STU_012485,76.98822334073537
STU_012486,75.63989104682153
STU_012487,65.53221355529645
STU_012488,74.33315161644506
STU_012489,80.4385990576028
STU_012490,93.59760211427862
STU_012491,60.9032024870548
STU_012492,61.63010955279485
STU_012493,59.38184381529792
STU_012494,72.46456786936942
STU_012495,74.87684534525518
STU_012496,79.56306743970042
STU_012497,89.93351815741667
STU_012498,68.89661926630977
STU_012499,74.17736925775205
STU_012500,83.32675576018492
STU_012501,94.71982271965958
STU_012502,83.46719640843835
STU_012503,84.4440435427813
STU_012504,75.08566245211497
STU_012505,82.33699777748615
STU_012506,67.13749881204099
STU_012507,84.65735796903168
STU_012508,67.24220592426545
STU_012509,84.32729739001968
STU_012510,73.85378895106541
STU_012511,76.0394794516056
STU_012512,80.25464921124616
STU_012513,70.9882847124081
STU_012514,99.8408296910128
STU_012515,90.51147140822857
STU_012516,82.02048801251638
STU_012517,99.66647245096758
STU_012518,55.438063025094586
STU_012519,74.7459768180481
STU_012520,70.9547714982277
STU_012521,94.51945941781395
STU_012522,97.98398418513139
STU_012523,81.2302247036484
STU_012524,98.14913031812632
STU_012525,93.06178155000468
STU_012526,97.8681954006271
STU_012527,89.69460926221174
STU_012528,62.258383978483906
STU_012529,97.72618714377421
STU_012530,76.73164550114804
STU_012531,76.41219093403423
STU_012532,69.26629326616671
STU_012533,86.115022840383
STU_012534,56.476929125871976
STU_012535,84.08645639615074
STU_012536,69.95578887342072
STU_012537,50.86987264152487
STU_012538,63.1499512469516
STU_012539,88.58616178268696
STU_012540,70.64997466312643
STU_012541,99.6324611148379
STU_012542,99.1434786591333
STU_012543,72.61278443753396
STU_012544,80.45074617701204
STU_012545,68.1019214649232
STU_012546,75.8615586905085
STU_012547,99.82280057718863
STU_012548,48.55870383000509
STU_012549,73.79817254735256
STU_012550,93.45013372505866
STU_012551,94.1898142741853
STU_012552,73.72246102262869
STU_012553,80.81305114049641
STU_012554,65.27035869790922
STU_012555,50.210125774955664
STU_012556,60.72836509342337
STU_012557,80.327766029186
STU_012558,66.30623409348411
STU_012559,92.57740086689898
STU_012560,70.3486300229297
STU_012561,58.12726182206854
STU_012562,66.29298026886919
STU_012563,82.13059999023902
STU_012564,90.18091253736009
STU_012565,99.72244732133925
STU_012566,76.11344262968385
STU_012567,64.02441886299248
STU_012568,98.73056037189782
STU_012569,65.13767867844422
STU_012570,51.98498510666132
STU_012571,54.50701625835036
STU_012572,51.948372013596426
STU_012573,76.42420675626875
STU_012574,62.92003977972601
STU_012575,67.93391745779257
STU_012576,75.65912917842529
STU_012577,99.46531116075357
STU_012578,50.68678625207927
STU_012579,78.20972436063977
STU_012580,72.33039878767637
STU_012581,64.52276569248743
STU_012582,71.74894446867587
STU_012583,63.57337125168502
STU_012584,60.747377422702726
STU_012585,71.53900333973478
STU_012586,71.34620331867247
STU_012587,71.90510047167751
STU_012588,66.73727498496352
STU_012589,47.64241249531141
STU_012590,67.11193633680247
STU_012591,70.37219768656686
STU_012592,97.86403875807275
STU_012593,97.1947080432977
STU_012594,47.42813000417699
STU_012595,60.88522061803256
STU_012596,81.37986903839983
STU_012597,70.76808494683624
STU_012598,69.35820995263357
STU_012599,70.68865897790974
STU_012600,69.91879813178326
STU_012601,73.66318823513858
STU_012602,65.24505291846563
STU_012603,92.8503687534367
STU_012604,78.349995345209
STU_012605,75.58382259821062
STU_012606,70.04051663732112
STU_012607,58.923062209337886
STU_012608,82.05547145444918
STU_012609,62.66885927124519
STU_012610,74.67493232110802
STU_012611,70.6694077092639
STU_012612,63.029339482901676
STU_012613,94.6932780201545
STU_012614,73.05445796470715
STU_012615,75.8253189998857
STU_012616,82.3220332811604
STU_012617,58.54635178156545
STU_012618,89.06591746933591
STU_012619,80.8993396902614
STU_012620,75.34144849119016
STU_012621,90.41307461625465
STU_012622,89.89547591601553
STU_012623,90.99481755012125
STU_012624,83.20235721203368
STU_012625,88.88676085892747
STU_012626,91.36308290183297
STU_012627,85.35036454332007
STU_012628,73.92159458419158
STU_012629,81.47739919478938
STU_012630,71.71639452243784
STU_012631,68.45090902545681
STU_012632,65.19930206087048
STU_012633,79.31562309955537
STU_012634,90.78422513001833
STU_012635,79.26478391944914
STU_012636,73.14661229170942
STU_012637,80.00813111149026
STU_012638,84.40943140831075
STU_012639,94.50742382532877
STU_012640,81.99242157950987
STU_012641,67.1158065025742
STU_012642,64.67091348968415
STU_012643,79.6956084826264
STU_012644,80.79841695921243
STU_012645,55.23762393726386
STU_012646,91.82120001515422
STU_012647,81.31794695293833
STU_012648,68.5774947298472
STU_012649,78.70656990990655
STU_012650,82.05645105695862
STU_012651,78.13885725149949
STU_012652,99.20297927712107
STU_012653,90.65905567301056
STU_012654,81.55223845301227
STU_012655,72.33583951581184
STU_012656,80.11011291150143
STU_012657,97.62635789836176
STU_012658,89.24842442009879
STU_012659,83.0636391457619
STU_012660,76.14729084492514
STU_012661,92.00439704532438
STU_012662,95.49804797230681
STU_012663,68.18334816558792
STU_012664,52.28509493501215
STU_012665,90.20462736038269
STU_012666,60.46955289305126
STU_012667,80.93338409761209
STU_012668,74.30122905330904
STU_012669,62.731557251154044
STU_012670,61.359040615094266
STU_012671,69.80127935328156
STU_012672,62.26899518448215
STU_012673,57.5517930259513
STU_012674,63.44478297730652
STU_012675,72.04335197204313
STU_012676,96.02084995567982
STU_012677,60.05467612501364
STU_012678,70.28096825909932
STU_012679,76.54315752957105
STU_012680,74.45130587733902
STU_012681,72.68791901299221
STU_012682,86.75792085767849
STU_012683,79.54235324105817
STU_012684,84.62150174798396
STU_012685,95.46529272518221
STU_012686,68.64658633388893
STU_012687,80.65142401202789
STU_012688,83.02611979680273
STU_012689,69.60613158016963
STU_012690,63.083598197671016
STU_012691,80.60044993226396
STU_012692,79.63896339273501
STU_012693,85.33546682814165
STU_012694,61.20812012978386
STU_012695,70.52858765742297
STU_012696,62.12192385317876
STU_012697,80.12365986638383
STU_012698,63.83016834991936
STU_012699,76.81934680826929
STU_012700,68.06572199631685
STU_012701,99.71371436848747
STU_012702,74.87752952542577
STU_012703,68.04252980518726
STU_012704,70.59430291372044
STU_012705,62.252480041225056
STU_012706,73.56679657843173
STU_012707,98.39912894050508
STU_012708,55.40002253402231
STU_012709,64.6386463844689
STU_012710,95.4875407830806
STU_012711,67.79792589537315
STU_012712,66.88735617447406
STU_012713,64.68885661882204
STU_012714,87.76978242168391
STU_012715,69.46880083665579
STU_012716,78.90359381888604
STU_012717,66.75771035266857
STU_012718,85.31666583914037
STU_012719,61.332671987569604
STU_012720,81.42688775140101
STU_012721,75.7937771088133
STU_012722,47.60677656502662
STU_012723,80.35035268092865
STU_012724,90.78727379838583
STU_012725,61.36070271592028
STU_012726,55.20778774020276
STU_012727,63.05607927897378
STU_012728,87.60164537194952
STU_012729,64.84118118718115
STU_012730,83.97346700477763
STU_012731,99.43063727576109
STU_012732,80.78441637116062
STU_012733,53.69797204588127
STU_012734,83.30912418587124
STU_012735,62.56430709756377
STU_012736,99.95081377915257
STU_012737,73.89896505886632
STU_012738,77.67045132219718
STU_012739,80.95956141339276
STU_012740,89.40882594623
STU_012741,49.55035747129492
STU_012742,66.67875874417767
STU_012743,77.72285333195858
STU_012744,80.11049479463063
STU_012745,62.04086669971849
STU_012746,82.97474803536338
STU_012747,62.7666200474019
STU_012748,93.38620684020182
STU_012749,84.31175440181967
STU_012750,68.76768317403668
STU_012751,52.20537654300732
STU_012752,72.85917755994582
STU_012753,70.64051292889326
STU_012754,59.60312294299167
STU_012755,89.00360971827553
STU_012756,62.59984494043429
STU_012757,48.0258136074618
STU_012758,87.9284093166636
STU_012759,60.0999317647631
STU_012760,77.03797873555976
STU_012761,59.84231353132799
STU_012762,87.07372349957205
STU_012763,97.19244891118682
STU_012764,96.90350813677472
STU_012765,87.86126155207381
STU_012766,62.349069825530265
STU_012767,95.54024890007915
STU_012768,87.53484556226269
STU_012769,76.5107354487006
STU_012770,53.05789948613726
STU_012771,53.90937706547977
STU_012772,99.30305694850041
STU_012773,61.63983003711541
STU_012774,75.1194299036795
STU_012775,64.08928957567963
STU_012776,79.5717378398711
STU_012777,47.67706757558599
STU_012778,70.9734988920819
STU_012779,73.91379083222745
STU_012780,71.92724536371804
STU_012781,83.78434385845912
STU_012782,53.25100343537217
STU_012783,99.1440108676409
STU_012784,53.993050670213805
STU_012785,73.65700662114212
STU_012786,50.51485320379642
STU_012787,64.75345265505175
STU_012788,91.63133864135136
STU_012789,76.99987460277194
STU_012790,99.21746601079715
STU_012791,82.93916518330828
STU_012792,69.5516408909589
STU_012793,88.65119900053442
STU_012794,74.54314738872212
STU_012795,94.73689859146076
STU_012796,67.15943978151202
STU_012797,60.245333677505464
STU_012798,98.45555504277687
STU_012799,86.34120048839947
STU_012800,50.16248663276231
STU_012801,66.36650161484523
STU_012802,71.5492654498381
STU_012803,91.36012863817837
STU_012804,60.72440430793707
STU_012805,73.58609193703111
STU_012806,78.52099109283239
STU_012807,65.61742925971592
STU_012808,81.32255838241348
STU_012809,83.96616979344712
STU_012810,85.48747665982795
STU_012811,76.62613285433915
STU_012812,68.34802568111675
STU_012813,80.25097354075066
STU_012814,64.28384533793246
STU_012815,68.62153074615372
STU_012816,80.22768170585475
STU_012817,68.85842784909761
STU_012818,90.2126974591967
STU_012819,52.67662937642616
STU_012820,86.84386314215297
STU_012821,74.00519395035356
STU_012822,87.45211142998798
STU_012823,78.44843811770583
STU_012824,79.28745315670741
STU_012825,57.769087769670776
STU_012826,84.71395862981782
STU_012827,59.156418887465975
STU_012828,90.90593303530702
STU_012829,69.11791037077505
STU_012830,76.87557208922743
STU_012831,65.48387353000902
STU_012832,95.73630214840834
STU_012833,88.44647721822773
STU_012834,72.35360764927918
STU_012835,70.42619600467376
STU_012836,80.38709745581315
STU_012837,63.65487752940807
STU_012838,62.48835026035812
STU_012839,64.51756159518496
STU_012840,88.95661639377441
STU_012841,71.64616719401481
STU_012842,74.34683112782756
STU_012843,82.6356043326119
STU_012844,76.47416461219713
STU_012845,62.3260756024776
STU_012846,73.49806589036979
STU_012847,75.45660595341695
STU_012848,74.28450831079695
STU_012849,86.81270708250757
STU_012850,78.37764775861785
STU_012851,84.17277446843185
STU_012852,90.760504531673
STU_012853,62.074702006032254
STU_012854,87.21350966373029
STU_012855,81.15365417408191
STU_012856,68.70298463050747
STU_012857,98.73659109668847
STU_012858,85.54956917471549
STU_012859,64.17782200652996
STU_012860,84.3026808996183
STU_012861,66.42734640719007
STU_012862,77.37628830089136
STU_012863,95.38014930901252
STU_012864,78.83271752063294
STU_012865,66.27190944327968
STU_012866,76.07427817332342
STU_012867,90.18907823370603
STU_012868,83.08403087772312
STU_012869,64.47346047646015
STU_012870,84.48091845443038
STU_012871,87.89873720203967
STU_012872,89.09689222968025
STU_012873,60.910053247442114
STU_012874,76.3893145231823
STU_012875,70.92839778598808
STU_012876,49.526336173824845
STU_012877,78.88349066931441
STU_012878,98.63699366008544
STU_012879,77.30112866883603
STU_012880,84.18842200870588
STU_012881,98.10122565030267
STU_012882,89.41142965182237
STU_012883,63.36443311638414
STU_012884,78.79170192848062
STU_012885,77.17138216582335
STU_012886,55.63594907729344
STU_012887,74.85315445422027
STU_012888,70.48086785117738
STU_012889,67.87460306759792
STU_012890,68.5057959048649
STU_012891,71.43284836841659
STU_012892,73.22312182375964
STU_012893,85.79811777999109
STU_012894,72.28062458522724
STU_012895,96.00006924227358
STU_012896,75.00049781714473
STU_012897,74.3082067218887
STU_012898,92.90513881855001
STU_012899,81.58326686345205
STU_012900,78.61771046192924
STU_012901,70.77121647579071
STU_012902,88.58943112229159
STU_012903,64.65271305069095
STU_012904,84.10555566631626
STU_012905,60.36781806179737
STU_012906,98.4596754337776
STU_012907,50.051000028482264
STU_012908,89.9456719923857
STU_012909,66.35288550401305
STU_012910,34.28643606120158
STU_012911,82.35504881149204
STU_012912,52.271512947510395
STU_012913,60.84934487764764
STU_012914,73.74499598499501
STU_012915,55.89602949172236
STU_012916,65.23223360517387
STU_012917,95.85689227941694
STU_012918,55.78153203737754
STU_012919,96.54778226159007
STU_012920,78.54251217995748
STU_012921,57.24193220024371
STU_012922,74.48661655274245
STU_012923,63.84539563200616
STU_012924,74.3199937217799
STU_012925,74.6231586730749
STU_012926,62.15223402957325
STU_012927,87.2547400741374
STU_012928,62.3387910819078
STU_012929,62.34997181674903
STU_012930,70.3458663342897
STU_012931,89.38093742310372
STU_012932,62.82971605644903
STU_012933,69.55056388848416
STU_012934,70.45115587842551
STU_012935,65.65061749125368
STU_012936,66.55663045603451
STU_012937,73.3650507348565
STU_012938,93.57575104057135
STU_012939,48.763282522050474
STU_012940,68.42415406895522
STU_012941,52.3701319288128
STU_012942,72.33030344071581
STU_012943,73.19410902567394
STU_012944,79.36778816977319
STU_012945,90.77533072954631
STU_012946,52.82726229951467
STU_012947,74.52813232218021
STU_012948,86.84943699691252
STU_012949,98.63109703488487
STU_012950,77.80681825523378
STU_012951,87.89438173252367
STU_012952,73.13612367826782
STU_012953,81.5933506790173
STU_012954,80.69762113043278
STU_012955,88.21949575139271
STU_012956,73.10244002106846
STU_012957,66.55646394838783
STU_012958,75.72316351188203
STU_012959,80.861924902681
STU_012960,79.1628234864038
STU_012961,80.19191621642697
STU_012962,55.850054013190515
STU_012963,67.07313089097794
STU_012964,90.30088865342105
STU_012965,75.61445591735364
STU_012966,73.69838305745088
STU_012967,71.52006644342646
STU_012968,75.37246376591492
STU_012969,75.78693968631335
STU_012970,54.726627795895496
STU_012971,77.2535640064062
STU_012972,79.40774504023523
STU_012973,54.29388569670087
STU_012974,59.09289524378602
STU_012975,54.98672097974453
STU_012976,84.65817434165888
STU_012977,77.67477402603615
STU_012978,91.67737860929557
STU_012979,66.59062603166713
STU_012980,70.93825220402312
STU_012981,90.22127609138498
STU_012982,68.27894410347477
STU_012983,98.42852390660325
STU_012984,53.85130178066824
STU_012985,64.78349378282005
STU_012986,63.900988758829996
STU_012987,51.81295780856895
STU_012988,87.6426226292436
STU_012989,98.08905339702191
STU_012990,61.762537282978684
STU_012991,71.49415741227942
STU_012992,52.173133784706245
STU_012993,99.7903823305796
STU_012994,81.91939123202229
STU_012995,65.56382682189114
STU_012996,58.01281312926906
STU_012997,86.30447765204568
STU_012998,79.0582858364219
STU_012999,90.19621640595108
STU_013000,91.58377448915196
STU_013001,99.3636557709842
STU_013002,87.40538051929225
STU_013003,75.90223618794013
STU_013004,90.01029042613045
STU_013005,73.78338162663907
STU_013006,80.83524905479507
STU_013007,77.4070519307091
STU_013008,85.99542185891734
STU_013009,87.46577339735612
STU_013010,76.22480866772966
STU_013011,53.30236118612233
STU_013012,57.828638436523704
STU_013013,91.26503499702983
STU_013014,89.38285993833138
STU_013015,81.42880988632317
STU_013016,60.89776819427081
STU_013017,92.30647049664933
STU_013018,79.60666440016684
STU_013019,87.84704962079978
STU_013020,54.419382867016296
STU_013021,70.61312769811614
STU_013022,98.52682778447921
STU_013023,79.16484445521101
STU_013024,90.40033984713997
STU_013025,70.40841466623405
STU_013026,68.37524634038245
STU_013027,71.90873936733882
STU_013028,83.67737725068774
STU_013029,73.92561881923336
STU_013030,77.58845847241419
STU_013031,67.18388648106537
STU_013032,99.7591269000077
STU_013033,67.83701299273997
STU_013034,98.75287657934366
STU_013035,92.42442027761959
STU_013036,58.81721269791224
STU_013037,89.10999233222577
STU_013038,78.29183087330455
STU_013039,85.48913505660089
STU_013040,99.15900685627386
STU_013041,80.60645375982472
STU_013042,59.46651425419778
STU_013043,95.56703485129609
STU_013044,67.74906923138255
STU_013045,88.56007829044793
STU_013046,62.56444564745823
STU_013047,68.2933630220136
STU_013048,93.23139148437068
STU_013049,83.67884902598931
STU_013050,84.97986774536595
STU_013051,92.3033996728039
STU_013052,65.64004625373525
STU_013053,71.70061665058574
STU_013054,65.63987846478392
STU_013055,86.71331596871524
STU_013056,79.9461222812779
STU_013057,52.95100491444549
STU_013058,59.91718706278182
STU_013059,91.37595820604176
STU_013060,62.11554056789512
STU_013061,56.59970640529793
STU_013062,99.6144924692955
STU_013063,82.68329817754659
STU_013064,63.159830770410906
STU_013065,49.48603575319993
STU_013066,99.9184354841873
STU_013067,77.6630610129897
STU_013068,89.39618352683623
STU_013069,97.72341201505465
STU_013070,62.876881634301625
STU_013071,83.04228547478236
STU_013072,88.36128140279489
STU_013073,71.98012475768336
STU_013074,73.75859798034963
STU_013075,49.56682792370805
STU_013076,79.50070895907074
STU_013077,91.1689634215643
STU_013078,72.0589482069987
STU_013079,85.71462406418249
STU_013080,73.42488290077398
STU_013081,77.6539023628587
STU_013082,58.347165379351665
STU_013083,62.69265232770185
STU_013084,69.27976619063364
STU_013085,78.27539086296777
STU_013086,78.87984208728929
STU_013087,67.05948460366096
STU_013088,79.63352633626414
STU_013089,64.45705565859453
STU_013090,99.155826488434
STU_013091,61.1455411414524
STU_013092,65.1745557137356
STU_013093,83.391922216719
STU_013094,91.5628349374465
STU_013095,73.67384705694785
STU_013096,78.32203269569592
STU_013097,82.66744163028623
STU_013098,83.23094065265296
STU_013099,59.04322784202391
STU_013100,75.24422843049932
STU_013101,84.92165055504194
STU_013102,95.6414547766911
STU_013103,73.99760128972903
STU_013104,78.61418006295527
STU_013105,61.77451249349109
STU_013106,89.70269656068085
STU_013107,54.08074785112408
STU_013108,96.57692263204746
STU_013109,87.74406541251076
STU_013110,59.245581347838595
STU_013111,99.84682986460435
STU_013112,97.81952664123794
STU_013113,76.88410990939977
STU_013114,64.9944062757666
STU_013115,77.37225033503904
STU_013116,58.631516931674206
STU_013117,64.83715257276415
STU_013118,71.2776859214352
STU_013119,80.34659544690304
STU_013120,63.87238397045035
STU_013121,90.23108455578127
STU_013122,75.68604669450589
STU_013123,94.51058623974791
STU_013124,96.67530718363707
STU_013125,87.19565745957235
STU_013126,67.16452704064939
STU_013127,71.12022562284076
STU_013128,84.25584183812276
STU_013129,76.81597356367119
STU_013130,97.69444304504324
STU_013131,51.961938708816405
STU_013132,80.68560841526892
STU_013133,97.48623946387242
STU_013134,70.18976473172712
STU_013135,71.01971705739011
STU_013136,67.49241709178875
STU_013137,82.87375861008506
STU_013138,70.87991029589355
STU_013139,79.64885970537665
STU_013140,99.90434204716554
STU_013141,76.67390737091056
STU_013142,58.78534487288432
STU_013143,72.81741889057767
STU_013144,63.926411555535836
STU_013145,58.12774638265362
STU_013146,50.91914502857638
STU_013147,80.5626999747024
STU_013148,71.2664436088205
STU_013149,87.14890996560035
STU_013150,79.50687859633196
STU_013151,76.19994099349688
STU_013152,86.65938807819869
STU_013153,69.36654737336724
STU_013154,78.06583547177023
STU_013155,98.7716891455137
STU_013156,76.830196041746
STU_013157,72.26605748137143
STU_013158,87.27133097562665
STU_013159,80.77266898664008
STU_013160,62.81643265968914
STU_013161,64.3551531777281
STU_013162,59.84448870656979
STU_013163,89.88740107963507
STU_013164,66.2711623489547
STU_013165,69.49454915323305
STU_013166,50.33299643982548
STU_013167,94.92520768909769
STU_013168,74.53631524769534
STU_013169,76.89751677793876
STU_013170,73.88551806784298
STU_013171,81.10813193155968
STU_013172,66.31596544757386
STU_013173,85.47834391979544
STU_013174,60.72950243192592
STU_013175,50.8292678498005
STU_013176,90.88115306364543
STU_013177,63.10184583908844
STU_013178,86.99305393668726
STU_013179,70.8534855086537
STU_013180,87.8135983342523
STU_013181,85.5795146571354
STU_013182,69.38953360469236
STU_013183,81.50505005676968
STU_013184,75.62516159522427
STU_013185,68.33022477571853
STU_013186,61.157939936333555
STU_013187,65.75519080618898
STU_013188,94.10185888910561
STU_013189,97.87754354966565
STU_013190,78.31375265084192
STU_013191,97.85523785271829
STU_013192,83.83188730500581
STU_013193,82.08762315157176
STU_013194,97.8329688697261
STU_013195,87.33965340815362
STU_013196,80.35083360952576
STU_013197,50.091747493705
STU_013198,66.04201570409772
STU_013199,79.9876431319403
STU_013200,50.42215164122935
STU_013201,80.61224068663343
STU_013202,61.80959964478304
STU_013203,72.25707812168807
STU_013204,61.29933876294599
STU_013205,81.16114124300731
STU_013206,68.06749229257558
STU_013207,72.8469193225867
STU_013208,69.49145735594088
STU_013209,75.38321114057564
STU_013210,50.355122547332385
STU_013211,71.78113839013763
STU_013212,58.45774360372194
STU_013213,72.9851512245331
STU_013214,96.03171846084317
STU_013215,47.82542615813847
STU_013216,99.20810662742812
STU_013217,94.5868969548855
STU_013218,69.26024983158004
STU_013219,83.62949070738458
STU_013220,98.97395493324453
STU_013221,64.16953304985228
STU_013222,65.27549980521006
STU_013223,88.90935952023341
STU_013224,71.22686495714667
STU_013225,49.80648926521573
STU_013226,79.8339803433621
STU_013227,87.66534503452958
STU_013228,67.1783449011393
STU_013229,66.36968073871483
STU_013230,72.10391732275205
STU_013231,63.54339399952427
STU_013232,66.93301888912633
STU_013233,92.28639713759542
STU_013234,64.89636173994403
STU_013235,69.58382067015863
STU_013236,91.66576361319976
STU_013237,65.04373129552397
STU_013238,75.63424614522187
STU_013239,74.20606494946236
STU_013240,62.12701924064316
STU_013241,67.85347877511389
STU_013242,71.17552452282702
STU_013243,63.88612714751183
STU_013244,74.71042998604455
STU_013245,66.0850071619472
STU_013246,67.42746793366102
STU_013247,98.8788220050144
STU_013248,94.43833010219242
STU_013249,47.01390414245416
STU_013250,73.54725433360505
STU_013251,82.76197799083057
STU_013252,86.97596358408532
STU_013253,69.63689865463044
STU_013254,96.8552902021789
STU_013255,77.39142696990741
STU_013256,71.2989630691781
STU_013257,79.63539334349431
STU_013258,63.01949425345403
STU_013259,58.27095715576533
STU_013260,70.03621936395234
STU_013261,69.861710264099
STU_013262,58.111604802728166
STU_013263,56.80802707223545
STU_013264,93.44561253925528
STU_013265,77.79358966160628
STU_013266,70.1186693442681
STU_013267,71.59281884127941
STU_013268,60.82672344254797
STU_013269,81.5446589650022
STU_013270,97.83986077502976
STU_013271,66.48199092557019
STU_013272,79.77221624732753
STU_013273,66.73680755936351
STU_013274,77.71295830459928
STU_013275,64.5220187301444
STU_013276,61.29711025869325
STU_013277,62.07487102412934
STU_013278,59.78143589247931
STU_013279,60.00080758523973
STU_013280,91.95509293389551
STU_013281,96.19507839921488
STU_013282,94.55438913579339
STU_013283,77.03983522632087
STU_013284,76.3747412987811
STU_013285,70.82772265572511
STU_013286,66.12888248226574
STU_013287,96.16210380635542
STU_013288,85.07313303978373
STU_013289,96.71633133791259
STU_013290,78.544096546599
STU_013291,87.01232794012876
STU_013292,87.14937861016593
STU_013293,73.41307508579322
STU_013294,90.14633704437793
STU_013295,71.65053704972902
STU_013296,78.29818176434023
STU_013297,76.09151806794566
STU_013298,55.765287763590706
STU_013299,84.79521243084717
STU_013300,71.2617013731259
STU_013301,86.93102732795917
STU_013302,85.34008045933871
STU_013303,89.49114915687076
STU_013304,83.66973516885142
STU_013305,71.14479550023802
STU_013306,68.13820034162542
STU_013307,77.12092207032907
STU_013308,96.53042496547783
STU_013309,70.00966037163086
STU_013310,57.108551703051745
STU_013311,92.43271785737556
STU_013312,54.58418092969145
STU_013313,66.224589769823
STU_013314,71.28553790546174
STU_013315,67.98627989624885
STU_013316,76.66110412876554
STU_013317,73.83732761795959
STU_013318,47.59405587953111
STU_013319,71.99528721163317
STU_013320,81.2604209595882
STU_013321,78.98510390165383
STU_013322,99.3533864790248
STU_013323,94.91612568364697
STU_013324,85.91724590060213
STU_013325,77.71640929805687
STU_013326,74.20716740831227
STU_013327,75.477629020128
STU_013328,65.16691484400488
STU_013329,83.79698638677145
STU_013330,64.40960378842814
STU_013331,72.43214957750956
STU_013332,68.28251623580269
STU_013333,60.59436873109111
STU_013334,70.17052869237465
STU_013335,64.59948530870213
STU_013336,82.10372756111146
STU_013337,52.55244961045094
STU_013338,65.49711621623086
STU_013339,73.02150305885169
STU_013340,94.12777973694263
STU_013341,74.31699648309831
STU_013342,85.18991085485891
STU_013343,69.33068664636153
STU_013344,79.39939478519658
STU_013345,64.0520733332366
STU_013346,97.2693075908658
STU_013347,79.30506353407252
STU_013348,83.2247477860415
STU_013349,98.83794339135041
STU_013350,63.1545937195778
STU_013351,84.19540136821351
STU_013352,70.04213779913917
STU_013353,62.42417607270343
STU_013354,55.55496465551486
STU_013355,87.49203136268065
STU_013356,60.4143143768835
STU_013357,66.96627451733494
STU_013358,70.00479055016503
STU_013359,73.70287473916669
STU_013360,74.53552807297157
STU_013361,71.18305719079714
STU_013362,88.22487406356882
STU_013363,73.29143892044685
STU_013364,67.5947763407643
STU_013365,83.3021155320144
STU_013366,99.50192480153788
STU_013367,82.09771588781474
STU_013368,88.1635860649103
STU_013369,54.374479612732216
STU_013370,82.98688891546506
STU_013371,69.45633021779844
STU_013372,75.41152580015451
STU_013373,74.68267808001553
STU_013374,91.86517435314981
STU_013375,89.32834944958596
STU_013376,42.171814524105585
STU_013377,78.76296178091225
STU_013378,63.30555401498786
STU_013379,79.32198007745984
STU_013380,86.26374034640484
STU_013381,97.7161649047288
STU_013382,99.47119485589614
STU_013383,59.66841207137755
STU_013384,62.18022447334887
STU_013385,64.3962525265946
STU_013386,98.99662948909295
STU_013387,52.57187424090493
STU_013388,83.41149865426252
STU_013389,65.37947427100929
STU_013390,65.49251412350999
STU_013391,85.85122364114997
STU_013392,98.52403379648794
STU_013393,68.90892952126039
STU_013394,99.04456323766675
STU_013395,60.97021127399634
STU_013396,65.64930114710653
STU_013397,99.64844705275304
STU_013398,93.33647711740836
STU_013399,62.15972770305484
STU_013400,65.78869482761854
STU_013401,99.75233191124505
STU_013402,76.02411170579217
STU_013403,92.79724347519449
STU_013404,64.74482450798664
STU_013405,77.48415047558485
STU_013406,99.73110375834212
STU_013407,70.07625566624384
STU_013408,63.45398156379552
STU_013409,59.89020655553304
STU_013410,74.45253528082868
STU_013411,63.175154513758486
STU_013412,66.01102444098137
STU_013413,76.07644321536543
STU_013414,86.24405573429144
STU_013415,74.8759070242618
STU_013416,53.896375326220486
STU_013417,79.18347604019137
STU_013418,48.375441952876564
STU_013419,63.68231607933126
STU_013420,98.59885647446265
STU_013421,99.41993099369452
STU_013422,90.7008072865629
STU_013423,54.88165000677576
STU_013424,97.71196122302035
STU_013425,79.10195752488504
STU_013426,52.23182763951384
STU_013427,68.79304728752086
STU_013428,73.73704705404042
STU_013429,93.63010263279719
STU_013430,65.999763462059
STU_013431,61.895500960136104
STU_013432,77.8880107627347
STU_013433,94.28317404432327
STU_013434,94.03339591851328
STU_013435,93.59528722130459
STU_013436,74.61726586841152
STU_013437,73.7984142616578
STU_013438,75.82766569506899
STU_013439,90.04807436105743
STU_013440,75.13583538250614
STU_013441,94.65992710707945
STU_013442,98.74078161672821
STU_013443,68.27781040799897
STU_013444,83.36573006145224
STU_013445,80.14316670718806
STU_013446,91.30779869502237
STU_013447,89.04040905612239
STU_013448,82.33015952010486
STU_013449,72.97106923255691
STU_013450,95.93190467203468
STU_013451,70.16827947535897
STU_013452,79.43491026892274
STU_013453,81.46401487746714
STU_013454,67.01384466462996
STU_013455,97.73236013461297
STU_013456,72.17533503392139
STU_013457,65.93377900198224
STU_013458,74.6307361275463
STU_013459,59.52118224980933
STU_013460,59.60018890619663
STU_013461,75.09743404694052
STU_013462,56.01330053684006
STU_013463,80.85707569730508
STU_013464,59.19780303484872
STU_013465,64.1741716636407
STU_013466,87.86980306449121
STU_013467,59.86929358014086
STU_013468,92.598638140273
STU_013469,77.78995544680303
STU_013470,90.18098448140971
STU_013471,78.8723024655425
STU_013472,82.56235412766607
STU_013473,62.71095729198525
STU_013474,79.257660950869
STU_013475,89.47925797213782
STU_013476,79.40549380871644
STU_013477,65.00810938836969
STU_013478,77.48999745442586
STU_013479,70.06605672570942
STU_013480,82.89475251934908
STU_013481,77.40183187474334
STU_013482,77.77557859224706
STU_013483,79.22392934091597
STU_013484,85.79419124691763
STU_013485,94.57444409865116
STU_013486,54.893911346035246
STU_013487,80.37472783420563
STU_013488,78.44287385655187
STU_013489,73.16462421935414
STU_013490,74.58670075361908
STU_013491,83.59770764560653
STU_013492,77.11734831154925
STU_013493,63.47523722497999
STU_013494,71.81010301290243
STU_013495,82.937164984357
STU_013496,85.75902915807119
STU_013497,48.79199083523543
STU_013498,71.90107456713062
STU_013499,83.18670188781704
STU_013500,65.50940048844194
STU_013501,86.17436634048295
STU_013502,79.71849896648737
STU_013503,71.61982272409713
STU_013504,87.40206348035375
STU_013505,70.67104008500542
STU_013506,97.07959412412809
STU_013507,64.64570475909325
STU_013508,76.22398669383111
STU_013509,87.23104544490064
STU_013510,64.85710241298915
STU_013511,81.59710772626532
STU_013512,67.54135280657108
STU_013513,50.896078177337344
STU_013514,86.26221785471316
STU_013515,69.19539671383411
STU_013516,99.5673452307903
STU_013517,80.49741366897949
STU_013518,75.99920034973618
STU_013519,99.80941349585626
STU_013520,72.42441763294644
STU_013521,63.74326655092754
STU_013522,66.01004409482465
STU_013523,96.99276063158277
STU_013524,78.52959882090957
STU_013525,71.50840374034527
STU_013526,78.19388310886846
STU_013527,65.8754035950382
STU_013528,54.92838098857777
STU_013529,98.59745285541389
STU_013530,69.66310082176697
STU_013531,95.19703221319513
STU_013532,55.49183227829849
STU_013533,72.67246967573493
STU_013534,91.85746120044288
STU_013535,95.76984314587803
STU_013536,87.07964334351193
STU_013537,75.015423083327
STU_013538,95.49523711620229
STU_013539,70.49185442777387
STU_013540,99.66230967078224
STU_013541,66.4003146963987
STU_013542,84.87168897412782
STU_013543,71.01971447307386
STU_013544,74.06646383394435
STU_013545,86.94819385052187
STU_013546,98.90655957536522
STU_013547,99.18503939088768
STU_013548,80.00779261223255
STU_013549,61.91968186403467
STU_013550,74.62584423126694
STU_013551,64.8954392546708
STU_013552,81.45043873966654
STU_013553,72.79399357986381
STU_013554,71.80074769588647
STU_013555,60.76654327427194
STU_013556,88.26014997481377
STU_013557,65.6560270091967
STU_013558,68.28426665314305
STU_013559,87.74049112026202
STU_013560,52.92577769875254
STU_013561,69.28476182232347
STU_013562,91.60611343724277
STU_013563,88.77921640483196
STU_013564,57.61528657636563
STU_013565,81.68777148082577
STU_013566,71.32468668785693
STU_013567,96.57318182895636
STU_013568,72.93318776852436
STU_013569,73.43994124015443
STU_013570,70.68492348315507
STU_013571,73.17074035222404
STU_013572,58.57796970657481
STU_013573,66.18016131708956
STU_013574,74.97847017792688
STU_013575,52.70650140106873
STU_013576,70.3073734327115
STU_013577,61.187272273940735
STU_013578,73.31413229133828
STU_013579,73.47883270531884
STU_013580,85.08603965493687
STU_013581,56.364835268922334
STU_013582,76.01153823145124
STU_013583,67.05983486482921
STU_013584,73.18461552281337
STU_013585,63.57097742189838
STU_013586,60.4559631060727
STU_013587,98.78292577332053
STU_013588,67.88499405105922
STU_013589,76.00136711172323
STU_013590,81.2740184545687
STU_013591,89.98077607206419
STU_013592,99.73019365052755
STU_013593,96.6381646590279
STU_013594,69.91510264828469
STU_013595,59.83897901911628
STU_013596,87.2977624896217
STU_013597,66.03987117045739
STU_013598,75.8120617538327
STU_013599,71.85566141980125
STU_013600,98.43682174754653
STU_013601,67.75193462869093
STU_013602,62.0484781888481
STU_013603,94.46826881044501
STU_013604,67.02528229727062
STU_013605,90.07336610765256
STU_013606,71.52256069620381
STU_013607,43.331023881581885
STU_013608,80.00664098037575
STU_013609,80.57979593156232
STU_013610,95.05190132421069
STU_013611,95.56357159929837
STU_013612,60.30032317240445
STU_013613,76.27594926029832
STU_013614,52.38439892922924
STU_013615,82.99972618999281
STU_013616,81.54260381298496
STU_013617,64.59519311935544
STU_013618,61.59412624304882
STU_013619,66.82210465867698
STU_013620,75.22378815255331
STU_013621,73.7428472449511
STU_013622,61.06440478795986
STU_013623,51.858301494094604
STU_013624,50.76492332388551
STU_013625,81.1891358535481
STU_013626,76.48618643976292
STU_013627,84.13488897423822
STU_013628,97.09627761444482
STU_013629,80.15643635476577
STU_013630,73.45845814557971
STU_013631,66.10425728712025
STU_013632,56.830614777465456
STU_013633,95.45860918272504
STU_013634,66.10146456736378
STU_013635,98.1311610952555
STU_013636,70.27144395915809
STU_013637,79.46569018864079
STU_013638,80.17668247090205
STU_013639,64.44165100415603
STU_013640,78.29136534898844
STU_013641,88.61329205361133
STU_013642,72.79055068694308
STU_013643,79.65304981247942
STU_013644,61.04271378994562
STU_013645,72.09663643625798
STU_013646,93.419953233245
STU_013647,83.86856153922898
STU_013648,98.05032418971649
STU_013649,75.58770508574165
STU_013650,96.16122213001394
STU_013651,71.37468368730907
STU_013652,67.17995249375046
STU_013653,91.77263628244772
STU_013654,76.23735880707794
STU_013655,75.13833628378684
STU_013656,98.05727491993642
STU_013657,63.459906830251185
STU_013658,81.1835934921405
STU_013659,66.06072580460109
STU_013660,66.41153508747172
STU_013661,76.61177879807671
STU_013662,83.14402606122773
STU_013663,74.76966225428633
STU_013664,91.26080418462203
STU_013665,80.0111083224729
STU_013666,86.90804491210581
STU_013667,58.376526357164096
STU_013668,90.98310340780729
STU_013669,61.416922263247834
STU_013670,89.95138645843919
STU_013671,99.49031377507345
STU_013672,69.70058300833995
STU_013673,96.89999045187844
STU_013674,77.27343171163297
STU_013675,60.301681833488985
STU_013676,74.04946657861237
STU_013677,83.68045269202821
STU_013678,69.86971257421746
STU_013679,68.08459075549635
STU_013680,51.45996809772584
STU_013681,98.83766095596486
STU_013682,42.52492467980911
STU_013683,57.00965028410385
STU_013684,72.23478506534116
STU_013685,88.72882270368608
STU_013686,94.3750448885738
STU_013687,76.41670671133157
STU_013688,62.37291166705802
STU_013689,97.22889011793634
STU_013690,90.66142724022242
STU_013691,64.91783435750924
STU_013692,61.462924402428015
STU_013693,88.67654978856292
STU_013694,76.51409646747933
STU_013695,69.48427658453181
STU_013696,99.17852465354426
STU_013697,69.19874702073695
STU_013698,61.21852597057289
STU_013699,65.19837055356511
STU_013700,82.45253483824597
STU_013701,82.51565388700013
STU_013702,95.73279532604397
STU_013703,69.19304026991185
STU_013704,77.36435676238717
STU_013705,86.76184371109395
STU_013706,66.01869782041862
STU_013707,65.00800305902767
STU_013708,58.66360735489788
STU_013709,91.79480828314456
STU_013710,79.054688590548
STU_013711,98.82591031710547
STU_013712,74.71232949402938
STU_013713,66.6586426119945
STU_013714,67.55954239843874
STU_013715,98.89972925842955
STU_013716,70.62257984689289
STU_013717,54.75819263665446
STU_013718,84.34965683013064
STU_013719,73.03075187403194
STU_013720,50.5023378986046
STU_013721,56.934577592052264
STU_013722,79.5638311163247
STU_013723,84.52492988713193
STU_013724,92.89052858048737
STU_013725,71.37121580775582
STU_013726,64.50604185322968
STU_013727,68.4012890873494
STU_013728,93.88862030506368
STU_013729,90.04858121873805
STU_013730,77.24024812415294
STU_013731,93.55823132963144
STU_013732,76.3276555579901
STU_013733,84.1463278079699
STU_013734,56.102097299389854
STU_013735,73.14246825667342
STU_013736,98.97943784407151
STU_013737,81.82152445028856
STU_013738,74.6210036161697
STU_013739,72.10579605686766
STU_013740,82.06875094877589
STU_013741,76.87855980103411
STU_013742,94.65423305913886
STU_013743,95.00661869368955
STU_013744,70.36578203908742
STU_013745,92.76168906850698
STU_013746,87.91752455660122
STU_013747,95.50404356229768
STU_013748,73.43954015146431
STU_013749,95.84909092001033
STU_013750,74.06799876441646
STU_013751,76.1870498668339
STU_013752,79.50150966617625
STU_013753,85.54324247298776
STU_013754,72.09226389743975
STU_013755,68.86420962669116
STU_013756,63.79202169960022
STU_013757,98.80115696055867
STU_013758,94.85207854478932
STU_013759,58.77850722095927
STU_013760,56.21308878981092
STU_013761,97.3673631468517
STU_013762,78.92170512679384
STU_013763,75.95693493143406
STU_013764,59.647272571892586
STU_013765,63.757418330538144
STU_013766,82.2541740748695
STU_013767,88.59998443534631
STU_013768,67.70697331212128
STU_013769,56.43700110953074
STU_013770,88.00765661200494
STU_013771,96.24670446755582
STU_013772,66.99228179745444
STU_013773,69.36919405205197
STU_013774,71.92475357681413
STU_013775,76.15582592015502
STU_013776,59.951340635952775
STU_013777,75.84217230979128
STU_013778,92.42892960190451
STU_013779,96.96417869629477
STU_013780,70.20422921585933
STU_013781,58.24193366156136
STU_013782,77.8435132966155
STU_013783,88.11437060654703
STU_013784,76.25401339797847
STU_013785,68.94106761558231
STU_013786,76.03788046038422
STU_013787,98.40291976418811
STU_013788,58.09762932069206
STU_013789,85.44764288467745
STU_013790,63.063812582854304
STU_013791,85.6361164587139
STU_013792,99.61510326400278
STU_013793,72.19750283125349
STU_013794,76.66933613812985
STU_013795,79.36115423206522
STU_013796,68.85532602068537
STU_013797,86.95033056712954
STU_013798,58.982561700197785
STU_013799,78.25963806080861
STU_013800,85.80233240196475
STU_013801,98.96346311246445
STU_013802,79.4388137254827
STU_013803,73.17380770404841
STU_013804,74.94836652177939
STU_013805,85.13674826141468
STU_013806,67.89099978924405
STU_013807,79.37147101729806
STU_013808,72.03275254651761
STU_013809,76.06884759620183
STU_013810,85.63863139607857
STU_013811,66.12232068024232
STU_013812,78.5045657992573
STU_013813,69.11215989063851
STU_013814,62.431470269145706
STU_013815,76.18137611128093
STU_013816,68.63204752277312
STU_013817,80.07294604785699
STU_013818,58.14074817138771
STU_013819,90.28578940665267
STU_013820,74.06074234775978
STU_013821,73.49017191994001
STU_013822,96.59501672020627
STU_013823,91.04836425284111
STU_013824,71.43357187237955
STU_013825,64.55742177912063
STU_013826,84.93856932456806
STU_013827,79.52167009693605
STU_013828,87.24280480198158
STU_013829,79.23098846221521
STU_013830,84.39345359491381
STU_013831,79.58601079858622
STU_013832,94.07278536293066
STU_013833,84.15785631757721
STU_013834,69.63168351221434
STU_013835,78.85218976319993
STU_013836,66.05297541878723
STU_013837,96.18806080650909
STU_013838,56.54089685049942
STU_013839,57.41290546565225
STU_013840,55.72159474312586
STU_013841,99.17339905912273
STU_013842,77.39914971814255
STU_013843,76.96421878880012
STU_013844,72.88377536998075
STU_013845,92.68310929277102
STU_013846,86.35046369423131
STU_013847,41.75094465913355
STU_013848,99.7031726186844
STU_013849,57.636677443766
STU_013850,70.34525561131444
STU_013851,64.30907953561218
STU_013852,91.55453876098744
STU_013853,67.6560822334755
STU_013854,82.04444648573347
STU_013855,75.98889571284273
STU_013856,55.95610595553644
STU_013857,76.07890021885996
STU_013858,83.08725771221484
STU_013859,80.65615855606578
STU_013860,71.3732851068697
STU_013861,71.00029077675688
STU_013862,81.90503760977751
STU_013863,84.1698440964217
STU_013864,66.14084392177483
STU_013865,89.54970863993817
STU_013866,58.29188732952401
STU_013867,73.38804691640462
STU_013868,96.50583480512043
STU_013869,75.09983821414075
STU_013870,48.59910928298305
STU_013871,70.316986381229
STU_013872,99.06235809172023
STU_013873,67.28191249682509
STU_013874,63.936758858533324
STU_013875,59.039563016154716
STU_013876,79.41797081878143
STU_013877,54.415373672799426
STU_013878,58.856384267308904
STU_013879,63.16367731598409
STU_013880,96.69330676353871
STU_013881,71.6892984062916
STU_013882,80.36900193315817
STU_013883,67.3768825653981
STU_013884,81.72276968008
STU_013885,90.07978264374812
STU_013886,88.17540508426187
STU_013887,73.80639928717095
STU_013888,78.7239355950855
STU_013889,78.13037823708733
STU_013890,95.00118734973313
STU_013891,93.31205787677044
STU_013892,74.02538624504895
STU_013893,60.22554638922837
STU_013894,96.25425255548426
STU_013895,52.898563600623945
STU_013896,94.88552898226985
STU_013897,74.06818713025329
STU_013898,80.8486285257468
STU_013899,84.74733758477791
STU_013900,66.5204482895408
STU_013901,78.82737671714837
STU_013902,73.3084320875505
STU_013903,72.68940443545478
STU_013904,68.36507856288056
STU_013905,92.5198745302278
STU_013906,78.22991485472187
STU_013907,64.8443991245845
STU_013908,65.86195732990701
STU_013909,89.2997940896586
STU_013910,61.228429373503786
STU_013911,79.83972679376517
STU_013912,82.22279615882985
STU_013913,69.50245886300442
STU_013914,57.48761846398955
STU_013915,65.73189112305985
STU_013916,98.00759075646629
STU_013917,50.932849444323395
STU_013918,55.91691481839202
STU_013919,77.35131254708666
STU_013920,77.0135473631872
STU_013921,65.5248829153164
STU_013922,96.61840446597657
STU_013923,90.66285182962645
STU_013924,84.20082721136141
STU_013925,71.13788388341835
STU_013926,79.44763544723097
STU_013927,99.34765613693932
STU_013928,40.962762103019195
STU_013929,60.85719273692482
STU_013930,69.68112078264836
STU_013931,64.54072232810691
STU_013932,64.81329469957406
STU_013933,53.212933503144754
STU_013934,65.62779331271527
STU_013935,77.00113176059311
STU_013936,87.55004795177705
STU_013937,81.75206037581069
STU_013938,74.55289883726647
STU_013939,66.63196994156729
STU_013940,63.70312587947784
STU_013941,67.91497334405425
STU_013942,99.57650567144535
STU_013943,60.08711709598183
STU_013944,88.21388827419699
STU_013945,74.73129334244435
STU_013946,99.16484143502979
STU_013947,80.63336851745024
STU_013948,78.95729796082159
STU_013949,44.837842937306085
STU_013950,89.68725637727088
STU_013951,53.66521798562488
STU_013952,97.53025320275572
STU_013953,70.84117176348266
STU_013954,46.655892654756144
STU_013955,65.04608754582182
STU_013956,78.17442459123018
STU_013957,79.54230049694098
STU_013958,73.46084769666511
STU_013959,70.59061718083917
STU_013960,77.53230541945068
STU_013961,76.13023875990652
STU_013962,58.624368887894704
STU_013963,67.4046817802087
STU_013964,75.18460262829159
STU_013965,60.203018448578874
STU_013966,70.13379181682753
STU_013967,70.88210894118578
STU_013968,96.2341066906413
STU_013969,46.86957649089486
STU_013970,89.07626114480396
STU_013971,65.97657014066621
STU_013972,72.63468000728817
STU_013973,72.84026990225742
STU_013974,95.67878541663734
STU_013975,84.28663990422012
STU_013976,69.09068207189745
STU_013977,82.57220393901507
STU_013978,96.11023475470947
STU_013979,86.54461592814948
STU_013980,74.75654874463305
STU_013981,73.81375538851987
STU_013982,69.52534936624987
STU_013983,76.71663440101605
STU_013984,67.666601576113
STU_013985,83.78741505640876
STU_013986,69.52635387440506
STU_013987,96.78260407049044
STU_013988,68.96713458802967
STU_013989,66.12111912058812
STU_013990,67.09288430085347
STU_013991,80.0409217442371
STU_013992,75.57096481789756
STU_013993,79.45316578583099
STU_013994,79.20807177412517
STU_013995,58.82009855248058
STU_013996,74.48576913931714
STU_013997,96.8535045335081
STU_013998,62.69137661471649
STU_013999,79.18430154962513
STU_014000,75.75037835912036
STU_014001,64.79602487109265
STU_014002,61.00088350508265
STU_014003,66.74601626055653
STU_014004,62.54127957242898
STU_014005,69.67556354452242
STU_014006,71.35550431204842
STU_014007,83.31670207328042
STU_014008,60.17674773800109
STU_014009,99.55941609929249
STU_014010,70.19785545434085
STU_014011,82.76594609118084
STU_014012,94.31073948274597
STU_014013,50.38720322907924
STU_014014,91.52619755445625
STU_014015,81.2533962217702
STU_014016,63.7045584310319
STU_014017,79.45914804482459
STU_014018,76.49256513054922
STU_014019,87.85192130994635
STU_014020,84.68044304485832
STU_014021,92.78912243359528
STU_014022,69.73817581060545
STU_014023,63.111628716256014
STU_014024,76.41791816279829
STU_014025,82.17221214192615
STU_014026,75.58770560104516
STU_014027,99.90490166073677
STU_014028,87.70954612466737
STU_014029,77.18223358249523
STU_014030,75.69162946995246
STU_014031,74.42862656022474
STU_014032,76.51696658488055
STU_014033,66.67375838783234
STU_014034,92.94571794262069
STU_014035,94.85539665591878
STU_014036,48.356102680820705
STU_014037,58.89892220446836
STU_014038,83.89815311259137
STU_014039,89.37814566550243
STU_014040,74.27960577600102
STU_014041,75.14139990103587
STU_014042,64.80234315524163
STU_014043,68.65392484767234
STU_014044,99.30334987525998
STU_014045,76.62694266540312
STU_014046,65.19498933309727
STU_014047,88.01595844071257
STU_014048,61.680428056155925
STU_014049,87.17771327478117
STU_014050,73.84729712262967
STU_014051,71.65733625887921
STU_014052,80.49382090247818
STU_014053,87.83959895927025
STU_014054,85.26200746189637
STU_014055,99.94101859391613
STU_014056,77.3413262156279
STU_014057,69.35648003138147
STU_014058,76.03820713024666
STU_014059,61.503043904988445
STU_014060,77.82780379834169
STU_014061,67.02391801892134
STU_014062,86.21476164878993
STU_014063,70.71141081393219
STU_014064,68.14406621384015
STU_014065,60.850504390650244
STU_014066,39.66439347413968
STU_014067,95.38549576219238
STU_014068,68.49988211714255
STU_014069,76.8795642196541
STU_014070,75.22293427389103
STU_014071,40.95808815660306
STU_014072,68.6752333058664
STU_014073,79.66943093023689
STU_014074,73.07184341586913
STU_014075,72.11665937865436
STU_014076,68.57939421754985
STU_014077,52.31185733966368
STU_014078,53.16959982523315
STU_014079,85.34698409426693
STU_014080,86.37838728350127
STU_014081,99.79676050674684
STU_014082,78.37078083377993
STU_014083,64.27311355047098
STU_014084,75.17997255011954
STU_014085,99.6020005231955
STU_014086,63.50152637806356
STU_014087,67.93765784059302
STU_014088,75.44296628379237
STU_014089,74.99541508076393
STU_014090,66.97024901374489
STU_014091,88.97570236596086
STU_014092,68.58534479928186
STU_014093,72.89644166153218
STU_014094,62.42276587665803
STU_014095,79.50641967974681
STU_014096,83.82905577846816
STU_014097,89.96712676828854
STU_014098,70.2050095913998
STU_014099,70.57692778728025
STU_014100,63.861798987354575
STU_014101,76.40952021849955
STU_014102,85.59023076616401
STU_014103,69.0948549315581
STU_014104,93.01698489053531
STU_014105,45.949773933412025
STU_014106,70.5386015306728
STU_014107,88.61974934660603
STU_014108,79.18156252322794
STU_014109,81.08162652043036
STU_014110,84.79668501783578
STU_014111,90.07884006989359
STU_014112,61.02817224105452
STU_014113,59.370175792277934
STU_014114,63.80874116442288
STU_014115,77.82399722690644
STU_014116,98.96826811278765
STU_014117,64.54439206048198
STU_014118,95.73490231431248
STU_014119,69.00614177494079
STU_014120,66.12869656064161
STU_014121,57.082312044296856
STU_014122,57.23273442193735
STU_014123,58.625458365943885
STU_014124,59.02716443946726
STU_014125,85.09758934193692
STU_014126,63.87233867529433
STU_014127,69.23251011892722
STU_014128,62.61977290477704
STU_014129,86.63233222008466
STU_014130,80.18554017285723
STU_014131,89.1239801324021
STU_014132,78.4214897911912
STU_014133,70.499582113544
STU_014134,43.681030495778984
STU_014135,77.05206830263208
STU_014136,74.19745048229062
STU_014137,98.73804272308018
STU_014138,54.19923418712469
STU_014139,73.04178880061504
STU_014140,77.75545987502488
STU_014141,88.92622957176616
STU_014142,72.83736791676665
STU_014143,88.18904500733098
STU_014144,98.36594174682428
STU_014145,68.23224739534034
STU_014146,93.06585796648142
STU_014147,78.97772839099058
STU_014148,86.66689439021636
STU_014149,78.52845885897922
STU_014150,64.39526930111681
STU_014151,97.89341211717881
STU_014152,87.53016862297228
STU_014153,58.77718710581616
STU_014154,76.45861411639174
STU_014155,68.51823938539427
STU_014156,91.53249671750295
STU_014157,80.78755784064195
STU_014158,80.00229550150938
STU_014159,83.94973904917768
STU_014160,95.57322305104579
STU_014161,81.03758031976014
STU_014162,96.45071956224015
STU_014163,72.29675828489346
STU_014164,52.956162110438896
STU_014165,96.40458669970982
STU_014166,70.52356516436203
STU_014167,76.45995788702432
STU_014168,69.52099473856629
STU_014169,52.162646986104434
STU_014170,78.51705052830935
STU_014171,84.30248844056905
STU_014172,79.10563394344163
STU_014173,69.24624304809917
STU_014174,78.2554786379045
STU_014175,82.91357458893184
STU_014176,66.23784202488237
STU_014177,77.37793780957315
STU_014178,71.70911099974204
STU_014179,84.91457934441823
STU_014180,78.68154379190062
STU_014181,74.9604847912032
STU_014182,97.58593986828961
STU_014183,64.13048186244951
STU_014184,81.90575843465275
STU_014185,76.44909619613459
STU_014186,94.77137175915816
STU_014187,98.07489215963773
STU_014188,75.38304759425336
STU_014189,71.10429568238122
STU_014190,65.87954221003804
STU_014191,65.41269904006519
STU_014192,64.07978622435323
STU_014193,86.6832140321726
STU_014194,71.4857660730747
STU_014195,63.1339281621633
STU_014196,81.79326327866245
STU_014197,60.85109131665423
STU_014198,69.57596929273572
STU_014199,58.13711062641771
STU_014200,77.37033249551072
STU_014201,78.14062134291868
STU_014202,82.25900246494315
STU_014203,58.242689073266995
STU_014204,85.81640859555854
STU_014205,67.71075641439907
STU_014206,74.27478792967666
STU_014207,76.85045325792905
STU_014208,72.59156483439335
STU_014209,72.54924352930482
STU_014210,97.66751521246421
STU_014211,81.35656703722172
STU_014212,98.70140652620861
STU_014213,77.65283382452766
STU_014214,62.89228072257407
STU_014215,71.8351319095033
STU_014216,70.25411899843209
STU_014217,88.91929250090553
STU_014218,99.49784384358297
STU_014219,65.55374073754997
STU_014220,77.79107262308028
STU_014221,86.63196805719676
STU_014222,78.44596507198646
STU_014223,89.34230419746046
STU_014224,91.6549264706104
STU_014225,73.02294461363746
STU_014226,57.69381041779653
STU_014227,71.77653745692825
STU_014228,58.74643421988635
STU_014229,90.46127381716107
STU_014230,92.75505800688434
STU_014231,77.28942655160614
STU_014232,76.72130426604299
STU_014233,55.372922403036796
STU_014234,99.86071063488794
STU_014235,76.6907897775995
STU_014236,71.74172399551685
STU_014237,91.9796708424155
STU_014238,47.058219262930876
STU_014239,89.61680569247548
STU_014240,69.8313100161418
STU_014241,82.9818889619667
STU_014242,91.05118880561862
STU_014243,66.04866361493603
STU_014244,81.30250232555935
STU_014245,78.87864317873645
STU_014246,75.54193962447553
STU_014247,63.44966762676604
STU_014248,90.69907105335459
STU_014249,77.51085492525017
STU_014250,81.79588381932493
STU_014251,74.65757506929822
STU_014252,60.26634287428161
STU_014253,89.92273258402393
STU_014254,68.33207904296677
STU_014255,95.65016898238191
STU_014256,68.71087157402322
STU_014257,71.09274410560093
STU_014258,88.41514727954413
STU_014259,65.9270065032771
STU_014260,84.41010216461683
STU_014261,83.11964916657378
STU_014262,75.88583430568141
STU_014263,59.70010005553314
STU_014264,88.10284489173793
STU_014265,67.93388360805001
STU_014266,85.89723689797425
STU_014267,96.29173917019799
STU_014268,92.16068829574225
STU_014269,73.79529497912169
STU_014270,70.28074764145745
STU_014271,59.37930957108988
STU_014272,71.67281372830831
STU_014273,73.31238618214542
STU_014274,64.56501617650773
STU_014275,86.19342228942782
STU_014276,67.27167876321153
STU_014277,93.9668273704414
STU_014278,58.75470381125027
STU_014279,95.31390615454649
STU_014280,54.52118272581483
STU_014281,88.34024128352367
STU_014282,70.5891995313987
STU_014283,54.44565390098745
STU_014284,82.69010322015615
STU_014285,94.8678110663073
STU_014286,64.09862242316676
STU_014287,82.24005998171111
STU_014288,50.573137916649614
STU_014289,72.34209464760184
STU_014290,79.40605834029489
STU_014291,65.51069865967682
STU_014292,73.45650944603187
STU_014293,73.98005556192727
STU_014294,61.9786832144362
STU_014295,67.85776836492234
STU_014296,69.75138940738438
STU_014297,64.99363423893682
STU_014298,78.90856430600894
STU_014299,81.08612207660218
STU_014300,91.52598697887602
STU_014301,57.11561921447758
STU_014302,99.80855162865035
STU_014303,89.84801239402685
STU_014304,63.11509788787019
STU_014305,79.71423531835632
STU_014306,74.02869617963867
STU_014307,99.76420974249024
STU_014308,71.72214481024035
STU_014309,91.72411667225334
STU_014310,71.34159186947757
STU_014311,99.75682511672242
STU_014312,73.7034896617555
STU_014313,70.58925900481103
STU_014314,63.946901800195114
STU_014315,81.67747183446346
STU_014316,73.7650424237201
STU_014317,69.52274617674065
STU_014318,80.14071108496
STU_014319,59.73890892877432
STU_014320,75.24115380521569
STU_014321,63.4224289132971
STU_014322,96.34625601069212
STU_014323,86.00285143711763
STU_014324,79.81281592629183
STU_014325,85.13472586704053
STU_014326,82.53621162809546
STU_014327,66.76904720489533
STU_014328,52.118630340852036
STU_014329,94.00101061156829
STU_014330,54.49754652760117
STU_014331,62.64991861904309
STU_014332,60.26539240867314
STU_014333,75.2113979085648
STU_014334,96.90758725461637
STU_014335,78.59047075086215
STU_014336,92.71691698620319
STU_014337,79.72437952268352
STU_014338,62.978714546473896
STU_014339,62.963293417912
STU_014340,62.852403797081145
STU_014341,94.41883327144252
STU_014342,56.41488218857154
STU_014343,71.92376795888731
STU_014344,47.587723716966416
STU_014345,74.67065845983686
STU_014346,88.00020371954305
STU_014347,65.41951633152794
STU_014348,71.15369844000138
STU_014349,65.08257391767162
STU_014350,68.60639063046108
STU_014351,73.08670520718748
STU_014352,92.97644486177298
STU_014353,90.55658225056702
STU_014354,90.60098595746625
STU_014355,64.71633417643402
STU_014356,51.8981541708648
STU_014357,85.75411543889496
STU_014358,55.70386518987887
STU_014359,75.09358184659227
STU_014360,56.08765587413591
STU_014361,66.19004066325847
STU_014362,99.45479038148481
STU_014363,46.767996552794216
STU_014364,76.82511341326699
STU_014365,62.650205509493354
STU_014366,72.5405643126632
STU_014367,70.59866344740067
STU_014368,89.96515252387621
STU_014369,89.79156520092968
STU_014370,95.84123399687188
STU_014371,76.07956095529512
STU_014372,85.74161484084102
STU_014373,64.8926463281313
STU_014374,83.69207751506444
STU_014375,80.09408738686402
STU_014376,93.5090656225533
STU_014377,82.54441454500963
STU_014378,99.4787623550405
STU_014379,79.75605377605116
STU_014380,83.45924266159012
STU_014381,46.612911467755225
STU_014382,77.92436510553745
STU_014383,72.46087947997128
STU_014384,87.59290171880122
STU_014385,91.6094656221925
STU_014386,60.291419917621106
STU_014387,78.72654414139313
STU_014388,66.84010094564826
STU_014389,73.56698758957968
STU_014390,66.55510422380175
STU_014391,45.21407766094792
STU_014392,88.71027853764242
STU_014393,90.0959936623548
STU_014394,72.90806271193343
STU_014395,98.0543423036602
STU_014396,92.08654590633643
STU_014397,79.91398796328461
STU_014398,99.60314853327534
STU_014399,73.72256243869248
STU_014400,94.92161280037672
STU_014401,83.20508079507393
STU_014402,78.33867145680773
STU_014403,77.32039734779242
STU_014404,78.95856202996906
STU_014405,64.7048437591023
STU_014406,79.8831613876271
STU_014407,99.25691251078159
STU_014408,64.4633235293798
STU_014409,57.432609282473386
STU_014410,73.94182792299006
STU_014411,65.43565339856934
STU_014412,73.32245281532336
STU_014413,82.3985660372587
STU_014414,64.62746832618251
STU_014415,68.07902193407075
STU_014416,77.797693564618
STU_014417,91.42637637468002
STU_014418,90.9313109388701
STU_014419,54.824504761073314
STU_014420,91.18819987762834
STU_014421,97.13032026154062
STU_014422,67.19087515147832
STU_014423,93.15837873566925
STU_014424,77.73501353354735
STU_014425,96.15187661832456
STU_014426,70.73986829464671
STU_014427,88.47084491318007
STU_014428,92.29599402972218
STU_014429,93.47141693802368
STU_014430,52.457487267125416
STU_014431,55.95902030499125
STU_014432,77.32518758618436
STU_014433,68.72873895605278
STU_014434,77.94839648723412
STU_014435,96.24634023067931
STU_014436,55.40851755915734
STU_014437,71.07350881088965
STU_014438,74.4741672129555
STU_014439,81.4899297264383
STU_014440,47.73057553316001
STU_014441,62.4106001886952
STU_014442,77.49354219122839
STU_014443,53.44685076125343
STU_014444,49.53711537981957
STU_014445,71.35399050350026
STU_014446,68.72627593227733
STU_014447,97.26663757035784
STU_014448,61.542365070923
STU_014449,55.400941174994045
STU_014450,65.38344326612125
STU_014451,88.16627466626483
STU_014452,89.24032634549538
STU_014453,98.97816457246375
STU_014454,88.10073967197208
STU_014455,89.14298470534906
STU_014456,82.80074804422826
STU_014457,61.26725744141984
STU_014458,63.08554269001944
STU_014459,74.8178578274019
STU_014460,99.7610007981801
STU_014461,94.40718495698314
STU_014462,81.71619947951004
STU_014463,85.99317089514668
STU_014464,72.18684783597874
STU_014465,95.10059482013828
STU_014466,67.25726427029582
STU_014467,78.75765662519831
STU_014468,72.96739916061765
STU_014469,81.9310467159091
STU_014470,75.0469960051469
STU_014471,84.66772887561598
STU_014472,64.35760458176364
STU_014473,65.34052347822997
STU_014474,85.64340989510097
STU_014475,63.08556428321654
STU_014476,73.69545829511159
STU_014477,95.48926645379058
STU_014478,80.75772907940681
STU_014479,97.47322342975008
STU_014480,77.5100056657301
STU_014481,90.70768261604748
STU_014482,52.1224513566727
STU_014483,93.98652091479282
STU_014484,47.27091040638599
STU_014485,76.74248664240153
STU_014486,89.96184886529734
STU_014487,83.39679878314426
STU_014488,71.44292749048788
STU_014489,45.80419113958466
STU_014490,91.73086757896938
STU_014491,84.25757186447558
STU_014492,78.40826931738233
STU_014493,62.775630935059084
STU_014494,86.55163978205528
STU_014495,69.17502724099528
STU_014496,66.42417681077221
STU_014497,64.4021121546362
STU_014498,87.4451119630736
STU_014499,81.75810263882593
STU_014500,66.0593843064795
STU_014501,63.51783330847288
STU_014502,70.0886380014712
STU_014503,74.37045108679786
STU_014504,99.62988668210876
STU_014505,73.11965845856844
STU_014506,75.8102489092352
STU_014507,71.47515429020822
STU_014508,64.22916322275425
STU_014509,75.72346188648243
STU_014510,60.47107686633446
STU_014511,83.59604007997203
STU_014512,73.88930068799306
STU_014513,82.3193272971831
STU_014514,82.67914856661463
STU_014515,73.05202801685986
STU_014516,81.45223788637068
STU_014517,80.40474462722042
STU_014518,79.58271805290795
STU_014519,60.092154547399495
STU_014520,75.66360018009804
STU_014521,96.74142665410079
STU_014522,67.13522226534505
STU_014523,96.56297154013052
STU_014524,91.67954375606885
STU_014525,72.2172861024882
STU_014526,78.15862429400175
STU_014527,43.95475773124162
STU_014528,63.705262617610515
STU_014529,83.96295862623988
STU_014530,67.07061632766374
STU_014531,76.76507710470462
STU_014532,97.56133237456164
STU_014533,98.96452106625658
STU_014534,96.36390138235083
STU_014535,95.29446419437191
STU_014536,88.91894926267065
STU_014537,76.37549234083014
STU_014538,62.57593936279787
STU_014539,68.69321511489883
STU_014540,51.00510776383244
STU_014541,89.3238318001437
STU_014542,52.448697901422044
STU_014543,88.33265468554521
STU_014544,66.72708718730728
STU_014545,63.76679523937133
STU_014546,55.7346960067043
STU_014547,61.610851396203884
STU_014548,92.5915087850461
STU_014549,97.35336058370729
STU_014550,79.32950079515227
STU_014551,69.65737248483059
STU_014552,66.66651434223874
STU_014553,83.86701094838367
STU_014554,75.69830777275938
STU_014555,66.95698931696664
STU_014556,96.91827144800659
STU_014557,74.9759856656436
STU_014558,55.322553503138124
STU_014559,79.44629509998929
STU_014560,98.76039194738316
STU_014561,75.30351965804634
STU_014562,67.17746835799
STU_014563,75.58002017143626
STU_014564,99.03064317499773
STU_014565,69.36308910834836
STU_014566,87.21880651647069
STU_014567,70.12023692845864
STU_014568,69.72357039873938
STU_014569,75.57187323402174
STU_014570,55.04907583202892
STU_014571,65.03154374604401
STU_014572,72.80062802486847
STU_014573,78.91679960884153
STU_014574,64.21969704808728
STU_014575,58.22967796021395
STU_014576,69.4021894362078
STU_014577,56.45999286709603
STU_014578,63.765919483109954
STU_014579,79.66697141456326
STU_014580,88.92515135678742
STU_014581,89.25317029785441
STU_014582,81.72626887665987
STU_014583,69.18391269256702
STU_014584,78.83851798798756
STU_014585,70.31179225850718
STU_014586,88.4065871668874
STU_014587,57.72129101546123
STU_014588,81.1767744357669
STU_014589,53.62397052126961
STU_014590,64.17852856781829
STU_014591,89.15418682893588
STU_014592,75.26411567240035
STU_014593,93.942405419145
STU_014594,97.66361773921373
STU_014595,48.42248777863536
STU_014596,99.88939521547289
STU_014597,72.29831178936493
STU_014598,59.19524827578001
STU_014599,77.96909328044717
STU_014600,56.083089737730745
STU_014601,75.88747792636099
STU_014602,93.56278109530143
STU_014603,52.268109793006545
STU_014604,84.27110240213626
STU_014605,99.46093784050828
STU_014606,54.10137066999457
STU_014607,83.52111576235862
STU_014608,57.4252871604843
STU_014609,79.25810951880008
STU_014610,81.62061120943216
STU_014611,81.63570823243148
STU_014612,58.443937069726815
STU_014613,70.07019678960975
STU_014614,92.0323604727427
STU_014615,75.25692634970078
STU_014616,97.15189239921159
STU_014617,61.02596464726976
STU_014618,84.03428716283447
STU_014619,77.71043328794877
STU_014620,85.10189425646163
STU_014621,62.20439506996712
STU_014622,97.2056496735281
STU_014623,75.05929984858051
STU_014624,82.60183044127247
STU_014625,70.1053837437305
STU_014626,89.75031105000159
STU_014627,62.860193743262016
STU_014628,59.337963121592786
STU_014629,80.30620424440887
STU_014630,72.20654296963573
STU_014631,62.644152777486354
STU_014632,66.63576817484267
STU_014633,69.29904788264452
STU_014634,93.84470872042091
STU_014635,57.66315902570618
STU_014636,47.22316157097264
STU_014637,90.33574456631312
STU_014638,65.7920207793528
STU_014639,76.24893624784204
STU_014640,69.07183273920823
STU_014641,62.57555228426452
STU_014642,97.31314507505036
STU_014643,54.55774483577997
STU_014644,93.24572992228597
STU_014645,77.31278988297302
STU_014646,90.92104603316125
STU_014647,90.49974908630394
STU_014648,70.86389382973452
STU_014649,91.4036657229386
STU_014650,70.43141412183112
STU_014651,62.69505301554879
STU_014652,94.95649780932692
STU_014653,75.9845487009656
STU_014654,85.86612694680792
STU_014655,49.66537460427109
STU_014656,67.62726178124635
STU_014657,53.257672424983895
STU_014658,76.72031190591225
STU_014659,72.17432624680042
STU_014660,72.37077062425242
STU_014661,48.14958588402018
STU_014662,71.6651102646126
STU_014663,72.52598011510212
STU_014664,54.703643706370116
STU_014665,77.61943071008348
STU_014666,95.4963330692153
STU_014667,78.45414931806772
STU_014668,55.70640607084787
STU_014669,78.055820772712
STU_014670,98.05482821994786
STU_014671,78.16254759021948
STU_014672,84.83845656800355
STU_014673,93.52892840118108
STU_014674,94.65966629983224
STU_014675,82.98918193034051
STU_014676,74.670155330534
STU_014677,63.26918430844344
STU_014678,67.57047265679122
STU_014679,61.42361587293108
STU_014680,43.41684495240165
STU_014681,91.97838789000814
STU_014682,47.05367903983733
STU_014683,68.1895225728138
STU_014684,61.58515437655514
STU_014685,65.75266084752022
STU_014686,80.18515781718455
STU_014687,88.16811942975241
STU_014688,95.2209701924181
STU_014689,64.46886997367483
STU_014690,59.78187754070336
STU_014691,83.23283391963203
STU_014692,94.21920352807801
STU_014693,69.57943119584317
STU_014694,75.80836178411309
STU_014695,99.16266785785658
STU_014696,43.12615566539196
STU_014697,80.10610013939612
STU_014698,91.72809182491494
STU_014699,67.98420614273341
STU_014700,91.34940935832145
STU_014701,69.67956028489323
STU_014702,87.96999500156238
STU_014703,79.18256713637149
STU_014704,96.95426271016451
STU_014705,81.49491175851098
STU_014706,85.41553908721872
STU_014707,95.79500560782469
STU_014708,98.8854230599573
STU_014709,79.9445376485405
STU_014710,53.70124293939161
STU_014711,73.33107343177734
STU_014712,78.01664582007271
STU_014713,41.6930273142301
STU_014714,81.1526593873065
STU_014715,77.30246456489935
STU_014716,61.74997662648428
STU_014717,57.72322271554892
STU_014718,64.6135707884418
STU_014719,94.67030887957952
STU_014720,81.31056463956742
STU_014721,53.85407215641243
STU_014722,67.41700817532715
STU_014723,96.11111060701163
STU_014724,91.45298014819242
STU_014725,71.71819817514941
STU_014726,66.92691289068752
STU_014727,59.48564047949419
STU_014728,94.78504702414222
STU_014729,80.57698584347952
STU_014730,53.41732540358729
STU_014731,63.55231810407924
STU_014732,85.07044980506187
STU_014733,75.32736810064344
STU_014734,62.0081912223536
STU_014735,99.83015812698412
STU_014736,77.64846285033383
STU_014737,75.05287556030467
STU_014738,72.04881866540428
STU_014739,85.93948025734657
STU_014740,76.22454982285736
STU_014741,79.60271092278623
STU_014742,95.73553431259658
STU_014743,98.96127022417924
STU_014744,68.57702185924968
STU_014745,80.7870750774288
STU_014746,44.72654877957409
STU_014747,77.03718879917463
STU_014748,99.5667510095773
STU_014749,92.91321695713967
STU_014750,80.523868265293
STU_014751,95.12266495932853
STU_014752,78.45325059171547
STU_014753,59.35492006520555
STU_014754,99.73618643292147
STU_014755,66.48574975334553
STU_014756,66.69807402616023
STU_014757,72.4369859848647
STU_014758,99.75776669547484
STU_014759,67.84468128642038
STU_014760,75.88294933400758
STU_014761,75.57432233853334
STU_014762,99.87245219211543
STU_014763,82.343308219147
STU_014764,99.47238894377293
STU_014765,74.56015534298075
STU_014766,81.55179181878233
STU_014767,70.19558701256649
STU_014768,65.80997018429858
STU_014769,97.82411028070086
STU_014770,80.16827476878208
STU_014771,75.66870834441592
STU_014772,70.96890305010133
STU_014773,85.2215715804493
STU_014774,93.14840075150423
STU_014775,76.45040016907765
STU_014776,76.64457447553825
STU_014777,76.75183897580013
STU_014778,78.76215308717444
STU_014779,77.61223338379102
STU_014780,58.52214917370533
STU_014781,84.16361812881664
STU_014782,85.47770299941658
STU_014783,93.56822496248422
STU_014784,91.83662524740947
STU_014785,81.76864684439444
STU_014786,79.70496058471005
STU_014787,76.01040821674403
STU_014788,96.42471945832598
STU_014789,74.85415106621726
STU_014790,79.70393005591139
STU_014791,65.91501118688197
STU_014792,56.720211286153145
STU_014793,67.28634673056925
STU_014794,62.41680818770271
STU_014795,78.9846391256163
STU_014796,78.87622451233676
STU_014797,72.12395356002384
STU_014798,89.17886934918243
STU_014799,92.30896624375046
STU_014800,86.56016404169748
STU_014801,92.59374904454907
STU_014802,58.195785307601305
STU_014803,87.98303878912603
STU_014804,79.49047658163373
STU_014805,73.79320897081588
STU_014806,74.10045678503246
STU_014807,65.23232681213845
STU_014808,70.18838443395761
STU_014809,52.703971108692
STU_014810,96.63741845108038
STU_014811,98.81713527407493
STU_014812,74.20158328028296
STU_014813,61.959872974276294
STU_014814,69.12934318690401
STU_014815,56.01838130998118
STU_014816,79.51548974013937
STU_014817,85.82883588661583
STU_014818,47.352171420446425
STU_014819,80.19257744567739
STU_014820,70.61633360700829
STU_014821,57.81114159123638
STU_014822,99.13414883878401
STU_014823,63.39698670025078
STU_014824,92.73836296867262
STU_014825,76.43500517974299
STU_014826,92.21584348097682
STU_014827,57.655207694750985
STU_014828,76.29515168168528
STU_014829,76.01669768526821
STU_014830,83.47501413827759
STU_014831,84.25666813615393
STU_014832,64.29867241683927
STU_014833,63.79403080207624
STU_014834,81.47599673731725
STU_014835,75.74024822155422
STU_014836,85.37041931665338
STU_014837,71.8844544718042
STU_014838,74.49873734972368
STU_014839,81.57512202937568
STU_014840,77.64768372029282
STU_014841,99.0524906174984
STU_014842,52.995631009468795
STU_014843,70.56965524522238
STU_014844,95.62264769592046
STU_014845,66.56230686141883
STU_014846,84.80988347864438
STU_014847,79.15145578706878
STU_014848,56.47976573640357
STU_014849,58.70196968945913
STU_014850,69.48171120942145
STU_014851,84.05485728826662
STU_014852,79.69542174232812
STU_014853,75.55776692955669
STU_014854,63.61287159150074
STU_014855,75.86671087507851
STU_014856,72.5851942342164
STU_014857,80.86233920508316
STU_014858,65.01213863389447
STU_014859,86.80197871370393
STU_014860,45.2761279796709
STU_014861,86.77843640779756
STU_014862,96.93458193423814
STU_014863,65.92159531578247
STU_014864,76.6525651789251
STU_014865,69.94692641119694
STU_014866,68.29723889465936
STU_014867,71.62791508477108
STU_014868,99.833370898851
STU_014869,99.23558821590764
STU_014870,72.85118821382136
STU_014871,75.9709488201594
STU_014872,79.85933061333944
STU_014873,64.77235412102957
STU_014874,65.24868238211941
STU_014875,82.8078276894763
STU_014876,55.41734880128196
STU_014877,66.56223636923416
STU_014878,62.12557753064421
STU_014879,79.88466975999759
STU_014880,84.86987637859991
STU_014881,76.8466882790612
STU_014882,70.90485834169604
STU_014883,78.46131864074565
STU_014884,67.34715836551906
STU_014885,81.86225276576154
STU_014886,65.73179884848962
STU_014887,76.33542592245821
STU_014888,86.62325953378402
STU_014889,69.74114660889737
STU_014890,92.70283278043125
STU_014891,70.66950436034713
STU_014892,87.42985974121349
STU_014893,62.427869684144234
STU_014894,71.98787226774758
STU_014895,57.87094144229373
STU_014896,78.81333698948754
STU_014897,77.27700378503314
STU_014898,81.64421185987217
STU_014899,57.94615151294493
STU_014900,98.63499374140207
STU_014901,84.02614105246502
STU_014902,80.61260367287412
STU_014903,87.25504437694062
STU_014904,76.02639439254706
STU_014905,91.92349730768115
STU_014906,78.96139285503763
STU_014907,51.668709644349235
STU_014908,79.89096369213445
STU_014909,83.26685077292058
STU_014910,75.03217069582773
STU_014911,98.87171560309999
STU_014912,80.46494650518105
STU_014913,74.60400294196918
STU_014914,48.56509985211922
STU_014915,61.0940058209543
STU_014916,67.88160563316006
STU_014917,98.69183267598054
STU_014918,85.96708424955071
STU_014919,53.07354855350687
STU_014920,93.38531566612303
STU_014921,62.69505611773714
STU_014922,52.96747076641246
STU_014923,72.05390199577468
STU_014924,84.8129721087943
STU_014925,99.19219438112026
STU_014926,81.72669046898416
STU_014927,75.41413817933456
STU_014928,57.82571956305705
STU_014929,80.81606903380082
STU_014930,82.70699040584682
STU_014931,89.86873939084089
STU_014932,60.78686225017108
STU_014933,77.65863267510873
STU_014934,66.9249169350565
STU_014935,77.21460014950637
STU_014936,83.72095238283879
STU_014937,82.81129631142615
STU_014938,99.7894240239957
STU_014939,80.15501762300816
STU_014940,93.61291155192743
STU_014941,62.31336757810305
STU_014942,94.73967984726566
STU_014943,61.91432772064071
STU_014944,71.24022930809595
STU_014945,61.27790939997671
STU_014946,67.2071984936957
STU_014947,68.12221225365306
STU_014948,87.4231611826477
STU_014949,64.05333337749735
STU_014950,94.31697387640912
STU_014951,73.41808579611755
STU_014952,75.90741274496224
STU_014953,97.22443796485203
STU_014954,93.92030509947766
STU_014955,95.92089893319928
STU_014956,81.58605102905395
STU_014957,77.92944512436623
STU_014958,70.52151898052925
STU_014959,50.892210308424424
STU_014960,98.36936838069153
STU_014961,93.74263594306682
STU_014962,48.16794168390015
STU_014963,74.64273521127619
STU_014964,96.34283415457594
STU_014965,79.97352198202468
STU_014966,70.87344688467304
STU_014967,54.62080751554845
STU_014968,94.79797402692228
STU_014969,81.33816718300864
STU_014970,71.72707336230422
STU_014971,69.45316696225919
STU_014972,89.40574417315236
STU_014973,73.67102742625009
STU_014974,70.49803251452528
STU_014975,69.82280442288432
STU_014976,89.2822917671338
STU_014977,81.51788733930793
STU_014978,91.34835142744487
STU_014979,93.87632317104475
STU_014980,63.302172937920766
STU_014981,98.45907583186022
STU_014982,64.42163213000737
STU_014983,91.50850346355001
STU_014984,62.75350416833059
STU_014985,65.55169408617837
STU_014986,50.51397495089003
STU_014987,90.58334231169863
STU_014988,64.70883255712474
STU_014989,97.8427679015883
STU_014990,88.61825011101521
STU_014991,98.83447118557024
STU_014992,72.12409211271134
STU_014993,59.37699489400845
STU_014994,85.07006022131495
STU_014995,86.64118259044182
STU_014996,71.69804734734505
STU_014997,79.36368502213139
STU_014998,83.26366496652138
STU_014999,97.92474317245878
STU_015000,69.93778714604854
STU_015001,56.48458048436058
STU_015002,66.59394088322807
STU_015003,61.811006718898156
STU_015004,64.79955873113435
STU_015005,59.94839764150627
STU_015006,62.059390671960905
STU_015007,90.71370763002096
STU_015008,72.10111323463187
STU_015009,75.85063028253619
STU_015010,74.49226769889998
STU_015011,52.90450757398074
STU_015012,97.5420253308893
STU_015013,63.81035632677346
STU_015014,58.799280298115505
STU_015015,84.0718778379333
STU_015016,89.0691095070022
STU_015017,88.71303817163131
STU_015018,74.48208213677398
STU_015019,86.46169781866992
STU_015020,61.409456937306615
STU_015021,76.17454136245192
STU_015022,61.94433125487936
STU_015023,77.69576240381724
STU_015024,70.11415704267176
STU_015025,81.91982495922277
STU_015026,71.13878137160518
STU_015027,83.83791257198936
STU_015028,75.3893891197906
STU_015029,75.24136121282719
STU_015030,92.04882728538038
STU_015031,77.43095904622405
STU_015032,72.02688276585924
STU_015033,78.38388476994855
STU_015034,67.53791273389514
STU_015035,81.20433795739763
STU_015036,71.80495132083436
STU_015037,80.41106820470056
STU_015038,89.93349872968503
STU_015039,64.97378788199259
STU_015040,77.56176175972931
STU_015041,82.94347427163206
STU_015042,45.695309205153826
STU_015043,83.17793794979346
STU_015044,88.0551895005819
STU_015045,89.6052300262265
STU_015046,66.14231701737963
STU_015047,82.76656021293712
STU_015048,67.86793380153297
STU_015049,72.66591798916653
STU_015050,59.84380764771802
STU_015051,69.11818135292913
STU_015052,63.0818969170209
STU_015053,67.95669524024215
STU_015054,93.45462994877559
STU_015055,84.11639039275889
STU_015056,60.89950373758315
STU_015057,98.52427069934198
STU_015058,57.47089925348648
STU_015059,98.2676797612946
STU_015060,75.55248433940204
STU_015061,74.00823745246038
STU_015062,71.68267425924724
STU_015063,69.18727594028184
STU_015064,60.210845123603136
STU_015065,93.13121831365079
STU_015066,85.08946235871058
STU_015067,69.7195958856024
STU_015068,66.01398614733982
STU_015069,73.71181230151942
STU_015070,71.71548335137098
STU_015071,74.4990385832544
STU_015072,99.9568434018195
STU_015073,65.60433781550806
STU_015074,66.95894874508339
STU_015075,94.89335196600796
STU_015076,72.26365896086182
STU_015077,65.77088598684622
STU_015078,68.13359697484213
STU_015079,99.89169233133617
STU_015080,64.31084943924006
STU_015081,98.50753854372303
STU_015082,61.14514908923893
STU_015083,81.1927062580782
STU_015084,63.03079803802045
STU_015085,77.10555154641476
STU_015086,66.9456753356501
STU_015087,58.864550191186844
STU_015088,90.89536579285878
STU_015089,80.00973510160516
STU_015090,88.30876537011085
STU_015091,74.75285513874691
STU_015092,77.16236303678242
STU_015093,96.15957652506184
STU_015094,68.67857612928461
STU_015095,75.44008946780035
STU_015096,89.59384573859681
STU_015097,79.61091091241832
STU_015098,69.09566127077373
STU_015099,57.442954709670914
STU_015100,83.1153178557523
STU_015101,79.0828142676714
STU_015102,78.7099032821254
STU_015103,98.58545477096413
STU_015104,74.85347245904923
STU_015105,92.33044602100735
STU_015106,71.73897904391508
STU_015107,74.6999649707972
STU_015108,76.97498720656172
STU_015109,78.5089968578836
STU_015110,83.26954426686231
STU_015111,61.14090245463372
STU_015112,83.7549166253625
STU_015113,66.13925914566478
STU_015114,84.17642641039755
STU_015115,61.65391645758257
STU_015116,89.62390948411033
STU_015117,64.00825268654174
STU_015118,52.46389218003077
STU_015119,83.6898127965135
STU_015120,85.38369897371186
STU_015121,62.35722808946574
STU_015122,99.88781351230286
STU_015123,67.30112041686837
STU_015124,85.2170356822754
STU_015125,75.68091501432845
STU_015126,75.25512690605919
STU_015127,93.97343976551048
STU_015128,77.63300280830956
STU_015129,69.29379019007231
STU_015130,71.21761834613207
STU_015131,82.20914420910397
STU_015132,87.704805441353
STU_015133,94.36824048531338
STU_015134,83.01943523609458
STU_015135,84.46815496734102
STU_015136,76.55194425809012
STU_015137,70.46477921242032
STU_015138,70.65749201892707
STU_015139,81.14270681269034
STU_015140,96.79292410534246
STU_015141,69.37183258324534
STU_015142,73.99099172719569
STU_015143,99.3162565356937
STU_015144,82.97266998703213
STU_015145,60.48682804887956
STU_015146,97.06378420136738
STU_015147,77.8899600625623
STU_015148,70.94098411308286
STU_015149,66.95087875905386
STU_015150,47.159521630323944
STU_015151,52.2963405365869
STU_015152,73.78091284019058
STU_015153,59.67881326104121
STU_015154,83.30998049697742
STU_015155,83.83250127876775
STU_015156,74.42139940789016
STU_015157,61.82014248040621
STU_015158,95.53315214862906
STU_015159,51.763480720546255
STU_015160,86.15912064947238
STU_015161,61.19763386200286
STU_015162,81.36143687587963
STU_015163,80.68734142214076
STU_015164,41.62127765061321
STU_015165,87.17727636790603
STU_015166,96.54784199338104
STU_015167,82.01752869321948
STU_015168,60.92051288700901
STU_015169,92.47078167530816
STU_015170,74.59885357832584
STU_015171,89.50083391241367
STU_015172,60.97590198406307
STU_015173,74.88364268031802
STU_015174,96.96185803861094
STU_015175,73.23691419615514
STU_015176,99.72907280073954
STU_015177,76.17042035155981
STU_015178,64.66489360116056
STU_015179,75.26153271835301
STU_015180,62.24059557526772
STU_015181,80.77637592646488
STU_015182,81.75604170806338
STU_015183,84.28204480222918
STU_015184,69.93756898657705
STU_015185,81.88473906151268
STU_015186,75.45250156018251
STU_015187,58.47254981697107
STU_015188,68.09981729038995
STU_015189,89.57581612284744
STU_015190,96.58699771290343
STU_015191,81.70489802400085
STU_015192,99.62496647308726
STU_015193,78.96817699087117
STU_015194,87.77983695844755
STU_015195,84.44146016591874
STU_015196,79.89482581435271
STU_015197,73.6285834061495
STU_015198,81.73945432321018
STU_015199,71.30477505054
STU_015200,72.33823200473928
STU_015201,79.42002141692811
STU_015202,65.85089277902136
STU_015203,61.60136630294462
STU_015204,81.64575913717775
STU_015205,79.13404550432443
STU_015206,73.5831159871892
STU_015207,89.78241920779246
STU_015208,76.24066042214986
STU_015209,84.14167810418148
STU_015210,87.78754511083412
STU_015211,43.72234369511303
STU_015212,97.06470384837425
STU_015213,70.77203661114864
STU_015214,96.76972855957256
STU_015215,79.68217878534414
STU_015216,95.75633472829594
STU_015217,56.96637924054543
STU_015218,73.68179954069947
STU_015219,74.60575460270962
STU_015220,46.3242701363317
STU_015221,85.56232237753228
STU_015222,62.81206661747056
STU_015223,86.9692158523103
STU_015224,73.16725086114151
STU_015225,72.05168413659065
STU_015226,68.84042392051502
STU_015227,64.07116833687692
STU_015228,81.37933208484299
STU_015229,72.76240845990174
STU_015230,74.95473250465648
STU_015231,99.3506978967082
STU_015232,82.4723541778523
STU_015233,88.92063701983871
STU_015234,72.04952520612991
STU_015235,70.89545082421742
STU_015236,98.55977496733085
STU_015237,79.40956386802357
STU_015238,82.34043261639451
STU_015239,93.65925997367765
STU_015240,65.35397044850434
STU_015241,46.1376645288005
STU_015242,53.318964557643994
STU_015243,77.09045718006655
STU_015244,77.8711576924834
STU_015245,67.83454056689598
STU_015246,99.00864362762675
STU_015247,78.57457652386233
STU_015248,79.36560003048646
STU_015249,68.34477133215624
STU_015250,87.6863201588086
STU_015251,67.19789808713368
STU_015252,90.74506564928029
STU_015253,89.00787287626014
STU_015254,99.29799581809876
STU_015255,60.50831263430615
STU_015256,62.2125915000006
STU_015257,74.4318081112233
STU_015258,94.58244929393003
STU_015259,84.81008011707723
STU_015260,96.91752374610269
STU_015261,83.61553809495875
STU_015262,87.93623424771104
STU_015263,87.97443810700057
STU_015264,78.76010919904029
STU_015265,96.37965788639102
STU_015266,70.20356774302168
STU_015267,78.68492993966
STU_015268,56.41944894534196
STU_015269,61.37764470880065
STU_015270,74.36076772132657
STU_015271,73.39813369644817
STU_015272,67.20095802828355
STU_015273,87.3900238651654
STU_015274,75.22430363246764
STU_015275,44.549573220145405
STU_015276,49.65277566444181
STU_015277,71.34073502615794
STU_015278,99.27436196584321
STU_015279,49.289062573021255
STU_015280,86.81938942925974
STU_015281,99.61266261036607
STU_015282,85.54481314917928
STU_015283,82.65620577602432
STU_015284,76.32487102675373
STU_015285,43.55186473268821
STU_015286,87.63162467961291
STU_015287,77.3094172871828
STU_015288,77.87052481068308
STU_015289,61.48270901588017
STU_015290,77.47933523150223
STU_015291,77.44856147331664
STU_015292,66.46586448196037
STU_015293,60.869380691088686
STU_015294,82.23106854690394
STU_015295,77.24841773375147
STU_015296,65.90825288790002
STU_015297,86.74819612762042
STU_015298,96.80291037617852
STU_015299,70.68799604949834
STU_015300,86.46534139745654
STU_015301,73.00316550842646
STU_015302,82.43916012266054
STU_015303,66.91394123631193
STU_015304,60.383085576144396
STU_015305,68.11950990555759
STU_015306,81.67509490581406
STU_015307,98.85672672065388
STU_015308,58.51898036989161
STU_015309,69.3224937923292
STU_015310,81.41282107754849
STU_015311,60.33499779116797
STU_015312,82.88986565924273
STU_015313,60.327575807451886
STU_015314,83.44680701119725
STU_015315,71.15726892648354
STU_015316,91.38600947377653
STU_015317,72.58184410336249
STU_015318,82.1358475207203
STU_015319,70.67739690718072
STU_015320,71.89761852467434
STU_015321,62.17308863632597
STU_015322,97.38598522143359
STU_015323,79.98832958702762
STU_015324,69.68738088475178
STU_015325,81.48969345511432
STU_015326,56.13338710461355
STU_015327,76.17302038828628
STU_015328,72.37605237037928
STU_015329,71.39470717034894
STU_015330,74.55357147520786
STU_015331,61.6839621788713
STU_015332,99.85713981882228
STU_015333,69.03741662460403
STU_015334,77.71556063923592
STU_015335,97.24020422413071
STU_015336,92.03833010006217
STU_015337,66.51709288691782
STU_015338,64.62884264302338
STU_015339,64.88861189455798
STU_015340,92.66234749598597
STU_015341,80.90236962537338
STU_015342,99.83437575555985
STU_015343,81.46663141274199
STU_015344,95.06150614408843
STU_015345,99.6348833997776
STU_015346,87.84748118806183
STU_015347,96.75090961693962
STU_015348,73.16918278889855
STU_015349,81.85168566305116
STU_015350,87.51107730290505
STU_015351,99.64815373931324
STU_015352,81.97578726274247
STU_015353,75.52186688718142
STU_015354,56.90278973580804
STU_015355,58.23514349176875
STU_015356,61.501010257714285
STU_015357,69.1267258830563
STU_015358,82.01655874300751
STU_015359,85.66851845505533
STU_015360,93.89205637178998
STU_015361,79.15890283574983
STU_015362,72.84077790957693
STU_015363,76.93265881287164
STU_015364,93.78709977228392
STU_015365,76.11265034431601
STU_015366,92.76709828494266
STU_015367,81.47529466665253
STU_015368,75.38317998838176
STU_015369,98.80851295500946
STU_015370,96.08972293656876
STU_015371,58.69071167148405
STU_015372,60.84769740353815
STU_015373,86.21573640736388
STU_015374,88.23873001077848
STU_015375,68.21416485802023
STU_015376,71.76329343086888
STU_015377,90.7986146919852
STU_015378,73.44915886637115
STU_015379,94.20384893443568
STU_015380,88.41870455078987
STU_015381,94.89975767623488
STU_015382,84.42964690615757
STU_015383,58.00524852350425
STU_015384,77.38696969442353
STU_015385,58.607427803224724
STU_015386,76.30038316832542
STU_015387,66.94606297282945
STU_015388,77.46641438662935
STU_015389,98.64327132038059
STU_015390,44.11213604318878
STU_015391,79.10079034299287
STU_015392,90.18130886879598
STU_015393,90.66613958603408
STU_015394,75.58055179726757
STU_015395,79.50816561577496
STU_015396,71.47489959951663
STU_015397,98.25864400077505
STU_015398,72.18836421018341
STU_015399,98.04037576379275
STU_015400,90.51981397879788
STU_015401,89.95026883896867
STU_015402,71.89886487706765
STU_015403,57.46331188850097
STU_015404,79.58552154832299
STU_015405,81.35592566531508
STU_015406,86.073835089898
STU_015407,86.73459782995167
STU_015408,37.24481099508244
STU_015409,78.52522475004949
STU_015410,67.22388548956923
STU_015411,72.87092464440113
STU_015412,70.851108090252
STU_015413,78.01829887388348
STU_015414,72.57886123277638
STU_015415,65.9803596618584
STU_015416,87.25448870715822
STU_015417,57.93831480853581
STU_015418,87.34065714457624
STU_015419,53.656073402368904
STU_015420,62.69813328101728
STU_015421,94.61325017007017
STU_015422,75.72085317571857
STU_015423,84.21494097301652
STU_015424,99.36199112048688
STU_015425,90.25571484935054
STU_015426,62.59280713717697
STU_015427,57.86196228723372
STU_015428,74.97621585823497
STU_015429,78.9043820445245
STU_015430,36.87069548465233
STU_015431,65.75726231657015
STU_015432,80.0053539265197
STU_015433,69.32963728179533
STU_015434,64.42640668650563
STU_015435,67.36439867433097
STU_015436,76.05340416570455
STU_015437,70.56488573681297
STU_015438,93.84238325023156
STU_015439,76.21890262434364
STU_015440,75.91635032335778
STU_015441,66.81349511592413
STU_015442,88.12698279482933
STU_015443,63.2963956617055
STU_015444,79.62043800120549
STU_015445,65.75354688524698
STU_015446,70.31176220577828
STU_015447,46.97813681297546
STU_015448,45.994272414224305
STU_015449,83.13487945117996
STU_015450,91.95786885926884
STU_015451,78.5396064590487
STU_015452,80.66814401369123
STU_015453,96.80961007333318
STU_015454,79.1638692833261
STU_015455,51.71166208537725
STU_015456,77.35244692134341
STU_015457,66.73469142000259
STU_015458,65.50462092590672
STU_015459,48.11396772269368
STU_015460,99.91681564724531
STU_015461,99.78430042670105
STU_015462,72.54628415519215
STU_015463,81.88294315436148
STU_015464,58.819991410240505
STU_015465,50.295451613388074
STU_015466,87.1196688844305
STU_015467,87.93077447183884
STU_015468,55.01897651682258
STU_015469,65.02526132504558
STU_015470,94.33911909837015
STU_015471,74.24150821780847
STU_015472,91.19656248315155
STU_015473,88.50316281780461
STU_015474,98.77741771046836
STU_015475,75.9357074538695
STU_015476,81.8922521865464
STU_015477,53.42604922638436
STU_015478,50.14383704556681
STU_015479,97.39348880264859
STU_015480,68.54061115182765
STU_015481,81.1673550781531
STU_015482,64.51372314416389
STU_015483,90.88888831208486
STU_015484,67.13237619045226
STU_015485,66.47854589193196
STU_015486,72.43855693943573
STU_015487,63.04339877069377
STU_015488,76.38662902913849
STU_015489,82.97473853296384
STU_015490,91.8601302292742
STU_015491,83.70829586755077
STU_015492,63.13207800935032
STU_015493,65.6227482148088
STU_015494,63.188426994164644
STU_015495,89.00647975962822
STU_015496,66.09018840796668
STU_015497,55.512425358749
STU_015498,70.33707154800962
STU_015499,39.36492027774179
STU_015500,77.90859396365175
STU_015501,89.88667489801601
STU_015502,48.57689395808637
STU_015503,88.35188289755203
STU_015504,85.03593847725507
STU_015505,76.73531532007497
STU_015506,75.03273280706958
STU_015507,99.25219827905431
STU_015508,99.25228923296945
STU_015509,87.0661562103089
STU_015510,85.63145159570719
STU_015511,88.7246965237612
STU_015512,80.82127395845187
STU_015513,81.50903866649327
STU_015514,81.46470420976064
STU_015515,76.68316519726915
STU_015516,75.87044838900509
STU_015517,95.83088906414062
STU_015518,72.55402956547526
STU_015519,53.11365818680688
STU_015520,76.13358003944384
STU_015521,92.0628362149542
STU_015522,64.31982659384563
STU_015523,68.17223654627469
STU_015524,36.73959321255393
STU_015525,79.74703383722427
STU_015526,75.27098871275182
STU_015527,72.32650578163144
STU_015528,71.68899804073224
STU_015529,86.40588028512181
STU_015530,88.1397814759897
STU_015531,85.99062854449203
STU_015532,77.77861812811705
STU_015533,53.54577074063137
STU_015534,94.52689024743812
STU_015535,75.9747175955221
STU_015536,78.68118300272822
STU_015537,69.48744644276142
STU_015538,89.65661896413347
STU_015539,66.01482530764403
STU_015540,67.82436740794304
STU_015541,73.98549639958594
STU_015542,92.03819734658818
STU_015543,81.55590507653062
STU_015544,97.62938439597147
STU_015545,72.28164555660963
STU_015546,76.16039564236868
STU_015547,53.52593346910895
STU_015548,60.50149198919078
STU_015549,96.149931417402
STU_015550,94.06087331221474
STU_015551,78.27358045279709
STU_015552,73.52173793165963
STU_015553,49.694986135679684
STU_015554,86.05926703496286
STU_015555,83.70407654530885
STU_015556,94.01745770641566
STU_015557,76.93417322215582
STU_015558,87.25384823001352
STU_015559,89.16235204494328
STU_015560,80.43560464000637
STU_015561,84.3669727316275
STU_015562,82.36608699888235
STU_015563,67.7242098184972
STU_015564,70.57827652136476
STU_015565,66.36651700999676
STU_015566,70.64311311132015
STU_015567,72.95216201301423
STU_015568,73.24949245404328
STU_015569,73.92360954094062
STU_015570,96.30601355776305
STU_015571,60.48765269388012
STU_015572,78.49973058321312
STU_015573,84.83230370465846
STU_015574,63.39251038508892
STU_015575,77.59222276414808
STU_015576,68.95664106829675
STU_015577,71.50309364988246
STU_015578,79.61816537111005
STU_015579,72.27686418447503
STU_015580,73.940182221787
STU_015581,82.82089435068994
STU_015582,75.88684511505296
STU_015583,92.90320287763598
STU_015584,89.0344914551988
STU_015585,88.49782243724052
STU_015586,90.29350500626862
STU_015587,52.65621007451259
STU_015588,73.7031480433648
STU_015589,79.18170250215879
STU_015590,60.04896827044748
STU_015591,55.04822843405445
STU_015592,88.09945859873288
STU_015593,63.93137877768018
STU_015594,92.8596283158683
STU_015595,96.34761597995438
STU_015596,82.25768211810338
STU_015597,93.58779022689274
STU_015598,76.90315207841253
STU_015599,51.39839810056165
STU_015600,66.99785248140094
STU_015601,50.088485573031136
STU_015602,61.84728343242772
STU_015603,80.32730119718202
STU_015604,83.19504586722083
STU_015605,57.18332337840184
STU_015606,79.83681855818693
STU_015607,65.47060338362333
STU_015608,74.11813821485318
STU_015609,71.05370330914133
STU_015610,67.96284920924506
STU_015611,85.88891987399577
STU_015612,81.86517445193638
STU_015613,94.28857712219492
STU_015614,64.45364981792869
STU_015615,69.51725178183656
STU_015616,80.1697890365915
STU_015617,65.16901635766354
STU_015618,86.71739315697074
STU_015619,58.64238029026767
STU_015620,70.9615426448114
STU_015621,73.370756828179
STU_015622,79.82717143051991
STU_015623,89.92954326568635
STU_015624,80.660815548775
STU_015625,81.88995024172489
STU_015626,59.040372879253894
STU_015627,99.92938803943906
STU_015628,76.96028735896385
STU_015629,65.72943275510194
STU_015630,74.2485962125001
STU_015631,66.85745503298797
STU_015632,89.60571168468553
STU_015633,87.15952203350425
STU_015634,70.34397711423463
STU_015635,99.0275417419565
STU_015636,70.0165776293855
STU_015637,50.684997841802904
STU_015638,73.8332788852548
STU_015639,98.47877512937754
STU_015640,67.41316156736595
STU_015641,59.46038688482619
STU_015642,99.61922585410439
STU_015643,83.05927745982218
STU_015644,96.29245816424249
STU_015645,54.42778634749322
STU_015646,99.6380549142498
STU_015647,70.5561134041292
STU_015648,60.29137571731009
STU_015649,76.86592422953605
STU_015650,66.99636081181542
STU_015651,51.82212689640662
STU_015652,97.72017116560161
STU_015653,73.70338884162419
STU_015654,63.85930975551457
STU_015655,99.83437007408371
STU_015656,69.07487911774192
STU_015657,75.84266009120573
STU_015658,71.47038397338632
STU_015659,72.23361541165242
STU_015660,90.56303650333734
STU_015661,42.174295984730094
STU_015662,69.69332034995583
STU_015663,85.11321426784863
STU_015664,55.6638736317312
STU_015665,83.0990692314086
STU_015666,81.31011175240403
STU_015667,96.14153558495299
STU_015668,85.04275199441469
STU_015669,79.94319465626037
STU_015670,64.30487471325648
STU_015671,87.1471122236913
STU_015672,89.70409364327486
STU_015673,79.90065848558766
STU_015674,79.14599083133422
STU_015675,89.19561340736252
STU_015676,49.684794320670356
STU_015677,82.48670019863822
STU_015678,99.26954638472361
STU_015679,76.07930623380157
STU_015680,76.44684748668394
STU_015681,80.16251557392074
STU_015682,87.2058525235642
STU_015683,64.29447346485293
STU_015684,61.76949164143201
STU_015685,80.57116469757861
STU_015686,69.94059171022718
STU_015687,86.28668982910851
STU_015688,77.99735180708235
STU_015689,63.47838687226843
STU_015690,63.814563218889035
STU_015691,98.36447559488687
STU_015692,90.22902287788942
STU_015693,76.94220757521988
STU_015694,97.44048198253319
STU_015695,94.81595598933404
STU_015696,49.071725587038664
STU_015697,62.98856711936649
STU_015698,90.1163812809691
STU_015699,97.3689779578277
STU_015700,82.65091631283777
STU_015701,68.94941139604644
STU_015702,88.76413290549824
STU_015703,93.13150928628966
STU_015704,77.41727504836697
STU_015705,83.82988429196524
STU_015706,60.9448006588776
STU_015707,78.58416067900644
STU_015708,54.084569505197805
STU_015709,62.06925182641764
STU_015710,69.37664653356543
STU_015711,74.2129818304638
STU_015712,88.6653910742422
STU_015713,82.6268309307003
STU_015714,72.40501454895426
STU_015715,87.02271491950786
STU_015716,60.247290792288126
STU_015717,64.94650992788975
STU_015718,68.78171455025524
STU_015719,58.902436071918544
STU_015720,59.75449314976257
STU_015721,58.09605520042062
STU_015722,69.8819982317041
STU_015723,72.27520953882943
STU_015724,99.38803090697175
STU_015725,92.03077783520794
STU_015726,77.55803418466506
STU_015727,64.98355457356024
STU_015728,79.28872554784155
STU_015729,94.63369650948391
STU_015730,67.80957559149402
STU_015731,77.17315946041111
STU_015732,56.12661613355651
STU_015733,65.62805195296625
STU_015734,66.0369492966061
STU_015735,54.22174925663356
STU_015736,91.4013190959117
STU_015737,73.3273314079135
STU_015738,63.66692675339792
STU_015739,76.51577037909792
STU_015740,95.57284150161952
STU_015741,62.79640322831442
STU_015742,69.73505027084528
STU_015743,90.53927796975962
STU_015744,63.72157272383133
STU_015745,87.50592054905582
STU_015746,69.15217168644998
STU_015747,95.08594775941107
STU_015748,52.00965202582965
STU_015749,86.96006557076745
STU_015750,58.563764379219734
STU_015751,86.80137019125385
STU_015752,70.78776005250977
STU_015753,79.51573368799184
STU_015754,78.14140775619302
STU_015755,91.14531132561922
STU_015756,80.90070253760308
STU_015757,88.26942904716665
STU_015758,99.74028954666207
STU_015759,84.77947941535177
STU_015760,60.85544702873405
STU_015761,91.96366322045289
STU_015762,67.56007707499818
STU_015763,64.52459022629695
STU_015764,76.91210115192004
STU_015765,82.47220886310897
STU_015766,79.29980889293948
STU_015767,84.44599231086802
STU_015768,78.51654549355665
STU_015769,85.31057820387474
STU_015770,64.39459168581375
STU_015771,96.7261614873107
STU_015772,59.43689070404706
STU_015773,53.16559418789838
STU_015774,98.40975847489267
STU_015775,85.5964031232876
STU_015776,65.11643770273987
STU_015777,66.18761488575808
STU_015778,62.03516204392399
STU_015779,56.088266021237615
STU_015780,80.72880764857464
STU_015781,73.78880683851885
STU_015782,86.29528519176385
STU_015783,65.09485571269148
STU_015784,76.21892452965605
STU_015785,70.6254814219817
STU_015786,74.30141389996021
STU_015787,81.0632588844257
STU_015788,78.93206575588066
STU_015789,50.90618076635199
STU_015790,63.46210255737188
STU_015791,70.37718740747208
STU_015792,79.26194902197305
STU_015793,90.81952638079153
STU_015794,89.58573353418717
STU_015795,63.05324131497086
STU_015796,89.44112204387234
STU_015797,80.80375599940537
STU_015798,88.36986668886905
STU_015799,90.21255957103591
STU_015800,66.77637909371178
STU_015801,77.01261397718119
STU_015802,58.357564972372955
STU_015803,72.85419882112772
STU_015804,78.11033159420678
STU_015805,49.74627795252439
STU_015806,98.26226358511173
STU_015807,77.87262759713708
STU_015808,69.21213561544064
STU_015809,47.403432364625885
STU_015810,84.22891444030049
STU_015811,98.79563677324458
STU_015812,85.84915617638985
STU_015813,93.69075454491838
STU_015814,68.42812799345634
STU_015815,61.05237847962492
STU_015816,91.31314616832252
STU_015817,70.45032646836502
STU_015818,69.05934895464637
STU_015819,53.310362107626645
STU_015820,65.96134952343044
STU_015821,77.07828313298626
STU_015822,64.75700495651341
STU_015823,75.04231952770665
STU_015824,82.90754332956215
STU_015825,49.86971415129012
STU_015826,55.66440159451945
STU_015827,64.45724107968887
STU_015828,72.82106784363202
STU_015829,85.75677460326554
STU_015830,92.21749243775784
STU_015831,73.53842295502366
STU_015832,96.36772987858869
STU_015833,91.57232498805095
STU_015834,41.036384247429076
STU_015835,78.762821725276
STU_015836,80.35180242740284
STU_015837,74.9098018660246
STU_015838,71.39257760714749
STU_015839,89.09335928313509
STU_015840,68.2517553255285
STU_015841,55.54517403303334
STU_015842,92.55160328690026
STU_015843,86.23580452506549
STU_015844,91.16342615796894
STU_015845,65.93913613067846
STU_015846,63.8946881956285
STU_015847,74.37905705628876
STU_015848,86.90591710917477
STU_015849,97.97328234779988
STU_015850,55.46859975737243
STU_015851,71.4231763945771
STU_015852,62.829574853302816
STU_015853,76.13741798740291
STU_015854,92.15543761908398
STU_015855,94.41331967302011
STU_015856,74.8579813912004
STU_015857,82.72723286008835
STU_015858,63.90998255829966
STU_015859,71.19814642409307
STU_015860,70.02838109337236
STU_015861,70.26147033789879
STU_015862,67.35138517053001
STU_015863,95.5297765023622
STU_015864,52.494938781420785
STU_015865,59.37421257796696
STU_015866,74.58532900364699
STU_015867,39.301624378447244
STU_015868,68.09907120383085
STU_015869,92.14589336365583
STU_015870,75.2678958265632
STU_015871,74.75548555366483
STU_015872,46.27832695407633
STU_015873,96.87429784236387
STU_015874,71.60386642280041
STU_015875,84.95426067070879
STU_015876,63.43210029345346
STU_015877,96.72402695123347
STU_015878,84.02158176078851
STU_015879,96.8841856969882
STU_015880,79.7357057114364
STU_015881,97.10342219620323
STU_015882,69.17401287756736
STU_015883,78.10869045323473
STU_015884,86.87888229976198
STU_015885,59.23796107411474
STU_015886,92.00795100932356
STU_015887,99.09009375191741
STU_015888,62.448575661885066
STU_015889,88.14993703942874
STU_015890,93.7839121277898
STU_015891,89.60931626071748
STU_015892,55.118346645580544
STU_015893,56.57290256223242
STU_015894,51.507730431301255
STU_015895,61.27102110553445
STU_015896,67.52812196895606
STU_015897,91.23364186690851
STU_015898,77.53444188264959
STU_015899,89.59595031441474
STU_015900,68.89825576408629
STU_015901,70.94776655666217
STU_015902,75.34297619572341
STU_015903,84.35133569409166
STU_015904,79.18414094650244
STU_015905,90.88465749638597
STU_015906,71.83579770900499
STU_015907,99.82166434655113
STU_015908,64.91035897024503
STU_015909,73.93405615265195
STU_015910,76.80323606585418
STU_015911,61.427257029026606
STU_015912,79.9548398665995
STU_015913,67.08520520850533
STU_015914,67.24265470680518
STU_015915,86.65717323359681
STU_015916,62.618194771538896
STU_015917,49.63297425084407
STU_015918,78.25413721792253
STU_015919,87.7838343712831
STU_015920,80.03913443109877
STU_015921,94.00633395903066
STU_015922,53.752697530110396
STU_015923,92.57306213313309
STU_015924,75.39715342259532
STU_015925,69.67468404106235
STU_015926,80.6979544900122
STU_015927,75.02005696701147
STU_015928,76.44906653180404
STU_015929,88.27722792659019
STU_015930,57.111219257371665
STU_015931,58.67548484573589
STU_015932,76.00574083438534
STU_015933,77.52304830131285
STU_015934,72.0438334098658
STU_015935,99.67845487655273
STU_015936,99.60002470400973
STU_015937,80.3184502698371
STU_015938,79.8952070246027
STU_015939,66.16166344148952
STU_015940,94.10804809576756
STU_015941,64.75315092397548
STU_015942,88.9109289611511
STU_015943,81.40006203879528
STU_015944,97.6722115485257
STU_015945,74.3224363365581
STU_015946,75.35928924754434
STU_015947,72.68982153220804
STU_015948,70.50623881871252
STU_015949,58.16177455288885
STU_015950,97.14420460006437
STU_015951,71.1618049369846
STU_015952,70.56353622447581
STU_015953,61.8141004868035
STU_015954,79.52481817419533
STU_015955,77.94048076193448
STU_015956,80.26558506017416
STU_015957,54.792368788888666
STU_015958,70.38230733013494
STU_015959,92.15973879897516
STU_015960,71.17360065568171
STU_015961,89.12886105155161
STU_015962,84.97974865155139
STU_015963,77.43255668344223
STU_015964,63.768100753323054
STU_015965,87.17894910062223
STU_015966,55.23344469286635
STU_015967,79.7551058624536
STU_015968,79.60574316393993
STU_015969,67.99890584041785
STU_015970,78.7569859431705
STU_015971,63.78763319859095
STU_015972,84.95128507608706
STU_015973,64.78120883397965
STU_015974,88.60701060451012
STU_015975,52.76688491463224
STU_015976,51.09275602123842
STU_015977,62.52801364471935
STU_015978,68.55809019335472
STU_015979,85.99780965511667
STU_015980,85.6328003206909
STU_015981,97.2188955488379
STU_015982,94.77460605113889
STU_015983,83.32043542629884
STU_015984,88.48476028749565
STU_015985,72.03199828446499
STU_015986,45.74335086866462
STU_015987,73.36990809413487
STU_015988,60.3362691318478
STU_015989,81.18495804500108
STU_015990,58.63942205909033
STU_015991,72.586462197899
STU_015992,43.68583796976557
STU_015993,75.65158594157684
STU_015994,74.5983057136615
STU_015995,98.5855149016028
STU_015996,80.17503426801149
STU_015997,67.61326061379086
STU_015998,81.65087797132392
STU_015999,85.88282940690034
STU_016000,81.55621527208216
STU_016001,90.50312148901496
STU_016002,87.38826199176307
STU_016003,93.95966750774295
STU_016004,87.76211036001685
STU_016005,44.194988105453376
STU_016006,63.39123029070147
STU_016007,83.62359663876472
STU_016008,89.75831226874155
STU_016009,52.656618849255494
STU_016010,72.094093562054
STU_016011,84.40322516164046
STU_016012,71.20410061023574
STU_016013,68.9680731514777
STU_016014,98.2773378288847
STU_016015,50.01913909115963
STU_016016,95.92736902541573
STU_016017,77.62517030052098
STU_016018,81.91900164386186
STU_016019,71.85110438588312
STU_016020,92.1587990289578
STU_016021,99.90727166782881
STU_016022,66.47932494624598
STU_016023,99.71627598085809
STU_016024,73.63527165667207
STU_016025,91.16021543201661
STU_016026,53.14757428683352
STU_016027,61.49599991448309
STU_016028,68.96108531783656
STU_016029,75.8248159831944
STU_016030,97.5338339617773
STU_016031,93.70452791708978
STU_016032,84.96391691726656
STU_016033,85.39546166365366
STU_016034,78.76410031703935
STU_016035,66.20669791803898
STU_016036,99.80906753066927
STU_016037,77.957498418891
STU_016038,71.20361196765649
STU_016039,69.69239891328021
STU_016040,92.13177582688922
STU_016041,95.1533554973216
STU_016042,76.15710168394126
STU_016043,81.42597451484696
STU_016044,94.74961021561464
STU_016045,83.18791592270144
STU_016046,62.27501303111977
STU_016047,89.74699820774231
STU_016048,69.64257064609038
STU_016049,73.94418679753815
STU_016050,70.23158089780158
STU_016051,81.0225329993619
STU_016052,96.22089181077081
STU_016053,79.01755357777748
STU_016054,67.03620781738368
STU_016055,80.51682011194207
STU_016056,72.79813661881309
STU_016057,77.33293676931225
STU_016058,76.4149796028925
STU_016059,70.35359688151051
STU_016060,75.08311411489738
STU_016061,48.65832971952794
STU_016062,69.16156810817075
STU_016063,78.12600072773711
STU_016064,61.608365367397866
STU_016065,76.35445728363632
STU_016066,82.90220252707364
STU_016067,59.527307121774015
STU_016068,99.5157423690211
STU_016069,78.65245883763626
STU_016070,70.82636749915204
STU_016071,63.89967451900252
STU_016072,85.88661660606242
STU_016073,77.58476628740164
STU_016074,87.08940186859844
STU_016075,98.67924120513041
STU_016076,61.61560612707737
STU_016077,64.05433297688559
STU_016078,84.59003950275103
STU_016079,86.96883932033505
STU_016080,80.46688565795093
STU_016081,64.05629056883367
STU_016082,85.14363157927684
STU_016083,98.83583101869785
STU_016084,71.84781922689184
STU_016085,51.520864580807626
STU_016086,96.02401255077939
STU_016087,72.07091328007454
STU_016088,73.71556560683736
STU_016089,87.73713661667432
STU_016090,88.3412435422107
STU_016091,62.15958820613339
STU_016092,71.07167391850919
STU_016093,77.71997362391656
STU_016094,76.58964072881702
STU_016095,74.16009724310554
STU_016096,88.3766581010867
STU_016097,69.20633328664528
STU_016098,59.41301683075355
STU_016099,85.18549879771983
STU_016100,75.03549623812451
STU_016101,58.01990158944402
STU_016102,78.15452877400122
STU_016103,55.05816063932163
STU_016104,81.0257136335688
STU_016105,62.44313734068875
STU_016106,62.182002467109264
STU_016107,76.8409032605804
STU_016108,69.4390396151581
STU_016109,67.2335077831716
STU_016110,63.92932689817144
STU_016111,87.60175122865503
STU_016112,81.33647220268064
STU_016113,57.99462522435418
STU_016114,71.60644237711148
STU_016115,87.8408073335616
STU_016116,95.68364484173863
STU_016117,80.75075431986268
STU_016118,66.09383492511505
STU_016119,81.9711625542986
STU_016120,86.41884480003962
STU_016121,68.16449752658302
STU_016122,72.67995983250623
STU_016123,87.52917541119677
STU_016124,95.88047848648773
STU_016125,91.04631122293196
STU_016126,80.18510172467957
STU_016127,85.42297413662705
STU_016128,95.59345655684143
STU_016129,65.98173118404429
STU_016130,97.34660953691235
STU_016131,83.85566208523132
STU_016132,69.57282941145066
STU_016133,73.03891293630073
STU_016134,74.87466148117693
STU_016135,59.46138586522077
STU_016136,90.97905877239003
STU_016137,80.12188658758852
STU_016138,76.80122720556132
STU_016139,97.83624719542556
STU_016140,85.728101163757
STU_016141,89.5314328784874
STU_016142,83.36645511475176
STU_016143,53.42836839292638
STU_016144,77.38080472573282
STU_016145,76.16177234733594
STU_016146,87.50207866520294
STU_016147,88.32785378950733
STU_016148,64.14019926487153
STU_016149,53.38883457607746
STU_016150,95.33934491428703
STU_016151,59.41908251847066
STU_016152,77.35804320905308
STU_016153,69.13328117834384
STU_016154,81.75491466572976
STU_016155,83.59560640114698
STU_016156,64.3960426479315
STU_016157,77.03474777599581
STU_016158,98.18270819185082
STU_016159,62.306034720959424
STU_016160,77.78941373212453
STU_016161,74.90398231741572
STU_016162,95.82525053496418
STU_016163,75.6604322633546
STU_016164,62.76874579689377
STU_016165,95.84284324043689
STU_016166,64.3333531486469
STU_016167,86.02115623469899
STU_016168,86.81782195059614
STU_016169,90.68759278374826
STU_016170,84.50702414373579
STU_016171,75.57355938013148
STU_016172,61.32633009195466
STU_016173,72.32374579443987
STU_016174,59.72214672555158
STU_016175,92.14878521729537
STU_016176,75.50645720285868
STU_016177,86.25701391219474
STU_016178,81.10157109761609
STU_016179,80.3503206966004
STU_016180,55.17736685075623
STU_016181,94.53142436987582
STU_016182,53.067291374503185
STU_016183,76.98050475659261
STU_016184,72.16226634028219
STU_016185,99.77904024026115
STU_016186,47.50620830960405
STU_016187,95.82070317214509
STU_016188,76.88066663751721
STU_016189,84.83762952252391
STU_016190,81.83775484925545
STU_016191,56.189488856150064
STU_016192,58.369215368796375
STU_016193,78.63298992861847
STU_016194,91.57898476560507
STU_016195,84.30673805600563
STU_016196,56.019316082454935
STU_016197,97.32836640147869
STU_016198,71.50059346223779
STU_016199,78.14532257573993
STU_016200,64.41625821454029
STU_016201,68.95800441966824
STU_016202,62.60560849750605
STU_016203,68.3586213823496
STU_016204,62.50092103373833
STU_016205,55.20214304906426
STU_016206,71.27085461266338
STU_016207,51.52894607029653
STU_016208,69.72199170094822
STU_016209,69.17207809966719
STU_016210,57.8166307054172
STU_016211,71.80195323161327
STU_016212,68.0897792011756
STU_016213,92.51770560487236
STU_016214,55.26971471905445
STU_016215,69.58402949249495
STU_016216,59.70592840897532
STU_016217,72.27056593472679
STU_016218,99.40311012662318
STU_016219,80.9587747210464
STU_016220,89.08343449741265
STU_016221,66.00518473732359
STU_016222,67.20253737352166
STU_016223,66.1015423124801
STU_016224,98.40370244865446
STU_016225,83.06125397581334
STU_016226,89.12432267766287
STU_016227,79.21892829163606
STU_016228,74.24321308299545
STU_016229,64.7778192122785
STU_016230,66.19311351194685
STU_016231,95.91496391711817
STU_016232,98.40018634846052
STU_016233,50.098089597824526
STU_016234,87.16931616816996
STU_016235,57.92961785707933
STU_016236,76.03268555013277
STU_016237,70.24221642795268
STU_016238,87.47964367000401
STU_016239,67.746791850385
STU_016240,92.38839044759591
STU_016241,86.41082962502578
STU_016242,71.16822185686294
STU_016243,76.57965630691425
STU_016244,77.52185577624253
STU_016245,70.83704834127953
STU_016246,66.40932503587172
STU_016247,69.34582855866513
STU_016248,71.98032958671993
STU_016249,63.98050150800663
STU_016250,89.37130984401885
STU_016251,55.09040279315238
STU_016252,88.57859820398002
STU_016253,87.13853615143488
STU_016254,84.29820955059719
STU_016255,70.06805944127248
STU_016256,45.18401767993446
STU_016257,82.32065953366597
STU_016258,81.96032867265322
STU_016259,71.75490565835379
STU_016260,72.02101857375455
STU_016261,95.98156747504501
STU_016262,81.15965705632969
STU_016263,54.919656744644385
STU_016264,54.962987593018106
STU_016265,98.30537169811073
STU_016266,90.5774227267318
STU_016267,70.07794053201297
STU_016268,80.59333111557862
STU_016269,94.74985635614817
STU_016270,68.79762016403886
STU_016271,71.1818411657861
STU_016272,83.80046939812573
STU_016273,77.30162918441684
STU_016274,59.22005694068518
STU_016275,72.67228431200944
STU_016276,61.91417508674362
STU_016277,86.03567410366304
STU_016278,85.856122448393
STU_016279,80.55410386117273
STU_016280,77.54491284495842
STU_016281,80.93085009916074
STU_016282,68.38685160509132
STU_016283,67.4623903143535
STU_016284,87.89997169915453
STU_016285,61.83257026445128
STU_016286,60.8829758985134
STU_016287,89.33345468225704
STU_016288,91.01025612545317
STU_016289,74.24513006641303
STU_016290,63.60464167896853
STU_016291,75.22507864734203
STU_016292,73.06281947613873
STU_016293,80.48557475652223
STU_016294,69.66309433180525
STU_016295,84.6565081595057
STU_016296,70.35023913372436
STU_016297,86.85063890667345
STU_016298,50.20837855061495
STU_016299,68.1315183318285
STU_016300,67.79123353923052
STU_016301,55.933650444438385
STU_016302,67.91021163796849
STU_016303,77.43796376136609
STU_016304,87.12309026651009
STU_016305,90.84044275197321
STU_016306,79.39973674510206
STU_016307,66.67155373771101
STU_016308,62.85154797573616
STU_016309,88.36413930702724
STU_016310,78.06160060999676
STU_016311,60.23047795208701
STU_016312,65.66073608325327
STU_016313,99.15241370794172
STU_016314,89.44496054210776
STU_016315,60.002172787455606
STU_016316,96.03642958665573
STU_016317,84.02308892748529
STU_016318,73.64821523305635
STU_016319,65.25421691901782
STU_016320,69.72195869435687
STU_016321,63.84865157497275
STU_016322,96.19710638435356
STU_016323,71.64334846487242
STU_016324,52.28520716259591
STU_016325,75.55072721123538
STU_016326,78.45084469884631
STU_016327,82.58149832273833
STU_016328,72.26425457940378
STU_016329,67.69092767743795
STU_016330,70.8006593053037
STU_016331,79.90703651150218
STU_016332,86.02209267456145
STU_016333,88.70011880196665
STU_016334,62.486864560948035
STU_016335,74.16152680186204
STU_016336,68.31803800232429
STU_016337,62.43839971026726
STU_016338,75.98267724322157
STU_016339,77.30601449400646
STU_016340,87.57803456527232
STU_016341,87.72422898341021
STU_016342,73.75068135845568
STU_016343,71.48598507318194
STU_016344,92.94903944900551
STU_016345,84.57666946093462
STU_016346,87.05936831973659
STU_016347,52.093715764869465
STU_016348,65.06597089721936
STU_016349,87.06163856372382
STU_016350,60.252732097849616
STU_016351,72.40148899942685
STU_016352,78.73576247158272
STU_016353,72.37062282888246
STU_016354,49.758531199537885
STU_016355,75.02978329832068
STU_016356,69.49554491859682
STU_016357,62.608397435698
STU_016358,76.05834168982187
STU_016359,88.36281541627656
STU_016360,78.04832517638681
STU_016361,71.71004300365423
STU_016362,75.9707522593869
STU_016363,72.34585365003652
STU_016364,71.04163381319674
STU_016365,76.88833494721976
STU_016366,70.33138004987542
STU_016367,78.61945599270983
STU_016368,57.50002727893977
STU_016369,75.54116041566996
STU_016370,43.88160159129526
STU_016371,62.51419822212257
STU_016372,91.85062774684837
STU_016373,83.49562470829797
STU_016374,72.65030153983363
STU_016375,76.14695903699028
STU_016376,92.63580092302635
STU_016377,57.915634259871254
STU_016378,85.50495925445571
STU_016379,61.72693054865646
STU_016380,85.57767801977447
STU_016381,61.10001117219724
STU_016382,76.1334671393884
STU_016383,53.09437719859524
STU_016384,93.3515400113533
STU_016385,92.44023345943197
STU_016386,71.05087246956778
STU_016387,72.7991699788318
STU_016388,59.429190209711656
STU_016389,76.29459874741926
STU_016390,78.56004387883826
STU_016391,99.34501698360927
STU_016392,83.18911459035078
STU_016393,77.76613707712715
STU_016394,95.69763217694329
STU_016395,60.05726461340995
STU_016396,92.11741121093841
STU_016397,67.69434859767904
STU_016398,60.24825403640125
STU_016399,67.56750156240642
STU_016400,82.6076740292048
STU_016401,74.6839534946087
STU_016402,95.3217678172301
STU_016403,63.91603181954601
STU_016404,66.93401392578075
STU_016405,67.66330603405072
STU_016406,66.32874280902892
STU_016407,93.91322547566881
STU_016408,89.63166310157246
STU_016409,51.099036778759476
STU_016410,63.325741709883204
STU_016411,54.01318044884121
STU_016412,50.7310354697871
STU_016413,66.17758719061975
STU_016414,86.85250420221924
STU_016415,85.31578275397194
STU_016416,79.06780592404607
STU_016417,80.15976397988919
STU_016418,98.56305079978905
STU_016419,73.61526588874796
STU_016420,63.86018367010048
STU_016421,65.05504090164148
STU_016422,67.92243270520135
STU_016423,98.8351048895729
STU_016424,68.14590791816511
STU_016425,82.08398072049675
STU_016426,76.05838157419038
STU_016427,74.17486904450146
STU_016428,99.68591416401688
STU_016429,74.67962781429429
STU_016430,85.73696607550029
STU_016431,96.95013313186477
STU_016432,49.37415719527325
STU_016433,59.85807799189066
STU_016434,59.19350349764336
STU_016435,79.30058503767837
STU_016436,92.73124808913308
STU_016437,79.24125696676096
STU_016438,77.80050142012547
STU_016439,75.0196866271145
STU_016440,63.889170546530565
STU_016441,92.95328677433098
STU_016442,95.99919952571548
STU_016443,68.98562136035592
STU_016444,76.19414813428476
STU_016445,73.77798993773132
STU_016446,65.84482233219312
STU_016447,64.11004247660226
STU_016448,70.43659379097315
STU_016449,76.767993201774
STU_016450,71.07659728809212
STU_016451,89.8943333146215
STU_016452,87.98097700789525
STU_016453,61.111290628431036
STU_016454,66.42924081446587
STU_016455,47.99471816920489
STU_016456,72.79404296648539
STU_016457,89.40950201045226
STU_016458,75.08793868717012
STU_016459,78.05883371183158
STU_016460,78.44362500594957
STU_016461,56.081551041785374
STU_016462,84.6412045465769
STU_016463,82.91805855747177
STU_016464,78.89741023534796
STU_016465,83.74414704973063
STU_016466,70.40528325873284
STU_016467,81.14387963219224
STU_016468,66.67147487096946
STU_016469,54.61810375705693
STU_016470,90.2017334102024
STU_016471,58.085398302645686
STU_016472,86.1208089015
STU_016473,75.05792680801136
STU_016474,69.19633503337609
STU_016475,99.23093385834319
STU_016476,95.48044719774532
STU_016477,92.33907088901373
STU_016478,87.2051733032422
STU_016479,66.85882285551801
STU_016480,81.67909802949171
STU_016481,73.87048352276278
STU_016482,62.66190838140965
STU_016483,86.46605378455546
STU_016484,70.54099999386743
STU_016485,67.93497206126384
STU_016486,87.09851992441276
STU_016487,70.80682629974294
STU_016488,79.2043628833006
STU_016489,97.04013878648257
STU_016490,67.17154760518524
STU_016491,88.99877568571816
STU_016492,89.6536711075536
STU_016493,87.72773714954185
STU_016494,73.38439723328524
STU_016495,46.235444368010704
STU_016496,82.48851754499343
STU_016497,45.84521107236098
STU_016498,61.79709323001312
STU_016499,75.8081281438938
STU_016500,71.14735289455558
STU_016501,73.67678401576956
STU_016502,73.79160260676686
STU_016503,56.20119751467257
STU_016504,78.32002311825526
STU_016505,96.49365112764119
STU_016506,74.14190489294171
STU_016507,66.50196285635695
STU_016508,86.87164043468206
STU_016509,41.10291397517882
STU_016510,72.73366496389193
STU_016511,68.32305219872327
STU_016512,67.42650720372059
STU_016513,53.107537064451485
STU_016514,88.95323503671207
STU_016515,61.48921370764465
STU_016516,57.16867123930248
STU_016517,80.89667595412021
STU_016518,78.18890269263564
STU_016519,83.02225665947702
STU_016520,58.96785933352135
STU_016521,99.83184666748446
STU_016522,51.62644879770545
STU_016523,70.96792684194065
STU_016524,67.80673538476626
STU_016525,44.815258697432
STU_016526,99.86887927430939
STU_016527,55.17435893940268
STU_016528,66.74610901816713
STU_016529,71.55315398972782
STU_016530,82.80359781171789
STU_016531,96.89448420326306
STU_016532,98.6368849556032
STU_016533,76.97277906486217
STU_016534,87.78990516326758
STU_016535,63.85397176688217
STU_016536,84.19653150911945
STU_016537,81.40011779800119
STU_016538,67.19938951697529
STU_016539,68.2309895027051
STU_016540,78.34048271275931
STU_016541,99.76986151724157
STU_016542,57.2216691728586
STU_016543,62.18502708155606
STU_016544,92.19737725949159
STU_016545,92.18566105784413
STU_016546,64.75763208744006
STU_016547,99.9652978660636
STU_016548,93.51041277084322
STU_016549,83.35069618156305
STU_016550,66.4016834885092
STU_016551,79.94862181631615
STU_016552,88.82255534513027
STU_016553,67.68400613770083
STU_016554,89.82185077633329
STU_016555,69.52816087872752
STU_016556,79.34444339150191
STU_016557,71.12369931904709
STU_016558,76.21909980296701
STU_016559,84.4109971891373
STU_016560,62.26956696953549
STU_016561,83.91978318678697
STU_016562,77.21696109467489
STU_016563,75.92177782269918
STU_016564,70.04875725437337
STU_016565,78.39533291914724
STU_016566,87.38099482662997
STU_016567,73.21052524464871
STU_016568,70.56551496407862
STU_016569,58.352091942868576
STU_016570,66.50159083390027
STU_016571,90.08671163025005
STU_016572,57.97555416575939
STU_016573,55.03003869487143
STU_016574,97.81240238882485
STU_016575,64.2385072647925
STU_016576,83.71909456838885
STU_016577,89.94874975415237
STU_016578,84.93271984592695
STU_016579,87.60062906549301
STU_016580,85.55887055537936
STU_016581,97.78827009731641
STU_016582,63.89128296946396
STU_016583,84.54935321415053
STU_016584,97.97185091395464
STU_016585,86.5671297932157
STU_016586,78.26711207345834
STU_016587,74.18860673451516
STU_016588,69.72902052995444
STU_016589,69.16609694294532
STU_016590,74.02588854732397
STU_016591,59.87567709591105
STU_016592,81.26304899322474
STU_016593,85.66221206668344
STU_016594,44.250338449697836
STU_016595,77.77349174055567
STU_016596,88.2537279885203
STU_016597,54.19098102293127
STU_016598,82.26955770305344
STU_016599,45.57932128114944
STU_016600,47.97351611365828
STU_016601,80.10566964840416
STU_016602,56.08101580741807
STU_016603,53.13038927521734
STU_016604,88.67066536320571
STU_016605,91.96215751913861
STU_016606,68.96252046785877
STU_016607,42.731121951377716
STU_016608,85.5389650911752
STU_016609,78.30973516872336
STU_016610,86.83237506960933
STU_016611,58.172154641452124
STU_016612,95.39881932324525
STU_016613,81.33095847238462
STU_016614,66.85642041824103
STU_016615,92.98295249603251
STU_016616,87.98211887299385
STU_016617,92.30971330110462
STU_016618,72.69658425239228
STU_016619,89.05759456686066
STU_016620,55.0725051283614
STU_016621,80.31524772028826
STU_016622,76.1420601014523
STU_016623,76.20339943203805
STU_016624,98.13912042345893
STU_016625,79.2545002389038
STU_016626,58.025916419158975
STU_016627,99.52400173721867
STU_016628,87.59991946408155
STU_016629,53.945836657780944
STU_016630,71.59666777865833
STU_016631,64.85878689789708
STU_016632,63.18462926296553
STU_016633,76.74232770107487
STU_016634,65.20568047740994
STU_016635,93.34639382076753
STU_016636,83.55096017732416
STU_016637,66.682098920325
STU_016638,68.04650189265868
STU_016639,65.41206002163995
STU_016640,99.68623502193871
STU_016641,83.95095299625467
STU_016642,58.809166397420306
STU_016643,69.99740948260717
STU_016644,78.19833941142764
STU_016645,85.29648333386012
STU_016646,84.12154900576215
STU_016647,66.75772950590999
STU_016648,76.04831717028362
STU_016649,88.09280387306157
STU_016650,89.99534667963569
STU_016651,83.37013093524685
STU_016652,86.89460846964958
STU_016653,80.38999377566513
STU_016654,94.40612459031108
STU_016655,71.21879873755687
STU_016656,77.19976027722667
STU_016657,80.2146050331758
STU_016658,90.78341256449241
STU_016659,75.27434287030518
STU_016660,90.95251050752083
STU_016661,73.5560141171858
STU_016662,70.44233887749593
STU_016663,89.91643573210561
STU_016664,67.32529253539518
STU_016665,77.44662245472088
STU_016666,66.4437501274609
STU_016667,69.92061252012489
STU_016668,93.1317253908396
STU_016669,72.80321629887435
STU_016670,86.50424093584488
STU_016671,97.63901482280012
STU_016672,86.3049490295216
STU_016673,64.75807338784824
STU_016674,77.79334100060902
STU_016675,77.74454429391936
STU_016676,99.30253575810539
STU_016677,91.31412346969499
STU_016678,90.98058881763583
STU_016679,90.07344316777362
STU_016680,61.95531453983682
STU_016681,98.07787545165537
STU_016682,86.44095917064448
STU_016683,73.38850965428746
STU_016684,69.15469900669581
STU_016685,78.31133570481738
STU_016686,75.10809136027943
STU_016687,96.30658014715397
STU_016688,57.58680855805146
STU_016689,70.9695732991204
STU_016690,53.95243223535425
STU_016691,79.15593654577384
STU_016692,73.40933795639391
STU_016693,66.54985479744796
STU_016694,86.23589047674324
STU_016695,76.17674855319603
STU_016696,75.35291997572673
STU_016697,73.08415989889443
STU_016698,82.36673650385055
STU_016699,64.01806584488932
STU_016700,72.870121450763
STU_016701,79.09558431643549
STU_016702,82.55240097432565
STU_016703,89.27347967640628
STU_016704,83.03438479914261
STU_016705,90.63218959380102
STU_016706,73.14195954057577
STU_016707,82.1610395543149
STU_016708,90.54556129476752
STU_016709,45.58868409311393
STU_016710,76.57050505419309
STU_016711,59.014622042301944
STU_016712,48.66475665088501
STU_016713,96.6629212285259
STU_016714,97.19693085305455
STU_016715,66.22207416281564
STU_016716,70.77698638724189
STU_016717,89.7219133431739
STU_016718,53.475137898478174
STU_016719,89.29369728310793
STU_016720,96.66467184729662
STU_016721,79.75823765411033
STU_016722,74.1779794885336
STU_016723,68.06634335752746
STU_016724,75.24029965373752
STU_016725,66.8065702771476
STU_016726,60.51738280789749
STU_016727,69.25143818987195
STU_016728,58.789901951809604
STU_016729,75.76262611949281
STU_016730,85.09285517032765
STU_016731,62.949480165155215
STU_016732,90.17902373015178
STU_016733,85.69973391796326
STU_016734,61.57434997354186
STU_016735,84.56217518914669
STU_016736,60.64430749782618
STU_016737,67.75082204796021
STU_016738,76.5446008986523
STU_016739,79.39428837104829
STU_016740,70.49666962007042
STU_016741,77.64992559467123
STU_016742,91.16667718547316
STU_016743,72.41452109594273
STU_016744,60.202886871470085
STU_016745,62.916935295909646
STU_016746,51.73653410590633
STU_016747,83.08262244204155
STU_016748,78.92112516425775
STU_016749,53.61270703422795
STU_016750,89.21639712245215
STU_016751,88.04265209559966
STU_016752,63.23424731209931
STU_016753,74.75101692550187
STU_016754,99.41305352601742
STU_016755,75.52544997347948
STU_016756,76.88349542753143
STU_016757,80.9962982500002
STU_016758,53.17544790681765
STU_016759,98.14099061363291
STU_016760,70.6824013830107
STU_016761,77.84375470522161
STU_016762,71.53482747191063
STU_016763,79.42501568084913
STU_016764,65.30618702709259
STU_016765,88.73160848483839
STU_016766,90.71690090625667
STU_016767,81.63837487796472
STU_016768,89.14004692527877
STU_016769,46.4722608465142
STU_016770,54.29448643185896
STU_016771,66.98028833839079
STU_016772,92.05096665964349
STU_016773,69.46109976449544
STU_016774,82.67354364016202
STU_016775,71.4640214259857
STU_016776,94.24498923466363
STU_016777,49.521666315841934
STU_016778,76.69606059665782
STU_016779,72.79532981044191
STU_016780,86.80376269259848
STU_016781,50.04673922316529
STU_016782,82.83474709835549
STU_016783,67.86519944264853
STU_016784,95.66844227212655
STU_016785,91.85435051000712
STU_016786,68.6157757499034
STU_016787,67.70899744550199
STU_016788,90.21891460672022
STU_016789,75.38103819704568
STU_016790,81.21586881775654
STU_016791,69.16788540108628
STU_016792,74.07758131673737
STU_016793,79.7606067684064
STU_016794,73.13494487575342
STU_016795,72.2188291780048
STU_016796,86.93721935161571
STU_016797,65.85831338713052
STU_016798,74.33646595743704
STU_016799,91.31858664233972
STU_016800,65.12350478197659
STU_016801,60.611408020577564
STU_016802,64.75467084115495
STU_016803,93.39386459384545
STU_016804,93.02224290833853
STU_016805,55.90308104432758
STU_016806,81.38367509243751
STU_016807,77.73417333096381
STU_016808,86.23328616186637
STU_016809,87.02196907870207
STU_016810,49.06579572267014
STU_016811,79.17546046132263
STU_016812,69.59162158204215
STU_016813,78.6742698833037
STU_016814,88.23091416300242
STU_016815,68.61637267059814
STU_016816,72.23438857968162
STU_016817,99.53277583153563
STU_016818,51.99352236198979
STU_016819,87.52333590358623
STU_016820,81.28754157452298
STU_016821,78.3880792964452
STU_016822,75.48941395163243
STU_016823,99.96025273483349
STU_016824,78.9230775482581
STU_016825,81.43678483665289
STU_016826,71.97650316065852
STU_016827,77.15988398762875
STU_016828,70.45825139410557
STU_016829,82.93158437726142
STU_016830,71.96994851936397
STU_016831,87.8438669190521
STU_016832,65.40144599457504
STU_016833,62.54702382354084
STU_016834,90.16394527547958
STU_016835,77.08468775162905
STU_016836,82.03514607590802
STU_016837,98.72099593084762
STU_016838,91.30066610717121
STU_016839,69.67731015519747
STU_016840,78.60877316120566
STU_016841,97.75019755729323
STU_016842,73.34088220290195
STU_016843,67.9750365223651
STU_016844,86.69803886198211
STU_016845,68.26794641215663
STU_016846,65.34555461772003
STU_016847,71.30607643146745
STU_016848,60.014162039151586
STU_016849,74.24834986023204
STU_016850,76.11437787388284
STU_016851,66.13571514916526
STU_016852,86.42090825810344
STU_016853,88.90588089293482
STU_016854,84.93415511343116
STU_016855,77.13006815068462
STU_016856,98.51505436433803
STU_016857,64.05887277940242
STU_016858,57.17598867012234
STU_016859,98.25697846228368
STU_016860,99.322084060414
STU_016861,76.79061591358433
STU_016862,90.00417522894568
STU_016863,97.81720453317031
STU_016864,51.08192422628257
STU_016865,84.94250479073432
STU_016866,72.32937861855001
STU_016867,94.70630639584319
STU_016868,76.83000810101592
STU_016869,86.29455956017742
STU_016870,64.64437055677207
STU_016871,57.41590481388009
STU_016872,78.0066594941836
STU_016873,93.18357246197804
STU_016874,69.79381252244812
STU_016875,81.2921521316205
STU_016876,57.103049947052625
STU_016877,99.87661399256396
STU_016878,54.96560064625342
STU_016879,90.00604336975664
STU_016880,87.6320138855981
STU_016881,66.21019300809743
STU_016882,77.00156125471713
STU_016883,91.47543835074293
STU_016884,76.06409326894973
STU_016885,91.44400464675535
STU_016886,81.33248643349842
STU_016887,66.4682399271354
STU_016888,88.54194004256047
STU_016889,75.86559124557317
STU_016890,71.35794136780412
STU_016891,65.14707146616828
STU_016892,83.0419376909384
STU_016893,65.27803588094433
STU_016894,78.93134032854607
STU_016895,72.06639629155916
STU_016896,66.47275934803943
STU_016897,49.24782678861156
STU_016898,99.84167383220782
STU_016899,78.18834750688389
STU_016900,96.39679646081599
STU_016901,78.78181741027544
STU_016902,95.69722890362874
STU_016903,75.27505801301197
STU_016904,83.05210742047981
STU_016905,80.67066528491408
STU_016906,69.57144184985164
STU_016907,83.62406351886675
STU_016908,69.06033443520674
STU_016909,85.43834165908778
STU_016910,68.41597110576319
STU_016911,74.02472999028429
STU_016912,68.66589643012982
STU_016913,58.110199011690106
STU_016914,90.01603730729434
STU_016915,91.40253010388719
STU_016916,77.77703634399977
STU_016917,85.68743452430901
STU_016918,47.22103044077777
STU_016919,68.21320626531542
STU_016920,69.32371676059942
STU_016921,75.23172647967426
STU_016922,72.36783506150182
STU_016923,90.71282068211416
STU_016924,54.63828154279334
STU_016925,77.14124178599593
STU_016926,79.62846485456723
STU_016927,59.365060706079674
STU_016928,84.34821225886253
STU_016929,67.2010619897604
STU_016930,97.81893376075259
STU_016931,48.54425140736471
STU_016932,87.90607364088673
STU_016933,87.31746587409327
STU_016934,65.3091116930471
STU_016935,74.36549368902827
STU_016936,63.492707909908745
STU_016937,70.6462912203531
STU_016938,89.64328375711236
STU_016939,94.04209089569346
STU_016940,93.40711643302203
STU_016941,62.01991215431772
STU_016942,79.92061342599325
STU_016943,74.381154251096
STU_016944,80.45644155098181
STU_016945,93.56399994637869
STU_016946,84.10202276041205
STU_016947,75.16160204188148
STU_016948,75.9035480650987
STU_016949,63.16392894349168
STU_016950,69.82842953283523
STU_016951,96.95107308117653
STU_016952,57.51639826119883
STU_016953,61.170679021348086
STU_016954,71.40052168754862
STU_016955,85.57690707452328
STU_016956,91.05777252191403
STU_016957,63.47066461232501
STU_016958,77.09330314210646
STU_016959,97.71314669149642
STU_016960,80.6029140549553
STU_016961,64.75713079934106
STU_016962,76.72414549640375
STU_016963,98.22976945424402
STU_016964,90.67904774429576
STU_016965,89.73122588728702
STU_016966,74.27722022490866
STU_016967,91.27725890025349
STU_016968,97.61893836565142
STU_016969,63.49253595874754
STU_016970,74.83332039925689
STU_016971,65.27677827381959
STU_016972,96.8006167129911
STU_016973,68.02398660535019
STU_016974,76.90425510069923
STU_016975,59.90148585558995
STU_016976,71.55084681484179
STU_016977,90.69172357009802
STU_016978,68.09203371712037
STU_016979,59.39713973529746
STU_016980,83.13215319997278
STU_016981,58.77713494923275
STU_016982,74.5052293953465
STU_016983,60.51345417048797
STU_016984,65.40799600139341
STU_016985,99.68220921776569
STU_016986,85.34013189350408
STU_016987,81.47994732875296
STU_016988,73.87220154840173
STU_016989,88.97844790761481
STU_016990,72.79425273993382
STU_016991,64.05936914811964
STU_016992,81.85870925042184
STU_016993,74.04602781127261
STU_016994,62.898100402967515
STU_016995,66.94639414595537
STU_016996,93.85722381230113
STU_016997,79.0052541126813
STU_016998,92.03115143454932
STU_016999,98.87494988812222
STU_017000,86.87056498258038
STU_017001,88.2733345017195
STU_017002,94.73756160537202
STU_017003,97.60530800587588
STU_017004,67.86273929900882
STU_017005,86.32241926888723
STU_017006,89.04716931875929
STU_017007,76.9480608592178
STU_017008,79.41335528158436
STU_017009,85.71949776216404
STU_017010,74.47521458822249
STU_017011,49.67497326265452
STU_017012,58.087025681976556
STU_017013,99.67148108010916
STU_017014,79.72153545512212
STU_017015,79.56790751916523
STU_017016,92.52257808110703
STU_017017,65.04897517851634
STU_017018,75.31278894225085
STU_017019,53.77872956625889
STU_017020,70.75699444004246
STU_017021,79.49007501397216
STU_017022,71.56646454627702
STU_017023,63.67443745038226
STU_017024,62.959990317625284
STU_017025,64.3004417491131
STU_017026,77.30840404951857
STU_017027,80.76332061202407
STU_017028,71.8556496473496
STU_017029,88.43116357325238
STU_017030,88.42653750721598
STU_017031,57.65918982811888
STU_017032,95.33262716347555
STU_017033,88.77654817049222
STU_017034,73.63711696852442
STU_017035,70.86569307277647
STU_017036,89.69948368974866
STU_017037,96.81159306238067
STU_017038,97.31214475109161
STU_017039,87.58808388813358
STU_017040,98.2131206296467
STU_017041,60.77564973506378
STU_017042,89.29275573575478
STU_017043,73.86608734258748
STU_017044,95.87706709246807
STU_017045,85.50314777588247
STU_017046,81.96565013742813
STU_017047,97.33412394455385
STU_017048,66.29708518553574
STU_017049,85.1261390360749
STU_017050,65.1808879353024
STU_017051,77.4749564327117
STU_017052,97.64054846463587
STU_017053,78.00939147336183
STU_017054,90.58768016529929
STU_017055,81.9665251534396
STU_017056,79.05124886097448
STU_017057,95.43022814825088
STU_017058,80.00970538299862
STU_017059,60.206429713327935
STU_017060,65.27933689415067
STU_017061,95.84379531496694
STU_017062,59.54249317769246
STU_017063,75.97273603296756
STU_017064,65.6523810960651
STU_017065,93.6663038555244
STU_017066,60.059702675452044
STU_017067,96.75383256514444
STU_017068,68.69056956442078
STU_017069,78.13342659460984
STU_017070,80.03605005863443
STU_017071,79.31735785687124
STU_017072,75.4187736538851
STU_017073,92.29230924320242
STU_017074,87.26811606606952
STU_017075,92.32932917996727
STU_017076,56.72967002726753
STU_017077,90.1766735442022
STU_017078,65.45668533876717
STU_017079,60.99310981744904
STU_017080,53.32438707807985
STU_017081,73.68442578003572
STU_017082,85.63595368712197
STU_017083,69.10608830184715
STU_017084,47.358752604367965
STU_017085,66.35094933053642
STU_017086,89.13477025364529
STU_017087,70.58965080513912
STU_017088,92.32515007078324
STU_017089,63.856835616987226
STU_017090,83.88114565477136
STU_017091,65.33291824401354
STU_017092,90.62373553135116
STU_017093,51.76449359250855
STU_017094,80.49788411233375
STU_017095,52.84498924532038
STU_017096,63.30075936639527
STU_017097,63.04782069812438
STU_017098,45.76862960751964
STU_017099,74.91172169498773
STU_017100,84.3612863491945
STU_017101,79.25687071219083
STU_017102,77.35709962720034
STU_017103,78.67316378300212
STU_017104,83.90179852326912
STU_017105,65.67680964944734
STU_017106,61.04971927154209
STU_017107,45.475348820700184
STU_017108,82.70723691528622
STU_017109,67.58635045931719
STU_017110,69.11768866635893
STU_017111,87.21473050506464
STU_017112,86.2445161388284
STU_017113,59.57429195791863
STU_017114,78.1345837294996
STU_017115,76.49322604806439
STU_017116,99.76361439501835
STU_017117,48.53754497449078
STU_017118,85.40160676749846
STU_017119,83.39584599042
STU_017120,87.18901838121766
STU_017121,72.75901377703633
STU_017122,99.73536622075541
STU_017123,62.57794109686456
STU_017124,71.24237024441675
STU_017125,72.20328816391618
STU_017126,78.75002661086795
STU_017127,58.07158376269544
STU_017128,70.1718608635808
STU_017129,62.93369522055865
STU_017130,73.20726315933354
STU_017131,71.10690217283485
STU_017132,74.91432431436289
STU_017133,78.86775273272734
STU_017134,98.84696796982593
STU_017135,59.20358220369672
STU_017136,78.8180846414595
STU_017137,59.02517212621443
STU_017138,76.81483429238166
STU_017139,93.94071015911103
STU_017140,76.49640187254246
STU_017141,88.22438279674638
STU_017142,94.64368660653919
STU_017143,50.76978880415807
STU_017144,88.60071383821195
STU_017145,89.37897145573011
STU_017146,92.76789255210745
STU_017147,97.1688335045256
STU_017148,72.55933033078688
STU_017149,67.78057238127651
STU_017150,57.96775518916099
STU_017151,80.03908789823564
STU_017152,77.14392928364613
STU_017153,84.28125652436759
STU_017154,78.3051189764031
STU_017155,54.55801039210539
STU_017156,60.48248698542532
STU_017157,71.99543097704701
STU_017158,90.55918001417841
STU_017159,62.45120388419682
STU_017160,53.22992298623761
STU_017161,81.21178174918442
STU_017162,73.60892171787049
STU_017163,76.58540175605822
STU_017164,91.27709727662001
STU_017165,64.9594283903052
STU_017166,71.13482484919706
STU_017167,67.1938909927829
STU_017168,77.75338486253493
STU_017169,91.63450482817463
STU_017170,84.47474194097734
STU_017171,95.45940210691049
STU_017172,71.8152404695218
STU_017173,53.457370729384394
STU_017174,57.62377762754795
STU_017175,99.59314648353151
STU_017176,84.468978539058
STU_017177,70.5534989006675
STU_017178,86.04300204144107
STU_017179,87.9460970962657
STU_017180,74.48922446885639
STU_017181,83.2944884589399
STU_017182,65.07928699862656
STU_017183,97.3209464947065
STU_017184,85.49644349278013
STU_017185,95.30961502820479
STU_017186,62.62021641315465
STU_017187,89.05816266809266
STU_017188,76.9368638408194
STU_017189,56.494335014950444
STU_017190,91.09904630873048
STU_017191,70.20952510930519
STU_017192,63.055535092722295
STU_017193,56.14344533216946
STU_017194,88.79285069025546
STU_017195,69.20147850463889
STU_017196,81.13364725188428
STU_017197,80.42340382382402
STU_017198,70.94750259203057
STU_017199,74.25288018459885
STU_017200,61.84107126329066
STU_017201,72.82775699712856
STU_017202,86.28700264594495
STU_017203,71.92349248282156
STU_017204,63.799986222933896
STU_017205,89.86107304614781
STU_017206,76.77872590864006
STU_017207,98.02235700057301
STU_017208,62.669003432489205
STU_017209,59.39391343574874
STU_017210,37.41250897971603
STU_017211,84.5998835224538
STU_017212,96.08946433119172
STU_017213,89.17153398798561
STU_017214,82.86064740881899
STU_017215,61.25463520516477
STU_017216,57.920786711039426
STU_017217,99.93714152226757
STU_017218,70.54964562217876
STU_017219,96.32582722137386
STU_017220,77.6039718568337
STU_017221,68.45465096152807
STU_017222,71.09943127872009
STU_017223,70.61382150584045
STU_017224,87.34073436223859
STU_017225,90.06501968704575
STU_017226,76.03830348321821
STU_017227,68.25693175258887
STU_017228,85.30931092868208
STU_017229,64.4770204476304
STU_017230,93.83519521629425
STU_017231,66.91555763154234
STU_017232,69.08597713732783
STU_017233,72.16645909301207
STU_017234,86.89488724298268
STU_017235,79.53312118425333
STU_017236,56.853280038724044
STU_017237,94.05955333274973
STU_017238,77.89313461236766
STU_017239,53.44204786401116
STU_017240,92.47769038362907
STU_017241,69.87526543579942
STU_017242,45.84236794647045
STU_017243,84.5536352196298
STU_017244,75.8639006548911
STU_017245,85.78739799227573
STU_017246,84.06695411678851
STU_017247,53.873549783263655
STU_017248,65.32064420438412
STU_017249,61.08672473148003
STU_017250,57.87734681507898
STU_017251,90.26634575521207
STU_017252,62.44330398856718
STU_017253,85.80168821552545
STU_017254,47.47469936981723
STU_017255,53.560558871587105
STU_017256,50.60060594257986
STU_017257,81.04099414464581
STU_017258,75.19879364475989
STU_017259,69.19598492307207
STU_017260,67.09775776169577
STU_017261,56.69353367649096
STU_017262,69.08262680125362
STU_017263,77.54118272782969
STU_017264,66.24366494399791
STU_017265,89.33338663960707
STU_017266,52.201248536706636
STU_017267,65.58609041235971
STU_017268,69.63720917569864
STU_017269,66.20655820747393
STU_017270,80.70646353921535
STU_017271,76.17800697501114
STU_017272,57.74872700760368
STU_017273,89.17913979030311
STU_017274,88.97504939741746
STU_017275,68.42289982005414
STU_017276,54.7857096167956
STU_017277,79.30197366379196
STU_017278,92.8305679466811
STU_017279,73.28386353206936
STU_017280,82.26514792823178
STU_017281,68.78704433192348
STU_017282,73.5966016131712
STU_017283,82.653480075695
STU_017284,85.83746426669065
STU_017285,85.02855334597507
STU_017286,69.68118425830026
STU_017287,62.71296552392415
STU_017288,59.4938399139008
STU_017289,74.55913020730006
STU_017290,91.2006388760734
STU_017291,83.73617615575779
STU_017292,62.038479862540164
STU_017293,69.00934893525478
STU_017294,64.37991022224165
STU_017295,69.77837054822922
STU_017296,72.52679395031377
STU_017297,95.11446889130217
STU_017298,64.64101731041282
STU_017299,69.30881392588446
STU_017300,55.82860487706894
STU_017301,59.52194305777749
STU_017302,76.15122373307709
STU_017303,94.75770778168209
STU_017304,88.12498580842325
STU_017305,78.62235032876288
STU_017306,84.90794129169124
STU_017307,99.74064380099404
STU_017308,94.90689986722913
STU_017309,90.70153929929691
STU_017310,61.096823796841235
STU_017311,74.89125734489261
STU_017312,69.83186104899268
STU_017313,90.82863564216734
STU_017314,78.00345853158849
STU_017315,84.16843836381148
STU_017316,73.82866691188198
STU_017317,81.79618936646261
STU_017318,41.16573859419855
STU_017319,66.16827307179157
STU_017320,89.54398175250137
STU_017321,83.56923816172701
STU_017322,76.06105823232132
STU_017323,79.48650325756837
STU_017324,91.20137476774582
STU_017325,83.34475709778792
STU_017326,72.50995586296531
STU_017327,86.72467718484339
STU_017328,80.65969992543225
STU_017329,40.15114866695136
STU_017330,91.09139072070296
STU_017331,76.05255193212027
STU_017332,69.16185541338442
STU_017333,65.16028170681646
STU_017334,82.331480114183
STU_017335,81.97727038813412
STU_017336,62.60693628359989
STU_017337,77.80633256861245
STU_017338,80.21560269822446
STU_017339,98.27730288039318
STU_017340,78.39480334853448
STU_017341,88.04499863362767
STU_017342,63.658831603954184
STU_017343,82.05786326143942
STU_017344,63.582589969204506
STU_017345,68.66243401475401
STU_017346,60.194004320163124
STU_017347,93.61047536336406
STU_017348,72.74700317955599
STU_017349,80.2586488865763
STU_017350,53.05538245305784
STU_017351,60.09714301925723
STU_017352,56.72479122946344
STU_017353,59.235782177639635
STU_017354,84.656969972471
STU_017355,58.61851070674507
STU_017356,69.37161446198336
STU_017357,57.517297706674
STU_017358,63.17518362904229
STU_017359,86.51011139396408
STU_017360,98.513478632583
STU_017361,97.92904375501334
STU_017362,65.12245837603822
STU_017363,90.27064004117592
STU_017364,88.62467855963658
STU_017365,88.0755644670588
STU_017366,90.39988033279882
STU_017367,99.62952532715782
STU_017368,64.14383694936822
STU_017369,55.33895775106947
STU_017370,80.54809132113581
STU_017371,84.24826750089298
STU_017372,88.09872632707463
STU_017373,63.198875963445
STU_017374,48.79870577471917
STU_017375,84.58000460416721
STU_017376,74.68339796745249
STU_017377,69.20845420792861
STU_017378,80.71830628194854
STU_017379,64.50801475205316
STU_017380,61.58596978046417
STU_017381,55.899496010965095
STU_017382,83.10504420861905
STU_017383,79.93884365283313
STU_017384,69.65770062515594
STU_017385,69.69058433472611
STU_017386,72.6936433324274
STU_017387,82.51304335393094
STU_017388,67.05570295453258
STU_017389,82.39795598052544
STU_017390,75.25555889452447
STU_017391,77.04564663177453
STU_017392,64.63830921067002
STU_017393,65.11530310433426
STU_017394,71.2612278868901
STU_017395,56.110250912402364
STU_017396,80.2306653221288
STU_017397,75.9387593678024
STU_017398,82.2517780992579
STU_017399,89.16190594336908
STU_017400,43.19446580376037
STU_017401,43.529418178542215
STU_017402,93.38284382659609
STU_017403,61.09267507234554
STU_017404,78.64657251376254
STU_017405,62.8877418937827
STU_017406,65.66353074501394
STU_017407,65.80570121213532
STU_017408,82.66278916429565
STU_017409,77.50366751896402
STU_017410,76.27721800210875
STU_017411,63.177465406958206
STU_017412,79.87625752060082
STU_017413,81.30049974479718
STU_017414,79.5972060900104
STU_017415,53.95390139269409
STU_017416,64.61274217160738
STU_017417,78.76038125949832
STU_017418,90.6730336671677
STU_017419,68.22647860673428
STU_017420,81.16609295051518
STU_017421,80.92592366766922
STU_017422,80.29290831011029
STU_017423,74.33095300084136
STU_017424,56.791449641961115
STU_017425,76.13942229103871
STU_017426,67.14664294363044
STU_017427,77.46285443821374
STU_017428,71.08325319116395
STU_017429,59.030759756210315
STU_017430,99.48681051400278
STU_017431,68.19631346937915
STU_017432,96.97876799209624
STU_017433,84.55272845613806
STU_017434,71.97376958910246
STU_017435,80.26982324750918
STU_017436,70.0264163396987
STU_017437,82.3980230784406
STU_017438,99.39356303067441
STU_017439,59.72930637821811
STU_017440,87.1817897966676
STU_017441,49.17711697318063
STU_017442,79.0568235290222
STU_017443,87.27198003543727
STU_017444,76.8506610321314
STU_017445,94.46990296024248
STU_017446,87.78438546989173
STU_017447,65.18391458100525
STU_017448,77.9899530125106
STU_017449,85.30051347231695
STU_017450,83.05564416635765
STU_017451,70.45802050715804
STU_017452,78.89933494963549
STU_017453,91.77562512973648
STU_017454,53.9557665856677
STU_017455,89.16642203525154
STU_017456,79.13670176194219
STU_017457,66.49970296644304
STU_017458,61.885047541517295
STU_017459,78.84604427013397
STU_017460,67.03141856488543
STU_017461,88.82938851641177
STU_017462,77.71531524136013
STU_017463,92.42805231916678
STU_017464,75.63261650996776
STU_017465,84.77088218248971
STU_017466,72.93267838218497
STU_017467,53.16193121306074
STU_017468,83.45280230187015
STU_017469,96.22565738863767
STU_017470,88.17892144103001
STU_017471,87.94314087476678
STU_017472,68.29559246432473
STU_017473,97.30066121261353
STU_017474,37.540612081977784
STU_017475,59.566932091313234
STU_017476,69.14396588415433
STU_017477,61.75663107135805
STU_017478,52.69278841689514
STU_017479,78.46511240077515
STU_017480,99.07111594132422
STU_017481,91.53709039499373
STU_017482,81.41716499581209
STU_017483,87.74258043415219
STU_017484,84.58151669400145
STU_017485,90.54408296502561
STU_017486,72.5276609867923
STU_017487,90.16010269082504
STU_017488,54.778837446802704
STU_017489,59.25389664511479
STU_017490,94.38168652259338
STU_017491,70.90102330903233
STU_017492,56.00097685660117
STU_017493,75.44054859574575
STU_017494,76.59189092867149
STU_017495,51.63172905350596
STU_017496,79.50159881786269
STU_017497,92.70270963092372
STU_017498,59.40217775936854
STU_017499,86.09636141279819
STU_017500,86.99257635714945
STU_017501,75.96367013889096
STU_017502,87.68379856779035
STU_017503,72.01854132313575
STU_017504,81.89585097379054
STU_017505,80.02404918112177
STU_017506,78.05364397042572
STU_017507,52.19743405366498
STU_017508,63.35351756833051
STU_017509,84.05831013199656
STU_017510,98.22987793106005
STU_017511,73.97802801235673
STU_017512,72.74592927529173
STU_017513,77.37703868926205
STU_017514,73.49271893944079
STU_017515,79.92751949091635
STU_017516,98.01360241671557
STU_017517,82.10322506631334
STU_017518,84.35561526588464
STU_017519,86.70347989853684
STU_017520,99.09512155498064
STU_017521,59.375276028840055
STU_017522,76.07465946010205
STU_017523,79.7716452738752
STU_017524,57.82500194321861
STU_017525,69.1269733077311
STU_017526,78.04644473597588
STU_017527,79.4888704362792
STU_017528,72.08804139347447
STU_017529,99.3939275485105
STU_017530,82.58073909387235
STU_017531,94.4979782118588
STU_017532,60.17437458071125
STU_017533,62.10236220249466
STU_017534,55.98988670202264
STU_017535,75.13002134940092
STU_017536,87.90054452750263
STU_017537,95.93310083428487
STU_017538,93.43285883624672
STU_017539,74.6952531788803
STU_017540,95.66398916817899
STU_017541,48.598556483804984
STU_017542,73.39555409983478
STU_017543,80.16031885236909
STU_017544,95.904296764354
STU_017545,67.89714716588901
STU_017546,67.81120914268193
STU_017547,94.2743365381179
STU_017548,79.88328586916546
STU_017549,99.15006332699689
STU_017550,76.44464414474731
STU_017551,96.97611219230544
STU_017552,49.053529981321475
STU_017553,85.0184512564121
STU_017554,55.25260429764732
STU_017555,69.49428836301843
STU_017556,68.88307353519718
STU_017557,50.55146640520132
STU_017558,53.436186726531965
STU_017559,86.77466762959027
STU_017560,70.74903231335509
STU_017561,96.53314641438715
STU_017562,59.96026915481846
STU_017563,64.75040825714751
STU_017564,71.26091561446466
STU_017565,71.9062143536317
STU_017566,84.43989544019838
STU_017567,64.58842918669382
STU_017568,69.46911066788323
STU_017569,71.2178533809037
STU_017570,99.15911611761466
STU_017571,94.26587752873806
STU_017572,79.14445621767962
STU_017573,71.86288321704924
STU_017574,83.91768916295197
STU_017575,91.11158190306946
STU_017576,94.27052108820573
STU_017577,63.295852608301416
STU_017578,78.23889537537877
STU_017579,75.65993340745929
STU_017580,77.19229558236425
STU_017581,73.9911101269033
STU_017582,76.01667940483787
STU_017583,92.87626143672455
STU_017584,59.80626320883869
STU_017585,51.62438596421115
STU_017586,82.22044385994441
STU_017587,61.24826586991017
STU_017588,67.07811585720702
STU_017589,95.4700227074509
STU_017590,73.82511620584532
STU_017591,90.08162427921168
STU_017592,65.53962031014817
STU_017593,59.55461215820616
STU_017594,57.0559089401752
STU_017595,94.33936509349626
STU_017596,73.84511039142573
STU_017597,94.19604295880804
STU_017598,41.684726395885534
STU_017599,64.08783630000156
STU_017600,78.03617958797611
STU_017601,66.75921205399683
STU_017602,67.47335495250803
STU_017603,90.12384259945729
STU_017604,82.19964363968364
STU_017605,68.35943105365708
STU_017606,95.29263581765565
STU_017607,76.98952509091284
STU_017608,94.17047388724008
STU_017609,75.91606789184081
STU_017610,75.45613694396911
STU_017611,73.953759478204
STU_017612,97.51113886170523
STU_017613,80.82190937843212
STU_017614,90.157564422368
STU_017615,66.19360764534585
STU_017616,89.32754241984723
STU_017617,90.44642287377009
STU_017618,42.39547741235022
STU_017619,63.910524597533936
STU_017620,74.25433936152473
STU_017621,81.87330242255263
STU_017622,98.61923432876381
STU_017623,58.07085916510661
STU_017624,68.62729057538056
STU_017625,68.65892386589152
STU_017626,51.72426847818923
STU_017627,57.38682301188949
STU_017628,74.28814286844329
STU_017629,72.22421538663217
STU_017630,59.91660651187431
STU_017631,52.10295234911853
STU_017632,79.59103814722302
STU_017633,72.74880842913751
STU_017634,81.9371010994549
STU_017635,79.45945320487888
STU_017636,71.32539639771721
STU_017637,93.67009449430061
STU_017638,63.19864287752441
STU_017639,86.49281904291988
STU_017640,97.32920265952187
STU_017641,99.44253902806302
STU_017642,58.13162414297932
STU_017643,63.714639500139754
STU_017644,78.84142005153055
STU_017645,77.61472514124864
STU_017646,71.64211113653393
STU_017647,58.622893215664185
STU_017648,88.69949249493894
STU_017649,97.0443013105122
STU_017650,97.21992964439764
STU_017651,67.29537435640616
STU_017652,73.32832134594027
STU_017653,99.61789956055853
STU_017654,75.03349545622554
STU_017655,82.53658625911288
STU_017656,86.86829411676723
STU_017657,47.20992228192989
STU_017658,68.35240920551624
STU_017659,99.70524458966007
STU_017660,77.58333013947666
STU_017661,77.92433786752596
STU_017662,64.83830650857631
STU_017663,75.4647886845687
STU_017664,79.35043944909833
STU_017665,71.61505771436047
STU_017666,75.88038674563336
STU_017667,72.66072710664048
STU_017668,75.72669813198554
STU_017669,70.74245346885817
STU_017670,47.36774056034126
STU_017671,70.22243949774091
STU_017672,56.172115643051924
STU_017673,72.3580023776792
STU_017674,70.99660931403841
STU_017675,68.42957847636856
STU_017676,69.67728883590176
STU_017677,79.23594355020515
STU_017678,81.16984831230695
STU_017679,89.80014928103577
STU_017680,66.25631852720551
STU_017681,83.82135687249774
STU_017682,70.12715973598198
STU_017683,74.96544675927177
STU_017684,84.48946490781128
STU_017685,70.82758680937441
STU_017686,61.380021003240955
STU_017687,71.35552146946864
STU_017688,71.47571180162798
STU_017689,89.85498291148824
STU_017690,66.68721964846011
STU_017691,72.04294347692615
STU_017692,72.76588831193688
STU_017693,67.73789045162512
STU_017694,78.87772424332682
STU_017695,97.1972996174909
STU_017696,87.07722250780233
STU_017697,40.38819738217859
STU_017698,51.60430123103655
STU_017699,96.25802544122854
STU_017700,50.646073633866585
STU_017701,54.3000091817324
STU_017702,85.27250061539357
STU_017703,79.77619774435176
STU_017704,62.95974436162867
STU_017705,56.789333451571686
STU_017706,79.53607091548074
STU_017707,50.922827647109514
STU_017708,97.55275720456686
STU_017709,87.94065105988099
STU_017710,82.75299766704549
STU_017711,99.81391502817178
STU_017712,70.82411765508692
STU_017713,70.26136272875488
STU_017714,84.9747538978188
STU_017715,68.3438684303668
STU_017716,55.355229343490436
STU_017717,73.87904530439621
STU_017718,94.73152767540259
STU_017719,70.48608529025296
STU_017720,72.14649830316145
STU_017721,77.90837403413211
STU_017722,99.779361849375
STU_017723,72.05852410271173
STU_017724,75.33317800608138
STU_017725,92.80611601714332
STU_017726,93.04168294738821
STU_017727,81.62630866214161
STU_017728,83.71261055357553
STU_017729,66.53214390089744
STU_017730,57.95995710369531
STU_017731,54.34727107566303
STU_017732,79.00575609372154
STU_017733,62.10367481698001
STU_017734,69.31414860940797
STU_017735,62.771518659441654
STU_017736,71.23014912375147
STU_017737,60.51245528052118
STU_017738,94.64239236399057
STU_017739,85.33443266111286
STU_017740,77.18592772571074
STU_017741,87.26334603704026
STU_017742,84.6081159241566
STU_017743,86.2003517068037
STU_017744,86.09784424901187
STU_017745,86.67102517577061
STU_017746,83.4510148633467
STU_017747,68.46364474681059
STU_017748,64.95695325279061
STU_017749,64.69173025224394
STU_017750,83.21289857042481
STU_017751,80.4551870631107
STU_017752,78.43544886987287
STU_017753,97.60072691375441
STU_017754,90.61733669782859
STU_017755,88.9608879152365
STU_017756,82.45700620983379
STU_017757,50.5014643635806
STU_017758,63.56352409973592
STU_017759,81.18816985857164
STU_017760,94.39907674244381
STU_017761,63.37173778145966
STU_017762,99.93608848566313
STU_017763,93.90148077512907
STU_017764,50.331391419042156
STU_017765,90.93127236468712
STU_017766,77.36721919644687
STU_017767,62.96212768619115
STU_017768,62.329342937416094
STU_017769,89.54072719199287
STU_017770,76.65681116445226
STU_017771,54.926237026809005
STU_017772,70.56228891850452
STU_017773,58.23156749419327
STU_017774,99.83909531980962
STU_017775,79.57148225782316
STU_017776,89.87411298610307
STU_017777,79.18562561902048
STU_017778,82.79768250697296
STU_017779,51.135946271127615
STU_017780,70.8332390273915
STU_017781,81.31297173248586
STU_017782,74.91100268623339
STU_017783,67.21844426577891
STU_017784,76.90641877950678
STU_017785,91.1319999917553
STU_017786,75.15989143253411
STU_017787,85.4341205401813
STU_017788,77.61655402949403
STU_017789,86.1796560022267
STU_017790,54.499973908919216
STU_017791,92.12513836062362
STU_017792,66.31837704878032
STU_017793,68.71133782796788
STU_017794,64.25253114085135
STU_017795,69.82736593498859
STU_017796,79.82479268945187
STU_017797,91.2201009151849
STU_017798,94.69311918871163
STU_017799,99.54479945670843
STU_017800,88.99796115542549
STU_017801,73.32665068793747
STU_017802,95.2786020560402
STU_017803,65.33945898234734
STU_017804,77.48701940671262
STU_017805,72.59924995026608
STU_017806,65.6817179210868
STU_017807,96.07092514985645
STU_017808,67.64744014552072
STU_017809,88.3623338960175
STU_017810,99.51221938095236
STU_017811,71.94040423920181
STU_017812,82.69443222497202
STU_017813,82.08287674413867
STU_017814,65.31264494138266
STU_017815,62.82840352393927
STU_017816,57.9981537867886
STU_017817,51.69965433364391
STU_017818,92.31754913641946
STU_017819,88.84500719253126
STU_017820,86.73145624104404
STU_017821,73.96634205929959
STU_017822,91.49523288199515
STU_017823,96.02256372180852
STU_017824,55.19955990220133
STU_017825,77.17637167473119
STU_017826,80.72432928817253
STU_017827,87.53033666531273
STU_017828,58.01109594704678
STU_017829,64.91025721073368
STU_017830,64.86353326560486
STU_017831,87.70744972483675
STU_017832,85.52416010671531
STU_017833,57.04292083769049
STU_017834,79.24375840105552
STU_017835,67.30820778557656
STU_017836,79.01246027986436
STU_017837,67.16071486885485
STU_017838,66.16086668262514
STU_017839,94.99289319120143
STU_017840,69.27020266076349
STU_017841,96.0102592557098
STU_017842,79.40115232264563
STU_017843,84.99181342773866
STU_017844,63.210680536533104
STU_017845,97.21223298975107
STU_017846,91.56302546150032
STU_017847,47.612566609321355
STU_017848,60.98507908951747
STU_017849,54.56233490128504
STU_017850,67.82384530274246
STU_017851,60.70867983625101
STU_017852,87.88279429372633
STU_017853,76.35416287821799
STU_017854,98.84111001807565
STU_017855,47.46731338599892
STU_017856,81.66040799624446
STU_017857,82.21810237817976
STU_017858,76.97407998974194
STU_017859,65.14922311576638
STU_017860,80.86125896744537
STU_017861,83.89904011575982
STU_017862,68.54573936178923
STU_017863,90.62621605689787
STU_017864,78.57440888909777
STU_017865,69.33417158462944
STU_017866,79.28299950378529
STU_017867,66.30897013952723
STU_017868,98.61273066572468
STU_017869,62.91683939282442
STU_017870,82.03374197804479
STU_017871,97.72001417298684
STU_017872,71.16622460442903
STU_017873,95.07769052830902
STU_017874,78.42897503077252
STU_017875,72.31824134413883
STU_017876,69.82476628782216
STU_017877,49.95092678112833
STU_017878,93.35988910794819
STU_017879,53.37982578661731
STU_017880,94.20744799802299
STU_017881,71.40809709938557
STU_017882,73.544355586177
STU_017883,93.08890823342323
STU_017884,61.6155376617796
STU_017885,64.52133119625978
STU_017886,79.87846090285053
STU_017887,54.96083086568662
STU_017888,64.37301988270666
STU_017889,99.70209367272913
STU_017890,99.39182152597635
STU_017891,77.79545240273598
STU_017892,52.544546584110094
STU_017893,83.34722435256188
STU_017894,60.541038800210025
STU_017895,68.65290575399038
STU_017896,77.12192737930891
STU_017897,59.73426877322391
STU_017898,85.92864065791606
STU_017899,80.75210046612395
STU_017900,70.65977792318546
STU_017901,90.54905286136727
STU_017902,66.60785904055884
STU_017903,71.47146049714263
STU_017904,80.52336462941211
STU_017905,76.00549152534356
STU_017906,73.54476330504393
STU_017907,74.9242099893467
STU_017908,67.68454088291622
STU_017909,69.43464655634466
STU_017910,73.0784827239477
STU_017911,59.53643436613481
STU_017912,94.49370024296852
STU_017913,92.86945930723279
STU_017914,67.66342477917603
STU_017915,72.0088039327008
STU_017916,77.37912361986851
STU_017917,80.96685659301517
STU_017918,81.02335833143101
STU_017919,90.6979267848337
STU_017920,79.56181752507032
STU_017921,85.03112299193279
STU_017922,76.27019287018996
STU_017923,66.37295694148494
STU_017924,75.29135266667126
STU_017925,71.16736051536887
STU_017926,74.4778425174018
STU_017927,99.64596505812489
STU_017928,87.26931371189855
STU_017929,89.04359815797288
STU_017930,78.27212333725214
STU_017931,60.20786931274066
STU_017932,98.7067037888261
STU_017933,98.02773615561895
STU_017934,90.75646337894547
STU_017935,82.11437963513853
STU_017936,54.52077403541807
STU_017937,81.50614945610029
STU_017938,64.51602191392065
STU_017939,90.31026662036916
STU_017940,75.22346164029007
STU_017941,68.26987291647174
STU_017942,71.44137756615936
STU_017943,53.991289352978484
STU_017944,64.54584198391741
STU_017945,89.81059169673634
STU_017946,61.966468120045356
STU_017947,59.29533930273962
STU_017948,76.67868426446766
STU_017949,55.11461810741248
STU_017950,53.66102832444431
STU_017951,65.2318815416779
STU_017952,94.62080983983338
STU_017953,71.03592779352115
STU_017954,99.47398913955257
STU_017955,66.3666751837097
STU_017956,71.8109755612195
STU_017957,66.22754286144306
STU_017958,46.645921814343225
STU_017959,86.31148258349009
STU_017960,81.64716775888432
STU_017961,90.2787212120687
STU_017962,59.33997418490544
STU_017963,64.31573274835387
STU_017964,48.73549374207231
STU_017965,97.28305822199044
STU_017966,75.20973898854179
STU_017967,76.44609650245563
STU_017968,97.59222832617137
STU_017969,76.05627824752007
STU_017970,50.69891241258712
STU_017971,56.10535463689998
STU_017972,70.6938293963975
STU_017973,66.32521838463282
STU_017974,82.34962723381982
STU_017975,61.281893132713805
STU_017976,69.11226404152355
STU_017977,91.80400092367759
STU_017978,65.6073735050962
STU_017979,69.37596980441359
STU_017980,59.60071507416585
STU_017981,96.38934343557888
STU_017982,67.80305482300844
STU_017983,81.84848303161479
STU_017984,69.66177926785107
STU_017985,64.64241921272142
STU_017986,66.95683968214227
STU_017987,78.73448079313266
STU_017988,61.085169713510716
STU_017989,76.74388061510219
STU_017990,72.63398108437359
STU_017991,79.15082768994277
STU_017992,46.01693490517834
STU_017993,98.47746645588941
STU_017994,88.81432008591199
STU_017995,76.22252725256803
STU_017996,58.71886548114703
STU_017997,75.03424860188113
STU_017998,84.68489374501146
STU_017999,89.55866999339584
STU_018000,96.45819647180006
STU_018001,77.01390178213424
STU_018002,50.34616946190493
STU_018003,71.97157091640081
STU_018004,78.25787680245821
STU_018005,76.62049925112592
STU_018006,67.84729180103581
STU_018007,98.9107057085084
STU_018008,91.48046408068456
STU_018009,86.94789999137713
STU_018010,83.37609474975682
STU_018011,87.07620203977042
STU_018012,70.86914432709024
STU_018013,84.04759640226263
STU_018014,70.00143023510215
STU_018015,79.13001522710263
STU_018016,80.15957332167125
STU_018017,80.57355517066185
STU_018018,97.07959104436567
STU_018019,64.27859416451292
STU_018020,77.96859303110085
STU_018021,67.08949583006299
STU_018022,94.25983294540555
STU_018023,84.37657015463967
STU_018024,42.83737442620065
STU_018025,77.61411396807335
STU_018026,71.32081030143108
STU_018027,82.87012039438967
STU_018028,98.59028182073743
STU_018029,70.98511478479156
STU_018030,88.60523384071129
STU_018031,89.98154554965319
STU_018032,70.41295116810967
STU_018033,92.5008832851708
STU_018034,73.2734594750074
STU_018035,94.82654626915112
STU_018036,76.72136586534451
STU_018037,42.56173387372096
STU_018038,64.43644293440195
STU_018039,84.11657918199114
STU_018040,74.47608629913537
STU_018041,64.3793387705637
STU_018042,63.3053450966858
STU_018043,88.64955499048585
STU_018044,78.26525766348871
STU_018045,73.95381569747514
STU_018046,85.73613296091628
STU_018047,53.97500929740572
STU_018048,98.70265386489532
STU_018049,86.30443066869384
STU_018050,84.61630630683987
STU_018051,62.27002657568181
STU_018052,65.45768055954026
STU_018053,67.1149521611136
STU_018054,43.43558265488544
STU_018055,99.87760581766439
STU_018056,38.794258647536765
STU_018057,61.65804205734174
STU_018058,92.27671897977037
STU_018059,95.70924451311556
STU_018060,62.68911770721117
STU_018061,77.59824795496073
STU_018062,84.68600281681978
STU_018063,72.96200434243642
STU_018064,85.16932044298771
STU_018065,87.38739163099304
STU_018066,92.39570819853687
STU_018067,91.42403623559925
STU_018068,80.02278999955811
STU_018069,77.64034620196702
STU_018070,80.0984277800447
STU_018071,97.21690061935664
STU_018072,83.49502794889598
STU_018073,57.75500194602186
STU_018074,73.62862468729183
STU_018075,70.55251872188205
STU_018076,66.7412093738942
STU_018077,54.65207222776732
STU_018078,71.35476489371787
STU_018079,81.5431591266821
STU_018080,90.34531065671999
STU_018081,74.95895013893659
STU_018082,79.88367012742049
STU_018083,95.03388426597921
STU_018084,64.17914338074098
STU_018085,71.25429692205154
STU_018086,88.50347987687172
STU_018087,74.6431283573652
STU_018088,62.46987548760954
STU_018089,54.512971617792914
STU_018090,65.77459147454053
STU_018091,80.38219333303813
STU_018092,70.91086461291601
STU_018093,66.23743561893542
STU_018094,74.54797449664026
STU_018095,79.08988798478381
STU_018096,57.70267398971163
STU_018097,89.55840834716915
STU_018098,62.90769668213814
STU_018099,72.40772090785644
STU_018100,90.97209605786308
STU_018101,79.18607377044015
STU_018102,55.33542433538943
STU_018103,98.16491544721767
STU_018104,60.02543191711655
STU_018105,58.65254470646731
STU_018106,73.9234226017411
STU_018107,77.79321413833549
STU_018108,72.59313222538879
STU_018109,86.36436905243927
STU_018110,76.47467193736526
STU_018111,77.46356101175061
STU_018112,67.85495170399382
STU_018113,56.725992394707475
STU_018114,91.49505530702588
STU_018115,74.5185221449927
STU_018116,63.96592084448631
STU_018117,85.46235420036028
STU_018118,73.57394038207067
STU_018119,97.67553883674458
STU_018120,63.46145065994067
STU_018121,98.6597561433666
STU_018122,79.81319845769349
STU_018123,72.23721332865756
STU_018124,82.71735697803669
STU_018125,67.91458626321358
STU_018126,46.218810081978596
STU_018127,69.1835935573162
STU_018128,48.52316968954925
STU_018129,84.42007151697678
STU_018130,93.72245702785817
STU_018131,73.08785698260166
STU_018132,98.83919753599082
STU_018133,78.51478863326746
STU_018134,99.92622341398217
STU_018135,99.44668405407829
STU_018136,47.926129598385714
STU_018137,65.13661427324037
STU_018138,96.38449808909726
STU_018139,80.48508082016366
STU_018140,49.24844121249225
STU_018141,73.06209013528769
STU_018142,80.47608277081372
STU_018143,57.20512402838099
STU_018144,58.1855411955184
STU_018145,76.42031359583996
STU_018146,54.153166742521734
STU_018147,87.69076444584609
STU_018148,75.1545616617411
STU_018149,62.62363956234216
STU_018150,79.83570915927808
STU_018151,68.83210903320817
STU_018152,56.32805605927273
STU_018153,82.76975427404795
STU_018154,64.93489788346496
STU_018155,90.72560083346741
STU_018156,99.50633389541306
STU_018157,51.11741237686221
STU_018158,64.61310568789919
STU_018159,69.58473091462926
STU_018160,63.609959071696025
STU_018161,85.46414962855874
STU_018162,64.18265432068787
STU_018163,98.7325225112437
STU_018164,73.79930157378206
STU_018165,52.4428604092475
STU_018166,81.11714696195125
STU_018167,73.57732647598918
STU_018168,79.6086472482087
STU_018169,66.3294501598649
STU_018170,46.88867957693709
STU_018171,65.10528182091144
STU_018172,83.29514840505588
STU_018173,69.55847253140116
STU_018174,83.44494921683147
STU_018175,75.67683671439084
STU_018176,79.93267254430268
STU_018177,76.49778903565536
STU_018178,71.97416387697733
STU_018179,66.11618818546407
STU_018180,93.56411177734479
STU_018181,76.20541069534461
STU_018182,74.13702375387135
STU_018183,76.85261559002485
STU_018184,61.29483307265721
STU_018185,61.454827710130786
STU_018186,93.09548705352924
STU_018187,61.329890180408256
STU_018188,89.47106543046405
STU_018189,75.54507707107031
STU_018190,67.15419820469013
STU_018191,80.95083147503456
STU_018192,74.27922287425632
STU_018193,77.8433345445402
STU_018194,72.19438644530838
STU_018195,81.44562557189018
STU_018196,55.86777934289226
STU_018197,90.71286695030619
STU_018198,78.5874501337165
STU_018199,74.97751691468738
STU_018200,86.60948965107872
STU_018201,69.93714629982846
STU_018202,41.71801658838987
STU_018203,79.44238971843477
STU_018204,73.64523420093104
STU_018205,68.64531446402124
STU_018206,70.7621256448502
STU_018207,79.4259730628433
STU_018208,78.29125769911136
STU_018209,58.08681448777838
STU_018210,84.82684553064982
STU_018211,99.4639719473007
STU_018212,72.47864127274227
STU_018213,55.21559608953878
STU_018214,80.05410540287123
STU_018215,74.24373570517226
STU_018216,77.46335656862301
STU_018217,57.0013721867568
STU_018218,74.85118489591522
STU_018219,86.11076114183572
STU_018220,78.84914611330632
STU_018221,95.65997820662531
STU_018222,88.73363590054637
STU_018223,85.68459417369667
STU_018224,84.783507508143
STU_018225,72.40051864272648
STU_018226,78.41792389011155
STU_018227,77.14107686815046
STU_018228,80.93093657668301
STU_018229,71.82386655804783
STU_018230,83.59481578404646
STU_018231,71.56420195005843
STU_018232,59.860260028633526
STU_018233,60.017751612234136
STU_018234,92.84621661734386
STU_018235,81.85822596355685
STU_018236,98.68039106788507
STU_018237,56.097735649255256
STU_018238,68.43701291647969
STU_018239,89.16351305820271
STU_018240,56.49957194481511
STU_018241,92.5898854448261
STU_018242,72.51918607293074
STU_018243,78.75277433445078
STU_018244,95.41893546697305
STU_018245,68.39754724985548
STU_018246,73.48559082081516
STU_018247,55.84516880688636
STU_018248,75.01109327015637
STU_018249,71.41099661456643
STU_018250,72.52198660816501
STU_018251,70.91248531062682
STU_018252,94.28248372807471
STU_018253,54.52979512604335
STU_018254,88.35807437608771
STU_018255,74.28977973754641
STU_018256,92.24492936176756
STU_018257,77.57953154762741
STU_018258,82.74637090694394
STU_018259,84.55076004336217
STU_018260,84.81051584795982
STU_018261,75.13250341723895
STU_018262,54.982385031166636
STU_018263,78.04851861355814
STU_018264,77.29428816023162
STU_018265,79.86642871742063
STU_018266,88.00082421615065
STU_018267,70.9460796111727
STU_018268,83.12581640485874
STU_018269,65.48994820750592
STU_018270,63.80393009694642
STU_018271,68.95511227708964
STU_018272,47.37139997355556
STU_018273,98.71572767910853
STU_018274,65.18699267818332
STU_018275,88.3633816959329
STU_018276,84.86054029010637
STU_018277,82.7403658437231
STU_018278,77.38685387312339
STU_018279,53.00822428564453
STU_018280,83.19294229281269
STU_018281,98.72587233593768
STU_018282,70.55273882694463
STU_018283,60.76396882104967
STU_018284,69.58663344325583
STU_018285,93.94704560277556
STU_018286,65.4807659735288
STU_018287,92.85846546804393
STU_018288,64.77265896175587
STU_018289,89.55106671880363
STU_018290,68.22753382885777
STU_018291,72.00047357530188
STU_018292,79.74173486893176
STU_018293,75.6965567408792
STU_018294,83.64595244660086
STU_018295,47.8432983431531
STU_018296,88.77104199512145
STU_018297,77.11309197982852
STU_018298,98.48220703795323
STU_018299,61.668870364638984
STU_018300,83.6812939423601
STU_018301,62.03124312469004
STU_018302,66.03386811155077
STU_018303,98.98075184626563
STU_018304,62.573809066820175
STU_018305,55.51011569252293
STU_018306,60.24009670295665
STU_018307,75.87164384341814
STU_018308,84.66451555696445
STU_018309,69.77051268778257
STU_018310,92.51727059246619
STU_018311,66.31305778597233
STU_018312,71.2854965484473
STU_018313,84.7481581072697
STU_018314,68.45068419793837
STU_018315,96.80843486897504
STU_018316,71.49519483761031
STU_018317,91.12930097392075
STU_018318,56.38858628493308
STU_018319,57.82666864657672
STU_018320,87.09138406433819
STU_018321,89.87687163659412
STU_018322,76.9274569767808
STU_018323,99.90324350267508
STU_018324,58.48056738709229
STU_018325,77.8708551191427
STU_018326,78.90388974726355
STU_018327,86.22561483428858
STU_018328,72.7071908837839
STU_018329,72.15930756641924
STU_018330,51.596084308936405
STU_018331,84.58461943041127
STU_018332,93.17741350355095
STU_018333,59.02022089373126
STU_018334,86.31462912214486
STU_018335,56.252188255094396
STU_018336,77.40315319095862
STU_018337,70.31589108196994
STU_018338,70.37212861860691
STU_018339,82.94449404841347
STU_018340,87.44839814447982
STU_018341,65.10611233315575
STU_018342,59.410757902715694
STU_018343,59.4838709136947
STU_018344,87.56105024544486
STU_018345,71.80809611204603
STU_018346,70.44528000408519
STU_018347,73.26592802166032
STU_018348,99.15270625957311
STU_018349,77.45283774885623
STU_018350,84.5751515230787
STU_018351,76.10469612329392
STU_018352,88.05161997161572
STU_018353,80.8449892044998
STU_018354,98.29388204407928
STU_018355,70.02092926202725
STU_018356,72.18163378714131
STU_018357,68.29081532025927
STU_018358,76.95032883877651
STU_018359,99.27379040204266
STU_018360,92.06559545337389
STU_018361,45.62099991859165
STU_018362,72.5444379767111
STU_018363,44.96406299234967
STU_018364,91.7328273504069
STU_018365,94.76263348470161
STU_018366,59.965538419197415
STU_018367,79.81530933246756
STU_018368,64.20733228781893
STU_018369,82.61950376983656
STU_018370,56.18169860898988
STU_018371,86.44055663605894
STU_018372,87.94194536744514
STU_018373,58.19410821811921
STU_018374,75.16451177136837
STU_018375,66.58075112074883
STU_018376,80.04729695818139
STU_018377,91.31157450514938
STU_018378,94.62209075443569
STU_018379,50.19975913497103
STU_018380,82.95443066983768
STU_018381,72.48205607947759
STU_018382,90.65641445369528
STU_018383,88.16107539728702
STU_018384,63.020468888820126
STU_018385,97.88994961721582
STU_018386,76.19866650849471
STU_018387,83.36923918771697
STU_018388,97.19991805688859
STU_018389,61.668406093422405
STU_018390,53.00039506052974
STU_018391,77.84770702332052
STU_018392,99.46932655231939
STU_018393,78.1038101442671
STU_018394,81.53218204542654
STU_018395,77.5068113531747
STU_018396,60.39730209924777
STU_018397,67.5383664793986
STU_018398,81.59711473259947
STU_018399,99.82553437935744
STU_018400,71.81234362247342
STU_018401,83.07411104133601
STU_018402,75.81671508327132
STU_018403,87.9429965528013
STU_018404,85.52522654226343
STU_018405,86.9635653871662
STU_018406,66.28479312024584
STU_018407,98.48846005291846
STU_018408,87.40714965156309
STU_018409,59.61509941238085
STU_018410,93.94767389559748
STU_018411,72.39635951138504
STU_018412,74.86594018018198
STU_018413,95.27761158160038
STU_018414,99.54541291788732
STU_018415,74.0320043971636
STU_018416,82.44261004932747
STU_018417,60.652406602434056
STU_018418,95.80294378877622
STU_018419,76.88644909213994
STU_018420,88.44406333730295
STU_018421,93.8050660089024
STU_018422,90.17325091166637
STU_018423,82.73780761901598
STU_018424,57.97936060869423
STU_018425,95.60935547582893
STU_018426,78.72282362019307
STU_018427,83.9279764191325
STU_018428,73.6165216420909
STU_018429,94.25963622792094
STU_018430,62.49063270181677
STU_018431,79.25709219565532
STU_018432,96.31864600495737
STU_018433,70.84928315062119
STU_018434,77.48419991997582
STU_018435,65.52373508493518
STU_018436,74.72258040878475
STU_018437,87.67624605991027
STU_018438,65.04820387709123
STU_018439,99.82738607751561
STU_018440,79.07658243058894
STU_018441,71.30462762672464
STU_018442,76.75735810262135
STU_018443,58.06031356794921
STU_018444,68.868761162753
STU_018445,95.74589505434474
STU_018446,79.30342602126444
STU_018447,93.51958531971829
STU_018448,64.73857235313757
STU_018449,98.27829895800815
STU_018450,69.17786271770976
STU_018451,68.62246720374907
STU_018452,57.07222452537788
STU_018453,66.52344169763174
STU_018454,51.477802874537595
STU_018455,52.135580789735556
STU_018456,74.96255532514044
STU_018457,58.26852340220625
STU_018458,73.77368344480678
STU_018459,60.383798439391526
STU_018460,69.76544269264271
STU_018461,94.82313237838186
STU_018462,52.875716719731194
STU_018463,79.58638808634691
STU_018464,64.11249120326917
STU_018465,82.28633534941318
STU_018466,60.16621609285022
STU_018467,87.52582164722719
STU_018468,74.4228781032645
STU_018469,78.05425043705449
STU_018470,89.28478499287488
STU_018471,85.78144025810057
STU_018472,58.87790625139297
STU_018473,81.22467443238739
STU_018474,89.07342683767905
STU_018475,75.89728816606541
STU_018476,77.75068638485088
STU_018477,44.58614072725644
STU_018478,99.77187564826369
STU_018479,91.29030837357504
STU_018480,87.43721577562383
STU_018481,72.7478940602207
STU_018482,64.21890561959324
STU_018483,90.59571486036062
STU_018484,85.69459109165822
STU_018485,66.50401995907288
STU_018486,73.5878012576488
STU_018487,58.227678169019605
STU_018488,78.97494514867985
STU_018489,57.79215243718809
STU_018490,72.6580581609111
STU_018491,82.81026607738102
STU_018492,76.29291494875666
STU_018493,86.02767786611581
STU_018494,78.24285363018797
STU_018495,84.2461408435187
STU_018496,65.82773518352849
STU_018497,93.52744995240604
STU_018498,66.3686439064235
STU_018499,67.97480078864459
STU_018500,77.70031616245001
STU_018501,99.8246204356703
STU_018502,67.86773035465454
STU_018503,45.59191540008435
STU_018504,99.2259570094115
STU_018505,72.24627560315524
STU_018506,81.4484307750761
STU_018507,74.36522832334097
STU_018508,81.73247415328
STU_018509,57.467126773654975
STU_018510,81.5931797810083
STU_018511,74.4160186188345
STU_018512,83.64572517555754
STU_018513,78.55412950418832
STU_018514,61.454551666404974
STU_018515,66.40408176049405
STU_018516,61.69485626577885
STU_018517,82.49421778555865
STU_018518,60.405494739343155
STU_018519,57.682456287901786
STU_018520,92.09854197161422
STU_018521,73.50534291911251
STU_018522,85.64564182237578
STU_018523,84.06808473717425
STU_018524,91.62799433518796
STU_018525,74.1461880155428
STU_018526,60.49138597268891
STU_018527,87.53994116199932
STU_018528,88.71364476696903
STU_018529,76.41428719713782
STU_018530,75.59980791692533
STU_018531,87.39423988146129
STU_018532,66.84142942501042
STU_018533,68.9592667060349
STU_018534,62.406983171164285
STU_018535,88.42372677618317
STU_018536,99.28611930479731
STU_018537,83.92989572914297
STU_018538,72.79529808781894
STU_018539,59.484801646528766
STU_018540,78.59143361226916
STU_018541,67.30980973005845
STU_018542,94.32921788859133
STU_018543,70.57322520924323
STU_018544,75.91159130822379
STU_018545,70.05681094045799
STU_018546,94.86111230653268
STU_018547,72.72506592127343
STU_018548,92.24879663953382
STU_018549,85.58301299228795
STU_018550,81.50855032232859
STU_018551,72.10506923893571
STU_018552,64.95256483077625
STU_018553,65.98919939975033
STU_018554,61.59773820401591
STU_018555,56.62428801101759
STU_018556,81.01392602781436
STU_018557,62.003355278901154
STU_018558,65.11218841490366
STU_018559,67.92286672238728
STU_018560,77.49216156476677
STU_018561,77.65307443871637
STU_018562,81.32170520886706
STU_018563,75.31152928499921
STU_018564,83.5747613967954
STU_018565,61.681082924520396
STU_018566,68.69280312865541
STU_018567,91.71910317760386
STU_018568,81.42096535618282
STU_018569,83.21503616671097
STU_018570,72.32642346680902
STU_018571,90.14206687933964
STU_018572,59.76012400053003
STU_018573,84.99579857553834
STU_018574,73.40911516701085
STU_018575,70.52517092612764
STU_018576,76.35327334169983
STU_018577,68.51612310524077
STU_018578,79.95089048366233
STU_018579,52.527517775977465
STU_018580,99.16444217985557
STU_018581,71.4137119817147
STU_018582,79.87250645510592
STU_018583,95.64754170950766
STU_018584,85.78376481412026
STU_018585,69.93194681328754
STU_018586,91.60298655679132
STU_018587,95.95663570823285
STU_018588,52.318286153328515
STU_018589,83.08849770879442
STU_018590,73.19920559832863
STU_018591,89.58129021118856
STU_018592,44.402694390910526
STU_018593,85.77041104100452
STU_018594,64.63187819224135
STU_018595,73.43767468251751
STU_018596,60.857038258095834
STU_018597,72.76676961146107
STU_018598,65.30956229569802
STU_018599,57.48101352927411
STU_018600,84.99690018973615
STU_018601,64.97633867767958
STU_018602,69.07181653977761
STU_018603,71.1061453293696
STU_018604,75.01839794316376
STU_018605,45.06692500465258
STU_018606,70.63511808478515
STU_018607,91.85444449746674
STU_018608,92.46007328631889
STU_018609,87.57559122040308
STU_018610,99.86335078149503
STU_018611,65.19790018742066
STU_018612,75.33103538508607
STU_018613,82.44874125654908
STU_018614,74.89166786644738
STU_018615,54.46699189088554
STU_018616,81.96409941949659
STU_018617,71.72247933405518
STU_018618,63.76690731396308
STU_018619,71.69168487418854
STU_018620,91.56746560895772
STU_018621,58.104002605885064
STU_018622,77.84764132339501
STU_018623,72.82084465882838
STU_018624,77.87449650104452
STU_018625,83.91156918734464
STU_018626,69.04381437887514
STU_018627,70.70776242064761
STU_018628,62.53871869857632
STU_018629,69.37941734793324
STU_018630,62.95335903683441
STU_018631,92.93559846597617
STU_018632,94.4489067057765
STU_018633,70.37887916052141
STU_018634,62.49579685661617
STU_018635,71.4135984998853
STU_018636,80.11323428349775
STU_018637,69.00611854688547
STU_018638,99.3801656482917
STU_018639,91.02872458768402
STU_018640,73.61740593036127
STU_018641,55.901115840044596
STU_018642,81.2475585162409
STU_018643,63.78008382496302
STU_018644,63.34623493230938
STU_018645,94.33969256797656
STU_018646,66.59194681706278
STU_018647,99.34651039329975
STU_018648,53.330541782061935
STU_018649,54.37964997716746
STU_018650,75.16038131032178
STU_018651,64.00472911168563
STU_018652,88.22218999339636
STU_018653,81.49948034472784
STU_018654,80.72964457935579
STU_018655,66.73115862997804
STU_018656,71.50426570951623
STU_018657,91.3161843878181
STU_018658,84.27275159869372
STU_018659,82.00443762347585
STU_018660,72.64758946141282
STU_018661,56.357971617743004
STU_018662,63.99372180009227
STU_018663,79.61843815616301
STU_018664,46.1514077664083
STU_018665,67.69058888361063
STU_018666,63.73652413302776
STU_018667,65.7386641533225
STU_018668,49.92699584615995
STU_018669,76.3703063880848
STU_018670,73.00373959713627
STU_018671,60.96000001624927
STU_018672,79.31152028505997
STU_018673,58.3262859994834
STU_018674,66.91362562193859
STU_018675,74.54520303560246
STU_018676,67.3549875650665
STU_018677,69.54524818626653
STU_018678,87.75102384842016
STU_018679,88.29657997981765
STU_018680,60.686455964936016
STU_018681,82.48314495213049
STU_018682,89.96666707989496
STU_018683,75.60140824724749
STU_018684,85.38527376162476
STU_018685,70.59534012813602
STU_018686,87.02556437135362
STU_018687,76.69998619736604
STU_018688,68.02667082196776
STU_018689,87.13439999075354
STU_018690,71.91449115271146
STU_018691,68.93461442734575
STU_018692,74.07642125347512
STU_018693,72.06224524072215
STU_018694,85.33800420681817
STU_018695,79.29864222785137
STU_018696,67.88185283398302
STU_018697,80.49395675045182
STU_018698,92.77063354617292
STU_018699,62.77990369099791
STU_018700,99.9477505591275
STU_018701,69.45554373445836
STU_018702,82.93416875208028
STU_018703,73.37701987840674
STU_018704,90.45023739109047
STU_018705,71.80730281862458
STU_018706,92.40353611044104
STU_018707,64.6255319788488
STU_018708,69.36608045127916
STU_018709,96.19577459695509
STU_018710,82.37039848432998
STU_018711,61.526926040797285
STU_018712,92.90078602305049
STU_018713,72.15983695097566
STU_018714,77.56526339243622
STU_018715,99.41202724217219
STU_018716,66.86948674530514
STU_018717,73.64517796357242
STU_018718,63.20198504445072
STU_018719,85.43899108654374
STU_018720,77.7330152520884
STU_018721,91.0284277359715
STU_018722,58.76401498995406
STU_018723,59.549356990928835
STU_018724,69.03548248104657
STU_018725,76.6029423031753
STU_018726,68.86360709348077
STU_018727,86.45073245825027
STU_018728,74.81788662839261
STU_018729,93.54055993080063
STU_018730,85.06946448983098
STU_018731,64.28462463008658
STU_018732,76.69702533391566
STU_018733,94.66031718786792
STU_018734,76.1048927576253
STU_018735,76.16088143435775
STU_018736,61.8148428323054
STU_018737,75.2514854241732
STU_018738,73.9919687141633
STU_018739,79.53288851787968
STU_018740,68.64232597179988
STU_018741,47.41240222580293
STU_018742,97.20999945614001
STU_018743,63.26008544214973
STU_018744,99.35096576146948
STU_018745,76.47335667757034
STU_018746,67.91465790768294
STU_018747,91.01882569669868
STU_018748,54.59135632121837
STU_018749,58.04515903187132
STU_018750,84.31218532957496
STU_018751,88.41245016502226
STU_018752,58.018974556982926
STU_018753,60.32730034801931
STU_018754,92.3444442608351
STU_018755,90.6204392507954
STU_018756,70.53196145476187
STU_018757,88.91839685997387
STU_018758,89.32156796816683
STU_018759,95.01369066418633
STU_018760,70.08175377691472
STU_018761,72.63656195945435
STU_018762,82.98943151838424
STU_018763,65.22322772688935
STU_018764,82.73363475239603
STU_018765,76.91079893784107
STU_018766,64.94928682877179
STU_018767,85.14582799782178
STU_018768,75.82287162656009
STU_018769,50.50580629417159
STU_018770,83.01333623068949
STU_018771,69.57889405720815
STU_018772,92.44901106016518
STU_018773,78.61125133845749
STU_018774,61.5823422168101
STU_018775,82.37821044791252
STU_018776,86.5768378308288
STU_018777,52.28845830196967
STU_018778,98.69530008016211
STU_018779,92.17572622438013
STU_018780,63.00443629527317
STU_018781,92.95895026707629
STU_018782,97.73143983819415
STU_018783,83.05745287227522
STU_018784,81.52558853314282
STU_018785,83.29145237873405
STU_018786,77.58140731913835
STU_018787,54.83857796236626
STU_018788,65.51014213921405
STU_018789,73.57074433150038
STU_018790,90.12712170238017
STU_018791,72.11524003812436
STU_018792,60.88718902784988
STU_018793,63.33350991444547
STU_018794,61.42792289154259
STU_018795,97.29122374134141
STU_018796,56.10179429603172
STU_018797,63.90664991795474
STU_018798,63.87789098438874
STU_018799,82.27420027407396
STU_018800,86.11070503859244
STU_018801,85.59640128647055
STU_018802,67.01694679963643
STU_018803,68.30405895586163
STU_018804,54.88797811868885
STU_018805,64.66518125282263
STU_018806,84.36052311665676
STU_018807,75.03626845000545
STU_018808,62.294042604186096
STU_018809,85.47419537314103
STU_018810,80.451078372712
STU_018811,50.81075363099645
STU_018812,84.62139402472661
STU_018813,71.05229365947027
STU_018814,44.76228917987032
STU_018815,86.35580167098458
STU_018816,66.17819399364923
STU_018817,67.24471324196846
STU_018818,86.62099371771552
STU_018819,70.14160814004926
STU_018820,92.91989566948503
STU_018821,80.44278883936741
STU_018822,75.7406828650121
STU_018823,96.84060235291267
STU_018824,66.22302371739252
STU_018825,70.92317757437648
STU_018826,71.33908168315071
STU_018827,73.67606757947505
STU_018828,70.35778402162693
STU_018829,57.21474762445382
STU_018830,86.16733014412807
STU_018831,87.97539283470306
STU_018832,83.72372931451028
STU_018833,59.96741551873546
STU_018834,52.78438074339522
STU_018835,64.37595768115295
STU_018836,81.66491965629976
STU_018837,70.86527277829475
STU_018838,61.8009227081113
STU_018839,87.28727146233751
STU_018840,84.04611920534546
STU_018841,89.98331920075528
STU_018842,77.54053606929054
STU_018843,75.67200564813103
STU_018844,67.54331052468089
STU_018845,80.97419654576788
STU_018846,99.33486574429187
STU_018847,97.94575486290117
STU_018848,77.97664429322961
STU_018849,69.96087461540981
STU_018850,76.94694580074764
STU_018851,62.06104380963908
STU_018852,55.02999621864113
STU_018853,64.10830987001516
STU_018854,74.37519864254813
STU_018855,77.21237319847813
STU_018856,64.14265555232757
STU_018857,88.83700761826682
STU_018858,83.00279874807869
STU_018859,94.79079796786641
STU_018860,73.19800818750721
STU_018861,76.96379101813815
STU_018862,95.69703253476959
STU_018863,68.1046362186533
STU_018864,61.351720976368824
STU_018865,78.17559737246053
STU_018866,74.19801893524001
STU_018867,66.40966386424464
STU_018868,78.66193881454106
STU_018869,73.88201372071481
STU_018870,89.435448141596
STU_018871,97.95239574599888
STU_018872,81.59698588268414
STU_018873,73.78444645087885
STU_018874,88.12997215423684
STU_018875,99.05893567079791
STU_018876,66.24758147366397
STU_018877,60.791913676953314
STU_018878,94.69190694860588
STU_018879,85.03329848485428
STU_018880,77.47194356865839
STU_018881,64.03559292634424
STU_018882,72.42250400454719
STU_018883,74.20584268342625
STU_018884,93.9734855366048
STU_018885,56.54158420619836
STU_018886,88.75428230958975
STU_018887,65.91860173794163
STU_018888,89.86299999521373
STU_018889,60.20468644077732
STU_018890,44.21420723547092
STU_018891,72.42469578883934
STU_018892,79.17663465451395
STU_018893,82.13600224899187
STU_018894,98.47965311951144
STU_018895,75.68552673629043
STU_018896,85.62340544541357
STU_018897,71.6185403313423
STU_018898,67.92376970371677
STU_018899,69.48095432997796
STU_018900,73.96752675843831
STU_018901,79.48855235919248
STU_018902,96.37784782796558
STU_018903,85.99764543601086
STU_018904,79.3826407598257
STU_018905,64.33920853756717
STU_018906,79.73452811712308
STU_018907,74.87010335618803
STU_018908,69.81260221786243
STU_018909,77.03516156555902
STU_018910,70.40798071825739
STU_018911,59.738564092936386
STU_018912,85.02874285889038
STU_018913,66.88108763468917
STU_018914,68.93360159277262
STU_018915,81.40764166324573
STU_018916,62.30939895059076
STU_018917,83.21917181728759
STU_018918,92.10917398286324
STU_018919,79.67411734076579
STU_018920,56.70706639380418
STU_018921,74.79030892408984
STU_018922,64.78359484441508
STU_018923,99.2099749456431
STU_018924,65.93025600656472
STU_018925,72.59349145316513
STU_018926,82.74741301449069
STU_018927,74.85403793997733
STU_018928,71.94993503264445
STU_018929,72.12306494683251
STU_018930,55.96590100003378
STU_018931,62.95075748131197
STU_018932,49.4696865844472
STU_018933,73.32857531751091
STU_018934,79.14003592395191
STU_018935,69.02200324624775
STU_018936,70.85745833686452
STU_018937,86.2614123799955
STU_018938,83.3275854736313
STU_018939,67.43100684983284
STU_018940,81.42459275281156
STU_018941,88.21811056844506
STU_018942,56.79718632556724
STU_018943,77.86500817644155
STU_018944,75.37813514368561
STU_018945,78.43072215189213
STU_018946,81.62882276487409
STU_018947,68.8064625706935
STU_018948,69.4230079411529
STU_018949,71.18560274969894
STU_018950,84.05510130282644
STU_018951,67.20184847868755
STU_018952,62.645226818677145
STU_018953,73.04592128276235
STU_018954,77.78068693948867
STU_018955,78.45940772674786
STU_018956,57.09174845201848
STU_018957,75.08403793543397
STU_018958,84.48884064367704
STU_018959,79.8041807079201
STU_018960,74.19528432889184
STU_018961,66.10962486420163
STU_018962,79.23761797596718
STU_018963,91.79300351143682
STU_018964,66.3617075560889
STU_018965,87.46368904064983
STU_018966,93.94090236605722
STU_018967,94.49715393842808
STU_018968,76.69024991228794
STU_018969,76.724219072896
STU_018970,89.36269209662484
STU_018971,61.38475560431155
STU_018972,78.25870645230754
STU_018973,86.69661482817189
STU_018974,59.691963551234736
STU_018975,87.2000003482128
STU_018976,73.43869354521411
STU_018977,89.40570569566664
STU_018978,85.36187985227423
STU_018979,56.657762792827114
STU_018980,75.2762262053736
STU_018981,55.711641073209904
STU_018982,77.3540360473112
STU_018983,74.3674173579711
STU_018984,72.11601232641779
STU_018985,76.8863903294417
STU_018986,80.19298695850185
STU_018987,81.51981968212593
STU_018988,70.71037976453873
STU_018989,83.0523062569757
STU_018990,83.93249640344018
STU_018991,62.873393225229464
STU_018992,82.22843453330228
STU_018993,80.9516886203474
STU_018994,85.72001459063189
STU_018995,94.55970993239528
STU_018996,63.94738693273784
STU_018997,71.1474884976836
STU_018998,78.17670694158672
STU_018999,92.95560348859138
STU_019000,74.79040691577534
STU_019001,61.10103640889349
STU_019002,75.28581271085294
STU_019003,92.73897138943174
STU_019004,79.46253660252547
STU_019005,95.82033680831563
STU_019006,93.66989024755304
STU_019007,99.90797383720731
STU_019008,76.09841406300025
STU_019009,99.33168479454888
STU_019010,46.933104560017256
STU_019011,80.39829798206893
STU_019012,74.37776050617347
STU_019013,59.0859949807623
STU_019014,99.73732671731752
STU_019015,53.316684991883534
STU_019016,64.35968395786163
STU_019017,96.01028805564232
STU_019018,73.50528175374714
STU_019019,72.28693132705882
STU_019020,98.78506886078313
STU_019021,47.52532943488082
STU_019022,73.07969751926099
STU_019023,89.46094435225473
STU_019024,75.55143842237447
STU_019025,95.14631789253816
STU_019026,98.17290759959961
STU_019027,76.72237428048226
STU_019028,58.24446980887467
STU_019029,60.1792474133765
STU_019030,72.1688059399895
STU_019031,81.25120050264962
STU_019032,82.20716538505977
STU_019033,77.18771145687212
STU_019034,68.82022333673767
STU_019035,83.69123396703941
STU_019036,94.0945268402591
STU_019037,86.61062041073473
STU_019038,67.46929572175051
STU_019039,82.44228235507485
STU_019040,71.03604868655847
STU_019041,77.49895159265108
STU_019042,79.15882316499514
STU_019043,85.92157588575972
STU_019044,85.7131179776109
STU_019045,75.22098064148672
STU_019046,62.71049098888808
STU_019047,47.38873819989921
STU_019048,85.49913466305935
STU_019049,55.364383427079176
STU_019050,88.601323782459
STU_019051,62.77398764244387
STU_019052,72.54854429401642
STU_019053,77.97502325247527
STU_019054,72.91210100362902
STU_019055,49.06056498927695
STU_019056,83.99308653364116
STU_019057,79.24644834414636
STU_019058,84.33613935762003
STU_019059,48.75383542312561
STU_019060,64.73584490421415
STU_019061,49.63397071862699
STU_019062,87.14722202696386
STU_019063,73.56365279221455
STU_019064,61.79103564539735
STU_019065,96.45089919595955
STU_019066,60.023703354912115
STU_019067,79.70499669018753
STU_019068,64.82397719383377
STU_019069,60.40255842856593
STU_019070,73.31549892201815
STU_019071,63.188970819290404
STU_019072,99.71303807489522
STU_019073,62.31868654349083
STU_019074,66.12126890626355
STU_019075,60.37277811905109
STU_019076,58.709639446527035
STU_019077,96.56809238738342
STU_019078,96.28247263511511
STU_019079,89.20570540860186
STU_019080,54.76872849122275
STU_019081,83.76923691140885
STU_019082,85.89323906379643
STU_019083,61.36870829047642
STU_019084,55.03076666299164
STU_019085,59.73996470268408
STU_019086,50.80439762189942
STU_019087,76.61739307242647
STU_019088,71.57568900254256
STU_019089,87.39467499229758
STU_019090,93.02148208195845
STU_019091,78.62897693022961
STU_019092,85.3801192610593
STU_019093,73.30904697259218
STU_019094,85.89590277692028
STU_019095,75.33021441772615
STU_019096,81.5637808427785
STU_019097,85.38683220442205
STU_019098,58.541986516089956
STU_019099,66.91164260410181
STU_019100,69.60050095727546
STU_019101,60.25249074969125
STU_019102,75.83165285805151
STU_019103,87.20691206102515
STU_019104,64.81691054188352
STU_019105,65.89676481436454
STU_019106,61.03704872650567
STU_019107,87.69516703060899
STU_019108,70.21962526342934
STU_019109,99.0581170069318
STU_019110,94.90890178834964
STU_019111,76.80423161415742
STU_019112,99.44082661919151
STU_019113,82.64890497819445
STU_019114,97.73836726271631
STU_019115,85.26143839797012
STU_019116,87.11103906995967
STU_019117,61.43955264125863
STU_019118,79.96625393324149
STU_019119,74.37851431714792
STU_019120,62.50866965838699
STU_019121,95.97792575665383
STU_019122,82.73313155323277
STU_019123,67.81927863478019
STU_019124,96.38481838741977
STU_019125,72.5551346115896
STU_019126,72.28124756193347
STU_019127,73.55428581953825
STU_019128,91.66471069958124
STU_019129,60.75062588737355
STU_019130,59.25229686232765
STU_019131,79.90176429773219
STU_019132,89.83433412100187
STU_019133,54.3295558101819
STU_019134,65.72177936440085
STU_019135,98.91580679361996
STU_019136,93.02102580196495
STU_019137,59.367871497931205
STU_019138,89.47012732275972
STU_019139,88.64039400498247
STU_019140,81.48361181859948
STU_019141,95.78539672890835
STU_019142,84.37192015978987
STU_019143,78.47713720723944
STU_019144,76.17992673998032
STU_019145,66.17320482265158
STU_019146,93.32774902991736
STU_019147,71.99451806371775
STU_019148,98.275599837867
STU_019149,76.56425147084146
STU_019150,77.0713131748011
STU_019151,96.37945987171395
STU_019152,45.78131015011025
STU_019153,65.85115916587525
STU_019154,93.48543438777702
STU_019155,99.74904025090191
STU_019156,83.24286272151986
STU_019157,93.27451092542672
STU_019158,50.87520661174164
STU_019159,69.44159116978385
STU_019160,64.1274748678125
STU_019161,60.95596944871994
STU_019162,62.47854406805314
STU_019163,72.50039990497402
STU_019164,71.4913344791472
STU_019165,74.73878581437168
STU_019166,94.79972124877453
STU_019167,90.57857150698875
STU_019168,83.58488467052368
STU_019169,73.62265863474305
STU_019170,85.66976459031427
STU_019171,75.80857828842738
STU_019172,81.04253011633732
STU_019173,81.58656385439109
STU_019174,59.51837797462032
STU_019175,74.28261113197527
STU_019176,76.11542416148805
STU_019177,97.26315182590984
STU_019178,38.48200225962179
STU_019179,79.55748874482069
STU_019180,74.96130456338798
STU_019181,94.8531649399433
STU_019182,56.75276909341241
STU_019183,96.02511533452216
STU_019184,89.99178773287997
STU_019185,95.6162167056853
STU_019186,97.9419548970967
STU_019187,73.19758231952586
STU_019188,98.72511975231532
STU_019189,90.4595456126942
STU_019190,73.19629560514392
STU_019191,64.53078285967149
STU_019192,98.2266108813503
STU_019193,66.60486354253766
STU_019194,72.90910829786436
STU_019195,81.67296589695796
STU_019196,82.65881168435097
STU_019197,91.9614235592488
STU_019198,74.35397371329796
STU_019199,99.3337154756162
STU_019200,65.68177444642929
STU_019201,90.06322660064245
STU_019202,78.72991167178836
STU_019203,53.58974523666606
STU_019204,62.32480733780594
STU_019205,81.55906173828272
STU_019206,46.37179792512162
STU_019207,67.38384787549498
STU_019208,69.94103961186772
STU_019209,74.33794397115348
STU_019210,58.95311975942296
STU_019211,64.64473805625295
STU_019212,70.57047669724467
STU_019213,70.4014182913537
STU_019214,73.86935845665184
STU_019215,98.87154539489859
STU_019216,66.83480550256458
STU_019217,73.08608515778853
STU_019218,51.76065313842785
STU_019219,80.45110950939916
STU_019220,74.28380897178056
STU_019221,64.21712933928121
STU_019222,82.28892472243096
STU_019223,74.80497051618067
STU_019224,96.01994021763332
STU_019225,54.37007424176801
STU_019226,56.964053869829115
STU_019227,64.34025789867334
STU_019228,59.81872978868104
STU_019229,76.25568066950335
STU_019230,65.59561797800363
STU_019231,89.65078036781715
STU_019232,91.3187913811009
STU_019233,58.01307609261334
STU_019234,66.05790222461462
STU_019235,80.21911315936408
STU_019236,77.24419407586441
STU_019237,76.62258967940704
STU_019238,73.99144675778261
STU_019239,84.53675102955364
STU_019240,82.03053768211646
STU_019241,95.91319442792762
STU_019242,68.82327057789355
STU_019243,87.30775264513622
STU_019244,75.85532109218907
STU_019245,52.75526473581343
STU_019246,58.89223078575603
STU_019247,94.67533628330729
STU_019248,84.30407117657171
STU_019249,95.62341843277818
STU_019250,60.02071646713002
STU_019251,95.54389454093982
STU_019252,72.28660653615299
STU_019253,61.77720549203092
STU_019254,47.44664797212289
STU_019255,66.77155897409153
STU_019256,93.61520617658076
STU_019257,64.02937469533904
STU_019258,51.53826374831344
STU_019259,71.77688040545766
STU_019260,80.69672074758205
STU_019261,68.38029586775558
STU_019262,86.70075546385121
STU_019263,72.09067538831502
STU_019264,72.06950917357742
STU_019265,88.9339823798503
STU_019266,83.35428164872565
STU_019267,56.130021538156484
STU_019268,69.65428148395549
STU_019269,79.35490113913306
STU_019270,87.25949160813293
STU_019271,52.93402432658772
STU_019272,66.1076202100005
STU_019273,98.30773137746834
STU_019274,99.09886406186048
STU_019275,98.93533009800254
STU_019276,59.13248584266647
STU_019277,98.29049375561371
STU_019278,84.90245999124106
STU_019279,76.2923110151299
STU_019280,64.13170571181172
STU_019281,86.6981720177626
STU_019282,61.36118050594861
STU_019283,99.74104152610013
STU_019284,83.02641986082953
STU_019285,76.67294409307351
STU_019286,92.91576013429986
STU_019287,76.50659091037697
STU_019288,61.70498388912051
STU_019289,88.79023204774028
STU_019290,80.65122740082856
STU_019291,74.072692296278
STU_019292,80.40779760701469
STU_019293,64.18602725595495
STU_019294,75.66574430734744
STU_019295,61.82267930827598
STU_019296,66.60171079963665
STU_019297,80.16749203868578
STU_019298,88.93375191277553
STU_019299,92.54882788383244
STU_019300,80.41007252161461
STU_019301,69.66122438838993
STU_019302,82.05921578232045
STU_019303,65.9223780658727
STU_019304,92.97873708107115
STU_019305,69.66526527778043
STU_019306,57.079657436082854
STU_019307,61.857047877571276
STU_019308,52.25748453111389
STU_019309,69.33653477963797
STU_019310,92.65415056220743
STU_019311,88.3831560607277
STU_019312,70.21549704883682
STU_019313,84.02916701207262
STU_019314,86.6932829677547
STU_019315,73.14943766291047
STU_019316,92.443613208081
STU_019317,74.62396279605042
STU_019318,83.87662139640341
STU_019319,89.65834210578362
STU_019320,98.98917601051548
STU_019321,73.7719168477552
STU_019322,87.31856047292719
STU_019323,70.60455548057215
STU_019324,93.30359281198221
STU_019325,73.51732574656945
STU_019326,94.57376163289882
STU_019327,94.97237405494892
STU_019328,94.34199556451155
STU_019329,91.41442376721403
STU_019330,77.22207132495693
STU_019331,72.19055971124021
STU_019332,70.64797839882306
STU_019333,87.33344595429564
STU_019334,60.44663790196473
STU_019335,65.9939817217211
STU_019336,67.21937452071028
STU_019337,97.75988852642487
STU_019338,63.23738027867984
STU_019339,90.2661807672564
STU_019340,98.37817999213355
STU_019341,74.52077754148165
STU_019342,60.859239614243094
STU_019343,70.13810365345539
STU_019344,64.49413858657874
STU_019345,66.49442194816598
STU_019346,75.18743999443913
STU_019347,52.68788747126733
STU_019348,92.64652102824172
STU_019349,81.21588749521518
STU_019350,58.789261014137196
STU_019351,90.72793956320302
STU_019352,81.33976347137337
STU_019353,85.12303093596802
STU_019354,67.71925954218268
STU_019355,75.7914130697442
STU_019356,56.69175445979827
STU_019357,57.930598167689794
STU_019358,77.1920836136357
STU_019359,84.9740182321901
STU_019360,61.519619780803886
STU_019361,84.38321120461445
STU_019362,58.14871710116992
STU_019363,70.02223447392042
STU_019364,73.5592962339168
STU_019365,89.38801337782088
STU_019366,96.61325241101484
STU_019367,99.81761426993106
STU_019368,75.37961227263473
STU_019369,76.44179982162726
STU_019370,71.65752426906732
STU_019371,81.7944195110607
STU_019372,69.08767877562369
STU_019373,61.63385186342397
STU_019374,67.23132422354811
STU_019375,81.27699295250375
STU_019376,93.99827049434867
STU_019377,92.0805256328743
STU_019378,66.30340112127777
STU_019379,54.5706955706405
STU_019380,90.61407351313389
STU_019381,64.82704783379941
STU_019382,67.1842374382993
STU_019383,85.10934295113388
STU_019384,62.968399046598535
STU_019385,84.23733503381234
STU_019386,68.81084921372252
STU_019387,56.86838702772333
STU_019388,66.07757590682952
STU_019389,99.1544484334292
STU_019390,43.92262762797412
STU_019391,78.15095054860639
STU_019392,77.9161827212017
STU_019393,75.77520362368841
STU_019394,73.67716055625837
STU_019395,77.9275198363273
STU_019396,98.53673379968262
STU_019397,72.09651156126345
STU_019398,57.449453738419535
STU_019399,56.45686477032905
STU_019400,96.52805753035399
STU_019401,63.57379985177891
STU_019402,63.539488511359025
STU_019403,84.88250160636788
STU_019404,87.28742993069127
STU_019405,78.4568672282101
STU_019406,73.85713968898511
STU_019407,63.75538310434358
STU_019408,82.14675114480926
STU_019409,75.15657083416006
STU_019410,72.57481324755099
STU_019411,87.25305886937021
STU_019412,58.2464000919687
STU_019413,73.86966439486616
STU_019414,70.38970435862372
STU_019415,86.50303289470088
STU_019416,81.82080484288859
STU_019417,92.04400966623571
STU_019418,92.817509268316
STU_019419,71.20740320792515
STU_019420,72.05264609937194
STU_019421,83.3071223488481
STU_019422,78.67592421109526
STU_019423,73.60046489382177
STU_019424,94.45449836717017
STU_019425,61.88900269776178
STU_019426,79.56177133207919
STU_019427,86.28511277194902
STU_019428,93.49990200318913
STU_019429,68.99087491833495
STU_019430,83.66029017699853
STU_019431,49.93344808697202
STU_019432,76.92859433096203
STU_019433,62.133289370133404
STU_019434,52.27859789613257
STU_019435,97.8967360747072
STU_019436,58.49887754718151
STU_019437,94.94615861380848
STU_019438,82.42595708072503
STU_019439,53.99354892038427
STU_019440,64.97195234097893
STU_019441,80.28617152301078
STU_019442,74.05249975763145
STU_019443,59.90806517686438
STU_019444,96.85755167389027
STU_019445,91.73761476722066
STU_019446,49.42074385055398
STU_019447,77.51435912080363
STU_019448,68.57179392475342
STU_019449,60.52299295893994
STU_019450,68.7890742921521
STU_019451,68.02177159541453
STU_019452,84.74131488390252
STU_019453,81.26076673026142
STU_019454,73.03193004327926
STU_019455,70.78926903198104
STU_019456,70.6436249685141
STU_019457,64.97532395656991
STU_019458,69.72966755735484
STU_019459,62.44758419512464
STU_019460,89.03672439520378
STU_019461,95.88305469015519
STU_019462,98.67620403025236
STU_019463,66.8982289306467
STU_019464,76.5498117791129
STU_019465,65.78984802950791
STU_019466,68.05075178698249
STU_019467,71.79001613358832
STU_019468,85.67045847578433
STU_019469,73.205137303784
STU_019470,94.04674610073327
STU_019471,98.37867312376362
STU_019472,85.87973582956657
STU_019473,90.42704188244026
STU_019474,63.84499001739712
STU_019475,61.28757505149632
STU_019476,94.22167744872641
STU_019477,65.59301332020688
STU_019478,71.98357178041269
STU_019479,71.58626967230626
STU_019480,92.54272416615153
STU_019481,68.7576017078032
STU_019482,71.43552330070382
STU_019483,70.54396930819102
STU_019484,82.54610192100137
STU_019485,59.12228582824152
STU_019486,40.29937112896869
STU_019487,66.71435253086634
STU_019488,93.66536248502433
STU_019489,64.52511075421374
STU_019490,74.47390746460626
STU_019491,58.76233694960019
STU_019492,73.78450432951517
STU_019493,62.59217180580731
STU_019494,61.23354471227067
STU_019495,93.19529031549047
STU_019496,94.15996429216639
STU_019497,53.63027429490266
STU_019498,90.29646557897169
STU_019499,91.76087766915857
STU_019500,89.0037654780646
STU_019501,85.5107076397174
STU_019502,61.7424264699403
STU_019503,68.43651505727048
STU_019504,95.25432979732116
STU_019505,60.212897921227025
STU_019506,79.76172596219652
STU_019507,91.26598252392165
STU_019508,97.08042515657505
STU_019509,97.39113970286942
STU_019510,91.18579318039235
STU_019511,54.103644151020426
STU_019512,79.18242142029834
STU_019513,65.46720221863855
STU_019514,56.34311294251539
STU_019515,62.66563540778765
STU_019516,85.5885202494152
STU_019517,62.46378833311266
STU_019518,65.30583208345786
STU_019519,66.9178785890985
STU_019520,83.30221119782675
STU_019521,64.90903971801106
STU_019522,73.68473211579135
STU_019523,95.68699156115454
STU_019524,81.92296076628067
STU_019525,88.04278656590152
STU_019526,73.39807042916227
STU_019527,72.55619621848015
STU_019528,71.34524131517969
STU_019529,91.10522977595282
STU_019530,95.45950592197055
STU_019531,91.01440460875612
STU_019532,46.41324095023337
STU_019533,77.04955247234155
STU_019534,72.34638942465035
STU_019535,70.95338310577117
STU_019536,64.38993128474105
STU_019537,52.25015749429516
STU_019538,74.82223988346384
STU_019539,67.73049338742125
STU_019540,60.005556730352254
STU_019541,77.22135621873127
STU_019542,99.33806108306219
STU_019543,99.75556245306097
STU_019544,73.3038885561081
STU_019545,88.8597628056786
STU_019546,55.60878105249846
STU_019547,66.58288082231917
STU_019548,88.32875424171176
STU_019549,88.8614165349544
STU_019550,95.88921306455629
STU_019551,78.05618007981161
STU_019552,69.06536910312622
STU_019553,73.936085541292
STU_019554,61.64521003806561
STU_019555,99.65869401258247
STU_019556,71.84713183138996
STU_019557,99.23214251643645
STU_019558,57.080964066879645
STU_019559,87.88895810573617
STU_019560,76.16309501529719
STU_019561,42.66310515970384
STU_019562,95.35437100087431
STU_019563,73.81281268992689
STU_019564,68.52124744645549
STU_019565,60.53119982431934
STU_019566,80.63452736858143
STU_019567,82.81050579942249
STU_019568,68.89425735911772
STU_019569,64.34055554172251
STU_019570,70.34067163589293
STU_019571,46.63728378199944
STU_019572,64.24216976494438
STU_019573,69.01592951882861
STU_019574,79.93817104769781
STU_019575,80.05230127137467
STU_019576,92.99071580697884
STU_019577,65.79587454189694
STU_019578,63.56330326942518
STU_019579,72.375119138791
STU_019580,66.57524826859417
STU_019581,99.47245286307682
STU_019582,76.92097290131186
STU_019583,70.63832163188617
STU_019584,66.0639535167801
STU_019585,84.0666576378395
STU_019586,73.74321650974551
STU_019587,91.4623618599858
STU_019588,78.24078042309854
STU_019589,63.78087071646692
STU_019590,99.24210560857853
STU_019591,92.43117349029967
STU_019592,71.6433806396262
STU_019593,67.85856036676645
STU_019594,95.10254135282585
STU_019595,75.11724791783415
STU_019596,95.45928659605136
STU_019597,68.6958341632801
STU_019598,76.18273149331299
STU_019599,66.46971683436091
STU_019600,99.10492328579366
STU_019601,80.79060890577269
STU_019602,76.72414276471083
STU_019603,96.48545798171645
STU_019604,93.70519618518614
STU_019605,75.0313047939516
STU_019606,83.5830065232729
STU_019607,58.07661927198874
STU_019608,72.3153812274945
STU_019609,90.66928253071919
STU_019610,61.431648316907086
STU_019611,69.00756310876649
STU_019612,58.28550938322191
STU_019613,56.101159223876365
STU_019614,63.36501369566203
STU_019615,94.65249443347088
STU_019616,67.6797784745759
STU_019617,76.43473015769874
STU_019618,61.204461543548476
STU_019619,87.778082726137
STU_019620,74.63878671996578
STU_019621,73.22314967499238
STU_019622,79.23784886256216
STU_019623,72.6680561248124
STU_019624,98.58855904160984
STU_019625,36.67458126029251
STU_019626,88.48416349298272
STU_019627,94.44234378769173
STU_019628,70.60714706593933
STU_019629,78.87270977547318
STU_019630,96.28982814681765
STU_019631,59.66982660349192
STU_019632,96.41911526902891
STU_019633,91.50996726316494
STU_019634,88.64903244504714
STU_019635,76.15637411535315
STU_019636,61.67909343333223
STU_019637,81.25848108160433
STU_019638,65.35137924126683
STU_019639,66.44127926982316
STU_019640,82.37022845367446
STU_019641,94.18622127063998
STU_019642,79.15672488713167
STU_019643,88.32175534548551
STU_019644,73.59885446841335
STU_019645,73.91123996388276
STU_019646,69.74338142490676
STU_019647,77.88366153898743
STU_019648,55.70655194741603
STU_019649,59.594433834221356
STU_019650,68.4524307935411
STU_019651,74.24826207485265
STU_019652,71.48194636375888
STU_019653,70.14112513023414
STU_019654,53.784617581723076
STU_019655,59.83212663086904
STU_019656,48.87752983407657
STU_019657,75.2872401868974
STU_019658,69.02022608233439
STU_019659,78.38485151102203
STU_019660,66.89539522067005
STU_019661,79.37695448883062
STU_019662,68.91251470852109
STU_019663,76.55315537857993
STU_019664,63.57229464957027
STU_019665,88.76809352986484
STU_019666,90.56798425854889
STU_019667,73.45700116401667
STU_019668,54.01594436435296
STU_019669,61.57523688367222
STU_019670,87.78230006969554
STU_019671,52.68262760465985
STU_019672,82.69187481542332
STU_019673,77.35281113182265
STU_019674,80.50060388227536
STU_019675,78.86325578717624
STU_019676,81.6237856176102
STU_019677,89.0457234315561
STU_019678,99.61450838504275
STU_019679,93.5041914896278
STU_019680,84.93029373391539
STU_019681,94.88762433458109
STU_019682,95.31615188088125
STU_019683,68.34408157258918
STU_019684,68.88974587666007
STU_019685,93.4746723211368
STU_019686,84.49868495509713
STU_019687,63.89831766431389
STU_019688,79.13264243496523
STU_019689,64.92710967325941
STU_019690,78.8839894751715
STU_019691,62.18339487638028
STU_019692,54.74901873551387
STU_019693,98.93362511168849
STU_019694,80.15547076165103
STU_019695,56.572152403595325
STU_019696,65.90833487320188
STU_019697,94.84410458522196
STU_019698,94.00368168695144
STU_019699,81.70958570957146
STU_019700,84.98419458779766
STU_019701,75.61349203076189
STU_019702,77.253506168225
STU_019703,81.88275278175028
STU_019704,75.02253838577244
STU_019705,58.469225476272655
STU_019706,92.70891325977989
STU_019707,59.377929160115144
STU_019708,77.41992077113693
STU_019709,72.27680916494133
STU_019710,62.654712358520456
STU_019711,97.73592604219854
STU_019712,48.08998307722113
STU_019713,92.718152751406
STU_019714,61.69270901556156
STU_019715,87.7983265631465
STU_019716,84.40526607437013
STU_019717,96.43249329916388
STU_019718,68.84760122055962
STU_019719,94.00842222229619
STU_019720,95.96514036625355
STU_019721,54.71981493084009
STU_019722,74.08686017277185
STU_019723,77.34280607539134
STU_019724,72.57868954521675
STU_019725,90.06018616313283
STU_019726,59.68526163671769
STU_019727,92.2419673402644
STU_019728,79.09737847819375
STU_019729,67.59157249769558
STU_019730,71.63459472862513
STU_019731,61.71253510174255
STU_019732,89.46480772824435
STU_019733,76.51817308909898
STU_019734,76.70642197817291
STU_019735,86.37835636114062
STU_019736,98.5427295123065
STU_019737,96.44791757641198
STU_019738,86.7972943659442
STU_019739,68.92219354662099
STU_019740,72.27576944421239
STU_019741,99.41582912510378
STU_019742,79.00222138559951
STU_019743,84.48274919677814
STU_019744,74.24634192260098
STU_019745,83.75740791250023
STU_019746,95.47378691033785
STU_019747,78.1049200994438
STU_019748,59.42533115222173
STU_019749,64.92594095119938
STU_019750,73.03321928951297
STU_019751,73.9177055285357
STU_019752,61.760821100142905
STU_019753,94.1325922660837
STU_019754,70.3301110398708
STU_019755,83.23483826299677
STU_019756,52.070772357366984
STU_019757,89.51220885075321
STU_019758,59.07411407633024
STU_019759,75.29450704985454
STU_019760,79.87710904829996
STU_019761,68.2616181065379
STU_019762,87.2783846613836
STU_019763,71.30022624355968
STU_019764,61.534047770544845
STU_019765,90.6763597115642
STU_019766,64.7132716733958
STU_019767,52.968688083185576
STU_019768,79.9668229268505
STU_019769,62.1308389415603
STU_019770,78.70593380432096
STU_019771,94.24882620935601
STU_019772,70.29594158295532
STU_019773,89.6295210926199
STU_019774,47.73773159737452
STU_019775,87.45275759418186
STU_019776,57.71770184420214
STU_019777,71.6924910926515
STU_019778,74.8310223395061
STU_019779,73.3293203332214
STU_019780,87.85851425473993
STU_019781,52.77435754129998
STU_019782,76.12837455374134
STU_019783,65.34151819307942
STU_019784,82.57097719991573
STU_019785,78.03287964379655
STU_019786,52.218227797089256
STU_019787,73.26074414795896
STU_019788,72.2772084709997
STU_019789,79.93771072562265
STU_019790,64.10610881924934
STU_019791,52.52314028079532
STU_019792,80.49896413153567
STU_019793,66.3972493588577
STU_019794,86.93041534175043
STU_019795,73.07430045882155
STU_019796,83.98511364067397
STU_019797,43.724117495345155
STU_019798,92.79257675304706
STU_019799,80.01756769170154
STU_019800,51.70582568593202
STU_019801,77.9651968905217
STU_019802,96.39643035897853
STU_019803,66.66318620526452
STU_019804,77.92454106922781
STU_019805,73.84207025344439
STU_019806,61.19877725119176
STU_019807,59.1744597919851
STU_019808,67.4956269423695
STU_019809,96.13308138059703
STU_019810,64.04986138777019
STU_019811,66.7758358438305
STU_019812,85.8681394697974
STU_019813,75.12915448470459
STU_019814,81.66034132846386
STU_019815,89.58131535502226
STU_019816,72.85735644556513
STU_019817,93.57685987371724
STU_019818,67.83771574179652
STU_019819,96.41368829752011
STU_019820,54.543070954640854
STU_019821,84.32244072961218
STU_019822,62.73052680369858
STU_019823,78.9605700935981
STU_019824,99.66427648790129
STU_019825,77.96071667984667
STU_019826,84.41018626243074
STU_019827,81.06698091094486
STU_019828,82.67900533193648
STU_019829,74.08916667447927
STU_019830,97.5695318767295
STU_019831,86.29977550852223
STU_019832,90.28762387028678
STU_019833,71.40104950822737
STU_019834,71.65553588255759
STU_019835,67.72912643297099
STU_019836,86.35065195841963
STU_019837,75.3178805025623
STU_019838,76.4401953094872
STU_019839,81.52316800416597
STU_019840,63.11588491472588
STU_019841,66.63768662939643
STU_019842,71.31965730191958
STU_019843,67.42751197976806
STU_019844,72.40836414671752
STU_019845,74.73393558672836
STU_019846,96.48034392992032
STU_019847,98.70152180547677
STU_019848,67.23570001550112
STU_019849,94.57423081178331
STU_019850,77.45418067121449
STU_019851,98.73214503185866
STU_019852,61.139230185214764
STU_019853,89.54904587050449
STU_019854,79.7072408403989
STU_019855,75.82420753959761
STU_019856,67.97190593039407
STU_019857,83.62700861063468
STU_019858,97.76931879746488
STU_019859,94.13932101267156
STU_019860,85.9191444337275
STU_019861,63.98799561924655
STU_019862,68.32168046490656
STU_019863,76.81247729947454
STU_019864,80.36965946489445
STU_019865,92.33375671979485
STU_019866,92.09649068549851
STU_019867,75.86521585512523
STU_019868,79.54775630056552
STU_019869,72.53114072981484
STU_019870,73.68678061017349
STU_019871,92.95663612187039
STU_019872,99.82309931017312
STU_019873,76.74352844998026
STU_019874,51.22186829515202
STU_019875,78.44551196114611
STU_019876,99.40656585042976
STU_019877,64.95697999514191
STU_019878,61.61482531921047
STU_019879,91.71162050422225
STU_019880,53.75456974283235
STU_019881,69.95767846330654
STU_019882,91.32100336861369
STU_019883,61.77911780406117
STU_019884,67.41956201748971
STU_019885,79.56446715433765
STU_019886,73.59464417667428
STU_019887,99.62248002976546
STU_019888,59.92946049589959
STU_019889,84.41173463506625
STU_019890,77.17548938695242
STU_019891,76.97742446781712
STU_019892,65.34577629007975
STU_019893,94.12914608165713
STU_019894,58.62683359373669
STU_019895,75.43648683370859
STU_019896,82.12863819764092
STU_019897,79.35530865230668
STU_019898,72.52115700471667
STU_019899,81.07204565812738
STU_019900,84.8109701868551
STU_019901,65.75198110801384
STU_019902,74.28412434632266
STU_019903,85.01594347412214
STU_019904,67.21346786338228
STU_019905,76.75835253416362
STU_019906,71.3909800734512
STU_019907,59.99885288044814
STU_019908,51.16086381600389
STU_019909,65.31125796961882
STU_019910,96.57198195279042
STU_019911,98.48356205454608
STU_019912,64.12454914970186
STU_019913,77.47331386581588
STU_019914,56.77963486585229
STU_019915,77.14547047971794
STU_019916,62.82422370510395
STU_019917,62.61304469959089
STU_019918,95.51521475180998
STU_019919,70.51722940491773
STU_019920,95.74191525349094
STU_019921,68.28663036488004
STU_019922,97.35971781913796
STU_019923,58.86718281274867
STU_019924,98.84526414537349
STU_019925,88.79881238606345
STU_019926,68.68462475079382
STU_019927,79.88356732619609
STU_019928,79.73364844491564
STU_019929,85.09892688090967
STU_019930,68.84995111643832
STU_019931,97.36797601302952
STU_019932,85.00841774253006
STU_019933,59.98489997722871
STU_019934,89.13145907584857
STU_019935,51.326681702513405
STU_019936,85.8033871290561
STU_019937,82.8308614274119
STU_019938,67.4744038359243
STU_019939,87.6642902320422
STU_019940,86.32910650798094
STU_019941,71.31933030964046
STU_019942,72.38271521436863
STU_019943,82.09109863681957
STU_019944,96.70188961463731
STU_019945,78.78940343475801
STU_019946,90.59474487146994
STU_019947,75.7720287204461
STU_019948,88.32303903107045
STU_019949,79.48358991524759
STU_019950,72.52888083723522
STU_019951,65.58679400430479
STU_019952,55.35250507472436
STU_019953,66.85935920979384
STU_019954,82.21990118882614
STU_019955,67.0806748282681
STU_019956,57.59849964405011
STU_019957,79.12355248087177
STU_019958,76.35891902183417
STU_019959,76.69559080820173
STU_019960,65.41562803383701
STU_019961,69.60704662494668
STU_019962,81.05126599687738
STU_019963,60.67756133034296
STU_019964,70.48421708586568
STU_019965,64.6854431849501
STU_019966,84.00099808334913
STU_019967,97.61144663847107
STU_019968,73.31484739721657
STU_019969,53.911973107843764
STU_019970,93.84778337535043
STU_019971,90.91435450328149
STU_019972,73.94683713824429
STU_019973,78.1365210891189
STU_019974,87.96705487867628
STU_019975,74.49225155206418
STU_019976,75.45940619926331
STU_019977,67.09389303915974
STU_019978,55.34302086637352
STU_019979,55.21930784219186
STU_019980,60.959448039702174
STU_019981,99.64721762181223
STU_019982,75.9412961652036
STU_019983,87.48153859267438
STU_019984,96.54321926514879
STU_019985,82.24774480328566
STU_019986,96.30429486241002
STU_019987,83.45426378963397
STU_019988,66.06556527656855
STU_019989,68.88822455980454
STU_019990,77.93748209732118
STU_019991,84.60507629817408
STU_019992,87.2801892598123
STU_019993,85.97279078312313
STU_019994,51.1112229084023
STU_019995,77.47562346845109
STU_019996,61.883083414307464
STU_019997,83.72368771014168
STU_019998,54.10596602810104
STU_019999,93.1516160221169
STU_020000,73.75383156383363
