student_id,career_success_score
STU_010001,56.63481130628152
STU_010002,74.50141489677176
STU_010003,74.30276741283201
STU_010004,97.88704320488682
STU_010005,77.088664063361
STU_010006,76.29302899659491
STU_010007,74.77429540796672
STU_010008,79.22277577475329
STU_010009,70.97454690691872
STU_010010,56.43541275516477
STU_010011,94.39605448344457
STU_010012,79.13550143450081
STU_010013,83.00510826608101
STU_010014,91.24163981531541
STU_010015,51.36002321934245
STU_010016,69.12537552417741
STU_010017,59.06255434307026
STU_010018,57.07532937329373
STU_010019,86.25395225338383
STU_010020,70.07829003547823
STU_010021,84.98725826040588
STU_010022,96.55911418665468
STU_010023,94.17753371853927
STU_010024,68.88054997241524
STU_010025,79.33365361240281
STU_010026,90.22581014153654
STU_010027,75.06441530266987
STU_010028,87.67995286367271
STU_010029,97.24573608675102
STU_010030,60.9678295349462
STU_010031,63.52820968716931
STU_010032,89.49476794081767
STU_010033,56.38805739825938
STU_010034,87.65239650068867
STU_010035,78.4348283163146
STU_010036,65.35328852240498
STU_010037,64.82896347880491
STU_010038,89.8159402456003
STU_010039,63.805443911898756
STU_010040,82.34738591732199
STU_010041,93.17722361439044
STU_010042,63.990778143376986
STU_010043,86.00585427814946
STU_010044,71.88143218944057
STU_010045,80.8971424402128
STU_010046,58.164792080884794
STU_010047,68.42590971800473
STU_010048,83.22332393553951
STU_010049,50.322789856939806
STU_010050,61.71843248397636
STU_010051,74.69086508293458
STU_010052,65.98272525823334
STU_010053,60.39369382482542
STU_010054,71.75856991846555
STU_010055,63.95923526164289
STU_010056,60.527823247614364
STU_010057,64.33542462513282
STU_010058,98.99341816498466
STU_010059,87.76491619616579
STU_010060,73.44720080093495
STU_010061,40.58803749914185
STU_010062,77.3887892195699
STU_010063,67.76898796536926
STU_010064,91.57316611812867
STU_010065,52.83848410749932
STU_010066,59.83686005387957
STU_010067,91.48136680385403
STU_010068,58.88941780163142
STU_010069,65.59702277533353
STU_010070,59.52065663733953
STU_010071,95.14670685022949
STU_010072,65.88665196841708
STU_010073,94.98934981838697
STU_010074,56.2900798600507
STU_010075,76.57623024679779
STU_010076,97.73343071634636
STU_010077,84.68847838733001
STU_010078,87.32802940228355
STU_010079,80.13064097051675
STU_010080,80.01275769260693
STU_010081,61.3899943255927
STU_010082,77.74016024743862
STU_010083,78.82310770236172
STU_010084,82.60020548174843
STU_010085,71.58863287798874
STU_010086,78.039155629353
STU_010087,72.02727992979355
STU_010088,66.30230581212888
STU_010089,84.2498385937807
STU_010090,77.40123368018922
STU_010091,54.911026073940654
STU_010092,72.14106861698257
STU_010093,62.72132920826711
STU_010094,91.19066784973337
STU_010095,56.15092955573368
STU_010096,82.41817477957994
STU_010097,70.80470213508556
STU_010098,83.12312478611267
STU_010099,68.74319274999947
STU_010100,72.44690781559933
STU_010101,78.85853820981194
STU_010102,62.604253370419165
STU_010103,89.43871675873136
STU_010104,54.53425152190047
STU_010105,96.91151267747789
STU_010106,50.445486840686186
STU_010107,81.97083616172213
STU_010108,76.42149157539649
STU_010109,68.43178465430918
STU_010110,77.59390607649746
STU_010111,90.69905916096172
STU_010112,81.97248065312152
STU_010113,70.4993677542008
STU_010114,82.62957119396125
STU_010115,81.91968365108434
STU_010116,90.63946347167641
STU_010117,80.89918613764235
STU_010118,90.52921357699053
STU_010119,69.68645158963238
STU_010120,68.97434498192142
STU_010121,79.09866190935328
STU_010122,74.32441119626225
STU_010123,95.57249332851228
STU_010124,74.47107466448374
STU_010125,86.51732171335382
STU_010126,70.11569065101077
STU_010127,56.0712733883351
STU_010128,91.18248490911863
STU_010129,81.6790236431642
STU_010130,75.9741546338614
STU_010131,62.528094347486146
STU_010132,72.74776622582638
STU_010133,75.33939649467347
STU_010134,66.67684512186081
STU_010135,41.917070019013345
STU_010136,70.28253644655828
STU_010137,63.64809040097141
STU_010138,77.69619222767341
STU_010139,79.01329972303978
STU_010140,88.98897533875433
STU_010141,62.44300499502779
STU_010142,87.0628040095603
STU_010143,74.15762809300665
STU_010144,74.02005162463797
STU_010145,94.66363316500477
STU_010146,79.56251538918767
STU_010147,53.963125584463185
STU_010148,55.61251641128114
STU_010149,61.217589244489055
STU_010150,91.95163292941959
STU_010151,70.42837834796742
STU_010152,86.71210805374429
STU_010153,74.19280720211557
STU_010154,80.42390102481839
STU_010155,63.650511529010245
STU_010156,94.01982955422285
STU_010157,99.57043344493557
STU_010158,71.82281710096265
STU_010159,88.48725367698472
STU_010160,64.90362799575792
STU_010161,93.76414868095323
STU_010162,98.61381781307779
STU_010163,79.66523048194522
STU_010164,74.61248390554938
STU_010165,73.60903409149448
STU_010166,87.9389924545591
STU_010167,84.92231635036565
STU_010168,76.25885486143572
STU_010169,70.57962511282786
STU_010170,89.44388977214189
STU_010171,70.99279918126241
STU_010172,99.59401676950506
STU_010173,69.38947642505264
STU_010174,76.49541594056556
STU_010175,75.98799271721569
STU_010176,69.1448725019879
STU_010177,89.92571378409838
STU_010178,83.17512120425313
STU_010179,79.55560916294512
STU_010180,79.9764875979896
STU_010181,77.69292028423715
STU_010182,74.15983830668702
STU_010183,78.22936856480192
STU_010184,83.58039225821874
STU_010185,61.97720279433466
STU_010186,87.03249509911497
STU_010187,63.30969979292628
STU_010188,89.73407007064172
STU_010189,75.83527377335291
STU_010190,58.502726645126046
STU_010191,51.78445435143996
STU_010192,85.00846549725262
STU_010193,62.98834466668134
STU_010194,84.82646998456477
STU_010195,83.02009230691965
STU_010196,68.50492916108377
STU_010197,75.36268036989611
STU_010198,81.43501497464287
STU_010199,97.07744024929251
STU_010200,73.44405091805802
STU_010201,99.23709970888451
STU_010202,78.14018875189515
STU_010203,71.98765148583011
STU_010204,94.97183226759772
STU_010205,83.94680491213609
STU_010206,89.88511160324084
STU_010207,50.21984196974074
STU_010208,72.02639112444274
STU_010209,61.14974063191961
STU_010210,90.95519682338784
STU_010211,74.61849471942227
STU_010212,92.65339683728351
STU_010213,89.90986019120848
STU_010214,65.91915200185844
STU_010215,68.04035472983105
STU_010216,59.86018650107901
STU_010217,83.55546791860756
STU_010218,59.235949133603576
STU_010219,83.88010029230914
STU_010220,68.63434817575842
STU_010221,81.22575613677589
STU_010222,56.160795731279855
STU_010223,79.95565870673343
STU_010224,99.27103817632535
STU_010225,62.63478894726352
STU_010226,86.13642052726324
STU_010227,58.02354518033821
STU_010228,91.35965813595654
STU_010229,75.2261808013252
STU_010230,60.16856220032071
STU_010231,54.02964438746276
STU_010232,94.42791450761834
STU_010233,59.030023796483555
STU_010234,81.20094003976692
STU_010235,50.64395886278379
STU_010236,91.68104783417145
STU_010237,81.93156952427347
STU_010238,74.76505376727735
STU_010239,51.334886374343675
STU_010240,71.57351102966243
STU_010241,79.73283463741484
STU_010242,77.84668224366332
STU_010243,65.1544553285708
STU_010244,88.7563471052832
STU_010245,58.07220608040497
STU_010246,46.75694999344495
STU_010247,94.1257032580136
STU_010248,87.41644663182524
STU_010249,67.97877283883969
STU_010250,96.6027788488188
STU_010251,77.79353665854858
STU_010252,99.78574290322025
STU_010253,61.807969018932134
STU_010254,96.2367811657606
STU_010255,67.73222437194218
STU_010256,61.45053063674707
STU_010257,74.47124360593784
STU_010258,81.00484994144458
STU_010259,79.56301438484131
STU_010260,63.24666337135655
STU_010261,63.40801806822739
STU_010262,53.298727549955714
STU_010263,59.879414455971286
STU_010264,99.78361683365483
STU_010265,67.0868608465595
STU_010266,80.38622130050018
STU_010267,62.344508562608354
STU_010268,84.35771509875855
STU_010269,75.96507818668138
STU_010270,90.18807083977501
STU_010271,83.17918886426465
STU_010272,62.40561443976712
STU_010273,80.48131849860528
STU_010274,64.53333901808601
STU_010275,89.8712706940408
STU_010276,63.004067670921756
STU_010277,81.60392736128219
STU_010278,84.53129012115832
STU_010279,65.05563820466759
STU_010280,67.54884725598058
STU_010281,59.78808897320549
STU_010282,67.39440403104679
STU_010283,82.52848291329187
STU_010284,64.82825374375808
STU_010285,57.950637312022835
STU_010286,78.0497697184592
STU_010287,92.39942104261239
STU_010288,62.00857537466878
STU_010289,55.157096922256414
STU_010290,83.30951757163092
STU_010291,46.96996576656005
STU_010292,87.9728994171062
STU_010293,63.81345714778274
STU_010294,59.78850294409976
STU_010295,69.23902601875687
STU_010296,83.28527752316015
STU_010297,81.52967390650234
STU_010298,94.75989088078828
STU_010299,89.01010165141435
STU_010300,62.517017508453264
STU_010301,78.16941909936584
STU_010302,84.75829984977693
STU_010303,71.32683869179715
STU_010304,56.119379846983406
STU_010305,78.33587161407434
STU_010306,61.331596776185265
STU_010307,64.72415050349392
STU_010308,76.72815904754124
STU_010309,70.3585296659939
STU_010310,56.46764054104884
STU_010311,63.38580602823989
STU_010312,77.9178339098075
STU_010313,77.32591300125465
STU_010314,83.02225003032592
STU_010315,87.54079837954671
STU_010316,90.64299964322917
STU_010317,86.51533741726564
STU_010318,73.09434569320963
STU_010319,90.86697145570145
STU_010320,98.03808279871888
STU_010321,68.25820612535148
STU_010322,93.4388836544307
STU_010323,72.1648913471886
STU_010324,92.71189445112759
STU_010325,95.10461810178887
STU_010326,77.69451955498977
STU_010327,67.09397414351804
STU_010328,83.0286524975531
STU_010329,94.1622813221888
STU_010330,82.86591714050839
STU_010331,97.55175492437189
STU_010332,64.06434297990785
STU_010333,99.8189502975108
STU_010334,73.07175620908627
STU_010335,92.09453332637977
STU_010336,55.19921927670931
STU_010337,62.55825150107479
STU_010338,88.91229412308334
STU_010339,77.83829365725806
STU_010340,61.524734883590554
STU_010341,96.44436543879998
STU_010342,60.12468559485188
STU_010343,59.718794871002515
STU_010344,78.86859274607119
STU_010345,82.6357183127685
STU_010346,87.7014262238945
STU_010347,51.65752394152865
STU_010348,61.00366441112408
STU_010349,87.52701994826405
STU_010350,82.09049022887133
STU_010351,72.75426964225997
STU_010352,69.8088221378392
STU_010353,94.9868478673147
STU_010354,74.25690609304915
STU_010355,77.85206001713124
STU_010356,86.82583299315542
STU_010357,93.81676418568327
STU_010358,78.1987675319961
STU_010359,61.92702035269286
STU_010360,68.79638497145208
STU_010361,98.74356064497701
STU_010362,73.15803959874488
STU_010363,75.03275870217779
STU_010364,95.62223846843082
STU_010365,85.14303282506185
STU_010366,95.09796787456094
STU_010367,70.6399264794277
STU_010368,63.81428521441975
STU_010369,91.12065163388158
STU_010370,86.22146592456411
STU_010371,71.45473317269872
STU_010372,75.9280074319455
STU_010373,73.29988001408363
STU_010374,83.2786880118539
STU_010375,98.23887181387866
STU_010376,55.8035989113836
STU_010377,76.05674077406299
STU_010378,77.91927647657529
STU_010379,69.65528108861997
STU_010380,63.19739085323961
STU_010381,75.59559326349293
STU_010382,91.13499117685973
STU_010383,78.35128397570007
STU_010384,92.93631958933909
STU_010385,80.52879575223804
STU_010386,62.93459207915771
STU_010387,61.472935000844316
STU_010388,96.24493327881746
STU_010389,72.60754491993795
STU_010390,56.51413952805051
STU_010391,64.56689932134094
STU_010392,75.85470796134148
STU_010393,81.02372383188018
STU_010394,75.56770441159166
STU_010395,76.54178688178241
STU_010396,80.83965222940002
STU_010397,87.62726516064426
STU_010398,86.96656208981156
STU_010399,62.92010803976349
STU_010400,72.54363613232815
STU_010401,48.93000539225726
STU_010402,69.13625532581912
STU_010403,76.81677890284882
STU_010404,86.11183697843465
STU_010405,81.46151472553704
STU_010406,75.31682700737896
STU_010407,91.77851266747403
STU_010408,65.83128494577113
STU_010409,96.38000354930867
STU_010410,65.54513597618826
STU_010411,90.81139041004724
STU_010412,95.40762967435347
STU_010413,87.61155231724646
STU_010414,86.91882650758996
STU_010415,89.24877819283665
STU_010416,82.24650012210894
STU_010417,98.70696068197796
STU_010418,73.80490334947822
STU_010419,94.95030950091373
STU_010420,86.8580534255082
STU_010421,84.34399128507968
STU_010422,73.60121885053036
STU_010423,73.47796958464936
STU_010424,51.41045198770154
STU_010425,54.427077598720274
STU_010426,73.88034498002895
STU_010427,63.716386219348564
STU_010428,71.36103745981907
STU_010429,52.730700151650694
STU_010430,87.20043542431294
STU_010431,48.710263288716725
STU_010432,73.22880698458994
STU_010433,74.07451822381525
STU_010434,89.75313880396985
STU_010435,59.95245429121821
STU_010436,77.33040867393115
STU_010437,51.58009338480733
STU_010438,99.70836482318497
STU_010439,67.84709191546025
STU_010440,89.32346986989891
STU_010441,59.42969814187846
STU_010442,71.82975985298727
STU_010443,81.9388129609266
STU_010444,69.04486065112852
STU_010445,71.63281475130333
STU_010446,45.3371795739927
STU_010447,78.93607433742343
STU_010448,72.55375203241763
STU_010449,69.4177986012292
STU_010450,66.29773870685288
STU_010451,91.7158210035926
STU_010452,82.03275143605113
STU_010453,71.19701203563642
STU_010454,66.75319250490791
STU_010455,46.63064176214299
STU_010456,85.90227937706375
STU_010457,74.67564409834335
STU_010458,87.33467642108808
STU_010459,75.16281443970182
STU_010460,67.78717752609106
STU_010461,67.00376489067082
STU_010462,57.052686743663514
STU_010463,85.03376070581206
STU_010464,88.96681164608131
STU_010465,53.667709917407315
STU_010466,66.26156126998883
STU_010467,78.37154408110234
STU_010468,71.00651970494977
STU_010469,80.60879767468644
STU_010470,69.51234000743077
STU_010471,97.95067172143537
STU_010472,56.80646896208646
STU_010473,87.98724009099836
STU_010474,84.78606261216848
STU_010475,78.21564196364942
STU_010476,64.77140943883464
STU_010477,69.42098891351034
STU_010478,94.16682744547138
STU_010479,61.14739694564259
STU_010480,69.6270221007867
STU_010481,61.70084061464425
STU_010482,74.21607287864987
STU_010483,94.37456916696078
STU_010484,73.46805413015545
STU_010485,48.07993090095415
STU_010486,72.93761064269123
STU_010487,92.36003641489484
STU_010488,82.6967986422267
STU_010489,82.8657343118465
STU_010490,82.1630798985077
STU_010491,71.32029499596908
STU_010492,72.53716845931257
STU_010493,80.10586753616874
STU_010494,59.689959038896006
STU_010495,39.76136730278629
STU_010496,97.1478812762142
STU_010497,64.4485035126557
STU_010498,73.41093110107012
STU_010499,66.82707213928619
STU_010500,69.28731871330422
STU_010501,76.58746061598481
STU_010502,68.48423595209496
STU_010503,78.04481466488699
STU_010504,68.59002387163176
STU_010505,60.962416120502425
STU_010506,90.37199846251056
STU_010507,66.2750818046398
STU_010508,62.43956357904665
STU_010509,80.3044770165408
STU_010510,48.73403561366023
STU_010511,59.86835229044085
STU_010512,72.01610576916993
STU_010513,93.17340869812072
STU_010514,74.2368901292879
STU_010515,83.46678247034268
STU_010516,81.7240781202258
STU_010517,97.9914062921811
STU_010518,50.817277383698006
STU_010519,88.43688976538846
STU_010520,87.12590759463188
STU_010521,98.87974735854456
STU_010522,71.39344386224403
STU_010523,84.44864304497317
STU_010524,88.47665323270297
STU_010525,68.3789115660049
STU_010526,58.90374697333654
STU_010527,87.95094027480279
STU_010528,83.48379641897127
STU_010529,47.922319936198384
STU_010530,76.08930829333713
STU_010531,66.41243043627402
STU_010532,57.639219238527986
STU_010533,83.47375125926267
STU_010534,77.83088308103251
STU_010535,85.55182918009568
STU_010536,77.16249952111882
STU_010537,76.0600453808866
STU_010538,76.92841486764942
STU_010539,61.87449493486995
STU_010540,47.55391686287909
STU_010541,88.40154257420953
STU_010542,99.61919871466642
STU_010543,80.8653612869632
STU_010544,72.78857943654921
STU_010545,81.71490699619989
STU_010546,72.19733746451507
STU_010547,77.15619778050078
STU_010548,99.51475558045921
STU_010549,65.48167254165313
STU_010550,80.74470771913224
STU_010551,59.423609373496596
STU_010552,96.28182215781358
STU_010553,97.3769042611203
STU_010554,87.45767862346369
STU_010555,75.24000143841536
STU_010556,62.083131781530774
STU_010557,76.78890695031996
STU_010558,78.24323560395598
STU_010559,78.02743025092923
STU_010560,76.27811590502468
STU_010561,96.79610481177308
STU_010562,59.25534521812001
STU_010563,63.48386685200903
STU_010564,63.954286593888995
STU_010565,92.25323290389187
STU_010566,59.56158501687272
STU_010567,73.60846603467992
STU_010568,80.46110635078493
STU_010569,96.82881957286179
STU_010570,53.77301703937455
STU_010571,95.51823207813247
STU_010572,72.14187574053358
STU_010573,96.21100508260183
STU_010574,72.23399437864197
STU_010575,63.835360136076815
STU_010576,51.13315566237828
STU_010577,63.257855034865365
STU_010578,69.716417349908
STU_010579,84.71243007750013
STU_010580,61.99309474385442
STU_010581,49.611259054924005
STU_010582,78.31812309065806
STU_010583,75.69109545154662
STU_010584,94.2872004163602
STU_010585,77.63986243589675
STU_010586,99.6124282904218
STU_010587,74.13934372858883
STU_010588,69.63190489686485
STU_010589,99.25396547752653
STU_010590,87.45052740009852
STU_010591,71.87178193828221
STU_010592,96.82032391835786
STU_010593,84.22756024420731
STU_010594,51.37477688060517
STU_010595,80.39570905903379
STU_010596,74.06601133380637
STU_010597,62.43901752461619
STU_010598,93.34067769127955
STU_010599,67.77627921569123
STU_010600,72.13949428284587
STU_010601,82.62773348652458
STU_010602,68.92386414865037
STU_010603,79.07483974962857
STU_010604,73.1362346877796
STU_010605,62.50754480600696
STU_010606,95.76075288027019
STU_010607,86.62121670409026
STU_010608,62.45090720885938
STU_010609,76.96218846332268
STU_010610,79.33971593648369
STU_010611,90.2064078621174
STU_010612,59.55558076952161
STU_010613,93.8787305662273
STU_010614,98.85550377365381
STU_010615,89.87402769666545
STU_010616,90.28650349670042
STU_010617,54.87722474553381
STU_010618,80.06830530352562
STU_010619,98.40614599809098
STU_010620,64.9617450224814
STU_010621,67.7488723217996
STU_010622,57.64257641281637
STU_010623,86.93201400349477
STU_010624,61.61313719610082
STU_010625,66.8996318215415
STU_010626,89.84023754410822
STU_010627,90.8390035155008
STU_010628,59.6182783390131
STU_010629,81.9720057175977
STU_010630,78.37436306802657
STU_010631,93.22115391686543
STU_010632,67.0112480258372
STU_010633,76.63008321602656
STU_010634,75.87092359702538
STU_010635,64.11484274646891
STU_010636,81.78234451064182
STU_010637,62.47458508153423
STU_010638,75.03268297636707
STU_010639,67.20700797046084
STU_010640,56.826555278898795
STU_010641,69.96007626718897
STU_010642,97.63742357020666
STU_010643,90.62650246358177
STU_010644,73.59581033793333
STU_010645,79.79568376400559
STU_010646,96.06952942632819
STU_010647,68.60965990339133
STU_010648,72.95117363757612
STU_010649,74.91559937136805
STU_010650,85.861354907585
STU_010651,80.44225676621767
STU_010652,66.87352170977017
STU_010653,86.51318187502197
STU_010654,88.35897061386004
STU_010655,88.12460220564921
STU_010656,76.06161846904833
STU_010657,79.29376734372973
STU_010658,74.845517972296
STU_010659,96.16205814117723
STU_010660,90.64987418000172
STU_010661,70.19228487094037
STU_010662,96.13243827095346
STU_010663,69.79538991248108
STU_010664,73.2996118998069
STU_010665,61.57860930089926
STU_010666,96.13821933319286
STU_010667,92.26606689700475
STU_010668,69.91312289113438
STU_010669,74.0077250959478
STU_010670,87.68079170366454
STU_010671,61.90108229372268
STU_010672,56.86610255500585
STU_010673,87.20508971915412
STU_010674,98.9115156827897
STU_010675,92.88198257577278
STU_010676,84.48078741246445
STU_010677,76.53903242494698
STU_010678,74.24600582721261
STU_010679,69.22676475450963
STU_010680,90.98441501485537
STU_010681,87.75346659851174
STU_010682,50.609682326522204
STU_010683,72.43933299845716
STU_010684,75.46100084045051
STU_010685,87.41354028919571
STU_010686,77.22961383935558
STU_010687,62.15894961306185
STU_010688,98.85553678335106
STU_010689,85.52204034265841
STU_010690,99.18156908812082
STU_010691,74.87285142815338
STU_010692,89.67982013546042
STU_010693,75.62596533833921
STU_010694,71.02117246904177
STU_010695,61.139562739034815
STU_010696,52.38725332769506
STU_010697,69.67783637003535
STU_010698,93.7357438522523
STU_010699,80.75706451025461
STU_010700,91.90104330978514
STU_010701,82.95324765721891
STU_010702,65.1704440420333
STU_010703,98.70816612196302
STU_010704,99.50569944511786
STU_010705,79.87468281708564
STU_010706,94.96886486986799
STU_010707,77.76764122792412
STU_010708,76.85755433455155
STU_010709,65.89560518324527
STU_010710,55.84147192985616
STU_010711,99.70548265995066
STU_010712,50.322660060308934
STU_010713,90.50862558051352
STU_010714,64.95013466177642
STU_010715,80.90333980135316
STU_010716,54.071533238886225
STU_010717,84.92978281584536
STU_010718,77.24922084180457
STU_010719,82.90643087217812
STU_010720,52.506465268918106
STU_010721,67.57190208311374
STU_010722,99.84371413613874
STU_010723,72.22916666260258
STU_010724,81.43893598242302
STU_010725,66.28715212667153
STU_010726,66.01508597045218
STU_010727,50.68095619039137
STU_010728,73.10264667915526
STU_010729,94.40659199301378
STU_010730,96.10629731246823
STU_010731,72.1989818597381
STU_010732,73.60036477494872
STU_010733,98.70597857534295
STU_010734,84.0765003483975
STU_010735,70.05055791257784
STU_010736,67.40854650337577
STU_010737,67.25336000071769
STU_010738,66.4159064141486
STU_010739,71.18527577351439
STU_010740,65.72966530269294
STU_010741,84.8196975988781
STU_010742,66.0982039222153
STU_010743,96.43484559404354
STU_010744,76.01152335109786
STU_010745,65.80069061922624
STU_010746,70.7819899423614
STU_010747,87.33429283203068
STU_010748,74.8781028554351
STU_010749,83.60772670091015
STU_010750,78.3515489451269
STU_010751,71.57419718572967
STU_010752,64.55016490536222
STU_010753,75.77732565437327
STU_010754,84.00233910336388
STU_010755,60.00720023422622
STU_010756,90.92173701873247
STU_010757,55.77931152594082
STU_010758,81.51545876212843
STU_010759,91.18813483195039
STU_010760,84.81135446389175
STU_010761,73.97664675147819
STU_010762,74.37853891779464
STU_010763,63.32192928793697
STU_010764,52.26643360555242
STU_010765,85.02026951255391
STU_010766,60.54266840795138
STU_010767,71.94497510681141
STU_010768,57.3091583755462
STU_010769,89.16470628804993
STU_010770,68.17806087939718
STU_010771,45.27234497536412
STU_010772,68.35458279709201
STU_010773,86.206873131753
STU_010774,86.23741737525086
STU_010775,93.78419258643586
STU_010776,43.36642554380853
STU_010777,78.85057903631706
STU_010778,53.895787771144185
STU_010779,64.32028759985214
STU_010780,82.230439304362
STU_010781,78.08252546498292
STU_010782,84.98340636768404
STU_010783,51.64056797289051
STU_010784,70.45650150482243
STU_010785,86.22253559572184
STU_010786,83.98391232477586
STU_010787,71.83080390395531
STU_010788,71.77095284191877
STU_010789,94.77646342475852
STU_010790,60.71753222925841
STU_010791,59.32419468477565
STU_010792,94.52086246157575
STU_010793,83.66240524376764
STU_010794,58.88544046896594
STU_010795,79.75617398864475
STU_010796,80.87764730448758
STU_010797,57.391840721351585
STU_010798,61.834855804358206
STU_010799,88.41464018469657
STU_010800,65.56369952952632
STU_010801,63.609678548881874
STU_010802,84.68515820851343
STU_010803,80.9303552672936
STU_010804,54.13927903795933
STU_010805,70.9257605864709
STU_010806,84.99509793990015
STU_010807,95.49460963283855
STU_010808,66.60757561582471
STU_010809,99.51261839323237
STU_010810,86.74628575926732
STU_010811,76.00421958701608
STU_010812,81.24945645570749
STU_010813,94.427708434448
STU_010814,68.27445974616904
STU_010815,87.03581264423013
STU_010816,99.79787805702323
STU_010817,86.70657322077082
STU_010818,85.54576187705877
STU_010819,80.34708718106191
STU_010820,94.56372889312857
STU_010821,98.07691455424319
STU_010822,62.81493132537513
STU_010823,91.94562616155162
STU_010824,88.28805723597775
STU_010825,84.00296797943034
STU_010826,82.32106324359363
STU_010827,59.540884643691996
STU_010828,72.54376188613499
STU_010829,70.24363841480847
STU_010830,75.37577981027584
STU_010831,92.46344372561327
STU_010832,96.13345175854116
STU_010833,82.88770678896672
STU_010834,69.82553436209366
STU_010835,81.13974171116851
STU_010836,84.05513100301599
STU_010837,79.01844074176128
STU_010838,90.44111722565366
STU_010839,68.078294952447
STU_010840,80.98522976570062
STU_010841,86.95043310331393
STU_010842,88.30941623505619
STU_010843,73.49412079869391
STU_010844,53.251627015630724
STU_010845,91.84497941806225
STU_010846,80.08637874655628
STU_010847,99.25635161978983
STU_010848,72.90203124405213
STU_010849,74.47453135607628
STU_010850,60.188501482575376
STU_010851,96.15460126427706
STU_010852,62.33726922133357
STU_010853,89.36268241236496
STU_010854,87.84947623637576
STU_010855,67.90877996993656
STU_010856,55.85302108014447
STU_010857,67.51698049673222
STU_010858,51.09754424541627
STU_010859,68.86004954049602
STU_010860,94.76074272060632
STU_010861,77.10621939524995
STU_010862,66.35401876015726
STU_010863,82.11310314847401
STU_010864,90.09883998564683
STU_010865,77.1733430734017
STU_010866,95.2914301449125
STU_010867,51.53953928341062
STU_010868,64.82731196134445
STU_010869,82.18881673881347
STU_010870,62.14919332956657
STU_010871,86.64476691253815
STU_010872,86.34103498422085
STU_010873,45.352889014984136
STU_010874,65.95103027200565
STU_010875,82.15424389267473
STU_010876,66.09595475369329
STU_010877,75.05736796211356
STU_010878,76.78804479097533
STU_010879,68.927603874303
STU_010880,82.10474410765471
STU_010881,98.4677656893741
STU_010882,76.25663272289648
STU_010883,81.61299968978594
STU_010884,60.91057868918091
STU_010885,66.93885385795244
STU_010886,98.39597665916381
STU_010887,57.04503017969987
STU_010888,86.15127064136625
STU_010889,95.23564017966544
STU_010890,79.91193101729186
STU_010891,98.56572439561975
STU_010892,82.16666148003785
STU_010893,72.89094224288611
STU_010894,83.51207118195816
STU_010895,68.67923994339786
STU_010896,72.56114794146526
STU_010897,67.05076420253177
STU_010898,81.4804347242535
STU_010899,61.79303007937827
STU_010900,67.3180716593694
STU_010901,60.273661334051795
STU_010902,90.67257233042469
STU_010903,56.59824855401216
STU_010904,75.12772874844774
STU_010905,66.19950121432385
STU_010906,52.662703251216236
STU_010907,98.0446617187254
STU_010908,86.93879054847594
STU_010909,86.13271466453872
STU_010910,82.66631619011143
STU_010911,80.19343217593551
STU_010912,90.03412898575766
STU_010913,77.53439902750472
STU_010914,91.75829224603987
STU_010915,74.70959153820867
STU_010916,68.3838959270885
STU_010917,81.64381299294354
STU_010918,77.36364476398055
STU_010919,90.13938954007816
STU_010920,70.52967625721689
STU_010921,78.405127105025
STU_010922,78.36750932814108
STU_010923,90.96599026650676
STU_010924,96.16869128706998
STU_010925,66.59419781969977
STU_010926,92.577572891055
STU_010927,63.31756202237318
STU_010928,74.72819699358553
STU_010929,68.09483652092793
STU_010930,90.64028564700104
STU_010931,70.60995587512997
STU_010932,89.2661674109836
STU_010933,71.662689190938
STU_010934,87.77592107547096
STU_010935,70.28650335799978
STU_010936,65.9609710393292
STU_010937,73.02834396838753
STU_010938,62.12523126543235
STU_010939,81.94241849079174
STU_010940,46.310140090854986
STU_010941,97.04523754440875
STU_010942,80.27319726390327
STU_010943,54.26425897408346
STU_010944,58.13277612365155
STU_010945,76.82006803366832
STU_010946,84.2774906694974
STU_010947,75.32465154259711
STU_010948,93.5598483495836
STU_010949,97.93654063684707
STU_010950,64.02539446585469
STU_010951,70.3712114220695
STU_010952,60.44434799969196
STU_010953,86.42384541517873
STU_010954,52.777387966927414
STU_010955,61.439904979498706
STU_010956,98.95357105519517
STU_010957,88.6052627094816
STU_010958,69.71595567825054
STU_010959,87.32999716142211
STU_010960,85.26402928270987
STU_010961,74.345483642196
STU_010962,91.7907235812194
STU_010963,72.42688307594837
STU_010964,76.66219609060701
STU_010965,67.06596021746648
STU_010966,55.01576461567424
STU_010967,69.77498393129682
STU_010968,66.13410899419888
STU_010969,57.79051310472932
STU_010970,85.6812027901988
STU_010971,69.9549966297179
STU_010972,72.2036568839225
STU_010973,74.72545201075381
STU_010974,66.31163581704233
STU_010975,82.05062448900918
STU_010976,83.31450226926998
STU_010977,86.30006541628867
STU_010978,97.10061681846501
STU_010979,74.26406869984807
STU_010980,77.95775941350149
STU_010981,92.64947687916896
STU_010982,72.96184983069145
STU_010983,72.69909741713148
STU_010984,75.5036532875176
STU_010985,52.48883455611499
STU_010986,89.74193665873881
STU_010987,90.52377011210919
STU_010988,66.96925787185037
STU_010989,84.24790109627236
STU_010990,76.3061281944401
STU_010991,59.29436793862533
STU_010992,82.1864596123462
STU_010993,73.6714412485851
STU_010994,82.96081391809946
STU_010995,97.86952230511966
STU_010996,60.824843198377266
STU_010997,67.29141026395875
STU_010998,67.41185653791739
STU_010999,68.58815132641757
STU_011000,76.15759853433636
STU_011001,61.58562676906733
STU_011002,76.86464371237464
STU_011003,63.81888004703089
STU_011004,82.45442631916646
STU_011005,72.76186973984221
STU_011006,81.22825809310865
STU_011007,67.0476637335419
STU_011008,80.63136773870019
STU_011009,96.18640765029207
STU_011010,97.13535197510541
STU_011011,65.32130828124973
STU_011012,85.56559816463184
STU_011013,54.83212067310531
STU_011014,69.88275497975071
STU_011015,98.12092760068863
STU_011016,62.710151575203014
STU_011017,75.06852449761705
STU_011018,88.30160631267267
STU_011019,62.35487899828773
STU_011020,90.74500428505876
STU_011021,64.56085418647024
STU_011022,84.48895307220492
STU_011023,73.22845798905361
STU_011024,77.80956107049519
STU_011025,67.33199619369617
STU_011026,78.02484117610389
STU_011027,71.01356418157933
STU_011028,90.90466406146668
STU_011029,80.59337150531522
STU_011030,60.37269369504421
STU_011031,58.301945719558276
STU_011032,63.90432473034586
STU_011033,55.190363059400696
STU_011034,74.90054563548381
STU_011035,90.16137946543316
STU_011036,97.21064817783747
STU_011037,94.34177808986993
STU_011038,85.53648957283824
STU_011039,60.15383287507873
STU_011040,76.6486535581881
STU_011041,54.15509122267831
STU_011042,60.27730444771477
STU_011043,64.4384069114314
STU_011044,62.3721910986651
STU_011045,97.29985486786279
STU_011046,79.62658955380817
STU_011047,81.29950103458673
STU_011048,64.00229596705725
STU_011049,80.86352146951772
STU_011050,74.69302178533313
STU_011051,89.71549679747969
STU_011052,99.6185377845598
STU_011053,50.46211495792269
STU_011054,73.03466555414313
STU_011055,62.479170231895694
STU_011056,59.31268280823156
STU_011057,93.25326414449103
STU_011058,99.52835364275423
STU_011059,97.8624348569393
STU_011060,71.22093878564047
STU_011061,61.6725173149208
STU_011062,63.150203478213214
STU_011063,90.76451981055703
STU_011064,72.96686760337766
STU_011065,73.0973944834864
STU_011066,71.8756244252597
STU_011067,88.44408812486539
STU_011068,95.95955050649533
STU_011069,93.29121977126964
STU_011070,67.99972592676302
STU_011071,88.51328459779532
STU_011072,92.08575007052062
STU_011073,74.5175319603409
STU_011074,91.86491776852067
STU_011075,68.41692772349106
STU_011076,97.1699833359594
STU_011077,74.45050757005524
STU_011078,69.94966317769624
STU_011079,66.4511527502083
STU_011080,60.80775381962374
STU_011081,86.34613505420941
STU_011082,52.20875053641284
STU_011083,96.86503876797879
STU_011084,73.8268676915205
STU_011085,89.34240707325623
STU_011086,62.710916091741076
STU_011087,74.94681503372554
STU_011088,76.58446468593759
STU_011089,89.83181286026655
STU_011090,93.30626165072344
STU_011091,82.54844785513549
STU_011092,66.37265043682736
STU_011093,79.41457749658206
STU_011094,60.28465899930318
STU_011095,80.56445035989958
STU_011096,58.74642266332867
STU_011097,90.87405192836003
STU_011098,90.48241139921326
STU_011099,85.63238538287365
STU_011100,59.41065493842869
STU_011101,62.226394257530345
STU_011102,78.67461412741552
STU_011103,66.28694373505098
STU_011104,95.15152092790908
STU_011105,74.33055141286593
STU_011106,84.81782585156839
STU_011107,55.56975712050405
STU_011108,80.98573022903395
STU_011109,95.10120442030012
STU_011110,99.62528454575363
STU_011111,75.3589483452442
STU_011112,75.86623886897975
STU_011113,83.30224507041862
STU_011114,92.34076040603287
STU_011115,94.11765189803502
STU_011116,86.30806166584497
STU_011117,70.54016403255041
STU_011118,71.26860221719858
STU_011119,79.54182869144097
STU_011120,78.87969263588053
STU_011121,76.80773829309518
STU_011122,60.51463111360722
STU_011123,99.25020853766085
STU_011124,62.69309596666461
STU_011125,99.55676508102455
STU_011126,87.78484797513784
STU_011127,76.13838355440356
STU_011128,64.75265081103532
STU_011129,88.30290164545173
STU_011130,58.79877296166799
STU_011131,87.78853337551165
STU_011132,73.23061309769838
STU_011133,82.21837287162266
STU_011134,58.79039141741374
STU_011135,59.13826908879129
STU_011136,95.17027704273261
STU_011137,74.86263556406037
STU_011138,99.64931009716582
STU_011139,72.16897591264363
STU_011140,86.72567059904172
STU_011141,54.03533887650484
STU_011142,94.9314494508366
STU_011143,81.7795734712269
STU_011144,65.29128051218419
STU_011145,64.3054826493455
STU_011146,66.98912693876177
STU_011147,94.19335516311644
STU_011148,93.50844378926585
STU_011149,91.00451742100283
STU_011150,80.66157139069904
STU_011151,95.61406546490267
STU_011152,63.5329237772511
STU_011153,75.67512402020164
STU_011154,73.57068441805325
STU_011155,68.16486862627568
STU_011156,74.84421092628381
STU_011157,58.755750331855495
STU_011158,71.02700045160987
STU_011159,69.59635949373379
STU_011160,52.54620598986985
STU_011161,89.4599656061053
STU_011162,70.90072020462242
STU_011163,72.05790106930996
STU_011164,85.87239796683538
STU_011165,74.86160413317685
STU_011166,73.6807346317621
STU_011167,70.31345181626779
STU_011168,81.37564921504298
STU_011169,87.15100660853732
STU_011170,59.84129651027661
STU_011171,70.58738743308072
STU_011172,97.65360260543153
STU_011173,92.84220597386769
STU_011174,71.51579557210883
STU_011175,63.68568720862207
STU_011176,80.67739262214353
STU_011177,72.26528186964873
STU_011178,92.4536876184116
STU_011179,85.85282612191111
STU_011180,67.8581900005293
STU_011181,83.19070272011878
STU_011182,95.14186936886904
STU_011183,56.27067530924815
STU_011184,80.3126667180287
STU_011185,79.79119207157493
STU_011186,47.544420398119875
STU_011187,83.54323807608853
STU_011188,79.37029095919051
STU_011189,47.881603698111576
STU_011190,80.5300590269806
STU_011191,93.96827669073448
STU_011192,79.5351244942481
STU_011193,70.70332181959324
STU_011194,89.11676488792651
STU_011195,81.77926932670836
STU_011196,90.87496217200008
STU_011197,98.58439735872055
STU_011198,74.49775570220703
STU_011199,92.5359883381476
STU_011200,72.15010214468225
STU_011201,56.032435598071515
STU_011202,60.881814566498136
STU_011203,78.33633397392734
STU_011204,88.37144539625649
STU_011205,88.372820925313
STU_011206,82.43629006377932
STU_011207,58.30521717255745
STU_011208,71.87445834861421
STU_011209,77.98860968532566
STU_011210,72.36087142910549
STU_011211,78.64034128202955
STU_011212,74.45430706724858
STU_011213,85.4955025932189
STU_011214,56.31575295606531
STU_011215,93.58454476068704
STU_011216,59.71605255174239
STU_011217,99.82221470397005
STU_011218,67.00984234441935
STU_011219,86.2141526125812
STU_011220,66.06970077414192
STU_011221,79.65256244751029
STU_011222,92.0118568147329
STU_011223,66.04384312405305
STU_011224,99.13732152801413
STU_011225,47.36601452143005
STU_011226,84.10605836194469
STU_011227,62.79049542699019
STU_011228,96.95440916837623
STU_011229,84.21537509084806
STU_011230,80.26507683622822
STU_011231,94.12365413226527
STU_011232,83.44812337693318
STU_011233,71.32038119325759
STU_011234,80.87959866990867
STU_011235,98.19842018026756
STU_011236,67.20627146609596
STU_011237,64.9314243414841
STU_011238,67.7905760460793
STU_011239,81.73161174996704
STU_011240,88.53442376898465
STU_011241,98.38401024023644
STU_011242,64.03968609216149
STU_011243,64.17834692424006
STU_011244,53.82281238342961
STU_011245,71.34383546484806
STU_011246,71.84709759918665
STU_011247,85.01613790436748
STU_011248,68.40138123862077
STU_011249,70.63521564954002
STU_011250,70.53157727707487
STU_011251,74.38768606056479
STU_011252,77.2136736766714
STU_011253,78.08450753712306
STU_011254,99.23433048400864
STU_011255,87.14218274308209
STU_011256,78.98726696102338
STU_011257,53.504465900638564
STU_011258,77.86264597433993
STU_011259,80.58408037821827
STU_011260,99.84810765351605
STU_011261,64.64340678904071
STU_011262,88.52661824547872
STU_011263,56.76681255857481
STU_011264,49.85599503623281
STU_011265,75.46800090302052
STU_011266,78.15307136538932
STU_011267,88.75904032513498
STU_011268,69.03390406856364
STU_011269,94.54499993322904
STU_011270,74.24978154527389
STU_011271,79.44271781095
STU_011272,89.02004428786893
STU_011273,74.34195660243083
STU_011274,82.38670296862435
STU_011275,72.06034315226262
STU_011276,80.68421988459721
STU_011277,73.2806057827986
STU_011278,71.23342151792363
STU_011279,99.63448307596462
STU_011280,78.14189831893154
STU_011281,67.03385625706187
STU_011282,92.57870319468208
STU_011283,79.16849696258396
STU_011284,56.01237190623986
STU_011285,95.18151248883179
STU_011286,80.20767214941233
STU_011287,73.55458535584943
STU_011288,73.59709213220522
STU_011289,63.875024084412004
STU_011290,68.36625076498149
STU_011291,82.84512053865569
STU_011292,43.89956693051777
STU_011293,93.98473183981358
STU_011294,75.15998267655745
STU_011295,80.08075256741496
STU_011296,98.61795851520895
STU_011297,72.29742110327092
STU_011298,57.53158873742345
STU_011299,81.85338289155149
STU_011300,92.81765863246376
STU_011301,99.20240861200124
STU_011302,71.90593621483154
STU_011303,82.46846394867399
STU_011304,84.38819933077653
STU_011305,74.76528439767823
STU_011306,71.93314050874258
STU_011307,60.99972857190321
STU_011308,50.56040084579593
STU_011309,80.11185911164681
STU_011310,52.03165168328747
STU_011311,87.79540754177191
STU_011312,67.22295692596909
STU_011313,86.78110909793081
STU_011314,60.448614617444775
STU_011315,82.92840970603068
STU_011316,59.109114993642194
STU_011317,75.7598674262559
STU_011318,59.627383976923284
STU_011319,89.07607883140788
STU_011320,58.222806239724314
STU_011321,89.63936756679281
STU_011322,64.92071444134558
STU_011323,48.72579149861642
STU_011324,62.07659869611504
STU_011325,56.93864561703863
STU_011326,79.22930284257552
STU_011327,81.11059342142845
STU_011328,86.17801938162525
STU_011329,60.43765231556452
STU_011330,53.19924633416245
STU_011331,59.7566398413247
STU_011332,93.2530479759093
STU_011333,63.184672673997625
STU_011334,86.81955769568724
STU_011335,65.28827413136665
STU_011336,59.03100637429026
STU_011337,84.03315165585822
STU_011338,94.71938407078119
STU_011339,71.4541140809682
STU_011340,72.59040168172939
STU_011341,99.12675585149965
STU_011342,84.07320879562965
STU_011343,83.34654339564253
STU_011344,42.355166422862695
STU_011345,65.6665527249022
STU_011346,73.01725352028224
STU_011347,99.63605774378128
STU_011348,79.85735970380786
STU_011349,99.65698356347082
STU_011350,66.17589150295888
STU_011351,75.55592628138409
STU_011352,80.06644268760355
STU_011353,69.28082182119294
STU_011354,92.48818346281267
STU_011355,67.02666104434996
STU_011356,83.42947500217056
STU_011357,69.62200778929969
STU_011358,94.70489805005985
STU_011359,99.85008485126218
STU_011360,99.88616207011935
STU_011361,67.14301851566098
STU_011362,77.239642931814
STU_011363,99.86200495567968
STU_011364,90.5340283037021
STU_011365,65.07065637910283
STU_011366,86.92487840001189
STU_011367,72.37519930214233
STU_011368,83.85560454663286
STU_011369,68.78258632253097
STU_011370,81.43736910072882
STU_011371,67.46198492156357
STU_011372,95.87498180622288
STU_011373,65.56654804117952
STU_011374,77.02927098571828
STU_011375,87.37308345401925
STU_011376,50.018983867875995
STU_011377,99.7130830606057
STU_011378,85.8044039641101
STU_011379,85.95487544169191
STU_011380,74.974689619549
STU_011381,61.62963169788376
STU_011382,80.9247799123597
STU_011383,95.20662270223464
STU_011384,70.0923421383064
STU_011385,81.03398311991646
STU_011386,68.85967461869559
STU_011387,54.060549752998455
STU_011388,60.80582601608141
STU_011389,57.03149627740916
STU_011390,91.8863146171146
STU_011391,58.9804814872098
STU_011392,73.46238063513411
STU_011393,75.77732105130256
STU_011394,79.82462014465207
STU_011395,83.84722678750859
STU_011396,89.10840950917417
STU_011397,68.5291243172463
STU_011398,99.8940881094302
STU_011399,73.03884581937461
STU_011400,69.96619599820173
STU_011401,73.13534722073398
STU_011402,75.12415063829205
STU_011403,79.33016203539981
STU_011404,99.61538286997289
STU_011405,82.34087567387041
STU_011406,85.15935215978672
STU_011407,98.39473821151412
STU_011408,73.09854219451643
STU_011409,87.82577989561943
STU_011410,72.13174108896573
STU_011411,95.69255554775367
STU_011412,72.5214447458273
STU_011413,63.691977075867115
STU_011414,91.74700533557893
STU_011415,74.21098967515212
STU_011416,98.25403288336284
STU_011417,78.04837998674078
STU_011418,59.62827481194894
STU_011419,73.34232551036841
STU_011420,93.50912105507918
STU_011421,91.67512935204007
STU_011422,76.27962441023841
STU_011423,62.49438857384671
STU_011424,72.1746680670912
STU_011425,68.25069385626945
STU_011426,98.95113954322707
STU_011427,63.88885236869156
STU_011428,93.26656996385319
STU_011429,73.83924147284303
STU_011430,73.61571345407732
STU_011431,77.42670507959693
STU_011432,66.22503862484945
STU_011433,94.78165344260375
STU_011434,92.94028520884511
STU_011435,70.79666820161513
STU_011436,91.06628945986454
STU_011437,61.9392699362117
STU_011438,66.89029544992673
STU_011439,73.89672711440548
STU_011440,70.43854591007825
STU_011441,74.99803338492427
STU_011442,73.29262865846454
STU_011443,71.02501957209769
STU_011444,76.04044526662662
STU_011445,67.49515682055491
STU_011446,57.54326593578801
STU_011447,92.41824339487235
STU_011448,62.33823963236732
STU_011449,69.72446245960484
STU_011450,79.76551750905023
STU_011451,82.33411644090698
STU_011452,74.54977349045123
STU_011453,75.58264405878897
STU_011454,66.1537200994931
STU_011455,49.39883480674715
STU_011456,90.99208265255888
STU_011457,67.87807321914693
STU_011458,96.00677088639428
STU_011459,71.45120339197591
STU_011460,84.3417987581418
STU_011461,77.41447872228876
STU_011462,83.18491233409085
STU_011463,79.66496205924759
STU_011464,74.36031380707078
STU_011465,65.61479148801702
STU_011466,83.15236687228011
STU_011467,72.5708298390577
STU_011468,62.33343324757362
STU_011469,70.89034294463016
STU_011470,96.87973208503368
STU_011471,59.45309008978211
STU_011472,69.96723368565394
STU_011473,77.96598700813028
STU_011474,91.39473732426629
STU_011475,86.11117924565389
STU_011476,97.38024089071736
STU_011477,97.77020764247018
STU_011478,49.27510640498172
STU_011479,66.50581520186883
STU_011480,98.7783707356592
STU_011481,70.90998965866876
STU_011482,62.294719090606726
STU_011483,96.28673140905516
STU_011484,75.78989596116133
STU_011485,76.24037373971973
STU_011486,61.68621771759099
STU_011487,77.2858262657412
STU_011488,72.63098662398431
STU_011489,73.55739336778358
STU_011490,81.55766291231475
STU_011491,55.817657230881636
STU_011492,82.0662448811255
STU_011493,95.7571183194344
STU_011494,85.35386879868119
STU_011495,83.90288318377749
STU_011496,94.89104561934792
STU_011497,72.98908202766827
STU_011498,74.69340273773983
STU_011499,79.72494388998327
STU_011500,76.80471231118544
STU_011501,64.5404718889248
STU_011502,50.99742855470089
STU_011503,89.58238620209319
STU_011504,62.65701023945236
STU_011505,71.13982945734884
STU_011506,56.242311293776964
STU_011507,67.98034360941776
STU_011508,83.95108209528837
STU_011509,68.11061860066845
STU_011510,81.14471596161049
STU_011511,97.49921625648463
STU_011512,50.702397820746484
STU_011513,79.83869104339152
STU_011514,80.51726727910561
STU_011515,65.64214532072393
STU_011516,79.62186124445768
STU_011517,88.85481774078279
STU_011518,98.16731605047242
STU_011519,62.8987604234333
STU_011520,44.34842417323369
STU_011521,48.32705761768844
STU_011522,99.8995137426522
STU_011523,74.85155781557565
STU_011524,88.92631562718145
STU_011525,99.00056695907726
STU_011526,88.37329631303201
STU_011527,90.94618745498936
STU_011528,87.51873364684745
STU_011529,81.99572269016929
STU_011530,62.00208976316153
STU_011531,77.13001264602143
STU_011532,74.18773675329192
STU_011533,74.2367484435398
STU_011534,76.58099259422166
STU_011535,67.5401823122129
STU_011536,56.35923016777079
STU_011537,53.07756151506013
STU_011538,71.1554077556704
STU_011539,70.53287381832882
STU_011540,78.00781081949847
STU_011541,79.68964967764161
STU_011542,60.77017316003902
STU_011543,79.46581535802295
STU_011544,84.40524591691137
STU_011545,91.67329819356851
STU_011546,60.74482979596059
STU_011547,95.08121578538517
STU_011548,81.8205982273936
STU_011549,62.04201220006985
STU_011550,82.4372800289492
STU_011551,75.11234070512238
STU_011552,54.29541556002125
STU_011553,76.7783571288469
STU_011554,81.00942747212908
STU_011555,85.1488693969445
STU_011556,99.88944750915027
STU_011557,58.199309553224396
STU_011558,99.87957104445094
STU_011559,93.44880256198928
STU_011560,94.97883385109112
STU_011561,66.4532110927586
STU_011562,99.378165871931
STU_011563,96.88819157897052
STU_011564,56.70027882904668
STU_011565,73.59221561382373
STU_011566,71.55896739710987
STU_011567,60.97794894491068
STU_011568,60.20951991364444
STU_011569,77.25722049479593
STU_011570,99.52777891156536
STU_011571,76.267604665047
STU_011572,87.8826348218014
STU_011573,72.68165728171893
STU_011574,66.4688788581102
STU_011575,71.5029402491683
STU_011576,77.09100786654643
STU_011577,62.55542096669815
STU_011578,64.79835170425444
STU_011579,71.90329017759424
STU_011580,94.28056668042143
STU_011581,60.856418768523696
STU_011582,86.06224199084743
STU_011583,66.02075617053129
STU_011584,86.3974728204804
STU_011585,84.10719534037798
STU_011586,81.91885003854992
STU_011587,95.60662263323414
STU_011588,93.49285388579635
STU_011589,83.79981607292672
STU_011590,69.14620673734431
STU_011591,62.583004685078336
STU_011592,94.79401037351013
STU_011593,76.72630153285812
STU_011594,97.68947757878584
STU_011595,93.89699819589687
STU_011596,75.28858381393793
STU_011597,69.57533090517269
STU_011598,79.7190112108498
STU_011599,63.47258389579302
STU_011600,58.76333923393575
STU_011601,72.49804119244371
STU_011602,89.1493559827104
STU_011603,64.12796777408425
STU_011604,82.93488546780394
STU_011605,83.12254521041432
STU_011606,64.24175198227766
STU_011607,95.36557827271592
STU_011608,88.97919929821519
STU_011609,65.81968702940162
STU_011610,82.37733978414713
STU_011611,53.704392792722146
STU_011612,79.34128497736474
STU_011613,68.07613065706346
STU_011614,61.03275342981896
STU_011615,94.10426840337642
STU_011616,92.28604976871777
STU_011617,68.43704460987841
STU_011618,74.65224105440781
STU_011619,79.45038719152305
STU_011620,54.832895048040236
STU_011621,72.25118307316748
STU_011622,77.493808831753
STU_011623,59.111587351502635
STU_011624,89.95118535124249
STU_011625,99.33896214786427
STU_011626,80.02138547038525
STU_011627,66.45672322200312
STU_011628,63.31139442544317
STU_011629,69.32991474852136
STU_011630,96.72629127935316
STU_011631,52.34329798984947
STU_011632,62.74349140544836
STU_011633,99.5884874673603
STU_011634,48.01785006176324
STU_011635,91.10777035567162
STU_011636,64.83568369297538
STU_011637,75.97308779702144
STU_011638,83.71764278117533
STU_011639,89.21265349761278
STU_011640,92.17188231315205
STU_011641,76.6544044514954
STU_011642,78.70844005009809
STU_011643,61.49849904543257
STU_011644,90.47214470760444
STU_011645,98.96701252873635
STU_011646,77.73214906511694
STU_011647,74.88009566400935
STU_011648,78.87332157713011
STU_011649,90.06107222175446
STU_011650,93.27211181711968
STU_011651,65.44156696094821
STU_011652,59.38093959332542
STU_011653,99.92820530932269
STU_011654,64.81373906959617
STU_011655,74.11918614249134
STU_011656,58.564104340356046
STU_011657,40.771881371720475
STU_011658,99.09992541231915
STU_011659,62.30872293344473
STU_011660,81.78323027610352
STU_011661,99.33949276143906
STU_011662,84.56669460094466
STU_011663,94.97620903762679
STU_011664,90.82662903463874
STU_011665,65.15917533509327
STU_011666,69.96016605552997
STU_011667,60.15085225312185
STU_011668,75.64055177992144
STU_011669,62.33767189460797
STU_011670,89.57576736105965
STU_011671,75.41931266050304
STU_011672,92.90353320674478
STU_011673,73.09169569280448
STU_011674,64.90971441037534
STU_011675,90.4914051712161
STU_011676,72.93315502035941
STU_011677,77.78286171987338
STU_011678,53.33283389194243
STU_011679,98.28294677779253
STU_011680,87.79357675111386
STU_011681,97.86744214601768
STU_011682,49.598345561278535
STU_011683,72.29588467428776
STU_011684,63.632803186261825
STU_011685,58.37344074216345
STU_011686,74.24010629153707
STU_011687,90.7515223457044
STU_011688,87.20067640219123
STU_011689,71.3875156777632
STU_011690,75.86384259758943
STU_011691,98.35499769779548
STU_011692,79.52559784314604
STU_011693,85.62797309659794
STU_011694,91.74413552867023
STU_011695,92.3554446013915
STU_011696,90.79289123537802
STU_011697,65.84072438471004
STU_011698,71.9195517487849
STU_011699,82.45915056993296
STU_011700,63.76033812641981
STU_011701,79.12717853552323
STU_011702,85.41208417369978
STU_011703,93.81346420242673
STU_011704,85.17142668077035
STU_011705,78.94615557284318
STU_011706,93.48730211848903
STU_011707,68.60973157646933
STU_011708,71.84964628471337
STU_011709,84.46024668053693
STU_011710,80.34080654889438
STU_011711,82.202170554506
STU_011712,55.872789670505455
STU_011713,93.86296664035994
STU_011714,79.4885610858382
STU_011715,83.99826288323979
STU_011716,81.18294671205173
STU_011717,71.14166448790641
STU_011718,86.10641482365243
STU_011719,76.22172519647091
STU_011720,98.07176401000106
STU_011721,63.15364924763995
STU_011722,65.78808218836372
STU_011723,71.68775180401477
STU_011724,93.51623194147719
STU_011725,76.4926125998462
STU_011726,54.425668118004154
STU_011727,62.029118760598934
STU_011728,55.901414733316415
STU_011729,77.658742490935
STU_011730,72.99279803231462
STU_011731,98.06157998845848
STU_011732,87.53294780700507
STU_011733,81.06297851199466
STU_011734,91.3273124600697
STU_011735,79.80110003718526
STU_011736,68.71066232364319
STU_011737,70.33632240236012
STU_011738,89.88842980761531
STU_011739,91.06859014228792
STU_011740,86.75264310542649
STU_011741,79.06210261953984
STU_011742,63.2630738863989
STU_011743,55.504845035337965
STU_011744,75.84687579306141
STU_011745,65.6123452415375
STU_011746,73.58590903346702
STU_011747,89.22402304803501
STU_011748,72.69569205411068
STU_011749,71.9456056444009
STU_011750,97.59298063974711
STU_011751,68.57870056081595
STU_011752,74.70386026657354
STU_011753,49.25393375698315
STU_011754,82.20682875611519
STU_011755,78.43241665952446
STU_011756,82.22021811395867
STU_011757,75.62908774225842
STU_011758,97.44711664190667
STU_011759,72.92547309631696
STU_011760,84.51178955951279
STU_011761,89.12576685181422
STU_011762,76.03066375614705
STU_011763,79.44920653786619
STU_011764,65.5150890526503
STU_011765,80.51409436984285
STU_011766,49.88766212701231
STU_011767,63.645231068552064
STU_011768,87.24178463816003
STU_011769,65.86847428491456
STU_011770,98.36985484242547
STU_011771,65.6378691945167
STU_011772,63.37739289427927
STU_011773,61.37042548285944
STU_011774,63.34055665843265
STU_011775,82.81704008628608
STU_011776,68.90685841054557
STU_011777,75.83821595205967
STU_011778,90.88090657527381
STU_011779,80.28719729222092
STU_011780,71.61406769268284
STU_011781,58.4452720585501
STU_011782,87.613023502288
STU_011783,74.51950781122119
STU_011784,73.77928297652137
STU_011785,66.23097335904188
STU_011786,80.57237145531386
STU_011787,68.87319630282329
STU_011788,70.15674290771734
STU_011789,61.34104349312316
STU_011790,79.7593235435461
STU_011791,94.49163843895145
STU_011792,80.55897231547473
STU_011793,61.74508720821767
STU_011794,60.285807006702235
STU_011795,60.76446204087881
STU_011796,97.2979108067126
STU_011797,62.84041923893858
STU_011798,66.75893517754098
STU_011799,99.7526307547464
STU_011800,67.59538488779296
STU_011801,85.86980622087962
STU_011802,89.2913863276656
STU_011803,68.50927873781214
STU_011804,70.20769487971472
STU_011805,67.65991067257582
STU_011806,71.07543549273832
STU_011807,83.67858763797888
STU_011808,91.54072193725663
STU_011809,92.91243071749065
STU_011810,89.85766026409688
STU_011811,90.7124586581037
STU_011812,68.43522232017371
STU_011813,71.80933589227962
STU_011814,95.2829180576549
STU_011815,70.06350894540653
STU_011816,73.14586391889856
STU_011817,96.31369751838008
STU_011818,75.46992563710273
STU_011819,72.61933792880156
STU_011820,71.65060237810314
STU_011821,73.4935965816614
STU_011822,99.81899912879683
STU_011823,71.15797144477123
STU_011824,72.93457341862305
STU_011825,81.37651886795973
STU_011826,68.52581456805765
STU_011827,74.54813535929286
STU_011828,74.06096102915453
STU_011829,74.46430616514057
STU_011830,65.28572885945024
STU_011831,65.23436998948414
STU_011832,66.87011181688591
STU_011833,64.97469694045256
STU_011834,59.764426801612885
STU_011835,78.21529903817058
STU_011836,74.44766774578692
STU_011837,72.32049797645767
STU_011838,65.91612143885213
STU_011839,88.7753055144126
STU_011840,83.20180846221774
STU_011841,78.16671863015353
STU_011842,58.935162509196985
STU_011843,56.17304274098139
STU_011844,87.96300991295593
STU_011845,67.28299495558596
STU_011846,89.858630848113
STU_011847,72.84783937289939
STU_011848,97.51397814613765
STU_011849,75.36556269039491
STU_011850,69.00972381933519
STU_011851,93.04731582133272
STU_011852,88.58707019822297
STU_011853,82.82986462617833
STU_011854,73.37283781073799
STU_011855,88.01649934179602
STU_011856,85.14747145129488
STU_011857,80.14776926126424
STU_011858,81.41574039767569
STU_011859,73.58646911349369
STU_011860,74.28058352321314
STU_011861,69.33477262796006
STU_011862,68.93713709729013
STU_011863,98.9129710733684
STU_011864,49.81838173266854
STU_011865,85.90600545281734
STU_011866,62.5989439622276
STU_011867,84.50500419479549
STU_011868,84.01100333357515
STU_011869,73.24695681543366
STU_011870,93.71623557655519
STU_011871,62.857836263655926
STU_011872,66.89143212292205
STU_011873,80.9005793156896
STU_011874,65.14647181939068
STU_011875,59.82415586995535
STU_011876,70.86475047179431
STU_011877,93.34706090324684
STU_011878,55.533337343812725
STU_011879,77.74804749029977
STU_011880,60.91396149585458
STU_011881,56.709253941533106
STU_011882,85.48702732368604
STU_011883,56.144665199260274
STU_011884,68.92899905774705
STU_011885,60.901224673449356
STU_011886,67.71284472220546
STU_011887,77.23777208863645
STU_011888,79.11416727456866
STU_011889,42.06582772703872
STU_011890,59.2381837458026
STU_011891,85.82079567065017
STU_011892,99.79030924656132
STU_011893,90.98955625705634
STU_011894,72.88029611137658
STU_011895,94.19416747010405
STU_011896,58.20085604309989
STU_011897,70.62334032291832
STU_011898,99.90846742232839
STU_011899,58.41380288260167
STU_011900,77.98083701970205
STU_011901,77.92330549995965
STU_011902,53.08504290797512
STU_011903,73.43987322824074
STU_011904,80.7701917578719
STU_011905,71.4327302961196
STU_011906,80.07259437414069
STU_011907,87.38975763482054
STU_011908,96.68610387990016
STU_011909,51.23267352456508
STU_011910,87.41865619491168
STU_011911,72.72992306074867
STU_011912,92.64672921491108
STU_011913,72.39411548859631
STU_011914,90.43215158308097
STU_011915,84.05685993834028
STU_011916,67.72186648549916
STU_011917,87.34418908501266
STU_011918,76.80993006671949
STU_011919,99.41426757974514
STU_011920,73.55152468484808
STU_011921,72.33719429042542
STU_011922,81.11381052905435
STU_011923,64.15385390996975
STU_011924,71.8223705105877
STU_011925,41.59741895647085
STU_011926,72.6476227130386
STU_011927,72.20481618685363
STU_011928,71.79657719353548
STU_011929,80.27140395708102
STU_011930,85.13654016650143
STU_011931,89.6922017390932
STU_011932,66.48552263021703
STU_011933,54.51803722855454
STU_011934,87.05721439857903
STU_011935,57.29845703056466
STU_011936,92.65129809542996
STU_011937,69.07380513249234
STU_011938,54.37448961867071
STU_011939,94.63220730508979
STU_011940,80.26027507809461
STU_011941,81.81536048015595
STU_011942,92.47293806270591
STU_011943,73.52203346763153
STU_011944,66.29775789293787
STU_011945,75.75781403538832
STU_011946,98.96510215199946
STU_011947,84.83824187639897
STU_011948,60.22167646674781
STU_011949,80.78193468008563
STU_011950,75.02362823814094
STU_011951,95.06007923274719
STU_011952,66.6291506606064
STU_011953,56.52119235294589
STU_011954,91.92518047763389
STU_011955,59.97467647757993
STU_011956,94.02599135705572
STU_011957,60.16178807584997
STU_011958,96.70919833999753
STU_011959,77.77006197425237
STU_011960,90.07300157370375
STU_011961,94.97569905947451
STU_011962,76.38244040659356
STU_011963,92.36830592258373
STU_011964,72.23523496349627
STU_011965,76.17173083464661
STU_011966,94.9830458615985
STU_011967,54.152216560694384
STU_011968,90.0866902020077
STU_011969,55.75769848225589
STU_011970,81.12533780607691
STU_011971,51.8007905779566
STU_011972,90.16893599417887
STU_011973,66.8686465182482
STU_011974,97.18700436349512
STU_011975,73.25272513357419
STU_011976,67.49192190760131
STU_011977,82.99571631893775
STU_011978,65.10867962099718
STU_011979,76.16503058734648
STU_011980,78.64832111859948
STU_011981,79.95353604934259
STU_011982,97.92306324044625
STU_011983,68.74899920125978
STU_011984,82.22289938147964
STU_011985,81.40389347026203
STU_011986,71.50747981511127
STU_011987,60.52443621346764
STU_011988,81.2693832610004
STU_011989,75.24596505922895
STU_011990,94.256765151006
STU_011991,62.47537628255813
STU_011992,43.883859763575956
STU_011993,75.57720951029087
STU_011994,63.35415744030949
STU_011995,75.52496616679664
STU_011996,69.80119485154073
STU_011997,89.80853516290966
STU_011998,92.85698061520162
STU_011999,99.19600393856646
STU_012000,90.30470791370344
STU_012001,89.24247557517411
STU_012002,73.13902797342053
STU_012003,78.53080829154568
STU_012004,69.44574611753808
STU_012005,77.24885298092212
STU_012006,93.25608979334231
STU_012007,62.47708237087183
STU_012008,75.4998014513179
STU_012009,71.22218952751308
STU_012010,42.15163619367645
STU_012011,60.9165563035642
STU_012012,73.87224609375905
STU_012013,68.7750526541341
STU_012014,53.84064532603265
STU_012015,66.16326283350716
STU_012016,50.32856536999252
STU_012017,76.935796681109
STU_012018,89.50940941974835
STU_012019,97.36810138398442
STU_012020,57.48293222728151
STU_012021,67.51745422700641
STU_012022,74.23621444444034
STU_012023,75.40001247564503
STU_012024,96.70355246911
STU_012025,88.51485486005508
STU_012026,63.59963517355767
STU_012027,91.76015543723452
STU_012028,95.29021810365644
STU_012029,61.30281926370469
STU_012030,88.39426581542122
STU_012031,93.7446436677271
STU_012032,65.306366033711
STU_012033,68.71143742665902
STU_012034,96.498642376871
STU_012035,67.95234490213734
STU_012036,69.93628748670994
STU_012037,82.24219736013391
STU_012038,62.5496777361652
STU_012039,69.27978463224599
STU_012040,96.90113450244971
STU_012041,72.35630201543852
STU_012042,90.73874708983689
STU_012043,71.22842101522487
STU_012044,78.0966956953908
STU_012045,52.6355627718043
STU_012046,86.80979976619722
STU_012047,96.80394643610028
STU_012048,56.6580088226095
STU_012049,76.86210785865633
STU_012050,78.52237889413317
STU_012051,38.28213881325243
STU_012052,85.48226420413057
STU_012053,83.56211235312232
STU_012054,71.39411494946788
STU_012055,77.93276282701659
STU_012056,96.08424552258427
STU_012057,90.21984327904607
STU_012058,63.23858645910637
STU_012059,58.36660925967255
STU_012060,72.84465427215159
STU_012061,62.2836613120085
STU_012062,91.81713785514717
STU_012063,56.30855595625334
STU_012064,61.855653601815874
STU_012065,88.06514918980054
STU_012066,78.31895358651545
STU_012067,79.92525198940235
STU_012068,65.68388897203423
STU_012069,66.1517658762168
STU_012070,89.4637069333246
STU_012071,75.64988636520684
STU_012072,72.26559526188093
STU_012073,90.51112464966367
STU_012074,85.44132061083867
STU_012075,50.27729552690532
STU_012076,67.24718573913209
STU_012077,65.85343343015353
STU_012078,70.44652480648901
STU_012079,79.27972136920059
STU_012080,73.37045375890634
STU_012081,50.405125628733344
STU_012082,91.90602673716461
STU_012083,69.36583927631332
STU_012084,76.32895593659934
STU_012085,97.41302397476065
STU_012086,80.53523381357671
STU_012087,78.43140583451091
STU_012088,75.51591074812492
STU_012089,74.92318971128007
STU_012090,95.79041460645796
STU_012091,85.79559753448804
STU_012092,78.98156505542906
STU_012093,74.52977381522759
STU_012094,82.29292775751743
STU_012095,60.80941419850471
STU_012096,78.46647320635681
STU_012097,79.38856969952124
STU_012098,62.27745236501366
STU_012099,77.01698336831723
STU_012100,88.46040028291776
STU_012101,95.46555161944042
STU_012102,66.27923823384941
STU_012103,77.44606668410601
STU_012104,58.069842988537914
STU_012105,83.15082792636589
STU_012106,90.694274600591
STU_012107,78.3916987403746
STU_012108,88.97380697440562
STU_012109,71.95939213031124
STU_012110,71.08957167694932
STU_012111,49.82056978035907
STU_012112,81.67078592688586
STU_012113,94.6324210274327
STU_012114,66.05088170706733
STU_012115,71.60868676917494
STU_012116,74.11158319478146
STU_012117,94.16046230591877
STU_012118,66.34688387681457
STU_012119,94.30996747850674
STU_012120,62.60938404330659
STU_012121,72.21613919419288
STU_012122,67.60118236239992
STU_012123,82.00404577791997
STU_012124,68.54448007355998
STU_012125,77.74870784955749
STU_012126,73.50890017145437
STU_012127,74.00273845354795
STU_012128,75.33836106043435
STU_012129,74.34148571686907
STU_012130,65.93148388041224
STU_012131,48.882083947604684
STU_012132,81.36077376580519
STU_012133,79.5420661926427
STU_012134,62.41597941967309
STU_012135,65.86264494999199
STU_012136,55.125149602366776
STU_012137,67.14576299902434
STU_012138,59.20532597540959
STU_012139,67.15616455419288
STU_012140,76.10967057642897
STU_012141,63.86810152152641
STU_012142,78.73081693416401
STU_012143,99.35289391140184
STU_012144,84.46563636654489
STU_012145,77.32048255641358
STU_012146,78.76543287209363
STU_012147,65.61141355625597
STU_012148,74.95984020875713
STU_012149,81.37518975788049
STU_012150,78.10073346401947
STU_012151,79.4956354875183
STU_012152,54.79024097091994
STU_012153,70.12866452546206
STU_012154,81.90372628207984
STU_012155,62.10276932716819
STU_012156,72.32911359868334
STU_012157,78.88377691285834
STU_012158,85.93905623387359
STU_012159,83.3297103918313
STU_012160,94.37163122718749
STU_012161,95.73565089906094
STU_012162,84.20160086260819
STU_012163,98.86753998957562
STU_012164,43.194762529387255
STU_012165,71.85865666134283
STU_012166,64.42390350701295
STU_012167,93.41655683165729
STU_012168,53.98649379440198
STU_012169,59.695397782112565
STU_012170,66.47730274220744
STU_012171,79.52801975493544
STU_012172,94.92366447291346
STU_012173,95.80892718827451
STU_012174,80.66803372150517
STU_012175,86.4947084887849
STU_012176,70.46741840038773
STU_012177,72.5920047547144
STU_012178,87.09101889743926
STU_012179,72.4821891025708
STU_012180,81.31892477493346
STU_012181,95.36542306119338
STU_012182,74.68242040027481
STU_012183,92.56134242991486
STU_012184,72.31705843883049
STU_012185,72.9125168041392
STU_012186,90.99858481734559
STU_012187,47.649392270793804
STU_012188,65.95678162911898
STU_012189,60.24678182904445
STU_012190,91.11919837484302
STU_012191,75.66608757038817
STU_012192,70.25924298830532
STU_012193,65.34653366477154
STU_012194,80.60679148013425
STU_012195,71.15839373423317
STU_012196,47.061525290193586
STU_012197,90.59177885088278
STU_012198,68.57664427528891
STU_012199,83.12895734401548
STU_012200,55.59077454658775
STU_012201,70.3114744361393
STU_012202,84.51063080732175
STU_012203,87.82162069411616
STU_012204,70.6342708964172
STU_012205,73.13726844048055
STU_012206,86.15528846595235
STU_012207,91.79769013433842
STU_012208,75.47274679280063
STU_012209,56.306983427146264
STU_012210,76.90990863011099
STU_012211,77.70234844885577
STU_012212,72.21909843425425
STU_012213,86.70004108769025
STU_012214,65.67214451038734
STU_012215,62.82209658008645
STU_012216,88.79308184616609
STU_012217,93.93535387407017
STU_012218,99.67369991080639
STU_012219,69.29436882157363
STU_012220,60.909222445910004
STU_012221,80.02688853717093
STU_012222,66.97964027923007
STU_012223,64.10861205340278
STU_012224,67.96797256723498
STU_012225,93.87498110610471
STU_012226,72.18567721320255
STU_012227,72.3480491448422
STU_012228,65.15755408912943
STU_012229,83.94512271438764
STU_012230,87.02976788344516
STU_012231,63.681630465569825
STU_012232,79.35850338939672
STU_012233,81.8819143236695
STU_012234,63.160006650148574
STU_012235,69.64799675339309
STU_012236,99.63838123609449
STU_012237,70.15256539634414
STU_012238,63.806286680721456
STU_012239,71.77980678555198
STU_012240,71.70846722130861
STU_012241,91.32269910437684
STU_012242,74.86008493153962
STU_012243,50.583184627048894
STU_012244,57.99700249797012
STU_012245,76.61041197806736
STU_012246,62.64464298850097
STU_012247,56.1175452120854
STU_012248,92.43787207943961
STU_012249,85.39272008745071
STU_012250,88.35540779925088
STU_012251,70.68403036345575
STU_012252,64.71571962334197
STU_012253,56.28191798207358
STU_012254,48.29869242689078
STU_012255,80.96109366244686
STU_012256,68.7144712536512
STU_012257,84.48397698587411
STU_012258,73.27014996401378
STU_012259,79.09366824746975
STU_012260,84.98962303786753
STU_012261,86.48747810519612
STU_012262,82.75711953638387
STU_012263,67.17530566206223
STU_012264,62.0415674136276
STU_012265,65.64521033846061
STU_012266,97.36999420548395
STU_012267,92.44886351108796
STU_012268,49.93428688616106
STU_012269,82.71215766582071
STU_012270,68.49710568067361
STU_012271,74.39071396958909
STU_012272,73.84025427557052
STU_012273,69.42877159890655
STU_012274,63.11238950138956
STU_012275,93.4993400552217
STU_012276,71.8481998197712
STU_012277,75.35132302278555
STU_012278,67.5979300613938
STU_012279,75.48384449578616
STU_012280,72.7110398169916
STU_012281,54.75908346502432
STU_012282,94.92162457545314
STU_012283,91.64073047652258
STU_012284,66.06368354683688
STU_012285,75.75518646210985
STU_012286,76.34043409149227
STU_012287,96.43293396050092
STU_012288,78.8841086425235
STU_012289,91.93515214624557
STU_012290,82.31254664426514
STU_012291,65.490287378195
STU_012292,77.43660395300024
STU_012293,68.99744604591316
STU_012294,88.25155254421881
STU_012295,76.6029286100927
STU_012296,76.99106411708743
STU_012297,74.69099707105153
STU_012298,69.418594543201
STU_012299,90.41322810015791
STU_012300,55.487051649121284
STU_012301,86.95029519609552
STU_012302,79.18932072909482
STU_012303,61.86251103277232
STU_012304,49.06840734365984
STU_012305,97.96295513598861
STU_012306,68.40956086697511
STU_012307,68.98085697835003
STU_012308,86.08305944413576
STU_012309,68.61684090155813
STU_012310,73.28872978442351
STU_012311,77.91417301411583
STU_012312,56.35090334381172
STU_012313,72.72205376058379
STU_012314,98.43644559867552
STU_012315,88.17868295994266
STU_012316,75.14390665520423
STU_012317,99.14880156133829
STU_012318,83.25207713927954
STU_012319,78.68308659166621
STU_012320,61.084256760609264
STU_012321,63.95143484970578
STU_012322,91.141046543894
STU_012323,60.333100318064965
STU_012324,88.62161724411703
STU_012325,65.59115423979327
STU_012326,74.4152307311119
STU_012327,59.93050876897967
STU_012328,62.68120588987182
STU_012329,97.35714374708171
STU_012330,88.99945546698092
STU_012331,86.03015983188415
STU_012332,68.29407804107994
STU_012333,85.71242945294932
STU_012334,73.72914515812425
STU_012335,68.00129778146429
STU_012336,94.27662831919548
STU_012337,93.33364615144359
STU_012338,64.36487408586787
STU_012339,85.18529609578547
STU_012340,63.65007384434743
STU_012341,56.044796604127015
STU_012342,92.41571319587695
STU_012343,88.56546191374362
STU_012344,60.72466133178959
STU_012345,67.0972082153506
STU_012346,72.11061583933228
STU_012347,95.64898540667828
STU_012348,79.19805807571996
STU_012349,67.43677066422904
STU_012350,80.6768325138271
STU_012351,87.33761824849037
STU_012352,84.43365960863338
STU_012353,94.80427582779375
STU_012354,57.93270663519278
STU_012355,87.0486860348445
STU_012356,83.16217904838196
STU_012357,70.89543752317255
STU_012358,98.27284614149319
STU_012359,85.93211634591485
STU_012360,74.22832672473251
STU_012361,63.21602202877731
STU_012362,81.54960720321363
STU_012363,76.99436283513755
STU_012364,83.38828431203976
STU_012365,62.438929362290196
STU_012366,84.80450398191087
STU_012367,75.97238425103133
STU_012368,61.550811546599334
STU_012369,74.45504254098041
STU_012370,99.8865595475749
STU_012371,75.26032213070197
STU_012372,87.65523419176526
STU_012373,72.90518626057813
STU_012374,71.61308146195574
STU_012375,62.20579740009359
STU_012376,81.14625757211607
STU_012377,87.17022734861268
STU_012378,71.97190367795741
STU_012379,71.95385946780422
STU_012380,95.60487648732584
STU_012381,99.6487311501952
STU_012382,66.03025585060779
STU_012383,82.04094179333748
STU_012384,98.90512880152106
STU_012385,91.96457062696673
STU_012386,80.95720501679135
STU_012387,83.21990469095506
STU_012388,82.3139632680278
STU_012389,98.60262256553446
STU_012390,72.87533536055089
STU_012391,51.80430380074222
STU_012392,80.65338839909683
STU_012393,65.25241025576506
STU_012394,68.90774054126167
STU_012395,84.06631727686562
STU_012396,82.48527931870967
STU_012397,72.14135794356244
STU_012398,83.3298568436461
STU_012399,75.8914597444164
STU_012400,78.86414302310622
STU_012401,90.09688983248606
STU_012402,99.88031624094411
STU_012403,45.843374080994444
STU_012404,74.65685065639666
STU_012405,62.64822538382908
STU_012406,64.13957803383121
STU_012407,94.8168007306159
STU_012408,83.55145755353621
STU_012409,67.05041801071218
STU_012410,42.49292927861339
STU_012411,91.4517601956049
STU_012412,72.50216134715969
STU_012413,55.97988830206227
STU_012414,97.70655513684702
STU_012415,88.6324087659436
STU_012416,91.42289024996187
STU_012417,57.35091746975245
STU_012418,86.51457133337112
STU_012419,70.43597779242245
STU_012420,54.43795985037025
STU_012421,70.3170042537211
STU_012422,83.8615446005293
STU_012423,81.74721232654272
STU_012424,84.97611526399851
STU_012425,53.50210127394318
STU_012426,83.01459532346924
STU_012427,64.98862636103081
STU_012428,87.64957906174513
STU_012429,57.315565779557815
STU_012430,72.3393905757314
STU_012431,69.48128355281887
STU_012432,60.09353817087158
STU_012433,55.5299313449527
STU_012434,90.4453811194696
STU_012435,65.88234060911662
STU_012436,69.92789519776814
STU_012437,89.62700347854008
STU_012438,55.51737355513747
STU_012439,77.71933533904556
STU_012440,73.79553700891421
STU_012441,94.40882406871471
STU_012442,99.59325744612482
STU_012443,62.421559572366334
STU_012444,88.45849513626072
STU_012445,69.18974993939744
STU_012446,86.27105771284101
STU_012447,92.6248526679702
STU_012448,73.29889900303391
STU_012449,81.32972716512381
STU_012450,70.12316217028497
STU_012451,84.27032690165208
STU_012452,80.60541523178073
STU_012453,97.5575002110844
STU_012454,87.20860563657462
STU_012455,74.45721422255521
STU_012456,93.18728757878986
STU_012457,66.85357741500145
STU_012458,82.49250206018952
STU_012459,58.94945673922347
STU_012460,83.51944916132771
STU_012461,72.46036602043498
STU_012462,69.58297070684179
STU_012463,83.10563405917786
STU_012464,75.57141380761534
STU_012465,74.00112378000104
STU_012466,65.86468094012572
STU_012467,73.9460234370649
STU_012468,85.10194750777426
STU_012469,88.823368328512
STU_012470,52.920692641846216
STU_012471,52.50291386730733
STU_012472,98.04166523188343
STU_012473,74.21845932914327
STU_012474,63.700921347633724
STU_012475,68.0310405088353
STU_012476,47.09303066210258
STU_012477,99.276363484838
STU_012478,73.73641361714974
STU_012479,63.32420589350149
STU_012480,77.13319274279498
STU_012481,89.64692004007247
STU_012482,69.95706687273145
STU_012483,61.951426943540454
STU_012484,68.01315481198836
STU_012485,77.71122116824682
STU_012486,75.94597439963589
STU_012487,65.46422372982946
STU_012488,74.44146810579488
STU_012489,80.54667117614493
STU_012490,93.61474395240349
STU_012491,60.97726796763166
STU_012492,61.42165798303397
STU_012493,59.68225015957728
STU_012494,72.32627940270226
STU_012495,75.06600693924571
STU_012496,79.77635763006487
STU_012497,90.1402978054472
STU_012498,68.97030705173783
STU_012499,73.96710494976246
STU_012500,83.6312856674839
STU_012501,94.6499306172168
STU_012502,83.47021637698289
STU_012503,84.23888034588178
STU_012504,74.97293624789722
STU_012505,82.26396778142673
STU_012506,67.0662441106575
STU_012507,84.42099160141109
STU_012508,67.01288672205004
STU_012509,84.63903378362387
STU_012510,73.3572472654171
STU_012511,75.93354840006437
STU_012512,80.44726099252266
STU_012513,71.11912726156034
STU_012514,99.82815996405826
STU_012515,90.46336333279004
STU_012516,82.58369301069717
STU_012517,99.66179469363836
STU_012518,55.862273571643414
STU_012519,74.4466713934146
STU_012520,70.60445833035578
STU_012521,94.5990606423764
STU_012522,98.00549694730415
STU_012523,81.23665543283735
STU_012524,98.3671173113623
STU_012525,93.47005111040286
STU_012526,97.73552387926792
STU_012527,89.92914610241243
STU_012528,62.2543522633072
STU_012529,97.74144890326586
STU_012530,76.86593519169429
STU_012531,76.17332606504065
STU_012532,69.06997896918739
STU_012533,86.02904111449027
STU_012534,56.50825576063207
STU_012535,83.79254561384502
STU_012536,69.52851432304237
STU_012537,50.60896358189302
STU_012538,63.197435865864925
STU_012539,88.29678325618235
STU_012540,70.610882159331
STU_012541,99.61090912957475
STU_012542,99.17574276828347
STU_012543,73.03079738865321
STU_012544,80.74881713550103
STU_012545,68.00011442513897
STU_012546,75.39793964333832
STU_012547,99.81319073306216
STU_012548,48.503465622134996
STU_012549,73.87886699544623
STU_012550,94.25718118872936
STU_012551,94.19477521516279
STU_012552,73.7152060341925
STU_012553,80.80486858371756
STU_012554,65.14952004311894
STU_012555,50.1606511731386
STU_012556,60.77476059415682
STU_012557,80.66592530341084
STU_012558,66.24928278292663
STU_012559,93.02344115660655
STU_012560,70.25953045842714
STU_012561,57.936260117343416
STU_012562,66.05699704830842
STU_012563,82.25698333589682
STU_012564,90.13188923441055
STU_012565,99.66479002534896
STU_012566,75.98149469541372
STU_012567,64.10667904648795
STU_012568,98.76347629411532
STU_012569,65.22706905784254
STU_012570,52.47222555103238
STU_012571,54.70164494132524
STU_012572,51.58087098015426
STU_012573,76.47846163559205
STU_012574,63.056539571894234
STU_012575,67.37115123207478
STU_012576,76.12216513153137
STU_012577,99.43738232908264
STU_012578,50.77515583077877
STU_012579,78.53358604228572
STU_012580,72.7990742285788
STU_012581,64.87730009025582
STU_012582,71.83588746960211
STU_012583,64.08791773230615
STU_012584,60.62286250591306
STU_012585,71.5489717813004
STU_012586,71.15643798753833
STU_012587,71.74134587483817
STU_012588,66.53899895985928
STU_012589,47.720958120724816
STU_012590,67.16383370435153
STU_012591,70.36847143346705
STU_012592,97.90874119891515
STU_012593,97.35006518339841
STU_012594,47.40117846489941
STU_012595,60.96735199398882
STU_012596,81.12176894516759
STU_012597,71.01576448919674
STU_012598,69.1942919033721
STU_012599,70.63924031522981
STU_012600,69.90123199107114
STU_012601,73.9744936746742
STU_012602,65.25740545107794
STU_012603,92.8403424225825
STU_012604,78.82069066685669
STU_012605,76.17897695851424
STU_012606,70.06898511631124
STU_012607,58.94101326945542
STU_012608,82.18325563180143
STU_012609,62.515637103010135
STU_012610,74.3115414332677
STU_012611,70.77468604780128
STU_012612,62.93979123580296
STU_012613,94.72089518414455
STU_012614,73.17467409935735
STU_012615,75.82720560530807
STU_012616,82.11064519601274
STU_012617,58.5917052272255
STU_012618,88.76078272327828
STU_012619,80.7746528442606
STU_012620,75.35949076962132
STU_012621,90.42849512130417
STU_012622,89.75800352841216
STU_012623,90.95904996302053
STU_012624,83.14156396868047
STU_012625,89.05974557044586
STU_012626,91.44402820735007
STU_012627,85.75521081445802
STU_012628,74.04810333215232
STU_012629,81.3160596861732
STU_012630,72.22886772831947
STU_012631,68.42956673177798
STU_012632,64.92217811618518
STU_012633,79.86237615387876
STU_012634,90.77745988939074
STU_012635,79.693500822447
STU_012636,73.10014511296819
STU_012637,80.14926392563912
STU_012638,85.04550876998363
STU_012639,94.52580621340545
STU_012640,82.00066614158571
STU_012641,66.98333154232523
STU_012642,64.39830544393715
STU_012643,79.85695310271592
STU_012644,80.6098307691683
STU_012645,55.3646385483179
STU_012646,92.3001887407796
STU_012647,81.08681324806591
STU_012648,68.72406945426177
STU_012649,78.51036847384626
STU_012650,81.6802270880804
STU_012651,77.92866543733784
STU_012652,99.15756761563364
STU_012653,91.04000943571087
STU_012654,81.52135320101432
STU_012655,72.54476550270364
STU_012656,80.39983772645829
STU_012657,97.86673932296705
STU_012658,89.90085192878409
STU_012659,83.3368133611813
STU_012660,76.37111493629153
STU_012661,92.70268926338143
STU_012662,95.59762154122022
STU_012663,68.07970851468787
STU_012664,52.53859880223445
STU_012665,90.16094057684728
STU_012666,60.38335080147766
STU_012667,80.29418658697526
STU_012668,74.13525676363436
STU_012669,62.292409332065375
STU_012670,61.402080239180194
STU_012671,69.83355926043437
STU_012672,62.24622241462271
STU_012673,57.356931213471555
STU_012674,63.28524028065984
STU_012675,72.13553197833085
STU_012676,96.01562291720232
STU_012677,60.2020809098524
STU_012678,69.99304433018149
STU_012679,76.18882009115231
STU_012680,73.94186490508272
STU_012681,72.62881333927119
STU_012682,86.65717520036799
STU_012683,79.82194044681484
STU_012684,84.67871556183994
STU_012685,95.6295714832994
STU_012686,68.69078929168649
STU_012687,80.52298589143385
STU_012688,82.85403756269295
STU_012689,69.46755865056748
STU_012690,63.204661446116475
STU_012691,80.80291275940779
STU_012692,79.84519218622233
STU_012693,85.08303927828383
STU_012694,61.245605513566574
STU_012695,70.33477397719821
STU_012696,62.07575643122699
STU_012697,79.75903676492644
STU_012698,63.838016255532956
STU_012699,76.81890691943144
STU_012700,67.96815830627507
STU_012701,99.79541292621192
STU_012702,74.95133447866752
STU_012703,68.15723608277258
STU_012704,70.55098341797176
STU_012705,62.37605441292936
STU_012706,73.42712255298139
STU_012707,98.61110122997216
STU_012708,55.50530006597104
STU_012709,64.60400143921692
STU_012710,96.05789316553091
STU_012711,67.92290712817599
STU_012712,67.03704285095365
STU_012713,64.70808688392853
STU_012714,87.74653375390051
STU_012715,69.390031601596
STU_012716,79.02700663095732
STU_012717,66.40804940524322
STU_012718,86.01063233475467
STU_012719,60.82839653064245
STU_012720,81.6279224973783
STU_012721,76.18479605597192
STU_012722,47.92163586395322
STU_012723,80.22891132449723
STU_012724,91.16103453914756
STU_012725,61.44692067035149
STU_012726,55.38129158209588
STU_012727,63.15724744825245
STU_012728,87.46565738808908
STU_012729,64.8884795029506
STU_012730,83.82579231192966
STU_012731,99.4512502413005
STU_012732,80.7753767258175
STU_012733,53.72428377335679
STU_012734,83.02528958685275
STU_012735,62.636354481620074
STU_012736,99.93636848218092
STU_012737,74.11202553403427
STU_012738,77.4242951998361
STU_012739,81.10740333568243
STU_012740,89.95202525643842
STU_012741,50.076348358518544
STU_012742,66.59441714103652
STU_012743,77.6126589106258
STU_012744,80.0959465793172
STU_012745,62.145058365619974
STU_012746,82.81619825787533
STU_012747,62.537946698716866
STU_012748,93.41370908677965
STU_012749,84.38596950949733
STU_012750,69.0228741111415
STU_012751,52.45372860365565
STU_012752,72.9277656253756
STU_012753,70.6398023874222
STU_012754,59.723850703041364
STU_012755,88.94974321652977
STU_012756,62.70621719342931
STU_012757,48.27689293821321
STU_012758,87.66916334869232
STU_012759,60.524908625322496
STU_012760,77.03318302258711
STU_012761,60.16632017280567
STU_012762,87.29595395862987
STU_012763,97.31394642389016
STU_012764,96.97845537621188
STU_012765,87.96692999036749
STU_012766,62.43275729924435
STU_012767,95.37447861225623
STU_012768,87.89270418809002
STU_012769,77.21140668033954
STU_012770,53.06481585699505
STU_012771,53.8479742840117
STU_012772,99.27691114079619
STU_012773,61.65851337671885
STU_012774,74.78258695480346
STU_012775,64.13537202548389
STU_012776,79.72004903571701
STU_012777,47.86238954112743
STU_012778,70.97015090790678
STU_012779,73.94859813292237
STU_012780,72.2238924766987
STU_012781,83.51984050062376
STU_012782,53.828829034675955
STU_012783,99.18623482987834
STU_012784,54.448836782276594
STU_012785,73.73892279545171
STU_012786,50.51550155160015
STU_012787,64.72584852858864
STU_012788,91.65945303701619
STU_012789,77.5476564939614
STU_012790,99.22882111548927
STU_012791,82.97159413984528
STU_012792,69.61870264400577
STU_012793,88.81839197124044
STU_012794,74.55136898238399
STU_012795,95.3668043275094
STU_012796,67.1042651015213
STU_012797,60.17713420328398
STU_012798,98.40933269784254
STU_012799,87.02091539468846
STU_012800,50.26922428116047
STU_012801,66.42602397648804
STU_012802,71.77024164054644
STU_012803,91.47153538604863
STU_012804,60.65276652261059
STU_012805,73.5077228877488
STU_012806,78.52141626851352
STU_012807,66.2056795391272
STU_012808,81.29107419144196
STU_012809,83.98370442353863
STU_012810,85.66584091003132
STU_012811,76.43598669525674
STU_012812,68.57110994856316
STU_012813,80.35146712849412
STU_012814,64.08898454658463
STU_012815,68.64404936181502
STU_012816,80.26446961968742
STU_012817,68.91120212846658
STU_012818,90.29793258981728
STU_012819,52.6364239262265
STU_012820,87.23855558986325
STU_012821,73.6991917976217
STU_012822,87.38988552324332
STU_012823,78.29856264791206
STU_012824,79.38291326771031
STU_012825,57.352870976788694
STU_012826,84.70956666002958
STU_012827,58.85097381400521
STU_012828,90.90689565629873
STU_012829,68.57149792576996
STU_012830,76.58646513159465
STU_012831,65.59047662462217
STU_012832,95.46585015274694
STU_012833,88.42740622917222
STU_012834,72.39073282998734
STU_012835,70.59869039448714
STU_012836,80.36136797251908
STU_012837,63.422216294268644
STU_012838,62.81651222673884
STU_012839,64.55974222848133
STU_012840,89.09698092026909
STU_012841,71.759154277591
STU_012842,74.43680287140036
STU_012843,83.12252487147057
STU_012844,76.41076018003658
STU_012845,62.45531074317027
STU_012846,73.45672325963402
STU_012847,75.29975416209072
STU_012848,74.11133088605752
STU_012849,86.83777218741834
STU_012850,78.23203828818502
STU_012851,84.23741670627187
STU_012852,91.16485135801474
STU_012853,62.15272729528518
STU_012854,87.68344374233595
STU_012855,81.31236855932832
STU_012856,68.67112098418153
STU_012857,98.7249810628049
STU_012858,85.57976841380255
STU_012859,64.23963188175145
STU_012860,84.23907766213891
STU_012861,66.4966404562179
STU_012862,77.55982039087166
STU_012863,95.52566535765718
STU_012864,79.00728052296424
STU_012865,66.08118266792951
STU_012866,76.00206440035383
STU_012867,90.28769188236883
STU_012868,83.10275293885384
STU_012869,64.59778028690639
STU_012870,84.71569521376135
STU_012871,87.64768121012892
STU_012872,89.15955082786394
STU_012873,60.87479494522988
STU_012874,76.30121648184331
STU_012875,70.64475462571282
STU_012876,49.793277992912195
STU_012877,79.02518311271763
STU_012878,98.61081016046818
STU_012879,77.18501854266799
STU_012880,84.3002409180156
STU_012881,98.11052578658298
STU_012882,89.16019473531401
STU_012883,63.40173287893822
STU_012884,78.66266877629246
STU_012885,77.15087233311581
STU_012886,55.690820181796624
STU_012887,75.12671633026633
STU_012888,70.47749138537104
STU_012889,67.78271532495535
STU_012890,68.68457518281845
STU_012891,71.07607564479784
STU_012892,73.44582319061479
STU_012893,85.8175216757626
STU_012894,72.29976750378647
STU_012895,96.12134358915644
STU_012896,75.26720115838862
STU_012897,74.16138773545792
STU_012898,93.64889604851197
STU_012899,81.62198341521373
STU_012900,78.67877995711032
STU_012901,70.90033131218557
STU_012902,88.79584435722337
STU_012903,64.51630380614617
STU_012904,83.989973360421
STU_012905,60.30809327475929
STU_012906,98.3582301440053
STU_012907,49.8962088281792
STU_012908,90.21693180676408
STU_012909,66.26656755770024
STU_012910,34.80393172679192
STU_012911,82.54790977176899
STU_012912,52.25513567518277
STU_012913,61.040815049300036
STU_012914,73.70794748505432
STU_012915,55.96813035504576
STU_012916,64.86768361841968
STU_012917,95.8849579574719
STU_012918,55.659971546870466
STU_012919,96.67278296175944
STU_012920,78.25384620285693
STU_012921,57.42971365924451
STU_012922,74.47268703350525
STU_012923,63.93063936067874
STU_012924,74.3065592243652
STU_012925,74.78671792801426
STU_012926,62.197186725369434
STU_012927,87.15718885600263
STU_012928,62.231617917068625
STU_012929,62.150333361879774
STU_012930,70.35319303432878
STU_012931,89.33733254979738
STU_012932,62.74458435687878
STU_012933,69.55751464947251
STU_012934,70.53886301663334
STU_012935,65.38570690280025
STU_012936,66.47614019143055
STU_012937,73.28318169221889
STU_012938,93.88656653422943
STU_012939,49.09439574637899
STU_012940,68.41933408235855
STU_012941,51.93057527795905
STU_012942,72.4262655167837
STU_012943,73.18313042278116
STU_012944,79.51104556649247
STU_012945,90.72900817303969
STU_012946,52.87409574096886
STU_012947,74.8096697593139
STU_012948,86.79759870853924
STU_012949,98.57671498748016
STU_012950,77.73376121235694
STU_012951,87.92789973224652
STU_012952,73.12735949365599
STU_012953,81.5287747644832
STU_012954,80.83970922884626
STU_012955,88.5405164358472
STU_012956,73.43801037285803
STU_012957,66.82423990209324
STU_012958,75.7923248528511
STU_012959,80.80157300158481
STU_012960,78.85213344519285
STU_012961,79.80992410584506
STU_012962,55.97307184552014
STU_012963,66.95202981206828
STU_012964,90.67445916126113
STU_012965,75.57728754447274
STU_012966,73.3791985398403
STU_012967,71.385135479983
STU_012968,75.50818325795014
STU_012969,75.8204529008007
STU_012970,54.72508929547918
STU_012971,77.2355829400724
STU_012972,79.29923988229122
STU_012973,54.14267451644593
STU_012974,59.253830488564276
STU_012975,55.045949520757155
STU_012976,84.93577117945442
STU_012977,77.60694127943452
STU_012978,91.71759957443743
STU_012979,66.4345440093555
STU_012980,70.89275092188977
STU_012981,89.70756617349329
STU_012982,68.2084664474601
STU_012983,98.48985352358868
STU_012984,53.82922792736406
STU_012985,64.83328954500956
STU_012986,64.15520595298739
STU_012987,51.746779294008434
STU_012988,87.67331167930918
STU_012989,98.10430181105593
STU_012990,61.85445983637672
STU_012991,71.57540301866065
STU_012992,52.32170104691919
STU_012993,99.73805064822307
STU_012994,82.1146711137203
STU_012995,65.71267275000476
STU_012996,57.99098613374617
STU_012997,86.81609761803729
STU_012998,79.13888175235616
STU_012999,89.70018239375668
STU_013000,91.82128786610079
STU_013001,99.3890343288107
STU_013002,87.81807899737382
STU_013003,75.65805369095334
STU_013004,90.15260072414418
STU_013005,73.49387343057035
STU_013006,81.36429650185013
STU_013007,77.89875133062125
STU_013008,86.21567933548326
STU_013009,87.65180019159266
STU_013010,76.4274556032147
STU_013011,53.39459419996949
STU_013012,57.76684112468461
STU_013013,91.5622523812402
STU_013014,89.33070601709315
STU_013015,81.43466954929279
STU_013016,60.74852042486427
STU_013017,92.30240212133307
STU_013018,79.41867424555394
STU_013019,87.59428471526438
STU_013020,54.10433917240191
STU_013021,70.51910173915161
STU_013022,98.49377637794802
STU_013023,79.00356828434421
STU_013024,91.19494907455523
STU_013025,70.52701988417688
STU_013026,68.04649907444566
STU_013027,71.91785799009338
STU_013028,83.57961352582933
STU_013029,73.78723067187224
STU_013030,77.52480511446097
STU_013031,67.16036780065076
STU_013032,99.73742448956065
STU_013033,67.77264955509536
STU_013034,98.84340123883973
STU_013035,92.07298709098754
STU_013036,58.72220696855943
STU_013037,89.16135413658589
STU_013038,78.39775126962255
STU_013039,85.2760665482178
STU_013040,98.97705189576241
STU_013041,80.93928631730753
STU_013042,59.338523325471996
STU_013043,95.50567391132267
STU_013044,67.69687495003784
STU_013045,88.9596968730174
STU_013046,62.590274458837726
STU_013047,67.86258827004245
STU_013048,93.30330446495779
STU_013049,83.77896307260475
STU_013050,85.51455449201373
STU_013051,92.29179374002507
STU_013052,64.94482754127851
STU_013053,71.60235912591733
STU_013054,65.53102576388082
STU_013055,86.68152234097259
STU_013056,79.928176294888
STU_013057,53.02887495905769
STU_013058,60.07588132985009
STU_013059,91.41059306877081
STU_013060,62.274084870553736
STU_013061,56.452107859487825
STU_013062,99.57496042391529
STU_013063,82.70472914598383
STU_013064,63.18242651613561
STU_013065,49.60161226490286
STU_013066,99.90871158595897
STU_013067,77.5930152704622
STU_013068,89.41312263871164
STU_013069,97.56940343516932
STU_013070,62.69346457837263
STU_013071,83.21429312184098
STU_013072,88.62350490294864
STU_013073,72.14917434911365
STU_013074,74.28351067134608
STU_013075,49.546980008701
STU_013076,79.62391618811053
STU_013077,91.29820313475649
STU_013078,72.17757764766728
STU_013079,85.57970951686461
STU_013080,73.37231869988187
STU_013081,78.27321568856667
STU_013082,58.918898743490374
STU_013083,62.64025735878212
STU_013084,69.30982362641407
STU_013085,78.11993825012979
STU_013086,78.88351463925741
STU_013087,67.72127826583474
STU_013088,79.26676036895267
STU_013089,64.35716953250832
STU_013090,99.20312894253611
STU_013091,61.18632017467957
STU_013092,65.04372594539298
STU_013093,83.07397005614153
STU_013094,92.02746480659128
STU_013095,73.49901531136398
STU_013096,78.27854308493556
STU_013097,82.5978956379436
STU_013098,83.11489741575548
STU_013099,58.96090934759022
STU_013100,75.03148305151794
STU_013101,85.41823219192054
STU_013102,95.63093840498416
STU_013103,74.261206721886
STU_013104,78.76406697316234
STU_013105,62.18378590201364
STU_013106,89.77339568294987
STU_013107,53.60630144515754
STU_013108,96.5920056132246
STU_013109,88.0580062884145
STU_013110,59.69017229800687
STU_013111,99.82843340123804
STU_013112,97.86416203544786
STU_013113,76.89197424944372
STU_013114,65.02855485583675
STU_013115,77.61131066419769
STU_013116,58.74958665111828
STU_013117,64.74331617772819
STU_013118,71.42875810467024
STU_013119,80.25339395216847
STU_013120,63.74980539376153
STU_013121,90.25108345966628
STU_013122,75.5340448432733
STU_013123,94.53801403334337
STU_013124,96.91400515402175
STU_013125,87.07082963044714
STU_013126,67.1397988063856
STU_013127,71.1686988935441
STU_013128,84.21441464650252
STU_013129,76.91019205055514
STU_013130,97.61097670004855
STU_013131,52.4885284093143
STU_013132,80.91353836173083
STU_013133,97.26680875705685
STU_013134,69.82771320710806
STU_013135,71.38310530893321
STU_013136,67.59658475709728
STU_013137,82.51771982911546
STU_013138,71.02087177125702
STU_013139,79.90415762790322
STU_013140,99.86956722225014
STU_013141,76.53383287902632
STU_013142,58.89313066053481
STU_013143,72.64689083475957
STU_013144,63.763183892444424
STU_013145,57.97155829031739
STU_013146,50.95729793394551
STU_013147,80.67702731327009
STU_013148,71.22659520475162
STU_013149,87.68875968132924
STU_013150,79.4393256653951
STU_013151,76.13485926694362
STU_013152,86.98045003743488
STU_013153,69.55006705437245
STU_013154,77.67290251897404
STU_013155,98.85111304889969
STU_013156,76.91256370827432
STU_013157,72.37891435490894
STU_013158,87.20913362345244
STU_013159,81.02406684350768
STU_013160,62.85950049870743
STU_013161,64.60030838680083
STU_013162,60.02030664735111
STU_013163,89.79093743175873
STU_013164,65.69413483128224
STU_013165,69.46676329307647
STU_013166,50.13591313532355
STU_013167,95.07809817846399
STU_013168,74.53719107792492
STU_013169,77.02483260453587
STU_013170,73.77962356732648
STU_013171,80.89759828992285
STU_013172,66.51840246418756
STU_013173,85.32052152807985
STU_013174,60.79496004258977
STU_013175,51.00356140422875
STU_013176,90.75790859004123
STU_013177,63.37951117100442
STU_013178,86.84903237348341
STU_013179,71.05317091431093
STU_013180,87.8101127901209
STU_013181,86.09955436033054
STU_013182,69.52474105618106
STU_013183,81.75347590152056
STU_013184,75.67155795980172
STU_013185,68.2280281245622
STU_013186,61.389921137922755
STU_013187,65.67449663059101
STU_013188,93.83293173741944
STU_013189,97.72468422207604
STU_013190,78.25067510926195
STU_013191,98.14814398205345
STU_013192,83.80372433738819
STU_013193,82.09550524871956
STU_013194,97.86185228785922
STU_013195,87.5788256847713
STU_013196,80.34912556138522
STU_013197,50.04162265237047
STU_013198,65.92035369373936
STU_013199,79.91867029904405
STU_013200,50.73796163962123
STU_013201,80.64076260462993
STU_013202,62.0264783685521
STU_013203,71.940767906862
STU_013204,61.2503261212014
STU_013205,81.09701903572213
STU_013206,68.66347691885925
STU_013207,72.69600478607458
STU_013208,69.46048373932315
STU_013209,75.22878324304497
STU_013210,49.82933415578534
STU_013211,71.71277875842549
STU_013212,58.955649508129824
STU_013213,72.58979458293707
STU_013214,96.1357563697751
STU_013215,47.61346486313023
STU_013216,99.1617101552012
STU_013217,94.60846812032716
STU_013218,69.407693360606
STU_013219,83.56365211696249
STU_013220,99.0618147115447
STU_013221,63.85456019920673
STU_013222,65.24081745695578
STU_013223,89.0084446855316
STU_013224,71.41597693969777
STU_013225,50.075469066356646
STU_013226,79.8660790150934
STU_013227,87.75618997126482
STU_013228,67.57748804650043
STU_013229,66.2961625840691
STU_013230,72.04591936015782
STU_013231,63.561753514413795
STU_013232,67.0299301728997
STU_013233,92.29194053893059
STU_013234,64.98394422152083
STU_013235,69.5414240275547
STU_013236,91.54105242562581
STU_013237,65.02766368987952
STU_013238,75.46149479589661
STU_013239,74.338741781371
STU_013240,62.353053514628236
STU_013241,67.85190016811865
STU_013242,70.80891230689556
STU_013243,63.776609666980804
STU_013244,75.56019420861115
STU_013245,66.11593325021441
STU_013246,67.57669702325046
STU_013247,98.85856248524354
STU_013248,94.96096787860735
STU_013249,47.26909744362507
STU_013250,73.01705230983256
STU_013251,82.28994410549926
STU_013252,87.42577232734801
STU_013253,70.26325381685409
STU_013254,96.6688438417945
STU_013255,77.30200251845918
STU_013256,71.79337172923677
STU_013257,79.74775138423414
STU_013258,63.03532695935989
STU_013259,58.35019096499822
STU_013260,69.86646299698
STU_013261,69.83107296194376
STU_013262,58.41000928342342
STU_013263,56.78919133397504
STU_013264,93.18645769157416
STU_013265,78.30974598743558
STU_013266,70.08283515469097
STU_013267,71.63747348666925
STU_013268,61.05993314545286
STU_013269,81.5317887672781
STU_013270,97.97140029632044
STU_013271,66.40160510333642
STU_013272,79.6635270936428
STU_013273,66.46958101919797
STU_013274,78.42453624763554
STU_013275,64.3316732134332
STU_013276,61.145463281848905
STU_013277,62.163240214547535
STU_013278,59.748874635491035
STU_013279,60.1395909420765
STU_013280,92.08966487662153
STU_013281,96.43153492279255
STU_013282,94.63337614427898
STU_013283,77.00878279048749
STU_013284,76.3975467804024
STU_013285,70.97912382237932
STU_013286,66.33850105453436
STU_013287,96.04328248841036
STU_013288,85.29162137348429
STU_013289,96.67218286028644
STU_013290,78.40246851163722
STU_013291,87.1441167667456
STU_013292,87.91724875387857
STU_013293,73.73027960131547
STU_013294,90.89079591763293
STU_013295,71.79098536272743
STU_013296,78.30876452268879
STU_013297,76.05616017512594
STU_013298,56.05529176734599
STU_013299,85.01636299030388
STU_013300,71.08947234574636
STU_013301,86.99211717630325
STU_013302,85.27016495179898
STU_013303,89.51295937785241
STU_013304,83.78419563711384
STU_013305,71.20673791005893
STU_013306,68.24922247380678
STU_013307,76.9352329820934
STU_013308,96.57585773317834
STU_013309,70.06595266340976
STU_013310,57.03309018947496
STU_013311,92.63645413878201
STU_013312,54.849727881280614
STU_013313,66.28165030019865
STU_013314,71.6032667711707
STU_013315,67.3019091579151
STU_013316,76.5858446834889
STU_013317,73.81561617177056
STU_013318,47.673238283243634
STU_013319,72.20165917026479
STU_013320,81.09967446417092
STU_013321,79.13887876322705
STU_013322,99.30093472841403
STU_013323,94.77920748836723
STU_013324,86.17142490252343
STU_013325,77.64068642922938
STU_013326,73.6675072710772
STU_013327,75.5265449631945
STU_013328,65.3123513459968
STU_013329,83.28410928640999
STU_013330,64.39822942272698
STU_013331,72.40210904707298
STU_013332,68.47172920644319
STU_013333,60.5286801106069
STU_013334,70.13000002014834
STU_013335,64.65208728835557
STU_013336,82.1552849494719
STU_013337,52.587872071173976
STU_013338,65.60929503771555
STU_013339,72.95813197333823
STU_013340,94.2043039802052
STU_013341,74.56035688138996
STU_013342,85.23391800951899
STU_013343,69.59626740616336
STU_013344,79.52710959017577
STU_013345,64.04312488727462
STU_013346,97.19929672064865
STU_013347,79.51860338364405
STU_013348,83.26487716273738
STU_013349,98.97683804146789
STU_013350,63.2885881881942
STU_013351,84.14579125580883
STU_013352,70.0841278986775
STU_013353,62.626133803715504
STU_013354,55.7404565240696
STU_013355,87.49222398165531
STU_013356,59.826112826243346
STU_013357,67.14858787046494
STU_013358,70.0864943851889
STU_013359,73.88609705780908
STU_013360,74.53055009781643
STU_013361,71.31677752241126
STU_013362,87.93055962959964
STU_013363,73.31362528020324
STU_013364,67.50735611622545
STU_013365,83.22410769804901
STU_013366,99.45489931711649
STU_013367,82.13661492184316
STU_013368,88.28171882190597
STU_013369,54.60283500113577
STU_013370,83.30532148383374
STU_013371,69.49668207074237
STU_013372,74.87143772501193
STU_013373,74.52368240459627
STU_013374,91.68887359629842
STU_013375,89.44984838334719
STU_013376,42.32532084417943
STU_013377,78.72030116167963
STU_013378,63.13716286545284
STU_013379,79.07182497848038
STU_013380,86.28798126407877
STU_013381,97.80576526237078
STU_013382,99.43444417360587
STU_013383,59.56192037505001
STU_013384,62.3308409345079
STU_013385,64.5755292023523
STU_013386,99.04722354450624
STU_013387,52.53998606561317
STU_013388,83.1262280628498
STU_013389,65.41972349607077
STU_013390,65.23994963822689
STU_013391,85.82892175187159
STU_013392,98.58003494373928
STU_013393,68.98518275847513
STU_013394,99.08891868550512
STU_013395,60.97887687511462
STU_013396,65.68411341669028
STU_013397,99.6175926804314
STU_013398,93.32299569675902
STU_013399,62.678170800402214
STU_013400,66.1706416487522
STU_013401,99.73270059549861
STU_013402,76.17792911426011
STU_013403,92.20683831439739
STU_013404,65.09795603983632
STU_013405,77.33837555545333
STU_013406,99.67449708196699
STU_013407,70.03802833080789
STU_013408,63.451884177457444
STU_013409,59.504564965884924
STU_013410,74.44486521166831
STU_013411,63.12965221122715
STU_013412,66.12460004155434
STU_013413,75.89814378035189
STU_013414,86.48362500698026
STU_013415,74.96581080746088
STU_013416,53.93241760762746
STU_013417,79.05988981316835
STU_013418,48.586691472246386
STU_013419,63.75926970508757
STU_013420,98.55821298782556
STU_013421,99.42478950866473
STU_013422,90.78369481909533
STU_013423,54.837833427720696
STU_013424,97.8513711163464
STU_013425,79.31992373772015
STU_013426,52.320269253427256
STU_013427,68.928128604238
STU_013428,73.7098870845495
STU_013429,93.73254506344009
STU_013430,66.09634819203316
STU_013431,61.80636257165571
STU_013432,77.74917345798995
STU_013433,94.39274079265698
STU_013434,94.30479467067738
STU_013435,93.96437212220096
STU_013436,74.84127849824708
STU_013437,73.87286386393585
STU_013438,75.89850795217004
STU_013439,90.12689437013697
STU_013440,75.09256233162507
STU_013441,94.6412349109781
STU_013442,98.7639155677733
STU_013443,68.22755085185847
STU_013444,83.24177368503759
STU_013445,80.02851477268607
STU_013446,90.95379497104796
STU_013447,89.10692123725559
STU_013448,82.44515358477683
STU_013449,72.79383384539386
STU_013450,95.89899829585602
STU_013451,69.86289868245957
STU_013452,79.35767742089321
STU_013453,81.66998513998516
STU_013454,67.00354477856165
STU_013455,97.59634928193157
STU_013456,72.28079584192662
STU_013457,65.97961553066682
STU_013458,74.48528946175139
STU_013459,59.84415255323283
STU_013460,59.92024242455436
STU_013461,74.63893642202275
STU_013462,56.16713337999249
STU_013463,80.70653592681734
STU_013464,59.12415296945161
STU_013465,64.51079948129777
STU_013466,87.89464698374297
STU_013467,59.73466411447613
STU_013468,92.77980060557175
STU_013469,77.82333633469392
STU_013470,90.03163681493893
STU_013471,78.1730101463863
STU_013472,82.48933115583876
STU_013473,62.62973791713647
STU_013474,79.0787035979933
STU_013475,89.81986916009178
STU_013476,79.89957394349898
STU_013477,65.20233742008166
STU_013478,77.27014211343482
STU_013479,70.14935742338034
STU_013480,82.96612707120894
STU_013481,77.54152269785169
STU_013482,77.58816906911764
STU_013483,79.23362932655766
STU_013484,85.80802682783506
STU_013485,94.89447911164791
STU_013486,54.64771130952925
STU_013487,80.12986687928343
STU_013488,78.34015150899626
STU_013489,73.25000872784125
STU_013490,74.30223109770367
STU_013491,83.69619796543353
STU_013492,76.96355083121168
STU_013493,63.41740810582055
STU_013494,71.65018446160904
STU_013495,82.90289560830794
STU_013496,85.75246346035401
STU_013497,48.73295548086263
STU_013498,72.1271449270097
STU_013499,83.15314489748705
STU_013500,65.50585790286445
STU_013501,86.12673034985511
STU_013502,79.84388298640275
STU_013503,71.8566010603592
STU_013504,87.39358558342452
STU_013505,70.70308041704342
STU_013506,97.233499055394
STU_013507,64.80538774365718
STU_013508,75.95918149993031
STU_013509,87.06459518374835
STU_013510,64.74093448069728
STU_013511,81.51205325071274
STU_013512,67.47926827676513
STU_013513,50.832059829613456
STU_013514,86.59230964749787
STU_013515,69.28654116777338
STU_013516,99.49870679195561
STU_013517,80.6175533750847
STU_013518,76.5125025398569
STU_013519,99.78167624640608
STU_013520,72.35151494296301
STU_013521,63.697054504946216
STU_013522,66.68130055114229
STU_013523,97.42340108765504
STU_013524,78.92629348627798
STU_013525,71.64364383284185
STU_013526,78.4938976353434
STU_013527,65.68820840016483
STU_013528,54.963659278757035
STU_013529,98.6621366929057
STU_013530,69.80144778692036
STU_013531,95.16772423948166
STU_013532,55.068638816049685
STU_013533,72.70021160394921
STU_013534,91.66795900878228
STU_013535,95.796824305976
STU_013536,87.14893595816501
STU_013537,75.13154314787973
STU_013538,95.40523795620777
STU_013539,70.65262709806174
STU_013540,99.57387545899167
STU_013541,66.24554697143712
STU_013542,84.77544338438635
STU_013543,71.04576839726391
STU_013544,73.84905268556149
STU_013545,87.1026445642186
STU_013546,98.89731142579743
STU_013547,99.2077909673196
STU_013548,79.84961519032538
STU_013549,61.90640798195965
STU_013550,74.7804466578822
STU_013551,64.78234112692189
STU_013552,81.6540444618603
STU_013553,72.87648833876298
STU_013554,71.8042643623814
STU_013555,60.99298233545343
STU_013556,88.44555608278982
STU_013557,65.82603135106041
STU_013558,68.31751831784374
STU_013559,88.57466551471637
STU_013560,53.1379646367309
STU_013561,69.13704828989793
STU_013562,91.68058518463378
STU_013563,89.29012396118526
STU_013564,57.54301863799259
STU_013565,81.51339597741762
STU_013566,71.16653938453067
STU_013567,96.48080938822673
STU_013568,73.05688608608068
STU_013569,73.439064070033
STU_013570,70.82526816806273
STU_013571,73.29479954463507
STU_013572,58.66766136870381
STU_013573,66.34807383202167
STU_013574,74.89287962924195
STU_013575,52.596231003202575
STU_013576,70.48638679267762
STU_013577,61.0033207794436
STU_013578,73.42199105424504
STU_013579,73.31298370846476
STU_013580,85.05150339548855
STU_013581,56.421541695867646
STU_013582,75.61217357531643
STU_013583,67.07384846132169
STU_013584,73.25560413403574
STU_013585,63.892075405336115
STU_013586,60.523984833438
STU_013587,98.80777455353173
STU_013588,67.7406630217854
STU_013589,76.04884923198966
STU_013590,81.40521351712904
STU_013591,89.8408488030075
STU_013592,99.69660230062351
STU_013593,97.03640809941926
STU_013594,70.49147267091125
STU_013595,59.715747797633526
STU_013596,87.82265186608849
STU_013597,65.99650878135236
STU_013598,75.88824800403856
STU_013599,71.8460620480184
STU_013600,98.46369892690961
STU_013601,67.7585157088198
STU_013602,62.046397923064504
STU_013603,94.48246195230493
STU_013604,67.21052065197406
STU_013605,90.42617756969749
STU_013606,71.53052439828139
STU_013607,43.37233976937401
STU_013608,79.77458021864204
STU_013609,80.83310110887314
STU_013610,94.77885292193233
STU_013611,95.56690564993376
STU_013612,60.196401910886095
STU_013613,76.53312199763687
STU_013614,52.479732138445435
STU_013615,82.98368307465788
STU_013616,81.21416105517986
STU_013617,64.59486823038954
STU_013618,61.72675866819171
STU_013619,66.54550506508554
STU_013620,75.28186070585265
STU_013621,73.68419236405173
STU_013622,60.95722920153064
STU_013623,52.37462286834167
STU_013624,50.782131432257565
STU_013625,81.18498751718161
STU_013626,76.17534267641264
STU_013627,83.85500137443768
STU_013628,96.97048002657002
STU_013629,80.12332865933021
STU_013630,74.08080562224173
STU_013631,66.04170449547863
STU_013632,56.76295624630828
STU_013633,95.24547164098307
STU_013634,65.7464451486436
STU_013635,98.00878683276554
STU_013636,70.15883143442571
STU_013637,79.91758479058274
STU_013638,80.15569278531802
STU_013639,64.52411142317686
STU_013640,78.13583130327493
STU_013641,88.38933597256349
STU_013642,72.85309863939051
STU_013643,79.51089990946471
STU_013644,61.039003937928726
STU_013645,71.79134482159638
STU_013646,93.53147349236608
STU_013647,84.91054910129283
STU_013648,97.77559984233437
STU_013649,75.38677575916378
STU_013650,96.40586847576597
STU_013651,71.27921695255009
STU_013652,67.17360911197717
STU_013653,91.74477835210118
STU_013654,76.32110298071773
STU_013655,75.12929626059437
STU_013656,98.21727405703533
STU_013657,64.3298173528802
STU_013658,81.00220363952081
STU_013659,65.93869214457835
STU_013660,66.42895480054582
STU_013661,76.34738801657974
STU_013662,83.12583163685596
STU_013663,74.97799370430349
STU_013664,91.2826219200329
STU_013665,80.21789387108909
STU_013666,87.4183310891954
STU_013667,58.40152112369519
STU_013668,91.17311171155907
STU_013669,61.30855179094176
STU_013670,90.82148658445021
STU_013671,99.46067589160161
STU_013672,69.64282613670778
STU_013673,97.14770846478402
STU_013674,77.6864555220434
STU_013675,60.097069832022825
STU_013676,73.70666744236945
STU_013677,83.64669004268426
STU_013678,69.86494415526593
STU_013679,67.88316079587963
STU_013680,51.44073017223674
STU_013681,98.88222142574853
STU_013682,42.58050988361913
STU_013683,56.658306153349685
STU_013684,72.16768188241005
STU_013685,89.14667058868275
STU_013686,94.4411941254154
STU_013687,76.93177369630948
STU_013688,62.4093787847641
STU_013689,97.39722323520672
STU_013690,90.75866247018641
STU_013691,65.00421870614115
STU_013692,61.38142339516224
STU_013693,88.99481215043436
STU_013694,76.41977574386127
STU_013695,69.13847689750266
STU_013696,99.1223742881615
STU_013697,69.00885896243904
STU_013698,61.21013621297668
STU_013699,65.24584101354395
STU_013700,82.77058960103406
STU_013701,82.5455249327508
STU_013702,95.94055657067067
STU_013703,69.4555475884683
STU_013704,77.44017390709493
STU_013705,86.48004081965314
STU_013706,65.99533795090696
STU_013707,64.46926552259413
STU_013708,58.25297408660745
STU_013709,91.9512698315748
STU_013710,78.7410694263125
STU_013711,98.98416939964335
STU_013712,74.89930429642808
STU_013713,67.31178188893682
STU_013714,67.50306392513794
STU_013715,98.9266958727577
STU_013716,70.6957542980731
STU_013717,54.845376541537775
STU_013718,84.6445384158949
STU_013719,72.92112595110353
STU_013720,50.52045255005492
STU_013721,56.86849055480759
STU_013722,79.25092548721275
STU_013723,84.64357793427796
STU_013724,93.26215705614045
STU_013725,71.49703872157721
STU_013726,64.19996467113306
STU_013727,68.30221812221994
STU_013728,93.65729314151702
STU_013729,89.92918741484408
STU_013730,77.10634226510764
STU_013731,93.43104268398936
STU_013732,76.46159856382465
STU_013733,84.19256877833352
STU_013734,56.00699341546179
STU_013735,74.00744112815264
STU_013736,98.9802618530282
STU_013737,82.24897299944874
STU_013738,74.76361441702983
STU_013739,71.9804051433665
STU_013740,81.75758718098936
STU_013741,76.6948990837826
STU_013742,94.70536165698746
STU_013743,95.3739059293945
STU_013744,71.10699954483725
STU_013745,92.56326405437609
STU_013746,88.15633668070048
STU_013747,95.5744215063041
STU_013748,73.47984415947653
STU_013749,96.3079693297598
STU_013750,73.6540912969391
STU_013751,76.20988814902033
STU_013752,79.53932220397265
STU_013753,85.74345444659019
STU_013754,72.22353412851831
STU_013755,69.28087519435852
STU_013756,63.76317225307799
STU_013757,98.75325208476674
STU_013758,94.81483384248767
STU_013759,59.37058340936632
STU_013760,56.32183520254089
STU_013761,97.41606251442226
STU_013762,79.10917587715895
STU_013763,75.980442886431
STU_013764,59.83315271914148
STU_013765,63.65719399868476
STU_013766,82.36048233245867
STU_013767,88.41118226835327
STU_013768,67.8009341564162
STU_013769,56.53910418216985
STU_013770,87.7713197929204
STU_013771,96.50287899577646
STU_013772,67.28402462130765
STU_013773,69.5358099787568
STU_013774,71.68552981931445
STU_013775,76.33198678658242
STU_013776,59.93674477883126
STU_013777,75.54242767749786
STU_013778,92.37505910538708
STU_013779,97.0439200839779
STU_013780,70.33903671394644
STU_013781,57.823095919178975
STU_013782,77.90732309408303
STU_013783,88.00964959825816
STU_013784,76.26374397552006
STU_013785,69.06325845714503
STU_013786,75.8588920019225
STU_013787,98.3674705513064
STU_013788,58.70016957434662
STU_013789,85.65094381895764
STU_013790,63.02768993039325
STU_013791,85.82287610389734
STU_013792,99.63679488032098
STU_013793,72.33581921708786
STU_013794,77.51641044360618
STU_013795,79.6808704708905
STU_013796,68.9554695685662
STU_013797,86.85921423819106
STU_013798,58.69663304384176
STU_013799,78.23599616153084
STU_013800,86.45525951813708
STU_013801,98.9321466909575
STU_013802,79.23435620249217
STU_013803,73.11732376743822
STU_013804,74.53042723766362
STU_013805,85.50266595496927
STU_013806,68.05131427643744
STU_013807,79.4352010394922
STU_013808,71.99097065270144
STU_013809,76.14882704221736
STU_013810,85.52380160547072
STU_013811,66.30410905089416
STU_013812,78.63214517250692
STU_013813,69.12870356390198
STU_013814,62.1599697452161
STU_013815,76.03388206976135
STU_013816,68.6539765302399
STU_013817,79.96208972375015
STU_013818,58.47297956456308
STU_013819,91.04588535167628
STU_013820,73.89520099511775
STU_013821,73.44467388784861
STU_013822,96.99187786630787
STU_013823,92.02986396195506
STU_013824,71.86830424342195
STU_013825,65.4964837269516
STU_013826,84.8570924504293
STU_013827,80.3087810525779
STU_013828,87.24218589518341
STU_013829,79.06397532954242
STU_013830,84.42703820115713
STU_013831,79.40760275738408
STU_013832,93.9554885829239
STU_013833,84.19597495241015
STU_013834,69.9145512906941
STU_013835,78.80997188344577
STU_013836,66.0253131184985
STU_013837,95.75594594535826
STU_013838,56.80480086306656
STU_013839,57.33627616593489
STU_013840,55.852779161326026
STU_013841,99.13031745517515
STU_013842,77.74438727598961
STU_013843,77.21517139597412
STU_013844,72.9946001348128
STU_013845,92.64898287776792
STU_013846,86.2856680000888
STU_013847,41.92180117021283
STU_013848,99.67301210621721
STU_013849,57.79235038969808
STU_013850,70.54430918653935
STU_013851,64.10819104251536
STU_013852,91.76928298515817
STU_013853,67.55249686528157
STU_013854,82.09729487800868
STU_013855,75.83242435685963
STU_013856,55.84536985943855
STU_013857,76.21677817476889
STU_013858,83.61487391805778
STU_013859,80.65773222421399
STU_013860,71.78146503296345
STU_013861,71.09393703388679
STU_013862,81.82543740697012
STU_013863,84.08726943460866
STU_013864,65.85928708278291
STU_013865,89.49193790999456
STU_013866,58.32177121230925
STU_013867,73.37890503572473
STU_013868,96.69002828543402
STU_013869,75.18374679232717
STU_013870,48.76396499038446
STU_013871,70.32943005438565
STU_013872,98.99987724463818
STU_013873,67.18770056613167
STU_013874,63.62571044136921
STU_013875,58.882841638166504
STU_013876,79.3762889985102
STU_013877,54.33358183598186
STU_013878,58.90171646542285
STU_013879,63.44322697569679
STU_013880,96.79680235672853
STU_013881,71.74726689819155
STU_013882,80.49108254865666
STU_013883,67.23145935865743
STU_013884,81.83787225059154
STU_013885,90.1765241837669
STU_013886,87.93499135429539
STU_013887,73.985717114549
STU_013888,78.72262714123693
STU_013889,78.14890201652918
STU_013890,95.0928609010842
STU_013891,93.29646945172735
STU_013892,74.0041569027116
STU_013893,60.28354294828878
STU_013894,96.62065486345685
STU_013895,52.91031162175458
STU_013896,94.91250763440593
STU_013897,74.15137503934588
STU_013898,80.87358900027661
STU_013899,84.91803516735827
STU_013900,66.1796640532445
STU_013901,79.29491760033238
STU_013902,73.2091094554242
STU_013903,72.83803180193647
STU_013904,68.36259009418325
STU_013905,92.6105622976483
STU_013906,78.08521672206709
STU_013907,64.27447046076925
STU_013908,66.0647934174624
STU_013909,89.07827584700358
STU_013910,61.2202979814811
STU_013911,79.66357359691115
STU_013912,82.45533401363073
STU_013913,69.13381210021197
STU_013914,57.14812284500634
STU_013915,65.76188962958494
STU_013916,97.84169767325989
STU_013917,51.08754139185288
STU_013918,56.108405512141054
STU_013919,77.17725077069582
STU_013920,77.05767265757794
STU_013921,65.57214074019343
STU_013922,96.94336182684276
STU_013923,91.13477100856677
STU_013924,83.6938415437622
STU_013925,71.33755685531416
STU_013926,79.39610367406159
STU_013927,99.34007782082703
STU_013928,41.3635923626136
STU_013929,60.87450522727365
STU_013930,69.20815572574615
STU_013931,64.53158935483154
STU_013932,65.03255347856023
STU_013933,53.08331582659232
STU_013934,65.66001035031988
STU_013935,77.07214070641668
STU_013936,87.68552479995441
STU_013937,81.72983477815592
STU_013938,74.45821320533385
STU_013939,66.38581840857668
STU_013940,63.758898626071
STU_013941,68.13473701711479
STU_013942,99.53774936832434
STU_013943,59.85600622786167
STU_013944,88.38970110163703
STU_013945,74.83506083692117
STU_013946,99.18321628123472
STU_013947,80.53132510245328
STU_013948,79.28444458358865
STU_013949,44.81869451382805
STU_013950,89.65430433718615
STU_013951,53.84881511474477
STU_013952,97.65590999949681
STU_013953,70.90313242057941
STU_013954,46.84916528020099
STU_013955,64.47479937891563
STU_013956,78.44689720946421
STU_013957,79.75539026376532
STU_013958,73.46844387166871
STU_013959,70.53845752902546
STU_013960,77.56593750546857
STU_013961,76.35227495083757
STU_013962,58.12121022062019
STU_013963,67.43842368573183
STU_013964,75.08132929797262
STU_013965,60.217612091370555
STU_013966,70.07169753511283
STU_013967,71.07769497818393
STU_013968,96.26100351591933
STU_013969,47.05245556361244
STU_013970,89.24678935412659
STU_013971,65.78456795910213
STU_013972,72.62297213073347
STU_013973,72.8138732894984
STU_013974,95.7557273616218
STU_013975,84.18620339800589
STU_013976,69.15784625434074
STU_013977,82.57098109074303
STU_013978,96.05788849535014
STU_013979,86.66427076305905
STU_013980,74.69905403644916
STU_013981,73.85474049369981
STU_013982,69.0124212932737
STU_013983,76.23826982584319
STU_013984,67.63999213072026
STU_013985,83.39997734235948
STU_013986,69.10828267045416
STU_013987,96.79703908154704
STU_013988,69.31664663836408
STU_013989,66.0941862594777
STU_013990,67.76277197646581
STU_013991,80.12366568407377
STU_013992,75.33710611246195
STU_013993,79.70123630443442
STU_013994,79.58790460808345
STU_013995,59.1058427660524
STU_013996,74.6347329399051
STU_013997,96.87286873726782
STU_013998,62.80279797817083
STU_013999,79.66008295751197
STU_014000,75.33036890098451
STU_014001,64.14773145383026
STU_014002,61.112629451466574
STU_014003,66.73824012511697
STU_014004,62.46096968847317
STU_014005,69.68890407173983
STU_014006,71.52352892337633
STU_014007,83.37816987853131
STU_014008,60.19237801394081
STU_014009,99.58926124438848
STU_014010,70.00873940592334
STU_014011,82.89055293261926
STU_014012,94.2950092345325
STU_014013,50.3272387669756
STU_014014,91.4330489481583
STU_014015,81.38707525809426
STU_014016,63.735059027463514
STU_014017,79.42625966812759
STU_014018,76.50106078760312
STU_014019,87.7794105173387
STU_014020,84.76304230215383
STU_014021,92.76252662368543
STU_014022,69.68956826671334
STU_014023,63.1901287231616
STU_014024,76.34212629553055
STU_014025,82.48641473539465
STU_014026,75.26699630597153
STU_014027,99.88364260009277
STU_014028,87.68756531312025
STU_014029,77.49614942854897
STU_014030,75.70690863927463
STU_014031,74.43152558740002
STU_014032,76.6760866626359
STU_014033,66.81553264090252
STU_014034,92.98364444679943
STU_014035,94.76125349437865
STU_014036,48.343714032525696
STU_014037,58.522882351795296
STU_014038,83.40873044827595
STU_014039,89.40083644712227
STU_014040,73.96139203416219
STU_014041,75.32448319816775
STU_014042,64.86500596461516
STU_014043,68.88115419687117
STU_014044,99.35815163306889
STU_014045,76.9762084804388
STU_014046,65.25862377643361
STU_014047,88.16241520080698
STU_014048,61.753794438932964
STU_014049,87.75093214357783
STU_014050,73.73087277398726
STU_014051,71.42944643524123
STU_014052,80.63358688763115
STU_014053,88.01302274847504
STU_014054,85.24889013310587
STU_014055,99.92243475388881
STU_014056,76.93623202275
STU_014057,69.34459208260594
STU_014058,75.96244745042827
STU_014059,61.47915536877153
STU_014060,77.63004510017234
STU_014061,67.00912451885166
STU_014062,86.07315309775066
STU_014063,70.63477796558942
STU_014064,68.0451367703433
STU_014065,60.79513613918863
STU_014066,39.94675871359229
STU_014067,95.93845877019197
STU_014068,68.68809600739057
STU_014069,77.07506881728759
STU_014070,75.50220844758496
STU_014071,41.37282244248396
STU_014072,68.13882541300893
STU_014073,79.8124645902758
STU_014074,73.029073230753
STU_014075,71.83921666765066
STU_014076,68.48992625541698
STU_014077,52.21670220785954
STU_014078,53.0595552661828
STU_014079,85.31502959614562
STU_014080,86.57698303343896
STU_014081,99.78740886106426
STU_014082,78.15691802464482
STU_014083,64.23527372914917
STU_014084,75.36611699379324
STU_014085,99.58891410389205
STU_014086,63.68599022960025
STU_014087,67.69729471148261
STU_014088,75.20275160969754
STU_014089,74.93066061824693
STU_014090,66.95390927423344
STU_014091,89.15306108573063
STU_014092,68.91263616447975
STU_014093,73.11603593139537
STU_014094,62.46922473304441
STU_014095,79.72368628259052
STU_014096,83.95549643225822
STU_014097,90.20941051743281
STU_014098,70.31718187047295
STU_014099,70.63825661612441
STU_014100,63.71911401612886
STU_014101,76.17901314766708
STU_014102,85.50441290931212
STU_014103,69.04141493735982
STU_014104,93.59109558018724
STU_014105,46.1526681409838
STU_014106,70.52068181181008
STU_014107,89.40592029785829
STU_014108,79.3360869230412
STU_014109,81.03251363118719
STU_014110,85.07756168374873
STU_014111,89.85904107290854
STU_014112,61.104875357615086
STU_014113,59.54167667451455
STU_014114,63.77141932210549
STU_014115,77.69820881037622
STU_014116,98.95637917832208
STU_014117,64.43796658807979
STU_014118,96.05768193107376
STU_014119,68.94188802979332
STU_014120,65.90766170042006
STU_014121,56.374676227942935
STU_014122,57.24166645882926
STU_014123,58.58419379116882
STU_014124,58.984795451725866
STU_014125,84.9006357111295
STU_014126,63.745655624933576
STU_014127,69.22326216074286
STU_014128,62.68032824293917
STU_014129,86.68309697287408
STU_014130,79.96408827874586
STU_014131,88.80945269287706
STU_014132,78.78593588932713
STU_014133,70.87224013194805
STU_014134,43.97483356644859
STU_014135,76.938995861241
STU_014136,74.24807976967199
STU_014137,98.74475194687157
STU_014138,54.31812734564685
STU_014139,72.62969774322374
STU_014140,77.37484899589631
STU_014141,89.00028422396633
STU_014142,73.34891735712384
STU_014143,88.5173104681435
STU_014144,98.38913562337086
STU_014145,68.87837045480069
STU_014146,93.17757571621021
STU_014147,79.10749934913302
STU_014148,86.6859788920526
STU_014149,78.9773179131224
STU_014150,64.40678070460861
STU_014151,97.9679896017295
STU_014152,88.1354486544021
STU_014153,58.83603353997127
STU_014154,76.31194392358086
STU_014155,68.98947160700214
STU_014156,91.61798854134128
STU_014157,80.69686013053638
STU_014158,79.90345700368476
STU_014159,84.02144748279113
STU_014160,95.50846139573939
STU_014161,81.47286638025723
STU_014162,96.59663000240744
STU_014163,72.65453227006364
STU_014164,53.119667633961946
STU_014165,96.38539430278857
STU_014166,70.50715633113145
STU_014167,75.89980797980918
STU_014168,69.59085578415704
STU_014169,52.09159109608453
STU_014170,78.47621567998634
STU_014171,84.38298278761998
STU_014172,79.40626506499527
STU_014173,69.304784814757
STU_014174,78.19177590009727
STU_014175,82.87566519697532
STU_014176,66.38061272458562
STU_014177,77.33360423876444
STU_014178,72.0951537990716
STU_014179,85.13088811890819
STU_014180,78.7231357186222
STU_014181,75.06564876374944
STU_014182,97.63237301952947
STU_014183,64.31643293728678
STU_014184,81.9114640419105
STU_014185,76.64454711052292
STU_014186,94.93551047402997
STU_014187,98.02611515483605
STU_014188,75.36831464212118
STU_014189,71.50339102102703
STU_014190,65.89591633663234
STU_014191,65.54393263961057
STU_014192,64.49867572207033
STU_014193,87.09128265079411
STU_014194,71.71921284489206
STU_014195,62.996775548337766
STU_014196,81.83859919792309
STU_014197,60.78450562080093
STU_014198,69.54245807536796
STU_014199,58.1181474707323
STU_014200,76.99882812537524
STU_014201,78.34948585722955
STU_014202,82.36084014692392
STU_014203,58.521882318726696
STU_014204,85.80431453652412
STU_014205,67.83616982937711
STU_014206,74.29226480817694
STU_014207,76.59062582424784
STU_014208,72.6484035556055
STU_014209,72.55142310127678
STU_014210,97.7308931620432
STU_014211,81.37542148056706
STU_014212,98.80354036481346
STU_014213,77.40389293218257
STU_014214,62.96390004157726
STU_014215,71.82060229493408
STU_014216,70.64575600200321
STU_014217,89.02779321818697
STU_014218,99.62613500779811
STU_014219,65.62577410010364
STU_014220,77.35792946669136
STU_014221,86.46831497392422
STU_014222,78.31724878760704
STU_014223,89.61927956496028
STU_014224,91.86529658597263
STU_014225,72.95541995612112
STU_014226,57.85624603677742
STU_014227,71.3459808536219
STU_014228,58.45616944068073
STU_014229,90.38538667571349
STU_014230,92.49620313916563
STU_014231,77.67557357920478
STU_014232,76.85045494236539
STU_014233,55.39270581596173
STU_014234,99.86203914973467
STU_014235,76.79462674022629
STU_014236,71.82320614144355
STU_014237,92.12336752862697
STU_014238,46.935314304524084
STU_014239,89.71050470933324
STU_014240,69.41462582205179
STU_014241,83.07618270172696
STU_014242,91.98953907570511
STU_014243,65.79581539046828
STU_014244,80.98442197167631
STU_014245,79.04074220049085
STU_014246,75.49691485728003
STU_014247,63.59754693218645
STU_014248,90.48298709579909
STU_014249,77.41913013786044
STU_014250,82.1129619707944
STU_014251,74.74222843015063
STU_014252,60.18011829604505
STU_014253,90.0163651649331
STU_014254,68.08642174658945
STU_014255,96.07610455560925
STU_014256,68.64378977649685
STU_014257,71.12247466565103
STU_014258,88.50224348732456
STU_014259,65.75882292245112
STU_014260,84.33493195591616
STU_014261,83.11068494873217
STU_014262,76.15892930046489
STU_014263,59.77311374886289
STU_014264,88.49691368957235
STU_014265,68.1609413178985
STU_014266,85.87868300880211
STU_014267,96.28617435241458
STU_014268,92.11928120980687
STU_014269,74.0433011722268
STU_014270,70.24214326791642
STU_014271,59.3454785724883
STU_014272,71.73331326712383
STU_014273,73.45140257163438
STU_014274,64.22138828857413
STU_014275,85.9958431738101
STU_014276,67.51430489532636
STU_014277,94.03973016073131
STU_014278,58.46852629811791
STU_014279,95.52086462635506
STU_014280,54.206287679512705
STU_014281,88.16958471255164
STU_014282,70.36766896393439
STU_014283,54.5912862732971
STU_014284,82.72287303515647
STU_014285,95.02286231040611
STU_014286,64.35140697469168
STU_014287,82.05833374847292
STU_014288,50.81700327707696
STU_014289,72.1356087909595
STU_014290,79.92154447598497
STU_014291,65.32112750232139
STU_014292,73.88727597465044
STU_014293,73.90653238130285
STU_014294,61.8524982267849
STU_014295,67.8366710669311
STU_014296,69.88790283795116
STU_014297,65.5955982290222
STU_014298,79.04925469558722
STU_014299,81.27781370320218
STU_014300,91.53052775471947
STU_014301,57.39309448430325
STU_014302,99.77291393079557
STU_014303,89.88548615712203
STU_014304,63.13750104159874
STU_014305,79.78823878333073
STU_014306,74.06564442995102
STU_014307,99.71696919831234
STU_014308,72.09522290775249
STU_014309,91.47511300568323
STU_014310,71.34877979745319
STU_014311,99.72409788161436
STU_014312,73.78861681447557
STU_014313,71.20332187443202
STU_014314,63.758233578868555
STU_014315,81.56099470857737
STU_014316,73.64921407546653
STU_014317,69.43299271189792
STU_014318,80.09556387709918
STU_014319,59.783575445336
STU_014320,75.32063743465523
STU_014321,63.59334540115245
STU_014322,96.25381756067904
STU_014323,86.65446269962817
STU_014324,80.18564443440056
STU_014325,85.3902951895497
STU_014326,82.397051174105
STU_014327,66.46535155172597
STU_014328,52.37262361215523
STU_014329,93.84959087784465
STU_014330,54.71478983715493
STU_014331,62.488158996761825
STU_014332,60.076581400854536
STU_014333,76.21433709143699
STU_014334,97.36917661195382
STU_014335,78.63539776607485
STU_014336,92.63059609704965
STU_014337,79.73582579170983
STU_014338,62.96765684492693
STU_014339,63.0602603887271
STU_014340,62.74185290968094
STU_014341,94.57447385567635
STU_014342,56.492983690029114
STU_014343,71.9689693416982
STU_014344,47.547018365988706
STU_014345,74.63969035058642
STU_014346,88.22201949429159
STU_014347,65.41482214456991
STU_014348,70.93664468930109
STU_014349,64.88111637893553
STU_014350,68.37204811956225
STU_014351,73.02424208724666
STU_014352,92.94718653095418
STU_014353,90.72391338166413
STU_014354,90.77310007049044
STU_014355,64.5745997725013
STU_014356,52.14154353233252
STU_014357,85.71657698297284
STU_014358,55.62009286831233
STU_014359,74.95227407949113
STU_014360,55.565559537862825
STU_014361,66.21745905712848
STU_014362,99.57492989302825
STU_014363,46.696849231232505
STU_014364,77.20024112210511
STU_014365,62.44344920055143
STU_014366,72.46301778382674
STU_014367,70.54902409965324
STU_014368,90.27950185431604
STU_014369,89.59988524594206
STU_014370,95.92124193841732
STU_014371,76.08864117221489
STU_014372,85.70123839940376
STU_014373,64.40131940251203
STU_014374,84.26033803493664
STU_014375,80.32345015013283
STU_014376,93.77300175772905
STU_014377,82.44524918045178
STU_014378,99.49172657985847
STU_014379,79.43983403939475
STU_014380,83.84751079993127
STU_014381,46.95281331161664
STU_014382,77.84955788889079
STU_014383,72.3210855180157
STU_014384,88.07176399616134
STU_014385,91.58361171561316
STU_014386,60.21988095555797
STU_014387,78.85125916808951
STU_014388,66.30700618199015
STU_014389,73.5354132756665
STU_014390,66.65318393785515
STU_014391,45.31343928596688
STU_014392,88.68897093927067
STU_014393,90.34615723988355
STU_014394,72.86762538932902
STU_014395,98.09687225854388
STU_014396,92.2992938517369
STU_014397,80.6710442244877
STU_014398,99.60945731986865
STU_014399,74.04750554962983
STU_014400,94.86440744947134
STU_014401,82.97888863139327
STU_014402,78.39253432558233
STU_014403,77.58989390517144
STU_014404,78.98767570054983
STU_014405,64.97053197183729
STU_014406,79.94657297607924
STU_014407,99.27541044383553
STU_014408,64.36580910339367
STU_014409,57.33395050773795
STU_014410,73.90830395386682
STU_014411,65.32751943167005
STU_014412,73.41319127956517
STU_014413,82.95538217131461
STU_014414,64.57296146882356
STU_014415,68.06463976600864
STU_014416,77.25270343449128
STU_014417,91.5949241172063
STU_014418,91.0818064516446
STU_014419,54.94259152784062
STU_014420,91.47889374348028
STU_014421,97.14634386291479
STU_014422,67.32750649850426
STU_014423,93.10337228464766
STU_014424,77.86829103356031
STU_014425,96.04514583739498
STU_014426,70.72363981959364
STU_014427,88.29864763365143
STU_014428,92.37323660440802
STU_014429,93.88124518630687
STU_014430,52.69823664901157
STU_014431,55.110211416834
STU_014432,77.71189535716479
STU_014433,69.06612164802655
STU_014434,77.85833484885785
STU_014435,96.32913693854286
STU_014436,55.478111602496725
STU_014437,70.7336452867678
STU_014438,74.41145058471814
STU_014439,81.58415353041677
STU_014440,48.01516016246704
STU_014441,62.41393209851067
STU_014442,77.16620776469374
STU_014443,53.744903164914874
STU_014444,49.426567910342555
STU_014445,70.95776268913825
STU_014446,68.6170261479877
STU_014447,97.36597596531401
STU_014448,61.42873714208303
STU_014449,55.797855748717375
STU_014450,65.42996654475377
STU_014451,88.479572559956
STU_014452,89.15272423136301
STU_014453,98.81038631622124
STU_014454,88.24493246822843
STU_014455,89.12450058669691
STU_014456,82.80026410935469
STU_014457,61.0760496995815
STU_014458,63.15511927910984
STU_014459,74.80302290271369
STU_014460,99.74013044700376
STU_014461,94.27643774398909
STU_014462,81.68788903727582
STU_014463,85.71634791311544
STU_014464,72.04988869780375
STU_014465,94.99241261153136
STU_014466,67.22685603751178
STU_014467,78.79400770851454
STU_014468,73.12755833081115
STU_014469,82.04299221346739
STU_014470,75.04705128498408
STU_014471,84.55732950525166
STU_014472,64.34102044358724
STU_014473,65.49949976326856
STU_014474,85.92843319909562
STU_014475,63.057498305433896
STU_014476,73.74222619785668
STU_014477,95.68603030931632
STU_014478,80.73780676182176
STU_014479,97.52950526551304
STU_014480,77.57740239201223
STU_014481,90.5490695179873
STU_014482,52.74190952810349
STU_014483,94.03526679529276
STU_014484,47.44565508555613
STU_014485,77.0300209503884
STU_014486,90.24968821524774
STU_014487,84.19074313173671
STU_014488,71.41870292793934
STU_014489,45.71440770498546
STU_014490,91.76642392772374
STU_014491,84.66545782218464
STU_014492,78.38619859950701
STU_014493,63.00394136032853
STU_014494,86.51593268827922
STU_014495,69.08701038219237
STU_014496,66.87497278547947
STU_014497,64.21234122247657
STU_014498,87.49634865513707
STU_014499,81.91304160108885
STU_014500,66.0473188172779
STU_014501,63.60968158511179
STU_014502,69.98396035998879
STU_014503,74.38365277706569
STU_014504,99.49340939139795
STU_014505,73.14506036103845
STU_014506,75.67713948676939
STU_014507,71.34779327118866
STU_014508,63.994994954343895
STU_014509,75.73130041471515
STU_014510,60.340507402662595
STU_014511,83.50652940112968
STU_014512,73.93030807996244
STU_014513,82.41590993352997
STU_014514,82.7689353090177
STU_014515,72.94648326862328
STU_014516,81.36522082462301
STU_014517,80.32085231396229
STU_014518,79.89002848408892
STU_014519,59.95541967756722
STU_014520,75.4580758610661
STU_014521,96.69563763224784
STU_014522,67.27408622382968
STU_014523,96.64214199117734
STU_014524,92.15438872991552
STU_014525,72.63138482082184
STU_014526,78.04387577200062
STU_014527,43.89241557544678
STU_014528,63.56012707438656
STU_014529,84.50512806665427
STU_014530,66.79654492130362
STU_014531,76.50433083031074
STU_014532,97.55642397550344
STU_014533,98.90639028348163
STU_014534,96.88915456873073
STU_014535,95.40894407406314
STU_014536,88.89142617961052
STU_014537,76.23689583486961
STU_014538,62.60904067461421
STU_014539,68.75188845094497
STU_014540,50.94537546193
STU_014541,89.1752474688125
STU_014542,52.67628753661451
STU_014543,88.98622045469645
STU_014544,67.22032775962849
STU_014545,64.21256069275691
STU_014546,56.00723085858329
STU_014547,61.6738525485014
STU_014548,92.5875549399201
STU_014549,97.42482996901624
STU_014550,79.26782742720394
STU_014551,69.84178179988702
STU_014552,66.5525496383971
STU_014553,83.98963636277898
STU_014554,76.21154054216042
STU_014555,67.11412722423887
STU_014556,97.1430479418726
STU_014557,75.07331990918507
STU_014558,55.665472915055766
STU_014559,79.66348272501385
STU_014560,98.78701272119822
STU_014561,75.20406677562552
STU_014562,67.17548205163837
STU_014563,75.39980549546291
STU_014564,99.01268729266405
STU_014565,69.641813969895
STU_014566,87.47653162684662
STU_014567,70.29953624733177
STU_014568,69.60906594333444
STU_014569,75.51613594170169
STU_014570,55.32019910531976
STU_014571,64.92668177550479
STU_014572,72.76864130691773
STU_014573,79.06921768431171
STU_014574,64.17887373484709
STU_014575,57.55871226871577
STU_014576,69.46973695900803
STU_014577,56.58500330475613
STU_014578,64.18165553537014
STU_014579,79.7625967913498
STU_014580,88.61399544630623
STU_014581,89.37846079463817
STU_014582,81.83496064944325
STU_014583,69.09814612394186
STU_014584,78.9482271582166
STU_014585,70.36627416803822
STU_014586,88.26182969667099
STU_014587,58.24408154732164
STU_014588,81.7801763941301
STU_014589,53.70214567820901
STU_014590,64.16480886666434
STU_014591,88.77587525393345
STU_014592,75.37753514832882
STU_014593,94.16724179295113
STU_014594,97.77999512380089
STU_014595,48.417488775236514
STU_014596,99.88388116478174
STU_014597,72.27529946719056
STU_014598,59.2721573862073
STU_014599,78.15873455045738
STU_014600,56.35680059357324
STU_014601,76.02321382711132
STU_014602,93.66572539361312
STU_014603,52.34124683502371
STU_014604,84.56730285310309
STU_014605,99.43138108604721
STU_014606,54.05416364400348
STU_014607,83.54824112593454
STU_014608,57.34246349848824
STU_014609,78.49195046664718
STU_014610,81.60768721721604
STU_014611,81.53983555559591
STU_014612,59.43729848252943
STU_014613,69.99113441366916
STU_014614,91.84586958308668
STU_014615,75.25446256670047
STU_014616,97.65291754496715
STU_014617,60.824503644471974
STU_014618,83.89638935076502
STU_014619,77.55449938276392
STU_014620,85.02968033092647
STU_014621,62.09005506614314
STU_014622,97.27438024978267
STU_014623,75.53957769411747
STU_014624,82.97080848694098
STU_014625,70.11828548056204
STU_014626,89.54052845493358
STU_014627,62.77581201039453
STU_014628,59.468392427558356
STU_014629,80.33576382498907
STU_014630,72.00626834941882
STU_014631,62.74294874329567
STU_014632,66.3119792828559
STU_014633,69.26714260701398
STU_014634,93.67254946003965
STU_014635,57.95646454515387
STU_014636,47.76286634938588
STU_014637,90.01960574170849
STU_014638,65.22066980708468
STU_014639,76.32152118892094
STU_014640,69.04281384871055
STU_014641,62.669128191725456
STU_014642,97.29028548556391
STU_014643,54.205241534892025
STU_014644,93.23736134040041
STU_014645,77.30701889919543
STU_014646,91.44974409822993
STU_014647,90.41088740075243
STU_014648,71.03480396334805
STU_014649,91.6396428998084
STU_014650,70.41237516453896
STU_014651,62.822715223590976
STU_014652,95.34739421617425
STU_014653,75.82483400241357
STU_014654,85.82266366549852
STU_014655,49.81178857580662
STU_014656,67.80142915602573
STU_014657,53.40397956595116
STU_014658,76.72030196880165
STU_014659,72.52044304764428
STU_014660,72.6926461563221
STU_014661,48.14611415347508
STU_014662,71.50755886951545
STU_014663,72.38893488410427
STU_014664,54.868646175996105
STU_014665,77.59061906058884
STU_014666,95.50592287567491
STU_014667,78.47317945307893
STU_014668,55.89582922204452
STU_014669,78.3937033151337
STU_014670,98.09376875365868
STU_014671,78.17964892364782
STU_014672,85.40073043982595
STU_014673,93.5688260826512
STU_014674,94.8658248876423
STU_014675,83.14347735780316
STU_014676,74.57639331061827
STU_014677,63.45467685523687
STU_014678,67.82183117959383
STU_014679,61.44812558749059
STU_014680,43.481490226746544
STU_014681,91.94169987998899
STU_014682,47.02143793226763
STU_014683,68.23112547251733
STU_014684,61.66114692046045
STU_014685,65.93404070785277
STU_014686,80.2053556455478
STU_014687,88.55740791787343
STU_014688,95.68033015442441
STU_014689,64.87676391777003
STU_014690,59.7237794008533
STU_014691,83.58231432071074
STU_014692,94.36442985210147
STU_014693,69.2725467597462
STU_014694,75.76196655290042
STU_014695,99.29416296029012
STU_014696,43.156589566313656
STU_014697,80.96033313260602
STU_014698,91.89030418556118
STU_014699,67.93938592802327
STU_014700,91.35075440438833
STU_014701,69.43018121353037
STU_014702,87.82706632784004
STU_014703,78.83281840024692
STU_014704,97.0464054153144
STU_014705,81.48750203776609
STU_014706,85.92926594006832
STU_014707,95.47615385177485
STU_014708,98.87035940356454
STU_014709,80.28366752467129
STU_014710,53.90995925854836
STU_014711,72.91536133234075
STU_014712,77.74983780001489
STU_014713,41.83325743284511
STU_014714,81.14496383217084
STU_014715,77.20386299222142
STU_014716,61.782919489030384
STU_014717,57.69943533879042
STU_014718,64.4864588745925
STU_014719,94.90089062755158
STU_014720,81.24856420821041
STU_014721,54.03968566302058
STU_014722,67.18904770290203
STU_014723,96.00419052864216
STU_014724,91.47893077134742
STU_014725,71.72616169755408
STU_014726,66.98286435071111
STU_014727,59.68393918596445
STU_014728,94.84510942609353
STU_014729,80.85158635933323
STU_014730,53.68616110771713
STU_014731,63.33713604474903
STU_014732,85.92784295278453
STU_014733,75.04507391720828
STU_014734,62.040103006069
STU_014735,99.81632608540217
STU_014736,77.95410371023718
STU_014737,75.07999433350747
STU_014738,72.1747585715334
STU_014739,85.99559214630979
STU_014740,75.99538434551118
STU_014741,79.79196921103066
STU_014742,95.5251838249589
STU_014743,99.01506341288193
STU_014744,68.47575094855206
STU_014745,80.67540729553812
STU_014746,44.51921262534436
STU_014747,77.15205058887125
STU_014748,99.54407514868217
STU_014749,93.03549138797084
STU_014750,80.47708009732342
STU_014751,94.93688648283921
STU_014752,78.56728102244821
STU_014753,59.58444474564708
STU_014754,99.75763434535057
STU_014755,66.51632106882266
STU_014756,66.74636293510702
STU_014757,72.15106027218593
STU_014758,99.75872446932786
STU_014759,67.37296733381345
STU_014760,76.1804938264623
STU_014761,75.6171271689448
STU_014762,99.84587465564644
STU_014763,82.39267812255883
STU_014764,99.48643809437687
STU_014765,74.71382979030764
STU_014766,81.55725208504256
STU_014767,70.2375267560221
STU_014768,65.466657622798
STU_014769,97.8279644450781
STU_014770,80.22046238342688
STU_014771,75.63319159650048
STU_014772,71.00150531306727
STU_014773,85.2968112239582
STU_014774,93.2906720338549
STU_014775,76.09531920197219
STU_014776,76.61766827338145
STU_014777,76.37884740884323
STU_014778,78.86717585120688
STU_014779,77.55295803460571
STU_014780,58.51066920043579
STU_014781,84.15915954820302
STU_014782,85.55615103327327
STU_014783,94.20327716128331
STU_014784,91.83688101180913
STU_014785,82.00822038951942
STU_014786,79.34048814150981
STU_014787,75.91786817114021
STU_014788,96.31390484453262
STU_014789,74.76815896838241
STU_014790,79.84742881906747
STU_014791,66.34527377429158
STU_014792,56.97815014951428
STU_014793,67.21606388324618
STU_014794,62.35346623662623
STU_014795,79.01675591176331
STU_014796,78.99709962504053
STU_014797,72.19529304863768
STU_014798,88.94249355451583
STU_014799,92.67562509363964
STU_014800,86.78530809219296
STU_014801,92.60148428999284
STU_014802,58.64126752795203
STU_014803,87.89494830168644
STU_014804,79.5298026164117
STU_014805,73.81539499833937
STU_014806,73.81623225166017
STU_014807,65.00644394791844
STU_014808,70.28531148644909
STU_014809,52.74048047119858
STU_014810,96.58580407812286
STU_014811,98.7461700444667
STU_014812,74.22394904057067
STU_014813,62.13630706203485
STU_014814,69.10285460344116
STU_014815,56.31816209121962
STU_014816,79.39120123005848
STU_014817,85.96790333065418
STU_014818,47.62375362197772
STU_014819,80.61464771961494
STU_014820,70.66593325624083
STU_014821,57.954681141114236
STU_014822,99.16699989164641
STU_014823,63.0649675804691
STU_014824,92.83961547230226
STU_014825,76.358181265478
STU_014826,92.05729788296289
STU_014827,57.42011951581385
STU_014828,76.23976160669865
STU_014829,75.91363700417509
STU_014830,83.83891487364588
STU_014831,84.44462824522932
STU_014832,64.37028736996761
STU_014833,64.16299451862811
STU_014834,81.46878945005167
STU_014835,75.89341932334682
STU_014836,85.38346219527519
STU_014837,71.1292995823756
STU_014838,74.51440101203353
STU_014839,81.22396170353527
STU_014840,77.71786692796672
STU_014841,98.95092307934277
STU_014842,52.51845432578496
STU_014843,70.47857190638551
STU_014844,95.5654157513135
STU_014845,66.61515409704104
STU_014846,84.43888830899911
STU_014847,79.72855034793588
STU_014848,55.89454964350095
STU_014849,58.308206432174764
STU_014850,69.886709785415
STU_014851,83.98246528746358
STU_014852,79.79981865841852
STU_014853,75.86588436634042
STU_014854,63.29348982179661
STU_014855,75.89175297399237
STU_014856,72.69933889900047
STU_014857,80.86513904116154
STU_014858,64.83005201919096
STU_014859,86.7495617227176
STU_014860,44.9574916881142
STU_014861,87.06445577539641
STU_014862,96.9801613444783
STU_014863,65.96736660131513
STU_014864,76.70612156823074
STU_014865,70.51395473759496
STU_014866,68.2040877167839
STU_014867,71.7182508915042
STU_014868,99.82238166068555
STU_014869,99.24892598916256
STU_014870,72.75931991583997
STU_014871,75.91709640339396
STU_014872,79.77340439679705
STU_014873,64.76090181903837
STU_014874,65.27009603821682
STU_014875,82.81015973947656
STU_014876,55.3458761607689
STU_014877,66.65859902186378
STU_014878,61.986828833341946
STU_014879,79.85153120927868
STU_014880,84.89779264895695
STU_014881,76.71847044061505
STU_014882,70.80651162108038
STU_014883,79.12123060816955
STU_014884,67.5526244416892
STU_014885,81.91647247878863
STU_014886,65.70633066124523
STU_014887,76.31223082202575
STU_014888,86.59841356977276
STU_014889,69.71856617713584
STU_014890,92.61307596850499
STU_014891,70.54346114392871
STU_014892,87.34334724274615
STU_014893,62.619481956670356
STU_014894,71.89072163477167
STU_014895,57.838740686840744
STU_014896,78.88150424641974
STU_014897,77.13818139043117
STU_014898,81.43159618739976
STU_014899,58.205560841091625
STU_014900,98.56821443390527
STU_014901,83.61325439872839
STU_014902,79.96957787167236
STU_014903,87.13904659809639
STU_014904,75.90988551223197
STU_014905,92.2259388604522
STU_014906,79.04100934186437
STU_014907,51.820715889656356
STU_014908,80.07242782371534
STU_014909,83.22956994478908
STU_014910,74.9599691539926
STU_014911,98.84734218816013
STU_014912,80.86174579036482
STU_014913,73.89498393463148
STU_014914,48.36002396238589
STU_014915,61.253835288154605
STU_014916,67.79014380511862
STU_014917,98.69847560512781
STU_014918,86.0917842405072
STU_014919,53.22709886048349
STU_014920,93.48904925996985
STU_014921,62.684748203197685
STU_014922,53.19925170432122
STU_014923,71.96597596237737
STU_014924,85.1989263504839
STU_014925,99.19532470090094
STU_014926,81.80413773656547
STU_014927,75.26217005286476
STU_014928,57.861579318458496
STU_014929,80.78921262121452
STU_014930,82.69860138182692
STU_014931,89.388329807958
STU_014932,60.66605874120777
STU_014933,77.87673867064098
STU_014934,67.21965464188895
STU_014935,77.13736345568645
STU_014936,83.69136880716688
STU_014937,82.75627779460847
STU_014938,99.7765816205214
STU_014939,80.2385882067954
STU_014940,93.72407577149856
STU_014941,62.28873895540826
STU_014942,94.95351649252066
STU_014943,61.885968405430965
STU_014944,71.14584213880013
STU_014945,61.08906958663067
STU_014946,67.23249972386557
STU_014947,67.85717492971563
STU_014948,87.71660938284884
STU_014949,63.762464052953746
STU_014950,94.37730368096518
STU_014951,73.33366747816939
STU_014952,75.9304500087684
STU_014953,97.15729353225586
STU_014954,94.13262591835704
STU_014955,96.72308020909412
STU_014956,81.72059227609603
STU_014957,77.97086375660597
STU_014958,70.48150730173228
STU_014959,50.75294385822614
STU_014960,98.42217291403645
STU_014961,94.38912316938968
STU_014962,48.42982621460458
STU_014963,74.5352773230162
STU_014964,96.45964662672515
STU_014965,80.48747843806332
STU_014966,71.07776542771343
STU_014967,54.57357583380748
STU_014968,94.72708536017434
STU_014969,81.73442770325838
STU_014970,71.66790761921173
STU_014971,69.57970415756053
STU_014972,89.51524413660863
STU_014973,74.09409042446063
STU_014974,70.37991530215496
STU_014975,69.93802776684785
STU_014976,89.0534245244209
STU_014977,81.75878746129149
STU_014978,91.53183863366938
STU_014979,93.9552766322409
STU_014980,63.31870984089041
STU_014981,98.38333365132456
STU_014982,64.72567239324526
STU_014983,91.59786203990166
STU_014984,62.58814673546017
STU_014985,65.51702980837078
STU_014986,50.43343798171929
STU_014987,90.61440578066998
STU_014988,64.5422668535951
STU_014989,97.79187999582092
STU_014990,88.73395580935069
STU_014991,98.9040650017052
STU_014992,72.2025344220462
STU_014993,58.94499131337799
STU_014994,85.29003034701915
STU_014995,86.70093447480991
STU_014996,71.39544399287115
STU_014997,79.40382126431051
STU_014998,83.27355621671627
STU_014999,97.99084579002216
STU_015000,69.84421028786527
STU_015001,56.4726749231834
STU_015002,66.18246447636247
STU_015003,62.005038758502536
STU_015004,64.9078585704971
STU_015005,59.934916892491195
STU_015006,62.38858574001499
STU_015007,90.8466166512829
STU_015008,72.5393679274909
STU_015009,75.80223281742863
STU_015010,74.49261111167158
STU_015011,52.93623169975285
STU_015012,97.54489054014826
STU_015013,63.74901826294594
STU_015014,58.925299113832565
STU_015015,84.16520077767953
STU_015016,88.74437192592173
STU_015017,88.74271684102143
STU_015018,74.31630653844833
STU_015019,86.45119997361067
STU_015020,61.25501632170837
STU_015021,76.23987382514126
STU_015022,61.44918958742364
STU_015023,77.35311759971002
STU_015024,69.98671834180563
STU_015025,81.84055908153842
STU_015026,71.17204652470082
STU_015027,83.8277304438765
STU_015028,75.29274493932542
STU_015029,75.26864347638308
STU_015030,92.0706704620701
STU_015031,77.36867923348305
STU_015032,72.25426794750749
STU_015033,78.58129812326598
STU_015034,67.45822268110125
STU_015035,81.17975278264993
STU_015036,71.77402464412059
STU_015037,80.66234764950752
STU_015038,90.23447389889859
STU_015039,64.87809408314547
STU_015040,76.97614934787119
STU_015041,82.60962591384049
STU_015042,45.786184581592806
STU_015043,83.09229862081219
STU_015044,88.09517646895779
STU_015045,89.57200890684975
STU_015046,66.22177841225925
STU_015047,82.76005273204503
STU_015048,67.87832923050433
STU_015049,72.56979331475347
STU_015050,59.60995987888897
STU_015051,68.88521116520695
STU_015052,63.058084744070314
STU_015053,68.04700292233473
STU_015054,93.59413847549538
STU_015055,83.90748679629442
STU_015056,61.10309739388484
STU_015057,98.54005900493905
STU_015058,57.445945376828455
STU_015059,98.30115150464701
STU_015060,76.4311110379113
STU_015061,74.0191934888259
STU_015062,71.73849162674843
STU_015063,69.21678853925415
STU_015064,60.244259809123825
STU_015065,93.19075106955759
STU_015066,85.04473634398559
STU_015067,69.9635492613071
STU_015068,66.03167509109826
STU_015069,73.7887449006864
STU_015070,71.73712238668324
STU_015071,74.51982608078325
STU_015072,99.95945717161995
STU_015073,65.62761779727393
STU_015074,67.00702620167105
STU_015075,95.38065335214174
STU_015076,72.2187568951403
STU_015077,65.76691058950887
STU_015078,68.121941684336
STU_015079,99.87384037051123
STU_015080,63.891581274723144
STU_015081,98.35388909316775
STU_015082,61.30479164173698
STU_015083,80.97171719058818
STU_015084,62.74606505479022
STU_015085,76.90188542642488
STU_015086,66.68035396192971
STU_015087,58.905768659518266
STU_015088,90.93080528633534
STU_015089,80.12711366754559
STU_015090,88.10901589604094
STU_015091,74.75685401531737
STU_015092,77.51609057191513
STU_015093,95.90765776962435
STU_015094,68.58516250063158
STU_015095,74.82185987672499
STU_015096,90.17476425258806
STU_015097,79.54468039664529
STU_015098,69.75342950957939
STU_015099,57.339405687426094
STU_015100,83.0289955040855
STU_015101,79.16378619056098
STU_015102,78.65707081803899
STU_015103,98.59687154918973
STU_015104,75.0140838929364
STU_015105,92.45312652387001
STU_015106,71.92835240612854
STU_015107,74.45133955990974
STU_015108,76.59251603869895
STU_015109,78.99871970279592
STU_015110,83.18975482387503
STU_015111,61.39616264486369
STU_015112,84.13208375065965
STU_015113,66.21341922249712
STU_015114,84.08358952749259
STU_015115,61.854177104332564
STU_015116,89.78220173742153
STU_015117,63.9903335587701
STU_015118,52.216542568731214
STU_015119,84.06768438603666
STU_015120,85.66916820712356
STU_015121,62.31725997071012
STU_015122,99.8477399892785
STU_015123,67.47143694878997
STU_015124,85.09056405254586
STU_015125,75.59090614806166
STU_015126,75.66325790454337
STU_015127,93.97274533615207
STU_015128,77.65392341851998
STU_015129,69.32130725768705
STU_015130,71.33650150606397
STU_015131,82.15296603188519
STU_015132,88.36891810524244
STU_015133,94.22447699657053
STU_015134,83.50154164318806
STU_015135,85.00741765964636
STU_015136,76.3806606897922
STU_015137,70.5940959807635
STU_015138,70.7535797912378
STU_015139,81.08064250740378
STU_015140,96.68812956763045
STU_015141,69.26948433537487
STU_015142,73.79231962573193
STU_015143,99.30750115476712
STU_015144,82.96557201813229
STU_015145,60.572937072095996
STU_015146,97.1404768833184
STU_015147,77.92842496825709
STU_015148,70.96289491985038
STU_015149,66.9143463730721
STU_015150,47.25706327868673
STU_015151,51.90189238554872
STU_015152,73.64008104122287
STU_015153,59.29860426088435
STU_015154,83.25468921744738
STU_015155,83.93630516203054
STU_015156,74.8861159603749
STU_015157,61.68031217222614
STU_015158,95.50225526655538
STU_015159,51.885900536194185
STU_015160,86.2493906231022
STU_015161,61.270086783872635
STU_015162,81.45122248634574
STU_015163,80.65684786786247
STU_015164,41.946256931426504
STU_015165,87.24249371695228
STU_015166,96.49341013103603
STU_015167,82.03788772923302
STU_015168,60.82418055838077
STU_015169,92.32697125831112
STU_015170,74.56954445061324
STU_015171,89.8340318058323
STU_015172,61.220222448425645
STU_015173,74.74496156361089
STU_015174,96.80087141825047
STU_015175,73.33219204022036
STU_015176,99.73700505105829
STU_015177,76.58130148529115
STU_015178,64.98866454444041
STU_015179,74.63077561333539
STU_015180,62.422532287916596
STU_015181,80.82031608971519
STU_015182,81.51702807844254
STU_015183,84.53415273215643
STU_015184,69.9356479472803
STU_015185,82.19069619315545
STU_015186,75.44662226371511
STU_015187,58.482298845477025
STU_015188,68.17866557002866
STU_015189,89.78812618105027
STU_015190,96.68387634648008
STU_015191,82.48054467533086
STU_015192,99.54212684928072
STU_015193,78.92267018264864
STU_015194,88.38912654521874
STU_015195,84.30162788535694
STU_015196,79.64917538778101
STU_015197,73.58471146276139
STU_015198,81.66253964277861
STU_015199,71.48246259308972
STU_015200,72.48373115966348
STU_015201,79.33161137528113
STU_015202,65.86575742769458
STU_015203,62.030098188847816
STU_015204,81.73722955933175
STU_015205,79.64082790105365
STU_015206,73.34091618963829
STU_015207,90.05356443513051
STU_015208,76.65227653326875
STU_015209,83.98724496619494
STU_015210,87.95631059635508
STU_015211,43.96881136752428
STU_015212,97.28089854997998
STU_015213,70.72900302115978
STU_015214,96.79656761749754
STU_015215,79.79657192438401
STU_015216,96.21987562057248
STU_015217,57.32044211985338
STU_015218,73.70094265469223
STU_015219,74.6836372857856
STU_015220,46.357602225042044
STU_015221,85.54836692580959
STU_015222,62.24677592174787
STU_015223,87.24775905643472
STU_015224,73.48545507535717
STU_015225,72.15290926520836
STU_015226,68.89571785011606
STU_015227,64.01035980569947
STU_015228,81.28166104129224
STU_015229,72.60670629252621
STU_015230,75.01843247733667
STU_015231,99.33475537072347
STU_015232,82.3351090840305
STU_015233,88.89100221066127
STU_015234,72.01201952389178
STU_015235,70.56646819651593
STU_015236,98.47414804065872
STU_015237,79.49729782683004
STU_015238,82.41416444216665
STU_015239,93.71912211337491
STU_015240,65.26381622879833
STU_015241,46.17308304942287
STU_015242,53.23394332701705
STU_015243,76.70075877391842
STU_015244,77.60560838324173
STU_015245,67.63801802792568
STU_015246,98.84252742481364
STU_015247,78.37056800756805
STU_015248,79.70114734615936
STU_015249,68.34830464867913
STU_015250,87.77444431671861
STU_015251,66.85840269989875
STU_015252,90.93227629356142
STU_015253,89.06793110632219
STU_015254,99.30992924211682
STU_015255,60.621637815942584
STU_015256,62.440975904875884
STU_015257,74.41398224468088
STU_015258,95.07927448966011
STU_015259,84.70974255081997
STU_015260,96.98253093829234
STU_015261,83.49448618312375
STU_015262,88.16655135307792
STU_015263,88.52470471998774
STU_015264,78.86786145929429
STU_015265,96.24590912565205
STU_015266,69.87730196496359
STU_015267,78.75797546085744
STU_015268,56.14501908042956
STU_015269,61.18778195306181
STU_015270,74.30245409995325
STU_015271,73.70008076762151
STU_015272,67.29594058121303
STU_015273,87.4386418693644
STU_015274,75.11638877377733
STU_015275,44.72891332564335
STU_015276,49.61513324074187
STU_015277,71.29480081611234
STU_015278,99.2831496380446
STU_015279,49.301469000200356
STU_015280,86.87743326354807
STU_015281,99.64880067383493
STU_015282,85.97143906807055
STU_015283,82.7858622624778
STU_015284,76.27864731263502
STU_015285,43.97274534180213
STU_015286,87.22555422908286
STU_015287,77.37222551678204
STU_015288,77.93862470127061
STU_015289,61.61456814534138
STU_015290,77.44388606791135
STU_015291,77.70052233598265
STU_015292,66.97513409427653
STU_015293,60.92912008189208
STU_015294,82.14752608057141
STU_015295,77.44824299566983
STU_015296,65.83022115904186
STU_015297,86.9846262453798
STU_015298,96.71723157701066
STU_015299,71.21373271996238
STU_015300,86.93135877253452
STU_015301,72.91558390335874
STU_015302,82.78974837425775
STU_015303,66.92825900823962
STU_015304,60.37207686101546
STU_015305,67.96555506939961
STU_015306,81.68081816678195
STU_015307,98.94477596448537
STU_015308,58.60943401255811
STU_015309,69.7139043370842
STU_015310,81.77577448523617
STU_015311,60.21696319617179
STU_015312,82.94246475907413
STU_015313,60.23191981874646
STU_015314,83.27406141077796
STU_015315,71.27530828908513
STU_015316,91.27195269967054
STU_015317,72.81810907881999
STU_015318,82.20376370753705
STU_015319,70.65905023437266
STU_015320,72.10452345505885
STU_015321,61.93694797538536
STU_015322,97.3335229117541
STU_015323,80.40391389342032
STU_015324,69.60757667338888
STU_015325,81.60790734792305
STU_015326,56.26082619278421
STU_015327,76.3210860845869
STU_015328,72.26394560188122
STU_015329,71.42535616652366
STU_015330,74.84130234556105
STU_015331,61.23363757231084
STU_015332,99.83084338128539
STU_015333,69.07005684120251
STU_015334,77.57572945921093
STU_015335,97.41055477293392
STU_015336,91.95499072315319
STU_015337,66.51918251671502
STU_015338,64.70911350723398
STU_015339,64.84823687907972
STU_015340,92.63510322984486
STU_015341,81.03508261476047
STU_015342,99.83856654453211
STU_015343,82.12852735111387
STU_015344,95.49901738513947
STU_015345,99.65708531484759
STU_015346,87.69841674985653
STU_015347,96.86921385419784
STU_015348,73.09173853378054
STU_015349,81.80221801804952
STU_015350,87.65065544740733
STU_015351,99.81918727780362
STU_015352,82.33916077686877
STU_015353,75.41704508153964
STU_015354,56.935729149479776
STU_015355,58.24363880009022
STU_015356,61.91935621227856
STU_015357,69.14280521601346
STU_015358,82.11837668445342
STU_015359,86.3260199033473
STU_015360,94.14608836507836
STU_015361,79.40213954070558
STU_015362,72.98845377623368
STU_015363,77.19657781000923
STU_015364,93.81678188791672
STU_015365,76.40128560607549
STU_015366,92.99996122892036
STU_015367,81.47597106988994
STU_015368,75.99062390630519
STU_015369,98.8342293292052
STU_015370,96.19743738262036
STU_015371,58.86411482543296
STU_015372,61.56071430490627
STU_015373,87.01730875971448
STU_015374,88.24697127625763
STU_015375,67.69517687300424
STU_015376,71.87831442508076
STU_015377,90.8439207980106
STU_015378,73.28067249576026
STU_015379,94.19026329170273
STU_015380,88.42050862845423
STU_015381,94.892740052886
STU_015382,84.97688551191189
STU_015383,57.80495885720949
STU_015384,77.48538958517705
STU_015385,58.740030694913294
STU_015386,76.2734592830577
STU_015387,66.38736524162987
STU_015388,77.39247527997071
STU_015389,98.68928668566053
STU_015390,44.23378177053093
STU_015391,79.10029318635901
STU_015392,90.42117524575738
STU_015393,91.14326840018346
STU_015394,75.51838234380226
STU_015395,79.34719487962644
STU_015396,71.67120134006473
STU_015397,98.31832423145048
STU_015398,71.89702651939544
STU_015399,98.19002695209414
STU_015400,90.51502213302166
STU_015401,90.06996072943392
STU_015402,72.74859433044452
STU_015403,57.602299132961576
STU_015404,79.54497905909011
STU_015405,81.39794516959884
STU_015406,85.81172675458409
STU_015407,86.68917156878804
STU_015408,38.02166661637504
STU_015409,78.4735965342573
STU_015410,67.10294762427685
STU_015411,72.5779429807319
STU_015412,70.95025828126334
STU_015413,78.23819726016961
STU_015414,73.01838699152785
STU_015415,66.01539710173067
STU_015416,87.30605647611094
STU_015417,57.556780002048555
STU_015418,87.2685444339445
STU_015419,53.71814110375299
STU_015420,62.56786933203777
STU_015421,94.63028643507437
STU_015422,75.68942327042421
STU_015423,84.27972984204729
STU_015424,99.34815951918446
STU_015425,90.21328151429582
STU_015426,62.43014516778108
STU_015427,57.60185420817313
STU_015428,74.70308732106596
STU_015429,78.95686719360141
STU_015430,37.122032344608094
STU_015431,65.7443632277214
STU_015432,79.94734362447417
STU_015433,69.33857862359262
STU_015434,64.50752895650092
STU_015435,67.28454215727335
STU_015436,76.38196286417073
STU_015437,70.57504842085345
STU_015438,94.08260524180412
STU_015439,75.88486797600164
STU_015440,75.78227757118539
STU_015441,67.232315498253
STU_015442,88.20745138109318
STU_015443,63.256683914346254
STU_015444,80.02656690993022
STU_015445,65.7485235250164
STU_015446,70.31920601763153
STU_015447,47.302587145954476
STU_015448,46.464922165430686
STU_015449,83.52352450140873
STU_015450,91.9841812556322
STU_015451,78.65364185920846
STU_015452,80.69884187955331
STU_015453,96.84919108077037
STU_015454,79.24479545464695
STU_015455,51.5568028265134
STU_015456,76.89738954097865
STU_015457,66.76033585770884
STU_015458,65.31910997437339
STU_015459,48.26296468310292
STU_015460,99.89030521092246
STU_015461,99.7692246769476
STU_015462,72.3448288877758
STU_015463,81.40586576964333
STU_015464,58.963449347403724
STU_015465,50.337673109474935
STU_015466,87.10824777130406
STU_015467,88.21197324780266
STU_015468,54.701900220460935
STU_015469,64.95799169451669
STU_015470,94.27987425973896
STU_015471,74.23446462471325
STU_015472,91.28001537256426
STU_015473,88.60729645751209
STU_015474,98.99905697837661
STU_015475,76.01411994945263
STU_015476,82.10792184754139
STU_015477,53.31899828227143
STU_015478,50.17882518499053
STU_015479,97.48585054815888
STU_015480,68.75475885282722
STU_015481,81.83714284527068
STU_015482,64.69627762849278
STU_015483,91.34238734964188
STU_015484,66.92972953383165
STU_015485,66.47636908379567
STU_015486,72.75938710169058
STU_015487,63.44200266034741
STU_015488,76.05089135066977
STU_015489,83.00939065775465
STU_015490,92.45313420624117
STU_015491,83.53374792685234
STU_015492,62.99104562764764
STU_015493,65.05912312750544
STU_015494,62.87626849655096
STU_015495,89.41543857197988
STU_015496,65.81910563913445
STU_015497,55.563522324141864
STU_015498,70.12476936506516
STU_015499,39.599091413532065
STU_015500,78.11792763241414
STU_015501,89.52158550090483
STU_015502,48.39352823659897
STU_015503,88.3905369428526
STU_015504,85.00458125587585
STU_015505,76.65324401981289
STU_015506,74.84139339952557
STU_015507,99.24601523055996
STU_015508,99.22701199585987
STU_015509,87.26330223801791
STU_015510,86.2096912909846
STU_015511,88.67673273350405
STU_015512,81.00449529940103
STU_015513,81.61958766322604
STU_015514,81.39776040506212
STU_015515,76.47790153766364
STU_015516,75.84163981055497
STU_015517,95.93579904655317
STU_015518,72.36192469557594
STU_015519,52.94041605960098
STU_015520,76.07464035929218
STU_015521,92.17309972488776
STU_015522,64.46015170503067
STU_015523,67.84591334954884
STU_015524,36.99267142073738
STU_015525,79.76671954019963
STU_015526,75.02325583629322
STU_015527,72.17766111750134
STU_015528,71.8606011236422
STU_015529,86.56347740174698
STU_015530,88.34341458178787
STU_015531,85.65621249358789
STU_015532,77.7348539563871
STU_015533,53.44402585197421
STU_015534,94.35958808677611
STU_015535,76.37233306752887
STU_015536,78.62167426271101
STU_015537,69.19821627313178
STU_015538,89.32132143555567
STU_015539,66.07576230038352
STU_015540,67.97020525924958
STU_015541,74.19964630233149
STU_015542,92.50225502967879
STU_015543,81.54571690340542
STU_015544,97.57800433424725
STU_015545,72.0181488130068
STU_015546,76.17479997850256
STU_015547,53.59678728029583
STU_015548,60.64315409414682
STU_015549,96.23542805492502
STU_015550,94.18175498198701
STU_015551,78.11029667010364
STU_015552,73.35339782188302
STU_015553,49.94469638325529
STU_015554,86.68837758751411
STU_015555,84.10816208196431
STU_015556,94.06788318278916
STU_015557,77.36413787971198
STU_015558,87.13750135241862
STU_015559,90.0840243679175
STU_015560,80.57933633824409
STU_015561,84.27160367164073
STU_015562,82.49369256270876
STU_015563,67.8253703751918
STU_015564,70.45593080001711
STU_015565,66.63767545844927
STU_015566,70.36084149263272
STU_015567,73.24265193911464
STU_015568,73.451887089848
STU_015569,74.1774290708406
STU_015570,96.40765490629572
STU_015571,60.70100524993313
STU_015572,78.45529935033763
STU_015573,84.9229408046769
STU_015574,63.39748516628496
STU_015575,78.2481391659439
STU_015576,69.08430497511276
STU_015577,71.61430884966646
STU_015578,79.75404913769955
STU_015579,72.31693485276986
STU_015580,73.9145364233027
STU_015581,82.98709929341285
STU_015582,75.71591900758901
STU_015583,93.0142619431287
STU_015584,89.139663502507
STU_015585,88.49700385135945
STU_015586,90.42779541754675
STU_015587,53.03330378235133
STU_015588,73.70617516524065
STU_015589,79.83536784749842
STU_015590,60.055330969262045
STU_015591,55.20085861280498
STU_015592,87.9968005632769
STU_015593,63.9368888168793
STU_015594,93.13834564767686
STU_015595,96.32771642680365
STU_015596,82.02720027314297
STU_015597,93.58958029653948
STU_015598,76.24271988176469
STU_015599,51.29189978911913
STU_015600,66.92927050275522
STU_015601,49.9899881149439
STU_015602,61.79941920636036
STU_015603,80.21559870928549
STU_015604,83.1834804679884
STU_015605,57.42636426031288
STU_015606,79.85474709882185
STU_015607,65.4857786469512
STU_015608,74.14116944858864
STU_015609,70.99855373382783
STU_015610,68.10189205971078
STU_015611,85.47938361927852
STU_015612,81.78832946750238
STU_015613,94.39698890057981
STU_015614,64.35522197664267
STU_015615,69.59006459823651
STU_015616,79.98790358178266
STU_015617,65.08607449214702
STU_015618,86.89255510150451
STU_015619,58.81273851330407
STU_015620,71.06435231540888
STU_015621,73.53493434894976
STU_015622,79.54630180661847
STU_015623,90.16186279900982
STU_015624,80.5136777256188
STU_015625,81.73233055721816
STU_015626,58.8256877166163
STU_015627,99.90523462722253
STU_015628,77.08478688781503
STU_015629,65.74853465936943
STU_015630,74.40611042512926
STU_015631,66.62686931726621
STU_015632,89.64188163266451
STU_015633,87.28426539293714
STU_015634,70.45575309289086
STU_015635,98.80115986002494
STU_015636,69.93254562921564
STU_015637,51.501780627587976
STU_015638,73.6666673280008
STU_015639,98.4363769802378
STU_015640,67.38043023739698
STU_015641,59.50505809722773
STU_015642,99.59857237940173
STU_015643,83.24680502995469
STU_015644,96.71424103318982
STU_015645,54.535597824135706
STU_015646,99.62199208162659
STU_015647,70.7148601020167
STU_015648,60.30623219683413
STU_015649,76.44882137357668
STU_015650,66.33949405246726
STU_015651,51.883088968361314
STU_015652,97.66200638322832
STU_015653,73.63848665142388
STU_015654,63.68214220146133
STU_015655,99.88256113991508
STU_015656,68.71267363794178
STU_015657,75.9250053676981
STU_015658,71.30320033883598
STU_015659,72.38244928705386
STU_015660,90.38265488352818
STU_015661,42.96878952562987
STU_015662,69.02150203792084
STU_015663,84.87492372259858
STU_015664,55.66645646660061
STU_015665,83.57488222526919
STU_015666,81.08762157616823
STU_015667,96.39897812078193
STU_015668,85.27937334213472
STU_015669,80.77533085948825
STU_015670,64.15432542752828
STU_015671,87.65901817870675
STU_015672,90.13655312323026
STU_015673,79.70222913822423
STU_015674,79.02556563397475
STU_015675,89.25892092858675
STU_015676,49.75762922003983
STU_015677,82.01737312216358
STU_015678,99.24021961412946
STU_015679,75.91676213188049
STU_015680,76.28631782356742
STU_015681,80.11854878753775
STU_015682,87.60726132493869
STU_015683,64.99765273331673
STU_015684,61.67631220280545
STU_015685,80.57818193573173
STU_015686,69.73880753255045
STU_015687,86.20075798392487
STU_015688,77.98628916022078
STU_015689,63.54189665934949
STU_015690,63.32061503663064
STU_015691,98.33345152987044
STU_015692,90.65411109299512
STU_015693,76.8664457522948
STU_015694,97.44026310714901
STU_015695,94.90014441362112
STU_015696,48.98069201466339
STU_015697,62.6373993641823
STU_015698,90.47768070118981
STU_015699,97.42543333707415
STU_015700,82.74320448117908
STU_015701,68.83519679385417
STU_015702,88.61156198490485
STU_015703,93.15349608108377
STU_015704,76.91883703124515
STU_015705,83.82582988062511
STU_015706,60.82106743154564
STU_015707,78.61532006151631
STU_015708,54.39415175781166
STU_015709,62.12403754863149
STU_015710,69.60550059406049
STU_015711,74.30267141956942
STU_015712,88.86316799852962
STU_015713,82.53943684580682
STU_015714,72.17102992298912
STU_015715,87.42335000868019
STU_015716,59.92199128570713
STU_015717,65.29659730497362
STU_015718,68.5963919193783
STU_015719,58.86564941596025
STU_015720,60.02575392560585
STU_015721,58.07736027280072
STU_015722,69.8781908917384
STU_015723,72.5114194426095
STU_015724,99.33175688280184
STU_015725,92.32465385874394
STU_015726,77.65132947512241
STU_015727,65.19819851097252
STU_015728,79.16767047411727
STU_015729,94.5350365860378
STU_015730,67.32131481554306
STU_015731,77.01210681134462
STU_015732,56.43103717299713
STU_015733,65.54777229890105
STU_015734,66.32172992422232
STU_015735,54.44762663729125
STU_015736,91.08078437010424
STU_015737,73.45150241837132
STU_015738,63.63119386143043
STU_015739,76.33561398398338
STU_015740,96.30472972080477
STU_015741,62.85240573404922
STU_015742,69.58036143289056
STU_015743,90.46100283429317
STU_015744,63.73585138302029
STU_015745,87.47231960514043
STU_015746,68.92865828398601
STU_015747,95.23634699917227
STU_015748,52.02629516611555
STU_015749,86.77609790586524
STU_015750,59.11591010536232
STU_015751,86.35827028392964
STU_015752,70.97533409981105
STU_015753,79.74685642359219
STU_015754,78.15280476854463
STU_015755,91.02421172909112
STU_015756,80.87801025532895
STU_015757,88.20343409474043
STU_015758,99.71127805910993
STU_015759,84.8053340111081
STU_015760,60.446872251533016
STU_015761,92.05456922742707
STU_015762,67.69136797092959
STU_015763,64.3812492899696
STU_015764,76.90636903154714
STU_015765,82.66853771351923
STU_015766,78.84226353707234
STU_015767,84.12513748143603
STU_015768,78.38485210089034
STU_015769,85.1855229164608
STU_015770,64.36649517972339
STU_015771,96.6781034772402
STU_015772,59.75824724833225
STU_015773,53.292721573515124
STU_015774,98.42335798285785
STU_015775,86.34079478481227
STU_015776,65.11632237229227
STU_015777,66.39282039584617
STU_015778,62.036304992937005
STU_015779,56.038075061447046
STU_015780,80.65828262024179
STU_015781,73.7780029503073
STU_015782,86.96431036642723
STU_015783,65.16885594482737
STU_015784,76.26663614957376
STU_015785,70.47030225678492
STU_015786,74.16834842599778
STU_015787,81.00492787300328
STU_015788,78.82308777558485
STU_015789,50.88531812482349
STU_015790,63.10978836396197
STU_015791,70.63221686913539
STU_015792,79.2740406750167
STU_015793,90.92273425340075
STU_015794,89.9383790123451
STU_015795,63.31873358658662
STU_015796,89.4822500648227
STU_015797,80.76529867754596
STU_015798,88.77289505888945
STU_015799,90.14901053299747
STU_015800,67.05755310205157
STU_015801,76.78497975081626
STU_015802,58.32585745587677
STU_015803,73.24481669753696
STU_015804,78.06659372155674
STU_015805,49.85639655944442
STU_015806,98.30153547604317
STU_015807,77.90075554406633
STU_015808,69.46163851290278
STU_015809,47.42976762247842
STU_015810,84.13562729833478
STU_015811,98.60817319221016
STU_015812,86.72571115298487
STU_015813,93.81272291109434
STU_015814,68.45859747423913
STU_015815,61.242956304448505
STU_015816,91.10588595028784
STU_015817,70.6326960808744
STU_015818,68.95534589690934
STU_015819,53.3178152494736
STU_015820,65.89643402049369
STU_015821,77.04993364452837
STU_015822,64.75671336867879
STU_015823,75.05386910866609
STU_015824,82.89255005089592
STU_015825,49.70094680303022
STU_015826,55.545482709260426
STU_015827,64.45527109982048
STU_015828,72.82987700427267
STU_015829,85.76213050058101
STU_015830,92.54259362091975
STU_015831,73.47732186121605
STU_015832,96.4366295217963
STU_015833,91.88133134415219
STU_015834,41.08178902533804
STU_015835,78.90748366324021
STU_015836,80.27772586950319
STU_015837,74.24396446248045
STU_015838,70.99641310558806
STU_015839,89.09111473755482
STU_015840,68.2515049489804
STU_015841,56.00173127346511
STU_015842,92.60989918358769
STU_015843,86.30578597229555
STU_015844,91.27715329033393
STU_015845,66.363587584148
STU_015846,63.6795646766394
STU_015847,73.76100578443646
STU_015848,86.39490472446285
STU_015849,98.28199385327014
STU_015850,55.17980033583967
STU_015851,71.4421559959969
STU_015852,62.88011117187456
STU_015853,76.11359280072462
STU_015854,92.00079535416715
STU_015855,94.49056908916504
STU_015856,74.92415095418959
STU_015857,82.70185403095553
STU_015858,63.73675508390645
STU_015859,71.3070030601132
STU_015860,70.16787585753104
STU_015861,70.33583682317077
STU_015862,67.37515934005782
STU_015863,95.44240075074725
STU_015864,52.54812983544327
STU_015865,59.32495578946868
STU_015866,74.48346330918592
STU_015867,40.50241946510602
STU_015868,67.36082494700432
STU_015869,92.80830379633338
STU_015870,75.09415918877377
STU_015871,74.77892260865465
STU_015872,46.06579926740938
STU_015873,96.73074918103578
STU_015874,71.92011295538666
STU_015875,85.54009492968648
STU_015876,63.50519521729143
STU_015877,96.53503626417753
STU_015878,84.2203068092154
STU_015879,97.16221414218352
STU_015880,79.39248322599568
STU_015881,97.24443554661218
STU_015882,69.04679672369139
STU_015883,77.83345410120938
STU_015884,86.86873557731536
STU_015885,59.40614459510289
STU_015886,91.85953156091458
STU_015887,98.97900781537722
STU_015888,62.33290924318263
STU_015889,88.29035288249227
STU_015890,94.10490922641236
STU_015891,89.63175106525861
STU_015892,55.29348230690073
STU_015893,56.877401555942285
STU_015894,51.800330523256164
STU_015895,61.299731659732984
STU_015896,67.0659917749223
STU_015897,91.43383631328156
STU_015898,77.56022122915897
STU_015899,89.59006271424909
STU_015900,68.83138338563752
STU_015901,71.0170708561649
STU_015902,75.63119060312079
STU_015903,84.48611124768063
STU_015904,79.29397146520914
STU_015905,90.72097893080547
STU_015906,71.97034838783492
STU_015907,99.79440474239578
STU_015908,65.12182759372119
STU_015909,73.93881356919051
STU_015910,76.87206281761898
STU_015911,61.370216661728065
STU_015912,79.88514378750341
STU_015913,67.08448228183296
STU_015914,67.56030772197548
STU_015915,86.80436761580579
STU_015916,62.65169974929772
STU_015917,49.69635945697377
STU_015918,78.54149138774373
STU_015919,87.59757311361727
STU_015920,80.07306552636288
STU_015921,93.88466727217732
STU_015922,53.24731492303319
STU_015923,92.55349314286849
STU_015924,75.18322807458071
STU_015925,69.73908763729693
STU_015926,80.70821793131515
STU_015927,74.90568720862879
STU_015928,76.75805177232182
STU_015929,88.94533601077762
STU_015930,57.10702735985963
STU_015931,58.72268748207003
STU_015932,76.13008278411716
STU_015933,77.5706432081778
STU_015934,72.08262640864584
STU_015935,99.76940199797397
STU_015936,99.49999764677928
STU_015937,80.44806573406066
STU_015938,79.87661633081902
STU_015939,66.23184257497513
STU_015940,94.11188186909293
STU_015941,64.80103632178748
STU_015942,89.47262366366922
STU_015943,81.60272724985873
STU_015944,97.62427519103598
STU_015945,74.92695747475669
STU_015946,75.2897856685876
STU_015947,72.64605328444853
STU_015948,70.3818536560982
STU_015949,58.26902731537289
STU_015950,97.18944863042833
STU_015951,71.26328647218403
STU_015952,70.34276642755711
STU_015953,61.30133849128457
STU_015954,79.4199061860631
STU_015955,77.86888797467395
STU_015956,80.11523112875099
STU_015957,54.81657701373603
STU_015958,70.60549676283517
STU_015959,92.57888265475556
STU_015960,71.3229747222534
STU_015961,89.93188621724387
STU_015962,85.52761290658192
STU_015963,77.44288854192855
STU_015964,63.90700645389735
STU_015965,87.3111905280494
STU_015966,55.38658619552749
STU_015967,79.5186908918974
STU_015968,79.05490586109462
STU_015969,67.51036990983322
STU_015970,78.44666504665591
STU_015971,63.816355850247774
STU_015972,84.99045077139048
STU_015973,64.70460906373062
STU_015974,88.70815075957955
STU_015975,53.0159232539813
STU_015976,51.220900968545294
STU_015977,62.608855108192586
STU_015978,68.6982400197573
STU_015979,86.06803577060418
STU_015980,85.8774010504113
STU_015981,97.23491095469652
STU_015982,94.74383381796815
STU_015983,83.72620358807191
STU_015984,89.23912820968656
STU_015985,71.81683543853492
STU_015986,45.99288192041625
STU_015987,73.33431574971526
STU_015988,59.91369839984327
STU_015989,81.6514178891479
STU_015990,58.55319303543
STU_015991,72.67704136493815
STU_015992,43.750972797125314
STU_015993,75.6006585734234
STU_015994,74.4235822831606
STU_015995,98.53007007220234
STU_015996,80.61511341837554
STU_015997,67.59651033902608
STU_015998,81.65800283354275
STU_015999,85.87466092622908
STU_016000,80.98953727544253
STU_016001,90.50536145875827
STU_016002,87.6284074591911
STU_016003,94.38273181339308
STU_016004,88.13537320103082
STU_016005,44.45955748384645
STU_016006,63.46415179461483
STU_016007,83.61622054578595
STU_016008,89.96863472219981
STU_016009,52.66177284227872
STU_016010,71.93424064773009
STU_016011,84.37615997049292
STU_016012,71.40733074453343
STU_016013,68.82744817644091
STU_016014,98.32893827396948
STU_016015,50.04648780800847
STU_016016,95.99545907472331
STU_016017,77.50361126695296
STU_016018,82.06449212252701
STU_016019,71.87510584113329
STU_016020,92.1947673547435
STU_016021,99.90560139252038
STU_016022,66.2465025602041
STU_016023,99.6759943160132
STU_016024,73.69939313579337
STU_016025,91.52743957745837
STU_016026,53.2372040727668
STU_016027,61.56100963240188
STU_016028,68.99066562668776
STU_016029,75.62654907051189
STU_016030,97.4088403589846
STU_016031,93.61444313148142
STU_016032,85.03390071061533
STU_016033,85.32970594691751
STU_016034,78.6512233780055
STU_016035,66.20152399987253
STU_016036,99.6612992982679
STU_016037,77.99086944566018
STU_016038,71.244954409266
STU_016039,69.85083322345284
STU_016040,92.51948663332345
STU_016041,95.39401665739697
STU_016042,76.53293648720576
STU_016043,81.4210594683612
STU_016044,95.13983522107675
STU_016045,83.18926032494014
STU_016046,62.235667148078264
STU_016047,89.91571425751584
STU_016048,69.2137381895596
STU_016049,73.97545966687024
STU_016050,70.24377185803692
STU_016051,80.8714754330197
STU_016052,96.362509056183
STU_016053,79.0560550834825
STU_016054,67.00356320333867
STU_016055,80.97993369994772
STU_016056,72.8529533487255
STU_016057,77.50297197672488
STU_016058,76.35697072633498
STU_016059,70.39080024162283
STU_016060,75.04916672870554
STU_016061,48.1380591801077
STU_016062,69.24812147664008
STU_016063,78.42481072502027
STU_016064,61.624778606324654
STU_016065,76.20492584256247
STU_016066,83.25355300363407
STU_016067,59.604303696544704
STU_016068,99.51242802756407
STU_016069,79.14791538671447
STU_016070,70.78579555989259
STU_016071,63.757672250148886
STU_016072,85.9526490859322
STU_016073,77.56226290475573
STU_016074,87.07059846553358
STU_016075,98.61870612676927
STU_016076,61.41502178367553
STU_016077,63.854154955726116
STU_016078,84.50842507563354
STU_016079,87.79139346145409
STU_016080,80.8277967324322
STU_016081,63.509818293377634
STU_016082,85.0689108930759
STU_016083,98.83256036743768
STU_016084,71.7963535162081
STU_016085,51.41622168823419
STU_016086,95.82788619090441
STU_016087,72.17607834954211
STU_016088,73.72652616482242
STU_016089,87.84619499788383
STU_016090,88.8172295364086
STU_016091,62.135173695063045
STU_016092,70.75112060707283
STU_016093,77.9494781120616
STU_016094,76.54121667214851
STU_016095,74.5223946351724
STU_016096,88.44593100047715
STU_016097,69.22577473090669
STU_016098,59.49086230410785
STU_016099,85.06281027131018
STU_016100,74.88439524683338
STU_016101,57.84465293850788
STU_016102,77.91328993842804
STU_016103,55.22069568517921
STU_016104,80.96729563431438
STU_016105,62.39773622247699
STU_016106,62.11001076838407
STU_016107,76.84440580516412
STU_016108,68.89758526438703
STU_016109,67.20664335314561
STU_016110,63.96307072744035
STU_016111,87.81372233451066
STU_016112,81.67123434634681
STU_016113,58.09019415098663
STU_016114,71.58167236460112
STU_016115,88.04079049871383
STU_016116,95.59427684955475
STU_016117,80.84163843147361
STU_016118,66.36275906152594
STU_016119,82.06133736370127
STU_016120,86.99239617208227
STU_016121,68.27545392454545
STU_016122,72.77637392921926
STU_016123,87.45059101199692
STU_016124,95.95260058843667
STU_016125,91.23399157913556
STU_016126,79.79723984969274
STU_016127,85.43354933264585
STU_016128,95.65016963721659
STU_016129,66.00523811320421
STU_016130,97.48003971046302
STU_016131,84.16410395635671
STU_016132,69.3953648926001
STU_016133,72.8286776293836
STU_016134,75.36853409726729
STU_016135,59.57087295366763
STU_016136,90.98621012996092
STU_016137,80.71025296498269
STU_016138,76.60329447940487
STU_016139,97.98697503016757
STU_016140,85.65865432055061
STU_016141,89.47529364956782
STU_016142,83.08556879041237
STU_016143,53.20652672503478
STU_016144,77.3325662053623
STU_016145,76.04407788050709
STU_016146,87.475578042007
STU_016147,88.06155093217839
STU_016148,63.905317159101244
STU_016149,53.73176277134622
STU_016150,95.42287772930806
STU_016151,60.048267964750295
STU_016152,76.66563748512516
STU_016153,69.13054227579335
STU_016154,81.66755632759366
STU_016155,83.59835606151215
STU_016156,64.10410324442773
STU_016157,76.88113798507325
STU_016158,98.18643373365953
STU_016159,62.29676596112722
STU_016160,77.4400483917575
STU_016161,75.34818236155729
STU_016162,96.08913515655445
STU_016163,75.58949110223007
STU_016164,62.891258024589895
STU_016165,95.74519601471599
STU_016166,64.77027837664806
STU_016167,86.62854297376462
STU_016168,87.05897270579527
STU_016169,90.75500211514975
STU_016170,84.54031760421196
STU_016171,75.52886788810179
STU_016172,61.465360006986614
STU_016173,72.52603561186751
STU_016174,59.78015248586936
STU_016175,92.12310049014235
STU_016176,75.40436757439102
STU_016177,86.43362866130107
STU_016178,81.22318670049813
STU_016179,80.35027464456569
STU_016180,55.15145336677239
STU_016181,94.55627729372537
STU_016182,53.07947352279285
STU_016183,77.14588641025881
STU_016184,71.93183199380753
STU_016185,99.78510260948951
STU_016186,47.76484499633462
STU_016187,96.00979877438547
STU_016188,76.78017862265571
STU_016189,84.9330608315344
STU_016190,82.5143885695138
STU_016191,56.61084785336699
STU_016192,58.05666504523262
STU_016193,78.70843857589483
STU_016194,91.76339661646058
STU_016195,84.42000882582005
STU_016196,55.999703272405306
STU_016197,97.29331752842184
STU_016198,71.4330600509228
STU_016199,77.95294987097046
STU_016200,64.42725266335134
STU_016201,69.11918139151625
STU_016202,62.576629119752
STU_016203,68.14142110350812
STU_016204,62.672996499287265
STU_016205,54.886777977334106
STU_016206,71.30041913455051
STU_016207,51.32718119749443
STU_016208,70.03878345639993
STU_016209,69.16878554104429
STU_016210,58.134771130465225
STU_016211,71.58506285303112
STU_016212,68.11631376362074
STU_016213,92.54826427884822
STU_016214,55.295333777671416
STU_016215,69.7010410804291
STU_016216,59.584432152068146
STU_016217,72.2880779224461
STU_016218,99.35235292832849
STU_016219,81.15019120667105
STU_016220,88.73667843466704
STU_016221,66.11845343876666
STU_016222,67.12175462535569
STU_016223,66.28431206646198
STU_016224,98.46012116253326
STU_016225,83.04589365677806
STU_016226,89.12600589880688
STU_016227,78.97223759273523
STU_016228,74.1739112046688
STU_016229,64.78502548749512
STU_016230,66.38522880751643
STU_016231,95.79523378385147
STU_016232,98.49364181377375
STU_016233,50.2368479033064
STU_016234,87.92624257052044
STU_016235,58.22197058351107
STU_016236,75.87764823453622
STU_016237,70.15354512848987
STU_016238,87.39369004234463
STU_016239,67.70227216772304
STU_016240,92.50281940870376
STU_016241,86.56503903493868
STU_016242,71.40930102098983
STU_016243,77.3108672493648
STU_016244,77.67753430821605
STU_016245,71.08267787527974
STU_016246,66.9854734622109
STU_016247,69.24423435125975
STU_016248,71.72799591100235
STU_016249,63.849178032576006
STU_016250,89.54900743791129
STU_016251,55.99690362313105
STU_016252,88.43475879395447
STU_016253,87.44717949686981
STU_016254,84.18150027518644
STU_016255,70.16652248030402
STU_016256,45.23755664363252
STU_016257,82.26757014903343
STU_016258,82.1227719338481
STU_016259,71.68382365115382
STU_016260,71.87902722449063
STU_016261,95.72892511759468
STU_016262,80.91900108792858
STU_016263,54.559806605416604
STU_016264,55.30799744295516
STU_016265,98.33245119191035
STU_016266,90.50589161827266
STU_016267,69.94175025245843
STU_016268,80.51613051845338
STU_016269,94.85865077239626
STU_016270,68.85198942145988
STU_016271,70.99849204728821
STU_016272,83.41012734570162
STU_016273,77.14836668217661
STU_016274,59.320227377208866
STU_016275,72.70499535467937
STU_016276,62.21449495308956
STU_016277,86.03228504224462
STU_016278,85.73325075652507
STU_016279,80.58541023747293
STU_016280,77.67946845681558
STU_016281,80.54495117574982
STU_016282,68.40207027788131
STU_016283,67.3089523847645
STU_016284,87.83115897210881
STU_016285,61.92643792681358
STU_016286,61.12010655959702
STU_016287,89.61003358674436
STU_016288,90.96770622327494
STU_016289,74.03482311756858
STU_016290,63.76654133240426
STU_016291,74.97204407602622
STU_016292,72.98450542365649
STU_016293,80.63522184371237
STU_016294,69.66821754792915
STU_016295,84.73218312023194
STU_016296,70.32703693377907
STU_016297,86.80125340540712
STU_016298,50.283251377577656
STU_016299,67.99062762597981
STU_016300,68.14435454156708
STU_016301,56.138000129399074
STU_016302,67.98754227946785
STU_016303,77.26691351581098
STU_016304,87.35519303087611
STU_016305,91.66545963455407
STU_016306,79.62304079670936
STU_016307,67.13433595574867
STU_016308,62.7877384067595
STU_016309,88.47819522065555
STU_016310,77.94361511934616
STU_016311,60.37178386196695
STU_016312,65.77507939019031
STU_016313,98.91646347919696
STU_016314,89.57732417345667
STU_016315,59.82393092672835
STU_016316,95.97837615800898
STU_016317,84.71507520452077
STU_016318,73.7495605978657
STU_016319,65.21368656982197
STU_016320,70.3525556421609
STU_016321,63.80536268573135
STU_016322,96.08391267007953
STU_016323,71.97092726273749
STU_016324,52.386088459592315
STU_016325,75.97640485798917
STU_016326,78.13677414575619
STU_016327,82.4347279806012
STU_016328,72.25627875804882
STU_016329,67.57436524741834
STU_016330,70.81377191881636
STU_016331,79.97891366487698
STU_016332,86.06778112725809
STU_016333,89.01883823644094
STU_016334,62.69205018973369
STU_016335,74.15702573862056
STU_016336,68.20010792375024
STU_016337,62.298443817441594
STU_016338,75.91464218556163
STU_016339,76.73299558339598
STU_016340,87.55692964918867
STU_016341,87.64904583021742
STU_016342,73.53232395081541
STU_016343,71.32636559673159
STU_016344,93.27118854827094
STU_016345,84.97070360754131
STU_016346,87.28130063822293
STU_016347,52.70164392541988
STU_016348,65.35648567847929
STU_016349,87.06051433341794
STU_016350,60.24930868716339
STU_016351,72.41659104811774
STU_016352,78.41289544895905
STU_016353,72.25600335916333
STU_016354,49.43603751864989
STU_016355,74.85270153237668
STU_016356,69.50056087652993
STU_016357,62.580121892836964
STU_016358,76.1273110732894
STU_016359,87.98042714389857
STU_016360,78.02222807637389
STU_016361,71.5373209408824
STU_016362,75.91296066881719
STU_016363,72.3508992546253
STU_016364,71.1320833482276
STU_016365,76.77749243010999
STU_016366,70.13486960071518
STU_016367,78.4363605087819
STU_016368,57.5153292084151
STU_016369,75.96154190832083
STU_016370,43.99398491633057
STU_016371,63.328117039866335
STU_016372,91.62920766813792
STU_016373,83.58919495318189
STU_016374,72.45203896802127
STU_016375,75.79830425431463
STU_016376,92.46119087883629
STU_016377,57.96534395716469
STU_016378,85.62682551922217
STU_016379,62.624564207273124
STU_016380,85.70489541527161
STU_016381,61.28265071805654
STU_016382,76.1609205547203
STU_016383,52.6006168795309
STU_016384,93.65035933871957
STU_016385,92.08098596366501
STU_016386,70.24761438327121
STU_016387,72.88829400434972
STU_016388,59.42101575035599
STU_016389,76.02605650732764
STU_016390,78.50156557834684
STU_016391,99.49486778658351
STU_016392,83.3015981478321
STU_016393,78.25614409537954
STU_016394,96.07078169181176
STU_016395,59.986976208427414
STU_016396,92.04553391194335
STU_016397,68.40164099483665
STU_016398,60.35052293792579
STU_016399,67.14706437370793
STU_016400,82.65332370935943
STU_016401,74.85390780745459
STU_016402,95.49339508150732
STU_016403,64.05501236548042
STU_016404,66.76589202785365
STU_016405,67.95152902312651
STU_016406,66.26563951210241
STU_016407,93.87073645736255
STU_016408,89.6947267218707
STU_016409,51.18429459549581
STU_016410,63.36243905989791
STU_016411,54.00268093273978
STU_016412,51.204369127595506
STU_016413,65.98570830044343
STU_016414,86.90526196615909
STU_016415,85.29028981680645
STU_016416,79.71579530536103
STU_016417,80.33343348942748
STU_016418,98.8479141874034
STU_016419,73.3505164305758
STU_016420,63.916665092286
STU_016421,64.87558536991816
STU_016422,68.16020477375524
STU_016423,98.83637472667617
STU_016424,68.36900292416482
STU_016425,81.88288729241312
STU_016426,75.99035333576131
STU_016427,74.48713174616215
STU_016428,99.69459352113594
STU_016429,74.71228018716725
STU_016430,86.20078527816416
STU_016431,96.9194824090848
STU_016432,49.268012965969305
STU_016433,59.951652961070565
STU_016434,59.24801411625403
STU_016435,79.30297791637784
STU_016436,92.76202204544948
STU_016437,79.43054706205209
STU_016438,78.46576939077143
STU_016439,74.90649398212112
STU_016440,64.43274139501581
STU_016441,92.93203068389964
STU_016442,96.06296860758872
STU_016443,69.42224049250244
STU_016444,76.0959099091306
STU_016445,73.74083238355706
STU_016446,65.946724308973
STU_016447,64.12186989873007
STU_016448,69.85427945518084
STU_016449,76.27949990527425
STU_016450,70.5793838407678
STU_016451,89.74920980343975
STU_016452,88.08664852761898
STU_016453,61.18891513888694
STU_016454,66.489646497839
STU_016455,48.10210670246929
STU_016456,72.72524657137797
STU_016457,89.15496838633325
STU_016458,74.96737807901066
STU_016459,78.08577371754129
STU_016460,78.41895407220292
STU_016461,56.170727483274845
STU_016462,84.77535419492352
STU_016463,82.55453868474372
STU_016464,78.86894339670123
STU_016465,83.82834391910046
STU_016466,70.53045134939332
STU_016467,81.06731292991336
STU_016468,66.5238715290672
STU_016469,54.87736090207068
STU_016470,90.57625989520895
STU_016471,58.326047672741055
STU_016472,86.91921023704802
STU_016473,74.84552232655668
STU_016474,69.17001271650977
STU_016475,99.20031617914323
STU_016476,95.84579770207549
STU_016477,92.35547848793595
STU_016478,87.16649461750222
STU_016479,66.98375487641668
STU_016480,82.35322645940951
STU_016481,73.88811710252759
STU_016482,62.75138102286624
STU_016483,86.55279348924257
STU_016484,70.65022028077553
STU_016485,68.0221784482541
STU_016486,87.05481369946968
STU_016487,70.60810336317041
STU_016488,79.64522545727978
STU_016489,97.38599178086993
STU_016490,67.42331532240246
STU_016491,89.49836044324543
STU_016492,90.16340783883787
STU_016493,87.81580947412625
STU_016494,73.20428193754788
STU_016495,46.27032535349314
STU_016496,82.70391748512002
STU_016497,46.057387265314034
STU_016498,61.776863755561706
STU_016499,76.10935656424834
STU_016500,71.02209327754755
STU_016501,73.52416887800274
STU_016502,73.50376400631129
STU_016503,55.98317855471445
STU_016504,78.307004821662
STU_016505,96.69836939958314
STU_016506,74.08149473005163
STU_016507,66.36527597558592
STU_016508,86.68966427923888
STU_016509,41.416608463658456
STU_016510,72.29165853408404
STU_016511,68.42793922511245
STU_016512,67.62471887931818
STU_016513,53.07792814625107
STU_016514,89.39890565182452
STU_016515,61.75144867221071
STU_016516,57.34361395634806
STU_016517,80.38021420501036
STU_016518,78.33253198654126
STU_016519,82.90560401127803
STU_016520,59.36091869575623
STU_016521,99.82430963916228
STU_016522,51.48425579507546
STU_016523,71.1305528718797
STU_016524,67.56067652914834
STU_016525,45.1086728651113
STU_016526,99.84844032472849
STU_016527,55.20570788163187
STU_016528,66.92484271622652
STU_016529,71.28704924659824
STU_016530,82.97444672106879
STU_016531,96.82431657114259
STU_016532,98.69025708847579
STU_016533,77.2983683660502
STU_016534,87.91357293592253
STU_016535,63.899006042373415
STU_016536,84.0757770471415
STU_016537,81.52005630794717
STU_016538,67.13592203242561
STU_016539,68.50199627121131
STU_016540,78.25803943014729
STU_016541,99.7360049585822
STU_016542,57.11427112224416
STU_016543,62.28677113966029
STU_016544,92.6395408183808
STU_016545,92.34425585613872
STU_016546,64.79346779597765
STU_016547,99.95953050759708
STU_016548,93.58549471505488
STU_016549,83.7202525118708
STU_016550,66.94656404643274
STU_016551,79.86107000262953
STU_016552,88.64630702290307
STU_016553,67.06492048928081
STU_016554,89.72257070657503
STU_016555,69.35697947868465
STU_016556,79.24916177397799
STU_016557,71.17746226594642
STU_016558,76.07906053967277
STU_016559,84.33567936536207
STU_016560,62.19005216990081
STU_016561,84.3984731479859
STU_016562,77.49113617382672
STU_016563,75.9941845843542
STU_016564,69.97002121159163
STU_016565,78.59958996452929
STU_016566,87.3536117403829
STU_016567,73.79506066295421
STU_016568,70.68291536997168
STU_016569,58.2144527818032
STU_016570,66.38379012108015
STU_016571,90.14224228739175
STU_016572,58.30761027781642
STU_016573,54.94021409027374
STU_016574,97.90266245928412
STU_016575,64.66426610540208
STU_016576,83.73240380822502
STU_016577,90.36235814531952
STU_016578,84.86403326649612
STU_016579,87.75429851936448
STU_016580,85.76279920045691
STU_016581,97.7050045683373
STU_016582,63.883905517639775
STU_016583,84.5542228805471
STU_016584,98.04261530422858
STU_016585,86.89010569340361
STU_016586,78.21815142825812
STU_016587,74.31757271920057
STU_016588,69.63596717683858
STU_016589,69.262779746445
STU_016590,73.9935369746041
STU_016591,59.53354485057018
STU_016592,81.40646330377656
STU_016593,85.75045578608322
STU_016594,44.70191154556596
STU_016595,78.30515437874412
STU_016596,88.21315497391078
STU_016597,54.22169890149005
STU_016598,82.22722580179926
STU_016599,45.35675889697222
STU_016600,47.707152883777496
STU_016601,80.15737975022887
STU_016602,56.27977022218292
STU_016603,52.96529033107966
STU_016604,88.6676032951689
STU_016605,92.08948491725889
STU_016606,68.7385712412788
STU_016607,43.01327205454894
STU_016608,85.39906715397724
STU_016609,78.53639592345095
STU_016610,87.30763166590275
STU_016611,58.215723435517745
STU_016612,95.42155726726598
STU_016613,81.29502380910591
STU_016614,67.00360026708856
STU_016615,92.93222928905138
STU_016616,87.8191668130662
STU_016617,92.32182268759314
STU_016618,72.85195294193656
STU_016619,89.38232498232398
STU_016620,55.1088284305628
STU_016621,80.53848567809597
STU_016622,75.91184430209628
STU_016623,76.16053243541307
STU_016624,98.19073706353744
STU_016625,78.98765642855942
STU_016626,58.24197811446182
STU_016627,99.48994592196426
STU_016628,87.92366138907514
STU_016629,54.472334869777875
STU_016630,71.49975400145198
STU_016631,64.99512409820291
STU_016632,62.95289825539796
STU_016633,75.77586907633727
STU_016634,65.38212874944335
STU_016635,93.046957031165
STU_016636,83.48200973444483
STU_016637,66.55738209677654
STU_016638,67.97386546443877
STU_016639,65.42998067323559
STU_016640,99.65965112494098
STU_016641,83.60459578449705
STU_016642,59.25515743160924
STU_016643,70.013708897284
STU_016644,77.67021415702622
STU_016645,84.86012836075997
STU_016646,84.02418126900356
STU_016647,66.59395556139499
STU_016648,75.51751699864764
STU_016649,88.11689631026789
STU_016650,90.08969908299915
STU_016651,83.28643434959999
STU_016652,86.88812556540319
STU_016653,80.81895834676294
STU_016654,94.55889337132298
STU_016655,71.115003353009
STU_016656,77.25976988562775
STU_016657,80.33179129628837
STU_016658,90.9118667436773
STU_016659,75.22414522008495
STU_016660,91.19227141059109
STU_016661,73.48780972616953
STU_016662,70.21183526209003
STU_016663,90.30568393713205
STU_016664,67.34993780075786
STU_016665,77.33711967561601
STU_016666,66.52720965120992
STU_016667,69.80385912662317
STU_016668,93.1719516383285
STU_016669,72.84282801388711
STU_016670,86.49978344544874
STU_016671,97.69045716022956
STU_016672,86.9768167519673
STU_016673,64.68507507434477
STU_016674,77.95311993314529
STU_016675,78.05009861186412
STU_016676,99.24448279573386
STU_016677,91.36922671743194
STU_016678,91.40301493389025
STU_016679,90.65994276337989
STU_016680,62.03635673689457
STU_016681,98.21261964522802
STU_016682,86.83973024441411
STU_016683,73.34655303571192
STU_016684,69.26684607396788
STU_016685,78.00512968436847
STU_016686,75.0943095860771
STU_016687,96.42612711567313
STU_016688,57.67782413652038
STU_016689,70.69159772650428
STU_016690,54.01456682324391
STU_016691,79.14928221346264
STU_016692,73.19592615758259
STU_016693,67.23377956907751
STU_016694,86.62485611248438
STU_016695,76.02552183306106
STU_016696,74.91494728348547
STU_016697,73.09411625376751
STU_016698,82.33081746574813
STU_016699,63.80769668292603
STU_016700,72.84423871262919
STU_016701,79.0614248672974
STU_016702,82.67240414203904
STU_016703,89.3091924220809
STU_016704,82.85934715055205
STU_016705,90.84402138795514
STU_016706,73.44063407142629
STU_016707,82.25507674234538
STU_016708,90.59637543246886
STU_016709,45.86568246909657
STU_016710,76.55777772428746
STU_016711,59.02077679769782
STU_016712,48.49865556124275
STU_016713,96.61904939782093
STU_016714,97.33071776271908
STU_016715,66.41458833431022
STU_016716,70.38245908200811
STU_016717,89.88311680214277
STU_016718,53.15869211145944
STU_016719,89.1149987113888
STU_016720,96.66678497033008
STU_016721,80.03661374458707
STU_016722,74.28552769455463
STU_016723,67.94943744078869
STU_016724,75.31311248285306
STU_016725,66.6640972378327
STU_016726,60.44839227979165
STU_016727,69.17382192185558
STU_016728,58.74825629836246
STU_016729,75.86027907614006
STU_016730,85.02932411604016
STU_016731,62.8210190666603
STU_016732,90.40374147865442
STU_016733,85.8045920132775
STU_016734,61.902661270218914
STU_016735,84.48680758347223
STU_016736,60.71207235178251
STU_016737,67.71128296208391
STU_016738,76.69889406484864
STU_016739,79.34820774090832
STU_016740,70.22872337317781
STU_016741,77.51864982912187
STU_016742,91.1684919199689
STU_016743,72.44597621451757
STU_016744,59.55631269622144
STU_016745,62.734155337139754
STU_016746,51.75159843837771
STU_016747,82.73219463256171
STU_016748,79.53437974411399
STU_016749,53.55005388748444
STU_016750,89.00446741027157
STU_016751,88.0400565641757
STU_016752,62.99917493887648
STU_016753,74.52441624556555
STU_016754,99.52186966959715
STU_016755,75.52436826699315
STU_016756,77.03178003373492
STU_016757,81.04722074421763
STU_016758,53.22616045017824
STU_016759,98.2515333466037
STU_016760,70.45127800904947
STU_016761,77.70992967344354
STU_016762,71.5721921365086
STU_016763,79.47648546223587
STU_016764,65.26190137564075
STU_016765,88.93664985724837
STU_016766,90.90047409779496
STU_016767,81.8948079799761
STU_016768,89.23653266987841
STU_016769,46.623299093607635
STU_016770,53.90683813125755
STU_016771,67.14370924739718
STU_016772,92.21370641282596
STU_016773,69.53737037263679
STU_016774,82.73480915953627
STU_016775,71.59432170374538
STU_016776,94.03382897534678
STU_016777,49.51206983051165
STU_016778,76.74258159336249
STU_016779,72.28815674907109
STU_016780,86.84358308557194
STU_016781,49.76684047617283
STU_016782,82.84226166621833
STU_016783,67.6956370553627
STU_016784,95.90559362846287
STU_016785,91.9314175500682
STU_016786,68.48363405727034
STU_016787,67.45578955746416
STU_016788,90.25607706316791
STU_016789,75.62521905704304
STU_016790,81.02509038096721
STU_016791,69.21098834858194
STU_016792,74.01419182869384
STU_016793,79.78623339548724
STU_016794,73.30696975335994
STU_016795,72.14259448868053
STU_016796,86.85408776852879
STU_016797,65.24160955078487
STU_016798,74.18174476142218
STU_016799,91.4005954969131
STU_016800,65.13910105370462
STU_016801,60.740184001616456
STU_016802,64.67023987408855
STU_016803,93.71160179791292
STU_016804,92.82271332484312
STU_016805,55.96461841980553
STU_016806,81.39097017795534
STU_016807,77.69752155265809
STU_016808,86.21247958113864
STU_016809,86.99888469251165
STU_016810,49.15845948290532
STU_016811,79.05256245661091
STU_016812,69.72831799571767
STU_016813,78.67832027766676
STU_016814,88.17697335348988
STU_016815,68.40578237823858
STU_016816,71.85694631866926
STU_016817,99.50367871737505
STU_016818,52.14243470839166
STU_016819,87.85526432012249
STU_016820,81.91711523651078
STU_016821,78.28854947366531
STU_016822,75.41886900017583
STU_016823,99.95445395102826
STU_016824,78.97704659536689
STU_016825,81.20638723336542
STU_016826,72.19653768691711
STU_016827,77.01644849574076
STU_016828,70.37729863820863
STU_016829,82.98937642216114
STU_016830,71.62544388411409
STU_016831,87.78271964765445
STU_016832,65.49485477177814
STU_016833,62.33166374272933
STU_016834,90.84756556490628
STU_016835,77.04768826285205
STU_016836,81.98673814148964
STU_016837,98.75873132774589
STU_016838,91.44263796721002
STU_016839,69.761191453994
STU_016840,78.64223904963119
STU_016841,97.70540069988351
STU_016842,73.21911692301295
STU_016843,68.0436132865034
STU_016844,86.62184422510252
STU_016845,68.14167477913517
STU_016846,65.13328595837807
STU_016847,71.17661400982934
STU_016848,59.90810774419559
STU_016849,74.30150541298485
STU_016850,76.05683585985102
STU_016851,66.0915214139593
STU_016852,86.7740009349715
STU_016853,88.87198659758555
STU_016854,84.2601067392238
STU_016855,77.10272652107439
STU_016856,98.53465826738503
STU_016857,63.38896075160306
STU_016858,57.007409647801445
STU_016859,98.47581733751034
STU_016860,99.16436006542779
STU_016861,76.18777985333465
STU_016862,89.98583360056368
STU_016863,97.88799116775766
STU_016864,51.007086405480194
STU_016865,85.02458956925945
STU_016866,72.36950090962308
STU_016867,94.62030965264972
STU_016868,76.68746184240806
STU_016869,86.61780326245355
STU_016870,64.32757672369074
STU_016871,57.51114937385736
STU_016872,78.04439273794316
STU_016873,93.59677704914691
STU_016874,70.17155112109339
STU_016875,81.23191630619476
STU_016876,57.23968640048412
STU_016877,99.85773461646876
STU_016878,54.8290370777723
STU_016879,90.17976338414135
STU_016880,87.74882287446002
STU_016881,65.52549996432961
STU_016882,77.03064923948659
STU_016883,91.2958901215316
STU_016884,76.45093051044306
STU_016885,91.6512569091398
STU_016886,81.27115129575198
STU_016887,67.1165279904236
STU_016888,88.44340909531937
STU_016889,75.87657138523245
STU_016890,71.86343748361918
STU_016891,65.42534110177041
STU_016892,83.31733532388432
STU_016893,65.02112248816144
STU_016894,78.83478255784206
STU_016895,71.93970458566335
STU_016896,66.03496618810394
STU_016897,49.34602907709296
STU_016898,99.82277299054644
STU_016899,78.27146181760521
STU_016900,96.26066536349576
STU_016901,78.67245920846136
STU_016902,96.21191400092323
STU_016903,75.0470142448866
STU_016904,83.22493409350965
STU_016905,80.64904930856834
STU_016906,69.64289083998335
STU_016907,83.73151977001307
STU_016908,69.37117830893884
STU_016909,85.65875905803128
STU_016910,68.43560347680817
STU_016911,74.14978190152048
STU_016912,68.58554436897968
STU_016913,57.991816728177376
STU_016914,90.01095683895146
STU_016915,91.54061505240875
STU_016916,77.97655209041469
STU_016917,85.65411821899491
STU_016918,47.50368047793311
STU_016919,67.85259857871708
STU_016920,69.71057978236637
STU_016921,75.2782264561437
STU_016922,72.45682637388506
STU_016923,91.26099229635108
STU_016924,54.68873887586241
STU_016925,77.49125585816469
STU_016926,79.49642508584793
STU_016927,59.14864901179632
STU_016928,84.71877577497642
STU_016929,67.10530699910855
STU_016930,97.75926607473296
STU_016931,48.60560130804835
STU_016932,88.00348881795551
STU_016933,87.66853929943017
STU_016934,65.37113745072185
STU_016935,74.11493338766262
STU_016936,62.86963326107586
STU_016937,70.71672560936466
STU_016938,89.69136477062554
STU_016939,94.03636578852709
STU_016940,93.36750326357736
STU_016941,62.13363677457228
STU_016942,79.61270180709585
STU_016943,74.25258775040297
STU_016944,79.66655566079535
STU_016945,94.08145003712409
STU_016946,83.75633592347218
STU_016947,75.19117935111873
STU_016948,75.39130945886106
STU_016949,63.012172198387844
STU_016950,69.9566600792325
STU_016951,96.91358292158756
STU_016952,57.51814041728311
STU_016953,61.576925143883365
STU_016954,71.37292873585669
STU_016955,85.67658001535608
STU_016956,91.55075394417457
STU_016957,63.506554610241224
STU_016958,77.0591891643644
STU_016959,97.93130364652339
STU_016960,80.73572755007064
STU_016961,64.71514697001611
STU_016962,77.11858513190396
STU_016963,98.28414333750678
STU_016964,90.83864406024142
STU_016965,90.08592772065603
STU_016966,74.59223261212622
STU_016967,91.31290703693293
STU_016968,97.55535213007138
STU_016969,63.217757465607434
STU_016970,74.88205136006083
STU_016971,65.14052730011645
STU_016972,96.79700295837287
STU_016973,68.11665370977086
STU_016974,76.95037928997635
STU_016975,59.82895440183612
STU_016976,71.56801387099146
STU_016977,90.49146648661304
STU_016978,68.0476739832663
STU_016979,59.29488083759049
STU_016980,83.0830559139653
STU_016981,58.59138089591692
STU_016982,74.17452792586343
STU_016983,60.6465894317505
STU_016984,65.1743884781169
STU_016985,99.6748174381521
STU_016986,85.14124701224432
STU_016987,81.3936577383722
STU_016988,74.06753806354567
STU_016989,88.70745320517686
STU_016990,72.76826645636805
STU_016991,64.12114212409345
STU_016992,81.68078070801752
STU_016993,74.00305371656931
STU_016994,62.9254715804165
STU_016995,66.93537802561305
STU_016996,93.81140209733081
STU_016997,78.88735718981258
STU_016998,91.95074137545012
STU_016999,98.89818679406908
STU_017000,87.01570702230364
STU_017001,88.05855791235031
STU_017002,94.59377399598267
STU_017003,97.5980078204594
STU_017004,67.98793379874014
STU_017005,86.77415949088245
STU_017006,89.31166130280192
STU_017007,76.43893150186877
STU_017008,79.35072538234074
STU_017009,85.61638598533196
STU_017010,74.57825533199387
STU_017011,49.67659421129868
STU_017012,58.37804007478587
STU_017013,99.53905890726564
STU_017014,79.66276167751141
STU_017015,79.33077878636568
STU_017016,92.62003127064358
STU_017017,64.89384512497674
STU_017018,75.21863881910186
STU_017019,53.73177407416391
STU_017020,70.84689832802896
STU_017021,79.3809471654705
STU_017022,71.81981261681733
STU_017023,63.57287410303549
STU_017024,62.964108180609486
STU_017025,64.5383755431498
STU_017026,77.35362568889929
STU_017027,81.04075742155328
STU_017028,71.74773434437068
STU_017029,88.22797625626093
STU_017030,88.58165491046941
STU_017031,57.91353997003857
STU_017032,95.2517371837606
STU_017033,88.6896783684841
STU_017034,73.56095143670908
STU_017035,70.72208068151564
STU_017036,89.89067422480609
STU_017037,96.93069851953702
STU_017038,97.43768493927918
STU_017039,87.4898627272452
STU_017040,98.46276065269973
STU_017041,60.852055745204936
STU_017042,89.42425087677091
STU_017043,73.84707021075849
STU_017044,95.89838843035432
STU_017045,85.56332944613666
STU_017046,81.95353546994113
STU_017047,97.33038248408108
STU_017048,66.05117287434038
STU_017049,85.21111505481072
STU_017050,65.47316867698648
STU_017051,77.4715974981638
STU_017052,97.65710594314987
STU_017053,77.79174679656654
STU_017054,90.7057948530528
STU_017055,81.92834309614378
STU_017056,78.96767990949951
STU_017057,95.47162480779241
STU_017058,80.35243774560693
STU_017059,60.24711542845528
STU_017060,65.38983765638085
STU_017061,95.88863288275292
STU_017062,59.30053373788804
STU_017063,76.27940041938069
STU_017064,65.56461585370388
STU_017065,93.79081761567865
STU_017066,59.87484330008705
STU_017067,96.74822286774508
STU_017068,69.12540734831204
STU_017069,78.22779786674431
STU_017070,79.96536741853683
STU_017071,79.42198225684491
STU_017072,75.07392550765746
STU_017073,92.27208995197277
STU_017074,87.55932102692925
STU_017075,92.59304259610289
STU_017076,56.429262120718455
STU_017077,90.01499021757846
STU_017078,65.27322328917279
STU_017079,61.14002663507266
STU_017080,53.21295549697439
STU_017081,73.59854364977875
STU_017082,85.59185465777912
STU_017083,69.60332448103651
STU_017084,47.154055002016946
STU_017085,65.85053458740555
STU_017086,89.46474162305273
STU_017087,70.90336950654651
STU_017088,92.30872905876598
STU_017089,64.09489833716525
STU_017090,83.80348618144453
STU_017091,65.30514410593389
STU_017092,90.70978052058992
STU_017093,51.792934616204626
STU_017094,80.15464125075516
STU_017095,52.92488365118388
STU_017096,63.45888761870251
STU_017097,62.64829864665374
STU_017098,46.221018055933854
STU_017099,75.10972850056115
STU_017100,84.07491943032292
STU_017101,79.05004423491101
STU_017102,77.63738877238713
STU_017103,78.76023010924635
STU_017104,84.03555498564928
STU_017105,65.6228862751585
STU_017106,61.12291174546318
STU_017107,45.3313564762432
STU_017108,82.73787678135278
STU_017109,67.55465660092023
STU_017110,69.30043335512028
STU_017111,87.44326841379416
STU_017112,86.34862640231562
STU_017113,59.83441961666867
STU_017114,78.24952479482161
STU_017115,76.09901151156359
STU_017116,99.74583199584887
STU_017117,48.2724168517051
STU_017118,85.46936060566105
STU_017119,83.67433044950845
STU_017120,87.54462198023697
STU_017121,73.24015683171967
STU_017122,99.70332145541583
STU_017123,62.91305534724547
STU_017124,71.20737452444182
STU_017125,72.5280507067475
STU_017126,78.67356327931698
STU_017127,58.24795017634758
STU_017128,70.24690125358768
STU_017129,63.017593432896476
STU_017130,72.92740585203107
STU_017131,71.08997386830745
STU_017132,75.18622692429209
STU_017133,78.83906802945168
STU_017134,98.88841371606992
STU_017135,59.49084888100253
STU_017136,78.25493359892734
STU_017137,58.82800625310552
STU_017138,76.51906782152633
STU_017139,94.14589449750434
STU_017140,76.42382136440011
STU_017141,87.97704448137941
STU_017142,94.98572232407416
STU_017143,50.89094074050149
STU_017144,88.22638467899135
STU_017145,89.3383327635755
STU_017146,92.56210545370989
STU_017147,97.0616821574575
STU_017148,72.63750028690086
STU_017149,68.72691780061686
STU_017150,58.02067687901432
STU_017151,79.80081342794311
STU_017152,76.93416688237312
STU_017153,84.33176739767937
STU_017154,78.11685443036225
STU_017155,54.542224635116725
STU_017156,60.78573427530712
STU_017157,71.8542764265789
STU_017158,90.6288743689058
STU_017159,62.33195732286182
STU_017160,53.26031649554463
STU_017161,81.04432449294303
STU_017162,73.64589188927292
STU_017163,76.50664938141091
STU_017164,91.00367275661603
STU_017165,64.96627271360128
STU_017166,71.00616999871087
STU_017167,67.1934985675616
STU_017168,78.11253516445036
STU_017169,91.49933801538731
STU_017170,84.48862398880827
STU_017171,95.53257406247664
STU_017172,71.8135429104193
STU_017173,53.53126198146976
STU_017174,57.61987912846246
STU_017175,99.50056452996895
STU_017176,84.81207261514118
STU_017177,69.91988149033467
STU_017178,85.93655929234704
STU_017179,88.31748872358358
STU_017180,74.58367179954791
STU_017181,83.15849284438285
STU_017182,65.05429560972699
STU_017183,97.52777943067204
STU_017184,85.58249425580192
STU_017185,95.28219605760367
STU_017186,62.26328020899495
STU_017187,89.24660045518404
STU_017188,76.91586699821997
STU_017189,56.57443079530334
STU_017190,91.28169048054477
STU_017191,70.37989160604216
STU_017192,62.56694908951401
STU_017193,56.02084744337495
STU_017194,88.78762099044033
STU_017195,69.09640777952531
STU_017196,81.07323962926351
STU_017197,80.42265960839582
STU_017198,71.28134055745299
STU_017199,74.27823176383306
STU_017200,62.23136202687155
STU_017201,73.28432024235585
STU_017202,86.24072031121169
STU_017203,72.22532964066372
STU_017204,63.74830771305788
STU_017205,89.77452321624479
STU_017206,76.6183183987925
STU_017207,98.1117480200567
STU_017208,62.88767870282095
STU_017209,59.29301046947337
STU_017210,38.47239063776747
STU_017211,85.06214124323648
STU_017212,96.22631552191943
STU_017213,89.643446240635
STU_017214,82.86500158445419
STU_017215,61.02736160281575
STU_017216,57.95354511985413
STU_017217,99.91276007724636
STU_017218,70.63187639082318
STU_017219,96.16846185130774
STU_017220,77.7789374303969
STU_017221,68.33566723508501
STU_017222,71.60302019525349
STU_017223,70.60201195382655
STU_017224,87.63645065605998
STU_017225,90.0341776023449
STU_017226,76.03867420517162
STU_017227,68.18755807697315
STU_017228,85.93640543551524
STU_017229,64.42621751420216
STU_017230,93.85710990190042
STU_017231,66.70294492071638
STU_017232,70.07276864642587
STU_017233,72.16472756364485
STU_017234,86.7393790273449
STU_017235,79.65582169279811
STU_017236,56.57975288873463
STU_017237,94.1260458861504
STU_017238,77.96247043904498
STU_017239,53.28415004570015
STU_017240,92.36438205845037
STU_017241,69.74130848979694
STU_017242,46.18945305128799
STU_017243,84.52210384253509
STU_017244,75.70883268405001
STU_017245,85.9369147416579
STU_017246,84.03886874716474
STU_017247,53.4163452550603
STU_017248,65.34364789329894
STU_017249,61.123913052134
STU_017250,58.37300982456368
STU_017251,90.63782270523434
STU_017252,62.56915396696334
STU_017253,85.7084193177405
STU_017254,47.61250889517708
STU_017255,53.69316421861164
STU_017256,50.68318290649235
STU_017257,81.24133075541074
STU_017258,75.07517277845187
STU_017259,69.05747492206649
STU_017260,67.07999218129837
STU_017261,57.00973503393354
STU_017262,69.01874820568504
STU_017263,77.50091158367101
STU_017264,66.65631113397804
STU_017265,89.24378938816568
STU_017266,52.204549347572026
STU_017267,65.01755176567008
STU_017268,69.88184868637862
STU_017269,66.3114904202397
STU_017270,81.24508744789998
STU_017271,76.186759247341
STU_017272,57.745551468129875
STU_017273,89.9860776832617
STU_017274,89.25218762142114
STU_017275,68.50703380411629
STU_017276,55.005963953001796
STU_017277,79.10352301499991
STU_017278,93.14880870662097
STU_017279,73.09999427453224
STU_017280,82.32752389084565
STU_017281,68.68908388921302
STU_017282,73.47106371149656
STU_017283,82.97914831028535
STU_017284,86.07125084370935
STU_017285,84.94176390955981
STU_017286,69.74400612209752
STU_017287,62.47274801309274
STU_017288,59.39792782044544
STU_017289,74.38119976465589
STU_017290,91.33403380381797
STU_017291,83.72403310031163
STU_017292,61.95767865370099
STU_017293,68.9624558402049
STU_017294,64.22821085637989
STU_017295,69.80530559961281
STU_017296,72.53076790239658
STU_017297,95.1476522402629
STU_017298,64.96084209053771
STU_017299,69.33531023903106
STU_017300,56.11357511469885
STU_017301,60.017832855125576
STU_017302,76.1432909485765
STU_017303,95.20714513602535
STU_017304,88.3926453220935
STU_017305,78.51427037359126
STU_017306,84.93171420774325
STU_017307,99.72939093128147
STU_017308,95.18936547239758
STU_017309,91.19927113077007
STU_017310,61.13749906569393
STU_017311,74.6609818678173
STU_017312,69.43170593021222
STU_017313,91.25696415029554
STU_017314,77.9432264020506
STU_017315,84.23365417747608
STU_017316,73.96758243288079
STU_017317,81.75953250666194
STU_017318,41.87456279956402
STU_017319,65.93952563110993
STU_017320,89.46510382065924
STU_017321,83.55733197133516
STU_017322,76.73862361681903
STU_017323,79.490973320117
STU_017324,91.2716825202761
STU_017325,83.54129207306018
STU_017326,72.67436883964334
STU_017327,86.37961755981947
STU_017328,80.70223544148058
STU_017329,40.96868991050394
STU_017330,91.07662148371084
STU_017331,75.542180976232
STU_017332,69.21844051209204
STU_017333,64.44987508555263
STU_017334,82.50631331152819
STU_017335,81.7733305284217
STU_017336,62.32099589830935
STU_017337,77.6075864010713
STU_017338,80.43119071855692
STU_017339,98.54058071382843
STU_017340,78.36030612106074
STU_017341,88.11588759136382
STU_017342,63.7190872484287
STU_017343,82.03753896004297
STU_017344,63.77522135767824
STU_017345,68.7034548737436
STU_017346,60.23805626512707
STU_017347,93.74903930665428
STU_017348,72.52104228121371
STU_017349,80.15979944204476
STU_017350,52.71997532000846
STU_017351,60.4536266802739
STU_017352,56.97330583874224
STU_017353,59.341108797810506
STU_017354,84.55158928019422
STU_017355,58.75803239756556
STU_017356,69.62309794089612
STU_017357,57.24833367528302
STU_017358,63.06737966703037
STU_017359,86.58471745604365
STU_017360,98.4878436349579
STU_017361,97.99914744080142
STU_017362,65.29310043564888
STU_017363,91.21535263555964
STU_017364,88.6985611990055
STU_017365,88.81967832757852
STU_017366,90.79632896045968
STU_017367,99.58798791735835
STU_017368,64.4982250793864
STU_017369,55.33294066788757
STU_017370,80.7462179732093
STU_017371,83.90428793570285
STU_017372,88.12658181179509
STU_017373,63.19821767298606
STU_017374,48.80511971228264
STU_017375,84.58560455210191
STU_017376,74.79079724871218
STU_017377,69.1313764487004
STU_017378,80.3532295474032
STU_017379,64.393553700913
STU_017380,61.534583967025924
STU_017381,55.58783778848661
STU_017382,83.10992806037386
STU_017383,79.95655197083934
STU_017384,69.6061014277104
STU_017385,69.3973333799478
STU_017386,72.5400142656776
STU_017387,82.64162212364738
STU_017388,66.99425216499043
STU_017389,82.20235850426567
STU_017390,75.31086353761859
STU_017391,76.92713199919594
STU_017392,64.3664304677708
STU_017393,65.50281113580382
STU_017394,70.98813534104681
STU_017395,55.95015093432321
STU_017396,80.19356808947559
STU_017397,76.06837959057631
STU_017398,82.05551520408432
STU_017399,89.20813275545599
STU_017400,43.18163830499244
STU_017401,43.545689779883084
STU_017402,93.40177374045588
STU_017403,61.14843556925726
STU_017404,78.94551443873283
STU_017405,63.80325299951126
STU_017406,65.87690331178763
STU_017407,66.02030400317126
STU_017408,82.99991017980362
STU_017409,77.22249912036044
STU_017410,76.19384891228833
STU_017411,63.25612749317907
STU_017412,79.90513508600432
STU_017413,81.46314553307127
STU_017414,79.0458623714573
STU_017415,54.33127411450621
STU_017416,64.7597302993098
STU_017417,78.76286848328968
STU_017418,91.04698115867225
STU_017419,68.16504658357452
STU_017420,81.37062594761039
STU_017421,80.839814542646
STU_017422,80.38967824165032
STU_017423,74.45704761876863
STU_017424,56.843158693212686
STU_017425,76.13166734222234
STU_017426,67.11503187681149
STU_017427,77.65923303269899
STU_017428,70.90325874588312
STU_017429,58.811779311355934
STU_017430,99.4786657550822
STU_017431,68.09350421494229
STU_017432,96.81453119154378
STU_017433,84.43925830151461
STU_017434,71.94162428708394
STU_017435,80.40057251342586
STU_017436,70.1074629935686
STU_017437,82.93765971851667
STU_017438,99.5435132665527
STU_017439,59.877630562550806
STU_017440,87.09082259653786
STU_017441,49.00778234397807
STU_017442,79.40563322215019
STU_017443,87.40909109716279
STU_017444,76.87876840855155
STU_017445,94.43590510905229
STU_017446,87.84536152615038
STU_017447,65.17799720235342
STU_017448,78.06201304813231
STU_017449,85.14428633780253
STU_017450,83.02627412059945
STU_017451,70.43507292540527
STU_017452,79.12080168255913
STU_017453,91.95432043177263
STU_017454,53.7805090567256
STU_017455,89.12761226659632
STU_017456,79.3953641040766
STU_017457,66.44420667828396
STU_017458,61.563409753361924
STU_017459,78.30505419039542
STU_017460,66.8820360548165
STU_017461,88.90541948891519
STU_017462,77.36749263295278
STU_017463,92.3327071790371
STU_017464,75.60183317211755
STU_017465,85.26945286151746
STU_017466,72.98848340114344
STU_017467,53.27455575646637
STU_017468,83.33672581160936
STU_017469,96.31526658404917
STU_017470,88.34884196571113
STU_017471,88.39559088258963
STU_017472,67.93253032867472
STU_017473,97.05851975792044
STU_017474,38.90030738398273
STU_017475,59.57356631119957
STU_017476,69.01788095578002
STU_017477,61.66687061095752
STU_017478,52.576116942359064
STU_017479,78.29746473085802
STU_017480,99.04042937153588
STU_017481,91.78088570950581
STU_017482,81.46525810647739
STU_017483,87.93275758994024
STU_017484,84.64363955882274
STU_017485,90.92777927945261
STU_017486,72.56366009626956
STU_017487,90.43013487704368
STU_017488,54.745321317477526
STU_017489,59.18700701612034
STU_017490,94.36606517178535
STU_017491,70.98227317583023
STU_017492,55.887193783003035
STU_017493,75.09396859070264
STU_017494,77.24678188933517
STU_017495,51.7345482638939
STU_017496,79.09807567819186
STU_017497,92.92649819575094
STU_017498,59.28353279590222
STU_017499,86.1183620868106
STU_017500,86.99606358123975
STU_017501,75.63513409966
STU_017502,87.60663243086094
STU_017503,72.0011019427817
STU_017504,81.84018910160027
STU_017505,79.88812089962681
STU_017506,78.14303092709824
STU_017507,51.63141514259291
STU_017508,63.33871733744061
STU_017509,83.86092649134733
STU_017510,98.1840112255901
STU_017511,73.76688818817978
STU_017512,73.42217203137503
STU_017513,77.4968488483613
STU_017514,73.5361384277483
STU_017515,80.04975782224913
STU_017516,97.98704589003142
STU_017517,81.92615675424645
STU_017518,84.46907754751497
STU_017519,87.15074826832394
STU_017520,99.02956055877301
STU_017521,59.11313858555322
STU_017522,75.69492617863423
STU_017523,80.15460594852962
STU_017524,57.83796064233458
STU_017525,69.12037958598214
STU_017526,77.9049743303462
STU_017527,79.81493606533357
STU_017528,72.15257978609179
STU_017529,99.38557254404782
STU_017530,82.39929712615347
STU_017531,94.4258001650166
STU_017532,60.09855545201613
STU_017533,62.06998141163435
STU_017534,56.162941564614684
STU_017535,75.00997869946923
STU_017536,88.43071583853033
STU_017537,95.86094189335321
STU_017538,93.1040766078831
STU_017539,74.98090175648495
STU_017540,95.6807674789853
STU_017541,48.50124125814104
STU_017542,73.22434674074111
STU_017543,80.03057111476204
STU_017544,95.83615035491142
STU_017545,67.99470278175241
STU_017546,67.73370778449838
STU_017547,94.03105114454054
STU_017548,79.90362595531809
STU_017549,99.0889681071783
STU_017550,76.62654359493291
STU_017551,96.88830082585764
STU_017552,49.31794573780336
STU_017553,85.32102874062676
STU_017554,55.32201937405301
STU_017555,69.52923182272333
STU_017556,69.24619260156715
STU_017557,50.38937033213051
STU_017558,54.32848188221956
STU_017559,87.09170133307393
STU_017560,70.4737511536441
STU_017561,96.47447080760986
STU_017562,60.12039557165549
STU_017563,64.69093771583631
STU_017564,71.47900632883962
STU_017565,71.95868606250643
STU_017566,84.28006155049604
STU_017567,64.50044018596569
STU_017568,69.42681932760169
STU_017569,71.20460550186856
STU_017570,99.06047126355404
STU_017571,94.42660298531871
STU_017572,78.72329767149792
STU_017573,71.75484256507428
STU_017574,83.98210167071102
STU_017575,91.03684087978694
STU_017576,94.72066711279528
STU_017577,63.2848619839296
STU_017578,78.0801866213191
STU_017579,75.46768360554842
STU_017580,77.11990159046955
STU_017581,73.89446961041486
STU_017582,75.88967309890702
STU_017583,93.17438070565706
STU_017584,59.90563425991644
STU_017585,51.75138243367721
STU_017586,81.94074793516765
STU_017587,60.96700558425565
STU_017588,67.10204298751496
STU_017589,95.47958076707023
STU_017590,73.84431399977663
STU_017591,90.56696814040201
STU_017592,65.59072315993345
STU_017593,59.719294471869226
STU_017594,57.12351449493073
STU_017595,94.56641772696274
STU_017596,73.82392170688354
STU_017597,94.3062072477127
STU_017598,41.69655828594483
STU_017599,63.98721351409935
STU_017600,77.60196665615331
STU_017601,66.53290721370767
STU_017602,67.6869420282775
STU_017603,90.1227496434773
STU_017604,82.20399316770497
STU_017605,68.26347392453387
STU_017606,95.47870405678077
STU_017607,76.81410294090267
STU_017608,94.22298077768954
STU_017609,75.5743522601278
STU_017610,76.01732264019122
STU_017611,73.90621497205134
STU_017612,97.56006198327105
STU_017613,80.95770641480684
STU_017614,90.35446879683806
STU_017615,66.19024840705502
STU_017616,89.96866223365322
STU_017617,90.46017198899344
STU_017618,42.61178887371216
STU_017619,64.10406267476274
STU_017620,73.77305357753526
STU_017621,81.80189287622161
STU_017622,98.67358531401183
STU_017623,58.500942088763765
STU_017624,68.4825166368759
STU_017625,68.70786566552444
STU_017626,51.74983066906035
STU_017627,57.778147429122036
STU_017628,74.01313573624604
STU_017629,72.12504307975513
STU_017630,59.956270465276205
STU_017631,51.99498036530176
STU_017632,79.66076143664375
STU_017633,72.88411489009997
STU_017634,82.31337491293112
STU_017635,79.76591239413435
STU_017636,71.59397214163647
STU_017637,94.3076218424701
STU_017638,63.12205734635982
STU_017639,86.60396513161879
STU_017640,97.38809028350173
STU_017641,99.44850537226628
STU_017642,58.65791281510687
STU_017643,64.39406375381446
STU_017644,79.10109596926108
STU_017645,77.71132147035004
STU_017646,71.52965372650218
STU_017647,58.7115904095163
STU_017648,88.80845799052678
STU_017649,97.10197692527036
STU_017650,97.35292286501527
STU_017651,67.61166823286831
STU_017652,73.22943687662087
STU_017653,99.5855266245853
STU_017654,74.99593666066181
STU_017655,82.42496557040968
STU_017656,86.97237041401304
STU_017657,47.023280324881775
STU_017658,67.95916586205524
STU_017659,99.6336857549791
STU_017660,77.45932096142445
STU_017661,77.91062714404785
STU_017662,64.78274174550914
STU_017663,75.32934283270691
STU_017664,79.28249094849188
STU_017665,71.55462534381161
STU_017666,75.84437284832399
STU_017667,72.63160278097638
STU_017668,75.59591744577676
STU_017669,70.42055524423176
STU_017670,47.66901752068487
STU_017671,70.29738131155091
STU_017672,56.268855478927996
STU_017673,72.23761628508728
STU_017674,70.99368487761377
STU_017675,68.60601929301939
STU_017676,69.41921032229368
STU_017677,79.11999924395236
STU_017678,81.37830303869336
STU_017679,89.79500222056039
STU_017680,67.14960822957389
STU_017681,84.04107086980102
STU_017682,70.04974498800735
STU_017683,74.79867027803041
STU_017684,84.34756540248
STU_017685,70.81554706696747
STU_017686,61.29132000331562
STU_017687,71.36873394760873
STU_017688,71.36229491241495
STU_017689,90.14846944960794
STU_017690,66.69919116825879
STU_017691,71.85810371270497
STU_017692,72.70980352640719
STU_017693,68.32589214847269
STU_017694,78.85085183808279
STU_017695,97.24143858863718
STU_017696,87.32361356521616
STU_017697,40.40598810095491
STU_017698,51.79904644642394
STU_017699,96.30537971589831
STU_017700,50.465074533183284
STU_017701,54.5051100550478
STU_017702,85.13141428908658
STU_017703,79.5314460040903
STU_017704,62.69626115842422
STU_017705,56.3647400605222
STU_017706,79.6677761548801
STU_017707,50.8515475898743
STU_017708,97.63172162798197
STU_017709,87.91237819931003
STU_017710,82.85765373264759
STU_017711,99.78672392930139
STU_017712,70.86288015322532
STU_017713,70.6858996840728
STU_017714,85.00054234310338
STU_017715,68.25839886682746
STU_017716,55.12155626985134
STU_017717,73.81692953446243
STU_017718,94.65277258950876
STU_017719,70.59981834142539
STU_017720,72.05547387357787
STU_017721,77.89876755513578
STU_017722,99.74666374480194
STU_017723,72.05804313666476
STU_017724,75.73583545238527
STU_017725,93.21701554990264
STU_017726,93.17732238663321
STU_017727,81.91493941833126
STU_017728,83.89784358810032
STU_017729,66.51306353618696
STU_017730,57.77867636663605
STU_017731,54.362238971747374
STU_017732,78.5288035477745
STU_017733,62.02484808573436
STU_017734,69.5130413252273
STU_017735,62.84750351505778
STU_017736,71.42570227561771
STU_017737,60.312983803479575
STU_017738,94.76832239881534
STU_017739,84.81602412491995
STU_017740,77.53851396342269
STU_017741,87.61485231688097
STU_017742,84.71134665037691
STU_017743,85.99781358210588
STU_017744,86.62425535003693
STU_017745,86.8976356199313
STU_017746,83.61280150315564
STU_017747,68.47969834296356
STU_017748,64.78696780958467
STU_017749,65.0332450162318
STU_017750,83.10354363967178
STU_017751,80.34412849061661
STU_017752,77.91441918419473
STU_017753,97.4882718290896
STU_017754,90.55878170000284
STU_017755,89.54659531628683
STU_017756,82.59084986278803
STU_017757,50.55693398905581
STU_017758,63.86544569495186
STU_017759,82.03974886165793
STU_017760,94.18026217690533
STU_017761,63.39815266609236
STU_017762,99.91063213263769
STU_017763,93.69315264058358
STU_017764,50.56743709710754
STU_017765,90.99593164853083
STU_017766,77.24936375278726
STU_017767,63.237473623435754
STU_017768,62.18855920662627
STU_017769,89.84917604987805
STU_017770,76.60151302775077
STU_017771,54.58672786162727
STU_017772,70.30647290857847
STU_017773,58.22209052409953
STU_017774,99.81204685756983
STU_017775,79.53609032266807
STU_017776,89.885316881211
STU_017777,79.07278008377712
STU_017778,82.91772872347134
STU_017779,51.094735407394275
STU_017780,71.20054537723938
STU_017781,81.34875841494511
STU_017782,74.93917690529693
STU_017783,67.16524261126119
STU_017784,76.91625282828032
STU_017785,91.30661951710582
STU_017786,75.16482251567453
STU_017787,85.71707623897763
STU_017788,78.19566142382264
STU_017789,86.1228583904068
STU_017790,53.99374747037973
STU_017791,92.06249704122473
STU_017792,66.56174879971061
STU_017793,68.44280147158426
STU_017794,64.22836721816549
STU_017795,69.56198503606419
STU_017796,79.87462733165817
STU_017797,91.97044039194176
STU_017798,94.74062267702399
STU_017799,99.70486967249934
STU_017800,89.55181474091015
STU_017801,73.38314463647671
STU_017802,95.22814341712191
STU_017803,65.41910498987997
STU_017804,77.22585082933703
STU_017805,72.55220518445769
STU_017806,65.71559584582864
STU_017807,96.31893375604872
STU_017808,68.11459542995999
STU_017809,88.16910270220055
STU_017810,99.48423108481478
STU_017811,71.9588488003771
STU_017812,83.13396990306607
STU_017813,82.4601618905381
STU_017814,65.30536341808828
STU_017815,62.80924341109474
STU_017816,58.08912214245773
STU_017817,51.81810626954082
STU_017818,92.29528845877184
STU_017819,88.62821356079414
STU_017820,87.21736475321575
STU_017821,74.2848801010705
STU_017822,91.59819491881056
STU_017823,96.44392346457589
STU_017824,55.531642254841934
STU_017825,77.37854660555313
STU_017826,80.47615566906455
STU_017827,87.38585561899251
STU_017828,58.12989503123923
STU_017829,64.94419885346392
STU_017830,64.84675341392486
STU_017831,87.40689018423404
STU_017832,85.60481199895625
STU_017833,57.05489991088463
STU_017834,79.26258747679628
STU_017835,67.11852544197504
STU_017836,78.97644216258783
STU_017837,67.31796426543366
STU_017838,66.14043852961507
STU_017839,95.32189662277318
STU_017840,68.74182177749162
STU_017841,96.04750375440638
STU_017842,79.347574754588
STU_017843,85.12947699583188
STU_017844,63.19513756127996
STU_017845,97.44128074206233
STU_017846,91.37987850124972
STU_017847,47.87123475958106
STU_017848,60.55061622127831
STU_017849,54.460475964272476
STU_017850,67.7178831288436
STU_017851,60.864355808440905
STU_017852,87.80733469420582
STU_017853,76.51601548730964
STU_017854,98.87057284514678
STU_017855,47.58816875285564
STU_017856,81.93365310596484
STU_017857,82.22781758965111
STU_017858,76.97272201706451
STU_017859,65.10004091725793
STU_017860,80.88586831617636
STU_017861,83.7701058322349
STU_017862,69.04162952319786
STU_017863,90.93178596573878
STU_017864,78.50270202357541
STU_017865,69.46621680454541
STU_017866,79.32822573841563
STU_017867,66.98688015673487
STU_017868,98.82257019888604
STU_017869,62.97435098809188
STU_017870,82.07482708753822
STU_017871,97.85430500937315
STU_017872,71.19437933134884
STU_017873,95.29050123353835
STU_017874,78.33233108362255
STU_017875,72.34263229468152
STU_017876,70.34605879877611
STU_017877,49.88744080470362
STU_017878,93.39763634318072
STU_017879,53.60087512023816
STU_017880,94.24985546060795
STU_017881,71.49417738384426
STU_017882,73.55964590207054
STU_017883,93.03293914383121
STU_017884,61.44726328833423
STU_017885,63.95279812208955
STU_017886,80.32635056152554
STU_017887,55.332673317523145
STU_017888,64.53805277549549
STU_017889,99.67478824781689
STU_017890,99.4893516821648
STU_017891,77.77630955699811
STU_017892,52.38538085053923
STU_017893,83.37241663776932
STU_017894,60.59011296972343
STU_017895,68.59187476764444
STU_017896,77.12065663852829
STU_017897,59.881097142574774
STU_017898,85.86528972618966
STU_017899,80.71987210712558
STU_017900,70.7723707564906
STU_017901,90.42769430780064
STU_017902,66.51112124795065
STU_017903,71.46778184140199
STU_017904,80.4649474507004
STU_017905,75.75070556702103
STU_017906,74.09579923858612
STU_017907,74.73990188931599
STU_017908,67.56135714453043
STU_017909,69.09293910606165
STU_017910,73.39222186414375
STU_017911,59.62648196920091
STU_017912,94.38654768731223
STU_017913,93.37816610591051
STU_017914,68.04527914020196
STU_017915,72.31340016769252
STU_017916,77.3957389846009
STU_017917,81.0390773600076
STU_017918,80.99556455805907
STU_017919,90.84416706313966
STU_017920,79.48594290277768
STU_017921,85.87268245111993
STU_017922,75.95956098876823
STU_017923,65.9853438709727
STU_017924,75.3239751205262
STU_017925,71.21608455981247
STU_017926,74.55334954520616
STU_017927,99.63340103547316
STU_017928,87.74873344621778
STU_017929,89.72362994631581
STU_017930,78.5921803215416
STU_017931,60.12618214683194
STU_017932,98.67744557435287
STU_017933,98.1462228682172
STU_017934,90.6899943787266
STU_017935,82.14745119552578
STU_017936,54.411921705888794
STU_017937,80.88788461483227
STU_017938,64.61473599435769
STU_017939,90.61262049301376
STU_017940,75.126720942734
STU_017941,67.9760171503902
STU_017942,71.5135568977804
STU_017943,54.344676083273654
STU_017944,64.7943131038318
STU_017945,90.15003618259063
STU_017946,62.18640475878249
STU_017947,59.34085171429016
STU_017948,76.3499553053763
STU_017949,55.15566168490884
STU_017950,53.59039241194485
STU_017951,65.41277596266536
STU_017952,94.90741130846837
STU_017953,70.89770870315587
STU_017954,99.43987083219093
STU_017955,66.32521173172108
STU_017956,71.88505186301123
STU_017957,66.26357263514384
STU_017958,46.12521482362493
STU_017959,86.30443521409208
STU_017960,81.25394989214084
STU_017961,90.20038910072475
STU_017962,59.676068131753546
STU_017963,64.91228661268859
STU_017964,49.08873730176809
STU_017965,97.08496673577343
STU_017966,75.2964226455716
STU_017967,76.19300891057605
STU_017968,97.43980599496426
STU_017969,76.3095534597561
STU_017970,51.006933284632396
STU_017971,55.887947433986405
STU_017972,70.68532304734738
STU_017973,66.34247682463244
STU_017974,82.03383028984429
STU_017975,60.90344367711952
STU_017976,68.99021139639052
STU_017977,91.81565972248296
STU_017978,65.24249710963835
STU_017979,69.01651393835202
STU_017980,59.55667393515837
STU_017981,96.29448948687997
STU_017982,67.59577970051092
STU_017983,81.89505816572903
STU_017984,69.53985119681779
STU_017985,64.64945951041909
STU_017986,66.96888953822301
STU_017987,78.261631307797
STU_017988,60.97191719991975
STU_017989,76.75658878637756
STU_017990,72.60845535973307
STU_017991,79.14660927768426
STU_017992,46.00011325515648
STU_017993,98.34612341893666
STU_017994,88.83374804086374
STU_017995,76.1329734494701
STU_017996,58.89703901207902
STU_017997,74.64975741624468
STU_017998,84.54102738397961
STU_017999,90.16790942449444
STU_018000,96.6142086938262
STU_018001,76.86594187709107
STU_018002,50.06924931720902
STU_018003,71.61964978552923
STU_018004,78.9527784838533
STU_018005,77.02134119943733
STU_018006,67.49944395818089
STU_018007,98.92831189483815
STU_018008,91.57392848700736
STU_018009,87.55058488379892
STU_018010,83.69478117227888
STU_018011,87.07649829981955
STU_018012,70.71746140901759
STU_018013,84.15148143598839
STU_018014,70.07994165100109
STU_018015,79.10133083917222
STU_018016,80.12607415650444
STU_018017,81.19158157788142
STU_018018,97.13520132016225
STU_018019,64.32390028408705
STU_018020,78.18383078265292
STU_018021,67.12832888059947
STU_018022,94.38523509328421
STU_018023,84.52802001447941
STU_018024,42.99890937891598
STU_018025,77.7170720464473
STU_018026,71.18704814424336
STU_018027,82.8681716563874
STU_018028,98.48504186039858
STU_018029,70.96104665139373
STU_018030,88.52823261671458
STU_018031,90.0753415952201
STU_018032,70.64408035909732
STU_018033,92.60256630050195
STU_018034,73.07657350983624
STU_018035,94.9261214119519
STU_018036,76.91237624251323
STU_018037,42.71271011335884
STU_018038,64.38324320757393
STU_018039,84.68336070361188
STU_018040,74.35705383834711
STU_018041,64.3149854479986
STU_018042,62.610546220274365
STU_018043,88.56168034932585
STU_018044,78.18385449158698
STU_018045,73.44293511435646
STU_018046,85.9284609437644
STU_018047,54.03038070810867
STU_018048,98.72475898752629
STU_018049,86.28542818079646
STU_018050,84.30951650285236
STU_018051,62.50871499738085
STU_018052,65.60142213956252
STU_018053,67.12194508901976
STU_018054,43.37267185263666
STU_018055,99.83935207144737
STU_018056,39.066034885515826
STU_018057,61.03736188037372
STU_018058,92.26481538738292
STU_018059,95.65295261159248
STU_018060,62.3820376639665
STU_018061,77.57790374521309
STU_018062,84.80879823021722
STU_018063,72.97631138393119
STU_018064,85.07682028247689
STU_018065,87.59491101123899
STU_018066,92.4161030638009
STU_018067,92.01737430161165
STU_018068,79.92438805153654
STU_018069,77.56706761435947
STU_018070,79.73841969590006
STU_018071,97.45465203477751
STU_018072,84.13039813165707
STU_018073,57.49039685336544
STU_018074,73.5548330634081
STU_018075,70.64290700130681
STU_018076,66.91607347720897
STU_018077,54.71025699597947
STU_018078,71.54702593580865
STU_018079,81.55587399308016
STU_018080,90.63616005262492
STU_018081,75.08120689159762
STU_018082,79.97175463827796
STU_018083,94.86382066889703
STU_018084,64.19963301657884
STU_018085,71.23235623519147
STU_018086,88.98438270350077
STU_018087,74.81432419395985
STU_018088,62.34409223973378
STU_018089,54.364329595731434
STU_018090,65.47254450434575
STU_018091,80.36821904631613
STU_018092,70.86916639607938
STU_018093,66.43150996689972
STU_018094,74.30818216428067
STU_018095,79.2000903740608
STU_018096,58.252401702782095
STU_018097,89.94369415526762
STU_018098,62.571015502196275
STU_018099,72.466803937772
STU_018100,90.9699551992594
STU_018101,79.02543140702126
STU_018102,55.34628632344066
STU_018103,98.28492036071165
STU_018104,60.20070158896891
STU_018105,58.84685840427993
STU_018106,74.14220596247004
STU_018107,78.03754778472756
STU_018108,72.58794692095469
STU_018109,86.32417641543586
STU_018110,76.66300251296734
STU_018111,77.4811318946377
STU_018112,67.948886261874
STU_018113,56.68794254935657
STU_018114,91.75999368861088
STU_018115,74.7112550278584
STU_018116,63.98849578985232
STU_018117,85.67524667580777
STU_018118,73.67630101826506
STU_018119,97.75446885390654
STU_018120,63.45813709170195
STU_018121,98.71762568798549
STU_018122,79.98048776501795
STU_018123,72.17227175695965
STU_018124,82.8221076818793
STU_018125,67.93663644256452
STU_018126,46.23151816222406
STU_018127,69.33576968340392
STU_018128,48.80383439153991
STU_018129,85.32572831808365
STU_018130,93.98285480670695
STU_018131,72.95039023031904
STU_018132,98.92054069699225
STU_018133,78.42897585100667
STU_018134,99.91744376334032
STU_018135,99.51241991294552
STU_018136,48.1937115026516
STU_018137,65.35034078196209
STU_018138,96.43858851803968
STU_018139,81.29048624492361
STU_018140,49.387512010252046
STU_018141,74.17592933999855
STU_018142,80.26736384747144
STU_018143,57.20077001311566
STU_018144,58.46475044779863
STU_018145,76.67648084834684
STU_018146,54.6125316592305
STU_018147,87.60830686837944
STU_018148,75.21603185159515
STU_018149,62.63231533485979
STU_018150,79.55783175783264
STU_018151,68.92237028601998
STU_018152,56.139167475101246
STU_018153,82.77680780790853
STU_018154,64.8903908633528
STU_018155,90.35275548500368
STU_018156,99.50386763685862
STU_018157,51.53819665448805
STU_018158,65.00007508101304
STU_018159,69.4449092476629
STU_018160,63.20884331078726
STU_018161,85.64669303635603
STU_018162,64.35713761119537
STU_018163,98.65083314697578
STU_018164,73.92611299327575
STU_018165,51.9644383463787
STU_018166,81.00761163373556
STU_018167,73.50366939423851
STU_018168,79.47066468739436
STU_018169,66.43731263239795
STU_018170,46.52579315013417
STU_018171,65.08177888281617
STU_018172,83.26243962495974
STU_018173,69.80263251469836
STU_018174,83.6896159260575
STU_018175,75.91238968646044
STU_018176,79.60552836526946
STU_018177,76.54992608051921
STU_018178,71.64493726203239
STU_018179,66.02093805414482
STU_018180,93.50356804625534
STU_018181,76.30785009739758
STU_018182,73.92869055524932
STU_018183,77.27320551319234
STU_018184,60.98970759108768
STU_018185,61.486886353470496
STU_018186,93.09168182723016
STU_018187,61.3960835950435
STU_018188,89.80783128850186
STU_018189,75.47212750622325
STU_018190,67.24930009586579
STU_018191,81.06766309042509
STU_018192,74.08258320564107
STU_018193,78.16732963007108
STU_018194,71.6655448454434
STU_018195,81.46336294678058
STU_018196,55.99450195783692
STU_018197,90.69943967650845
STU_018198,78.57910687044335
STU_018199,75.17477567640655
STU_018200,86.40245211232877
STU_018201,69.52251441002957
STU_018202,41.56318288661551
STU_018203,79.8309514744596
STU_018204,73.17785529962235
STU_018205,68.60244075762269
STU_018206,70.6842485724209
STU_018207,79.5185264320947
STU_018208,77.93643856375174
STU_018209,58.27095915228018
STU_018210,84.7461353467231
STU_018211,99.49961350583312
STU_018212,72.78253957907901
STU_018213,55.28516257731775
STU_018214,79.97946498795503
STU_018215,73.85526753807255
STU_018216,77.43284680305527
STU_018217,57.63340158910917
STU_018218,74.7979525683161
STU_018219,86.5605448443107
STU_018220,78.74316673607916
STU_018221,95.58179644273172
STU_018222,88.4927110592933
STU_018223,86.35961880420251
STU_018224,84.61692049846053
STU_018225,72.28029225724882
STU_018226,78.502561559362
STU_018227,77.40557348620395
STU_018228,81.09880558349789
STU_018229,71.4677575316207
STU_018230,83.66752104534324
STU_018231,70.95613126497167
STU_018232,59.57024670710513
STU_018233,59.587418594993636
STU_018234,92.76216329344555
STU_018235,82.00355169935557
STU_018236,98.6056577972114
STU_018237,56.589296284176434
STU_018238,68.37495142919494
STU_018239,89.27495750789991
STU_018240,56.51357749107048
STU_018241,92.58022141493873
STU_018242,72.79052960221642
STU_018243,78.52333582812444
STU_018244,95.7449189246526
STU_018245,68.32281222082442
STU_018246,73.88255317752274
STU_018247,55.672005038442265
STU_018248,74.70052885492099
STU_018249,71.69050162222972
STU_018250,72.73673367012304
STU_018251,71.0650980235764
STU_018252,94.94207030789968
STU_018253,54.62090803400645
STU_018254,88.41724687604955
STU_018255,74.31790526910738
STU_018256,92.10018585768489
STU_018257,77.51212182942726
STU_018258,83.09769013205333
STU_018259,84.47376670854239
STU_018260,85.12018406029122
STU_018261,75.71460993641588
STU_018262,55.05629995149679
STU_018263,77.88577662988418
STU_018264,76.92284557484666
STU_018265,79.88947372138401
STU_018266,88.07896890034269
STU_018267,70.82675638768995
STU_018268,83.80553634308866
STU_018269,65.07991084183348
STU_018270,63.890768888206395
STU_018271,68.96493378422022
STU_018272,47.472973423641236
STU_018273,98.76675242290452
STU_018274,65.22774391995434
STU_018275,88.77687878760477
STU_018276,84.87303730848713
STU_018277,82.70448079448909
STU_018278,77.57551423295035
STU_018279,53.29208909763585
STU_018280,83.27614616465709
STU_018281,98.79745071286493
STU_018282,70.1016814907439
STU_018283,60.47614710918908
STU_018284,69.48900758884844
STU_018285,94.81721033117283
STU_018286,65.16829796203191
STU_018287,93.33707572869355
STU_018288,64.67287523548971
STU_018289,89.90485433884561
STU_018290,68.31140124937691
STU_018291,72.17082207922076
STU_018292,79.64334072555592
STU_018293,75.7749206412137
STU_018294,83.67488784456874
STU_018295,47.749239378021116
STU_018296,88.55746721084893
STU_018297,77.12651275780979
STU_018298,98.56663199768894
STU_018299,61.79831399909315
STU_018300,83.33431215905765
STU_018301,62.52131429217214
STU_018302,66.07305728465366
STU_018303,99.06273631876329
STU_018304,62.83606166399577
STU_018305,55.54957305991525
STU_018306,60.48918770638307
STU_018307,75.69859262719227
STU_018308,84.69991540206826
STU_018309,69.94383299024086
STU_018310,92.55412675324573
STU_018311,66.216231999583
STU_018312,71.01644063625908
STU_018313,84.64759109799931
STU_018314,68.53357624565572
STU_018315,96.83178071528386
STU_018316,71.54571483499059
STU_018317,91.12209475574006
STU_018318,56.58094071092128
STU_018319,57.606181583117646
STU_018320,87.01794831789056
STU_018321,89.76935762853265
STU_018322,77.0366604709297
STU_018323,99.8643901742331
STU_018324,58.597605924952504
STU_018325,77.76432866746728
STU_018326,79.53095490709583
STU_018327,86.84027486816419
STU_018328,72.66649438251139
STU_018329,72.26808749726716
STU_018330,51.87734700832125
STU_018331,84.50872480052742
STU_018332,93.24462537229681
STU_018333,59.19517806851232
STU_018334,86.22495917270697
STU_018335,56.342630729512535
STU_018336,77.32038784693349
STU_018337,70.54976642280819
STU_018338,70.54333814127006
STU_018339,82.97295177741042
STU_018340,87.62242523308987
STU_018341,65.1929001947475
STU_018342,59.64289215325832
STU_018343,59.57087038055178
STU_018344,88.12430762653933
STU_018345,71.824634706789
STU_018346,70.5622110735159
STU_018347,73.12081721877766
STU_018348,99.10398316395647
STU_018349,77.27159955213807
STU_018350,84.38069015356136
STU_018351,75.90182138157093
STU_018352,88.40504125889225
STU_018353,80.76251347379858
STU_018354,98.23563125605955
STU_018355,70.11091555088481
STU_018356,72.19578289349083
STU_018357,68.42071803803069
STU_018358,76.8219050102124
STU_018359,99.2267451426783
STU_018360,92.29218346648062
STU_018361,45.93104124040277
STU_018362,72.79125142522001
STU_018363,45.18736201674262
STU_018364,91.73473714767525
STU_018365,95.12871220516944
STU_018366,59.883023763060166
STU_018367,79.09479207733901
STU_018368,64.28527479225117
STU_018369,82.56820621355178
STU_018370,56.15550724431931
STU_018371,86.25867013213659
STU_018372,88.27678983327908
STU_018373,58.148069498979005
STU_018374,75.43993066779339
STU_018375,66.46911229952106
STU_018376,80.00396732264687
STU_018377,91.20319684334764
STU_018378,94.8282031943915
STU_018379,49.82388066358483
STU_018380,82.59239051965149
STU_018381,72.49470541485726
STU_018382,90.52998580000491
STU_018383,88.33702219882537
STU_018384,62.78993764308332
STU_018385,97.91727163951512
STU_018386,76.07039665207174
STU_018387,83.28602261418062
STU_018388,97.20764587890385
STU_018389,61.745893817406774
STU_018390,52.799511625593475
STU_018391,78.57029174097872
STU_018392,99.3889800702863
STU_018393,78.54533996035053
STU_018394,82.0529278966033
STU_018395,77.73721350869863
STU_018396,60.451521279476864
STU_018397,67.03573538493804
STU_018398,81.45743488719276
STU_018399,99.81396554732876
STU_018400,71.87098551065593
STU_018401,82.86475640411166
STU_018402,75.3638225678295
STU_018403,87.5992768486558
STU_018404,85.35476132272652
STU_018405,86.8678303015046
STU_018406,66.21587269101073
STU_018407,98.37989394551613
STU_018408,87.6863943101365
STU_018409,59.61323169960205
STU_018410,94.13722527636587
STU_018411,72.14895991546217
STU_018412,75.02156652514088
STU_018413,95.2206760254957
STU_018414,99.52364120683706
STU_018415,74.14891051783161
STU_018416,82.49681863182292
STU_018417,60.76533580860851
STU_018418,95.90367307305848
STU_018419,76.78303499042053
STU_018420,88.29873181773485
STU_018421,93.71142004629695
STU_018422,90.04996032182127
STU_018423,82.74415877553014
STU_018424,57.91763327476352
STU_018425,95.60709339146095
STU_018426,79.18537685995693
STU_018427,84.93095112160614
STU_018428,73.95520877076478
STU_018429,94.2669998002104
STU_018430,62.40342152323867
STU_018431,79.20287575662866
STU_018432,96.45837102777831
STU_018433,70.9216054358566
STU_018434,77.39412493566995
STU_018435,65.2334250242137
STU_018436,74.57121186122238
STU_018437,87.65099542459855
STU_018438,65.22826906159914
STU_018439,99.81234463212641
STU_018440,79.04952269860556
STU_018441,71.01391319888674
STU_018442,76.48909893521406
STU_018443,57.517941000707275
STU_018444,68.55693956246046
STU_018445,96.18621252037744
STU_018446,79.24026544564343
STU_018447,93.62201024274864
STU_018448,64.45070398716234
STU_018449,98.31868007098859
STU_018450,69.1660454486725
STU_018451,68.39185838617396
STU_018452,57.41285482840906
STU_018453,66.33811335316146
STU_018454,51.30666088011917
STU_018455,52.11692495108676
STU_018456,74.92773428215261
STU_018457,58.55530437426225
STU_018458,73.73805784152992
STU_018459,60.55088326777515
STU_018460,70.01155202141078
STU_018461,94.8021316878178
STU_018462,52.78314179195614
STU_018463,79.91095170993276
STU_018464,64.22257277607201
STU_018465,82.37903557362742
STU_018466,60.44635195361785
STU_018467,87.62343977200695
STU_018468,74.584009706644
STU_018469,77.88306505515222
STU_018470,89.44613369749882
STU_018471,85.68082984655133
STU_018472,58.9009481031409
STU_018473,81.1835159631862
STU_018474,89.43408687078806
STU_018475,75.99396231992343
STU_018476,77.64925310900804
STU_018477,44.77743971712055
STU_018478,99.76646949198484
STU_018479,91.2615011419854
STU_018480,87.95071150964748
STU_018481,72.94033608402187
STU_018482,64.32205312808387
STU_018483,90.28454785858868
STU_018484,85.48534283801456
STU_018485,66.4841313970849
STU_018486,73.33964070583207
STU_018487,58.372126343042005
STU_018488,79.07563970614432
STU_018489,57.930911609129154
STU_018490,72.65108833569786
STU_018491,82.58974240135545
STU_018492,77.09560219584623
STU_018493,85.80810217342145
STU_018494,78.15256530264996
STU_018495,84.19971665996837
STU_018496,65.22430011210058
STU_018497,93.64100138802249
STU_018498,66.01077525294848
STU_018499,68.0268209225575
STU_018500,77.9143908104821
STU_018501,99.77909451143354
STU_018502,68.02125415319168
STU_018503,45.756670797689516
STU_018504,99.14382350813517
STU_018505,72.24617531875381
STU_018506,81.43510581394005
STU_018507,74.48494096309453
STU_018508,81.94122145510372
STU_018509,57.466628600391445
STU_018510,81.47442249912572
STU_018511,74.36105801515222
STU_018512,83.99087454622648
STU_018513,78.65663797280195
STU_018514,61.465571810608395
STU_018515,66.62310208721519
STU_018516,61.6135558578966
STU_018517,82.48803176807667
STU_018518,60.4777318350482
STU_018519,58.05310003175598
STU_018520,92.29024953807249
STU_018521,73.46732766895141
STU_018522,85.73666948526521
STU_018523,84.1861482999163
STU_018524,91.70678955917865
STU_018525,74.04476506372774
STU_018526,60.580099802016804
STU_018527,87.11832586976256
STU_018528,89.1533298691218
STU_018529,76.78695457203995
STU_018530,75.52353378996112
STU_018531,88.05797408223347
STU_018532,66.90935613523561
STU_018533,68.93518404665903
STU_018534,62.685373828575685
STU_018535,87.78163409646592
STU_018536,99.16280436386776
STU_018537,84.27894458910487
STU_018538,72.83358746457151
STU_018539,59.83233239120324
STU_018540,78.5697684885401
STU_018541,66.86657382915011
STU_018542,94.22706396747552
STU_018543,70.54095342791976
STU_018544,75.78230354042762
STU_018545,69.93616219693861
STU_018546,94.8630188604462
STU_018547,72.52182628473832
STU_018548,92.16064434296221
STU_018549,85.32588319536885
STU_018550,81.84637640907535
STU_018551,72.14291782388354
STU_018552,65.27082196706503
STU_018553,66.15753872981256
STU_018554,61.62696849114654
STU_018555,56.155677775888904
STU_018556,81.0842996551356
STU_018557,61.93670266509277
STU_018558,65.33478478394406
STU_018559,67.7671011046102
STU_018560,77.78511849474293
STU_018561,77.40272780224859
STU_018562,81.4818996732756
STU_018563,75.16694913733468
STU_018564,83.95516064100205
STU_018565,61.939766942068786
STU_018566,69.4122790954652
STU_018567,91.5373274026024
STU_018568,81.37290376396314
STU_018569,83.84810724590596
STU_018570,72.63590965528158
STU_018571,90.91148906424414
STU_018572,59.6914260538025
STU_018573,84.66569004276678
STU_018574,73.31391120753779
STU_018575,70.41664210845856
STU_018576,76.30694737149778
STU_018577,68.48118821266152
STU_018578,79.99683876701474
STU_018579,52.648858969490746
STU_018580,99.14411534138695
STU_018581,71.6498500638547
STU_018582,79.90153976313582
STU_018583,95.5308958728759
STU_018584,86.0470165393644
STU_018585,69.88765372170316
STU_018586,91.34442682865848
STU_018587,96.26448519046798
STU_018588,52.492653354544345
STU_018589,83.11602916241618
STU_018590,73.1178385991524
STU_018591,89.62700150874328
STU_018592,44.49517429103103
STU_018593,86.39248782824005
STU_018594,64.68602358500095
STU_018595,73.31479031678376
STU_018596,60.78913464118348
STU_018597,72.63008420540704
STU_018598,65.22572308125068
STU_018599,56.92297259417592
STU_018600,85.14742006614419
STU_018601,64.7806439848997
STU_018602,69.04760415533991
STU_018603,71.16322795986551
STU_018604,75.32088264905676
STU_018605,45.319565830650276
STU_018606,70.93832335314082
STU_018607,92.28223623482111
STU_018608,92.42467121783568
STU_018609,87.67828802163034
STU_018610,99.83535682193055
STU_018611,65.14972771051
STU_018612,75.25017136034691
STU_018613,82.72605330352673
STU_018614,75.11176046894884
STU_018615,54.16411271772816
STU_018616,81.85290845150939
STU_018617,71.81899913100933
STU_018618,63.78330519874481
STU_018619,71.8059577805643
STU_018620,91.551865437927
STU_018621,58.39939846705423
STU_018622,77.91356447459478
STU_018623,73.53863067766592
STU_018624,77.75001700290323
STU_018625,83.99864354011719
STU_018626,68.98373269493884
STU_018627,70.35469523923149
STU_018628,62.45653284869485
STU_018629,68.98062239397225
STU_018630,63.188778667506156
STU_018631,93.30825173876538
STU_018632,94.92441976650711
STU_018633,70.37635347585623
STU_018634,62.42692862256635
STU_018635,71.86005774360514
STU_018636,80.0788690653319
STU_018637,69.16390706883783
STU_018638,99.21914273291067
STU_018639,90.91993601217925
STU_018640,73.49202703052572
STU_018641,56.370143203287014
STU_018642,81.32529404136433
STU_018643,63.331329762079804
STU_018644,63.27583838969524
STU_018645,94.24082434276445
STU_018646,66.77869113908194
STU_018647,99.28601428392817
STU_018648,53.6824554130373
STU_018649,54.27136292662751
STU_018650,75.20542803678724
STU_018651,64.06169297907942
STU_018652,88.19915328551498
STU_018653,81.4261370591326
STU_018654,80.41568064134317
STU_018655,66.79386710013316
STU_018656,72.2977175390199
STU_018657,91.86384017623533
STU_018658,85.26964655849552
STU_018659,82.24048426987619
STU_018660,72.43313340549989
STU_018661,56.88819797217642
STU_018662,63.645093938173545
STU_018663,80.10593778873736
STU_018664,46.492416224793054
STU_018665,67.91803814168127
STU_018666,63.848996369217474
STU_018667,65.72727544776392
STU_018668,49.97328473665209
STU_018669,76.33395667030422
STU_018670,73.0149872493672
STU_018671,60.761346362652006
STU_018672,78.8805619045059
STU_018673,58.1982051188172
STU_018674,66.97687486700119
STU_018675,74.50523200285373
STU_018676,67.4038698785588
STU_018677,69.80584565219547
STU_018678,87.64811958617965
STU_018679,88.63016390981977
STU_018680,60.68379720238357
STU_018681,82.43668002481704
STU_018682,89.8974805095333
STU_018683,75.74312794984037
STU_018684,85.25602378145238
STU_018685,70.46864639345942
STU_018686,87.6924110064765
STU_018687,76.9608529382255
STU_018688,68.0802347424345
STU_018689,87.80574276389717
STU_018690,71.96587359368239
STU_018691,69.12549275126217
STU_018692,73.89574448917926
STU_018693,72.05262810388247
STU_018694,85.29767231587437
STU_018695,79.28324241564634
STU_018696,67.77586964677899
STU_018697,80.05694778642138
STU_018698,93.24101915423067
STU_018699,62.84758341937403
STU_018700,99.93029099396135
STU_018701,69.5563490294017
STU_018702,83.1903709256139
STU_018703,74.05113801682322
STU_018704,90.7243553163277
STU_018705,71.8159038825857
STU_018706,92.48052219231518
STU_018707,64.5820202535824
STU_018708,69.43085279246137
STU_018709,96.09986324109248
STU_018710,82.92748103735386
STU_018711,61.86021025500312
STU_018712,92.99294782476521
STU_018713,72.38455971678971
STU_018714,77.77754824362593
STU_018715,99.37935984423498
STU_018716,66.7952244344367
STU_018717,73.5551471396808
STU_018718,63.085532969590375
STU_018719,85.43499144607338
STU_018720,78.5326927508952
STU_018721,91.09396251878928
STU_018722,59.209070331415745
STU_018723,59.52224771966363
STU_018724,69.11575310780998
STU_018725,76.35337156853592
STU_018726,68.01008045662424
STU_018727,86.78814648457535
STU_018728,74.63306769606947
STU_018729,93.7348362586153
STU_018730,85.41883599913797
STU_018731,64.29731148159372
STU_018732,76.83731226242095
STU_018733,94.98635137351314
STU_018734,76.74134667064004
STU_018735,76.04031486693151
STU_018736,62.00433130708123
STU_018737,75.40180857641886
STU_018738,74.05664020632834
STU_018739,79.92447016405622
STU_018740,68.70713125578962
STU_018741,47.74745064605212
STU_018742,97.37650041324498
STU_018743,63.323544087462764
STU_018744,99.49618554071735
STU_018745,76.45815577265665
STU_018746,67.84803655697777
STU_018747,91.3863385290223
STU_018748,54.55526428414245
STU_018749,58.08255958782187
STU_018750,84.11562087320677
STU_018751,88.45413978961572
STU_018752,57.70421526655382
STU_018753,60.16757334212036
STU_018754,92.15542266216241
STU_018755,90.68328100113317
STU_018756,70.45653805995816
STU_018757,88.98291097517757
STU_018758,89.26789214496429
STU_018759,95.06379959807003
STU_018760,70.02524122261576
STU_018761,72.66812581071673
STU_018762,83.66828125154024
STU_018763,65.06590861990374
STU_018764,82.7965696365928
STU_018765,76.8847591217156
STU_018766,65.17849657044752
STU_018767,85.26127703099426
STU_018768,76.26459892435336
STU_018769,50.47035783695348
STU_018770,82.78125205130765
STU_018771,69.51419816246106
STU_018772,92.35962235286304
STU_018773,78.5761749921408
STU_018774,61.68346988361833
STU_018775,82.3231519413985
STU_018776,86.78676947205054
STU_018777,52.35423794838604
STU_018778,98.6084251201139
STU_018779,92.35441566077517
STU_018780,63.00157822995117
STU_018781,92.86017126253779
STU_018782,97.77826784862415
STU_018783,83.12842750511273
STU_018784,82.20315432720723
STU_018785,83.36832557029264
STU_018786,77.62695088819228
STU_018787,54.93762158284367
STU_018788,65.61852484609791
STU_018789,73.55250424961484
STU_018790,89.96822729908044
STU_018791,71.74498383718273
STU_018792,60.911929566710455
STU_018793,63.42210220059279
STU_018794,61.563354954153795
STU_018795,97.40831235572593
STU_018796,56.109780116894655
STU_018797,63.68424199705271
STU_018798,63.89285081246607
STU_018799,82.20053548281533
STU_018800,86.01786597298003
STU_018801,85.79078566940476
STU_018802,66.86299813849266
STU_018803,68.2741710419649
STU_018804,54.77876575873431
STU_018805,64.65421509265869
STU_018806,85.14048860339393
STU_018807,74.76951331632503
STU_018808,62.40349996293229
STU_018809,85.546982599599
STU_018810,80.49326824462104
STU_018811,50.88706107711059
STU_018812,85.04989272223987
STU_018813,70.90383415100945
STU_018814,44.57193673511285
STU_018815,86.78542778793293
STU_018816,66.11945978483205
STU_018817,67.3339992576839
STU_018818,86.38674014448615
STU_018819,70.01927846457691
STU_018820,93.2782587265519
STU_018821,80.44272252347177
STU_018822,75.8051636438669
STU_018823,96.65469067312769
STU_018824,66.26637143559603
STU_018825,70.650051942788
STU_018826,71.31321557446931
STU_018827,73.70395427698979
STU_018828,70.61011782298596
STU_018829,57.181534773767666
STU_018830,86.14546903697905
STU_018831,87.61952265390127
STU_018832,83.87447745610658
STU_018833,60.162972178767575
STU_018834,52.6828861790229
STU_018835,64.37414656068901
STU_018836,81.42674051378083
STU_018837,70.85140684101387
STU_018838,61.53753010778515
STU_018839,87.26848027870926
STU_018840,83.97520278525135
STU_018841,90.27618341895598
STU_018842,77.58414138384268
STU_018843,75.49049676952602
STU_018844,66.94339812108123
STU_018845,81.10821437561009
STU_018846,99.30564465597874
STU_018847,98.0240921763247
STU_018848,77.87061025070118
STU_018849,70.21832482441928
STU_018850,77.8933755668416
STU_018851,62.23370077021232
STU_018852,55.24253558857128
STU_018853,63.86059278498742
STU_018854,74.58382752171352
STU_018855,76.75883549349501
STU_018856,64.52609556336006
STU_018857,88.45145606412254
STU_018858,83.1293829725608
STU_018859,94.81098798942732
STU_018860,73.22734554718141
STU_018861,76.6387019831847
STU_018862,95.54709345551998
STU_018863,68.0591929980082
STU_018864,61.0664285543664
STU_018865,78.14623189371352
STU_018866,74.04259919376204
STU_018867,66.52883151836049
STU_018868,78.73324028296894
STU_018869,73.77832752416637
STU_018870,89.42947261126909
STU_018871,98.02604493589385
STU_018872,81.59554528959556
STU_018873,73.67365048611545
STU_018874,88.11554441405215
STU_018875,99.04139544827186
STU_018876,66.14130137289831
STU_018877,60.97702654808802
STU_018878,94.90135034074862
STU_018879,85.21630569109846
STU_018880,77.68734573556156
STU_018881,63.93568137172814
STU_018882,72.1196777875837
STU_018883,74.06555961998635
STU_018884,94.4909879401419
STU_018885,55.94540220481832
STU_018886,88.52232307978736
STU_018887,65.83757738359174
STU_018888,89.85695528267694
STU_018889,60.28505857180642
STU_018890,44.410918738119555
STU_018891,72.34526302586089
STU_018892,78.981678537494
STU_018893,82.54018104814807
STU_018894,98.60181316404228
STU_018895,75.6189276691722
STU_018896,85.65913083264803
STU_018897,71.66564344128277
STU_018898,68.36867757942524
STU_018899,69.78276512369627
STU_018900,74.24977239867653
STU_018901,78.79134920439053
STU_018902,96.4718083321654
STU_018903,85.54008523071593
STU_018904,79.46833598862783
STU_018905,64.21351625503817
STU_018906,79.67979165132812
STU_018907,75.30536958205825
STU_018908,69.91786412565916
STU_018909,77.09042570257006
STU_018910,70.73669465720164
STU_018911,60.2550374188239
STU_018912,84.86688708878978
STU_018913,66.94071969673678
STU_018914,68.48135159833264
STU_018915,81.59637465607318
STU_018916,62.49534582731543
STU_018917,83.12966389683032
STU_018918,92.2908119861666
STU_018919,79.90799364122078
STU_018920,56.609633729503265
STU_018921,75.77110638089347
STU_018922,64.79340640652251
STU_018923,99.16014543907157
STU_018924,65.74023053807821
STU_018925,72.50438391489419
STU_018926,82.70089586665557
STU_018927,74.68706960071363
STU_018928,72.05720209081142
STU_018929,72.04384474444008
STU_018930,55.956328527733476
STU_018931,63.08126413041256
STU_018932,49.82095779938623
STU_018933,73.37753301961556
STU_018934,78.9057688389594
STU_018935,69.09603430539798
STU_018936,70.6523886138304
STU_018937,86.1233423434476
STU_018938,83.18986460400792
STU_018939,67.13745532726332
STU_018940,80.88747193093826
STU_018941,88.2119065242304
STU_018942,56.79982230012364
STU_018943,77.73976973760209
STU_018944,75.4148654643253
STU_018945,78.41462422618619
STU_018946,81.43541487864499
STU_018947,68.73683393423094
STU_018948,69.54112166514577
STU_018949,71.3178375963155
STU_018950,84.010273107755
STU_018951,67.55606436097491
STU_018952,62.53652629197374
STU_018953,73.10162034356256
STU_018954,77.31744087182274
STU_018955,78.38106205449623
STU_018956,57.116868005888946
STU_018957,74.86135265622252
STU_018958,84.5628934863421
STU_018959,79.61948997766783
STU_018960,73.6955486189849
STU_018961,65.5621898518825
STU_018962,79.23900065628936
STU_018963,91.78518053449994
STU_018964,66.0398308704417
STU_018965,87.21001384648383
STU_018966,93.86304083407637
STU_018967,94.54343514268948
STU_018968,76.64438670299968
STU_018969,76.67419099345699
STU_018970,89.48415900598278
STU_018971,61.39202690291682
STU_018972,78.44324799069253
STU_018973,86.77999554798406
STU_018974,59.5468923532338
STU_018975,87.65952589263674
STU_018976,73.312703866639
STU_018977,89.27085535175588
STU_018978,85.6793872568908
STU_018979,56.557803188988785
STU_018980,75.06869686496921
STU_018981,56.05821102012881
STU_018982,76.99475769956832
STU_018983,74.39177698144387
STU_018984,72.29219981640001
STU_018985,77.47264312552467
STU_018986,79.99578778783186
STU_018987,81.64444406398961
STU_018988,70.57227955914738
STU_018989,83.40103314691858
STU_018990,84.01603850235568
STU_018991,62.56132865859294
STU_018992,82.71966988135782
STU_018993,80.58775029148748
STU_018994,85.86078045104878
STU_018995,94.48487791268823
STU_018996,63.97733873613008
STU_018997,71.14933731440638
STU_018998,78.60080748531533
STU_018999,93.23055949981406
STU_019000,74.73179543060239
STU_019001,61.41087540293306
STU_019002,75.25166272346105
STU_019003,93.07434813467543
STU_019004,79.69100356565063
STU_019005,96.07488771987158
STU_019006,93.56679741651975
STU_019007,99.88346015050882
STU_019008,76.07869439010484
STU_019009,99.16549680127291
STU_019010,47.260433519147256
STU_019011,80.77796926168183
STU_019012,74.40584335946642
STU_019013,59.26610302084022
STU_019014,99.85865798586075
STU_019015,53.579841624542354
STU_019016,64.51681688196885
STU_019017,95.93084252722316
STU_019018,73.72022652401654
STU_019019,72.3903320276118
STU_019020,98.83804426687347
STU_019021,47.867962317887105
STU_019022,73.03709550458872
STU_019023,89.30915771554676
STU_019024,75.29107894103248
STU_019025,94.99899355323123
STU_019026,98.12024986956708
STU_019027,76.64464050847374
STU_019028,58.170063764999206
STU_019029,60.2563794660893
STU_019030,72.05463808815037
STU_019031,80.95331200903655
STU_019032,81.99897930548957
STU_019033,77.14011738373614
STU_019034,69.25096149132122
STU_019035,83.95806024033567
STU_019036,93.74974548971028
STU_019037,86.78119290230183
STU_019038,67.62605184630678
STU_019039,82.3721833154851
STU_019040,70.62397358181481
STU_019041,77.46409739882363
STU_019042,78.95479325853464
STU_019043,85.97262123052526
STU_019044,85.9363259598613
STU_019045,74.87459584102179
STU_019046,62.73176265610961
STU_019047,47.479065848838175
STU_019048,85.20482502972199
STU_019049,55.445828851594584
STU_019050,88.71987474066765
STU_019051,62.80913151361513
STU_019052,73.14579958293328
STU_019053,78.0620741349277
STU_019054,73.39951974298415
STU_019055,48.94484064894904
STU_019056,83.94017752783657
STU_019057,79.2306567550182
STU_019058,84.72756942989398
STU_019059,48.878838168415285
STU_019060,64.58381488414258
STU_019061,49.67271709274978
STU_019062,87.11668918314713
STU_019063,73.82546749533422
STU_019064,61.768735997784404
STU_019065,96.41269760334937
STU_019066,59.99382576095454
STU_019067,79.73981681352288
STU_019068,64.65260322692437
STU_019069,60.46261606025372
STU_019070,73.32394091870391
STU_019071,62.98512516114513
STU_019072,99.65744878091782
STU_019073,62.30805801907023
STU_019074,66.0861109240675
STU_019075,60.2749036599043
STU_019076,58.670872740942805
STU_019077,96.55967548384635
STU_019078,96.2596957160579
STU_019079,89.06251337977756
STU_019080,54.97268925013417
STU_019081,83.82262900218561
STU_019082,85.60692552706516
STU_019083,61.43613785110364
STU_019084,55.24070425191152
STU_019085,59.660549111109304
STU_019086,50.963382468119384
STU_019087,76.32835425342195
STU_019088,71.39942102763587
STU_019089,87.70689983845566
STU_019090,93.1493716703001
STU_019091,78.38859329414767
STU_019092,84.96173417482336
STU_019093,73.27800612516035
STU_019094,86.59294698603372
STU_019095,75.37076288929225
STU_019096,81.62916396110026
STU_019097,85.42727591544205
STU_019098,58.46227469205428
STU_019099,66.9286470065003
STU_019100,69.14055632870705
STU_019101,60.044924831862744
STU_019102,75.71373222157038
STU_019103,87.3989502010107
STU_019104,64.98571002060413
STU_019105,65.82458068858702
STU_019106,61.152282101678345
STU_019107,87.34977879034685
STU_019108,70.24279751093616
STU_019109,98.99509792786591
STU_019110,94.91229989549117
STU_019111,77.30210444107804
STU_019112,99.40491895835834
STU_019113,82.70672064173925
STU_019114,97.65799367007415
STU_019115,85.1784093919104
STU_019116,87.23091533592876
STU_019117,61.46814408463843
STU_019118,80.07328748276618
STU_019119,74.46546128806766
STU_019120,62.49504574956926
STU_019121,96.2703641370108
STU_019122,82.97205675714784
STU_019123,68.02067641766354
STU_019124,96.42859825985461
STU_019125,72.52274919079542
STU_019126,71.9246844487026
STU_019127,73.66767125530211
STU_019128,92.16043416746587
STU_019129,60.798267408219715
STU_019130,59.28940849729668
STU_019131,79.58290769078704
STU_019132,90.37234624661293
STU_019133,54.239685761444235
STU_019134,65.7252370883379
STU_019135,98.84740512769378
STU_019136,93.08941616830272
STU_019137,59.079838039945926
STU_019138,89.86107170333744
STU_019139,88.26859269089556
STU_019140,81.35294588417634
STU_019141,96.01082273240225
STU_019142,84.59870730007425
STU_019143,78.86821584403457
STU_019144,76.21760578431957
STU_019145,65.75413028557945
STU_019146,93.39126474225998
STU_019147,72.14934283796308
STU_019148,98.27259772745799
STU_019149,76.59441203726996
STU_019150,76.5207756321917
STU_019151,96.36244350923769
STU_019152,45.730363918353206
STU_019153,65.70250448809662
STU_019154,93.72899027009177
STU_019155,99.76672757692538
STU_019156,83.1728614984315
STU_019157,93.62914452412197
STU_019158,50.80234384052934
STU_019159,69.38686173722624
STU_019160,64.51277340126276
STU_019161,61.05010681561731
STU_019162,63.23202729735803
STU_019163,72.71835841562347
STU_019164,71.48360823946196
STU_019165,74.77440206737805
STU_019166,94.78184398683595
STU_019167,90.71208269211681
STU_019168,83.60387892626372
STU_019169,73.66512180901472
STU_019170,85.84274355735366
STU_019171,76.63200010906738
STU_019172,81.09691938154644
STU_019173,81.47992854002995
STU_019174,59.60686365944681
STU_019175,74.31241858283046
STU_019176,76.32077688691301
STU_019177,97.27200748946323
STU_019178,39.52628014661519
STU_019179,79.74156621409807
STU_019180,75.62801845657089
STU_019181,94.7815058186788
STU_019182,56.94232002827084
STU_019183,96.26762967602693
STU_019184,90.63823091713058
STU_019185,96.13232090206105
STU_019186,98.08601156345593
STU_019187,73.18354535961628
STU_019188,98.85662670871562
STU_019189,90.87024905926484
STU_019190,72.96228219801867
STU_019191,64.61814300929977
STU_019192,98.1726815614723
STU_019193,66.7418130454152
STU_019194,72.71719143946713
STU_019195,81.6629093319076
STU_019196,82.66532725363408
STU_019197,92.16642017460421
STU_019198,74.74939861689465
STU_019199,99.32650626344085
STU_019200,65.47453034311934
STU_019201,90.74303847332084
STU_019202,78.35526743971792
STU_019203,53.374685344525346
STU_019204,62.14668418875575
STU_019205,81.54549722995856
STU_019206,46.062424931862815
STU_019207,67.42400770337329
STU_019208,69.38893106081596
STU_019209,74.10182368766621
STU_019210,58.56204693562421
STU_019211,64.25300964552991
STU_019212,70.68142436135037
STU_019213,70.46955853820641
STU_019214,73.81877069971662
STU_019215,99.06968779266941
STU_019216,67.0972436297977
STU_019217,72.85842932572514
STU_019218,51.76220287311788
STU_019219,80.35306829896759
STU_019220,74.68523716146868
STU_019221,64.34301019581947
STU_019222,82.18487314318065
STU_019223,74.64720433489491
STU_019224,96.18175053954707
STU_019225,54.757951517914535
STU_019226,57.24504702094862
STU_019227,64.24144508417413
STU_019228,59.87211324291454
STU_019229,76.23089958351372
STU_019230,65.45361240517005
STU_019231,89.72352428994219
STU_019232,91.43595511486984
STU_019233,57.86193593600968
STU_019234,65.94125899567102
STU_019235,80.2129487749614
STU_019236,76.83353648481298
STU_019237,76.64913950401738
STU_019238,73.97274849797299
STU_019239,84.08899748159618
STU_019240,81.952055437832
STU_019241,95.9985312727436
STU_019242,68.89964300261582
STU_019243,86.76886744679614
STU_019244,75.92932571151293
STU_019245,52.92217810113958
STU_019246,58.81937727565651
STU_019247,94.73480492983109
STU_019248,84.32373196793989
STU_019249,95.54249258765998
STU_019250,60.0805178953636
STU_019251,95.68179580287818
STU_019252,72.17490337158443
STU_019253,61.810834280473884
STU_019254,47.70044410020274
STU_019255,67.11814460066562
STU_019256,93.78009487966207
STU_019257,63.94426784817691
STU_019258,51.563746036736205
STU_019259,71.65274043577477
STU_019260,80.47312030551097
STU_019261,68.25627239208964
STU_019262,86.99507302936472
STU_019263,71.98966038194177
STU_019264,72.06530511863099
STU_019265,89.17317809829805
STU_019266,83.38249231829212
STU_019267,56.2691393775594
STU_019268,69.6408958974826
STU_019269,79.16051558169556
STU_019270,87.4646626138134
STU_019271,53.07540373787111
STU_019272,66.05749877171363
STU_019273,98.35879110268766
STU_019274,99.0779784483785
STU_019275,99.14615720833837
STU_019276,59.147073599348744
STU_019277,98.28537808914953
STU_019278,84.42111280200558
STU_019279,76.66937965035552
STU_019280,64.12524978661278
STU_019281,86.53684070914568
STU_019282,61.64179291402138
STU_019283,99.70549332333081
STU_019284,82.96074324907208
STU_019285,76.82234498343328
STU_019286,92.8669177409366
STU_019287,76.46975895525998
STU_019288,61.054697566547105
STU_019289,88.7785427174372
STU_019290,80.75799754832877
STU_019291,74.23544571202895
STU_019292,80.34277988948655
STU_019293,64.13714638511007
STU_019294,75.61602225114763
STU_019295,61.82768788964077
STU_019296,66.77561624627145
STU_019297,80.47535135103323
STU_019298,88.84499986926406
STU_019299,92.58726271804784
STU_019300,80.55088860371275
STU_019301,69.77421836623901
STU_019302,81.72622236300329
STU_019303,65.99227467950061
STU_019304,93.01815995607087
STU_019305,69.54337565392089
STU_019306,56.967419955847504
STU_019307,61.9085362232767
STU_019308,52.528859873780064
STU_019309,69.29281437801845
STU_019310,92.62776298010135
STU_019311,88.38178744719254
STU_019312,70.75619528687
STU_019313,84.04261487892622
STU_019314,86.84823687793116
STU_019315,73.11223415885206
STU_019316,92.33267233589311
STU_019317,74.81041908210645
STU_019318,84.28265221822893
STU_019319,90.20303453350726
STU_019320,98.94089465328386
STU_019321,73.83275629883987
STU_019322,87.12031154524682
STU_019323,70.33642960329173
STU_019324,94.11358918955688
STU_019325,73.66089922898502
STU_019326,94.56386690366276
STU_019327,95.00238629262184
STU_019328,94.39969741521762
STU_019329,91.46198910609608
STU_019330,77.12838094017033
STU_019331,72.32811580697212
STU_019332,70.71834649360517
STU_019333,87.58091700995143
STU_019334,60.38172607064064
STU_019335,65.99905094163216
STU_019336,67.15405916506506
STU_019337,97.74479582380559
STU_019338,63.332504536326596
STU_019339,90.84289045435244
STU_019340,98.36951569071857
STU_019341,74.56038972604273
STU_019342,60.87961316285928
STU_019343,70.29280677244381
STU_019344,64.43992974274487
STU_019345,66.4634889390022
STU_019346,75.33115907557428
STU_019347,52.61053607878287
STU_019348,92.75771396008359
STU_019349,81.21086732514539
STU_019350,58.888841588230136
STU_019351,90.73632981897597
STU_019352,81.23121799836315
STU_019353,84.93658464643607
STU_019354,67.40146051467738
STU_019355,75.67958298221733
STU_019356,56.56154815567453
STU_019357,57.73521059674239
STU_019358,77.18693128913932
STU_019359,85.16419600624896
STU_019360,61.1679941948492
STU_019361,84.00662884722723
STU_019362,58.116409232813496
STU_019363,70.30953110363815
STU_019364,73.60732892314681
STU_019365,89.86767172340886
STU_019366,96.58057670315482
STU_019367,99.80846028470597
STU_019368,75.31254970548275
STU_019369,76.45085301217858
STU_019370,71.73356432726828
STU_019371,81.53396432918558
STU_019372,69.20223122864849
STU_019373,61.60450073915784
STU_019374,67.24323739244136
STU_019375,81.36814052508787
STU_019376,93.6495910929131
STU_019377,92.10221988323227
STU_019378,66.29803163277936
STU_019379,54.61357600570149
STU_019380,90.84865311389278
STU_019381,64.84722945441229
STU_019382,67.25149595371806
STU_019383,85.04610003745648
STU_019384,62.88327998241316
STU_019385,84.23228306330714
STU_019386,69.33015179031071
STU_019387,56.890076388450694
STU_019388,66.21296134527188
STU_019389,99.17026817074907
STU_019390,43.99597484223961
STU_019391,78.20902548133155
STU_019392,77.83396842054894
STU_019393,75.78657026084157
STU_019394,73.82663070503753
STU_019395,77.83061037733384
STU_019396,98.61640694988071
STU_019397,72.02629308117154
STU_019398,57.51644111785127
STU_019399,56.31293962207961
STU_019400,96.81240916084028
STU_019401,62.96280555340893
STU_019402,63.62068788544854
STU_019403,84.58862752781425
STU_019404,87.5823596171746
STU_019405,78.47839540208946
STU_019406,74.01101843353118
STU_019407,64.03997586605166
STU_019408,82.32054451351645
STU_019409,74.85054248999577
STU_019410,72.81573563340658
STU_019411,88.08904149384419
STU_019412,58.32562688453592
STU_019413,73.82606619792784
STU_019414,70.28385204213699
STU_019415,87.29837339342669
STU_019416,82.11479361672312
STU_019417,92.09070031432219
STU_019418,92.84986544153517
STU_019419,71.19012644226109
STU_019420,72.15596238082496
STU_019421,82.94246796788175
STU_019422,78.22659107126081
STU_019423,73.62812223334831
STU_019424,94.32239925200719
STU_019425,61.99016433150854
STU_019426,79.61586525202998
STU_019427,86.29723493976846
STU_019428,93.87870047504538
STU_019429,69.0169819024845
STU_019430,83.70025977418065
STU_019431,50.179922936903694
STU_019432,76.72842680908131
STU_019433,62.140880583198495
STU_019434,52.388550043067866
STU_019435,98.03154753579622
STU_019436,58.10372347996794
STU_019437,94.79493283464338
STU_019438,82.54889242315525
STU_019439,54.13416075613894
STU_019440,64.1267472819411
STU_019441,80.06175039515138
STU_019442,73.92348504614762
STU_019443,60.02648861041288
STU_019444,96.96076481831142
STU_019445,92.06099727423269
STU_019446,49.691078904416216
STU_019447,77.55700209131726
STU_019448,68.17376440502409
STU_019449,60.49648899225838
STU_019450,68.31922795736254
STU_019451,67.98423072030286
STU_019452,84.7998907914114
STU_019453,81.36658357424741
STU_019454,73.20206174940228
STU_019455,70.79557293866074
STU_019456,70.55652393109177
STU_019457,64.62072382076502
STU_019458,69.8279351146327
STU_019459,62.51630767672812
STU_019460,88.92419860109837
STU_019461,96.4530265824005
STU_019462,98.6537552619366
STU_019463,66.95831325902671
STU_019464,76.70570678950442
STU_019465,65.78693825461777
STU_019466,67.9815598582307
STU_019467,71.85258700095444
STU_019468,85.6158300563286
STU_019469,73.06174775146783
STU_019470,94.62730626932378
STU_019471,98.1824200983424
STU_019472,85.84577731472244
STU_019473,90.56113618567365
STU_019474,63.57468208920284
STU_019475,61.512217572916924
STU_019476,94.20126666961471
STU_019477,65.73165973567201
STU_019478,71.9830786949276
STU_019479,71.37963255230328
STU_019480,92.43352260584763
STU_019481,69.2668346553097
STU_019482,71.63252547532538
STU_019483,70.50260588623274
STU_019484,82.66845201255003
STU_019485,59.278599899076475
STU_019486,41.09291695335095
STU_019487,66.48933565857403
STU_019488,93.63335204244666
STU_019489,64.62896746940285
STU_019490,74.39614281686057
STU_019491,58.53258801329384
STU_019492,73.9090947791618
STU_019493,62.51586349237704
STU_019494,61.3041969244472
STU_019495,93.06437435408421
STU_019496,94.3300360229453
STU_019497,53.58787052559747
STU_019498,90.22871507581392
STU_019499,91.88086854818314
STU_019500,89.1101710290097
STU_019501,85.81284350652793
STU_019502,61.798495183816456
STU_019503,68.05597311376971
STU_019504,95.26974696907922
STU_019505,60.143696806332244
STU_019506,79.59316233334914
STU_019507,91.67492904977267
STU_019508,96.93174213775974
STU_019509,97.35339241525035
STU_019510,90.87662165102445
STU_019511,53.89462930511209
STU_019512,78.58903487972198
STU_019513,65.14799046442752
STU_019514,56.1279406907495
STU_019515,63.131232429086644
STU_019516,86.15136677525886
STU_019517,62.41523017045696
STU_019518,65.21024105012552
STU_019519,66.83012911601193
STU_019520,83.3471101174227
STU_019521,64.8870914409199
STU_019522,73.41017363477046
STU_019523,95.59057365953142
STU_019524,81.95680134606245
STU_019525,88.68199216312232
STU_019526,73.48774846776314
STU_019527,72.21696209989605
STU_019528,71.37841219774722
STU_019529,91.52827492935492
STU_019530,96.0274664267184
STU_019531,90.6052280780876
STU_019532,46.763191348540296
STU_019533,76.83461801013686
STU_019534,72.75399400827455
STU_019535,70.94076950104841
STU_019536,64.38697496127827
STU_019537,52.21764582714242
STU_019538,74.96206662637178
STU_019539,67.69881159915441
STU_019540,60.24955204062525
STU_019541,77.23712257100607
STU_019542,99.41089710943655
STU_019543,99.712776092995
STU_019544,73.39561879855353
STU_019545,88.95006532367641
STU_019546,55.787250908024404
STU_019547,66.50230463946285
STU_019548,88.11909782814493
STU_019549,88.68779031253698
STU_019550,95.75466804310523
STU_019551,77.3650881404117
STU_019552,68.6474446562575
STU_019553,74.09484049787247
STU_019554,61.35049326302243
STU_019555,99.64187642601357
STU_019556,71.68144027801078
STU_019557,99.03350749781089
STU_019558,57.59080029786227
STU_019559,87.84153333903691
STU_019560,76.5072797424968
STU_019561,42.71028748718549
STU_019562,95.28390629558315
STU_019563,73.81382707876928
STU_019564,68.8262572873622
STU_019565,60.76459626527178
STU_019566,80.49280741801827
STU_019567,82.8688264541597
STU_019568,68.8979617606714
STU_019569,64.09147909618122
STU_019570,70.24197857608704
STU_019571,46.9317959217623
STU_019572,63.80965898869799
STU_019573,68.889847481688
STU_019574,80.07784550112167
STU_019575,80.18301857737167
STU_019576,92.99109596545362
STU_019577,65.92384029597474
STU_019578,63.14804521692322
STU_019579,72.91340488451726
STU_019580,66.5567030965433
STU_019581,99.47408973694536
STU_019582,78.0414261453034
STU_019583,70.71138687377206
STU_019584,66.24079855670166
STU_019585,84.11537446233757
STU_019586,73.75432179979322
STU_019587,91.67264257223019
STU_019588,78.22170878592591
STU_019589,63.843147225332444
STU_019590,99.22533514507559
STU_019591,92.285463141508
STU_019592,71.5794588854395
STU_019593,67.66513219874395
STU_019594,95.06869337160875
STU_019595,75.03841028592333
STU_019596,95.37377353010518
STU_019597,68.73158322694454
STU_019598,76.0443061920437
STU_019599,66.45250625923211
STU_019600,99.0239091452584
STU_019601,80.90737013309163
STU_019602,76.63748307822982
STU_019603,96.93484629961175
STU_019604,93.833811092697
STU_019605,75.10102631730699
STU_019606,83.6285207421874
STU_019607,58.185568565178684
STU_019608,72.20211262980206
STU_019609,90.48775483101943
STU_019610,61.649635919324396
STU_019611,69.37169203064335
STU_019612,58.398907880347735
STU_019613,56.187263910101926
STU_019614,63.4405234884026
STU_019615,94.72774892595501
STU_019616,67.79072526861731
STU_019617,76.55072492115444
STU_019618,61.07775520728702
STU_019619,87.97997790167463
STU_019620,74.70113873371508
STU_019621,73.26368240175266
STU_019622,79.1818787805436
STU_019623,72.715729064852
STU_019624,98.73202738404805
STU_019625,37.686474722763215
STU_019626,88.88398888612215
STU_019627,94.50731839002694
STU_019628,70.88513988237929
STU_019629,78.921560525913
STU_019630,96.46069587857238
STU_019631,59.792765783184876
STU_019632,96.55631793763033
STU_019633,91.43549536839535
STU_019634,88.70922573092653
STU_019635,76.0042165094402
STU_019636,61.04739398249977
STU_019637,81.85506165490764
STU_019638,65.21857010165805
STU_019639,66.28429373645729
STU_019640,82.29156869859463
STU_019641,94.1781123173095
STU_019642,79.46301017507109
STU_019643,88.4093589160937
STU_019644,73.73339791691575
STU_019645,73.91129187691587
STU_019646,69.80704508750114
STU_019647,77.86097383477377
STU_019648,55.6239128840072
STU_019649,59.64856806257118
STU_019650,68.3707228903243
STU_019651,74.68329488830351
STU_019652,71.26786896633637
STU_019653,70.89367977704723
STU_019654,53.866276503991216
STU_019655,59.80653531493758
STU_019656,48.61622126404642
STU_019657,75.58320951808251
STU_019658,68.91217196175043
STU_019659,78.27868818029164
STU_019660,66.08428298577927
STU_019661,79.40511829607618
STU_019662,69.0564205580726
STU_019663,76.56162333244741
STU_019664,63.58165194456838
STU_019665,88.65284923362131
STU_019666,90.36456792821545
STU_019667,73.13919172821123
STU_019668,54.061789649060586
STU_019669,61.407971822709676
STU_019670,87.72154175657744
STU_019671,52.63301555865288
STU_019672,82.70170504811881
STU_019673,77.27173727248392
STU_019674,80.26387627264636
STU_019675,78.69229840051402
STU_019676,81.67435587847778
STU_019677,89.93707949576587
STU_019678,99.58755169109368
STU_019679,93.46082863797004
STU_019680,84.9666933762006
STU_019681,94.94926408887008
STU_019682,95.88325748061463
STU_019683,68.22429980621757
STU_019684,68.87469739302233
STU_019685,93.37067986819658
STU_019686,84.62160643249082
STU_019687,63.81385856329311
STU_019688,79.0886287463054
STU_019689,65.12806493349773
STU_019690,78.80934775443654
STU_019691,62.1379732959266
STU_019692,54.45995612102977
STU_019693,98.96894649956997
STU_019694,80.22917645736325
STU_019695,56.60436256156676
STU_019696,65.45064802013243
STU_019697,94.98583631607463
STU_019698,94.60632873958517
STU_019699,81.5951648740548
STU_019700,85.13824281679398
STU_019701,76.40062547405407
STU_019702,77.52075168175656
STU_019703,82.08659719547856
STU_019704,74.95083316220173
STU_019705,58.54520060792461
STU_019706,92.80682418838583
STU_019707,59.511921215213235
STU_019708,77.46929191028896
STU_019709,72.37957576282616
STU_019710,62.755054453553726
STU_019711,97.67159545039087
STU_019712,48.178775046749024
STU_019713,92.74758651893814
STU_019714,61.27626629373002
STU_019715,87.28611147867032
STU_019716,84.46316812365258
STU_019717,96.3419999421515
STU_019718,68.7430293768591
STU_019719,93.96676960486286
STU_019720,96.22004671309472
STU_019721,54.547647206241734
STU_019722,74.00614712941456
STU_019723,76.9491451643419
STU_019724,72.67531174968701
STU_019725,90.29370169625824
STU_019726,59.66386397453441
STU_019727,92.15901825029093
STU_019728,78.97248900089093
STU_019729,67.53786539630995
STU_019730,71.6209365971695
STU_019731,61.64181905413031
STU_019732,89.22690492733653
STU_019733,77.1204799717796
STU_019734,77.01515161938704
STU_019735,86.69759809258085
STU_019736,98.55066554609573
STU_019737,96.45675607053423
STU_019738,86.66452809592356
STU_019739,68.77009913430155
STU_019740,72.31221653049938
STU_019741,99.29177077735122
STU_019742,79.56775777242076
STU_019743,84.95554157593801
STU_019744,74.22571581925175
STU_019745,83.68916282870835
STU_019746,95.4303206881192
STU_019747,78.04715743596896
STU_019748,59.00703688154982
STU_019749,64.9821150489278
STU_019750,72.86668343354685
STU_019751,73.94414154618494
STU_019752,61.84115521623626
STU_019753,94.33035201989338
STU_019754,70.41825561748743
STU_019755,83.15430781060171
STU_019756,52.13280313096267
STU_019757,89.64230472526123
STU_019758,59.18346785480813
STU_019759,75.13851653141887
STU_019760,79.79571013075002
STU_019761,68.35457631290504
STU_019762,87.08513463684153
STU_019763,71.35229604081381
STU_019764,61.500036444437065
STU_019765,90.84570680576536
STU_019766,64.83366627250774
STU_019767,54.016102949419405
STU_019768,79.98884308178123
STU_019769,61.98691385079185
STU_019770,78.59396743309013
STU_019771,94.18089948728944
STU_019772,70.30909756491414
STU_019773,89.70774592767043
STU_019774,47.35069502611512
STU_019775,87.227434523413
STU_019776,57.55595447064837
STU_019777,71.54731353056941
STU_019778,74.7562385912314
STU_019779,73.25237121875058
STU_019780,88.45857285717543
STU_019781,52.58165252827965
STU_019782,76.70261629061345
STU_019783,65.96297764005448
STU_019784,82.5530111477853
STU_019785,78.26601562448442
STU_019786,52.5806978072316
STU_019787,73.25133261742609
STU_019788,72.14504100828769
STU_019789,79.99507293804348
STU_019790,63.89098147198423
STU_019791,52.582781288005705
STU_019792,80.57206200071118
STU_019793,66.11127818109003
STU_019794,87.15701248248268
STU_019795,73.0023256562387
STU_019796,83.96928811888574
STU_019797,43.85636592065557
STU_019798,92.66025384743074
STU_019799,80.23703635495116
STU_019800,51.68985235071006
STU_019801,77.72818806764994
STU_019802,96.58488927043925
STU_019803,66.7370284310219
STU_019804,77.76886239642741
STU_019805,74.11042409028045
STU_019806,61.21576693888454
STU_019807,59.15656750061788
STU_019808,67.42644237413538
STU_019809,96.3335334306756
STU_019810,64.00039642965712
STU_019811,67.06367619807298
STU_019812,85.7028502800463
STU_019813,75.1649762393076
STU_019814,81.61195909292877
STU_019815,90.15306078969552
STU_019816,73.0056159169935
STU_019817,93.68273048480387
STU_019818,67.98916081667254
STU_019819,96.67852167015964
STU_019820,53.71516737067677
STU_019821,84.29941682582196
STU_019822,62.5944337020849
STU_019823,78.8831929399446
STU_019824,99.63964235785512
STU_019825,78.2406002609525
STU_019826,83.95915153272946
STU_019827,80.93142213868151
STU_019828,82.67445056738492
STU_019829,74.1674975676452
STU_019830,97.62666211621928
STU_019831,86.4561719276858
STU_019832,90.25125200445376
STU_019833,71.37235178835657
STU_019834,71.53898588222934
STU_019835,67.93304105536001
STU_019836,86.48002704496582
STU_019837,75.41773587173992
STU_019838,75.86611488156245
STU_019839,81.56391866592003
STU_019840,63.282248974367846
STU_019841,66.78750102615294
STU_019842,71.50064921516616
STU_019843,67.36605954241611
STU_019844,72.27040932154274
STU_019845,74.68411211553652
STU_019846,96.26872207503254
STU_019847,98.63242142750026
STU_019848,67.04221372033669
STU_019849,94.52371990646265
STU_019850,77.36692295624408
STU_019851,98.92563529082165
STU_019852,61.12442991896988
STU_019853,89.458074157119
STU_019854,79.72153747033016
STU_019855,75.79355217353884
STU_019856,68.09004073824917
STU_019857,83.80936962540157
STU_019858,97.81247935905166
STU_019859,94.05835631188377
STU_019860,86.11762063909168
STU_019861,64.1798153412892
STU_019862,67.90965471348046
STU_019863,77.0212551563055
STU_019864,80.38774594605714
STU_019865,92.46150429999923
STU_019866,92.15935155745083
STU_019867,76.05092590082741
STU_019868,79.56824136537423
STU_019869,72.50697140062417
STU_019870,73.72453250727155
STU_019871,92.7174599645615
STU_019872,99.79870878886571
STU_019873,77.07802446686027
STU_019874,51.07578364056083
STU_019875,78.4062898013058
STU_019876,99.4169248579896
STU_019877,65.25664203513949
STU_019878,61.683069807247094
STU_019879,91.66562036999403
STU_019880,54.03528266524273
STU_019881,69.94295560754253
STU_019882,90.93570276328757
STU_019883,62.04173675463908
STU_019884,67.38443955518144
STU_019885,79.83336557575105
STU_019886,73.7350216243982
STU_019887,99.5103880575033
STU_019888,60.19490072741512
STU_019889,84.37972442141357
STU_019890,77.0949263277525
STU_019891,77.03133575056117
STU_019892,65.3534163412465
STU_019893,94.31322729249527
STU_019894,58.80911968113179
STU_019895,75.40846314878853
STU_019896,82.01313158140852
STU_019897,79.56893197429474
STU_019898,72.41081098029676
STU_019899,80.84367910329776
STU_019900,85.27112077317068
STU_019901,65.74304599609053
STU_019902,74.48542842048082
STU_019903,85.17230116643368
STU_019904,66.87465349858122
STU_019905,76.70144282979295
STU_019906,71.26475314085883
STU_019907,59.85840309887943
STU_019908,51.27063791381423
STU_019909,65.43852595451487
STU_019910,96.70570564437361
STU_019911,98.41240080302315
STU_019912,64.22767647860218
STU_019913,77.537660329729
STU_019914,56.78103130751704
STU_019915,77.11150065910955
STU_019916,62.755496257898194
STU_019917,62.88840868838564
STU_019918,95.50667460752474
STU_019919,70.34407150297642
STU_019920,96.14408883320378
STU_019921,67.9089343323217
STU_019922,97.46050461308941
STU_019923,59.20630000251156
STU_019924,98.89920859959071
STU_019925,88.79218590725989
STU_019926,68.8198275170316
STU_019927,79.80622725682689
STU_019928,79.6566640686194
STU_019929,84.9318755396263
STU_019930,69.18132581914274
STU_019931,97.30821337863428
STU_019932,84.99214965926518
STU_019933,60.05943985624823
STU_019934,89.07334630899614
STU_019935,51.252696178421495
STU_019936,85.57700712649594
STU_019937,82.78672504715159
STU_019938,67.38206605843456
STU_019939,87.69828312130718
STU_019940,86.17484318171284
STU_019941,71.27896002194599
STU_019942,72.44699782636461
STU_019943,82.00543750725825
STU_019944,96.5153853703848
STU_019945,78.7123134011479
STU_019946,90.49859998743322
STU_019947,75.58720584743406
STU_019948,88.41186883348956
STU_019949,79.79311562606796
STU_019950,72.43587063511812
STU_019951,65.2487065389104
STU_019952,55.187400755046056
STU_019953,66.64453968300796
STU_019954,82.38792465558173
STU_019955,67.50746963490722
STU_019956,57.70882271281437
STU_019957,79.1243014730784
STU_019958,76.36560475750238
STU_019959,76.59405301137159
STU_019960,65.48287318629271
STU_019961,69.09906225490863
STU_019962,80.83126710017808
STU_019963,60.99791659559298
STU_019964,70.56058251490774
STU_019965,64.50351526643506
STU_019966,84.02961713638935
STU_019967,97.73565524973468
STU_019968,73.26301204348319
STU_019969,54.29647948806127
STU_019970,94.2291374227198
STU_019971,90.87805596527424
STU_019972,74.13940535265228
STU_019973,78.49067909142036
STU_019974,87.89382545836854
STU_019975,74.46178547698136
STU_019976,75.41243449162937
STU_019977,67.19224572910701
STU_019978,55.39987972221975
STU_019979,55.25104955237967
STU_019980,61.14818350687807
STU_019981,99.61999529595619
STU_019982,76.24290379170998
STU_019983,87.8263086724137
STU_019984,96.37082228819489
STU_019985,82.20145728702431
STU_019986,96.21807339203198
STU_019987,83.65668356387602
STU_019988,65.92417501851466
STU_019989,68.81541722714935
STU_019990,77.9065812953087
STU_019991,85.3538123826848
STU_019992,87.80457532303878
STU_019993,85.9346110268966
STU_019994,51.04379190422483
STU_019995,77.31457866965516
STU_019996,62.266291757729974
STU_019997,83.4756623228433
STU_019998,54.18841572235116
STU_019999,93.0194223327381
STU_020000,73.86786328931038
