student_id,career_success_score
STU_010001,59.30313643423172
STU_010002,80.62041815635325
STU_010003,74.67005331445002
STU_010004,97.69868438500839
STU_010005,78.0144826859414
STU_010006,70.68411262703107
STU_010007,73.45215317530847
STU_010008,73.90134303495239
STU_010009,69.3376484793801
STU_010010,58.721210345477324
STU_010011,95.86762332914691
STU_010012,77.29999410983204
STU_010013,79.85292462840641
STU_010014,93.14286860219345
STU_010015,52.15758052156955
STU_010016,68.84440581321931
STU_010017,59.65204336085105
STU_010018,60.27148183673569
STU_010019,89.12417364761397
STU_010020,69.61025185558081
STU_010021,85.58531661699908
STU_010022,96.40401870621442
STU_010023,91.4563536028254
STU_010024,65.99036425114878
STU_010025,78.33884605702166
STU_010026,91.34107659605678
STU_010027,75.34001427295377
STU_010028,88.55413552823424
STU_010029,96.82772017170996
STU_010030,61.97662822778251
STU_010031,64.69950819053626
STU_010032,90.29620593171718
STU_010033,57.664737059102535
STU_010034,87.49716247749745
STU_010035,79.0373741734125
STU_010036,67.18570080715693
STU_010037,71.6024935669049
STU_010038,89.69936493035014
STU_010039,63.72833627424457
STU_010040,82.0672796470045
STU_010041,89.11168664063108
STU_010042,63.01808025645577
STU_010043,81.35023173865372
STU_010044,71.29260324402283
STU_010045,81.56485801293744
STU_010046,58.55408279414392
STU_010047,69.29287209869474
STU_010048,80.89572206743591
STU_010049,51.077328840158785
STU_010050,61.48181639682426
STU_010051,74.59541863025777
STU_010052,66.38385053642347
STU_010053,63.83567249098283
STU_010054,70.07110142077043
STU_010055,65.39846220683795
STU_010056,61.75784145991351
STU_010057,64.65800615752057
STU_010058,98.55456673122832
STU_010059,87.77415903829159
STU_010060,70.9439473065587
STU_010061,41.98456404902872
STU_010062,77.99629249853521
STU_010063,69.7634999633727
STU_010064,90.3047895503325
STU_010065,57.68969389566811
STU_010066,59.158018455412396
STU_010067,90.98500663209467
STU_010068,59.74423222420664
STU_010069,68.44333629938289
STU_010070,66.22412569428894
STU_010071,94.53919426123117
STU_010072,67.30351592320883
STU_010073,92.41987027439448
STU_010074,60.45182922133691
STU_010075,77.0492809602476
STU_010076,94.68203991910019
STU_010077,83.84245399672368
STU_010078,86.53253461863513
STU_010079,76.39919835501433
STU_010080,80.65357462428605
STU_010081,62.14920190409556
STU_010082,77.51189823378752
STU_010083,78.89201242806188
STU_010084,82.68592440349875
STU_010085,72.78174832201243
STU_010086,80.82316036292053
STU_010087,70.3805024139578
STU_010088,65.06661155539113
STU_010089,85.16988451300303
STU_010090,77.27315762351652
STU_010091,58.30492291371334
STU_010092,69.47817754909417
STU_010093,62.14207920921247
STU_010094,90.80086844786506
STU_010095,57.75472058813459
STU_010096,83.95238539971457
STU_010097,67.87780696623915
STU_010098,82.61590048670783
STU_010099,67.38201963035333
STU_010100,69.53415502698113
STU_010101,78.07415236296063
STU_010102,64.39781095010653
STU_010103,90.38834148754438
STU_010104,55.055484926664846
STU_010105,96.10535697853963
STU_010106,53.59228978505363
STU_010107,80.95116378589341
STU_010108,79.57858307738864
STU_010109,73.11154981663485
STU_010110,81.3971848325005
STU_010111,89.02438699980428
STU_010112,78.8609106651632
STU_010113,70.91062672912729
STU_010114,85.2448874400606
STU_010115,77.42822763835713
STU_010116,89.58909071113341
STU_010117,77.80411362867056
STU_010118,89.55206984913224
STU_010119,69.04184125118178
STU_010120,70.28314863946756
STU_010121,79.5812710579812
STU_010122,77.70124298997384
STU_010123,92.16830943129814
STU_010124,76.0952142131595
STU_010125,83.91955411611788
STU_010126,75.27615119429107
STU_010127,59.450104448433855
STU_010128,91.29881786254911
STU_010129,80.65180953112878
STU_010130,74.03536128523783
STU_010131,63.576381505686086
STU_010132,71.15412620275885
STU_010133,73.32684846127279
STU_010134,68.1338967850037
STU_010135,44.73156996174902
STU_010136,71.62551529244404
STU_010137,62.232840332379915
STU_010138,74.8562160034412
STU_010139,77.65917353672515
STU_010140,89.97007408083296
STU_010141,60.65078239421758
STU_010142,85.87654970176123
STU_010143,74.32335842455912
STU_010144,75.95309436266604
STU_010145,93.08469006642127
STU_010146,80.96447711560242
STU_010147,52.38094089184188
STU_010148,56.7768644372485
STU_010149,59.668254634705406
STU_010150,90.59012934907389
STU_010151,73.48733034827634
STU_010152,81.08432129571916
STU_010153,72.54125794280172
STU_010154,80.80958618164976
STU_010155,64.51297704498978
STU_010156,91.13947287465236
STU_010157,98.94118118286133
STU_010158,70.89355296724293
STU_010159,83.24732253435454
STU_010160,65.33261782989312
STU_010161,93.28090914434003
STU_010162,97.51043919323062
STU_010163,76.43967066460057
STU_010164,71.8297600291117
STU_010165,72.97985226148836
STU_010166,86.84525268080344
STU_010167,83.78795304621572
STU_010168,75.25311022697764
STU_010169,72.60957869956968
STU_010170,85.51123567768747
STU_010171,70.19871536923873
STU_010172,98.94084171398467
STU_010173,68.92590343893984
STU_010174,75.24442673888734
STU_010175,76.39237524895624
STU_010176,67.92559506679962
STU_010177,90.82189515426577
STU_010178,80.78440846026467
STU_010179,82.31773003945423
STU_010180,77.88164289080659
STU_010181,78.8498372245424
STU_010182,79.9048469915891
STU_010183,79.15923785276273
STU_010184,85.18565034825889
STU_010185,65.31238682533268
STU_010186,88.67236358452222
STU_010187,69.08099394385053
STU_010188,89.90643581751966
STU_010189,73.47381496600215
STU_010190,62.755815032015576
STU_010191,50.27715868562491
STU_010192,86.5649477064845
STU_010193,64.72691325216987
STU_010194,88.7979207729086
STU_010195,84.62999835302875
STU_010196,69.85609039049434
STU_010197,78.72453881089795
STU_010198,84.66834157886156
STU_010199,96.27804491253518
STU_010200,71.05800801703059
STU_010201,99.22886751837055
STU_010202,79.35730461430123
STU_010203,75.05366895389089
STU_010204,94.46693031745383
STU_010205,81.87861581685516
STU_010206,91.71911171604127
STU_010207,51.503125667006096
STU_010208,73.27642447643501
STU_010209,66.83850426978655
STU_010210,89.89547434893136
STU_010211,73.60319492198428
STU_010212,89.86140733647937
STU_010213,88.22188562697522
STU_010214,66.16436790399197
STU_010215,69.22814132037321
STU_010216,60.17717909493107
STU_010217,81.56101378655913
STU_010218,58.616460235077255
STU_010219,81.1703951906153
STU_010220,69.01195405710031
STU_010221,80.26250698831134
STU_010222,57.199343134762316
STU_010223,78.80948995756606
STU_010224,99.32347412109375
STU_010225,60.626308903003235
STU_010226,86.00921992116032
STU_010227,56.581072730522905
STU_010228,84.81317820619672
STU_010229,75.48253633488015
STU_010230,60.870617628997735
STU_010231,55.36217662464885
STU_010232,93.00707695701449
STU_010233,60.08192593379589
STU_010234,80.61317162347909
STU_010235,50.56001960504182
STU_010236,92.83354388470805
STU_010237,81.79975220199191
STU_010238,73.16515747704308
STU_010239,52.59326549339039
STU_010240,72.94247723001939
STU_010241,80.76483611409873
STU_010242,77.22594543277131
STU_010243,66.06094729029321
STU_010244,86.50152374995089
STU_010245,59.81729079218739
STU_010246,48.96982883012617
STU_010247,94.86605942095056
STU_010248,87.8570800313412
STU_010249,67.94320581440401
STU_010250,96.76129428170465
STU_010251,74.62448997109571
STU_010252,99.96450119018554
STU_010253,64.184429578573
STU_010254,94.8936441258864
STU_010255,69.24619304027092
STU_010256,61.482641615816966
STU_010257,74.46016282874147
STU_010258,81.91984915158872
STU_010259,79.7244218853947
STU_010260,65.31933575488942
STU_010261,64.18855694586199
STU_010262,57.964362074254346
STU_010263,60.36029235667611
STU_010264,99.66170349121094
STU_010265,71.13879882939897
STU_010266,80.56326020969902
STU_010267,65.51204987975828
STU_010268,82.92021939414951
STU_010269,75.61625104791239
STU_010270,89.38392981275634
STU_010271,86.75068363267576
STU_010272,64.09770566148933
STU_010273,81.16218300203579
STU_010274,61.67272243086171
STU_010275,90.30323885868353
STU_010276,63.61883131786885
STU_010277,81.55009622512077
STU_010278,82.42687077116373
STU_010279,65.10462717463278
STU_010280,67.84297530170343
STU_010281,61.37840834147647
STU_010282,68.28047940417325
STU_010283,82.75339044071754
STU_010284,68.31929053700966
STU_010285,59.11238036453778
STU_010286,78.99659193951213
STU_010287,93.0899136830678
STU_010288,63.174661483532574
STU_010289,58.27269268402175
STU_010290,80.42546697879949
STU_010291,47.563818891536485
STU_010292,87.20321904024082
STU_010293,66.5912910113103
STU_010294,60.00363559377101
STU_010295,68.80372791488881
STU_010296,80.9749901011836
STU_010297,83.46447294427082
STU_010298,94.38843585594003
STU_010299,88.19051620455595
STU_010300,61.61494868387402
STU_010301,77.2843453721165
STU_010302,81.2601008919184
STU_010303,70.38674780864547
STU_010304,60.657409291408065
STU_010305,81.66314566296809
STU_010306,63.68833399557872
STU_010307,67.37700429181896
STU_010308,74.3662804537663
STU_010309,71.29297810175458
STU_010310,58.13129511645328
STU_010311,64.73329601238608
STU_010312,76.61572072745693
STU_010313,79.91047264436442
STU_010314,83.33001920002981
STU_010315,86.40140546891048
STU_010316,92.99137043866199
STU_010317,86.6503534069653
STU_010318,72.52152614199568
STU_010319,88.15238699718624
STU_010320,97.82601052464489
STU_010321,67.50022947600146
STU_010322,92.5008374510557
STU_010323,72.84744188784306
STU_010324,93.57566390787073
STU_010325,89.54357696775071
STU_010326,78.48920099992394
STU_010327,67.72257630725312
STU_010328,80.7213720378012
STU_010329,92.87589116714958
STU_010330,81.98582832782498
STU_010331,94.83122418549486
STU_010332,62.982900297483454
STU_010333,99.47286224365234
STU_010334,70.84057721711355
STU_010335,92.24219536103384
STU_010336,57.79306970815741
STU_010337,62.77108266073503
STU_010338,85.70557769826462
STU_010339,80.45896164614975
STU_010340,61.06118289225088
STU_010341,95.62630789703393
STU_010342,60.62105537783857
STU_010343,64.45516494445839
STU_010344,77.27989628791147
STU_010345,81.9307094812377
STU_010346,88.66271723337668
STU_010347,54.032775476813235
STU_010348,60.51608140152001
STU_010349,83.38691089706441
STU_010350,83.1176610743177
STU_010351,69.68303222189498
STU_010352,70.08310636053304
STU_010353,93.78928248046168
STU_010354,72.15678611300295
STU_010355,74.89670159592154
STU_010356,86.17714360464208
STU_010357,90.09617241505076
STU_010358,77.19133929155147
STU_010359,63.55961890801326
STU_010360,70.01371645083447
STU_010361,97.10647698281588
STU_010362,74.11810687459375
STU_010363,76.281405579186
STU_010364,94.40094802722443
STU_010365,83.41453555722144
STU_010366,95.54720177090253
STU_010367,69.18021359685926
STU_010368,65.67405223272692
STU_010369,87.854500978016
STU_010370,79.6879069423715
STU_010371,65.74530485234541
STU_010372,78.1438811747574
STU_010373,68.39585704687893
STU_010374,84.74298365861885
STU_010375,96.83865316436243
STU_010376,57.356705479853346
STU_010377,77.40411157173828
STU_010378,76.84181759871535
STU_010379,69.83081031645409
STU_010380,63.59616462201067
STU_010381,77.07935101781462
STU_010382,88.0314840365892
STU_010383,79.1318725096621
STU_010384,91.9032647713234
STU_010385,78.70524860193498
STU_010386,64.38021910769865
STU_010387,60.000449954602246
STU_010388,95.73077309372879
STU_010389,71.57452020054507
STU_010390,57.59027136326732
STU_010391,62.593340768697615
STU_010392,74.96065472683254
STU_010393,80.00138888535598
STU_010394,74.16191053920856
STU_010395,75.08954482950793
STU_010396,77.58731487336816
STU_010397,83.62934329774005
STU_010398,85.04705582098994
STU_010399,60.709068218217354
STU_010400,71.80993138908225
STU_010401,50.484240773425505
STU_010402,67.93756626216361
STU_010403,79.06572956248354
STU_010404,87.30514987539964
STU_010405,83.0291570979736
STU_010406,74.87645605401647
STU_010407,89.31202582126409
STU_010408,67.53305290831867
STU_010409,95.28012066267645
STU_010410,66.6688869736168
STU_010411,88.40103079506632
STU_010412,94.39753048881009
STU_010413,82.4598636655364
STU_010414,82.67151331173983
STU_010415,86.19178125491861
STU_010416,81.16751947488969
STU_010417,98.7779353908943
STU_010418,71.97902767494112
STU_010419,93.78666455010642
STU_010420,88.11729240793066
STU_010421,84.03464901091874
STU_010422,70.32775761423542
STU_010423,73.76786931405654
STU_010424,54.24298145546113
STU_010425,56.18989838691086
STU_010426,74.85118796937935
STU_010427,62.349510760069464
STU_010428,71.80883120525198
STU_010429,55.238285340219576
STU_010430,88.70064695986976
STU_010431,49.955403249753985
STU_010432,76.7341953262855
STU_010433,72.61727549312398
STU_010434,87.80163527547334
STU_010435,61.6968695116205
STU_010436,77.32236581311514
STU_010437,51.93279327819897
STU_010438,99.52591247558594
STU_010439,67.14661243466935
STU_010440,90.44842026071963
STU_010441,57.78520739485484
STU_010442,73.37267006048366
STU_010443,81.76441174602778
STU_010444,68.59091034019842
STU_010445,74.14748036146163
STU_010446,48.35543188817719
STU_010447,78.29317105069559
STU_010448,76.5961271032429
STU_010449,69.9402195619154
STU_010450,62.1088410635206
STU_010451,90.60517402696063
STU_010452,80.8180193829763
STU_010453,69.60204255808162
STU_010454,67.86332033992713
STU_010455,50.31019965706811
STU_010456,80.5657782230844
STU_010457,72.32125141580855
STU_010458,82.78549796887935
STU_010459,77.42694573909769
STU_010460,70.62608569917136
STU_010461,71.94556172694124
STU_010462,57.301988840416314
STU_010463,88.98576597772954
STU_010464,87.19739234729371
STU_010465,58.59744008528732
STU_010466,68.7053794484563
STU_010467,82.12754367126567
STU_010468,69.86809111893591
STU_010469,77.977012109558
STU_010470,72.86010983229966
STU_010471,97.40217263920098
STU_010472,56.55604976007223
STU_010473,84.553986618339
STU_010474,85.14857121472664
STU_010475,82.2556168991898
STU_010476,64.82004127483103
STU_010477,70.79609418153643
STU_010478,92.87071423726461
STU_010479,63.834332592278066
STU_010480,70.76948218570267
STU_010481,64.34638398890968
STU_010482,75.64598277507893
STU_010483,88.06573887614434
STU_010484,73.75432729978037
STU_010485,49.090976275252316
STU_010486,73.50967912483243
STU_010487,91.0563720130386
STU_010488,79.41325422907205
STU_010489,81.72882402556507
STU_010490,81.3415379561371
STU_010491,71.86212300523178
STU_010492,75.80921017791452
STU_010493,79.75124309872137
STU_010494,60.70005628507716
STU_010495,42.72103207975428
STU_010496,97.03748750111433
STU_010497,65.54789427355657
STU_010498,72.33328034354439
STU_010499,66.7107638454308
STU_010500,71.66193939923711
STU_010501,75.75035771655993
STU_010502,67.83758410815335
STU_010503,76.62483152863726
STU_010504,70.84814946295383
STU_010505,61.39080582183184
STU_010506,89.87211629949591
STU_010507,67.65142552981611
STU_010508,65.02839405363702
STU_010509,78.00240752984446
STU_010510,51.807665038542126
STU_010511,60.6819908889512
STU_010512,72.60834507151066
STU_010513,91.43530818226067
STU_010514,73.97949483906574
STU_010515,88.36220101254843
STU_010516,80.98479916925736
STU_010517,98.14486144310409
STU_010518,53.46078275394899
STU_010519,81.37054074932277
STU_010520,85.499635437643
STU_010521,98.7214617772124
STU_010522,74.47281521633806
STU_010523,78.75976671255584
STU_010524,89.23159272174507
STU_010525,66.92939821186593
STU_010526,55.52022542102995
STU_010527,84.56517398773362
STU_010528,81.95583009867072
STU_010529,50.887500290797284
STU_010530,73.99253370363165
STU_010531,67.10298757399217
STU_010532,60.55367627953198
STU_010533,83.62729044871593
STU_010534,78.68693580967754
STU_010535,88.268412526284
STU_010536,77.25621359953728
STU_010537,77.9176159078572
STU_010538,77.70651623024749
STU_010539,59.510694286626496
STU_010540,52.329144901964526
STU_010541,84.4785917118599
STU_010542,98.92241147161587
STU_010543,81.90290636179753
STU_010544,72.22099373732081
STU_010545,79.88106288191398
STU_010546,70.22007958654295
STU_010547,75.98507793200247
STU_010548,99.72557678222657
STU_010549,64.82174211249176
STU_010550,78.02863642786971
STU_010551,57.53532035041408
STU_010552,96.77460527137387
STU_010553,95.27136162075114
STU_010554,86.91993045956154
STU_010555,75.89302749083814
STU_010556,61.1478411526204
STU_010557,76.26980258562737
STU_010558,75.604598397675
STU_010559,77.977296296542
STU_010560,76.97024213286691
STU_010561,97.06222480093952
STU_010562,58.080735396662206
STU_010563,63.5929848367291
STU_010564,61.37135410128127
STU_010565,91.71312493609453
STU_010566,60.94359700089804
STU_010567,72.35344218704901
STU_010568,76.49922847176883
STU_010569,93.84068422739857
STU_010570,56.15326583940384
STU_010571,90.99435797419002
STU_010572,71.3422870855063
STU_010573,96.02659437828363
STU_010574,68.9040284076979
STU_010575,65.42947606067497
STU_010576,52.35076691027875
STU_010577,63.937031401851364
STU_010578,69.86704098951957
STU_010579,86.19328096232775
STU_010580,62.29333580097812
STU_010581,51.216375248106175
STU_010582,77.05724821164867
STU_010583,78.40978004335975
STU_010584,91.39416343170979
STU_010585,75.51206916097496
STU_010586,99.53008039587924
STU_010587,71.80283258574138
STU_010588,72.80393103773969
STU_010589,99.2623945080706
STU_010590,86.28949331273851
STU_010591,74.87654398841494
STU_010592,93.8330030047095
STU_010593,82.95975511323678
STU_010594,56.876295557473746
STU_010595,80.56338689475587
STU_010596,75.86861453417892
STU_010597,60.62226333032289
STU_010598,94.06415468387367
STU_010599,66.47614658594478
STU_010600,71.57005626281882
STU_010601,79.5739779577936
STU_010602,68.03252575037679
STU_010603,79.7075009284828
STU_010604,75.14289794005542
STU_010605,66.19430777376061
STU_010606,95.32406298529942
STU_010607,80.73149791440126
STU_010608,65.59234884970863
STU_010609,80.95978443880703
STU_010610,77.09358585419746
STU_010611,84.7972916065135
STU_010612,61.13648206510909
STU_010613,91.226805085787
STU_010614,99.63308639526367
STU_010615,88.50331077595871
STU_010616,86.96472662433892
STU_010617,58.61609039085176
STU_010618,82.17283778954433
STU_010619,97.9812173759515
STU_010620,66.39698047372077
STU_010621,67.1479744595041
STU_010622,58.21282555349215
STU_010623,87.15484831911256
STU_010624,59.235298056495694
STU_010625,67.32935525066145
STU_010626,91.02027289072849
STU_010627,92.98269210150146
STU_010628,59.86908827984174
STU_010629,80.41250917157443
STU_010630,77.5193676572673
STU_010631,90.8111287226159
STU_010632,65.42719541593098
STU_010633,74.07193996741306
STU_010634,78.43592321263439
STU_010635,61.81912878646369
STU_010636,79.59461990240925
STU_010637,64.37525038165909
STU_010638,76.63867586581875
STU_010639,67.06529447852957
STU_010640,57.54912358650275
STU_010641,65.35635916393713
STU_010642,96.89301359374149
STU_010643,86.6281225997788
STU_010644,74.16356759037338
STU_010645,85.19143773152423
STU_010646,94.14570726772891
STU_010647,65.05993579187547
STU_010648,73.5947219375605
STU_010649,72.92556796208665
STU_010650,86.07964471345748
STU_010651,79.090357256226
STU_010652,68.14556108821043
STU_010653,84.96162235615287
STU_010654,85.04550978741074
STU_010655,86.56268619677093
STU_010656,77.40055788058154
STU_010657,77.27933039172355
STU_010658,73.63811147945923
STU_010659,92.9360677644415
STU_010660,90.6657279492163
STU_010661,68.35857082845696
STU_010662,95.44295281352152
STU_010663,69.780297122909
STU_010664,71.93454781074713
STU_010665,64.35135030120775
STU_010666,95.20757742133507
STU_010667,91.63101063570366
STU_010668,71.89750046534623
STU_010669,73.0887341357796
STU_010670,88.11651928437246
STU_010671,64.97327380049167
STU_010672,55.953025966229774
STU_010673,89.63050818542776
STU_010674,98.69482744884338
STU_010675,94.60243416370513
STU_010676,84.28364388823084
STU_010677,76.88292723801199
STU_010678,77.14984970060422
STU_010679,70.04521468947593
STU_010680,94.30926709585664
STU_010681,82.11973730539619
STU_010682,51.48803203630402
STU_010683,74.57653420825437
STU_010684,75.24617363519158
STU_010685,81.69838486162591
STU_010686,79.17214674759258
STU_010687,63.684344641122856
STU_010688,97.78873126691309
STU_010689,85.92018123937123
STU_010690,99.40970063349748
STU_010691,75.1416595262651
STU_010692,86.46493009113802
STU_010693,75.70653501675001
STU_010694,66.75945349691987
STU_010695,61.00967329914624
STU_010696,55.38574197318369
STU_010697,69.12298924851216
STU_010698,86.77900601169021
STU_010699,83.46872939154906
STU_010700,92.68149621721865
STU_010701,84.61412856648614
STU_010702,67.18139774028405
STU_010703,96.51796728748259
STU_010704,99.3004421026317
STU_010705,81.25697232198291
STU_010706,94.48271915982703
STU_010707,77.25398727528454
STU_010708,77.52315029083981
STU_010709,64.45956249786391
STU_010710,59.74332579837339
STU_010711,99.61962890625
STU_010712,52.1770599881229
STU_010713,84.23346636490939
STU_010714,66.1958132016553
STU_010715,78.64931265864193
STU_010716,50.999577561750634
STU_010717,85.53326682138884
STU_010718,78.39858131125142
STU_010719,82.35856309975154
STU_010720,52.599940640690505
STU_010721,66.54072272732155
STU_010722,99.93548355102538
STU_010723,70.45252069218358
STU_010724,83.4169792949123
STU_010725,65.74251268061093
STU_010726,65.9740437812111
STU_010727,49.38214144735516
STU_010728,72.99670211750639
STU_010729,92.68909494277575
STU_010730,92.54111298773472
STU_010731,72.35222488979355
STU_010732,73.82244410390192
STU_010733,97.31418034830487
STU_010734,81.6663563197274
STU_010735,69.69005472529997
STU_010736,66.84045125645859
STU_010737,70.75860500465373
STU_010738,68.05223169859565
STU_010739,73.29177374128885
STU_010740,68.38653296858068
STU_010741,86.37042934321283
STU_010742,65.66715978023502
STU_010743,97.21128610795773
STU_010744,76.84949409272556
STU_010745,68.38925192602508
STU_010746,69.1325043905621
STU_010747,86.5466669890785
STU_010748,73.55063169096623
STU_010749,84.60615201720235
STU_010750,77.48381409447731
STU_010751,72.4348417304748
STU_010752,62.6586932872001
STU_010753,74.58150838119802
STU_010754,86.929028081364
STU_010755,61.01585516586747
STU_010756,92.45955251056179
STU_010757,58.61701855889722
STU_010758,81.22180569123707
STU_010759,87.39355679253981
STU_010760,81.73444618414669
STU_010761,73.70102144097856
STU_010762,73.70218913251692
STU_010763,62.399177447646956
STU_010764,52.89544182347602
STU_010765,84.11232666495523
STU_010766,62.45149537597001
STU_010767,70.95317742674179
STU_010768,56.85979631554423
STU_010769,88.2785815335017
STU_010770,69.47678048666874
STU_010771,51.326394617289836
STU_010772,69.31253476552651
STU_010773,86.18096762089044
STU_010774,84.30631644839772
STU_010775,90.01218095768395
STU_010776,44.24349371317142
STU_010777,79.56855648302977
STU_010778,55.70981070681579
STU_010779,63.03304446081248
STU_010780,82.3097033509648
STU_010781,78.3713098426445
STU_010782,82.6246704746936
STU_010783,53.58835279266954
STU_010784,69.92446874199342
STU_010785,81.05570320638513
STU_010786,85.55021201587903
STU_010787,69.95132602150088
STU_010788,69.03439712478107
STU_010789,96.26387153000026
STU_010790,62.08366493242315
STU_010791,58.345587197186774
STU_010792,94.77856094360094
STU_010793,81.13111441302658
STU_010794,58.853614371132714
STU_010795,76.98345986996353
STU_010796,83.27452524849305
STU_010797,56.496242548770475
STU_010798,62.15816442781448
STU_010799,87.25467375858331
STU_010800,65.90756235329538
STU_010801,64.64511674106195
STU_010802,80.889630567697
STU_010803,79.24831442622376
STU_010804,54.405163911973446
STU_010805,69.95992405237838
STU_010806,80.57979193224858
STU_010807,93.1155158052908
STU_010808,68.38208211002608
STU_010809,98.87159438383114
STU_010810,81.47772743491649
STU_010811,72.60215818353723
STU_010812,78.3826560907325
STU_010813,90.34425070008284
STU_010814,68.06737247290373
STU_010815,86.0049470459008
STU_010816,99.45543107266245
STU_010817,88.91860797213408
STU_010818,84.92949103597361
STU_010819,78.93810033202347
STU_010820,91.05629169996185
STU_010821,97.24332855631845
STU_010822,60.68165225069723
STU_010823,88.15583634711125
STU_010824,91.03154465379392
STU_010825,82.99760106604968
STU_010826,80.39905488241648
STU_010827,59.95785160374009
STU_010828,73.57789504359508
STU_010829,74.27266402120375
STU_010830,74.45228828926479
STU_010831,90.38502532322885
STU_010832,95.27584928203399
STU_010833,81.16528620342395
STU_010834,69.21183532598718
STU_010835,78.84250650100364
STU_010836,84.65396379919306
STU_010837,81.74398282170141
STU_010838,87.78775036617427
STU_010839,69.41128423022505
STU_010840,79.05819803919928
STU_010841,84.35143722015292
STU_010842,86.45549510202912
STU_010843,75.12137915791432
STU_010844,54.217858777543036
STU_010845,90.43212701809864
STU_010846,77.86007510876526
STU_010847,97.67214853813638
STU_010848,72.15793662410006
STU_010849,75.67320957478522
STU_010850,60.547380525837674
STU_010851,94.1418013991953
STU_010852,64.30093108614093
STU_010853,85.32274297300599
STU_010854,89.77234470846942
STU_010855,66.40227747598334
STU_010856,57.80839058338758
STU_010857,66.98743419791448
STU_010858,52.27615561424534
STU_010859,70.29362377585142
STU_010860,89.50937989553385
STU_010861,78.53992572790534
STU_010862,66.22281075754094
STU_010863,82.23287578877864
STU_010864,91.58083633400194
STU_010865,80.35769513391804
STU_010866,91.6274652878602
STU_010867,53.26772949167961
STU_010868,65.4258769907947
STU_010869,77.72235581121512
STU_010870,63.2016108978793
STU_010871,83.72303335298638
STU_010872,82.61760752446554
STU_010873,50.738474332991245
STU_010874,62.68281890218458
STU_010875,83.4449499929246
STU_010876,69.78580005222949
STU_010877,74.51318640727625
STU_010878,75.82084598422108
STU_010879,65.18910830591446
STU_010880,80.04002369059954
STU_010881,98.45114856262417
STU_010882,74.66506756934727
STU_010883,77.64186086417801
STU_010884,63.720068226416466
STU_010885,65.82417846982193
STU_010886,96.32194391802388
STU_010887,58.267669629461686
STU_010888,83.42867857464093
STU_010889,90.74158927556819
STU_010890,81.27251211066195
STU_010891,96.75787655929899
STU_010892,82.25948285961356
STU_010893,71.80599894605247
STU_010894,84.92504890330464
STU_010895,64.86823820321204
STU_010896,69.485124380181
STU_010897,65.33710805654763
STU_010898,81.2827593572772
STU_010899,61.047016688510055
STU_010900,66.09440977572827
STU_010901,61.267757419105145
STU_010902,87.66056108750493
STU_010903,57.115638282619685
STU_010904,73.47887388595623
STU_010905,68.67085323881169
STU_010906,53.286238740736074
STU_010907,95.2974430817393
STU_010908,82.6431355860489
STU_010909,86.69185164948388
STU_010910,81.50564235836289
STU_010911,80.75822095177722
STU_010912,90.8320203033843
STU_010913,74.34221464968947
STU_010914,89.02059019301254
STU_010915,72.95172653792925
STU_010916,70.99058529669855
STU_010917,83.45051811598789
STU_010918,76.95863617451977
STU_010919,86.40639795065296
STU_010920,68.72570168300945
STU_010921,81.51949277510253
STU_010922,81.85539484830744
STU_010923,88.91859524979397
STU_010924,95.67197235581133
STU_010925,67.26321532194933
STU_010926,89.68072937455945
STU_010927,61.64096485926547
STU_010928,73.18215352320784
STU_010929,66.45056514327482
STU_010930,87.12654305495157
STU_010931,70.98850156168268
STU_010932,87.85976325393115
STU_010933,72.06167345287061
STU_010934,87.06094583873426
STU_010935,70.8103782138368
STU_010936,63.15708410295668
STU_010937,73.09276491505328
STU_010938,63.00193715478623
STU_010939,79.18486541549187
STU_010940,52.121566916267334
STU_010941,97.91353382774356
STU_010942,79.85721610346073
STU_010943,57.237572935655706
STU_010944,60.93850999447943
STU_010945,74.22822257602343
STU_010946,86.32939817676204
STU_010947,72.49695840639282
STU_010948,94.79021189074925
STU_010949,95.92724434592961
STU_010950,65.70322288746125
STU_010951,70.53686385924405
STU_010952,60.31812359681152
STU_010953,81.75193687005812
STU_010954,55.487406314726684
STU_010955,62.6645935971155
STU_010956,98.4709504088663
STU_010957,86.83280764457473
STU_010958,74.8080811770393
STU_010959,85.52155404065637
STU_010960,82.44940021559445
STU_010961,74.47215067077224
STU_010962,91.55887273534258
STU_010963,72.6816829584281
STU_010964,75.68618107929343
STU_010965,69.28182730730967
STU_010966,58.32026423944362
STU_010967,66.49231055622644
STU_010968,66.41336279724398
STU_010969,58.32103067743202
STU_010970,83.96211403816807
STU_010971,70.12988040990136
STU_010972,76.64288176794682
STU_010973,77.49088349920788
STU_010974,66.31504092331508
STU_010975,76.158665181806
STU_010976,84.01562634010311
STU_010977,85.59452907306006
STU_010978,94.05720817863893
STU_010979,72.63644759361223
STU_010980,79.72885538039381
STU_010981,90.81744672773803
STU_010982,72.9181154981833
STU_010983,68.03359012546294
STU_010984,74.96190584409639
STU_010985,55.34487754118248
STU_010986,88.4787853475666
STU_010987,87.52496677464609
STU_010988,66.18107656320772
STU_010989,82.90402688758289
STU_010990,78.40825215533346
STU_010991,60.697088291797876
STU_010992,81.307272341832
STU_010993,72.24007236959565
STU_010994,81.44272035086922
STU_010995,97.88003793271992
STU_010996,61.70404898598499
STU_010997,69.39350122106288
STU_010998,69.21578181940306
STU_010999,74.93269889820951
STU_011000,76.85610088914125
STU_011001,60.07582289899049
STU_011002,78.77614821814045
STU_011003,63.47839684715011
STU_011004,81.9987975867435
STU_011005,71.65859652251356
STU_011006,80.54215838743158
STU_011007,66.1334653514992
STU_011008,82.20482890153038
STU_011009,96.74308114744662
STU_011010,95.17734505077892
STU_011011,65.21840422935588
STU_011012,87.25793878085436
STU_011013,56.316272056746165
STU_011014,69.67031101178056
STU_011015,98.3525505381054
STU_011016,62.2378773272992
STU_011017,78.98247698266059
STU_011018,84.8243059201524
STU_011019,64.31144379089147
STU_011020,87.85154491087172
STU_011021,66.11426028044846
STU_011022,83.86434721659496
STU_011023,73.38407310023999
STU_011024,75.48295390460187
STU_011025,69.00398292610652
STU_011026,73.71000905349128
STU_011027,72.12306145943323
STU_011028,89.16430512845861
STU_011029,77.52432058722515
STU_011030,61.66458809818027
STU_011031,59.93152212006955
STU_011032,64.17185452059036
STU_011033,58.126925025021194
STU_011034,71.33676080363075
STU_011035,90.03119561893203
STU_011036,95.76099121981716
STU_011037,88.86107832553827
STU_011038,85.05585469070893
STU_011039,65.39222851459327
STU_011040,76.18067939927144
STU_011041,57.28818273646634
STU_011042,63.01279489378021
STU_011043,70.18736649687332
STU_011044,61.92710697161222
STU_011045,97.71832826516098
STU_011046,81.43729103387238
STU_011047,78.7102985580957
STU_011048,67.05284246624802
STU_011049,78.28187398549802
STU_011050,76.2381365179431
STU_011051,85.27772930091717
STU_011052,99.8229751896939
STU_011053,54.278331851234974
STU_011054,73.13618160969092
STU_011055,60.780592856037956
STU_011056,58.703931966814274
STU_011057,92.28371202781592
STU_011058,99.34886932373047
STU_011059,95.59149387887896
STU_011060,69.6974695236203
STU_011061,62.22124898863379
STU_011062,65.08430138524427
STU_011063,90.92770108311058
STU_011064,74.43352156560721
STU_011065,70.45819875083262
STU_011066,72.81102137402418
STU_011067,85.08984917576188
STU_011068,93.25994284872107
STU_011069,91.20498262726792
STU_011070,68.16533971440286
STU_011071,88.17264306552468
STU_011072,91.89310567805602
STU_011073,72.11804570025846
STU_011074,88.95132683533464
STU_011075,68.41480020748394
STU_011076,97.62471122951672
STU_011077,72.2752381315138
STU_011078,71.71794395560916
STU_011079,66.42716720716747
STU_011080,61.83892946986097
STU_011081,86.35747142170514
STU_011082,52.846159183689615
STU_011083,94.92476744313196
STU_011084,71.87943313710043
STU_011085,87.44564263030792
STU_011086,64.01814944324028
STU_011087,74.18135975787374
STU_011088,76.06502990393642
STU_011089,90.9926727812173
STU_011090,92.88195210864977
STU_011091,77.67601069135853
STU_011092,69.32313523116393
STU_011093,79.39585591106405
STU_011094,63.01619009301422
STU_011095,80.56564650117181
STU_011096,62.558714707605
STU_011097,86.39859170380143
STU_011098,85.2637106146398
STU_011099,82.34869946265187
STU_011100,60.10030575334674
STU_011101,61.81262780818027
STU_011102,79.39309881318115
STU_011103,65.52938910165203
STU_011104,90.6110639064021
STU_011105,75.80426029138754
STU_011106,85.73537574698176
STU_011107,58.39435276365005
STU_011108,79.55652016984493
STU_011109,94.90281518872469
STU_011110,99.45560338617429
STU_011111,79.6420563874497
STU_011112,75.65267623274367
STU_011113,82.23547862562289
STU_011114,93.41920362970122
STU_011115,95.55076240049641
STU_011116,88.26387448689276
STU_011117,71.0635255427544
STU_011118,72.11735496212219
STU_011119,81.63893616996467
STU_011120,78.35470901247582
STU_011121,79.44184939688262
STU_011122,59.73442325889275
STU_011123,98.87808152901346
STU_011124,63.304638311544835
STU_011125,99.8968505859375
STU_011126,85.31515300166032
STU_011127,75.04897056756748
STU_011128,67.81304363425146
STU_011129,86.1349387567116
STU_011130,62.38163838049812
STU_011131,85.70712582629149
STU_011132,74.74971892671844
STU_011133,82.98541590891779
STU_011134,62.211860038979786
STU_011135,61.21517305963123
STU_011136,94.85664460388388
STU_011137,75.0827053838564
STU_011138,99.0927131652832
STU_011139,73.3378334045854
STU_011140,84.94167709120086
STU_011141,54.81655189723379
STU_011142,93.91178289669739
STU_011143,82.0633462690257
STU_011144,66.90304426963226
STU_011145,66.0601707398348
STU_011146,65.42574457017709
STU_011147,94.96120634221163
STU_011148,90.33373629655465
STU_011149,90.54618789855787
STU_011150,77.96930636425498
STU_011151,95.12076330135861
STU_011152,69.06968007473775
STU_011153,74.24307414402122
STU_011154,72.6861587858273
STU_011155,68.19656540709029
STU_011156,75.01673657747598
STU_011157,62.352543113666584
STU_011158,71.81683775759156
STU_011159,66.38007441781217
STU_011160,57.338885666581405
STU_011161,90.85709976950518
STU_011162,70.10215991963535
STU_011163,72.86237121344408
STU_011164,86.5077578741676
STU_011165,75.24986731415233
STU_011166,73.51858311831353
STU_011167,71.92618294285857
STU_011168,79.85870750816484
STU_011169,86.16282195055044
STU_011170,62.95754050580189
STU_011171,72.93503210501319
STU_011172,98.3854677146471
STU_011173,90.36573623847376
STU_011174,70.45668051218912
STU_011175,64.7633520563953
STU_011176,83.44762632444605
STU_011177,72.1925626231796
STU_011178,92.81995493497826
STU_011179,87.6860729050168
STU_011180,68.15328575153389
STU_011181,79.34118793946627
STU_011182,90.78827308836402
STU_011183,58.63514777023768
STU_011184,79.35966002999635
STU_011185,75.93407166944232
STU_011186,48.525557503526464
STU_011187,84.76506657100484
STU_011188,81.97332288586473
STU_011189,48.490460665329834
STU_011190,79.22465510231277
STU_011191,91.95713416717038
STU_011192,78.73182464850164
STU_011193,66.95063999940115
STU_011194,86.20117137341394
STU_011195,79.19472685616515
STU_011196,92.2478890594009
STU_011197,97.9539108754422
STU_011198,76.8015675207397
STU_011199,88.18619507685827
STU_011200,71.44685863844832
STU_011201,62.24113761315394
STU_011202,63.38501340220131
STU_011203,82.82506729641099
STU_011204,87.63008111744789
STU_011205,84.1072905886963
STU_011206,82.253691670302
STU_011207,62.015515320530525
STU_011208,71.71055085601225
STU_011209,78.80518281993172
STU_011210,71.1668238048648
STU_011211,78.72612357220808
STU_011212,73.93398768726878
STU_011213,82.88303030299963
STU_011214,59.87773430047255
STU_011215,94.3487419165647
STU_011216,60.72348928374286
STU_011217,99.70939331054687
STU_011218,62.56742418804631
STU_011219,84.26304493319921
STU_011220,66.42766926330854
STU_011221,78.15367036639954
STU_011222,91.28814899476096
STU_011223,66.54068647585258
STU_011224,98.23537959160464
STU_011225,48.97862684429844
STU_011226,84.79595427244908
STU_011227,68.37758125068649
STU_011228,95.34163591044604
STU_011229,83.374614493304
STU_011230,86.70201978521123
STU_011231,91.68363227804073
STU_011232,84.03155339612509
STU_011233,71.0669539326002
STU_011234,82.88126620559733
STU_011235,97.12106598552795
STU_011236,65.11576996348855
STU_011237,65.76006824208511
STU_011238,69.89505374212065
STU_011239,80.13458604710205
STU_011240,91.30618919356651
STU_011241,96.78521516309675
STU_011242,62.82362535763099
STU_011243,65.68859352573425
STU_011244,56.55889474201871
STU_011245,72.38598837098729
STU_011246,70.40672605940208
STU_011247,86.29745770307134
STU_011248,68.80543176762576
STU_011249,67.63685265187604
STU_011250,71.76685378166233
STU_011251,71.43587134928583
STU_011252,73.94010914124804
STU_011253,78.48458362335471
STU_011254,98.7863634336972
STU_011255,91.38494063296685
STU_011256,82.31611129377417
STU_011257,55.21857112899119
STU_011258,81.46741184985973
STU_011259,80.17975565441212
STU_011260,99.87157440185547
STU_011261,64.57308363027175
STU_011262,90.93389824148502
STU_011263,57.03289499878235
STU_011264,50.3698363328675
STU_011265,75.69156614732907
STU_011266,77.67661298282586
STU_011267,87.77791376278348
STU_011268,66.04188196314352
STU_011269,91.49688374833264
STU_011270,73.74800620186289
STU_011271,79.0077346282404
STU_011272,88.38597636920667
STU_011273,72.96682571696512
STU_011274,81.3462490310622
STU_011275,75.17667796704265
STU_011276,80.65440361912489
STU_011277,73.4374050131902
STU_011278,71.55381401400308
STU_011279,99.29052069564644
STU_011280,75.93105957126929
STU_011281,72.37697470649358
STU_011282,88.9165612274389
STU_011283,79.22797617649577
STU_011284,55.84304813654672
STU_011285,95.44380888356106
STU_011286,79.44887422758228
STU_011287,75.23926106939646
STU_011288,76.20826101514639
STU_011289,63.73547832747999
STU_011290,66.80995411757921
STU_011291,83.89515757331448
STU_011292,44.74039896537005
STU_011293,93.93900110118916
STU_011294,76.52494216859155
STU_011295,78.48574722357519
STU_011296,95.91675902125965
STU_011297,69.02856547442774
STU_011298,56.46231378658123
STU_011299,83.98980113407546
STU_011300,91.92948557439321
STU_011301,99.62367553710938
STU_011302,71.02833734119402
STU_011303,80.28400363729557
STU_011304,82.52309478588789
STU_011305,76.08904279040007
STU_011306,71.7587273614206
STU_011307,64.27546412769551
STU_011308,53.071038129566645
STU_011309,78.73375959218204
STU_011310,53.36773724190218
STU_011311,86.42523332162783
STU_011312,68.17524268963257
STU_011313,84.98489729194192
STU_011314,61.505572598230316
STU_011315,80.89039310536106
STU_011316,59.000829309850445
STU_011317,77.13438847345145
STU_011318,64.20453792340781
STU_011319,85.99162903894494
STU_011320,56.30747906237781
STU_011321,90.61067590347334
STU_011322,68.45588033032242
STU_011323,51.68094610665367
STU_011324,62.0109309647204
STU_011325,58.413914962054776
STU_011326,80.8722624278791
STU_011327,77.5630897345003
STU_011328,86.20660141900747
STU_011329,61.616892596334395
STU_011330,56.23023345311848
STU_011331,59.64483995771986
STU_011332,91.7092498180268
STU_011333,64.71628798959044
STU_011334,81.52656771385404
STU_011335,67.26704067623318
STU_011336,61.60292128334729
STU_011337,81.62856294737202
STU_011338,94.28044681079218
STU_011339,73.85761260110559
STU_011340,71.61319668309982
STU_011341,99.03697190318498
STU_011342,81.97242174942694
STU_011343,80.76779437045585
STU_011344,43.4991863046911
STU_011345,65.30816454705268
STU_011346,72.06770767047594
STU_011347,99.19015562794061
STU_011348,77.43096504709335
STU_011349,98.81612167358398
STU_011350,68.75271317584107
STU_011351,75.54574519306243
STU_011352,78.7709417202057
STU_011353,68.36554962443672
STU_011354,90.76312762700702
STU_011355,65.56780564762241
STU_011356,88.12626878901443
STU_011357,70.15788638599483
STU_011358,94.2826101297649
STU_011359,99.82276077270508
STU_011360,99.74486846923828
STU_011361,65.71484328407175
STU_011362,80.4828484346021
STU_011363,99.68699188232422
STU_011364,88.45046846623018
STU_011365,66.69430192127199
STU_011366,87.19900745132217
STU_011367,71.2380585976535
STU_011368,81.48452816196962
STU_011369,69.51440884405025
STU_011370,85.29415639018077
STU_011371,67.77109834242977
STU_011372,95.4662953449681
STU_011373,65.8435119567648
STU_011374,73.34978089508
STU_011375,85.99651398225035
STU_011376,50.45570015837065
STU_011377,99.37724151611329
STU_011378,81.63665526020294
STU_011379,88.17910927705994
STU_011380,71.15584460202541
STU_011381,64.57834683434626
STU_011382,78.58702922060709
STU_011383,91.4175678234918
STU_011384,69.80080404785983
STU_011385,77.00085079570412
STU_011386,69.18651532592696
STU_011387,58.53506333006794
STU_011388,65.1334546037005
STU_011389,59.426639733621066
STU_011390,91.25942374568773
STU_011391,60.83389985126499
STU_011392,74.80223090957132
STU_011393,76.8092801489316
STU_011394,81.72990205583453
STU_011395,84.79497999408585
STU_011396,86.7294604016316
STU_011397,65.59632308194108
STU_011398,99.85872192382813
STU_011399,73.24152434441721
STU_011400,69.58010804626635
STU_011401,75.60176676573718
STU_011402,76.55706668903218
STU_011403,81.57342517358511
STU_011404,99.85242233276367
STU_011405,80.99621157939796
STU_011406,82.83628051389704
STU_011407,97.30687783168426
STU_011408,73.55620422703579
STU_011409,86.58399404055359
STU_011410,72.43356261128727
STU_011411,92.70847964119613
STU_011412,71.05019395952588
STU_011413,62.22304620227688
STU_011414,89.75823381737887
STU_011415,73.9741388853249
STU_011416,97.80798302342956
STU_011417,77.43055148197365
STU_011418,62.166816748756304
STU_011419,73.64608782213385
STU_011420,93.07666286487904
STU_011421,93.21667855356547
STU_011422,74.47446087898967
STU_011423,62.416329674078064
STU_011424,69.42341765944559
STU_011425,68.93625448957609
STU_011426,97.7699064738885
STU_011427,63.97019016649887
STU_011428,86.24359774788844
STU_011429,71.84169344076736
STU_011430,72.24832508359336
STU_011431,75.07697962100016
STU_011432,73.19277783773839
STU_011433,94.89546072575631
STU_011434,95.45232424080626
STU_011435,72.4206041601673
STU_011436,86.02914499142437
STU_011437,63.68874489094795
STU_011438,67.42662722294929
STU_011439,79.88314653963872
STU_011440,68.07187027393232
STU_011441,74.94721229023038
STU_011442,76.26529231544933
STU_011443,72.33225491623328
STU_011444,73.16636171075042
STU_011445,70.17742039066235
STU_011446,59.12258699380243
STU_011447,91.03761452956886
STU_011448,63.992626443389085
STU_011449,70.38565724228327
STU_011450,81.48314426186579
STU_011451,83.98877289094584
STU_011452,79.45676942271693
STU_011453,79.1670465978689
STU_011454,66.6270371044149
STU_011455,54.509780140841194
STU_011456,91.07890948750014
STU_011457,68.4149670436464
STU_011458,97.84378474912829
STU_011459,73.04946270509622
STU_011460,84.35625373135439
STU_011461,74.69876790777565
STU_011462,81.61342909577544
STU_011463,78.78166501189696
STU_011464,77.68245988144871
STU_011465,64.71625047940351
STU_011466,79.84078073737187
STU_011467,71.40449574010147
STU_011468,63.84621709525248
STU_011469,71.51696400291104
STU_011470,95.58091582909755
STU_011471,62.54867982054832
STU_011472,69.15264565304551
STU_011473,76.16894903422833
STU_011474,88.22646581230211
STU_011475,86.28468545791233
STU_011476,96.85404775141863
STU_011477,98.57102121754151
STU_011478,53.34883829814825
STU_011479,65.50281052276571
STU_011480,99.18822408623056
STU_011481,71.88116671853852
STU_011482,60.37538184634417
STU_011483,95.95475129945008
STU_011484,72.81368568107837
STU_011485,75.43191942556471
STU_011486,59.393519860995724
STU_011487,80.63813036833443
STU_011488,74.240346866303
STU_011489,75.50157430857797
STU_011490,84.7551086792048
STU_011491,58.68908574083576
STU_011492,81.43011493388656
STU_011493,93.63189498723071
STU_011494,84.45471430851995
STU_011495,83.89304860581028
STU_011496,94.93931090078439
STU_011497,70.95786667073382
STU_011498,74.41999792743732
STU_011499,82.03783727036324
STU_011500,71.78455212130893
STU_011501,68.71393565617453
STU_011502,50.884003305085315
STU_011503,85.96669996643735
STU_011504,61.59503571966141
STU_011505,71.92957816321008
STU_011506,57.67969989593902
STU_011507,70.07786362664311
STU_011508,83.2615417149488
STU_011509,69.13770754677262
STU_011510,78.78123123326576
STU_011511,97.4698854488268
STU_011512,52.37311080996299
STU_011513,77.97325826498235
STU_011514,78.02413660096295
STU_011515,68.17159047845134
STU_011516,80.47510906571256
STU_011517,90.06915054936843
STU_011518,97.31752929358859
STU_011519,66.36695155310396
STU_011520,50.75979446285031
STU_011521,52.121302294691624
STU_011522,99.61869506835937
STU_011523,73.02728497911235
STU_011524,82.47582547285309
STU_011525,96.21487227830356
STU_011526,86.33827706945962
STU_011527,85.70377482785965
STU_011528,85.55083449384001
STU_011529,79.89359436400798
STU_011530,64.5866447370397
STU_011531,75.09218732776407
STU_011532,73.3161947487821
STU_011533,77.24408388446048
STU_011534,77.41901902394466
STU_011535,67.97267972075316
STU_011536,57.5927791663737
STU_011537,58.29043909817739
STU_011538,71.14099805828336
STU_011539,70.47363423456063
STU_011540,77.34832123559848
STU_011541,80.13504793702597
STU_011542,61.65746625357464
STU_011543,79.49281922877552
STU_011544,86.64608186905753
STU_011545,88.52529053873339
STU_011546,59.676450787742986
STU_011547,92.46797784606534
STU_011548,82.17384031627446
STU_011549,64.11633689109709
STU_011550,79.28865443006005
STU_011551,75.85112935467615
STU_011552,56.96280650721911
STU_011553,76.65891029095943
STU_011554,81.8595050243878
STU_011555,83.08436900093947
STU_011556,99.5421104308801
STU_011557,58.43784240479257
STU_011558,99.43227310180664
STU_011559,91.56317392506463
STU_011560,93.7214111822892
STU_011561,68.94144534258717
STU_011562,99.5961764015541
STU_011563,91.84850927668057
STU_011564,58.63883269675241
STU_011565,73.86543811483475
STU_011566,72.08995447888584
STU_011567,65.34243064399898
STU_011568,57.86155694716257
STU_011569,75.69752418878755
STU_011570,98.86207818706518
STU_011571,76.75865354184145
STU_011572,83.68598656405574
STU_011573,75.36758015090797
STU_011574,66.89320907976051
STU_011575,71.05152484741714
STU_011576,75.71156688028053
STU_011577,63.5421489219606
STU_011578,67.09113533234351
STU_011579,71.63253657794147
STU_011580,92.68105716128835
STU_011581,62.40497333855914
STU_011582,82.77713178559374
STU_011583,65.43062715472685
STU_011584,85.10099861871294
STU_011585,87.57718193641202
STU_011586,81.74116878292806
STU_011587,95.12169036030531
STU_011588,89.07433238758924
STU_011589,82.01947988825223
STU_011590,67.41697986551591
STU_011591,63.89377141776465
STU_011592,94.20882772642366
STU_011593,75.85543349893891
STU_011594,96.84898786810516
STU_011595,94.98694174089079
STU_011596,71.3461396187116
STU_011597,68.16180787158294
STU_011598,77.34781765633261
STU_011599,64.15945700282627
STU_011600,63.39944178763644
STU_011601,69.80594303993382
STU_011602,88.65618566517612
STU_011603,64.82286207024366
STU_011604,82.80993062702237
STU_011605,83.26292067738164
STU_011606,65.77283549431193
STU_011607,92.56656239787152
STU_011608,85.32014522358611
STU_011609,63.82427559384551
STU_011610,81.79370101624158
STU_011611,57.26856526920075
STU_011612,79.8929507557216
STU_011613,69.11861091904808
STU_011614,63.666179615245525
STU_011615,93.08536902800347
STU_011616,93.66037027548165
STU_011617,70.48920443821223
STU_011618,74.19174614948007
STU_011619,79.13397197291226
STU_011620,58.40593186369936
STU_011621,72.0567289330668
STU_011622,74.61049594795385
STU_011623,60.08830119463296
STU_011624,86.2731065799909
STU_011625,99.60490470404821
STU_011626,76.99617063703896
STU_011627,69.65066354223688
STU_011628,68.10513947808987
STU_011629,65.71419720069947
STU_011630,94.3657924471076
STU_011631,51.85375956655669
STU_011632,62.03936907114281
STU_011633,99.61363067626954
STU_011634,49.06203698697893
STU_011635,90.31522965204424
STU_011636,63.79406985385719
STU_011637,75.81717533111765
STU_011638,80.17647572134068
STU_011639,87.40360302151217
STU_011640,89.14451825320124
STU_011641,77.64284697502481
STU_011642,78.25652755471528
STU_011643,61.6386984350319
STU_011644,91.4262413143368
STU_011645,96.6900840491781
STU_011646,80.89492832807096
STU_011647,79.42749210197645
STU_011648,83.34552885471119
STU_011649,88.32738385052545
STU_011650,93.06166299044651
STU_011651,67.22469438322321
STU_011652,58.132445277540924
STU_011653,99.9309326171875
STU_011654,67.03681762403055
STU_011655,72.57284148103042
STU_011656,60.24703113997942
STU_011657,42.68616785377936
STU_011658,99.44109469867593
STU_011659,66.03717504461623
STU_011660,80.2811099793018
STU_011661,98.20251327509193
STU_011662,83.21488856009618
STU_011663,94.05024721015681
STU_011664,88.34631842251348
STU_011665,63.51972897599925
STU_011666,70.7435867651872
STU_011667,60.76559830389796
STU_011668,75.7366252079631
STU_011669,63.035590464737794
STU_011670,86.79760824754085
STU_011671,74.05974826169266
STU_011672,92.87194715117151
STU_011673,72.89357391578935
STU_011674,62.51554334388941
STU_011675,91.25172108675208
STU_011676,75.4586635785064
STU_011677,78.47949337900722
STU_011678,50.62325938078976
STU_011679,97.04246783097896
STU_011680,87.35945446966129
STU_011681,96.29516750611644
STU_011682,48.96842397411603
STU_011683,71.41057976241711
STU_011684,60.53424417086624
STU_011685,57.885210610599074
STU_011686,74.19463374690439
STU_011687,88.56613755981522
STU_011688,83.71211527653232
STU_011689,71.29815257740643
STU_011690,76.8052513640742
STU_011691,98.32393656286966
STU_011692,76.54132084424191
STU_011693,86.38445139381835
STU_011694,89.81587803796981
STU_011695,90.95444420766769
STU_011696,90.84269912503625
STU_011697,67.1289518878345
STU_011698,70.32784117178421
STU_011699,79.64574703489781
STU_011700,63.10918137586162
STU_011701,77.22949835203019
STU_011702,87.2795680294352
STU_011703,91.22879368514835
STU_011704,87.36404769518994
STU_011705,77.34182235621851
STU_011706,93.35034653879164
STU_011707,68.08430319303886
STU_011708,73.07334976882188
STU_011709,81.85793596707438
STU_011710,80.96413559687804
STU_011711,80.81810115002004
STU_011712,55.06281062850816
STU_011713,96.44104951188322
STU_011714,73.42206363630756
STU_011715,82.83479369152623
STU_011716,89.45845864276463
STU_011717,76.07604606006025
STU_011718,86.22489438007784
STU_011719,76.07037446087807
STU_011720,97.85275215143275
STU_011721,63.13422312067764
STU_011722,67.3624896140266
STU_011723,71.03375411533459
STU_011724,88.78398998242376
STU_011725,75.21087006726341
STU_011726,56.178464571330345
STU_011727,61.50617923381847
STU_011728,56.994711681591774
STU_011729,79.23144390482564
STU_011730,74.19702560074396
STU_011731,96.76301154500715
STU_011732,82.63874781655332
STU_011733,77.0351625536909
STU_011734,88.77484401084031
STU_011735,73.37178719686021
STU_011736,68.61093369433843
STU_011737,68.98960910045932
STU_011738,90.50769400996572
STU_011739,93.02464132717766
STU_011740,85.01528930815708
STU_011741,78.85755707159453
STU_011742,63.4872569581956
STU_011743,57.34678252967606
STU_011744,74.66744188263984
STU_011745,63.83455895229279
STU_011746,72.22440421789969
STU_011747,89.81605255472891
STU_011748,72.20277482778607
STU_011749,72.09060208332747
STU_011750,92.81144145888446
STU_011751,68.38343201399852
STU_011752,71.33666914184036
STU_011753,51.23505036860261
STU_011754,83.95940121313997
STU_011755,79.97790594980337
STU_011756,81.44118670251186
STU_011757,74.8117050114977
STU_011758,95.02373201992404
STU_011759,74.8686003573718
STU_011760,84.66198257753409
STU_011761,89.15718936573593
STU_011762,77.09627788426465
STU_011763,80.24474643250956
STU_011764,67.53937378812674
STU_011765,77.57699065812093
STU_011766,51.28939783423113
STU_011767,64.80417954817771
STU_011768,88.0629554079231
STU_011769,66.64494911622218
STU_011770,97.42203641181354
STU_011771,65.76406255590622
STU_011772,63.87953677868136
STU_011773,62.7457506066749
STU_011774,62.067817757700155
STU_011775,77.79026969476766
STU_011776,70.74058392076286
STU_011777,73.68585699017358
STU_011778,92.54402683817075
STU_011779,77.64157735078244
STU_011780,70.29630079181338
STU_011781,58.66975355032872
STU_011782,87.2319532236069
STU_011783,77.93807836520755
STU_011784,71.85854203869933
STU_011785,66.67735432394159
STU_011786,81.69172469878417
STU_011787,64.80882086048025
STU_011788,72.55759827879025
STU_011789,62.78796252519844
STU_011790,79.73385272762536
STU_011791,93.57933638457456
STU_011792,80.13429092039034
STU_011793,63.0601857678339
STU_011794,58.609606794393784
STU_011795,60.109981301529615
STU_011796,98.35714344900347
STU_011797,63.530935472320095
STU_011798,67.47965723027512
STU_011799,99.51436920166016
STU_011800,71.0962387539747
STU_011801,86.07593635660417
STU_011802,88.84870851022778
STU_011803,73.43488065004415
STU_011804,70.20034686183327
STU_011805,68.6861391070538
STU_011806,68.14818548249036
STU_011807,82.05035749351683
STU_011808,90.14070197851932
STU_011809,91.86925922152504
STU_011810,86.63203528690973
STU_011811,88.29809565544969
STU_011812,67.96696599544885
STU_011813,71.0323969905719
STU_011814,91.08727458193549
STU_011815,72.63706475114991
STU_011816,76.0219218949597
STU_011817,96.65139575749548
STU_011818,74.71350775095131
STU_011819,72.52962068088516
STU_011820,72.94990156724094
STU_011821,72.064046343431
STU_011822,99.7278060913086
STU_011823,70.89102046482793
STU_011824,71.5501720169857
STU_011825,80.04379185872205
STU_011826,69.67662046540472
STU_011827,74.1573145745698
STU_011828,75.67912230612028
STU_011829,72.76866987436156
STU_011830,66.98043515407653
STU_011831,63.7745479290186
STU_011832,69.28677766984532
STU_011833,65.76718002687355
STU_011834,65.1072112031968
STU_011835,76.19612747571728
STU_011836,72.00672770086379
STU_011837,75.34019061447927
STU_011838,68.00909265903135
STU_011839,85.23298549824732
STU_011840,79.27455916396275
STU_011841,81.28115302933573
STU_011842,59.53098413060444
STU_011843,57.66495780185079
STU_011844,89.63921473997677
STU_011845,66.88199762667868
STU_011846,92.22334523733451
STU_011847,73.05057100571163
STU_011848,97.46725604317595
STU_011849,74.28696984493129
STU_011850,69.23308321006081
STU_011851,88.95344079863652
STU_011852,87.99542181345764
STU_011853,83.4695440321385
STU_011854,70.85014188280029
STU_011855,87.2258105656762
STU_011856,84.56861196475907
STU_011857,76.63284537211393
STU_011858,78.61158636690341
STU_011859,75.86567575991275
STU_011860,76.74819184272076
STU_011861,71.44484570473044
STU_011862,71.03085865994447
STU_011863,98.0138271477783
STU_011864,51.33486055962672
STU_011865,86.59473670308269
STU_011866,63.0899878588682
STU_011867,87.77411875125662
STU_011868,79.25014313181039
STU_011869,72.61740668923335
STU_011870,92.47375614904365
STU_011871,67.21785796511625
STU_011872,66.38640490562611
STU_011873,78.83938724972624
STU_011874,66.47058570052913
STU_011875,60.561092607187575
STU_011876,67.79910055603162
STU_011877,95.06233754026997
STU_011878,55.007614383380904
STU_011879,77.38725062978195
STU_011880,62.645712702153325
STU_011881,58.98968060070294
STU_011882,84.98592043226112
STU_011883,61.19526448889813
STU_011884,72.18619333100567
STU_011885,61.752690020617614
STU_011886,70.77850249637731
STU_011887,79.47484658811092
STU_011888,78.98173784730973
STU_011889,45.14768088922866
STU_011890,62.18940053800566
STU_011891,85.73443168901397
STU_011892,99.91142578125
STU_011893,88.74228115467204
STU_011894,75.24279861046064
STU_011895,91.20976130432449
STU_011896,57.19003127213845
STU_011897,72.50143830029502
STU_011898,99.84187927246094
STU_011899,58.828042174049116
STU_011900,74.09198945019838
STU_011901,72.65475706050326
STU_011902,55.47895702537918
STU_011903,73.26942774735362
STU_011904,80.77675279628902
STU_011905,74.06785721644678
STU_011906,80.31329799540107
STU_011907,84.59245183917851
STU_011908,97.14564431973297
STU_011909,49.3088531932738
STU_011910,85.49764291371284
STU_011911,73.49005630082966
STU_011912,89.27050219728746
STU_011913,71.50252709521988
STU_011914,90.5439831196135
STU_011915,79.64110516581218
STU_011916,69.7887807489445
STU_011917,82.21400511394674
STU_011918,77.61870139728599
STU_011919,99.87787399291992
STU_011920,72.91614555573
STU_011921,72.38464279198999
STU_011922,81.44351455617159
STU_011923,63.9504853986222
STU_011924,71.76742979935084
STU_011925,42.33149094127742
STU_011926,71.02738424666892
STU_011927,69.96267441768711
STU_011928,72.3012792533952
STU_011929,78.62039976053705
STU_011930,85.18084600714614
STU_011931,89.70831712272337
STU_011932,66.42200711280711
STU_011933,54.81814813158837
STU_011934,85.00320882868853
STU_011935,61.240045790114195
STU_011936,93.56605907598384
STU_011937,67.02062788161379
STU_011938,55.70476246882784
STU_011939,90.86372676017228
STU_011940,78.89989523309417
STU_011941,78.10522554773728
STU_011942,92.16118105680546
STU_011943,69.59128896063174
STU_011944,67.7668635700377
STU_011945,76.73302418511909
STU_011946,97.16550916482883
STU_011947,83.17055525031734
STU_011948,61.0370543086104
STU_011949,79.54150082101573
STU_011950,75.87187278876706
STU_011951,94.99384583170493
STU_011952,66.18117043232922
STU_011953,55.46022951473723
STU_011954,93.80570402512781
STU_011955,59.431841351307085
STU_011956,93.64074183478246
STU_011957,63.4899751462784
STU_011958,93.97138589473184
STU_011959,76.45740215763608
STU_011960,85.94433014608435
STU_011961,89.10153910230378
STU_011962,78.38182897762249
STU_011963,86.81928179616999
STU_011964,71.89177372824834
STU_011965,77.01276758166634
STU_011966,91.68469951727954
STU_011967,56.07137151321678
STU_011968,88.11613135691353
STU_011969,61.6645548131149
STU_011970,81.59667993699816
STU_011971,52.69467349002213
STU_011972,87.04341375948555
STU_011973,66.53223992941894
STU_011974,95.60158572131974
STU_011975,74.13231556328218
STU_011976,66.66417648866958
STU_011977,84.41417808603322
STU_011978,74.32168111453672
STU_011979,79.26544499789463
STU_011980,83.01040114980526
STU_011981,77.79988936071304
STU_011982,97.32901867419746
STU_011983,68.21567194903739
STU_011984,80.02351930467313
STU_011985,75.40571897298035
STU_011986,68.66721900510906
STU_011987,59.10264131087932
STU_011988,82.17898381044799
STU_011989,74.18609696583545
STU_011990,90.11445580361014
STU_011991,64.2637568066674
STU_011992,44.283012689245226
STU_011993,74.50068320860721
STU_011994,65.74150224611546
STU_011995,77.41540649441765
STU_011996,70.05528933308005
STU_011997,90.02280855229851
STU_011998,91.01051952444398
STU_011999,98.656542703678
STU_012000,86.86727249041904
STU_012001,89.8637144847076
STU_012002,71.39547038722093
STU_012003,76.54535553560306
STU_012004,69.85295353519078
STU_012005,76.3217620714217
STU_012006,93.65302304721038
STU_012007,61.635033076684635
STU_012008,76.08477865995958
STU_012009,72.11410423963981
STU_012010,45.559566300058954
STU_012011,60.793582492720354
STU_012012,74.10569761101056
STU_012013,73.27896703644552
STU_012014,52.528611740767616
STU_012015,64.87076105102888
STU_012016,53.79841746819632
STU_012017,77.39167504616312
STU_012018,84.18990375604295
STU_012019,96.63594263806087
STU_012020,56.859813067319564
STU_012021,65.17862810742224
STU_012022,73.37019877806779
STU_012023,79.8751466906129
STU_012024,96.4144513704387
STU_012025,83.03442592742539
STU_012026,66.93737376739286
STU_012027,92.7263556895964
STU_012028,92.26396645405377
STU_012029,61.77112565142356
STU_012030,81.81547939976983
STU_012031,89.36410644395289
STU_012032,64.7429682086136
STU_012033,68.42316681792653
STU_012034,96.62604976205233
STU_012035,67.10831031942722
STU_012036,71.08782376837863
STU_012037,80.61873558434885
STU_012038,64.24438052044516
STU_012039,67.50709981690899
STU_012040,96.40459836833176
STU_012041,72.7909139672274
STU_012042,86.41475951251091
STU_012043,73.25054519649377
STU_012044,74.73064814502716
STU_012045,55.327207213869144
STU_012046,87.70258023125834
STU_012047,97.80399074437796
STU_012048,56.91614712464916
STU_012049,80.04439531474402
STU_012050,73.11665487313194
STU_012051,37.572793196093045
STU_012052,86.22877165061466
STU_012053,80.9619003043306
STU_012054,70.67495122162902
STU_012055,76.59877138816822
STU_012056,95.89725186769418
STU_012057,90.02642543556107
STU_012058,66.00834209624792
STU_012059,58.08115928488189
STU_012060,76.24393050035802
STU_012061,60.78586783301557
STU_012062,92.84614717489104
STU_012063,55.912541174783755
STU_012064,65.95364606927441
STU_012065,85.25608814963154
STU_012066,79.2949288208145
STU_012067,83.63046961645557
STU_012068,63.71612303118629
STU_012069,66.4987377921305
STU_012070,87.46722690025244
STU_012071,74.96699341541918
STU_012072,76.13374753467905
STU_012073,92.60548439809476
STU_012074,82.911565116086
STU_012075,53.92699747867823
STU_012076,65.36336960427602
STU_012077,66.28732162239396
STU_012078,69.29179798363704
STU_012079,81.9681517392868
STU_012080,71.75082664063773
STU_012081,51.9702273527426
STU_012082,89.54878446092232
STU_012083,69.146776323238
STU_012084,76.50846787727994
STU_012085,97.86933623423104
STU_012086,79.52685047055094
STU_012087,78.48833433262514
STU_012088,75.49955956270831
STU_012089,75.10674937777434
STU_012090,93.80785716849978
STU_012091,83.14658207684755
STU_012092,75.07738219700748
STU_012093,72.30972340770485
STU_012094,80.38253693512335
STU_012095,62.389176619489284
STU_012096,76.028563087585
STU_012097,78.80093520216906
STU_012098,65.38217191709778
STU_012099,76.32758979209481
STU_012100,87.32115154179758
STU_012101,93.30218832488616
STU_012102,64.20333119580947
STU_012103,76.61213044656915
STU_012104,60.31990336480246
STU_012105,83.6736812377125
STU_012106,89.94361198662902
STU_012107,79.48422757197412
STU_012108,88.5083373933785
STU_012109,73.96942723199557
STU_012110,71.405851749628
STU_012111,48.92876308874891
STU_012112,80.77329402822521
STU_012113,92.73803394707886
STU_012114,69.58152517339556
STU_012115,74.10872445705498
STU_012116,75.3298660086909
STU_012117,91.73240282938714
STU_012118,66.4667080274915
STU_012119,89.96815349823294
STU_012120,63.24333240593367
STU_012121,69.13328553083595
STU_012122,67.80285030611964
STU_012123,82.97331537570119
STU_012124,63.850555848573585
STU_012125,76.30930628534782
STU_012126,75.91797605722881
STU_012127,75.07450971887735
STU_012128,75.96005590614789
STU_012129,75.42286536650556
STU_012130,69.2345247270756
STU_012131,51.10958092982344
STU_012132,80.44128071861809
STU_012133,77.08113976235846
STU_012134,62.63450220312956
STU_012135,65.93427316334055
STU_012136,57.13965634164948
STU_012137,68.13803664244728
STU_012138,55.48122813569043
STU_012139,66.53224959132629
STU_012140,75.91992232943538
STU_012141,64.31408510681754
STU_012142,80.31423442294364
STU_012143,98.14551011317832
STU_012144,82.60669297020578
STU_012145,76.82062178181462
STU_012146,77.52275453024414
STU_012147,67.40270417891176
STU_012148,74.36297374451804
STU_012149,83.47813411591733
STU_012150,80.80224030701768
STU_012151,79.06381489854206
STU_012152,56.122327095926046
STU_012153,72.69963568404145
STU_012154,80.29787385830028
STU_012155,63.46105289332848
STU_012156,72.59412649535284
STU_012157,81.58309857828588
STU_012158,82.44098826210573
STU_012159,82.31622082422206
STU_012160,90.2394588818457
STU_012161,91.34527084372729
STU_012162,80.16648911820786
STU_012163,98.59836377745968
STU_012164,43.13003347810387
STU_012165,69.73190408043918
STU_012166,63.222389917857654
STU_012167,90.42875882335593
STU_012168,57.81732706062672
STU_012169,63.443014442410266
STU_012170,67.38274929594914
STU_012171,81.93692904959723
STU_012172,94.05660723773167
STU_012173,91.09089742550256
STU_012174,82.30369456940028
STU_012175,88.61332013864752
STU_012176,70.5926119464433
STU_012177,73.92161904581025
STU_012178,84.48724241228017
STU_012179,70.91955179730027
STU_012180,81.35060456932891
STU_012181,96.0194761992836
STU_012182,73.19748577748909
STU_012183,92.98013294771546
STU_012184,70.82584828596006
STU_012185,73.00515639378919
STU_012186,93.08545792881513
STU_012187,53.4030466310916
STU_012188,64.65722473614072
STU_012189,61.2542796074659
STU_012190,91.54675804961806
STU_012191,79.42054865381238
STU_012192,72.70480235835858
STU_012193,66.27060229185098
STU_012194,80.30106673770409
STU_012195,70.67044290792707
STU_012196,47.26236708846087
STU_012197,91.0937237316399
STU_012198,68.14083623028422
STU_012199,85.07300952255171
STU_012200,58.643469739710355
STU_012201,68.24065109405828
STU_012202,83.31374181037282
STU_012203,85.21147488741722
STU_012204,73.59323279171475
STU_012205,73.74596943270348
STU_012206,88.77963213633942
STU_012207,90.05685458600588
STU_012208,78.53996840058751
STU_012209,58.86453851403736
STU_012210,75.62003157433799
STU_012211,81.54466262781384
STU_012212,73.86494652855096
STU_012213,86.90578119201139
STU_012214,68.28860097241876
STU_012215,63.87858293588409
STU_012216,89.06246500668205
STU_012217,95.12520328356527
STU_012218,99.85835876464844
STU_012219,69.65738304993104
STU_012220,62.13687172354556
STU_012221,82.99491212325434
STU_012222,70.15872434465909
STU_012223,63.83509884543152
STU_012224,70.86316518003082
STU_012225,91.77737982923256
STU_012226,73.69498267791877
STU_012227,75.43866390974176
STU_012228,63.69943934393255
STU_012229,80.69859578801373
STU_012230,82.31995240202588
STU_012231,63.212452887061744
STU_012232,79.73255074680335
STU_012233,83.72662727719708
STU_012234,67.2644603035611
STU_012235,68.10362015096227
STU_012236,99.09848413283278
STU_012237,67.7022248779537
STU_012238,64.89568341318471
STU_012239,73.44751126365414
STU_012240,71.27277464692757
STU_012241,93.56425026967106
STU_012242,75.29536497273045
STU_012243,52.74066889445081
STU_012244,62.07812549637275
STU_012245,79.8563847894593
STU_012246,62.3886059359033
STU_012247,57.28163756748876
STU_012248,92.9542617416532
STU_012249,83.8980893543329
STU_012250,85.75914087026405
STU_012251,70.37305386733921
STU_012252,63.013381547281206
STU_012253,57.252764926349876
STU_012254,52.663380959330794
STU_012255,81.73832022461742
STU_012256,69.49407762098102
STU_012257,84.04848379301625
STU_012258,72.45734684285786
STU_012259,78.52411607073903
STU_012260,84.86049483092805
STU_012261,89.4066423193417
STU_012262,83.88449838486049
STU_012263,67.02639031201142
STU_012264,64.0847294877184
STU_012265,66.88430136418721
STU_012266,98.03475376476324
STU_012267,92.62599086213085
STU_012268,54.089404413805596
STU_012269,84.62897055193754
STU_012270,68.72730920809599
STU_012271,75.51749293984774
STU_012272,72.09131462893842
STU_012273,72.34148418772557
STU_012274,62.03528916790112
STU_012275,94.77142873040216
STU_012276,69.99834837283667
STU_012277,75.01590865383595
STU_012278,65.0229936610128
STU_012279,76.11077808548231
STU_012280,70.93976406478853
STU_012281,57.722822100771126
STU_012282,92.8913952619494
STU_012283,91.77837409299518
STU_012284,66.28155282628583
STU_012285,75.78180742963998
STU_012286,73.84393489497857
STU_012287,94.8259119521132
STU_012288,78.96620342728035
STU_012289,91.07310609063262
STU_012290,82.57778230969917
STU_012291,66.46957572380953
STU_012292,76.42539012585816
STU_012293,71.1086758976688
STU_012294,87.85522593747145
STU_012295,78.27048358563275
STU_012296,77.95943078424504
STU_012297,74.7208160988892
STU_012298,67.73414052612206
STU_012299,90.61229635762011
STU_012300,57.241203064050524
STU_012301,89.15715214231635
STU_012302,78.09595915492642
STU_012303,63.06607680190516
STU_012304,48.781904719118614
STU_012305,97.44771961411395
STU_012306,71.67491229531525
STU_012307,70.67453810355869
STU_012308,85.90713938151393
STU_012309,73.43984129619083
STU_012310,72.67288979285803
STU_012311,82.74088641987944
STU_012312,59.77714294822121
STU_012313,73.1595761828715
STU_012314,97.90333904641524
STU_012315,89.37807785493824
STU_012316,73.8197932757893
STU_012317,99.37607153112573
STU_012318,79.45991951541217
STU_012319,77.03728945064053
STU_012320,63.777292636322855
STU_012321,64.52837480115
STU_012322,90.35807886298682
STU_012323,61.627134818141336
STU_012324,86.63973700608182
STU_012325,68.4372763777764
STU_012326,77.5096212190553
STU_012327,63.24308447529176
STU_012328,63.024680082749164
STU_012329,96.44370305422404
STU_012330,89.7498345189172
STU_012331,81.40284762850608
STU_012332,68.28988197605545
STU_012333,84.2527308764343
STU_012334,71.58312300661022
STU_012335,68.05401736061442
STU_012336,92.51823286607119
STU_012337,87.50415366364594
STU_012338,66.43100082048905
STU_012339,84.26206841778678
STU_012340,65.0640103152126
STU_012341,56.9226702083096
STU_012342,90.9165763837572
STU_012343,85.00058457130777
STU_012344,61.687607175777785
STU_012345,70.5078973836932
STU_012346,69.64404247174632
STU_012347,95.18856880071495
STU_012348,76.19192780465009
STU_012349,66.14853321532601
STU_012350,81.5532562539122
STU_012351,84.23402966909539
STU_012352,86.81257653706585
STU_012353,93.95877544318262
STU_012354,58.67279497006947
STU_012355,82.20495622361373
STU_012356,84.10327709543317
STU_012357,70.7303821682976
STU_012358,96.75426613006766
STU_012359,83.68157238025765
STU_012360,72.78519346837625
STU_012361,66.60853520736312
STU_012362,83.013786548523
STU_012363,77.46548470968358
STU_012364,81.09638659295742
STU_012365,66.5727944716986
STU_012366,85.18620693011488
STU_012367,77.1856969313375
STU_012368,61.12339609148384
STU_012369,78.48541002159467
STU_012370,99.68402962074532
STU_012371,72.6200710118357
STU_012372,84.30960778227454
STU_012373,73.39606178320923
STU_012374,72.36847082265635
STU_012375,63.04800326394341
STU_012376,81.58302362238942
STU_012377,83.40122949007657
STU_012378,73.47094848725308
STU_012379,73.67395993861781
STU_012380,95.75837360309166
STU_012381,99.53157810500845
STU_012382,67.830159304033
STU_012383,81.03807860174109
STU_012384,96.32162043482008
STU_012385,85.46418781720624
STU_012386,79.08837689913487
STU_012387,81.5278747434513
STU_012388,82.13226071551736
STU_012389,97.01827329800577
STU_012390,72.28527787241961
STU_012391,52.89493353333132
STU_012392,80.0335433179214
STU_012393,67.58881310699564
STU_012394,68.47787925965541
STU_012395,82.37367523178088
STU_012396,80.0774851478035
STU_012397,72.98102323170075
STU_012398,81.25151065396167
STU_012399,79.39865229308147
STU_012400,77.62984663641039
STU_012401,92.2761721233144
STU_012402,99.68636355816582
STU_012403,48.834355735960166
STU_012404,72.6931275158261
STU_012405,62.37414734625724
STU_012406,66.57990676846194
STU_012407,94.74237062262937
STU_012408,81.05043238418499
STU_012409,64.93506947897208
STU_012410,46.02526016280336
STU_012411,93.75074486226872
STU_012412,72.0842011390163
STU_012413,58.063458082057004
STU_012414,97.69593519451698
STU_012415,87.07422047140773
STU_012416,93.65490557412227
STU_012417,58.19199223145787
STU_012418,84.10836775826816
STU_012419,71.62747655934653
STU_012420,56.395435622723255
STU_012421,69.66631855083119
STU_012422,85.91169316623137
STU_012423,84.05944840831165
STU_012424,83.50971156444942
STU_012425,53.065979532492435
STU_012426,83.12452943375514
STU_012427,65.22558490923554
STU_012428,84.4851747285727
STU_012429,58.01417599430171
STU_012430,71.41591487192997
STU_012431,70.01148464700732
STU_012432,62.94723684640137
STU_012433,56.41294004833386
STU_012434,90.40025657133289
STU_012435,66.75098418085761
STU_012436,71.78898574173728
STU_012437,88.01591283333411
STU_012438,58.68451172624977
STU_012439,76.01344259888317
STU_012440,77.15532725382482
STU_012441,94.65251617514188
STU_012442,99.03179054471921
STU_012443,64.93563930163911
STU_012444,88.4090912296512
STU_012445,68.42765832880352
STU_012446,83.89550691404125
STU_012447,91.60819344661837
STU_012448,70.73293947909772
STU_012449,79.48664240971708
STU_012450,72.29949503459994
STU_012451,84.47112850325145
STU_012452,80.9327740488879
STU_012453,95.04546766414131
STU_012454,86.92939624862156
STU_012455,75.26580753882983
STU_012456,92.91663100698345
STU_012457,65.08395559948119
STU_012458,80.77269257025574
STU_012459,58.95334084655987
STU_012460,85.084906790419
STU_012461,74.71016118583636
STU_012462,70.76099659180896
STU_012463,82.19497428792663
STU_012464,74.8163085480191
STU_012465,74.1412063514368
STU_012466,69.76560497772822
STU_012467,75.2140848777098
STU_012468,85.05390868171956
STU_012469,87.98491367955775
STU_012470,52.933628706573565
STU_012471,52.92072873811442
STU_012472,97.13986404468432
STU_012473,70.49847735831477
STU_012474,64.3803066404186
STU_012475,69.0790682806354
STU_012476,50.455437375418796
STU_012477,96.61948134656865
STU_012478,72.05406388083391
STU_012479,62.790024617638764
STU_012480,76.97115941933018
STU_012481,90.12988687044428
STU_012482,66.59233548034577
STU_012483,62.7358374274317
STU_012484,66.85214554857814
STU_012485,73.69230334509652
STU_012486,72.48142078205846
STU_012487,67.26636666101183
STU_012488,72.11703914217628
STU_012489,79.39287987071467
STU_012490,90.75854128671025
STU_012491,60.712196345432844
STU_012492,62.02886579631644
STU_012493,60.639376832867775
STU_012494,74.7713376633658
STU_012495,74.62681899356669
STU_012496,78.95052508490338
STU_012497,88.757203398728
STU_012498,70.71700654837603
STU_012499,76.87752164022221
STU_012500,79.34698791785166
STU_012501,96.04643307914148
STU_012502,81.26831181013735
STU_012503,84.78185759732486
STU_012504,76.38226239668555
STU_012505,81.67188452537064
STU_012506,68.24731563990933
STU_012507,87.95494499734141
STU_012508,68.60441782442624
STU_012509,84.00503446264524
STU_012510,76.71122986871873
STU_012511,73.55687503463747
STU_012512,77.0386191146642
STU_012513,67.78844398457407
STU_012514,99.66660003662109
STU_012515,88.69443038974411
STU_012516,77.94652196644991
STU_012517,99.61758728027344
STU_012518,54.975202428037825
STU_012519,76.1711406208463
STU_012520,70.6504709313409
STU_012521,94.20435332270863
STU_012522,95.37929645965707
STU_012523,81.30989038404826
STU_012524,95.88370371418922
STU_012525,88.13067961203444
STU_012526,98.3742342317261
STU_012527,87.84716534122244
STU_012528,62.41577859340645
STU_012529,98.65675319789335
STU_012530,75.05885382441613
STU_012531,75.87825150080693
STU_012532,71.5830934219207
STU_012533,88.97478460763341
STU_012534,57.044046896040875
STU_012535,87.35926628836637
STU_012536,74.50257099125382
STU_012537,53.99161431801096
STU_012538,61.957823019499344
STU_012539,88.10387906547
STU_012540,69.66020265928984
STU_012541,99.02945114534641
STU_012542,98.16002895998047
STU_012543,71.25331029694438
STU_012544,79.10029810843515
STU_012545,66.55167400166268
STU_012546,79.96463672938658
STU_012547,99.90107116699218
STU_012548,54.640261604350286
STU_012549,73.53662758793133
STU_012550,87.5677034683642
STU_012551,92.78699821915401
STU_012552,73.79132568168832
STU_012553,78.94455906949223
STU_012554,64.83562393124805
STU_012555,53.20911555972803
STU_012556,62.16751276850257
STU_012557,78.73643558411061
STU_012558,68.26461922714701
STU_012559,90.630934595068
STU_012560,72.44828355320358
STU_012561,59.97235799744107
STU_012562,67.8880839803071
STU_012563,81.25078725192849
STU_012564,88.64126835012483
STU_012565,98.5040054321289
STU_012566,75.00018824234682
STU_012567,65.01499957320397
STU_012568,97.92726761071019
STU_012569,66.13799104084637
STU_012570,52.18359009425257
STU_012571,56.212800363684146
STU_012572,59.12929998510928
STU_012573,76.32299462791161
STU_012574,63.53581669044925
STU_012575,71.97560412033799
STU_012576,72.52111170507048
STU_012577,99.09610022956844
STU_012578,51.48970466333932
STU_012579,74.71630262786385
STU_012580,72.33775995198577
STU_012581,63.78905741733238
STU_012582,72.8243283555769
STU_012583,62.58300521418087
STU_012584,60.74916474552116
STU_012585,71.74938605906888
STU_012586,76.19201684030035
STU_012587,71.81569212441778
STU_012588,69.17130493018348
STU_012589,49.35381647510559
STU_012590,65.45831245269383
STU_012591,71.12972807506506
STU_012592,97.69473654036705
STU_012593,95.44122524935466
STU_012594,52.29637608223622
STU_012595,62.16541150457806
STU_012596,84.69738403826277
STU_012597,68.36139843020173
STU_012598,72.52699178576428
STU_012599,74.54678871337858
STU_012600,70.44084932630774
STU_012601,70.44545853254354
STU_012602,64.6622004137278
STU_012603,90.59389610155414
STU_012604,74.00381171005384
STU_012605,72.23115856166602
STU_012606,69.94320664075596
STU_012607,58.67219858043997
STU_012608,79.08300222937378
STU_012609,65.16397900553058
STU_012610,74.37165076525619
STU_012611,72.05761106520411
STU_012612,63.37640306788098
STU_012613,95.16274491118041
STU_012614,71.16792585298195
STU_012615,76.80473337439635
STU_012616,83.0231444556594
STU_012617,61.129067279901356
STU_012618,90.07830678317957
STU_012619,81.7659072696343
STU_012620,74.57040889389356
STU_012621,90.14173517887676
STU_012622,89.9639686581968
STU_012623,89.58213734818592
STU_012624,80.68617879271075
STU_012625,86.74059630550951
STU_012626,93.59169175768375
STU_012627,83.75026775334989
STU_012628,71.86022702987063
STU_012629,81.37343289678749
STU_012630,68.07626713717947
STU_012631,70.09245516507582
STU_012632,68.43722651689285
STU_012633,80.45004529274324
STU_012634,89.37935942698392
STU_012635,79.67822091203935
STU_012636,74.76587335084119
STU_012637,78.60845086867445
STU_012638,80.90438206289296
STU_012639,93.77109502952118
STU_012640,83.77594227753478
STU_012641,69.08989258644077
STU_012642,65.56801922263905
STU_012643,79.28420889355542
STU_012644,82.18975690701757
STU_012645,56.615294756925735
STU_012646,88.80732157200062
STU_012647,84.60370241799875
STU_012648,66.73362147897961
STU_012649,79.82744428956819
STU_012650,85.42967033050866
STU_012651,79.76066009085442
STU_012652,98.98525825811012
STU_012653,89.36704846960724
STU_012654,80.13997566867668
STU_012655,72.32014687402291
STU_012656,76.38725735787155
STU_012657,95.3748556337829
STU_012658,84.08492674951368
STU_012659,81.3094468185149
STU_012660,73.3993479094476
STU_012661,87.7043324487873
STU_012662,94.28805457915946
STU_012663,68.92242949056163
STU_012664,53.02297188642177
STU_012665,89.79161764692388
STU_012666,59.499909663226916
STU_012667,85.53453476187912
STU_012668,77.50638758749113
STU_012669,64.8519313432832
STU_012670,63.08104619176013
STU_012671,69.12136623954721
STU_012672,62.96337899825392
STU_012673,56.97650009136724
STU_012674,62.58168432550189
STU_012675,71.55660488338609
STU_012676,96.52247373217244
STU_012677,60.621411726608706
STU_012678,73.73478179227764
STU_012679,81.44625453494268
STU_012680,79.94634421854438
STU_012681,72.08371556152125
STU_012682,87.14033464543036
STU_012683,77.67261564032766
STU_012684,86.7546899759085
STU_012685,93.46904681064625
STU_012686,69.77631876874267
STU_012687,79.63404973185546
STU_012688,84.830977747676
STU_012689,71.36760943761767
STU_012690,64.63428798633738
STU_012691,77.63182659781805
STU_012692,79.79772541828444
STU_012693,87.3832881862389
STU_012694,60.82100478321041
STU_012695,71.46277918881536
STU_012696,63.74050895133581
STU_012697,84.00141517620041
STU_012698,64.42423834155724
STU_012699,75.80533331783337
STU_012700,65.96172407888464
STU_012701,99.29213409423828
STU_012702,73.80274259141322
STU_012703,68.85161805724913
STU_012704,72.27632103498561
STU_012705,65.8824782546957
STU_012706,74.66185007407447
STU_012707,97.72047316124153
STU_012708,56.314177455405186
STU_012709,66.44318758384522
STU_012710,91.84799957927196
STU_012711,73.06251701186086
STU_012712,65.43514592303247
STU_012713,65.01791185614081
STU_012714,89.50058114100743
STU_012715,71.71254682709329
STU_012716,80.55236695143442
STU_012717,67.84993786910124
STU_012718,82.21561648931234
STU_012719,65.9266307564377
STU_012720,79.8846526977807
STU_012721,74.96165435647468
STU_012722,50.58220110544961
STU_012723,78.77590978913477
STU_012724,88.10107072755605
STU_012725,60.69456196461772
STU_012726,55.37840175376402
STU_012727,63.50104320844369
STU_012728,85.21456647788341
STU_012729,63.392099743510464
STU_012730,87.34941796907512
STU_012731,99.11475168461403
STU_012732,79.18920339919246
STU_012733,55.04044866031851
STU_012734,85.59186537930665
STU_012735,65.86895234348107
STU_012736,99.80378875732421
STU_012737,72.481729702559
STU_012738,81.48349765919232
STU_012739,76.1755218748393
STU_012740,88.10163622897714
STU_012741,54.31036938490452
STU_012742,67.40176631555174
STU_012743,80.04693078827472
STU_012744,80.4250397868634
STU_012745,62.48884537693115
STU_012746,83.46639341455115
STU_012747,61.58157235789038
STU_012748,91.3560095320687
STU_012749,86.91607179112209
STU_012750,68.96029173689283
STU_012751,53.840822659821896
STU_012752,71.98970957609097
STU_012753,70.90497171275261
STU_012754,61.30800128005915
STU_012755,86.99640444151565
STU_012756,60.39666738334104
STU_012757,49.439011646569114
STU_012758,90.99142224752224
STU_012759,58.445007856902926
STU_012760,76.11692618137153
STU_012761,57.673244431923166
STU_012762,83.96572279453281
STU_012763,97.72562364066589
STU_012764,94.63049644847035
STU_012765,85.84790089282492
STU_012766,63.05046814472912
STU_012767,96.11948360437168
STU_012768,83.06235529394816
STU_012769,70.43412957620728
STU_012770,55.61366054107993
STU_012771,55.85198879392541
STU_012772,99.0707167284855
STU_012773,62.18275578657545
STU_012774,76.33963463416694
STU_012775,66.40952759045321
STU_012776,78.19872324004551
STU_012777,51.73563302489634
STU_012778,71.52236587863733
STU_012779,74.9478114907086
STU_012780,70.40423172117121
STU_012781,83.41507218135287
STU_012782,54.39787926380451
STU_012783,98.43861403376599
STU_012784,54.748212981965295
STU_012785,72.34288351699081
STU_012786,53.89894527672007
STU_012787,68.79524028050314
STU_012788,91.5987520277565
STU_012789,75.14569284957899
STU_012790,96.99729299714038
STU_012791,85.05645877074681
STU_012792,67.83914425118405
STU_012793,88.92986527649101
STU_012794,73.52497675596648
STU_012795,90.56447018178469
STU_012796,68.24133149899326
STU_012797,61.0281103206774
STU_012798,97.02667308537025
STU_012799,81.47743711137116
STU_012800,52.612451970255634
STU_012801,67.81675827865064
STU_012802,70.49107659424463
STU_012803,90.57848341427066
STU_012804,63.80946089968645
STU_012805,74.08350417627672
STU_012806,78.05756658414732
STU_012807,64.00498030951833
STU_012808,80.66424993225877
STU_012809,84.24420308760833
STU_012810,85.73361738649471
STU_012811,78.67694103362217
STU_012812,67.68827708506217
STU_012813,78.95131860893234
STU_012814,65.59553753767395
STU_012815,68.48261604720656
STU_012816,83.38430189290207
STU_012817,67.57140897926226
STU_012818,88.21050663740512
STU_012819,56.23164443486822
STU_012820,83.73872846943452
STU_012821,73.42394720765905
STU_012822,84.98657648747721
STU_012823,78.78042341652582
STU_012824,79.61170604720013
STU_012825,61.71209869214269
STU_012826,86.12054114739826
STU_012827,61.77309582814179
STU_012828,87.86986031099944
STU_012829,74.90999536077658
STU_012830,80.50405955168299
STU_012831,65.63352488144233
STU_012832,96.85534102269295
STU_012833,89.95950209077796
STU_012834,73.22914026783853
STU_012835,69.29993398957933
STU_012836,79.76916056437771
STU_012837,63.79004484508962
STU_012838,62.54574394027082
STU_012839,66.38506604056802
STU_012840,88.09250243680965
STU_012841,71.441291176878
STU_012842,73.19325894399465
STU_012843,77.62506516334614
STU_012844,77.02412077460363
STU_012845,64.26023498923918
STU_012846,72.78599229213373
STU_012847,74.98982725858852
STU_012848,75.93889329752767
STU_012849,89.51697491989407
STU_012850,77.12535082026503
STU_012851,82.87316121045087
STU_012852,87.21341170133442
STU_012853,61.32259973278503
STU_012854,82.54852698331649
STU_012855,81.61570380347848
STU_012856,69.18099175676097
STU_012857,98.86894852227427
STU_012858,84.16815914828923
STU_012859,63.69633911631489
STU_012860,83.59854082135813
STU_012861,67.39513827544022
STU_012862,79.3247460458551
STU_012863,92.80409845920016
STU_012864,76.06652372919822
STU_012865,66.13484216986947
STU_012866,74.3103173125883
STU_012867,91.26670623226184
STU_012868,81.144469882852
STU_012869,65.6601389579473
STU_012870,83.52279398024872
STU_012871,89.21171397047132
STU_012872,87.90412766375913
STU_012873,62.6332197751936
STU_012874,76.3535028194529
STU_012875,71.94236528329733
STU_012876,52.48890354167173
STU_012877,80.59949489542005
STU_012878,96.41715695417298
STU_012879,77.25164770644426
STU_012880,82.06376809925654
STU_012881,97.71364186209773
STU_012882,88.27056781184541
STU_012883,65.14040344528918
STU_012884,79.79914826086019
STU_012885,73.8007745966829
STU_012886,58.115823605098115
STU_012887,71.16669604208751
STU_012888,69.26818539404887
STU_012889,67.74223163799135
STU_012890,67.06023793327034
STU_012891,71.82424925697114
STU_012892,70.77446310286226
STU_012893,86.0217148678623
STU_012894,72.82913739914358
STU_012895,94.88594240990764
STU_012896,72.1505180629221
STU_012897,77.87017659138938
STU_012898,87.3598749679556
STU_012899,80.16095020462352
STU_012900,78.1406558047779
STU_012901,70.10732018236466
STU_012902,85.50156307576825
STU_012903,66.77946386807898
STU_012904,83.91654752736376
STU_012905,61.71680058773577
STU_012906,97.14290921477846
STU_012907,51.22097535527746
STU_012908,86.16385858825151
STU_012909,64.30693214243323
STU_012910,35.56730840839879
STU_012911,80.89875396186197
STU_012912,54.2213237606852
STU_012913,61.470345197188436
STU_012914,73.17866527836378
STU_012915,59.6965462892719
STU_012916,69.95693924585117
STU_012917,95.59730721169862
STU_012918,60.07638491707154
STU_012919,96.26772969654763
STU_012920,81.04892874539203
STU_012921,60.5121806905809
STU_012922,76.61371557637756
STU_012923,66.01425392965136
STU_012924,74.68063425312266
STU_012925,72.88528411984369
STU_012926,64.29299568642939
STU_012927,86.05865151598897
STU_012928,62.961085264213075
STU_012929,66.11083372703253
STU_012930,69.68009709812182
STU_012931,86.25315832310031
STU_012932,65.60657264420048
STU_012933,69.17873912225072
STU_012934,68.92071881911299
STU_012935,66.86182205139522
STU_012936,65.8277525464208
STU_012937,74.44977758810954
STU_012938,89.69536453781437
STU_012939,51.351427804396984
STU_012940,69.48208603773175
STU_012941,57.62594781684779
STU_012942,72.17523981224538
STU_012943,71.10458454643181
STU_012944,80.10783280671615
STU_012945,90.45510088296713
STU_012946,56.85575689937028
STU_012947,71.67447331178458
STU_012948,86.46852494258438
STU_012949,99.09792483820324
STU_012950,78.01438125614729
STU_012951,88.93184978375687
STU_012952,71.80603232262976
STU_012953,80.86312498478823
STU_012954,79.43444672878518
STU_012955,85.14625262298595
STU_012956,71.78732901064811
STU_012957,67.36700087059535
STU_012958,76.2734420616285
STU_012959,80.01227608935511
STU_012960,78.99794462797512
STU_012961,83.47076393013381
STU_012962,57.488290430901195
STU_012963,67.09354405680266
STU_012964,88.28866892302304
STU_012965,76.6543459778731
STU_012966,74.68182070059379
STU_012967,69.51132467901488
STU_012968,73.01100393783246
STU_012969,74.3126680493801
STU_012970,55.959639850697116
STU_012971,75.2905233839717
STU_012972,79.71714507542674
STU_012973,54.25374249251755
STU_012974,57.833648235562215
STU_012975,56.97180271301065
STU_012976,82.46902686665628
STU_012977,78.40632020485208
STU_012978,89.7526315123639
STU_012979,68.23309486452352
STU_012980,70.89644481205775
STU_012981,91.1087546358524
STU_012982,69.32520306981802
STU_012983,94.06473083849454
STU_012984,58.94781574368854
STU_012985,67.06862418989137
STU_012986,63.50480237537502
STU_012987,53.054173525408885
STU_012988,88.32892199942746
STU_012989,95.64513452046798
STU_012990,60.79069446837156
STU_012991,68.43554183684205
STU_012992,52.102488238993914
STU_012993,99.74551849365234
STU_012994,78.00948662060023
STU_012995,62.200299071910244
STU_012996,59.14339009321061
STU_012997,83.14575851736966
STU_012998,77.05378915338478
STU_012999,93.02827912526118
STU_013000,89.75531591035062
STU_013001,99.61477279663086
STU_013002,83.63963969109713
STU_013003,76.4413858008641
STU_013004,89.91456803480816
STU_013005,75.11897632948283
STU_013006,76.44240497992719
STU_013007,74.08054393734686
STU_013008,84.55415819044897
STU_013009,83.57098064708376
STU_013010,74.44360434250541
STU_013011,55.06981171775235
STU_013012,58.48052218083806
STU_013013,86.23962166630622
STU_013014,86.70516033631235
STU_013015,82.33306091778823
STU_013016,60.126056869619454
STU_013017,91.90546642715191
STU_013018,80.10323207476357
STU_013019,88.24056504695213
STU_013020,61.598266757141545
STU_013021,71.6015182410957
STU_013022,95.93624239187663
STU_013023,79.57364676156733
STU_013024,85.04429724757736
STU_013025,71.56071558442773
STU_013026,68.141167922841
STU_013027,74.29579531721453
STU_013028,83.94771032067054
STU_013029,75.70666831087956
STU_013030,74.0521920695018
STU_013031,66.90778252199877
STU_013032,99.37706146240234
STU_013033,71.09008159294358
STU_013034,98.16977248620563
STU_013035,94.87131322110179
STU_013036,59.44915706677203
STU_013037,90.0102759396942
STU_013038,76.79665191884082
STU_013039,83.84380966219479
STU_013040,98.38670896032312
STU_013041,79.56383736897477
STU_013042,63.74795938275436
STU_013043,95.39953945914837
STU_013044,69.86928769617792
STU_013045,83.6426701144195
STU_013046,64.11553440285316
STU_013047,72.21348187259795
STU_013048,93.38024793116402
STU_013049,84.80399457338193
STU_013050,80.57313612099243
STU_013051,90.9079993259217
STU_013052,68.04556676067773
STU_013053,70.93438504114634
STU_013054,64.61410270609683
STU_013055,86.52719789966996
STU_013056,83.05355964344993
STU_013057,54.919029081462256
STU_013058,60.79222637476147
STU_013059,90.81023754972331
STU_013060,64.32070546541492
STU_013061,59.29495857886618
STU_013062,99.58994369506836
STU_013063,82.8536541818878
STU_013064,63.53656530488775
STU_013065,53.40626836368488
STU_013066,99.75365524291992
STU_013067,80.10370088739053
STU_013068,89.09547507559846
STU_013069,96.42310904197032
STU_013070,64.4715312380537
STU_013071,81.00087946552146
STU_013072,84.88952599663541
STU_013073,71.00136021218009
STU_013074,72.36600925203409
STU_013075,52.08175510380133
STU_013076,78.98953819838034
STU_013077,90.46693211252813
STU_013078,70.34476472603095
STU_013079,85.78970800559367
STU_013080,73.19939039422178
STU_013081,73.792201134423
STU_013082,58.82480982287525
STU_013083,64.7335343854935
STU_013084,71.53556084468379
STU_013085,80.52635581606806
STU_013086,80.37581735593098
STU_013087,63.54674421271409
STU_013088,81.22888019772645
STU_013089,63.806772777170096
STU_013090,97.8913300192447
STU_013091,62.96478382787041
STU_013092,66.36784677165508
STU_013093,85.23414475566588
STU_013094,88.72038735645323
STU_013095,75.53635736644263
STU_013096,77.21096599044073
STU_013097,81.00728764679523
STU_013098,84.15069642155183
STU_013099,59.11352264809862
STU_013100,78.93074981125164
STU_013101,83.67604769248496
STU_013102,95.92843604582741
STU_013103,71.60888340671279
STU_013104,78.79153695490018
STU_013105,59.583799970088776
STU_013106,90.28146996718772
STU_013107,57.83129434285129
STU_013108,94.54734792359334
STU_013109,84.61396990913292
STU_013110,60.82476549724626
STU_013111,99.60791473388672
STU_013112,97.654524074985
STU_013113,76.85961019991021
STU_013114,66.32857875439414
STU_013115,76.22150154495617
STU_013116,61.55032704714443
STU_013117,67.08368506855656
STU_013118,71.8933622914791
STU_013119,83.5869942390275
STU_013120,65.8207264189212
STU_013121,92.66922965953049
STU_013122,74.96423381680935
STU_013123,94.42851538988808
STU_013124,95.02415211003841
STU_013125,86.10823672179576
STU_013126,66.4243985912054
STU_013127,70.95054258085028
STU_013128,83.54053921331723
STU_013129,78.59998679795483
STU_013130,98.33627288491152
STU_013131,52.137780361063605
STU_013132,80.98075909340666
STU_013133,97.20683330294729
STU_013134,69.84851138007899
STU_013135,69.05950073927848
STU_013136,68.50294335680543
STU_013137,83.93411193058941
STU_013138,72.75806456881826
STU_013139,77.58293102623753
STU_013140,99.8992073059082
STU_013141,76.05981224517338
STU_013142,59.405803889126325
STU_013143,74.91802265063376
STU_013144,64.33807947832284
STU_013145,60.76085908932131
STU_013146,55.684428154736814
STU_013147,79.02817480717607
STU_013148,76.55608721086894
STU_013149,83.4443783417111
STU_013150,79.26517364679852
STU_013151,78.98242209125502
STU_013152,83.683834139487
STU_013153,69.39574301985779
STU_013154,80.43270369957372
STU_013155,97.66925724965562
STU_013156,75.83749370805252
STU_013157,72.31003270573147
STU_013158,85.86222422954374
STU_013159,77.75371541955452
STU_013160,66.35618360287758
STU_013161,63.70347468679595
STU_013162,61.074951000001164
STU_013163,86.66631016699908
STU_013164,69.12040460772462
STU_013165,71.21095036281947
STU_013166,50.35696133426028
STU_013167,94.55456302164632
STU_013168,74.68879105098316
STU_013169,74.60907347416614
STU_013170,74.03577349288007
STU_013171,78.72982865751001
STU_013172,65.41928905041026
STU_013173,84.82856323487147
STU_013174,61.58312530728354
STU_013175,53.7828342617683
STU_013176,91.87703871665043
STU_013177,62.33298094944553
STU_013178,90.54325344610132
STU_013179,68.41373246313412
STU_013180,90.44224677113954
STU_013181,82.06380716526792
STU_013182,68.73544805684591
STU_013183,76.83442768166763
STU_013184,74.80977941548056
STU_013185,68.76593486932438
STU_013186,61.149138839847396
STU_013187,65.64826430908623
STU_013188,93.56235557846176
STU_013189,97.6952968406962
STU_013190,76.24346569165803
STU_013191,94.9365014187393
STU_013192,82.2647514991764
STU_013193,81.70469782382577
STU_013194,95.78329502691356
STU_013195,85.09596841953758
STU_013196,77.87912466264542
STU_013197,51.91352927259554
STU_013198,66.73592426776722
STU_013199,81.60456352186678
STU_013200,51.61739483432146
STU_013201,80.3947928947889
STU_013202,62.54241650066772
STU_013203,73.94014298238517
STU_013204,63.31330465042204
STU_013205,80.37884536055165
STU_013206,67.3300706177624
STU_013207,69.8469386391358
STU_013208,69.59893112867066
STU_013209,75.51877532809515
STU_013210,56.48530498771388
STU_013211,73.04705264725499
STU_013212,57.40637405377191
STU_013213,75.47645410174682
STU_013214,95.28994290549333
STU_013215,49.91741383725187
STU_013216,99.3913202801878
STU_013217,95.79228702377212
STU_013218,68.68013745451583
STU_013219,84.07431413705447
STU_013220,97.77501552061987
STU_013221,66.99040515599516
STU_013222,66.46933604070132
STU_013223,89.0568660649268
STU_013224,69.50543448632135
STU_013225,51.36111353450718
STU_013226,82.630308863977
STU_013227,88.30588865180746
STU_013228,66.0773080268194
STU_013229,65.00048208105008
STU_013230,70.81802999614739
STU_013231,62.370210882175
STU_013232,68.78708192375667
STU_013233,90.39135379438083
STU_013234,65.34714579448348
STU_013235,69.86474610427668
STU_013236,90.95686560542603
STU_013237,70.00153486551356
STU_013238,75.71215157042415
STU_013239,72.96016710624772
STU_013240,62.51550478628823
STU_013241,67.2457174021888
STU_013242,73.55495414472718
STU_013243,61.40922029376775
STU_013244,70.53171342286494
STU_013245,66.74980043152308
STU_013246,68.64446858865833
STU_013247,98.95805739183312
STU_013248,90.82518297805059
STU_013249,48.19001014685491
STU_013250,78.12329109501458
STU_013251,81.8571493464096
STU_013252,84.64397651891996
STU_013253,65.52404298243728
STU_013254,95.98330394232671
STU_013255,76.66007621168814
STU_013256,69.2123980123022
STU_013257,77.23362259846802
STU_013258,66.49104056455745
STU_013259,58.754499433615
STU_013260,70.2200426913341
STU_013261,71.57062740964977
STU_013262,57.44175590586207
STU_013263,56.703129903809916
STU_013264,93.26799606887468
STU_013265,74.81254414256851
STU_013266,70.49704048689776
STU_013267,71.69022318541022
STU_013268,61.93682305865631
STU_013269,82.76995069879581
STU_013270,96.52817093065093
STU_013271,67.2257700319773
STU_013272,79.14018831344688
STU_013273,66.75777808249626
STU_013274,74.61838754748537
STU_013275,69.63412455129128
STU_013276,62.568986346537585
STU_013277,64.28246705692065
STU_013278,63.362519613188695
STU_013279,59.786379400392065
STU_013280,92.06424706300037
STU_013281,95.64671578527015
STU_013282,93.07450761357066
STU_013283,75.51300027228604
STU_013284,77.20012674221742
STU_013285,71.41296685544538
STU_013286,68.37785296388093
STU_013287,96.63324410076106
STU_013288,82.55038280001892
STU_013289,96.82447443379293
STU_013290,78.10573207780877
STU_013291,85.30241636883625
STU_013292,86.66524319845722
STU_013293,70.6067480334682
STU_013294,86.3374264013095
STU_013295,71.5075947549566
STU_013296,81.06785115295598
STU_013297,75.0881221186387
STU_013298,55.70589295150369
STU_013299,85.04690424822456
STU_013300,73.48622027934587
STU_013301,87.69199208139511
STU_013302,84.08795968924747
STU_013303,87.46536229285513
STU_013304,81.22857987804781
STU_013305,69.2526635725191
STU_013306,67.42241612551032
STU_013307,75.52949466005353
STU_013308,94.11433714444958
STU_013309,68.2423945953189
STU_013310,60.62616431524384
STU_013311,90.61658550454001
STU_013312,55.8850472473624
STU_013313,64.87890316176252
STU_013314,73.29624313838347
STU_013315,72.30509180618671
STU_013316,78.35945615771251
STU_013317,72.22382427373063
STU_013318,50.549993516406076
STU_013319,72.50668158911543
STU_013320,79.78214598160577
STU_013321,76.04625898774673
STU_013322,99.33297318889178
STU_013323,93.69857606004335
STU_013324,84.81603897738998
STU_013325,78.72903571715219
STU_013326,78.97161344710001
STU_013327,74.45670886095317
STU_013328,68.64920383085258
STU_013329,86.88827988276856
STU_013330,65.88104317283535
STU_013331,76.2805582895333
STU_013332,68.00811548769902
STU_013333,62.31597369528162
STU_013334,69.24933280321517
STU_013335,63.163236558235475
STU_013336,82.59186008856675
STU_013337,52.91906578502329
STU_013338,66.48825163382274
STU_013339,71.32944618731915
STU_013340,93.36027282562337
STU_013341,73.34685512136372
STU_013342,89.00785961765664
STU_013343,70.35205795195046
STU_013344,78.46100437003696
STU_013345,66.47679197060901
STU_013346,96.60155780862459
STU_013347,77.76105972944401
STU_013348,82.53481317590095
STU_013349,97.63866670296642
STU_013350,61.311950012109136
STU_013351,81.3166773188567
STU_013352,71.04935770642257
STU_013353,62.448381071370214
STU_013354,58.21736274846879
STU_013355,84.97262069067557
STU_013356,65.07302625767042
STU_013357,67.88631214292948
STU_013358,69.9861411529454
STU_013359,74.09350322223385
STU_013360,72.04707427690715
STU_013361,70.75402098051232
STU_013362,89.71585506238188
STU_013363,74.31064728085411
STU_013364,72.15222194984548
STU_013365,86.25569495508572
STU_013366,98.74198323420723
STU_013367,80.23131813584364
STU_013368,87.5912706684543
STU_013369,55.13905773982051
STU_013370,82.65629502414737
STU_013371,68.85105762529196
STU_013372,79.84397871911338
STU_013373,75.27027340980227
STU_013374,92.4714434901179
STU_013375,86.68446446941763
STU_013376,43.81430330595678
STU_013377,79.11159289927652
STU_013378,66.9390442713751
STU_013379,80.34599586587856
STU_013380,87.0898359864502
STU_013381,97.50675085143682
STU_013382,98.48511581047356
STU_013383,60.030926654106416
STU_013384,66.90410753696584
STU_013385,64.21303405001727
STU_013386,98.4287854124374
STU_013387,56.86733777060897
STU_013388,80.10608588582916
STU_013389,66.48094454628173
STU_013390,67.3454353788037
STU_013391,84.0020595805433
STU_013392,97.61670430637778
STU_013393,70.9573706966438
STU_013394,95.54021698421995
STU_013395,62.9181569553461
STU_013396,66.65420887968796
STU_013397,99.2235205757735
STU_013398,89.91647089089908
STU_013399,58.83781181031333
STU_013400,65.43131715948678
STU_013401,99.5913200378418
STU_013402,73.37738176641066
STU_013403,91.71314324473798
STU_013404,62.812753968300356
STU_013405,79.29971566319998
STU_013406,99.91372299194336
STU_013407,71.36210521019487
STU_013408,65.40505604475874
STU_013409,62.05144235818013
STU_013410,77.55001274186738
STU_013411,64.8828879847676
STU_013412,68.60576422691314
STU_013413,76.8904608790612
STU_013414,84.85531052155046
STU_013415,73.37467021817596
STU_013416,56.409852625391714
STU_013417,78.42110723899647
STU_013418,52.754494466211504
STU_013419,64.32960061734477
STU_013420,99.05487312037658
STU_013421,99.2128607293618
STU_013422,89.8078230413473
STU_013423,57.66515345716101
STU_013424,96.4066802382212
STU_013425,78.66096183362116
STU_013426,51.56399931318692
STU_013427,70.5966491575795
STU_013428,75.01100512816829
STU_013429,91.52360310623465
STU_013430,66.37030033300617
STU_013431,63.23063679064785
STU_013432,79.5535208730065
STU_013433,91.58119105713197
STU_013434,92.96134393122372
STU_013435,90.9256544042376
STU_013436,75.47495914919014
STU_013437,74.07798092346812
STU_013438,76.40619607856857
STU_013439,89.00696840886427
STU_013440,76.00099651661805
STU_013441,94.89113636952692
STU_013442,98.44361866408295
STU_013443,69.80541022916162
STU_013444,83.06541558647238
STU_013445,80.55749306058958
STU_013446,93.70226435398376
STU_013447,84.93382218923252
STU_013448,84.09746819665978
STU_013449,74.26256996507202
STU_013450,96.09262313051293
STU_013451,71.50557078503101
STU_013452,80.90522904034111
STU_013453,78.91651636457655
STU_013454,67.51292298838737
STU_013455,97.79894545593852
STU_013456,72.67822532072606
STU_013457,67.83901787966228
STU_013458,73.6639211516719
STU_013459,62.799679968120145
STU_013460,59.97349888416667
STU_013461,76.54472513418285
STU_013462,56.67128876492894
STU_013463,80.99692248337385
STU_013464,63.28925172410153
STU_013465,65.30413415178475
STU_013466,89.24098263493086
STU_013467,60.768050801407085
STU_013468,89.79034028226488
STU_013469,76.85703862574364
STU_013470,90.36429379640073
STU_013471,83.88467220799322
STU_013472,81.80285513041387
STU_013473,67.06322594333014
STU_013474,77.5613742154183
STU_013475,86.70594171512785
STU_013476,76.5417853999977
STU_013477,65.41620352450954
STU_013478,77.56366531199332
STU_013479,70.3762045887543
STU_013480,81.93607619600054
STU_013481,73.74052390456114
STU_013482,75.52574940946134
STU_013483,77.3805956397855
STU_013484,84.45050078795725
STU_013485,92.04962317413782
STU_013486,55.959358003109145
STU_013487,81.63222234651197
STU_013488,78.03956025064173
STU_013489,73.27816023527183
STU_013490,80.6405534838546
STU_013491,83.184425343331
STU_013492,76.52138649983458
STU_013493,64.91402947109248
STU_013494,71.5812589022598
STU_013495,83.02898560301092
STU_013496,85.11729235668687
STU_013497,50.25427189093689
STU_013498,70.8419332684454
STU_013499,81.07737560862783
STU_013500,64.77340154298093
STU_013501,85.25482820221512
STU_013502,80.34272238706218
STU_013503,69.12520730223471
STU_013504,85.50682666196147
STU_013505,70.4496164521301
STU_013506,96.02010431199365
STU_013507,64.15787771493072
STU_013508,76.36013485163141
STU_013509,88.66242057143498
STU_013510,67.01183484057552
STU_013511,81.18936315440435
STU_013512,71.32228736058572
STU_013513,51.13866065058155
STU_013514,86.95575654232604
STU_013515,70.51772693207839
STU_013516,99.59025268554687
STU_013517,79.71023983535189
STU_013518,71.557889445465
STU_013519,99.52716064453125
STU_013520,73.39994163324579
STU_013521,65.09687612751371
STU_013522,62.946499662059225
STU_013523,92.84825640553366
STU_013524,76.33541640514699
STU_013525,70.99967818462342
STU_013526,76.46974111010547
STU_013527,65.99989320675344
STU_013528,55.493457185480025
STU_013529,96.85720782833964
STU_013530,71.03604750942657
STU_013531,95.56298575568631
STU_013532,58.937887643850246
STU_013533,71.86684523149165
STU_013534,92.76435767142641
STU_013535,94.2930007602748
STU_013536,86.14381827408424
STU_013537,74.40505425873052
STU_013538,96.34485001149964
STU_013539,67.25199164430637
STU_013540,99.54707565307618
STU_013541,67.95962807509285
STU_013542,82.3499966204353
STU_013543,70.74127685217674
STU_013544,77.89227668548554
STU_013545,86.4988635712815
STU_013546,98.31911969215129
STU_013547,97.54231417211587
STU_013548,79.50180710740707
STU_013549,62.98388833011349
STU_013550,72.30352400437533
STU_013551,66.47554568090985
STU_013552,80.16948952072458
STU_013553,70.51137538717988
STU_013554,72.27194900682876
STU_013555,60.848732867037405
STU_013556,87.07201544251292
STU_013557,66.20987583235473
STU_013558,68.53461617835342
STU_013559,82.01304821245074
STU_013560,54.10821359909316
STU_013561,70.1926088233489
STU_013562,89.89441995852428
STU_013563,83.62661803087951
STU_013564,57.8004256092525
STU_013565,81.994231225798
STU_013566,70.77493740269527
STU_013567,95.94086891657693
STU_013568,73.74055681675651
STU_013569,73.53670292342758
STU_013570,71.38988290177299
STU_013571,70.88645057136185
STU_013572,58.19079920547381
STU_013573,65.2959080793233
STU_013574,74.85223124446124
STU_013575,56.915952109365904
STU_013576,70.20322305682511
STU_013577,63.11276545024508
STU_013578,73.16838426683306
STU_013579,74.84628751050478
STU_013580,84.82779544747278
STU_013581,57.048532169230405
STU_013582,78.91055821775937
STU_013583,68.08909917225073
STU_013584,72.63555752006386
STU_013585,60.818418500528985
STU_013586,60.46618631687652
STU_013587,97.43448958695068
STU_013588,68.54196511665096
STU_013589,77.48193276058237
STU_013590,77.25888014699906
STU_013591,91.48988605977054
STU_013592,99.47257428237894
STU_013593,95.15389201244996
STU_013594,69.7090586979777
STU_013595,60.78267128441133
STU_013596,83.4036016987951
STU_013597,67.79704821867992
STU_013598,73.12072877021839
STU_013599,72.01002561409484
STU_013600,95.94399457881094
STU_013601,67.65429569253779
STU_013602,65.54501648507502
STU_013603,93.91266625452778
STU_013604,67.13636035544408
STU_013605,88.89559154624303
STU_013606,71.95704140143444
STU_013607,44.48160285407168
STU_013608,81.48571283435167
STU_013609,77.5762332070205
STU_013610,91.07514554760883
STU_013611,95.9773153059862
STU_013612,62.20515157604786
STU_013613,74.89971668503759
STU_013614,52.39968172173941
STU_013615,86.2955821353069
STU_013616,82.01409149403958
STU_013617,65.64890545446166
STU_013618,62.67777117708663
STU_013619,67.33444301707114
STU_013620,74.27887741476768
STU_013621,71.2582415878799
STU_013622,61.72151184080655
STU_013623,51.16346966894278
STU_013624,52.849526805359034
STU_013625,80.06341549472936
STU_013626,79.74626627164825
STU_013627,85.56594972925876
STU_013628,97.0042145624501
STU_013629,84.24908163770407
STU_013630,74.13185592988741
STU_013631,66.9720925848109
STU_013632,57.35401002998979
STU_013633,96.47146123327524
STU_013634,66.88136702756155
STU_013635,98.89700894796886
STU_013636,71.08310377914768
STU_013637,75.80329033301125
STU_013638,82.49739485188591
STU_013639,65.18543000102892
STU_013640,78.04324944270029
STU_013641,89.82434135426533
STU_013642,74.74388595617677
STU_013643,80.88424229513565
STU_013644,62.71999799125058
STU_013645,74.95136441011736
STU_013646,93.41445389576909
STU_013647,79.28753692772032
STU_013648,98.79613955142827
STU_013649,75.70375815893614
STU_013650,93.01623825587592
STU_013651,71.69452053597993
STU_013652,69.40705955804043
STU_013653,91.50927357759942
STU_013654,75.87622016781498
STU_013655,77.20191814962699
STU_013656,99.06876811620366
STU_013657,59.37068903041162
STU_013658,83.2623711090403
STU_013659,67.41501466322647
STU_013660,66.47504482435468
STU_013661,76.46193681429732
STU_013662,82.0553841218554
STU_013663,74.28044225987077
STU_013664,88.76993748333066
STU_013665,78.58352315654567
STU_013666,84.2518954214534
STU_013667,60.7150966114466
STU_013668,88.14566378147708
STU_013669,65.38186746472473
STU_013670,85.60312214844612
STU_013671,99.57740478515625
STU_013672,68.9903444045459
STU_013673,97.1506551802402
STU_013674,74.5595878638377
STU_013675,61.156634620887075
STU_013676,76.46801176127828
STU_013677,83.39173703667056
STU_013678,70.10828476053172
STU_013679,68.25456312543358
STU_013680,54.69891690248963
STU_013681,99.04209729949638
STU_013682,43.51386043524581
STU_013683,57.717557175370715
STU_013684,75.3676239231188
STU_013685,84.87059773951906
STU_013686,93.66589958893346
STU_013687,72.62483386997809
STU_013688,65.23433727113232
STU_013689,96.55105958894843
STU_013690,89.35985816432617
STU_013691,66.61677382356251
STU_013692,62.27686572913869
STU_013693,87.05079130926227
STU_013694,77.43836623501356
STU_013695,72.55077081891046
STU_013696,99.06305917060767
STU_013697,69.96935502466025
STU_013698,63.83887736602104
STU_013699,68.02819788121619
STU_013700,79.18546185408427
STU_013701,79.5724779609353
STU_013702,94.065029372682
STU_013703,67.4967822200317
STU_013704,77.43404221664333
STU_013705,87.55105734282809
STU_013706,74.23188338093821
STU_013707,69.93117691193669
STU_013708,61.78367041001399
STU_013709,90.54830057216165
STU_013710,79.4201887162798
STU_013711,98.71113038787881
STU_013712,72.08705036725333
STU_013713,61.72891180032279
STU_013714,66.0666889482011
STU_013715,97.81581178257869
STU_013716,69.60134012685839
STU_013717,57.2123650268746
STU_013718,81.86174221433419
STU_013719,74.94212534068717
STU_013720,54.3243336839399
STU_013721,57.26254710756393
STU_013722,81.57027523798595
STU_013723,85.9221032911726
STU_013724,89.50047062424176
STU_013725,74.29320007632953
STU_013726,65.42149855796342
STU_013727,70.11868245746541
STU_013728,95.56175481854267
STU_013729,91.8060332064518
STU_013730,78.91873864581723
STU_013731,91.58608172228065
STU_013732,74.75392668518852
STU_013733,83.49961364024891
STU_013734,57.78599224568503
STU_013735,70.60631929632792
STU_013736,99.20939068848239
STU_013737,79.20264797359876
STU_013738,79.07221447349788
STU_013739,70.79302764184624
STU_013740,83.86763182624294
STU_013741,75.29026759982925
STU_013742,94.69876837921909
STU_013743,91.7228777277595
STU_013744,69.95602995838067
STU_013745,93.72608057214698
STU_013746,82.9676865229893
STU_013747,95.13451269770559
STU_013748,72.38871585285666
STU_013749,93.71893864297742
STU_013750,75.89380320928501
STU_013751,75.7595094837348
STU_013752,77.27323123226863
STU_013753,81.40435771605587
STU_013754,74.38523520099677
STU_013755,65.7112035297774
STU_013756,63.401284680210054
STU_013757,98.27139867068966
STU_013758,93.45595040278184
STU_013759,57.60158341187203
STU_013760,57.99943065401994
STU_013761,97.30999298099742
STU_013762,81.8273539808608
STU_013763,73.8302646602715
STU_013764,61.31354271483063
STU_013765,63.703196265454956
STU_013766,82.23355635926274
STU_013767,90.85194639359
STU_013768,68.88204828997803
STU_013769,55.87566040382113
STU_013770,88.07861755655316
STU_013771,95.58435810363872
STU_013772,65.1346923812341
STU_013773,66.98267122863666
STU_013774,74.82701149110413
STU_013775,73.5567431740947
STU_013776,60.75199637388011
STU_013777,77.00460849427749
STU_013778,92.8027098963788
STU_013779,95.05181162456024
STU_013780,69.58171548093489
STU_013781,59.72520213905132
STU_013782,77.67288466231973
STU_013783,89.00716703016965
STU_013784,75.68281724343015
STU_013785,68.49630016144923
STU_013786,77.76683774219255
STU_013787,98.10601693845548
STU_013788,55.959150590806416
STU_013789,83.8352313354159
STU_013790,63.51240664257672
STU_013791,83.3311672690697
STU_013792,99.41674041748047
STU_013793,73.91236805595439
STU_013794,71.01306841094681
STU_013795,75.74389497207521
STU_013796,69.84383205409227
STU_013797,86.19950352935966
STU_013798,59.8609376753219
STU_013799,76.30725975921872
STU_013800,81.20650172822046
STU_013801,98.85440063476562
STU_013802,78.113304082076
STU_013803,71.79094461021762
STU_013804,77.11146838762077
STU_013805,82.3684678962286
STU_013806,67.25505646338563
STU_013807,84.20104664935117
STU_013808,72.53015761633853
STU_013809,73.70018252212978
STU_013810,89.38718846570501
STU_013811,66.35918236687849
STU_013812,79.41050992754641
STU_013813,70.17366336409862
STU_013814,66.67021787618899
STU_013815,76.34477750563106
STU_013816,69.89285725557208
STU_013817,81.62486018525655
STU_013818,59.42672703574546
STU_013819,89.36531312740098
STU_013820,73.9794037070796
STU_013821,71.25737965948566
STU_013822,93.18863167289878
STU_013823,83.30640627419331
STU_013824,68.82729830159667
STU_013825,62.92000119297561
STU_013826,84.88462941917751
STU_013827,74.64084609893477
STU_013828,85.8863857275039
STU_013829,80.57258654124304
STU_013830,83.8808580797374
STU_013831,80.25505520847715
STU_013832,90.71777845533205
STU_013833,83.09755152826797
STU_013834,67.37248880352
STU_013835,77.66076913726152
STU_013836,65.72652185307541
STU_013837,96.65947057347128
STU_013838,54.15849241643917
STU_013839,61.4190751481078
STU_013840,57.83495620779025
STU_013841,98.4398179552898
STU_013842,75.47705034758127
STU_013843,74.08927057554311
STU_013844,71.02199227474262
STU_013845,92.27238084787876
STU_013846,84.9792351571113
STU_013847,44.807978995986915
STU_013848,99.22882614135742
STU_013849,56.714281206200454
STU_013850,72.48529296804553
STU_013851,67.21418370480127
STU_013852,88.86552612654211
STU_013853,68.60433039515577
STU_013854,82.34415502416466
STU_013855,76.03834505743482
STU_013856,57.49279472717938
STU_013857,74.42645371169117
STU_013858,80.32570396641749
STU_013859,78.32674678426487
STU_013860,68.70797959853091
STU_013861,72.5203918116391
STU_013862,82.94298441838882
STU_013863,85.55669962255047
STU_013864,67.32034739168041
STU_013865,89.57300616139104
STU_013866,57.78689854823066
STU_013867,73.43846497024235
STU_013868,93.25051157670603
STU_013869,72.07434302655817
STU_013870,49.903598862263834
STU_013871,69.95610012842077
STU_013872,98.97355346679687
STU_013873,69.19677500119249
STU_013874,69.8693263789616
STU_013875,62.15056061169024
STU_013876,79.53507772859321
STU_013877,54.82926592035722
STU_013878,58.44461754779742
STU_013879,63.068626351797995
STU_013880,93.62358216658184
STU_013881,69.53787685185543
STU_013882,78.94205290993965
STU_013883,69.41804826202346
STU_013884,79.45380542959681
STU_013885,88.01069963931906
STU_013886,85.81963517417725
STU_013887,71.67072286105191
STU_013888,79.138116989178
STU_013889,76.46186043201233
STU_013890,89.71777940551003
STU_013891,94.35263659247231
STU_013892,72.20986246587606
STU_013893,59.80595423222451
STU_013894,93.81064766310482
STU_013895,54.73339502821096
STU_013896,93.74502571700204
STU_013897,73.5721885984121
STU_013898,78.79848194684767
STU_013899,82.8405314982545
STU_013900,67.40554750688197
STU_013901,75.59571425880604
STU_013902,73.80783890562334
STU_013903,71.32283900624824
STU_013904,69.14720082287936
STU_013905,89.61972496132043
STU_013906,79.61257163185172
STU_013907,70.09124240798576
STU_013908,66.65459545891422
STU_013909,90.0572211250533
STU_013910,62.56924726753378
STU_013911,80.25910777446379
STU_013912,78.80458477445087
STU_013913,74.12146834443374
STU_013914,61.31207505800435
STU_013915,66.75581533034351
STU_013916,98.1632259272181
STU_013917,53.8606377990085
STU_013918,59.547193919980316
STU_013919,78.61589740187635
STU_013920,79.24403947814739
STU_013921,64.11456975749911
STU_013922,96.41939131215975
STU_013923,85.18413016837381
STU_013924,85.44612130635494
STU_013925,69.91671911385251
STU_013926,79.79831771480423
STU_013927,99.18787078820881
STU_013928,44.47080505489575
STU_013929,60.916134539541844
STU_013930,72.30300920812039
STU_013931,64.58712845721762
STU_013932,67.73424167306621
STU_013933,56.942738913337244
STU_013934,66.87710191810424
STU_013935,76.86857506890013
STU_013936,86.92338170206219
STU_013937,82.09166801268555
STU_013938,77.02594542250314
STU_013939,67.13112270845265
STU_013940,65.46901538219095
STU_013941,66.60444813455246
STU_013942,99.374462890625
STU_013943,61.875761332268894
STU_013944,86.1316994908443
STU_013945,73.73088768129807
STU_013946,98.33016545036742
STU_013947,83.38355543028929
STU_013948,76.91582579526964
STU_013949,48.463219436410334
STU_013950,87.75718882242082
STU_013951,56.329219506783076
STU_013952,96.53183346596724
STU_013953,71.7401626339813
STU_013954,47.9072176238476
STU_013955,65.25277578526709
STU_013956,74.73387260473844
STU_013957,78.85201037198742
STU_013958,71.78972438877042
STU_013959,70.570768424285
STU_013960,76.46208613650498
STU_013961,76.69583147868748
STU_013962,64.86646711235055
STU_013963,65.92396682363724
STU_013964,75.79785233337432
STU_013965,61.82903879789577
STU_013966,67.80095864482469
STU_013967,68.76418372935437
STU_013968,94.11035979276903
STU_013969,48.368630408996566
STU_013970,88.14229403139389
STU_013971,66.46723020588942
STU_013972,74.19046193218854
STU_013973,69.22257665895152
STU_013974,92.386968434107
STU_013975,83.70532045083229
STU_013976,68.21505467979381
STU_013977,82.45841753468102
STU_013978,95.23842321885871
STU_013979,83.57462609100689
STU_013980,74.29598484662606
STU_013981,73.59232720789697
STU_013982,72.7342505839119
STU_013983,78.16683550590118
STU_013984,71.55081132241213
STU_013985,84.19229605508856
STU_013986,73.93680204850244
STU_013987,95.15024299387792
STU_013988,65.2616483556043
STU_013989,66.57046107043372
STU_013990,64.42903200083856
STU_013991,80.7658412293162
STU_013992,76.72698866386129
STU_013993,78.13444132931252
STU_013994,76.19467366104503
STU_013995,58.82147250497434
STU_013996,75.51611838243717
STU_013997,96.66108836999103
STU_013998,61.96827957722613
STU_013999,75.7605009191505
STU_014000,77.7684934582358
STU_014001,65.99595783868199
STU_014002,61.087639182652026
STU_014003,67.86910331245522
STU_014004,64.32279494078863
STU_014005,73.2871888257849
STU_014006,73.70333117755231
STU_014007,81.85921181471286
STU_014008,60.722434875538916
STU_014009,99.67808579169244
STU_014010,69.8648038859895
STU_014011,81.4695086180775
STU_014012,93.86497570136427
STU_014013,50.40402439496715
STU_014014,91.03924215601441
STU_014015,78.98745202165034
STU_014016,64.60718462139042
STU_014017,82.14014877123307
STU_014018,75.88727598508157
STU_014019,89.85245018976254
STU_014020,83.40090131262686
STU_014021,93.38170902928641
STU_014022,69.80530475964841
STU_014023,62.70828276303836
STU_014024,76.08534533167159
STU_014025,80.01003057993813
STU_014026,78.99616646003992
STU_014027,99.84035797119141
STU_014028,89.65472902372056
STU_014029,78.03708972663541
STU_014030,75.09258415036885
STU_014031,76.22384774844805
STU_014032,73.66886424445816
STU_014033,67.05814618707467
STU_014034,92.06880404610867
STU_014035,95.09800005924785
STU_014036,52.87572956946532
STU_014037,63.84643494296431
STU_014038,88.45708633465748
STU_014039,88.60414311429847
STU_014040,75.9467989566717
STU_014041,72.93688495599595
STU_014042,64.95783616085147
STU_014043,69.54121052361822
STU_014044,99.73944854736328
STU_014045,72.9322843245992
STU_014046,66.30581954949126
STU_014047,87.14031195996878
STU_014048,62.55054159393479
STU_014049,84.49896276896624
STU_014050,76.32144650765056
STU_014051,71.84505589527355
STU_014052,79.1502451220053
STU_014053,86.2746919711072
STU_014054,83.91926330217291
STU_014055,99.63852233886719
STU_014056,80.21511978230572
STU_014057,67.88500685476083
STU_014058,78.44540123388592
STU_014059,65.89021260820851
STU_014060,79.47006922494393
STU_014061,66.52617636151733
STU_014062,86.5316132393749
STU_014063,69.91356984637645
STU_014064,67.9847760729846
STU_014065,61.441248249012624
STU_014066,42.84672091405545
STU_014067,92.24683548094605
STU_014068,69.85940451010124
STU_014069,74.9952231543816
STU_014070,76.63550840341286
STU_014071,42.457798686048875
STU_014072,73.38873089039397
STU_014073,77.05217268010949
STU_014074,73.22796090833383
STU_014075,73.82889428430009
STU_014076,68.8182591137168
STU_014077,55.4006731873656
STU_014078,54.8270089883413
STU_014079,84.30060713119536
STU_014080,84.68710564421639
STU_014081,99.43237762451172
STU_014082,78.86921326962198
STU_014083,65.25753485251042
STU_014084,74.83846265586563
STU_014085,99.44876861572266
STU_014086,61.65446615919821
STU_014087,71.51314283155597
STU_014088,75.50636187554665
STU_014089,79.87797376675732
STU_014090,66.98959064810022
STU_014091,85.74665377272653
STU_014092,66.53762008987422
STU_014093,71.46483946415111
STU_014094,63.637763563134385
STU_014095,77.0293153201971
STU_014096,82.2589068007169
STU_014097,84.52446139809982
STU_014098,68.62420093633528
STU_014099,68.71804982846213
STU_014100,65.26683064724898
STU_014101,76.33899086523253
STU_014102,85.84435005392244
STU_014103,69.48035765657468
STU_014104,87.93668608962456
STU_014105,47.084798434497614
STU_014106,70.60794509811329
STU_014107,83.06677916303265
STU_014108,77.12533621592843
STU_014109,80.07734400491717
STU_014110,83.26840396683967
STU_014111,91.417467191867
STU_014112,61.4114376464485
STU_014113,60.725657298021915
STU_014114,65.51774012830349
STU_014115,76.68586679402951
STU_014116,98.15042509221533
STU_014117,64.70979395963911
STU_014118,91.10357335413893
STU_014119,69.25781309013507
STU_014120,68.96492744008974
STU_014121,59.77801818992573
STU_014122,60.09412360347582
STU_014123,57.573200645037915
STU_014124,59.65342527678202
STU_014125,84.93410283149304
STU_014126,63.02433263695693
STU_014127,67.79281174011422
STU_014128,62.94429719313867
STU_014129,84.84291846319178
STU_014130,82.31756836156826
STU_014131,90.28921507851054
STU_014132,78.04756750585193
STU_014133,69.60439382242363
STU_014134,46.45198756950666
STU_014135,76.4266379125854
STU_014136,74.94794652419341
STU_014137,98.54205033773212
STU_014138,53.65927908584611
STU_014139,73.86527104017141
STU_014140,79.15163923100668
STU_014141,89.60891149866522
STU_014142,69.472283975663
STU_014143,88.35301627049182
STU_014144,96.32004459105758
STU_014145,64.99405748838909
STU_014146,93.86958397130363
STU_014147,77.65190589529301
STU_014148,85.07203122128705
STU_014149,73.8093610158903
STU_014150,65.34803317282476
STU_014151,94.9536241063689
STU_014152,84.48073941677858
STU_014153,58.94723729421058
STU_014154,76.12119586133332
STU_014155,66.8108768482799
STU_014156,88.7938282528029
STU_014157,80.33421865789975
STU_014158,79.13264483803086
STU_014159,79.77483155683835
STU_014160,93.1132132236663
STU_014161,79.37099246207252
STU_014162,95.71091627506351
STU_014163,70.65133301081526
STU_014164,53.540334618770316
STU_014165,95.1329409540806
STU_014166,69.66660435217125
STU_014167,79.64583112315076
STU_014168,67.59038861161542
STU_014169,54.12102527723507
STU_014170,78.30787271568737
STU_014171,83.57661667608504
STU_014172,76.74485063700388
STU_014173,68.85555683014304
STU_014174,81.1214354919077
STU_014175,81.07921827170424
STU_014176,65.35526014524955
STU_014177,73.6587861103673
STU_014178,70.06347083449248
STU_014179,82.49764821059293
STU_014180,79.04162062718618
STU_014181,74.39210116522084
STU_014182,95.60055108537817
STU_014183,65.29671372901075
STU_014184,82.42148238892666
STU_014185,75.56662607282688
STU_014186,92.79846856239394
STU_014187,97.2454101888275
STU_014188,78.75673912420848
STU_014189,71.77768764734236
STU_014190,66.00802996249263
STU_014191,66.12198759961787
STU_014192,63.36250742662927
STU_014193,83.84740021173243
STU_014194,73.27365152188881
STU_014195,61.203554484968976
STU_014196,80.35560754029675
STU_014197,64.0796706812198
STU_014198,71.82460678020452
STU_014199,59.81737673238873
STU_014200,77.42717443539338
STU_014201,76.96221976466074
STU_014202,81.4520903213567
STU_014203,57.98057864075272
STU_014204,84.86254737073611
STU_014205,67.3222198376588
STU_014206,75.82107295183526
STU_014207,82.13289271697231
STU_014208,72.15658676832709
STU_014209,70.16028311878242
STU_014210,96.64997105198081
STU_014211,80.5192740309508
STU_014212,96.16565824033076
STU_014213,79.99877782096861
STU_014214,63.39920902178979
STU_014215,70.09695304450487
STU_014216,68.56108404505503
STU_014217,88.05763402555804
STU_014218,99.15511169433594
STU_014219,67.95205076565531
STU_014220,82.03861884639188
STU_014221,84.6958169267607
STU_014222,77.1999125775256
STU_014223,85.56166911438605
STU_014224,89.29844728525987
STU_014225,73.97921207827618
STU_014226,57.58262502738839
STU_014227,74.78524823218173
STU_014228,62.64406792337794
STU_014229,89.44067643432774
STU_014230,93.88309048714005
STU_014231,77.15614364033729
STU_014232,75.24958929677696
STU_014233,56.32970941764836
STU_014234,99.92333068847657
STU_014235,76.37060125532908
STU_014236,74.77560850377724
STU_014237,92.4259923321521
STU_014238,52.799957272020336
STU_014239,86.62911629552733
STU_014240,73.04880261193871
STU_014241,80.54352017150066
STU_014242,87.02673423088952
STU_014243,69.6694163457793
STU_014244,80.08816388088674
STU_014245,80.76493515669763
STU_014246,73.48070258336611
STU_014247,63.650112992786156
STU_014248,91.12740183775105
STU_014249,76.97613552054449
STU_014250,79.14892627644706
STU_014251,73.93859513288818
STU_014252,63.99836796719194
STU_014253,88.68672692950733
STU_014254,67.29643496413473
STU_014255,94.96959054149082
STU_014256,67.61875442766703
STU_014257,71.61802715285576
STU_014258,90.05742576857756
STU_014259,69.47413678492441
STU_014260,83.60009862790754
STU_014261,82.67332738449448
STU_014262,73.28867129539411
STU_014263,59.33743373768874
STU_014264,84.40759457183053
STU_014265,68.04848796728805
STU_014266,86.35624946443781
STU_014267,96.96172484867552
STU_014268,91.93946841321834
STU_014269,73.82038159342977
STU_014270,70.12133323031951
STU_014271,58.54697255997507
STU_014272,74.63433057350929
STU_014273,74.79497862221845
STU_014274,66.79199903068985
STU_014275,89.37209358797955
STU_014276,67.62980094912743
STU_014277,91.9983339168702
STU_014278,63.25718899742659
STU_014279,91.56037033799593
STU_014280,58.37434908897083
STU_014281,89.28017997785109
STU_014282,71.56073681992987
STU_014283,56.3137015309364
STU_014284,83.62449779028856
STU_014285,94.73033370417097
STU_014286,64.31707513792703
STU_014287,84.55054935049444
STU_014288,51.51519569177478
STU_014289,73.35238564914577
STU_014290,77.61962816425076
STU_014291,66.44973759428763
STU_014292,71.30679165480973
STU_014293,73.57229870906835
STU_014294,60.038613842064265
STU_014295,68.92682815040703
STU_014296,68.44266701886318
STU_014297,63.85197824746794
STU_014298,79.11069559299818
STU_014299,84.3225940108591
STU_014300,89.69863965344888
STU_014301,58.48639357049581
STU_014302,99.9208969116211
STU_014303,86.31436173835795
STU_014304,63.63820937496184
STU_014305,78.41378343400115
STU_014306,72.89072316880747
STU_014307,99.67157592773438
STU_014308,68.52240563961507
STU_014309,92.1710922413608
STU_014310,71.4812539129154
STU_014311,99.54183502197266
STU_014312,74.06029433944433
STU_014313,68.71018205401754
STU_014314,65.69908915740999
STU_014315,82.37909532217598
STU_014316,73.67259775090653
STU_014317,69.21029652915715
STU_014318,81.40310193801464
STU_014319,60.231024836699724
STU_014320,77.51391353939748
STU_014321,63.70185806035269
STU_014322,95.81548553890647
STU_014323,80.09530965482378
STU_014324,75.85258325505627
STU_014325,83.03477179915913
STU_014326,86.46148952375616
STU_014327,71.69644586141482
STU_014328,54.31096186781995
STU_014329,90.31050441890856
STU_014330,55.74730907226291
STU_014331,62.07558950681484
STU_014332,60.0277137232135
STU_014333,75.3660622082476
STU_014334,94.51462011912963
STU_014335,79.44976352352182
STU_014336,90.191657395104
STU_014337,77.10245027730899
STU_014338,65.31921654517947
STU_014339,64.5622977516468
STU_014340,67.7627929532686
STU_014341,94.22416940972828
STU_014342,57.05318929114388
STU_014343,74.13713944911134
STU_014344,48.78558665416097
STU_014345,74.08999109633972
STU_014346,85.86581768054478
STU_014347,67.80530693105257
STU_014348,71.59677429840228
STU_014349,67.46053536459414
STU_014350,69.72064405643397
STU_014351,71.62226476530469
STU_014352,93.70848350557893
STU_014353,88.17558356059101
STU_014354,86.55945662064914
STU_014355,65.7253712573349
STU_014356,51.6078365337115
STU_014357,84.70637019619602
STU_014358,59.019311408661494
STU_014359,73.65881003776884
STU_014360,64.7908673791674
STU_014361,65.40307211201534
STU_014362,99.18525085449218
STU_014363,52.46460562425219
STU_014364,76.3156664781016
STU_014365,64.56280262388935
STU_014366,74.14894700853316
STU_014367,71.97542657992163
STU_014368,87.14576276570696
STU_014369,90.59952050216617
STU_014370,91.9511690793955
STU_014371,74.46028854155132
STU_014372,85.26949249594225
STU_014373,68.88651153357941
STU_014374,78.10329782273953
STU_014375,78.73656240302039
STU_014376,89.98621452630853
STU_014377,84.6151695649775
STU_014378,99.49590550045005
STU_014379,80.164557213364
STU_014380,81.26377637381925
STU_014381,46.658453062416676
STU_014382,78.30264466401692
STU_014383,73.73668402870584
STU_014384,83.38155015726173
STU_014385,92.05491591269187
STU_014386,65.05087745495331
STU_014387,78.43709925733245
STU_014388,72.01475521393057
STU_014389,75.44694343462639
STU_014390,68.16917805653075
STU_014391,47.28161630848992
STU_014392,89.86310602330049
STU_014393,88.85206740397877
STU_014394,71.9963998069325
STU_014395,97.32609567341618
STU_014396,89.57637855589478
STU_014397,76.06102223554292
STU_014398,99.25607717112425
STU_014399,73.48647872584844
STU_014400,96.11010997703606
STU_014401,85.40771424677547
STU_014402,77.24483201790723
STU_014403,74.2162212906325
STU_014404,78.86162622682151
STU_014405,65.67086860235175
STU_014406,76.40882599844197
STU_014407,98.77709635148648
STU_014408,65.45633619464326
STU_014409,58.496151018553086
STU_014410,72.20133905451128
STU_014411,67.5589842515748
STU_014412,74.47029857463977
STU_014413,80.33173484012492
STU_014414,63.6873889705479
STU_014415,69.3631895901127
STU_014416,80.83062011117562
STU_014417,89.62365810922704
STU_014418,86.92122773877396
STU_014419,55.87361674513376
STU_014420,87.76757180599144
STU_014421,94.50637208438067
STU_014422,66.18822973735075
STU_014423,92.64934219994255
STU_014424,75.95252087402332
STU_014425,92.68080682074017
STU_014426,71.3094676164057
STU_014427,89.35101939769116
STU_014428,90.8792472842202
STU_014429,92.34200762689184
STU_014430,54.410090630778384
STU_014431,60.40002739705187
STU_014432,79.9796571730069
STU_014433,70.08421436824653
STU_014434,78.35574623327169
STU_014435,96.6540627018118
STU_014436,58.99111135505825
STU_014437,73.63181600469903
STU_014438,74.69407062346406
STU_014439,78.77052507729627
STU_014440,50.37086848816273
STU_014441,65.56685803616242
STU_014442,81.12521671070121
STU_014443,54.88344413981289
STU_014444,54.19515463270959
STU_014445,74.11117745162531
STU_014446,70.07038212437628
STU_014447,95.27142417868828
STU_014448,63.12913692747291
STU_014449,54.77433265687334
STU_014450,68.09053158831391
STU_014451,86.15451268135595
STU_014452,88.15216724374623
STU_014453,98.99963684082032
STU_014454,87.31978245411133
STU_014455,85.94831520031522
STU_014456,83.70593036252482
STU_014457,63.10737080503584
STU_014458,65.07281609320712
STU_014459,75.87820303178772
STU_014460,99.8996309267094
STU_014461,95.44237289701378
STU_014462,81.87705777885495
STU_014463,89.9467547791351
STU_014464,70.42163414626127
STU_014465,94.12301688348245
STU_014466,65.40754003844769
STU_014467,76.41488849796501
STU_014468,73.15524403021493
STU_014469,81.71384933551298
STU_014470,75.84475140095411
STU_014471,82.97045651132385
STU_014472,64.87158385264199
STU_014473,64.66452635552427
STU_014474,82.36308173464907
STU_014475,64.01316309523138
STU_014476,75.70427602761146
STU_014477,94.94401454836108
STU_014478,80.79620046371191
STU_014479,96.73011563972376
STU_014480,79.43781388771251
STU_014481,90.63680461028851
STU_014482,51.48447890026671
STU_014483,93.75983477068024
STU_014484,49.08911859299977
STU_014485,72.59513202896777
STU_014486,88.9384991057949
STU_014487,80.31688370992191
STU_014488,70.55581535958524
STU_014489,50.12427338282959
STU_014490,90.94015658747584
STU_014491,80.53137748250224
STU_014492,79.99346990703627
STU_014493,61.73920486817046
STU_014494,85.42193172044546
STU_014495,71.94817518174267
STU_014496,66.09632920051814
STU_014497,63.70574597892096
STU_014498,87.07288249478525
STU_014499,80.07555287533647
STU_014500,64.40126120839354
STU_014501,63.1636403052391
STU_014502,70.44024005479481
STU_014503,73.9640630746514
STU_014504,98.94928112065438
STU_014505,74.39963825794146
STU_014506,74.00222918750467
STU_014507,71.89756935867588
STU_014508,65.29755149482548
STU_014509,74.32348757888182
STU_014510,62.222212562751494
STU_014511,81.9349063234579
STU_014512,75.19753780274998
STU_014513,82.00902095874586
STU_014514,80.72292148660397
STU_014515,72.59865894696662
STU_014516,83.80784569128176
STU_014517,83.14922052878327
STU_014518,76.93498641505313
STU_014519,61.19735838725508
STU_014520,74.7860379425897
STU_014521,96.06612514070513
STU_014522,65.51553127951196
STU_014523,96.10249991310414
STU_014524,87.97072894120413
STU_014525,68.97493365441066
STU_014526,76.28332212979015
STU_014527,46.009873331722794
STU_014528,67.19107867282841
STU_014529,79.8875229585594
STU_014530,67.82673371188304
STU_014531,76.86412293011189
STU_014532,96.18472940022957
STU_014533,98.72987869069816
STU_014534,92.02020244758243
STU_014535,95.54470729013775
STU_014536,87.2312435746052
STU_014537,76.59624376618541
STU_014538,62.285390691540584
STU_014539,67.41736940947543
STU_014540,54.25281252415352
STU_014541,91.05637079560886
STU_014542,55.14293283429502
STU_014543,84.32062458433528
STU_014544,65.41718204148356
STU_014545,61.15997754480796
STU_014546,57.021680835108114
STU_014547,62.8064679820891
STU_014548,94.4069009037899
STU_014549,95.88936578321743
STU_014550,78.36436776685866
STU_014551,69.21638762610158
STU_014552,67.33761064059985
STU_014553,82.12480082527495
STU_014554,73.56325433191593
STU_014555,66.3487757528259
STU_014556,94.36234757449225
STU_014557,73.41786158874588
STU_014558,57.08876764974484
STU_014559,77.47387105587283
STU_014560,97.77160003497657
STU_014561,73.65247633752188
STU_014562,68.04123802448994
STU_014563,77.59728854674181
STU_014564,98.22450382995828
STU_014565,74.52942453719629
STU_014566,83.66611188811763
STU_014567,69.77546731778006
STU_014568,69.83205607768505
STU_014569,76.34078853504087
STU_014570,56.53918484434831
STU_014571,66.05027823345883
STU_014572,73.44957932413094
STU_014573,79.59767700014478
STU_014574,65.06709786155523
STU_014575,62.77638566554844
STU_014576,69.2252994745439
STU_014577,58.29251732780044
STU_014578,64.03937098954603
STU_014579,81.20166954467092
STU_014580,91.98564867121627
STU_014581,88.54825247769503
STU_014582,81.01215948737386
STU_014583,71.0380776134194
STU_014584,78.75571741003007
STU_014585,72.36758491145447
STU_014586,89.88179025659805
STU_014587,59.7552732400556
STU_014588,77.32635250172844
STU_014589,55.53645843547237
STU_014590,64.33182502429048
STU_014591,93.18541784972452
STU_014592,75.94459686284094
STU_014593,91.56190943988314
STU_014594,97.2059747082682
STU_014595,52.321815963013286
STU_014596,99.76933670043945
STU_014597,73.69100605989442
STU_014598,61.12816539317863
STU_014599,78.63260403264283
STU_014600,56.51828248938662
STU_014601,75.99048630217911
STU_014602,93.2153543490526
STU_014603,55.27723528318494
STU_014604,83.48978930152256
STU_014605,99.4275894165039
STU_014606,57.16132171280053
STU_014607,83.04583550058072
STU_014608,60.70468403894677
STU_014609,81.50246928153724
STU_014610,81.1850468061732
STU_014611,78.516615057147
STU_014612,57.158262427889376
STU_014613,69.03832884551136
STU_014614,91.47489366174163
STU_014615,73.89866514240587
STU_014616,91.64273556202679
STU_014617,64.06845584636065
STU_014618,84.87502212873112
STU_014619,77.20999280079049
STU_014620,85.88049329929223
STU_014621,62.11911912685689
STU_014622,95.77717214820144
STU_014623,69.9648740823392
STU_014624,80.136327124578
STU_014625,69.48250909382197
STU_014626,88.9160109761737
STU_014627,65.71480175998204
STU_014628,57.95708981737529
STU_014629,79.23218898266029
STU_014630,73.34851867506909
STU_014631,63.649766797532806
STU_014632,67.5732426453296
STU_014633,67.73486591860016
STU_014634,92.78860796810126
STU_014635,58.095711820600414
STU_014636,48.71594009351476
STU_014637,93.11510966932539
STU_014638,70.84518446360649
STU_014639,76.88068849836344
STU_014640,72.09383014435275
STU_014641,63.726411283375256
STU_014642,96.19952499135832
STU_014643,57.336330217027694
STU_014644,93.78180642359229
STU_014645,77.06890862927501
STU_014646,85.66009737439863
STU_014647,90.42347210771365
STU_014648,67.78980512613336
STU_014649,88.67497379619803
STU_014650,70.165509311975
STU_014651,62.71457703545184
STU_014652,93.63689274150637
STU_014653,76.69935255236362
STU_014654,85.52491362442163
STU_014655,54.229349702947566
STU_014656,66.60468013034217
STU_014657,57.10666100706352
STU_014658,75.75715966766174
STU_014659,69.52009609614694
STU_014660,71.96052783847419
STU_014661,52.03957028782692
STU_014662,70.96969622322578
STU_014663,73.73134460051645
STU_014664,54.03169047017734
STU_014665,76.25463619784512
STU_014666,95.00455986698509
STU_014667,77.85101442410853
STU_014668,55.31339656948154
STU_014669,73.954349518909
STU_014670,97.3455253886405
STU_014671,76.76616086053679
STU_014672,81.27154924074338
STU_014673,93.29090619762849
STU_014674,93.60857377313273
STU_014675,82.0013634853392
STU_014676,77.18497119364623
STU_014677,65.41295180904973
STU_014678,65.9661690382146
STU_014679,60.68468189378272
STU_014680,47.32779771045534
STU_014681,92.33977920459859
STU_014682,48.81349728288084
STU_014683,65.98797811696983
STU_014684,60.917545854513904
STU_014685,64.81954836525675
STU_014686,77.61989919079619
STU_014687,85.74476235960674
STU_014688,92.49765527050205
STU_014689,65.44326116901445
STU_014690,60.61639360055838
STU_014691,82.73728056564674
STU_014692,94.7242835725065
STU_014693,73.33204393703365
STU_014694,74.85056331072543
STU_014695,98.93882709640333
STU_014696,47.283409409494354
STU_014697,74.58305625159572
STU_014698,88.90136919618857
STU_014699,65.7166966272544
STU_014700,93.22945721104483
STU_014701,72.83208073460669
STU_014702,88.4177847106447
STU_014703,81.4159197842796
STU_014704,95.80330202146881
STU_014705,80.87437216911236
STU_014706,81.97288599254343
STU_014707,97.02356598698245
STU_014708,98.24391175150127
STU_014709,76.6995255846946
STU_014710,53.7351019912555
STU_014711,75.78972808159848
STU_014712,80.08470931824979
STU_014713,45.91389446089451
STU_014714,79.30905730897346
STU_014715,78.84855428129373
STU_014716,61.33117442009036
STU_014717,59.48332171514108
STU_014718,66.98958709081198
STU_014719,92.43434166619969
STU_014720,82.19206837576218
STU_014721,53.93172451038417
STU_014722,67.99551680993213
STU_014723,95.83615651791534
STU_014724,89.14249226454979
STU_014725,70.45266203929184
STU_014726,67.28240359134
STU_014727,59.162645512691455
STU_014728,93.38369514576091
STU_014729,80.12756929717142
STU_014730,55.19415575301281
STU_014731,65.62496822100718
STU_014732,83.7580356227556
STU_014733,74.56274829412261
STU_014734,64.48225314976608
STU_014735,99.7380386352539
STU_014736,74.8750307452204
STU_014737,73.31944251078961
STU_014738,71.45502247161618
STU_014739,84.21938327198531
STU_014740,74.77018298886836
STU_014741,78.15965707843925
STU_014742,95.5345114175542
STU_014743,98.72692799083643
STU_014744,68.71991506110909
STU_014745,80.78825681950023
STU_014746,47.003310667222486
STU_014747,75.17084256618512
STU_014748,99.63528594970703
STU_014749,88.95678137257927
STU_014750,81.56636874787594
STU_014751,94.56300688678239
STU_014752,76.94627726541165
STU_014753,59.93932778618223
STU_014754,99.80947490971295
STU_014755,66.04310997479624
STU_014756,68.20335902305567
STU_014757,76.1731710263749
STU_014758,99.82698564714235
STU_014759,70.32038413978873
STU_014760,76.92646927595584
STU_014761,75.69842825379062
STU_014762,99.89644241333008
STU_014763,81.83525949087239
STU_014764,98.85556529249398
STU_014765,73.97782463490309
STU_014766,79.38429817783857
STU_014767,70.47905899038332
STU_014768,68.3894504873962
STU_014769,97.37193290745954
STU_014770,78.71847244836833
STU_014771,74.15540553276458
STU_014772,70.94002624781325
STU_014773,84.80166605266561
STU_014774,93.85052628189756
STU_014775,78.62269651872158
STU_014776,76.20678017928144
STU_014777,74.86134737718656
STU_014778,79.9088797080464
STU_014779,78.476104705347
STU_014780,59.21217533446897
STU_014781,80.45268031379878
STU_014782,86.77063607888826
STU_014783,89.21688982133479
STU_014784,88.9596389794643
STU_014785,81.35432164321317
STU_014786,82.66184688761449
STU_014787,76.98409073330487
STU_014788,94.60708252203388
STU_014789,75.48896581935315
STU_014790,78.46221585531242
STU_014791,64.14049402362343
STU_014792,56.638509889701886
STU_014793,69.41786676283132
STU_014794,63.334225029790865
STU_014795,77.68498538536006
STU_014796,78.03391323305175
STU_014797,71.49774777932964
STU_014798,90.46033453737142
STU_014799,86.8317690863063
STU_014800,84.74644663626582
STU_014801,91.77571110715571
STU_014802,57.44679604595723
STU_014803,88.56607319675317
STU_014804,78.47295308551313
STU_014805,75.52605504648403
STU_014806,75.63934118775884
STU_014807,65.32490656696805
STU_014808,68.30873171319048
STU_014809,55.369421688117534
STU_014810,96.11600403686768
STU_014811,98.32794743128117
STU_014812,74.07032651920856
STU_014813,62.364328867216315
STU_014814,67.71613345316113
STU_014815,56.53643809477798
STU_014816,78.30642139521808
STU_014817,83.3336677976188
STU_014818,49.45397012390775
STU_014819,74.51310559385146
STU_014820,69.21891117476159
STU_014821,59.875831722175356
STU_014822,99.15811681989234
STU_014823,66.29345168700225
STU_014824,90.75620999968612
STU_014825,77.46401977562076
STU_014826,91.56715043720149
STU_014827,59.647561927316296
STU_014828,75.09726876454897
STU_014829,76.20116474312775
STU_014830,79.85659444630667
STU_014831,82.01958011439446
STU_014832,64.14152772012677
STU_014833,61.28548099365001
STU_014834,80.59501931907174
STU_014835,75.1593618595457
STU_014836,83.63200941063145
STU_014837,76.14443442262821
STU_014838,73.08281009099194
STU_014839,86.6394740848296
STU_014840,75.34139223728056
STU_014841,99.30027570351268
STU_014842,55.669252163956
STU_014843,69.99325602705504
STU_014844,94.57180577200421
STU_014845,66.20943327351284
STU_014846,85.99898359925406
STU_014847,75.97172706411274
STU_014848,58.99260531058337
STU_014849,63.50152442409305
STU_014850,69.38212983397563
STU_014851,81.79234060641159
STU_014852,78.21844513998093
STU_014853,76.43850579308089
STU_014854,66.09387280419246
STU_014855,74.76650621182938
STU_014856,72.39549148779498
STU_014857,82.33070361544608
STU_014858,65.72447765295172
STU_014859,86.61160839806256
STU_014860,52.104417984744615
STU_014861,83.16081391362849
STU_014862,93.82668452352311
STU_014863,64.65122698091699
STU_014864,74.66627829649596
STU_014865,68.66480964904801
STU_014866,68.81391099036635
STU_014867,70.4465445794395
STU_014868,99.71056442260742
STU_014869,97.07623866508112
STU_014870,73.78909793930758
STU_014871,73.70419729143076
STU_014872,81.5374044906457
STU_014873,65.79118286929629
STU_014874,67.44958501935997
STU_014875,82.46329367672439
STU_014876,57.40295651512046
STU_014877,66.31110466171336
STU_014878,64.83359435479821
STU_014879,77.40548658800495
STU_014880,87.54493720700351
STU_014881,77.96754583702365
STU_014882,71.24821778464515
STU_014883,76.18446601646963
STU_014884,65.77975294276573
STU_014885,85.52812886089762
STU_014886,67.834528756546
STU_014887,76.38913183752413
STU_014888,85.01648449200947
STU_014889,68.04633013039476
STU_014890,91.15188962771408
STU_014891,71.41302552282194
STU_014892,88.07713330132493
STU_014893,63.152558385460594
STU_014894,73.45150295708135
STU_014895,60.42113520444874
STU_014896,78.64837549836962
STU_014897,77.84864419174447
STU_014898,83.25585080121402
STU_014899,55.627559357653475
STU_014900,95.64651535846194
STU_014901,86.20854634747064
STU_014902,82.97258727146321
STU_014903,87.64379530585317
STU_014904,75.76990979053693
STU_014905,88.1317494835273
STU_014906,78.57521788452519
STU_014907,52.792993690706446
STU_014908,80.01479249575628
STU_014909,82.5389901089111
STU_014910,74.29603995278909
STU_014911,98.72257090230623
STU_014912,77.95529503242675
STU_014913,77.74413325376737
STU_014914,50.848674459942124
STU_014915,61.011625186491024
STU_014916,69.50669140525781
STU_014917,97.80992948514688
STU_014918,84.57298597055798
STU_014919,54.18637201230647
STU_014920,94.11319222319108
STU_014921,63.92761849735235
STU_014922,57.78896762749105
STU_014923,72.48854790041672
STU_014924,80.81309672474013
STU_014925,98.28731923935445
STU_014926,81.17393087991405
STU_014927,75.74871033438231
STU_014928,59.49108898207691
STU_014929,79.05512026291481
STU_014930,84.03399815257228
STU_014931,92.63287895537654
STU_014932,59.154837980296065
STU_014933,76.2419419624138
STU_014934,65.46210989633609
STU_014935,77.02792966584444
STU_014936,87.07433754507228
STU_014937,85.18235163246817
STU_014938,99.41745260364391
STU_014939,83.08328584797304
STU_014940,93.61646327785199
STU_014941,63.69358967380359
STU_014942,93.77216704881923
STU_014943,64.40181631790072
STU_014944,70.740535754897
STU_014945,65.06837238995163
STU_014946,68.17698161193071
STU_014947,73.07775893461658
STU_014948,84.22513972015922
STU_014949,69.06575726990563
STU_014950,92.71111119914474
STU_014951,72.82638398985252
STU_014952,73.63969161207545
STU_014953,96.9210244840001
STU_014954,94.00615715909103
STU_014955,90.54332288870617
STU_014956,80.61163608562484
STU_014957,77.08030247029807
STU_014958,71.32914211346186
STU_014959,53.55413669905728
STU_014960,97.0528493064592
STU_014961,92.78305396578884
STU_014962,49.25312297195074
STU_014963,74.50829879482123
STU_014964,95.1510743179466
STU_014965,75.17643731344465
STU_014966,69.81356559038528
STU_014967,56.36924800874397
STU_014968,93.73651838639306
STU_014969,80.70539637519013
STU_014970,70.72403650689517
STU_014971,67.87040457892597
STU_014972,87.48301273733023
STU_014973,73.01277545351829
STU_014974,72.93496679158339
STU_014975,69.63967966209727
STU_014976,91.32399147376402
STU_014977,79.95846676767684
STU_014978,91.75249640251175
STU_014979,95.75206152923889
STU_014980,62.35105089650851
STU_014981,98.60957926712744
STU_014982,63.06495137283513
STU_014983,89.58002931214348
STU_014984,67.61464171552966
STU_014985,67.25859917361477
STU_014986,51.642784592988285
STU_014987,87.99896003386581
STU_014988,65.78344213097438
STU_014989,94.96531778604304
STU_014990,88.81486142134317
STU_014991,97.1022300844892
STU_014992,72.74479669760062
STU_014993,61.34522368982766
STU_014994,83.74896947185901
STU_014995,85.22058955190029
STU_014996,75.00692674170153
STU_014997,77.44532093395814
STU_014998,82.27506302220054
STU_014999,97.16652400379814
STU_015000,69.25166573143687
STU_015001,57.62189291309644
STU_015002,67.80561502619557
STU_015003,61.3074090629228
STU_015004,65.43676586902119
STU_015005,60.729113127490535
STU_015006,61.79920762861922
STU_015007,92.50720981641423
STU_015008,69.43200590693579
STU_015009,75.16693751425858
STU_015010,75.96453772635242
STU_015011,53.813295957529895
STU_015012,96.32179913394305
STU_015013,62.991707924267594
STU_015014,60.39661030224925
STU_015015,81.03281880265733
STU_015016,91.03679411344594
STU_015017,86.3916303292165
STU_015018,74.71930841550989
STU_015019,83.98738005053592
STU_015020,63.82621586376283
STU_015021,75.16381962358486
STU_015022,64.12150710159337
STU_015023,79.68248198494882
STU_015024,70.33483272177894
STU_015025,81.94494764199071
STU_015026,69.01276126676852
STU_015027,82.96596211692602
STU_015028,76.6860732834851
STU_015029,77.35501162911861
STU_015030,89.1953412047478
STU_015031,77.1477228672474
STU_015032,70.70761126722225
STU_015033,78.30833333301152
STU_015034,66.1761712760641
STU_015035,80.54812411436058
STU_015036,74.42230560289471
STU_015037,78.15169376737437
STU_015038,88.97907260683145
STU_015039,63.915627899046285
STU_015040,80.73896010207265
STU_015041,83.7091764128876
STU_015042,48.710227213046025
STU_015043,86.839741845748
STU_015044,87.295594103106
STU_015045,88.17531956183606
STU_015046,64.69766570839839
STU_015047,84.30952444289211
STU_015048,68.20912757734493
STU_015049,74.05226580006963
STU_015050,60.836324400306346
STU_015051,67.8139594103485
STU_015052,62.93115887886874
STU_015053,67.69617609845533
STU_015054,94.39242949675558
STU_015055,86.33970909768887
STU_015056,63.90468107234254
STU_015057,97.9250853069316
STU_015058,59.85744781147439
STU_015059,95.61116743164669
STU_015060,70.5081842770598
STU_015061,73.85061670631511
STU_015062,71.79243713979801
STU_015063,70.84638337668612
STU_015064,64.32879241473815
STU_015065,89.7477819814714
STU_015066,84.49326364115277
STU_015067,70.61786997206545
STU_015068,71.56242180102882
STU_015069,71.14788275381426
STU_015070,73.62089886385975
STU_015071,75.95555027147799
STU_015072,99.79904479980469
STU_015073,66.71777307905256
STU_015074,66.99832199217431
STU_015075,90.30499784979045
STU_015076,70.90403947554913
STU_015077,70.35300355916303
STU_015078,69.82948527055153
STU_015079,99.70374603271485
STU_015080,67.56033792472803
STU_015081,99.1085238093494
STU_015082,60.41296909874318
STU_015083,83.77270919621145
STU_015084,64.42339732860196
STU_015085,77.6214414118168
STU_015086,68.02575312363807
STU_015087,58.26442402597889
STU_015088,89.78269674308723
STU_015089,83.68800531470062
STU_015090,89.39487363216665
STU_015091,72.42829622917098
STU_015092,73.83430724634994
STU_015093,96.37358910532303
STU_015094,69.65433511002864
STU_015095,80.5001807618527
STU_015096,83.49344971727938
STU_015097,78.97331325424905
STU_015098,66.85047578001303
STU_015099,62.9126956931484
STU_015100,87.22529334255867
STU_015101,74.68037876971937
STU_015102,78.5751429723135
STU_015103,97.84725958598372
STU_015104,73.08611498185348
STU_015105,89.98330998275696
STU_015106,73.28980124625417
STU_015107,76.61974293136976
STU_015108,81.28778699654497
STU_015109,74.98550119867423
STU_015110,85.81289414241043
STU_015111,61.55341003646944
STU_015112,82.76321339955766
STU_015113,68.03766579305433
STU_015114,83.79767665276944
STU_015115,61.74257477782851
STU_015116,87.53858449150638
STU_015117,66.5803430867229
STU_015118,56.19425135006409
STU_015119,81.86966241391215
STU_015120,84.03194740721946
STU_015121,61.07666506572646
STU_015122,99.6476318359375
STU_015123,66.17583772280491
STU_015124,85.88110900288525
STU_015125,76.01423545744062
STU_015126,77.01858158126389
STU_015127,93.69288898641994
STU_015128,76.74041869535108
STU_015129,68.45233404125156
STU_015130,70.86461812729259
STU_015131,81.65764055271116
STU_015132,83.52379533355378
STU_015133,94.88215887625059
STU_015134,79.70879351408654
STU_015135,81.52451726528375
STU_015136,75.76604684853876
STU_015137,71.76932397641606
STU_015138,69.71680265706682
STU_015139,80.7325489231595
STU_015140,98.18062923108215
STU_015141,68.05150118313823
STU_015142,77.49565625239664
STU_015143,98.50989612303479
STU_015144,81.51876815288608
STU_015145,62.636169884500006
STU_015146,96.39496303616085
STU_015147,79.93413149973227
STU_015148,73.81157976473567
STU_015149,67.54273286022797
STU_015150,50.393698137551844
STU_015151,55.443515257148746
STU_015152,78.83518671855668
STU_015153,63.05160582337018
STU_015154,83.93847059542085
STU_015155,82.46609314820327
STU_015156,73.57130189635247
STU_015157,65.98525923161513
STU_015158,94.76035645818726
STU_015159,53.56068519507427
STU_015160,85.24716833972397
STU_015161,61.122305514286154
STU_015162,82.46397221490841
STU_015163,76.59947389936013
STU_015164,42.540035477847
STU_015165,84.30605654995726
STU_015166,94.64836259572978
STU_015167,81.29129637630916
STU_015168,63.19956216385135
STU_015169,93.17217565718812
STU_015170,76.47320239620619
STU_015171,86.97526517451605
STU_015172,59.35529775152641
STU_015173,77.75870826358845
STU_015174,96.44505712225646
STU_015175,72.71829539625199
STU_015176,99.67633786862902
STU_015177,74.216334219278
STU_015178,62.83599428601789
STU_015179,78.50756857708346
STU_015180,62.18837146404036
STU_015181,78.2658371756696
STU_015182,82.3941722983689
STU_015183,80.7064033588362
STU_015184,70.7341047012709
STU_015185,80.30247592205372
STU_015186,78.1861732874286
STU_015187,58.660624993152965
STU_015188,68.02447481105916
STU_015189,87.48247295341233
STU_015190,96.0925766559415
STU_015191,76.73249183156798
STU_015192,99.85936737060547
STU_015193,78.75712947029966
STU_015194,82.60702242674486
STU_015195,84.42244199080383
STU_015196,79.48755895351215
STU_015197,74.64589587304492
STU_015198,82.9493463778627
STU_015199,70.1705363122977
STU_015200,71.70452826494494
STU_015201,79.46541733574912
STU_015202,65.61163333527534
STU_015203,61.331254073095714
STU_015204,79.32987663039219
STU_015205,77.41300859542066
STU_015206,75.42848827862056
STU_015207,90.07757742114609
STU_015208,73.79735760087024
STU_015209,84.41180130200904
STU_015210,85.42400139094335
STU_015211,44.78347089137466
STU_015212,94.47968764561294
STU_015213,71.06380338188744
STU_015214,95.85450376964796
STU_015215,78.5847573052593
STU_015216,91.05574633588054
STU_015217,58.3947200721746
STU_015218,74.62727131617295
STU_015219,76.13248249954229
STU_015220,47.94144300195166
STU_015221,87.69262528255457
STU_015222,66.49307687566308
STU_015223,84.3909221552013
STU_015224,69.15357474307498
STU_015225,70.15081152440615
STU_015226,70.54343300917208
STU_015227,65.18149696032276
STU_015228,81.20353227027627
STU_015229,72.80191544921965
STU_015230,77.0413970348442
STU_015231,99.2162246295038
STU_015232,82.69115572368455
STU_015233,88.27370625819354
STU_015234,71.2470051385497
STU_015235,74.0263169339955
STU_015236,98.50064767609689
STU_015237,78.52386399774356
STU_015238,82.0320797022515
STU_015239,90.34541701244773
STU_015240,65.28445795005071
STU_015241,49.18158507638468
STU_015242,54.82382761076275
STU_015243,79.42088828873133
STU_015244,81.86273141015339
STU_015245,69.37994100895608
STU_015246,99.44543838500977
STU_015247,79.11424861138306
STU_015248,78.05512433537135
STU_015249,67.66100526698987
STU_015250,85.40554058044978
STU_015251,70.78012169028338
STU_015252,88.50824212526462
STU_015253,87.56420592850345
STU_015254,96.99296484754767
STU_015255,63.361985880608366
STU_015256,64.26951041939189
STU_015257,74.2738951047931
STU_015258,90.38248728008779
STU_015259,85.59397125030918
STU_015260,94.99006487401007
STU_015261,84.37889175977104
STU_015262,86.71511849903081
STU_015263,82.76473689518937
STU_015264,79.05874628500214
STU_015265,96.58517171365456
STU_015266,70.92464916181743
STU_015267,77.62809819061889
STU_015268,58.5373318811942
STU_015269,63.21672094008224
STU_015270,76.06728712808278
STU_015271,71.4048696512498
STU_015272,65.09014517018753
STU_015273,86.58695459743551
STU_015274,74.00954126987985
STU_015275,49.65898689216987
STU_015276,51.632322604891186
STU_015277,72.17788870075492
STU_015278,97.18287173025499
STU_015279,51.198141998114075
STU_015280,88.05878535726958
STU_015281,99.48398079644446
STU_015282,82.8164847021554
STU_015283,81.43492315673946
STU_015284,77.20439100192547
STU_015285,46.13593739140043
STU_015286,89.9094697498786
STU_015287,75.220325651699
STU_015288,77.86843782612459
STU_015289,62.992514855928164
STU_015290,77.51325709179947
STU_015291,74.79756432819215
STU_015292,66.22477808679753
STU_015293,61.12679277766691
STU_015294,81.93540102474994
STU_015295,74.17846996419958
STU_015296,69.51631390021464
STU_015297,86.08356283604748
STU_015298,97.1914326122564
STU_015299,69.92497758573407
STU_015300,84.9638119231274
STU_015301,73.06788578005309
STU_015302,81.58665297986153
STU_015303,63.686295027907576
STU_015304,60.9725266203283
STU_015305,66.94395519014536
STU_015306,82.1271579716465
STU_015307,97.48632961502447
STU_015308,59.57411490876335
STU_015309,66.97823586675153
STU_015310,76.51957198639494
STU_015311,63.110615959777135
STU_015312,83.1034728918994
STU_015313,60.04304093809887
STU_015314,83.1634816592253
STU_015315,71.52434960919719
STU_015316,90.9301286649736
STU_015317,70.40446598155764
STU_015318,80.77803720462465
STU_015319,70.86067080127532
STU_015320,70.27864169897343
STU_015321,64.23227489819502
STU_015322,97.50843928335689
STU_015323,77.90987639106427
STU_015324,71.92148799996541
STU_015325,81.6402719717045
STU_015326,57.81938978671093
STU_015327,75.25558368501729
STU_015328,72.68482330268975
STU_015329,71.9679966454786
STU_015330,72.08484654019274
STU_015331,66.38226025626821
STU_015332,99.59295635664306
STU_015333,67.83142868757886
STU_015334,78.27950974798134
STU_015335,96.3572650712076
STU_015336,93.28452907151157
STU_015337,68.83545404934674
STU_015338,65.72118599481682
STU_015339,68.96977437810874
STU_015340,94.02789519187742
STU_015341,79.72346591083733
STU_015342,99.51653312341476
STU_015343,75.70143369887535
STU_015344,91.17473391108057
STU_015345,99.60374700409778
STU_015346,89.49993476413479
STU_015347,94.51838540077178
STU_015348,73.54831522817925
STU_015349,80.52602184984802
STU_015350,84.81245978156483
STU_015351,99.77121047973633
STU_015352,79.31647314257135
STU_015353,77.41126186759904
STU_015354,58.96113421156484
STU_015355,58.68655851727744
STU_015356,61.53614351056738
STU_015357,68.01667395698591
STU_015358,83.13170223844995
STU_015359,80.18980011058085
STU_015360,93.57441179339263
STU_015361,79.2166722468313
STU_015362,70.31002980078081
STU_015363,77.49321019635076
STU_015364,93.7193633368492
STU_015365,75.58135641333023
STU_015366,89.27896634134945
STU_015367,80.6349878947423
STU_015368,72.5274763494957
STU_015369,98.43569501472997
STU_015370,95.96399162425269
STU_015371,59.10694775955897
STU_015372,58.289292801336245
STU_015373,81.05411370184646
STU_015374,85.89744767112583
STU_015375,71.25465444093128
STU_015376,72.24493810488181
STU_015377,87.61946351350876
STU_015378,72.74826449620727
STU_015379,92.90323252559385
STU_015380,88.08030202316607
STU_015381,94.40410116889873
STU_015382,80.01780629782822
STU_015383,59.09489097864922
STU_015384,76.23396016002232
STU_015385,59.25217087309719
STU_015386,76.04006521853934
STU_015387,68.69436988659392
STU_015388,76.84275215751755
STU_015389,96.49673743478041
STU_015390,46.894998812430195
STU_015391,80.0901620683102
STU_015392,88.39226213519005
STU_015393,87.55709831469028
STU_015394,75.14547879140613
STU_015395,81.19056629564474
STU_015396,71.33632861341447
STU_015397,97.96342562714409
STU_015398,74.82886602369443
STU_015399,97.54240346835421
STU_015400,90.85790678075182
STU_015401,87.58705626669678
STU_015402,69.35421541989776
STU_015403,58.84561861763979
STU_015404,79.91706241444446
STU_015405,79.73752916239738
STU_015406,87.2228009453978
STU_015407,85.84364947163854
STU_015408,40.3948388306157
STU_015409,76.27949069177107
STU_015410,69.10052035916817
STU_015411,73.22255405427913
STU_015412,69.75795401409584
STU_015413,77.0776178509105
STU_015414,70.27245337722621
STU_015415,67.69015963978234
STU_015416,86.60521753007593
STU_015417,59.37652778297678
STU_015418,86.66954743849355
STU_015419,56.66928438610577
STU_015420,66.30861454900344
STU_015421,92.97110857638324
STU_015422,76.0279394871366
STU_015423,84.7607064784791
STU_015424,98.76732451667701
STU_015425,88.73777966585703
STU_015426,61.96870991056983
STU_015427,60.321017134709265
STU_015428,74.33147378223175
STU_015429,76.57480326164205
STU_015430,40.89997267642102
STU_015431,66.861140520534
STU_015432,78.22742056058209
STU_015433,68.94002895963763
STU_015434,65.08466308854494
STU_015435,71.27026001364042
STU_015436,74.1400199968123
STU_015437,74.61691579516555
STU_015438,94.19178216330208
STU_015439,79.29278061256274
STU_015440,76.99649474663485
STU_015441,67.2356628024659
STU_015442,88.36104167482661
STU_015443,63.035376146034714
STU_015444,80.00992804223682
STU_015445,67.91061592616911
STU_015446,69.49067149213361
STU_015447,47.19844189587502
STU_015448,46.25984197613724
STU_015449,85.52882665592315
STU_015450,93.06001043118785
STU_015451,79.26690536951442
STU_015452,79.14416235622234
STU_015453,95.06790583760889
STU_015454,77.88467868122396
STU_015455,54.38046039215699
STU_015456,80.6273134255819
STU_015457,66.0790159978511
STU_015458,66.49873286297822
STU_015459,52.01559238432811
STU_015460,99.83440170288085
STU_015461,99.76169871304404
STU_015462,73.10193607298251
STU_015463,85.75841844899672
STU_015464,60.48191542504011
STU_015465,51.108405289356426
STU_015466,85.33605109228255
STU_015467,83.58909912192343
STU_015468,63.263191389186765
STU_015469,64.10769644627459
STU_015470,94.29143393757454
STU_015471,75.49647725487249
STU_015472,90.85583798601424
STU_015473,87.86210102446748
STU_015474,98.65995480821954
STU_015475,75.90431097080709
STU_015476,81.6178516635591
STU_015477,56.554913879452
STU_015478,52.573096408948935
STU_015479,95.85221275187983
STU_015480,72.2957311932591
STU_015481,75.98328349203251
STU_015482,62.720820884252426
STU_015483,86.37299202414471
STU_015484,67.65466879612666
STU_015485,68.1348352682743
STU_015486,71.17668339485996
STU_015487,62.14023947327086
STU_015488,78.07129538671062
STU_015489,81.08552335920264
STU_015490,87.20816681727989
STU_015491,86.70097482376455
STU_015492,62.627465029535145
STU_015493,70.27780408291855
STU_015494,65.99621539192138
STU_015495,86.35263114708599
STU_015496,70.98006566010923
STU_015497,55.00248225683356
STU_015498,70.22889604949309
STU_015499,41.44297759789595
STU_015500,74.81813247297787
STU_015501,92.76016807418567
STU_015502,53.158036751151286
STU_015503,86.63095760946597
STU_015504,83.8535987993347
STU_015505,76.87598013213822
STU_015506,74.69988509847565
STU_015507,99.07866058349609
STU_015508,98.13499886107
STU_015509,82.5920700172612
STU_015510,82.11173451084606
STU_015511,89.91841809966685
STU_015512,77.91483003384245
STU_015513,81.43847439194178
STU_015514,81.51977373313879
STU_015515,76.19867472454396
STU_015516,74.36689083121001
STU_015517,94.00625157246475
STU_015518,72.6433100857507
STU_015519,56.23933971267255
STU_015520,80.75716934728385
STU_015521,91.04959350438494
STU_015522,63.88966894576995
STU_015523,70.23714220980476
STU_015524,38.930497821356425
STU_015525,77.92015125916045
STU_015526,75.88822461710824
STU_015527,75.22457952156655
STU_015528,72.19368731534699
STU_015529,84.44510780579691
STU_015530,85.44087115867553
STU_015531,84.03898367819895
STU_015532,79.37809305687952
STU_015533,55.35796912380329
STU_015534,92.0419755138061
STU_015535,74.78652620389866
STU_015536,78.51902095322454
STU_015537,69.42962776218687
STU_015538,89.14544308172042
STU_015539,67.30319291055993
STU_015540,67.36595406986537
STU_015541,72.53577813307773
STU_015542,91.38509732965069
STU_015543,80.8523548357762
STU_015544,96.94497684644709
STU_015545,74.62981348946752
STU_015546,76.24875337764982
STU_015547,55.11608768198482
STU_015548,62.689946610431804
STU_015549,93.26504720390561
STU_015550,93.11652788320959
STU_015551,81.90101845874999
STU_015552,73.47442811448207
STU_015553,53.75752009982743
STU_015554,84.56354646601463
STU_015555,86.40662849483844
STU_015556,93.29904717976765
STU_015557,73.44795955780982
STU_015558,87.6663915675747
STU_015559,82.2513279577202
STU_015560,81.4974313001684
STU_015561,83.19013874752088
STU_015562,79.95624351870768
STU_015563,66.57498006987169
STU_015564,70.35830809534124
STU_015565,64.59639571234976
STU_015566,71.34004371856756
STU_015567,70.49049302851222
STU_015568,72.55168358130751
STU_015569,70.83265277151297
STU_015570,93.60512753267928
STU_015571,60.23063667033355
STU_015572,77.912132954864
STU_015573,82.6691232876132
STU_015574,62.68673448818154
STU_015575,76.63744883664944
STU_015576,69.62499313323349
STU_015577,70.3031706974868
STU_015578,78.18622463021222
STU_015579,70.69249821462103
STU_015580,74.44346275626332
STU_015581,81.52438699099824
STU_015582,78.45059238161531
STU_015583,92.27316516160546
STU_015584,88.37785852800243
STU_015585,88.42374104962121
STU_015586,87.676565500786
STU_015587,53.379046818365424
STU_015588,75.6167596337241
STU_015589,78.39303432469107
STU_015590,62.22400385564534
STU_015591,57.15093498745745
STU_015592,87.00669015462181
STU_015593,64.88304538932924
STU_015594,88.20296935191985
STU_015595,93.60421190431181
STU_015596,85.86977548284757
STU_015597,93.72800367331824
STU_015598,81.92025748235584
STU_015599,53.334666458063424
STU_015600,69.31028058237872
STU_015601,52.5939725075169
STU_015602,63.57880845750203
STU_015603,79.75427028195305
STU_015604,83.15381209725435
STU_015605,57.67133790916966
STU_015606,78.94125076632862
STU_015607,67.23189348436927
STU_015608,74.92659045669524
STU_015609,68.83348791854543
STU_015610,68.47780464402011
STU_015611,87.49252742881527
STU_015612,80.67925834631167
STU_015613,94.77706957159555
STU_015614,63.17453341202444
STU_015615,70.63833031754793
STU_015616,81.62070240997403
STU_015617,66.08735799121244
STU_015618,84.42323263730646
STU_015619,59.114074201517646
STU_015620,70.44941462974955
STU_015621,72.56754452100064
STU_015622,80.62651416766559
STU_015623,87.86197220304899
STU_015624,79.97963356011589
STU_015625,81.95534215181901
STU_015626,64.00191842939519
STU_015627,99.8075668334961
STU_015628,77.69300926390721
STU_015629,66.81721351668261
STU_015630,73.27955835992731
STU_015631,67.1024971663972
STU_015632,91.820333770653
STU_015633,87.17558019866871
STU_015634,73.84239071367685
STU_015635,97.49313581274424
STU_015636,71.37372983022065
STU_015637,49.00177846808832
STU_015638,74.65876041248191
STU_015639,98.11053209842085
STU_015640,67.15234792508997
STU_015641,59.97028100727157
STU_015642,99.13948345739398
STU_015643,80.05937413732674
STU_015644,91.91195247937428
STU_015645,56.099722835708214
STU_015646,99.43396254081223
STU_015647,71.66333895827658
STU_015648,63.235787091944665
STU_015649,80.67569110393362
STU_015650,69.1657961484471
STU_015651,54.037143458545536
STU_015652,96.62076562870679
STU_015653,74.00840982262439
STU_015654,66.14015178072879
STU_015655,99.31969680786133
STU_015656,69.78181577672028
STU_015657,76.27215880801144
STU_015658,71.6591394196549
STU_015659,74.24216343102867
STU_015660,90.92558592461246
STU_015661,44.10063071896725
STU_015662,73.21666734000272
STU_015663,86.65540959965189
STU_015664,57.48684607107644
STU_015665,79.02590077546704
STU_015666,83.4282600223566
STU_015667,94.51510179822859
STU_015668,81.49516116468656
STU_015669,74.90495678357952
STU_015670,65.48104071612197
STU_015671,84.37706866319543
STU_015672,87.35132106056315
STU_015673,81.3733952165903
STU_015674,79.60327399781858
STU_015675,87.86640952130321
STU_015676,51.50629565574917
STU_015677,85.20960274431168
STU_015678,99.38132748122086
STU_015679,77.20922807913418
STU_015680,76.64081196488034
STU_015681,79.27716215865179
STU_015682,85.66457719740798
STU_015683,62.344899577996614
STU_015684,64.24953016801166
STU_015685,80.28819063395916
STU_015686,71.96473241464781
STU_015687,87.63984046114892
STU_015688,76.46822322677032
STU_015689,64.29586299130823
STU_015690,67.16702972756627
STU_015691,97.44298195440803
STU_015692,86.20787923615488
STU_015693,76.05558088515193
STU_015694,94.61356167106064
STU_015695,92.47675269227848
STU_015696,50.377269066457934
STU_015697,65.25652279608306
STU_015698,90.82891816486496
STU_015699,95.40825289533136
STU_015700,79.8952543227905
STU_015701,69.9631495756113
STU_015702,88.89275437644852
STU_015703,91.82815964979281
STU_015704,81.31416086600596
STU_015705,81.82458506647875
STU_015706,62.57029061066007
STU_015707,85.39132696640944
STU_015708,55.477467731688776
STU_015709,65.05792370530526
STU_015710,68.80147848358224
STU_015711,73.10690254368318
STU_015712,86.44690045325656
STU_015713,82.44416807541211
STU_015714,75.37466165931683
STU_015715,85.62768707675167
STU_015716,63.176507073984226
STU_015717,67.94964984369335
STU_015718,68.64456884350435
STU_015719,60.02422621431901
STU_015720,61.897761647733674
STU_015721,59.92673513728039
STU_015722,67.90402002252947
STU_015723,72.60470981980274
STU_015724,98.90886260972103
STU_015725,89.46592530767943
STU_015726,77.90973876193736
STU_015727,65.6712076884923
STU_015728,79.69687421378255
STU_015729,94.54595299583869
STU_015730,70.4156942193567
STU_015731,78.69051453110488
STU_015732,55.691443730157225
STU_015733,66.16997163974978
STU_015734,65.59834378047394
STU_015735,54.352904635401295
STU_015736,92.44703324673844
STU_015737,70.8569367180908
STU_015738,66.34393857925107
STU_015739,75.48849001834081
STU_015740,89.39599487895445
STU_015741,62.65201411123665
STU_015742,71.6461870567846
STU_015743,90.45113048830252
STU_015744,66.22344659086998
STU_015745,87.76012758636915
STU_015746,69.5364735054225
STU_015747,94.36602005234224
STU_015748,53.27984227685322
STU_015749,86.96372958414968
STU_015750,57.98208587875609
STU_015751,90.48060376082779
STU_015752,68.97993595097789
STU_015753,79.12722167360155
STU_015754,78.02723820413459
STU_015755,93.73870818380112
STU_015756,78.1348470737942
STU_015757,86.89398565019414
STU_015758,99.4285675048828
STU_015759,85.50250084384312
STU_015760,65.82866234004258
STU_015761,92.13509905061163
STU_015762,65.87130133486639
STU_015763,67.10200347526174
STU_015764,76.69715988481714
STU_015765,78.52809269977257
STU_015766,82.8897127485868
STU_015767,88.61081564467229
STU_015768,78.04551990748831
STU_015769,81.73174959293736
STU_015770,66.32435117520694
STU_015771,94.24000979813574
STU_015772,59.92833267127278
STU_015773,54.80103085169404
STU_015774,97.9837708464287
STU_015775,84.4355823056995
STU_015776,64.54923407686479
STU_015777,65.85544431725853
STU_015778,66.25807395061476
STU_015779,54.532273523222784
STU_015780,80.7424094205451
STU_015781,76.01835052309325
STU_015782,81.81105407422794
STU_015783,63.29560747613651
STU_015784,75.98419879895494
STU_015785,72.21823642006399
STU_015786,74.02011623112165
STU_015787,80.9894956046338
STU_015788,79.97349123732194
STU_015789,53.20229839076789
STU_015790,66.48826388267061
STU_015791,68.33967055888058
STU_015792,78.88740613520827
STU_015793,87.0406218719544
STU_015794,84.95903188780039
STU_015795,64.56317034941034
STU_015796,89.416068383655
STU_015797,79.98697122395068
STU_015798,85.43524103406193
STU_015799,90.11104155189504
STU_015800,67.28943682823568
STU_015801,77.65062442748103
STU_015802,58.91421650235487
STU_015803,69.52467973570664
STU_015804,81.44886950054945
STU_015805,51.87097918401073
STU_015806,97.4782009887889
STU_015807,78.30458437869073
STU_015808,67.00946188765978
STU_015809,50.09068583790297
STU_015810,86.15188272752394
STU_015811,99.75383834838867
STU_015812,80.47930363397138
STU_015813,91.82086351451134
STU_015814,68.23277496771767
STU_015815,60.05419574339538
STU_015816,91.73227661734046
STU_015817,70.27962404860955
STU_015818,68.35088205825363
STU_015819,55.79515014653429
STU_015820,64.82323666446827
STU_015821,75.05092060371824
STU_015822,64.51602432664656
STU_015823,75.8135271103076
STU_015824,84.7606346932917
STU_015825,54.08649568227837
STU_015826,56.67481773573776
STU_015827,66.84556432158016
STU_015828,71.77314899056184
STU_015829,85.32792612598581
STU_015830,89.19696911968302
STU_015831,73.87604917550836
STU_015832,93.84522551162277
STU_015833,87.09318618731054
STU_015834,45.961541939048445
STU_015835,76.4437967969201
STU_015836,80.59978100945266
STU_015837,78.6712856664369
STU_015838,72.86481514419506
STU_015839,88.15691862322052
STU_015840,70.2166758321881
STU_015841,55.88296525234248
STU_015842,93.85062059075527
STU_015843,83.32399582653255
STU_015844,88.03692956719964
STU_015845,65.24791633541938
STU_015846,66.0220029442819
STU_015847,77.83573197288604
STU_015848,88.0108034038665
STU_015849,92.4521763713115
STU_015850,58.28742471029046
STU_015851,72.30776614538715
STU_015852,62.31776948012761
STU_015853,75.25634630385278
STU_015854,91.86732002380887
STU_015855,94.53183258129557
STU_015856,76.48530800215049
STU_015857,83.12314799204132
STU_015858,64.88893713407853
STU_015859,72.66845994069423
STU_015860,69.54965695448904
STU_015861,68.9719163141538
STU_015862,66.55066874568253
STU_015863,96.50752811941895
STU_015864,54.60358810792347
STU_015865,60.87203068312835
STU_015866,76.16800298405953
STU_015867,38.15221824625145
STU_015868,72.5751807778489
STU_015869,91.70903672172138
STU_015870,77.67504596512167
STU_015871,72.55328695041379
STU_015872,49.133837956057825
STU_015873,94.8837032062242
STU_015874,71.4573811190484
STU_015875,81.68597096273794
STU_015876,64.06211212639522
STU_015877,97.96364631269655
STU_015878,80.01537796795614
STU_015879,95.97675948534147
STU_015880,81.8807268583308
STU_015881,96.54656854733032
STU_015882,68.23320065063494
STU_015883,78.5206813774057
STU_015884,86.13678387145968
STU_015885,60.7574151684249
STU_015886,92.82926424886566
STU_015887,99.55514782874529
STU_015888,62.45010143631676
STU_015889,84.7959773727968
STU_015890,91.74186520053699
STU_015891,91.86718469143487
STU_015892,54.98833804382986
STU_015893,56.31143572681055
STU_015894,54.16452817926214
STU_015895,63.08207976158204
STU_015896,70.4525912625828
STU_015897,89.02964455311215
STU_015898,78.17857113385723
STU_015899,87.67064369886019
STU_015900,71.0051004694494
STU_015901,71.32872780939175
STU_015902,72.53900500590203
STU_015903,83.61836965873042
STU_015904,79.4413507176114
STU_015905,89.13559812052378
STU_015906,71.22251270638988
STU_015907,99.48885040283203
STU_015908,64.05196150215664
STU_015909,73.31740255340338
STU_015910,75.74436547418829
STU_015911,61.04077191183099
STU_015912,82.72200567957165
STU_015913,66.6343706275145
STU_015914,66.71180571011703
STU_015915,86.40232877652608
STU_015916,61.53857246474189
STU_015917,52.884972648317856
STU_015918,74.98813218344742
STU_015919,87.48621626582802
STU_015920,79.00031875154089
STU_015921,92.66451725273832
STU_015922,57.7938537550876
STU_015923,91.11546258308823
STU_015924,75.63310052189597
STU_015925,69.09629160805002
STU_015926,79.04771315331169
STU_015927,75.4825825597091
STU_015928,74.59091085987659
STU_015929,84.62427073878949
STU_015930,60.99373694347188
STU_015931,62.051269058749696
STU_015932,74.57114389256976
STU_015933,76.67695992994088
STU_015934,68.9718041842367
STU_015935,99.84679489135742
STU_015936,99.22902374267578
STU_015937,76.90777449061102
STU_015938,80.28502263554671
STU_015939,64.32256034315333
STU_015940,93.07788183371471
STU_015941,65.31422745489425
STU_015942,84.65044945627075
STU_015943,79.43276727558803
STU_015944,95.91350349064271
STU_015945,78.23269200359043
STU_015946,75.74409134610003
STU_015947,72.55271918820102
STU_015948,70.09223127809433
STU_015949,59.74084602242995
STU_015950,94.93452811531424
STU_015951,73.83259684989125
STU_015952,73.2013567547231
STU_015953,64.652107849941
STU_015954,79.53844887669374
STU_015955,79.53496272836433
STU_015956,85.44725788042905
STU_015957,55.66105856540189
STU_015958,70.3622378671057
STU_015959,91.81935990387412
STU_015960,68.91376072908986
STU_015961,88.27728070665634
STU_015962,79.74129074174908
STU_015963,76.37305311135098
STU_015964,64.66742255034308
STU_015965,86.18853088323648
STU_015966,56.96836430212515
STU_015967,81.07096109018975
STU_015968,83.26517022697797
STU_015969,67.97586635350356
STU_015970,80.98726833837712
STU_015971,66.20847388861685
STU_015972,85.49997166014036
STU_015973,64.44247299700567
STU_015974,87.22751104644081
STU_015975,54.75160562639611
STU_015976,51.07899897926321
STU_015977,63.78728680027757
STU_015978,70.26912434775005
STU_015979,87.92320231688447
STU_015980,84.41799000223769
STU_015981,97.35136958325621
STU_015982,92.36823367154597
STU_015983,81.08863102029676
STU_015984,83.46139615634674
STU_015985,73.16545863806597
STU_015986,47.26263102930328
STU_015987,75.84265117370038
STU_015988,66.6463670877498
STU_015989,78.60433399370861
STU_015990,59.69704939595537
STU_015991,72.9172660819354
STU_015992,47.272297534011024
STU_015993,76.34381245225694
STU_015994,75.07429451309024
STU_015995,98.40677941547597
STU_015996,77.22145218921574
STU_015997,69.11652155826589
STU_015998,81.8052095090305
STU_015999,85.73170773616309
STU_016000,83.29372082097287
STU_016001,91.65435031499459
STU_016002,87.37040350938345
STU_016003,90.92882795408798
STU_016004,85.59962603899243
STU_016005,47.21472550976386
STU_016006,63.890495265875536
STU_016007,82.02199665157234
STU_016008,87.45648837289893
STU_016009,52.92481551358639
STU_016010,77.1794350253815
STU_016011,84.06416082076863
STU_016012,70.68267682197336
STU_016013,68.22203324055775
STU_016014,97.68126149335598
STU_016015,51.17348141163172
STU_016016,93.75964845475856
STU_016017,79.82378866941718
STU_016018,82.44493420069625
STU_016019,71.58274795583917
STU_016020,94.12806867118036
STU_016021,99.74027099609376
STU_016022,67.29925525335415
STU_016023,99.04827728271485
STU_016024,74.43890174687422
STU_016025,88.29603075018959
STU_016026,54.42305666392875
STU_016027,64.34566993085039
STU_016028,68.36131680997241
STU_016029,77.5734805990177
STU_016030,97.8154973925601
STU_016031,93.3468960648094
STU_016032,85.01833946404807
STU_016033,84.87306852804392
STU_016034,78.01911894132702
STU_016035,67.75958483998599
STU_016036,99.81666259765625
STU_016037,74.9388884201186
STU_016038,72.5458190819393
STU_016039,70.92533118824579
STU_016040,88.24996342753137
STU_016041,94.9324047555814
STU_016042,74.82258351138006
STU_016043,81.60268504896187
STU_016044,93.50496913401777
STU_016045,81.21833214532974
STU_016046,60.91887750898368
STU_016047,86.45946819215638
STU_016048,71.17151292345416
STU_016049,73.04272751936324
STU_016050,70.16193223248649
STU_016051,82.47295674491727
STU_016052,96.19167980038974
STU_016053,77.9930960282741
STU_016054,68.34899690933763
STU_016055,78.8195601182683
STU_016056,71.28091301472425
STU_016057,76.1211180101912
STU_016058,77.14527586675426
STU_016059,69.1146401149393
STU_016060,75.0289966122464
STU_016061,54.07389250676289
STU_016062,70.03925894488131
STU_016063,77.66020355325067
STU_016064,61.57770073930388
STU_016065,75.96454906313936
STU_016066,83.03309092471818
STU_016067,61.19958179352737
STU_016068,99.32975611936892
STU_016069,75.86920936884053
STU_016070,72.56910229751212
STU_016071,65.53263932756107
STU_016072,86.86729919026061
STU_016073,78.89279127503389
STU_016074,85.77885395627308
STU_016075,99.27540512578265
STU_016076,63.74073325157666
STU_016077,66.55936209373456
STU_016078,84.00638444964093
STU_016079,83.41245462102933
STU_016080,80.05976110894737
STU_016081,69.23460441018233
STU_016082,86.80947528345362
STU_016083,98.45693376735618
STU_016084,72.23224188049814
STU_016085,54.225563846553875
STU_016086,94.60984294284854
STU_016087,71.15317846318841
STU_016088,74.20382994087502
STU_016089,85.2017821723667
STU_016090,86.19315987419522
STU_016091,67.77255758534278
STU_016092,73.74907671282102
STU_016093,79.22366995394333
STU_016094,76.64216389280762
STU_016095,71.52540362951709
STU_016096,87.49578245671087
STU_016097,69.82744284229257
STU_016098,59.228256328683415
STU_016099,83.72386032101005
STU_016100,74.81698976598835
STU_016101,61.68179152987257
STU_016102,82.55231947760863
STU_016103,57.368843926633105
STU_016104,80.54809004116102
STU_016105,64.48451230418611
STU_016106,62.005632935060326
STU_016107,80.78916321931267
STU_016108,72.43767800117016
STU_016109,67.06772613182908
STU_016110,65.23282723952192
STU_016111,83.19702756045714
STU_016112,76.32126140269406
STU_016113,59.35397881090016
STU_016114,72.76223366409761
STU_016115,82.9298156603044
STU_016116,94.96915308218301
STU_016117,78.69944893352114
STU_016118,65.58685376271013
STU_016119,81.45822773603155
STU_016120,81.57597626761277
STU_016121,68.18364558842565
STU_016122,72.36953646903603
STU_016123,88.07491486112366
STU_016124,95.11702452903346
STU_016125,87.72281300100744
STU_016126,81.20677222920101
STU_016127,81.19952914422663
STU_016128,92.8595201846781
STU_016129,66.73050617990145
STU_016130,96.27688444657429
STU_016131,82.14339177569612
STU_016132,69.8969352410135
STU_016133,75.67928259803003
STU_016134,73.91850785428554
STU_016135,60.85610237954219
STU_016136,88.66615586632986
STU_016137,78.2657796938137
STU_016138,80.39750032255472
STU_016139,97.96797199854554
STU_016140,85.30534581242455
STU_016141,88.24096649070736
STU_016142,83.5638307026367
STU_016143,55.99563399974228
STU_016144,78.18849087211844
STU_016145,77.22295270175455
STU_016146,86.30549014083996
STU_016147,90.26471298971155
STU_016148,64.57989522887992
STU_016149,55.55620749979923
STU_016150,94.28045633968549
STU_016151,56.97548345168663
STU_016152,79.94331063530989
STU_016153,69.11869349979561
STU_016154,81.3929988286223
STU_016155,82.68386274434687
STU_016156,65.60617809556787
STU_016157,77.30421548767606
STU_016158,97.23475219694501
STU_016159,62.8626230661616
STU_016160,84.13850246758064
STU_016161,72.53406093944982
STU_016162,92.403059492457
STU_016163,75.75511890584703
STU_016164,66.76247419504247
STU_016165,93.82278240648846
STU_016166,62.9250087368979
STU_016167,84.42487162131668
STU_016168,84.96586221314146
STU_016169,89.8099995554526
STU_016170,82.81700668943704
STU_016171,74.65482836038684
STU_016172,61.8932228066063
STU_016173,70.2910034730175
STU_016174,61.42384431445656
STU_016175,94.05725785159329
STU_016176,75.42370048560286
STU_016177,82.46577665853171
STU_016178,77.89307134389854
STU_016179,81.42844383903187
STU_016180,57.834524222806344
STU_016181,93.5500340652701
STU_016182,53.29992141421786
STU_016183,77.40335366309492
STU_016184,77.41684655205388
STU_016185,99.75772344460708
STU_016186,51.42412704835673
STU_016187,91.35780899182083
STU_016188,77.49011728536664
STU_016189,82.33802970908265
STU_016190,79.61030281695298
STU_016191,57.82614962855885
STU_016192,62.24576753219586
STU_016193,78.7982401708951
STU_016194,92.91510073849153
STU_016195,83.65703419056914
STU_016196,57.020804562275174
STU_016197,97.40454297876886
STU_016198,70.33807411826174
STU_016199,76.40507477707212
STU_016200,63.774077470063084
STU_016201,67.44920302085305
STU_016202,64.37234526611446
STU_016203,69.66767776904223
STU_016204,62.542554780169716
STU_016205,56.72138457862323
STU_016206,71.57884041883398
STU_016207,52.93030789633892
STU_016208,68.24923877275916
STU_016209,70.29432220910415
STU_016210,56.380947926672725
STU_016211,72.21131173709283
STU_016212,67.50834669913883
STU_016213,92.19278540542774
STU_016214,58.607307722566496
STU_016215,70.32399370151984
STU_016216,62.4715356589732
STU_016217,72.03257938644995
STU_016218,99.80440673828124
STU_016219,79.06510556920021
STU_016220,92.17455786186208
STU_016221,65.84375604794592
STU_016222,66.93057705682055
STU_016223,63.75051145589158
STU_016224,97.6323216293913
STU_016225,84.86015774089917
STU_016226,91.31750946168734
STU_016227,80.87267627145152
STU_016228,72.14860183248425
STU_016229,64.6345494340058
STU_016230,63.79488704699294
STU_016231,95.57372973936471
STU_016232,98.2598961269494
STU_016233,50.300784589334384
STU_016234,85.40394690359473
STU_016235,57.61351227405468
STU_016236,76.0433840733067
STU_016237,68.74168228225709
STU_016238,88.87843363346285
STU_016239,69.7347198516788
STU_016240,89.58662700757067
STU_016241,83.97084368200784
STU_016242,70.00588521577941
STU_016243,72.46545777855079
STU_016244,76.20160487783086
STU_016245,69.0670459462452
STU_016246,65.08189107170601
STU_016247,71.99295936390158
STU_016248,73.82537705282587
STU_016249,66.32916384028219
STU_016250,88.88826113137186
STU_016251,53.2439198502494
STU_016252,88.90243064929248
STU_016253,83.75891736064509
STU_016254,84.7346858880447
STU_016255,70.86277857795729
STU_016256,46.490120368231025
STU_016257,81.40895427165363
STU_016258,81.75516797236891
STU_016259,72.69681595509938
STU_016260,73.37754794907151
STU_016261,96.69650574550839
STU_016262,83.11670218904781
STU_016263,57.80148588597733
STU_016264,57.86939085566647
STU_016265,98.39162024615922
STU_016266,91.30236405052896
STU_016267,73.57962480099312
STU_016268,80.11907271869174
STU_016269,92.11503399801778
STU_016270,69.76524461342943
STU_016271,71.0156272897463
STU_016272,83.2593625880357
STU_016273,77.94377039285015
STU_016274,60.77475458331859
STU_016275,71.4645649398551
STU_016276,61.067735071215324
STU_016277,84.654928990666
STU_016278,85.03733526802577
STU_016279,80.48274676049797
STU_016280,73.25471516038873
STU_016281,82.21153643559354
STU_016282,69.92962952852598
STU_016283,66.60984082126083
STU_016284,85.39340773635922
STU_016285,61.602023760774316
STU_016286,61.19193507209156
STU_016287,90.88781460750916
STU_016288,93.09317414888235
STU_016289,75.17695853994603
STU_016290,63.22584496840031
STU_016291,76.28199892306819
STU_016292,73.22700229940418
STU_016293,79.1849503213535
STU_016294,70.04093671310446
STU_016295,85.8927666983332
STU_016296,71.82125339434351
STU_016297,85.61758136580605
STU_016298,55.33959857031771
STU_016299,68.93392837492216
STU_016300,65.25809968041976
STU_016301,55.76895919642506
STU_016302,68.41138585005835
STU_016303,76.83121675291008
STU_016304,88.65062213279691
STU_016305,85.85828492429647
STU_016306,76.25572539691623
STU_016307,64.87881555232701
STU_016308,62.23257564333322
STU_016309,88.33182471548453
STU_016310,77.24822644542343
STU_016311,61.101466383630864
STU_016312,63.89591408700281
STU_016313,99.07441522508863
STU_016314,90.25364338611303
STU_016315,63.55719602890444
STU_016316,96.26841748194391
STU_016317,79.96894071926822
STU_016318,70.6507917628216
STU_016319,66.89201288483292
STU_016320,69.26763982927238
STU_016321,65.89091377810595
STU_016322,95.9839853213979
STU_016323,73.26824112084404
STU_016324,54.309054059494954
STU_016325,72.101894223814
STU_016326,79.58900542975637
STU_016327,84.07563358174984
STU_016328,72.37802874772542
STU_016329,68.92322591881486
STU_016330,71.6745753331051
STU_016331,74.24556381055335
STU_016332,85.11051621750087
STU_016333,84.62265921131525
STU_016334,61.77597408103158
STU_016335,73.42598040192894
STU_016336,69.35671688325303
STU_016337,66.03069877135539
STU_016338,74.916855914943
STU_016339,80.00570300333187
STU_016340,86.70554630851423
STU_016341,90.27110732583131
STU_016342,75.09547439182892
STU_016343,74.71487824536015
STU_016344,91.62563852920064
STU_016345,81.26246619783988
STU_016346,86.76564073059565
STU_016347,52.37794464507776
STU_016348,65.23699031030814
STU_016349,89.11543886029826
STU_016350,62.2009824136926
STU_016351,71.48739827231766
STU_016352,77.32235108979596
STU_016353,71.71318570072663
STU_016354,53.458333469326895
STU_016355,75.32685096010097
STU_016356,68.796691165561
STU_016357,62.21640096741191
STU_016358,75.6988915646054
STU_016359,90.7455657442976
STU_016360,77.05310454186265
STU_016361,74.41530212511024
STU_016362,75.7710503343829
STU_016363,72.77970971846726
STU_016364,69.51229511842104
STU_016365,80.28972704844452
STU_016366,73.97509591701078
STU_016367,81.43839958864149
STU_016368,57.221737795233544
STU_016369,74.20299214985144
STU_016370,46.537271668941095
STU_016371,60.31061097043536
STU_016372,93.70627308258587
STU_016373,83.64974327477687
STU_016374,72.75836878601233
STU_016375,78.13024402587519
STU_016376,90.60452618664542
STU_016377,58.45270794348535
STU_016378,84.79509989687396
STU_016379,58.78801362838633
STU_016380,84.16928921354318
STU_016381,61.27946229894131
STU_016382,77.84147923056013
STU_016383,57.83277362808248
STU_016384,94.38563679353751
STU_016385,94.02859536517686
STU_016386,75.12778394792859
STU_016387,72.60783561058159
STU_016388,59.70673398660738
STU_016389,78.09855324725528
STU_016390,77.54541572680569
STU_016391,99.42213232500133
STU_016392,81.6955382589503
STU_016393,76.6457811301857
STU_016394,91.36082511203439
STU_016395,60.89318808681428
STU_016396,92.85807803181608
STU_016397,65.06093896264689
STU_016398,60.52260898425979
STU_016399,70.42256885328369
STU_016400,82.29005341792153
STU_016401,72.04701602034113
STU_016402,95.74145540810979
STU_016403,62.254529802899974
STU_016404,67.27584683777039
STU_016405,66.01337838050692
STU_016406,67.11910086619744
STU_016407,95.84999282794543
STU_016408,86.54574302877212
STU_016409,52.652942914777576
STU_016410,63.450585732643795
STU_016411,54.65832582091954
STU_016412,50.26706289379614
STU_016413,67.00838549052781
STU_016414,85.44862469047995
STU_016415,85.06674772268396
STU_016416,72.20638218350253
STU_016417,80.03355891024682
STU_016418,96.09920372836281
STU_016419,76.52113458883727
STU_016420,63.22533820285419
STU_016421,66.07387152468486
STU_016422,73.33665492460715
STU_016423,98.87060842401743
STU_016424,68.4015837704327
STU_016425,85.15080070640659
STU_016426,78.29965771351117
STU_016427,73.40018153275024
STU_016428,98.92214093467048
STU_016429,75.5866155283217
STU_016430,83.19706642050869
STU_016431,95.71964690413002
STU_016432,52.411749533643196
STU_016433,61.61797248342931
STU_016434,60.65016856930583
STU_016435,77.21957492284663
STU_016436,91.06353993069904
STU_016437,80.92180392466803
STU_016438,74.67551498997936
STU_016439,75.17027914507769
STU_016440,62.67741180841796
STU_016441,93.55830638947232
STU_016442,93.32130513833988
STU_016443,66.00237648538933
STU_016444,78.06228029142294
STU_016445,72.66713804067271
STU_016446,66.62352919381887
STU_016447,66.07955089727504
STU_016448,74.3391061299825
STU_016449,77.99023758281693
STU_016450,78.08484577160775
STU_016451,90.08296232333883
STU_016452,87.33266841250449
STU_016453,63.339244367247645
STU_016454,67.63924601500577
STU_016455,49.337226050209416
STU_016456,75.98890729876919
STU_016457,87.21869737830852
STU_016458,75.72050237615296
STU_016459,77.5275241401608
STU_016460,78.21365891338166
STU_016461,56.55167321241287
STU_016462,83.47574605638927
STU_016463,86.06279090608083
STU_016464,79.28735002712217
STU_016465,79.3193495446586
STU_016466,67.4638231399343
STU_016467,80.80720133290576
STU_016468,66.68819111740537
STU_016469,53.952451640251745
STU_016470,89.80701787747208
STU_016471,57.79065906475662
STU_016472,86.98265038801111
STU_016473,78.91248143793108
STU_016474,67.92769539997425
STU_016475,98.82797739410773
STU_016476,92.15439865306428
STU_016477,91.11728167570593
STU_016478,87.76633257267552
STU_016479,67.30905485125216
STU_016480,82.56586106909953
STU_016481,75.69754130473807
STU_016482,65.67894055328111
STU_016483,84.94319845990053
STU_016484,70.8982865539083
STU_016485,69.08492427107396
STU_016486,88.01840917609351
STU_016487,70.16582246648794
STU_016488,79.95136266945623
STU_016489,96.54541272440468
STU_016490,66.39487839852048
STU_016491,86.4781785037755
STU_016492,87.25726962797263
STU_016493,85.0756736729947
STU_016494,73.39670755498291
STU_016495,48.87931938294788
STU_016496,80.66211698158037
STU_016497,47.00820461006563
STU_016498,60.4478381237888
STU_016499,71.40069758751096
STU_016500,70.90878478883347
STU_016501,75.32778664137295
STU_016502,78.38917755173561
STU_016503,60.19256323247799
STU_016504,77.55031224215843
STU_016505,94.07852823905439
STU_016506,72.69134711196584
STU_016507,67.9264946410989
STU_016508,84.93534110462261
STU_016509,45.03358436686784
STU_016510,78.80313130798083
STU_016511,68.23227966091292
STU_016512,67.8123741180849
STU_016513,53.54662061524034
STU_016514,85.91590017637591
STU_016515,60.590334265878376
STU_016516,60.72574888745857
STU_016517,81.9806714893219
STU_016518,77.23515296543093
STU_016519,83.51533131557964
STU_016520,61.157951142141904
STU_016521,99.78146209716797
STU_016522,53.90421738916747
STU_016523,71.12322481308402
STU_016524,70.70035409039336
STU_016525,44.59388411506244
STU_016526,99.3065414428711
STU_016527,57.208845828321294
STU_016528,67.14478336122048
STU_016529,73.94651773682227
STU_016530,80.98062438229309
STU_016531,97.70149864425491
STU_016532,97.48696610852967
STU_016533,74.7499380551245
STU_016534,84.48447577165413
STU_016535,63.19358746953087
STU_016536,84.86135095782879
STU_016537,78.7500281085108
STU_016538,64.83869706954951
STU_016539,68.51465814218813
STU_016540,77.1125322130628
STU_016541,99.65024267287491
STU_016542,56.94074309845675
STU_016543,63.261875826443706
STU_016544,88.22752262238832
STU_016545,92.39513362283877
STU_016546,66.05474018530073
STU_016547,99.70991668701171
STU_016548,89.75342815753655
STU_016549,82.62615212884918
STU_016550,66.94428391301426
STU_016551,80.92946855565755
STU_016552,86.95587356027994
STU_016553,70.73418464251931
STU_016554,91.11595664024796
STU_016555,73.03925393229797
STU_016556,78.35093976250283
STU_016557,71.0612825323914
STU_016558,76.5811090387647
STU_016559,82.43110844010118
STU_016560,63.533797006628845
STU_016561,78.42154320594054
STU_016562,75.4895854439922
STU_016563,75.93601003010917
STU_016564,70.2874972075891
STU_016565,77.47391265363976
STU_016566,88.51869653391113
STU_016567,72.43542572811859
STU_016568,69.39693349158331
STU_016569,60.57205070473777
STU_016570,66.7487368940659
STU_016571,87.14086002565143
STU_016572,57.62928846723132
STU_016573,56.75542890782676
STU_016574,95.2932507742947
STU_016575,62.62694190201681
STU_016576,83.46445196293269
STU_016577,85.73592964973608
STU_016578,84.89617332659707
STU_016579,83.49153140663887
STU_016580,84.71414097705693
STU_016581,96.57715365591885
STU_016582,62.68970936954126
STU_016583,86.42045705498552
STU_016584,95.8835314359011
STU_016585,83.61093801355281
STU_016586,78.70239494813592
STU_016587,73.5974492801331
STU_016588,68.58930668600934
STU_016589,66.9940561751853
STU_016590,75.29202242314386
STU_016591,65.59524329994484
STU_016592,78.24639816643081
STU_016593,85.91416980711027
STU_016594,44.93712686487852
STU_016595,79.22864114615068
STU_016596,90.90532184931384
STU_016597,53.899453486461425
STU_016598,82.53828245445847
STU_016599,47.02126404535618
STU_016600,52.04941686318141
STU_016601,83.56683014090528
STU_016602,55.12720194784042
STU_016603,55.7578339285337
STU_016604,89.77048172696433
STU_016605,89.91930733740098
STU_016606,68.36093385332777
STU_016607,45.08928601027956
STU_016608,88.61174461784636
STU_016609,77.31298167821396
STU_016610,85.46143313416727
STU_016611,60.26028939302044
STU_016612,93.34115308351943
STU_016613,82.41797893229773
STU_016614,66.6198587095197
STU_016615,90.58017103728021
STU_016616,87.28300366492141
STU_016617,93.47336399744606
STU_016618,69.83912401424575
STU_016619,85.54918344898296
STU_016620,57.36546713472308
STU_016621,79.96208742073398
STU_016622,75.30954697453195
STU_016623,79.18197224193402
STU_016624,97.68295227282475
STU_016625,81.44348519305446
STU_016626,56.91236998990642
STU_016627,99.37363532930529
STU_016628,87.17601771274387
STU_016629,52.150008937776875
STU_016630,70.41574435130546
STU_016631,65.40043022005574
STU_016632,68.19544716118727
STU_016633,80.42545439973473
STU_016634,67.58855217534844
STU_016635,94.33249231270914
STU_016636,82.55961200411268
STU_016637,67.80207719777142
STU_016638,70.70927090644703
STU_016639,66.24929151841394
STU_016640,99.8568115234375
STU_016641,86.25810088325234
STU_016642,60.61772716086729
STU_016643,68.82432227065027
STU_016644,80.52314349307301
STU_016645,88.61354936285271
STU_016646,85.76457948174134
STU_016647,68.16231334219937
STU_016648,83.17749590986072
STU_016649,84.67088542466081
STU_016650,87.06316168337642
STU_016651,81.49511649802288
STU_016652,86.38569109886201
STU_016653,75.91494926679835
STU_016654,92.02278818257894
STU_016655,72.19854729420545
STU_016656,78.22566241718089
STU_016657,79.90319157896523
STU_016658,87.5970981074128
STU_016659,76.30210439577817
STU_016660,88.03514635452116
STU_016661,74.83512232723477
STU_016662,73.51474199006401
STU_016663,91.53863736134603
STU_016664,68.2683670279653
STU_016665,80.48556052041899
STU_016666,66.25253695169636
STU_016667,69.30057145609901
STU_016668,92.76056878286755
STU_016669,74.67417345695686
STU_016670,84.91348926981838
STU_016671,98.02581549779927
STU_016672,81.69462118524712
STU_016673,65.6314605986498
STU_016674,78.02936795332738
STU_016675,80.45136424054552
STU_016676,98.41315093584785
STU_016677,89.7157783689143
STU_016678,87.46424542742359
STU_016679,85.2026528234307
STU_016680,62.688507912624345
STU_016681,95.98367614818608
STU_016682,82.54602271121448
STU_016683,77.99197331313492
STU_016684,68.64385650357258
STU_016685,80.81934870802117
STU_016686,74.29815736454357
STU_016687,95.51577516782073
STU_016688,57.79366521013075
STU_016689,72.13409665115485
STU_016690,55.90157184592155
STU_016691,76.33934985640803
STU_016692,74.96694467315943
STU_016693,63.895013449827815
STU_016694,83.04542787262946
STU_016695,75.4072786937152
STU_016696,77.75784407508247
STU_016697,73.26913669154918
STU_016698,81.42718439499133
STU_016699,69.31844990207681
STU_016700,70.77092947579365
STU_016701,76.58180876460005
STU_016702,82.80544286585612
STU_016703,90.03584031527897
STU_016704,84.62966494949575
STU_016705,90.6224709929398
STU_016706,71.54281828962921
STU_016707,81.28572854628788
STU_016708,88.52261452181656
STU_016709,48.107528334142444
STU_016710,75.42530297596709
STU_016711,60.983839335652796
STU_016712,50.817704263557
STU_016713,96.30041438211612
STU_016714,97.15503648549227
STU_016715,66.11013874241667
STU_016716,75.06411932969641
STU_016717,86.0438491318469
STU_016718,54.50331431156012
STU_016719,90.96739687917777
STU_016720,95.63151100368538
STU_016721,76.02327672354662
STU_016722,73.45604492445813
STU_016723,70.28667041746785
STU_016724,74.93382044545979
STU_016725,68.65056647058672
STU_016726,61.96061704892932
STU_016727,68.86486290363167
STU_016728,61.459285362988155
STU_016729,75.82992303780041
STU_016730,86.7101540722886
STU_016731,65.27188106326861
STU_016732,90.4921460372203
STU_016733,85.40384176295193
STU_016734,61.25265161745358
STU_016735,85.62186035137256
STU_016736,60.73623363651654
STU_016737,66.63183187933444
STU_016738,75.61772043027749
STU_016739,78.46802625131318
STU_016740,70.32536657442344
STU_016741,77.49562064930429
STU_016742,89.23722523874528
STU_016743,72.34014741580071
STU_016744,63.63815507978085
STU_016745,66.11611352274144
STU_016746,56.71384207692515
STU_016747,87.50952116291174
STU_016748,73.430983201801
STU_016749,55.21216878182571
STU_016750,90.8491528106971
STU_016751,87.06522484039408
STU_016752,62.464877438251165
STU_016753,75.56365531713871
STU_016754,98.66813380580942
STU_016755,75.90938217502004
STU_016756,77.42251202592983
STU_016757,77.85261724041081
STU_016758,54.07354389251283
STU_016759,97.48314802381302
STU_016760,72.31998612695239
STU_016761,78.6049480744632
STU_016762,71.53101257040893
STU_016763,77.31116660144154
STU_016764,66.57282262903115
STU_016765,86.2487594425303
STU_016766,89.25222601943833
STU_016767,81.5137456599702
STU_016768,86.60462580483549
STU_016769,48.62422629441325
STU_016770,57.4243281449379
STU_016771,67.20570735321819
STU_016772,88.965946958056
STU_016773,69.03195939968506
STU_016774,81.53561313463187
STU_016775,70.48277744908364
STU_016776,93.36975693519994
STU_016777,49.57576405774233
STU_016778,76.6878852889054
STU_016779,77.194912439672
STU_016780,89.0501167707055
STU_016781,52.36765015909554
STU_016782,82.45794380495401
STU_016783,67.68315378313767
STU_016784,91.6820138514768
STU_016785,90.10217057694044
STU_016786,72.72340528949951
STU_016787,69.35250848227938
STU_016788,88.49261712921151
STU_016789,73.72488231737105
STU_016790,83.63289680900711
STU_016791,71.47299270949337
STU_016792,74.58632889801717
STU_016793,79.2981868394639
STU_016794,71.39824761205399
STU_016795,73.4749754761573
STU_016796,86.77906979136591
STU_016797,67.39587441540677
STU_016798,74.33186054597176
STU_016799,89.42610158934403
STU_016800,64.87580859365967
STU_016801,63.11609404646425
STU_016802,65.67803601997626
STU_016803,93.5964856073724
STU_016804,94.7928052863355
STU_016805,57.23222463421709
STU_016806,81.32795169405328
STU_016807,79.6976328873952
STU_016808,85.34739104568833
STU_016809,86.65277564245619
STU_016810,51.46014415755187
STU_016811,79.12938397443465
STU_016812,71.21598410707017
STU_016813,76.69161948233115
STU_016814,87.5287203057858
STU_016815,69.2564714065516
STU_016816,78.696340952247
STU_016817,99.88949355874101
STU_016818,52.87684603108372
STU_016819,85.36639734789922
STU_016820,76.57185877733149
STU_016821,76.98219845586875
STU_016822,76.85326493795374
STU_016823,99.9429718017578
STU_016824,80.47289313177065
STU_016825,84.01002872702873
STU_016826,72.79079672681624
STU_016827,77.50362507325501
STU_016828,70.25143838010841
STU_016829,84.4506084113919
STU_016830,73.11523024107863
STU_016831,88.86134236525979
STU_016832,66.30960273020287
STU_016833,64.60741467420907
STU_016834,84.31686796258462
STU_016835,74.32670442501568
STU_016836,80.83907844064947
STU_016837,98.264787161342
STU_016838,87.32029893629412
STU_016839,67.37675228268776
STU_016840,77.036600774679
STU_016841,95.41729136571676
STU_016842,73.9847343646361
STU_016843,66.20891609535674
STU_016844,88.5818091597932
STU_016845,68.43277496552197
STU_016846,67.42728093216326
STU_016847,72.41232489478753
STU_016848,61.267265127197746
STU_016849,73.86164011449385
STU_016850,76.79026100855353
STU_016851,65.85500509554187
STU_016852,84.90786507889597
STU_016853,89.3743003132908
STU_016854,87.65899185771632
STU_016855,76.97806214907092
STU_016856,98.45400132034914
STU_016857,67.97531287162516
STU_016858,60.0481405874256
STU_016859,96.44264564555307
STU_016860,99.30323894055815
STU_016861,79.86282830503048
STU_016862,89.80765554580215
STU_016863,97.02678879056286
STU_016864,50.81982274842929
STU_016865,84.69005462911937
STU_016866,70.04776956860844
STU_016867,95.58607950349038
STU_016868,78.13623491117912
STU_016869,84.54542685418217
STU_016870,66.38788110923151
STU_016871,56.478677650196346
STU_016872,76.70745020347292
STU_016873,91.02521065423105
STU_016874,69.13544895585174
STU_016875,81.99324950773158
STU_016876,59.182890827353695
STU_016877,99.92017364501953
STU_016878,58.29342801503075
STU_016879,88.5502808007833
STU_016880,85.29649730891985
STU_016881,69.79739509307466
STU_016882,77.21037220764389
STU_016883,89.22338232533517
STU_016884,73.79420947941819
STU_016885,89.47297057569438
STU_016886,79.40602123682265
STU_016887,63.70034799384872
STU_016888,86.98558652988964
STU_016889,74.67587836732
STU_016890,68.54893060723309
STU_016891,65.42241299228264
STU_016892,79.70998051484378
STU_016893,64.79196092408151
STU_016894,79.22583960758904
STU_016895,74.76418855825506
STU_016896,67.4603294836743
STU_016897,52.121939649579026
STU_016898,99.74769439697266
STU_016899,78.42084368967639
STU_016900,94.85610950699544
STU_016901,77.34114765171034
STU_016902,91.49962018511741
STU_016903,77.66048848745824
STU_016904,80.17527333072353
STU_016905,78.58701793122266
STU_016906,69.36189891116831
STU_016907,82.25842803449666
STU_016908,67.84425948263014
STU_016909,83.99033741302182
STU_016910,70.96587831837896
STU_016911,72.33956750222028
STU_016912,70.21660731357464
STU_016913,60.40464702387616
STU_016914,89.78104869090491
STU_016915,88.09854054681117
STU_016916,76.45630207008685
STU_016917,83.57037822870413
STU_016918,49.30618114629283
STU_016919,69.64066448362837
STU_016920,69.69799620173617
STU_016921,74.22903574098133
STU_016922,72.1338497740404
STU_016923,86.16819691464575
STU_016924,55.96253051866236
STU_016925,76.81467231650845
STU_016926,80.08885497120474
STU_016927,61.35970640063531
STU_016928,87.942149933999
STU_016929,66.0606091346446
STU_016930,97.60834759692273
STU_016931,49.391816907110936
STU_016932,89.37084524425872
STU_016933,85.31035928744079
STU_016934,65.42807895435391
STU_016935,74.89399562162609
STU_016936,70.72537363912312
STU_016937,71.5721467925702
STU_016938,87.82662446698237
STU_016939,95.59702107705535
STU_016940,92.78195159486906
STU_016941,60.601246600056854
STU_016942,82.5188683943386
STU_016943,75.94751045795587
STU_016944,84.28022777798613
STU_016945,89.69280458396436
STU_016946,86.48368385685204
STU_016947,72.97630126351444
STU_016948,78.31154874585683
STU_016949,63.39709660643681
STU_016950,67.44861130417718
STU_016951,96.28511599241999
STU_016952,58.61503560169625
STU_016953,61.174037827713896
STU_016954,70.11866842675518
STU_016955,83.40558103470198
STU_016956,85.73088475264427
STU_016957,64.28525676073671
STU_016958,79.89287807094142
STU_016959,95.75964166915799
STU_016960,78.22715123067186
STU_016961,64.5005624703046
STU_016962,71.34777138237689
STU_016963,96.14821625082115
STU_016964,89.48682011854707
STU_016965,85.6321837101347
STU_016966,72.40026522983268
STU_016967,90.29691822821465
STU_016968,97.39696919036012
STU_016969,64.0217916795989
STU_016970,74.38231810869254
STU_016971,64.85977198332004
STU_016972,96.6996600157
STU_016973,65.41951776552771
STU_016974,75.37524828177601
STU_016975,59.910367057419826
STU_016976,70.36149616105772
STU_016977,90.74212763536654
STU_016978,68.06788785483018
STU_016979,61.52592520954205
STU_016980,84.34354430134758
STU_016981,60.702390068960405
STU_016982,74.7885527443967
STU_016983,61.6604797151683
STU_016984,68.17153599345816
STU_016985,99.06436502825812
STU_016986,86.92086698073231
STU_016987,80.5064708758061
STU_016988,72.30426349682058
STU_016989,90.08324312471575
STU_016990,74.00483588625721
STU_016991,64.36550504034813
STU_016992,83.73180848725414
STU_016993,75.90008653873873
STU_016994,62.694442033933925
STU_016995,66.9991469685897
STU_016996,95.17240325400668
STU_016997,77.31705929216585
STU_016998,89.85737943843905
STU_016999,96.14574137002545
STU_017000,84.71271532077427
STU_017001,91.7833215168792
STU_017002,93.16004186834677
STU_017003,96.15781988979928
STU_017004,66.01114430963432
STU_017005,88.61138387705526
STU_017006,88.58480744883583
STU_017007,82.3008251159752
STU_017008,81.01109338725038
STU_017009,85.75556179518678
STU_017010,75.07399779505847
STU_017011,53.2250056502336
STU_017012,58.467329082305575
STU_017013,99.92679214477539
STU_017014,78.79243424463203
STU_017015,81.11177837422011
STU_017016,92.11660203828335
STU_017017,65.46421808197027
STU_017018,74.01064653695637
STU_017019,57.078737808023504
STU_017020,68.88623474019171
STU_017021,81.58649483420187
STU_017022,70.0266031978125
STU_017023,66.46653131798642
STU_017024,62.4628394253227
STU_017025,65.48651035524361
STU_017026,75.26183144101796
STU_017027,79.23317605937672
STU_017028,72.98651712186971
STU_017029,88.15208401781746
STU_017030,85.1264088504527
STU_017031,57.477347499309424
STU_017032,92.32631862567104
STU_017033,89.62314129662536
STU_017034,73.38074652705703
STU_017035,71.01636428785415
STU_017036,86.6204240828814
STU_017037,95.43450770461195
STU_017038,95.30876381729259
STU_017039,88.63156735696957
STU_017040,96.37268378613982
STU_017041,60.99976523790822
STU_017042,88.74485270095104
STU_017043,73.01001018018707
STU_017044,95.42908969547845
STU_017045,85.14661543831573
STU_017046,81.9071048925876
STU_017047,97.16774413528755
STU_017048,68.78788079602117
STU_017049,82.29728812199306
STU_017050,65.5470619995452
STU_017051,75.17384138316648
STU_017052,97.24864821273354
STU_017053,78.16862132963739
STU_017054,89.41248289242785
STU_017055,82.94215103476259
STU_017056,78.69453031760702
STU_017057,91.36104937952078
STU_017058,75.61565263524406
STU_017059,60.590376144613145
STU_017060,66.4368270655541
STU_017061,95.76301180102213
STU_017062,62.491570380051236
STU_017063,74.77885159558787
STU_017064,65.10627373344693
STU_017065,94.8157212200367
STU_017066,64.251917429298
STU_017067,96.6896001343279
STU_017068,66.44446684157224
STU_017069,77.02821945728452
STU_017070,79.4255193056825
STU_017071,80.50091905982539
STU_017072,76.54539617731422
STU_017073,91.8413068648476
STU_017074,84.87194057200844
STU_017075,90.29127064829522
STU_017076,59.641324096167544
STU_017077,92.52156527642971
STU_017078,65.88298023654224
STU_017079,61.75643838723231
STU_017080,56.13144830403478
STU_017081,74.89012025754852
STU_017082,85.01460282966202
STU_017083,66.78588475204637
STU_017084,52.27715904064714
STU_017085,70.07558037374596
STU_017086,85.30837998899237
STU_017087,67.75196939852263
STU_017088,89.53368923883426
STU_017089,60.943481543730684
STU_017090,83.23016269858148
STU_017091,66.87280699801556
STU_017092,92.05593883433156
STU_017093,53.13387651728324
STU_017094,81.89817996578108
STU_017095,55.5630086434824
STU_017096,63.8432583874077
STU_017097,68.43312571996766
STU_017098,47.943704790746665
STU_017099,73.38996772954388
STU_017100,86.86412629882413
STU_017101,81.0569474440804
STU_017102,74.07305952090253
STU_017103,77.66385932733877
STU_017104,83.92050987052058
STU_017105,68.20998184537413
STU_017106,60.73040464398144
STU_017107,50.06055614207259
STU_017108,85.95583725582496
STU_017109,70.27807460938561
STU_017110,66.8029007556215
STU_017111,85.27640126418628
STU_017112,84.57428061544648
STU_017113,58.43850174039602
STU_017114,74.12608656486447
STU_017115,79.19203617452698
STU_017116,99.62300582226584
STU_017117,51.6676354548582
STU_017118,85.36403490538902
STU_017119,82.9268580383791
STU_017120,82.06144574050622
STU_017121,71.50584935609831
STU_017122,98.98461164201873
STU_017123,61.343467618766205
STU_017124,70.58883225488825
STU_017125,70.3010899886111
STU_017126,81.55213439957963
STU_017127,57.81164723227412
STU_017128,68.78320792197542
STU_017129,62.83637200997399
STU_017130,76.74846004982018
STU_017131,72.89209304607047
STU_017132,72.76146233901481
STU_017133,78.46578147758851
STU_017134,97.05469175488957
STU_017135,59.01038016344761
STU_017136,80.48856219064609
STU_017137,61.98538351568779
STU_017138,78.1720377342135
STU_017139,91.76383438074392
STU_017140,76.9895480940195
STU_017141,90.90439047363189
STU_017142,90.87235933605085
STU_017143,53.170627708655445
STU_017144,88.68127295397235
STU_017145,89.57031332939673
STU_017146,91.4487644848374
STU_017147,95.08450731922981
STU_017148,69.61896630434389
STU_017149,64.19741424963557
STU_017150,59.03107313720274
STU_017151,81.15788703210009
STU_017152,78.47710551292722
STU_017153,86.44491010638231
STU_017154,81.80149041474506
STU_017155,56.47415333085271
STU_017156,62.39786721729351
STU_017157,71.25302652686543
STU_017158,91.46732813020137
STU_017159,63.69644275833732
STU_017160,53.10151165378585
STU_017161,80.64475580017445
STU_017162,71.75739867562794
STU_017163,75.11383968380574
STU_017164,91.10102790983518
STU_017165,63.693639970888825
STU_017166,72.63904548951633
STU_017167,68.09524473815748
STU_017168,74.69718135414854
STU_017169,91.71472290300088
STU_017170,84.46528343327954
STU_017171,93.89987036981304
STU_017172,70.85293784023607
STU_017173,58.48173635679754
STU_017174,58.27444597785128
STU_017175,99.93040618896484
STU_017176,82.4826081010496
STU_017177,73.28238974569236
STU_017178,85.91114419822188
STU_017179,86.90022470795273
STU_017180,76.19411812863396
STU_017181,82.8036029495386
STU_017182,66.9048370964899
STU_017183,94.24036349410939
STU_017184,84.30538588795386
STU_017185,94.12953204847999
STU_017186,67.10563582536116
STU_017187,87.50274235267604
STU_017188,74.57467984779743
STU_017189,57.0009868761564
STU_017190,91.82943996546834
STU_017191,68.57145827921865
STU_017192,65.15300137619272
STU_017193,58.286431018568884
STU_017194,88.94833101363375
STU_017195,70.77859934699102
STU_017196,79.28727787625914
STU_017197,79.8037178685437
STU_017198,69.47326539327577
STU_017199,74.9090870863304
STU_017200,60.8905780572643
STU_017201,70.08919590115366
STU_017202,85.26897099913214
STU_017203,70.05065600066283
STU_017204,63.53549403962167
STU_017205,89.30093629488229
STU_017206,77.1285612842223
STU_017207,98.18082133460213
STU_017208,61.07674917580978
STU_017209,62.405580860947246
STU_017210,39.56379568451334
STU_017211,80.5185382720522
STU_017212,91.77175515316664
STU_017213,84.94226740943706
STU_017214,83.04994084289291
STU_017215,65.11620617723969
STU_017216,65.16450279968083
STU_017217,99.7748779296875
STU_017218,69.26966152905122
STU_017219,95.66348796157484
STU_017220,77.49516688769731
STU_017221,67.77318293108618
STU_017222,71.33946154245885
STU_017223,68.82682635725246
STU_017224,85.55346690541172
STU_017225,89.61866377280454
STU_017226,74.80385029276368
STU_017227,68.46546507526848
STU_017228,81.29532157328659
STU_017229,65.28327919635463
STU_017230,91.25719370227893
STU_017231,72.22055908703076
STU_017232,64.49912655206249
STU_017233,71.97523235122314
STU_017234,85.40344694629503
STU_017235,76.9297916616435
STU_017236,60.28825002086573
STU_017237,93.78065514924074
STU_017238,78.23013943748823
STU_017239,54.99565656484161
STU_017240,92.69624042742663
STU_017241,70.18703087223005
STU_017242,48.23285820206971
STU_017243,86.05860423086143
STU_017244,76.70331997583877
STU_017245,84.80325150829657
STU_017246,83.90181514417034
STU_017247,56.92091383820861
STU_017248,69.23811837185778
STU_017249,63.20739182583836
STU_017250,57.8170066701374
STU_017251,87.43911179506532
STU_017252,60.87193648799466
STU_017253,84.93102256441284
STU_017254,49.508283887699214
STU_017255,54.80381868265963
STU_017256,49.49716164856927
STU_017257,80.26306205350268
STU_017258,76.36567204943992
STU_017259,70.4209159180649
STU_017260,68.22519590281479
STU_017261,58.152145480291445
STU_017262,71.44720064110822
STU_017263,78.35730026266681
STU_017264,65.39459977730782
STU_017265,88.32825939976786
STU_017266,55.85826411681746
STU_017267,68.61732899226142
STU_017268,68.39520760094086
STU_017269,66.50698304736112
STU_017270,75.19170951359537
STU_017271,76.01051210734225
STU_017272,62.44258904084301
STU_017273,85.4040303202008
STU_017274,84.37154664768536
STU_017275,68.36134315844163
STU_017276,58.76997746667657
STU_017277,80.24922769822341
STU_017278,90.34070556177491
STU_017279,73.47081865804446
STU_017280,82.67211633641863
STU_017281,68.91818090811563
STU_017282,72.23887657408461
STU_017283,79.68559483053717
STU_017284,85.06341623695718
STU_017285,83.15212148631056
STU_017286,69.51387938417083
STU_017287,63.068012474624815
STU_017288,65.58319037521638
STU_017289,76.11447172378783
STU_017290,89.683996664568
STU_017291,81.01477927814592
STU_017292,62.76837019993205
STU_017293,69.8005524857478
STU_017294,67.61398795164581
STU_017295,71.45716664776094
STU_017296,75.88257640700301
STU_017297,92.93514210795654
STU_017298,64.01490301157698
STU_017299,70.26721457539588
STU_017300,54.85727947603414
STU_017301,59.41180665496669
STU_017302,75.0808598409001
STU_017303,94.1709690473924
STU_017304,86.71436613175554
STU_017305,79.32509116421114
STU_017306,84.24087811550353
STU_017307,99.37510116272757
STU_017308,93.66376349588742
STU_017309,86.72911753493987
STU_017310,62.42573474376016
STU_017311,74.00435097981061
STU_017312,73.19031457714759
STU_017313,85.85081589457302
STU_017314,77.95008080944262
STU_017315,82.60963797537735
STU_017316,73.08071534625381
STU_017317,79.61923628478091
STU_017318,43.10919328802436
STU_017319,67.61907637290278
STU_017320,87.71435818543037
STU_017321,85.69619872222192
STU_017322,74.29384407074797
STU_017323,77.93257307088626
STU_017324,88.7786304088311
STU_017325,81.601185055124
STU_017326,72.57087134577273
STU_017327,88.08959431870245
STU_017328,78.30477991359696
STU_017329,43.6254237747643
STU_017330,90.83265471892588
STU_017331,81.68899927444313
STU_017332,67.48767164353355
STU_017333,71.52355600063223
STU_017334,82.72263113618098
STU_017335,82.30232877257905
STU_017336,63.863778745037024
STU_017337,77.88784001376207
STU_017338,80.0932922908357
STU_017339,93.39790227876512
STU_017340,78.73291576951125
STU_017341,88.02397470884374
STU_017342,64.41522127782571
STU_017343,82.47870882728259
STU_017344,67.38751488316358
STU_017345,68.6849364170503
STU_017346,63.84423599008974
STU_017347,92.43543274502821
STU_017348,75.1669030772632
STU_017349,81.01127839693658
STU_017350,56.60208309002065
STU_017351,61.16659057254373
STU_017352,56.346293164862196
STU_017353,61.040619157972614
STU_017354,85.21024060732358
STU_017355,58.99276167934085
STU_017356,68.14181883416288
STU_017357,60.12058670282313
STU_017358,64.91921724166843
STU_017359,86.08371765029648
STU_017360,99.03407132879126
STU_017361,97.32863876924122
STU_017362,64.71729633061013
STU_017363,83.4862251629365
STU_017364,86.34343179721006
STU_017365,81.5361276224195
STU_017366,90.12562736418454
STU_017367,99.26676635742187
STU_017368,62.50142789933788
STU_017369,57.558618775315935
STU_017370,79.9801440160518
STU_017371,86.23208603861289
STU_017372,86.18158382648055
STU_017373,63.64887129375202
STU_017374,52.25035493745757
STU_017375,85.01507652449762
STU_017376,72.35355566999677
STU_017377,68.38071659193969
STU_017378,85.37243698923818
STU_017379,67.82397062066687
STU_017380,61.42882432089253
STU_017381,58.628708659141914
STU_017382,85.98836780709883
STU_017383,80.03877345128964
STU_017384,67.54007772525239
STU_017385,72.98559927508181
STU_017386,74.53203307753232
STU_017387,82.98146339633385
STU_017388,67.44395870255646
STU_017389,81.92113848401648
STU_017390,76.05547862618347
STU_017391,77.64457705274026
STU_017392,69.24855232037731
STU_017393,67.44312736902974
STU_017394,72.9667559407623
STU_017395,59.75485565220869
STU_017396,80.73634595504983
STU_017397,75.10397647540748
STU_017398,80.85800554837553
STU_017399,88.74869856783297
STU_017400,44.52593969879592
STU_017401,46.17902169572914
STU_017402,93.33220405030129
STU_017403,63.00308087133176
STU_017404,79.09050692237011
STU_017405,59.71146826933832
STU_017406,65.99325310633363
STU_017407,64.37520274402638
STU_017408,81.30494180599372
STU_017409,79.36742842444268
STU_017410,73.74501493274414
STU_017411,61.446176345092
STU_017412,79.10863981794037
STU_017413,82.72577756186868
STU_017414,85.06198610101661
STU_017415,54.38843113023718
STU_017416,62.82373939255332
STU_017417,75.70286696925551
STU_017418,87.15776805048746
STU_017419,69.21080627224757
STU_017420,80.82847061529874
STU_017421,82.78362974123634
STU_017422,80.58409556755375
STU_017423,72.06086170332554
STU_017424,57.76915387894816
STU_017425,75.38357989881588
STU_017426,65.19312505407218
STU_017427,75.75765999059315
STU_017428,71.82498929050651
STU_017429,59.52635901640375
STU_017430,99.05483528420679
STU_017431,70.19340729140659
STU_017432,95.89154640365138
STU_017433,83.25331392915487
STU_017434,72.63666520868834
STU_017435,81.59699572710265
STU_017436,71.00609306641967
STU_017437,84.99778431925651
STU_017438,98.95341718335996
STU_017439,60.343091787396325
STU_017440,86.92328662745257
STU_017441,56.757870937161066
STU_017442,81.41145611489202
STU_017443,86.7387157311031
STU_017444,75.74773929740945
STU_017445,94.65397063004124
STU_017446,86.27885522371469
STU_017447,66.28326032800055
STU_017448,76.62039539764083
STU_017449,85.17407233518078
STU_017450,81.97839876707245
STU_017451,72.41023949924785
STU_017452,77.99480693573746
STU_017453,88.84309269530655
STU_017454,58.08776939824657
STU_017455,88.07567871343817
STU_017456,76.83657671707911
STU_017457,67.30245768493035
STU_017458,64.51924279576167
STU_017459,83.26760332280307
STU_017460,68.85755332469235
STU_017461,87.98722038186942
STU_017462,79.24882193784806
STU_017463,91.13582633266255
STU_017464,73.18923822238551
STU_017465,82.40324205913716
STU_017466,72.6084326482435
STU_017467,55.45537204345775
STU_017468,84.2405173985555
STU_017469,95.67235681051525
STU_017470,91.1912385612079
STU_017471,84.17759506095317
STU_017472,69.45428265266452
STU_017473,98.41786559857627
STU_017474,37.604410302048635
STU_017475,59.75254577614417
STU_017476,73.06966526263639
STU_017477,63.91299773662302
STU_017478,56.63339071937186
STU_017479,80.64328939805493
STU_017480,98.80861110619449
STU_017481,90.89923789239181
STU_017482,81.4718242780868
STU_017483,85.88192343891394
STU_017484,84.86087956272931
STU_017485,88.78806995527366
STU_017486,72.06652605450535
STU_017487,85.91967209337976
STU_017488,55.96310278278499
STU_017489,59.16735554713014
STU_017490,95.48214067318845
STU_017491,69.22929381067809
STU_017492,58.99959146011648
STU_017493,78.64130907365187
STU_017494,73.3485424926172
STU_017495,53.837205318017475
STU_017496,82.44220197442016
STU_017497,90.19675247483602
STU_017498,59.55264366044355
STU_017499,86.83480926743556
STU_017500,86.49416517310945
STU_017501,79.65825502036853
STU_017502,87.40887842809691
STU_017503,69.49246714684318
STU_017504,81.09566118169283
STU_017505,85.05331966383001
STU_017506,77.65575088774622
STU_017507,55.63571091650777
STU_017508,65.38065201039795
STU_017509,83.61137259033646
STU_017510,97.74171903736762
STU_017511,73.84125270093061
STU_017512,68.3153550826777
STU_017513,75.92889623080067
STU_017514,73.21334440762925
STU_017515,78.09447168077422
STU_017516,96.7668368418793
STU_017517,81.34962694559539
STU_017518,82.08234683243847
STU_017519,87.44117120527055
STU_017520,99.2235212518266
STU_017521,60.60884163344498
STU_017522,80.1516524310377
STU_017523,77.79825469535359
STU_017524,59.244423255525476
STU_017525,69.17911749341692
STU_017526,80.6794122234416
STU_017527,74.66675218019553
STU_017528,71.86852445388375
STU_017529,99.53097259412844
STU_017530,83.83371197545648
STU_017531,94.18751644397565
STU_017532,61.326465549074534
STU_017533,63.96068348748848
STU_017534,57.53230197324578
STU_017535,75.40098599354779
STU_017536,85.30646955142517
STU_017537,96.30230598774354
STU_017538,92.01277267461398
STU_017539,71.86613606542328
STU_017540,92.70980627473155
STU_017541,54.3604931575581
STU_017542,72.4296364827181
STU_017543,80.13433865479354
STU_017544,94.6090580624514
STU_017545,68.22326422224504
STU_017546,68.87602021999561
STU_017547,95.10787975104657
STU_017548,79.41050690616137
STU_017549,99.28879766330768
STU_017550,74.90586655870267
STU_017551,96.40131726322034
STU_017552,51.26245131725224
STU_017553,82.75309365885107
STU_017554,58.16980767557978
STU_017555,68.76837853050235
STU_017556,65.80265429883056
STU_017557,53.893399707939935
STU_017558,52.48428686620007
STU_017559,83.7150478626793
STU_017560,71.54349644048857
STU_017561,96.78116585610907
STU_017562,59.28649427434668
STU_017563,64.94572146120758
STU_017564,69.9459560385074
STU_017565,67.46345405653382
STU_017566,85.36117359836014
STU_017567,65.81817003253221
STU_017568,69.78588555347167
STU_017569,70.8942405433719
STU_017570,97.27297028280124
STU_017571,92.8498352236937
STU_017572,83.58378781288577
STU_017573,72.87015104909563
STU_017574,82.78836173730889
STU_017575,91.74214476438884
STU_017576,93.83110848484185
STU_017577,65.19149616911733
STU_017578,78.41044619111518
STU_017579,75.89196310431821
STU_017580,78.41083552834239
STU_017581,73.22199254593883
STU_017582,77.09264310243114
STU_017583,88.37713450094748
STU_017584,61.72752380491801
STU_017585,52.13134698059832
STU_017586,83.6219615852254
STU_017587,63.16176443794335
STU_017588,67.95127695882015
STU_017589,94.13488970862531
STU_017590,74.53094127150051
STU_017591,86.44849692188197
STU_017592,67.77931335805596
STU_017593,59.55597017430869
STU_017594,55.412865570070394
STU_017595,90.31906153058833
STU_017596,72.07848067566302
STU_017597,93.89023955370106
STU_017598,46.62011955592782
STU_017599,64.89123676716149
STU_017600,80.20695576784414
STU_017601,67.61089137224182
STU_017602,69.10449455048938
STU_017603,87.72939385206642
STU_017604,83.69327341532384
STU_017605,68.862166747967
STU_017606,93.95258074282589
STU_017607,75.4374447500156
STU_017608,94.90210677044398
STU_017609,78.38809822433878
STU_017610,74.48771374734072
STU_017611,73.6976973568957
STU_017612,97.47290292272461
STU_017613,77.18996179919421
STU_017614,87.86940614786154
STU_017615,65.57004524620201
STU_017616,85.45278939464272
STU_017617,90.83540127802745
STU_017618,45.95872987639471
STU_017619,63.63014900013557
STU_017620,77.21617689321
STU_017621,82.15769363152754
STU_017622,98.21747384623916
STU_017623,55.50358373853086
STU_017624,67.65511935443688
STU_017625,67.97392821727843
STU_017626,55.933735734598585
STU_017627,60.59473214379145
STU_017628,74.71446899893077
STU_017629,71.2262034031623
STU_017630,60.39639139656201
STU_017631,51.81175047292123
STU_017632,78.83850879325914
STU_017633,71.17212438366556
STU_017634,79.63934421349074
STU_017635,75.29991991148124
STU_017636,70.27178174245282
STU_017637,92.16879620888382
STU_017638,65.78119266956911
STU_017639,87.96536311007532
STU_017640,96.4618047725877
STU_017641,99.19692802112235
STU_017642,57.27912487485826
STU_017643,61.96195845333288
STU_017644,75.77752017596593
STU_017645,78.14649292735194
STU_017646,72.39847830322378
STU_017647,60.59927733412277
STU_017648,86.33228765421727
STU_017649,94.40267058266491
STU_017650,95.81337322436298
STU_017651,65.62532464125556
STU_017652,73.56594301998939
STU_017653,99.71373872005337
STU_017654,74.26812526804767
STU_017655,83.60384429651675
STU_017656,83.23617251563151
STU_017657,52.46546795042209
STU_017658,72.21035435949125
STU_017659,99.83322830200196
STU_017660,76.97203091588945
STU_017661,78.24932575890168
STU_017662,64.42663541809857
STU_017663,77.79584010292136
STU_017664,80.20695685693356
STU_017665,71.93078287868195
STU_017666,74.3143383561278
STU_017667,72.41874208407114
STU_017668,77.27333182857232
STU_017669,72.50766037537869
STU_017670,47.82887722938379
STU_017671,68.4996787509583
STU_017672,59.062533470620544
STU_017673,73.62297761707111
STU_017674,70.02215605386321
STU_017675,67.90660384015261
STU_017676,69.99034437387645
STU_017677,80.1718326722489
STU_017678,81.74752234167806
STU_017679,88.72486618105235
STU_017680,62.51831341457966
STU_017681,81.21648318297699
STU_017682,68.99989139018192
STU_017683,74.04374471541487
STU_017684,83.36560818616266
STU_017685,70.25716323184129
STU_017686,65.33783024090758
STU_017687,72.3158988825475
STU_017688,72.50400443172526
STU_017689,87.62792341494306
STU_017690,66.28310450950106
STU_017691,70.8815741869055
STU_017692,73.60131741040517
STU_017693,71.42261502690688
STU_017694,80.10848730468018
STU_017695,96.13801915816958
STU_017696,85.82670252530461
STU_017697,43.20538401718739
STU_017698,53.341749701302945
STU_017699,93.76314673286223
STU_017700,54.70199112064833
STU_017701,55.48316712860729
STU_017702,89.09593641919123
STU_017703,84.9849061769509
STU_017704,63.45587440031897
STU_017705,59.87477184979035
STU_017706,78.62326986769169
STU_017707,54.555782840298065
STU_017708,96.57411461447695
STU_017709,88.6415334964406
STU_017710,82.03396807781623
STU_017711,99.80576248168946
STU_017712,68.41879142791359
STU_017713,67.54355335030642
STU_017714,83.15291242399105
STU_017715,75.91911116438159
STU_017716,60.92764698152086
STU_017717,74.06451865973706
STU_017718,94.3712989167189
STU_017719,69.08927818177615
STU_017720,73.0570747822692
STU_017721,77.8443493157814
STU_017722,99.75123138427735
STU_017723,70.54503791949074
STU_017724,72.1485437474047
STU_017725,88.81431079454833
STU_017726,92.20805085818459
STU_017727,79.65579179742844
STU_017728,82.10412609105083
STU_017729,68.98971823008509
STU_017730,60.86110881591603
STU_017731,56.46329591339385
STU_017732,84.7102380345119
STU_017733,64.69226184939751
STU_017734,70.2618878550322
STU_017735,63.46801722369896
STU_017736,70.82462535166596
STU_017737,63.541407507190826
STU_017738,92.82107968574984
STU_017739,87.12534835757164
STU_017740,74.96038702287804
STU_017741,84.6252902825607
STU_017742,80.8848362873726
STU_017743,84.96999748198682
STU_017744,82.91662028958771
STU_017745,84.98088979428114
STU_017746,83.9093434898293
STU_017747,69.41710949040079
STU_017748,70.29170119642573
STU_017749,63.82381262427876
STU_017750,83.30266901113143
STU_017751,80.80155610001091
STU_017752,81.20872735173295
STU_017753,96.77992234501274
STU_017754,90.35188515224502
STU_017755,87.15062138568273
STU_017756,81.07106437800401
STU_017757,52.610515365357266
STU_017758,65.31624418989564
STU_017759,78.64002812372053
STU_017760,96.4655775690782
STU_017761,64.68913388954394
STU_017762,99.8006088256836
STU_017763,95.37200706922887
STU_017764,51.51861902958065
STU_017765,91.6207637335361
STU_017766,75.98453988134386
STU_017767,64.04235046604768
STU_017768,63.25441077745077
STU_017769,87.45520321453469
STU_017770,78.49004512404314
STU_017771,56.30205573954816
STU_017772,72.33679308904209
STU_017773,57.56037046885553
STU_017774,99.94830780029297
STU_017775,77.24318498482778
STU_017776,90.69816795398152
STU_017777,79.97202518363848
STU_017778,79.99133135643012
STU_017779,54.63051083446184
STU_017780,70.21239008087454
STU_017781,78.59928475441579
STU_017782,76.21413568205101
STU_017783,70.28696392245467
STU_017784,76.34983517785966
STU_017785,90.82817039650843
STU_017786,76.77936321300085
STU_017787,82.51109885931085
STU_017788,75.02079676500854
STU_017789,85.41733657593821
STU_017790,58.65294434361107
STU_017791,92.82091268292925
STU_017792,67.50413047435161
STU_017793,77.41357575214722
STU_017794,65.36483075442437
STU_017795,71.48865817600878
STU_017796,79.26054435393762
STU_017797,84.59060188275511
STU_017798,91.00730820268777
STU_017799,97.64723576581193
STU_017800,85.96873659957639
STU_017801,73.29181180627057
STU_017802,95.79675556867379
STU_017803,63.73229788846066
STU_017804,77.70843468194788
STU_017805,72.29699482319892
STU_017806,66.57080065950393
STU_017807,93.90467817266841
STU_017808,65.13562199156566
STU_017809,89.76200670196546
STU_017810,99.15317230224609
STU_017811,73.49748116438022
STU_017812,78.55912606393576
STU_017813,79.20001385831415
STU_017814,67.26069427915895
STU_017815,66.55638998621596
STU_017816,60.753630399839736
STU_017817,54.630733336303656
STU_017818,92.01718135016034
STU_017819,87.3537337262783
STU_017820,81.1746799282236
STU_017821,71.21957007401248
STU_017822,87.99324273731045
STU_017823,94.41215936686437
STU_017824,55.839716881907606
STU_017825,76.03712061828838
STU_017826,83.82208145983078
STU_017827,85.0132509032312
STU_017828,58.611218373190866
STU_017829,68.01780811578396
STU_017830,67.34714755694749
STU_017831,90.39901504687853
STU_017832,86.37662593673275
STU_017833,58.45258145155654
STU_017834,77.42291627307971
STU_017835,71.95412761370265
STU_017836,77.1504548880027
STU_017837,67.82712773328119
STU_017838,66.33149694075327
STU_017839,92.2297650355237
STU_017840,74.0413136372354
STU_017841,96.11483981526823
STU_017842,77.0071321652714
STU_017843,83.75369072617957
STU_017844,68.2458465439559
STU_017845,92.79235917978451
STU_017846,93.0312413806541
STU_017847,49.860937807735866
STU_017848,63.42872338511949
STU_017849,57.90996230586995
STU_017850,68.96449018280578
STU_017851,60.98506559650647
STU_017852,88.67008513404895
STU_017853,74.3497285043265
STU_017854,98.8679790808711
STU_017855,51.72312573436256
STU_017856,81.63253401579124
STU_017857,80.00788042261891
STU_017858,76.01329798950212
STU_017859,66.5851157378801
STU_017860,80.92353860902591
STU_017861,83.35477318808451
STU_017862,68.64878105329223
STU_017863,87.78293841579824
STU_017864,77.90893579225727
STU_017865,69.44576574803574
STU_017866,76.33833816095854
STU_017867,64.38968174969148
STU_017868,94.78660026916192
STU_017869,63.65642412729867
STU_017870,81.61991347098942
STU_017871,96.74854368181963
STU_017872,69.159324718109
STU_017873,92.17776933631791
STU_017874,78.93158538532496
STU_017875,71.26944375423419
STU_017876,65.2884462699929
STU_017877,53.26026657984627
STU_017878,91.19414662868724
STU_017879,56.79652374839992
STU_017880,93.73917250881519
STU_017881,73.17887434537153
STU_017882,71.6132983866658
STU_017883,93.14297077214182
STU_017884,63.11517867651129
STU_017885,70.78582984689982
STU_017886,78.3282911335796
STU_017887,54.746266447846985
STU_017888,62.354679723880835
STU_017889,98.69508909245705
STU_017890,99.33887025361949
STU_017891,76.85752859032675
STU_017892,54.83067834194562
STU_017893,81.35275053051468
STU_017894,62.0129101498264
STU_017895,68.54664798081687
STU_017896,75.10023786187841
STU_017897,60.647505071332645
STU_017898,86.35700021296768
STU_017899,80.22615321955834
STU_017900,70.38614913776846
STU_017901,89.92376876103683
STU_017902,66.31860341795449
STU_017903,72.08336313736427
STU_017904,78.63788831929791
STU_017905,76.01908149327168
STU_017906,69.94316292596154
STU_017907,77.45860057583036
STU_017908,69.38282016657678
STU_017909,76.3584364921997
STU_017910,72.87789475949705
STU_017911,60.0992841334954
STU_017912,93.88390722662737
STU_017913,89.06699893387709
STU_017914,64.1925371586292
STU_017915,70.25265754754787
STU_017916,77.341750588072
STU_017917,79.75962406797234
STU_017918,81.36484005077253
STU_017919,88.81252517798909
STU_017920,78.71633507697159
STU_017921,80.9882023951285
STU_017922,76.30599190209192
STU_017923,69.53298373475731
STU_017924,71.64674103189209
STU_017925,68.2659221148381
STU_017926,75.50647268057179
STU_017927,99.11293697406953
STU_017928,83.31391203199134
STU_017929,84.8656938485513
STU_017930,77.16031914617056
STU_017931,62.352380693660855
STU_017932,98.51748231137518
STU_017933,94.85342388998204
STU_017934,90.63429905689635
STU_017935,81.3517733616102
STU_017936,54.303261880426206
STU_017937,86.90739857933713
STU_017938,65.83169742102464
STU_017939,86.55015564068339
STU_017940,73.7743270381144
STU_017941,73.03684370964837
STU_017942,70.21521121275458
STU_017943,54.852311240912044
STU_017944,62.75301162633706
STU_017945,84.04444656356513
STU_017946,61.01096152790515
STU_017947,61.17192815881691
STU_017948,82.29072670828072
STU_017949,57.29748202802248
STU_017950,55.66338081333717
STU_017951,65.105740367281
STU_017952,89.47031011767119
STU_017953,73.42538982872996
STU_017954,97.42139165256874
STU_017955,66.20873362106354
STU_017956,69.32392918342003
STU_017957,65.00391182880165
STU_017958,50.54036900002885
STU_017959,86.59051432651975
STU_017960,83.53367243189112
STU_017961,93.0017790384242
STU_017962,58.53344261688565
STU_017963,62.53346431093249
STU_017964,48.85748340572021
STU_017965,97.45897414705735
STU_017966,76.70921483216863
STU_017967,77.80084868593339
STU_017968,98.7162100915191
STU_017969,75.07504282865692
STU_017970,53.83664687449063
STU_017971,60.249347558240856
STU_017972,69.88415344875165
STU_017973,65.83478414430505
STU_017974,81.29261925600444
STU_017975,66.73666920996773
STU_017976,70.71887487273747
STU_017977,88.82693165737491
STU_017978,69.96300172366263
STU_017979,73.05699485882023
STU_017980,61.85976248361188
STU_017981,95.05515355269935
STU_017982,68.85591270302564
STU_017983,79.28330771712585
STU_017984,68.61714316275854
STU_017985,64.23084455151644
STU_017986,65.9719520291631
STU_017987,82.05111224844009
STU_017988,62.71202648451023
STU_017989,77.54690751222029
STU_017990,72.56369305169432
STU_017991,77.99719610566135
STU_017992,49.91868513302596
STU_017993,99.36976219879197
STU_017994,90.10432744501696
STU_017995,77.1509952671242
STU_017996,60.016951955710596
STU_017997,77.90326330255174
STU_017998,83.92305129276383
STU_017999,87.59947192719089
STU_018000,96.04601021714385
STU_018001,77.69936242500377
STU_018002,53.94254045960584
STU_018003,70.6544818816105
STU_018004,74.27427512078019
STU_018005,76.16606533323417
STU_018006,70.6509135998932
STU_018007,98.36872119599843
STU_018008,89.41611768480307
STU_018009,82.93997503112007
STU_018010,80.22069670571442
STU_018011,85.84891823764755
STU_018012,69.89003697185922
STU_018013,83.12673297441313
STU_018014,72.79392422236496
STU_018015,78.15773308874057
STU_018016,82.27735566446682
STU_018017,77.56600746713576
STU_018018,97.29578463082768
STU_018019,64.76329557069157
STU_018020,78.78323194377728
STU_018021,70.56964280276648
STU_018022,94.44702240361717
STU_018023,81.54476555919933
STU_018024,47.81789447157016
STU_018025,77.48259973166934
STU_018026,71.07147356064199
STU_018027,80.72048457661643
STU_018028,98.8271105671424
STU_018029,69.1692721320461
STU_018030,88.60958450656598
STU_018031,89.87317338637385
STU_018032,69.3961542621216
STU_018033,92.1834683226564
STU_018034,75.37121251700573
STU_018035,93.6136850044528
STU_018036,76.62464760304094
STU_018037,45.86432755820573
STU_018038,65.90206257050575
STU_018039,82.36508920318002
STU_018040,75.768229114354
STU_018041,65.28536253021929
STU_018042,67.28994393714088
STU_018043,89.55465833374322
STU_018044,75.90049699438451
STU_018045,78.54022973856577
STU_018046,83.69151900823157
STU_018047,56.94256865366509
STU_018048,97.80858579558235
STU_018049,88.9104842132443
STU_018050,86.27428843639726
STU_018051,61.99022858942727
STU_018052,65.96084499946768
STU_018053,69.42723766919649
STU_018054,45.04905007280681
STU_018055,99.83221054077148
STU_018056,40.668826121610365
STU_018057,64.9334230203046
STU_018058,91.6924136955333
STU_018059,95.29712102714626
STU_018060,66.52686827744432
STU_018061,76.92162274612073
STU_018062,82.78327778442592
STU_018063,72.05166992445258
STU_018064,83.99449719716067
STU_018065,86.12394016716745
STU_018066,91.78981477041572
STU_018067,87.43992533598107
STU_018068,79.58476642741411
STU_018069,77.07847724909604
STU_018070,82.53492198408371
STU_018071,95.76606673994608
STU_018072,78.95178518556253
STU_018073,59.777120767475836
STU_018074,77.13545357001908
STU_018075,72.3542703826131
STU_018076,67.10806331268083
STU_018077,54.21834379311212
STU_018078,70.86736988758841
STU_018079,79.01854515101934
STU_018080,87.4544811213
STU_018081,75.06049536613585
STU_018082,77.57897742507159
STU_018083,96.45035236760859
STU_018084,64.44008338943738
STU_018085,71.24207711056962
STU_018086,88.86656815609456
STU_018087,71.825598187081
STU_018088,63.41651722569294
STU_018089,57.39333862270562
STU_018090,68.95271089759837
STU_018091,81.17709543443533
STU_018092,71.59175685497087
STU_018093,69.21497958993521
STU_018094,74.88260677427886
STU_018095,77.84377367317289
STU_018096,57.15314750767715
STU_018097,90.00465900574154
STU_018098,64.20391165973429
STU_018099,72.66668229744529
STU_018100,88.73465623953123
STU_018101,80.15705330334804
STU_018102,56.32431668602994
STU_018103,97.41716681266038
STU_018104,61.66233750894462
STU_018105,59.98704386752729
STU_018106,72.62244084897496
STU_018107,77.47341746061613
STU_018108,72.68810624857846
STU_018109,87.36384134570093
STU_018110,80.63258960907774
STU_018111,76.3631648854419
STU_018112,66.60156967048857
STU_018113,60.34179815090974
STU_018114,89.01934705233154
STU_018115,72.06307554094775
STU_018116,63.34596519474079
STU_018117,86.45608901981089
STU_018118,74.6363844459164
STU_018119,95.29538309231604
STU_018120,64.29699421532302
STU_018121,98.07825082303751
STU_018122,77.47712797510643
STU_018123,72.34244380094373
STU_018124,80.07800072845305
STU_018125,70.68352411358958
STU_018126,51.610945615476716
STU_018127,65.52881692627908
STU_018128,49.57615988579607
STU_018129,83.55604125406526
STU_018130,93.53911220095497
STU_018131,73.61245989406753
STU_018132,98.42807702102631
STU_018133,78.77313451044743
STU_018134,99.55506286621093
STU_018135,99.45471023494675
STU_018136,50.89181439874553
STU_018137,65.49772866447579
STU_018138,95.54060650579875
STU_018139,73.76484682134488
STU_018140,51.369970940661354
STU_018141,70.11644793639509
STU_018142,82.07129869840182
STU_018143,62.782166731314014
STU_018144,57.19287971060791
STU_018145,73.91245960443004
STU_018146,53.28816165988399
STU_018147,89.35472697978192
STU_018148,75.02201431177501
STU_018149,64.97277807207448
STU_018150,79.94309150967923
STU_018151,66.85781800395529
STU_018152,57.86688508754759
STU_018153,81.01808130258054
STU_018154,68.27589731872777
STU_018155,93.01276141302355
STU_018156,98.88622126576006
STU_018157,51.3975486317449
STU_018158,65.36151426716008
STU_018159,70.75829963155468
STU_018160,69.27818522070828
STU_018161,86.48467818382973
STU_018162,62.197539013760135
STU_018163,98.64287539682432
STU_018164,73.82495698409816
STU_018165,56.16314192420349
STU_018166,81.66966721235424
STU_018167,71.7045845480707
STU_018168,79.92955151925638
STU_018169,64.52329653777691
STU_018170,50.94756699046216
STU_018171,63.880085778510725
STU_018172,83.04218918395732
STU_018173,66.82375966396282
STU_018174,82.69286856027328
STU_018175,73.98189156435596
STU_018176,80.32128978110472
STU_018177,77.21004906557145
STU_018178,73.27691315682647
STU_018179,67.81997850740532
STU_018180,90.9991668000962
STU_018181,78.19284535194305
STU_018182,73.20349431032318
STU_018183,79.55883952353888
STU_018184,64.80060864474153
STU_018185,62.77700451942441
STU_018186,93.17673540833545
STU_018187,63.682639679284726
STU_018188,86.2012083462188
STU_018189,71.94912268201384
STU_018190,69.53560360887666
STU_018191,76.92954197984704
STU_018192,74.35476409732641
STU_018193,74.735127923129
STU_018194,77.22941528629313
STU_018195,83.01764242819188
STU_018196,59.04048291502497
STU_018197,90.81536674129799
STU_018198,76.80921686249908
STU_018199,77.5622103163629
STU_018200,85.08905646052517
STU_018201,72.32059234897699
STU_018202,44.75284220042505
STU_018203,78.15663369284961
STU_018204,77.89868651652246
STU_018205,67.90682889125821
STU_018206,72.0434510447223
STU_018207,77.86730739625679
STU_018208,80.3927458109423
STU_018209,56.614924253409214
STU_018210,83.7894248208827
STU_018211,98.14230771271849
STU_018212,71.18949893150176
STU_018213,54.3562654168469
STU_018214,79.49550419375208
STU_018215,75.50952269698033
STU_018216,77.30491280873179
STU_018217,56.81258968701773
STU_018218,73.92918879733206
STU_018219,83.97826513439679
STU_018220,79.86687289227464
STU_018221,96.23295602309466
STU_018222,91.93795196192646
STU_018223,82.56650333412885
STU_018224,85.05001382850804
STU_018225,74.4786660180612
STU_018226,76.25145608970978
STU_018227,72.48184613200436
STU_018228,80.43216628252576
STU_018229,72.69520122785879
STU_018230,82.87390334300011
STU_018231,75.74577258944942
STU_018232,62.871870016453094
STU_018233,65.1836427334658
STU_018234,92.0730539441288
STU_018235,80.51940827394176
STU_018236,98.56291910953387
STU_018237,55.13962081888874
STU_018238,70.12614980141808
STU_018239,85.218589290713
STU_018240,56.592402134093554
STU_018241,92.69946294161515
STU_018242,71.36383502168098
STU_018243,79.55190597384991
STU_018244,93.16579780883903
STU_018245,68.62454138986138
STU_018246,69.45173323003772
STU_018247,55.827801933761734
STU_018248,76.18272541543776
STU_018249,70.03111789655388
STU_018250,73.48175893368843
STU_018251,70.95730594934776
STU_018252,88.15157677702301
STU_018253,55.07426261970985
STU_018254,86.49085059708902
STU_018255,73.87863289619642
STU_018256,94.63497424730332
STU_018257,76.51206096727505
STU_018258,81.71913969687041
STU_018259,82.64908144945139
STU_018260,81.17642101110243
STU_018261,70.8928486140301
STU_018262,56.465227861203154
STU_018263,77.06877977938547
STU_018264,83.99793706041058
STU_018265,80.41336367224001
STU_018266,89.43116791605289
STU_018267,73.05637624478308
STU_018268,79.30239098041514
STU_018269,70.2950453952022
STU_018270,66.83886961463857
STU_018271,70.15778270907975
STU_018272,48.58012725486894
STU_018273,97.77430098715217
STU_018274,64.20438363786528
STU_018275,84.85548306943659
STU_018276,84.23318457175353
STU_018277,82.21174294170804
STU_018278,76.04946344024306
STU_018279,54.38234705636796
STU_018280,84.1119519956919
STU_018281,97.47189191291277
STU_018282,76.94471393754671
STU_018283,62.50194172014724
STU_018284,69.16536567310541
STU_018285,92.64384445812698
STU_018286,67.69923339959698
STU_018287,89.26020098294975
STU_018288,67.57198940320112
STU_018289,87.16090829482613
STU_018290,68.75965275476439
STU_018291,70.38333639888836
STU_018292,79.46561005295382
STU_018293,72.92067904891053
STU_018294,82.59866886168129
STU_018295,50.492784122444476
STU_018296,89.8619371675311
STU_018297,77.52921597520131
STU_018298,97.92494062777952
STU_018299,60.41219684771498
STU_018300,85.63482950069216
STU_018301,62.12277089085163
STU_018302,65.58893574327168
STU_018303,98.82989605844519
STU_018304,63.37333453899245
STU_018305,57.23470408593651
STU_018306,61.19776984801578
STU_018307,77.21747329781984
STU_018308,83.68524575483255
STU_018309,68.37914690632414
STU_018310,90.66558048628055
STU_018311,68.53303808887554
STU_018312,70.55934795554333
STU_018313,83.34171739124675
STU_018314,72.42688840675788
STU_018315,94.77125827763193
STU_018316,69.27607495109754
STU_018317,90.8713426474699
STU_018318,58.35406894011203
STU_018319,57.66715003762272
STU_018320,88.71396131028312
STU_018321,89.67188995204859
STU_018322,76.99480731579742
STU_018323,99.55982513427735
STU_018324,58.396879351672695
STU_018325,78.04928267411644
STU_018326,78.95871906038069
STU_018327,81.49077596579072
STU_018328,73.49457947180737
STU_018329,71.41382394741275
STU_018330,50.034649668865995
STU_018331,85.80140096877146
STU_018332,93.7078548627404
STU_018333,60.26927613891468
STU_018334,86.41792014834984
STU_018335,57.34521035987846
STU_018336,79.67720212297594
STU_018337,67.3902214053345
STU_018338,70.33591780163765
STU_018339,82.11525046226494
STU_018340,85.01589947944343
STU_018341,66.93737333834902
STU_018342,59.78513540431805
STU_018343,59.87444301665929
STU_018344,89.57212490105216
STU_018345,71.60964072234253
STU_018346,68.50979077799362
STU_018347,74.2824237828409
STU_018348,99.32277309484807
STU_018349,78.82824398971934
STU_018350,84.52567377559026
STU_018351,75.14767733442517
STU_018352,84.83510047317968
STU_018353,81.96259446586792
STU_018354,97.8050155796035
STU_018355,69.30559623361769
STU_018356,72.18002489825676
STU_018357,69.63111837484928
STU_018358,77.74495453121645
STU_018359,99.87318617664141
STU_018360,89.91872282761433
STU_018361,47.786049751329905
STU_018362,73.96177858742166
STU_018363,49.49252464552687
STU_018364,90.92679329422216
STU_018365,94.92184684443401
STU_018366,62.56931687844736
STU_018367,85.66397243477266
STU_018368,64.18468679871167
STU_018369,81.61383850980133
STU_018370,58.99935679024128
STU_018371,90.14484487395816
STU_018372,83.47176701252702
STU_018373,61.17693549931909
STU_018374,72.99389923237597
STU_018375,68.6253567379421
STU_018376,81.9388003096481
STU_018377,91.22895029623793
STU_018378,93.68120511481908
STU_018379,54.904062221092445
STU_018380,84.4770425857083
STU_018381,74.92030522556952
STU_018382,92.36316095920401
STU_018383,86.88883671824001
STU_018384,65.64329756693978
STU_018385,97.23133765363366
STU_018386,74.79893471948016
STU_018387,83.26350073113385
STU_018388,94.1193822057114
STU_018389,62.93922366548131
STU_018390,53.48621173443864
STU_018391,71.82587412599429
STU_018392,99.7603515625
STU_018393,74.20436497671963
STU_018394,79.01782529856591
STU_018395,74.39114368639605
STU_018396,62.6417252646141
STU_018397,72.67292622612707
STU_018398,87.12000905119264
STU_018399,99.80726547241211
STU_018400,69.24267338937065
STU_018401,85.49970828328352
STU_018402,76.79082733845233
STU_018403,91.3371744649007
STU_018404,87.32991745399859
STU_018405,86.43679148071182
STU_018406,67.60053285155173
STU_018407,98.62233649279094
STU_018408,87.21066660956383
STU_018409,61.25766921949459
STU_018410,91.72160333906372
STU_018411,73.21913206860977
STU_018412,72.92985619410918
STU_018413,94.63944345364554
STU_018414,99.57706293133423
STU_018415,73.16240540877143
STU_018416,84.1507933271914
STU_018417,60.70238300642625
STU_018418,91.88581697755734
STU_018419,76.44405904820222
STU_018420,85.3500784109757
STU_018421,93.69445148778115
STU_018422,91.53049548360183
STU_018423,83.69769971615408
STU_018424,61.952337971419986
STU_018425,95.21840655606833
STU_018426,81.53665666864262
STU_018427,85.10336338039906
STU_018428,72.56845445616477
STU_018429,92.32195059395967
STU_018430,62.832783787113804
STU_018431,81.18712679542513
STU_018432,95.96675489081336
STU_018433,70.75528536192067
STU_018434,77.29431520818571
STU_018435,68.53970982610872
STU_018436,74.09707730398475
STU_018437,86.56326874201679
STU_018438,63.996580115837205
STU_018439,99.5212910896218
STU_018440,77.29187789867824
STU_018441,72.13798400495465
STU_018442,75.1625639337216
STU_018443,61.258732283574155
STU_018444,69.70904622435269
STU_018445,91.7232547625625
STU_018446,79.31249707710737
STU_018447,92.90345730740815
STU_018448,67.87405324323029
STU_018449,97.60156935940432
STU_018450,72.98652884647072
STU_018451,69.52642417071345
STU_018452,60.57014958608459
STU_018453,68.90071564351703
STU_018454,56.60033223232369
STU_018455,52.531808328931064
STU_018456,72.62619107175811
STU_018457,59.103880493465915
STU_018458,75.29942158785423
STU_018459,59.173739394775794
STU_018460,68.63544016627375
STU_018461,92.54017008951443
STU_018462,54.28618746905541
STU_018463,79.07440598921588
STU_018464,65.66620752887992
STU_018465,84.63713019362226
STU_018466,63.32398095575007
STU_018467,85.53979578927986
STU_018468,74.50110890052895
STU_018469,77.80872853525065
STU_018470,89.47640826270369
STU_018471,88.12745746540858
STU_018472,60.9029604320454
STU_018473,80.1127672250787
STU_018474,85.44817985566453
STU_018475,75.53176275598331
STU_018476,76.8640159864098
STU_018477,47.57805109973583
STU_018478,99.82295761108398
STU_018479,88.64500073317073
STU_018480,84.1630267728718
STU_018481,68.77786428671718
STU_018482,64.42975543038308
STU_018483,90.41840980187958
STU_018484,88.30048720980216
STU_018485,67.45325516334067
STU_018486,76.15498215564767
STU_018487,59.097149356494256
STU_018488,77.63489041562627
STU_018489,58.44887615905181
STU_018490,71.88663649142015
STU_018491,86.15625552650937
STU_018492,73.27369170274532
STU_018493,85.98879874882083
STU_018494,78.23944406460285
STU_018495,84.01772616785962
STU_018496,67.55337272022612
STU_018497,89.67537320826895
STU_018498,73.12479252846931
STU_018499,69.05196500069378
STU_018500,77.65365437043167
STU_018501,99.79293518066406
STU_018502,68.92602078295562
STU_018503,48.45885648842649
STU_018504,99.10619689046212
STU_018505,71.95631288306684
STU_018506,80.95920579504502
STU_018507,72.04851876014827
STU_018508,80.62721632091048
STU_018509,58.63620025400103
STU_018510,85.28590614268676
STU_018511,75.11261430193113
STU_018512,86.21368256623337
STU_018513,80.00174381427226
STU_018514,61.45688221624141
STU_018515,64.26344742322235
STU_018516,61.37284309558606
STU_018517,84.07140575950503
STU_018518,59.33292110487941
STU_018519,56.23306455741975
STU_018520,90.82067915097095
STU_018521,76.37355706833013
STU_018522,81.74820596916456
STU_018523,82.10028985826052
STU_018524,91.45828325336377
STU_018525,73.11972546524127
STU_018526,61.007441734174336
STU_018527,88.25303742731826
STU_018528,84.77876508379704
STU_018529,72.23147080077959
STU_018530,75.23233060025385
STU_018531,84.05338632511042
STU_018532,66.88976834552814
STU_018533,68.11228717944942
STU_018534,62.063232726187785
STU_018535,92.12367294094535
STU_018536,99.77050170898437
STU_018537,81.07672426307936
STU_018538,73.74185676427638
STU_018539,58.64271508467008
STU_018540,78.19699205279896
STU_018541,68.69524251446272
STU_018542,94.58235312364533
STU_018543,71.83096684223135
STU_018544,76.68822432003097
STU_018545,69.292999561528
STU_018546,95.51942194656094
STU_018547,73.48497627163201
STU_018548,91.98646063109487
STU_018549,87.07224159042455
STU_018550,79.60535012246821
STU_018551,72.3916311494807
STU_018552,62.92960320051529
STU_018553,64.37833897453297
STU_018554,63.374288604840636
STU_018555,60.837178416992685
STU_018556,80.62234762168858
STU_018557,62.48739915364337
STU_018558,65.20260412724997
STU_018559,67.62776397958557
STU_018560,77.06581770800142
STU_018561,78.55573939604608
STU_018562,79.11673180379971
STU_018563,75.96146576265522
STU_018564,80.13013357186735
STU_018565,64.67927801962347
STU_018566,66.46018073377037
STU_018567,92.23274508887067
STU_018568,82.73742373260218
STU_018569,82.01959725644788
STU_018570,71.1178122709457
STU_018571,89.42857580803488
STU_018572,61.70590533286648
STU_018573,86.042118286697
STU_018574,75.89551464514146
STU_018575,71.04733169524641
STU_018576,75.0148051754784
STU_018577,67.8422424103732
STU_018578,79.04833788332044
STU_018579,54.16588211493957
STU_018580,99.28726213279758
STU_018581,70.54258261583648
STU_018582,79.1652530441782
STU_018583,93.57974355518566
STU_018584,81.99867464201535
STU_018585,68.18623152049271
STU_018586,92.22212346863759
STU_018587,92.16621117977236
STU_018588,53.50966304293832
STU_018589,82.2561976893792
STU_018590,72.79225311810887
STU_018591,88.01750794956928
STU_018592,45.11411469427163
STU_018593,82.53898464982403
STU_018594,63.9427725275534
STU_018595,74.17215783109961
STU_018596,64.33525699027267
STU_018597,73.86184522726788
STU_018598,65.03041439136356
STU_018599,59.96909518356117
STU_018600,83.87656015610911
STU_018601,68.17988705990886
STU_018602,69.80995883932526
STU_018603,69.37557602273323
STU_018604,72.26459501387944
STU_018605,46.82165259579617
STU_018606,69.27679886229582
STU_018607,89.30765030273521
STU_018608,91.8667250494889
STU_018609,85.423153913095
STU_018610,99.71955490112305
STU_018611,66.93248463122336
STU_018612,73.09278749467984
STU_018613,80.13324268531568
STU_018614,73.69701469955426
STU_018615,54.06810707510918
STU_018616,86.11746761392743
STU_018617,71.34252827418428
STU_018618,63.47030475387578
STU_018619,71.5075326706327
STU_018620,92.01435962753148
STU_018621,59.05048255207858
STU_018622,77.80097863114317
STU_018623,72.98711971935145
STU_018624,77.76500042540737
STU_018625,82.73005787615969
STU_018626,70.009627601665
STU_018627,70.2509611919809
STU_018628,62.726165917008444
STU_018629,70.50759375656183
STU_018630,61.592918377344674
STU_018631,88.50511488760333
STU_018632,92.857690556881
STU_018633,68.88154024896788
STU_018634,64.75405691289734
STU_018635,69.30270009871123
STU_018636,84.23010188221488
STU_018637,68.47239276251227
STU_018638,98.71512587271057
STU_018639,90.92949178079549
STU_018640,74.07255747260396
STU_018641,55.633699878377925
STU_018642,80.75967328711995
STU_018643,65.71659991867584
STU_018644,66.64295366717731
STU_018645,94.35412899565144
STU_018646,65.95276416867031
STU_018647,99.40308956592614
STU_018648,54.645523118577394
STU_018649,57.87221263342977
STU_018650,74.0280553915138
STU_018651,64.7365082740617
STU_018652,86.38249840365086
STU_018653,78.07584538002884
STU_018654,81.43342749932576
STU_018655,70.33322844223768
STU_018656,68.52255802090534
STU_018657,86.3995229854617
STU_018658,77.81424272196176
STU_018659,79.25683912003402
STU_018660,75.22271450715132
STU_018661,56.02152238627849
STU_018662,68.00541221652075
STU_018663,76.09412000745967
STU_018664,47.95356985137398
STU_018665,67.86394653761565
STU_018666,64.89485234072461
STU_018667,72.05820477823569
STU_018668,50.638059937685426
STU_018669,74.91169550561789
STU_018670,73.88253780792628
STU_018671,61.91166898277258
STU_018672,79.00240370030834
STU_018673,61.77707665025725
STU_018674,66.24298021730806
STU_018675,75.34607606884144
STU_018676,67.41588551413963
STU_018677,67.59129560881134
STU_018678,87.48234814587137
STU_018679,86.71574964482588
STU_018680,61.03138185166459
STU_018681,81.32302449397132
STU_018682,92.17037433682911
STU_018683,75.11384604732102
STU_018684,86.5127635713807
STU_018685,71.3064798132261
STU_018686,83.5228004193767
STU_018687,74.32672526905026
STU_018688,68.30511252907358
STU_018689,84.7222026408665
STU_018690,72.17298125057674
STU_018691,67.19011864145499
STU_018692,74.44636968207288
STU_018693,70.70546734329064
STU_018694,86.93374957520133
STU_018695,79.54167536039341
STU_018696,68.81763390244632
STU_018697,81.32203908894542
STU_018698,89.77436515153005
STU_018699,63.90677058103346
STU_018700,99.87441787719726
STU_018701,70.58625900976158
STU_018702,83.36762039423971
STU_018703,74.4427710789374
STU_018704,88.62113968515057
STU_018705,74.53520497980583
STU_018706,90.69325023355448
STU_018707,64.23620354819468
STU_018708,69.78590640665989
STU_018709,96.96323674646001
STU_018710,78.92928657616125
STU_018711,59.39440093553085
STU_018712,92.47377592537212
STU_018713,67.7367668824979
STU_018714,75.58085402536273
STU_018715,99.23541536234482
STU_018716,67.5014131729146
STU_018717,72.88715261675118
STU_018718,64.40425669883953
STU_018719,82.03841269358072
STU_018720,73.94480367789816
STU_018721,91.27363147528624
STU_018722,56.844740386221844
STU_018723,59.351054676859704
STU_018724,67.91725547226005
STU_018725,79.18912881323624
STU_018726,73.5875537215563
STU_018727,85.1811599959294
STU_018728,75.55111362887124
STU_018729,91.05283819646351
STU_018730,82.67936112922878
STU_018731,66.11134954500223
STU_018732,75.0872117947095
STU_018733,89.23930226666657
STU_018734,74.79395488540831
STU_018735,76.48860358445627
STU_018736,66.00996536549803
STU_018737,75.40078572475493
STU_018738,73.95048926184607
STU_018739,76.79276164861858
STU_018740,68.6565688297406
STU_018741,51.79955329879082
STU_018742,96.72319957094338
STU_018743,63.30175101428116
STU_018744,99.35340042114258
STU_018745,77.04917142640677
STU_018746,66.79512234531995
STU_018747,87.85086968186033
STU_018748,56.56116077417292
STU_018749,58.118667290029066
STU_018750,83.80201201278095
STU_018751,88.26148880365692
STU_018752,58.43535701339687
STU_018753,62.51676336418087
STU_018754,94.06448530046868
STU_018755,89.96797283631066
STU_018756,68.03544229425685
STU_018757,87.56002867055125
STU_018758,88.67298689360275
STU_018759,94.7461633458408
STU_018760,70.13034055184986
STU_018761,72.02248298058716
STU_018762,77.30825764929197
STU_018763,65.14923945343118
STU_018764,80.25593067121547
STU_018765,77.47621187560215
STU_018766,64.31294952917473
STU_018767,86.9070804208304
STU_018768,72.78308384616894
STU_018769,52.59783414140297
STU_018770,86.40108625569928
STU_018771,69.22589937639906
STU_018772,90.91124283241696
STU_018773,77.59616319958775
STU_018774,62.57002042776637
STU_018775,80.57187988293367
STU_018776,81.97504038330766
STU_018777,55.724046405393835
STU_018778,97.83443034369827
STU_018779,89.0666943127765
STU_018780,61.89692473478505
STU_018781,93.85764119612932
STU_018782,96.59838696878357
STU_018783,79.9154357674743
STU_018784,76.78756316299052
STU_018785,83.56661905766025
STU_018786,76.01269415694306
STU_018787,56.144086021552575
STU_018788,66.65069665813091
STU_018789,73.57595851774357
STU_018790,89.00720599468855
STU_018791,75.00469936219734
STU_018792,61.288630070790404
STU_018793,66.36591563189842
STU_018794,64.70429851627469
STU_018795,96.40268386196264
STU_018796,58.52470629186227
STU_018797,65.50886343376773
STU_018798,65.95745846468489
STU_018799,81.06282405021228
STU_018800,87.6116539925002
STU_018801,83.83472536128556
STU_018802,66.86807542063013
STU_018803,66.94235175175885
STU_018804,58.69557773983847
STU_018805,66.733156261189
STU_018806,81.08663866488808
STU_018807,75.25114927779903
STU_018808,64.17197045760597
STU_018809,85.18794060104194
STU_018810,79.98051998501171
STU_018811,55.0495661862301
STU_018812,81.26840506944201
STU_018813,71.2519815813477
STU_018814,48.838950713444255
STU_018815,83.12127351809339
STU_018816,65.6979462475111
STU_018817,69.83675384349269
STU_018818,85.82127296555811
STU_018819,70.590389299152
STU_018820,88.39505765627177
STU_018821,80.2867957605774
STU_018822,74.87333134608961
STU_018823,97.29259283706291
STU_018824,67.13960315541776
STU_018825,77.71210628599195
STU_018826,70.68919091676028
STU_018827,75.33780245627422
STU_018828,67.70189763568
STU_018829,58.95971102978928
STU_018830,85.56971608239267
STU_018831,91.07870088321881
STU_018832,80.41209025829295
STU_018833,62.79460050227444
STU_018834,56.08266055442947
STU_018835,64.9670882237261
STU_018836,84.65506508285863
STU_018837,74.25501888838836
STU_018838,63.818935305337945
STU_018839,86.81237183080788
STU_018840,84.12834986877765
STU_018841,86.02642418308771
STU_018842,74.03874643099134
STU_018843,77.90694182047963
STU_018844,71.75389669568287
STU_018845,81.64528177616913
STU_018846,99.35119627270278
STU_018847,98.09786477636234
STU_018848,79.05334476572064
STU_018849,70.31485632157236
STU_018850,71.54128805543642
STU_018851,62.86742744624368
STU_018852,55.37593163481787
STU_018853,66.26084403043197
STU_018854,74.98191773885611
STU_018855,79.51586780347084
STU_018856,64.04432237450457
STU_018857,87.02423577039394
STU_018858,81.38005166508992
STU_018859,94.85123245015068
STU_018860,71.1461531466286
STU_018861,79.5155357522936
STU_018862,95.34905254184649
STU_018863,68.0838220205996
STU_018864,63.705236203415055
STU_018865,76.43856254937106
STU_018866,75.25144046117177
STU_018867,67.35854264845712
STU_018868,78.98903950707691
STU_018869,75.38994847179437
STU_018870,86.12435381426111
STU_018871,95.9123854301276
STU_018872,80.77719284724711
STU_018873,73.52037291700356
STU_018874,87.63716535922875
STU_018875,99.39407609034429
STU_018876,69.04744696264784
STU_018877,61.565862491118516
STU_018878,91.85584481044448
STU_018879,83.82596383630865
STU_018880,77.07135880606396
STU_018881,64.73186241331094
STU_018882,73.61080601545241
STU_018883,73.50165333357909
STU_018884,88.07966040769539
STU_018885,58.765028856744955
STU_018886,89.77631929529161
STU_018887,67.59501024125909
STU_018888,89.39644368681842
STU_018889,61.84717109325758
STU_018890,48.47457900802073
STU_018891,72.53954108502944
STU_018892,79.92135271714673
STU_018893,82.83411680190987
STU_018894,97.53609458769725
STU_018895,76.99761563778927
STU_018896,86.62350221061979
STU_018897,70.33142305705854
STU_018898,67.48801253327503
STU_018899,68.42914211238823
STU_018900,72.77228463186734
STU_018901,82.20215360569466
STU_018902,93.19388432055045
STU_018903,86.88981245813817
STU_018904,77.76574966714966
STU_018905,65.48143700411137
STU_018906,79.58117950206845
STU_018907,71.87259402088158
STU_018908,68.91561818328316
STU_018909,77.78260351846077
STU_018910,68.27925144745498
STU_018911,57.179299362825176
STU_018912,85.25285420069339
STU_018913,67.75289319438016
STU_018914,70.78122173154661
STU_018915,79.05808639563689
STU_018916,59.208456852918914
STU_018917,83.04018827641416
STU_018918,88.75683537465527
STU_018919,76.32147266811987
STU_018920,57.50923666643394
STU_018921,69.33245288089691
STU_018922,65.13439875684868
STU_018923,97.65097971507126
STU_018924,66.15856232813537
STU_018925,74.28175630722541
STU_018926,81.04615573101754
STU_018927,73.97768698426412
STU_018928,71.41592773174935
STU_018929,70.73421680411559
STU_018930,59.90254171997217
STU_018931,61.77997595635266
STU_018932,49.943504489842674
STU_018933,73.23816462334416
STU_018934,79.43271248680813
STU_018935,67.83839234157148
STU_018936,71.70577992195615
STU_018937,87.71285829249231
STU_018938,87.33186051201838
STU_018939,67.66534634447329
STU_018940,84.6029842280629
STU_018941,87.95661828127773
STU_018942,57.1852059975628
STU_018943,76.60618966711652
STU_018944,74.74058795047432
STU_018945,81.89994024505862
STU_018946,84.27814335234808
STU_018947,69.82737014469976
STU_018948,67.41902803735728
STU_018949,73.68163163001377
STU_018950,81.22804673086785
STU_018951,67.49934562868849
STU_018952,63.30963791835653
STU_018953,71.76092559333651
STU_018954,80.37517174235407
STU_018955,75.77543925536622
STU_018956,60.986669045671576
STU_018957,75.73654012884724
STU_018958,85.8210071593148
STU_018959,80.98277043603619
STU_018960,75.39617155328322
STU_018961,71.32283281603262
STU_018962,79.26705643269825
STU_018963,88.38841303091715
STU_018964,70.40715542326946
STU_018965,88.9072679688753
STU_018966,92.5582491513891
STU_018967,92.65328182124564
STU_018968,74.04261690992264
STU_018969,79.74299502419586
STU_018970,88.15489061636809
STU_018971,61.953529619669766
STU_018972,79.93881534597662
STU_018973,88.69063043175694
STU_018974,61.547685631200586
STU_018975,87.18744366503122
STU_018976,74.7442986865476
STU_018977,91.52371081304399
STU_018978,81.8771234265732
STU_018979,61.317771131898894
STU_018980,78.18207745989596
STU_018981,56.11538735017301
STU_018982,82.18193920470767
STU_018983,74.38488094540304
STU_018984,73.1581836823822
STU_018985,71.3759674417172
STU_018986,79.90672122816218
STU_018987,81.59469221121816
STU_018988,70.87204335948232
STU_018989,82.06376626515585
STU_018990,82.29599167974031
STU_018991,65.79983275770444
STU_018992,82.95192592402302
STU_018993,81.33910317645054
STU_018994,85.79277749872088
STU_018995,94.38183928324717
STU_018996,62.27932857741028
STU_018997,73.75216333124463
STU_018998,80.57383318780187
STU_018999,90.41580527628513
STU_019000,74.74781237914459
STU_019001,60.5642107939105
STU_019002,76.1338604860877
STU_019003,93.23201661980022
STU_019004,77.27122932586961
STU_019005,95.61114660083759
STU_019006,92.3272071726034
STU_019007,99.53767242431641
STU_019008,78.66101971294411
STU_019009,99.52693176269531
STU_019010,47.009454694259524
STU_019011,78.29595214334303
STU_019012,73.72908089074866
STU_019013,58.92912616812317
STU_019014,99.56682357788085
STU_019015,53.43630574072012
STU_019016,64.66225560000468
STU_019017,96.02747231205798
STU_019018,71.5835826906356
STU_019019,73.0856218413839
STU_019020,97.40638324251799
STU_019021,47.680903082716036
STU_019022,75.99898321499589
STU_019023,87.12972089600778
STU_019024,76.93545279609002
STU_019025,95.90970290915341
STU_019026,98.72530539319771
STU_019027,76.04689268441658
STU_019028,59.9525491302378
STU_019029,62.45706274184066
STU_019030,72.33707521665313
STU_019031,84.12122006485846
STU_019032,83.54182151162517
STU_019033,77.75365791931766
STU_019034,66.10255087690487
STU_019035,82.4355256462556
STU_019036,95.06455925482221
STU_019037,83.62211347426397
STU_019038,65.91158746119504
STU_019039,82.51815049061817
STU_019040,73.66261880270014
STU_019041,79.58508341374268
STU_019042,82.09493293464564
STU_019043,86.21998420091153
STU_019044,82.95067521346256
STU_019045,76.2536958062159
STU_019046,63.239800097051386
STU_019047,50.836578014926204
STU_019048,87.96679918623146
STU_019049,56.78969434913377
STU_019050,87.06078382451166
STU_019051,64.15651888787568
STU_019052,73.32041578720042
STU_019053,74.69182589341976
STU_019054,69.97795579499953
STU_019055,51.04602097684142
STU_019056,83.24976474498578
STU_019057,81.46242135420127
STU_019058,80.56724190491965
STU_019059,50.52901668188907
STU_019060,68.67618147977878
STU_019061,52.01710565381593
STU_019062,88.8899309109421
STU_019063,72.45293268302058
STU_019064,64.1123454574248
STU_019065,96.42206805710853
STU_019066,60.67107909002907
STU_019067,79.31264204061728
STU_019068,64.78196911266997
STU_019069,61.5000503520798
STU_019070,73.5696817845394
STU_019071,69.21321097952261
STU_019072,99.77998428344726
STU_019073,62.38368472867319
STU_019074,68.19711096356946
STU_019075,63.09060447366063
STU_019076,60.27068820293662
STU_019077,95.71248429041034
STU_019078,96.2745081154704
STU_019079,89.50606288925364
STU_019080,58.00723986492749
STU_019081,83.64547140620941
STU_019082,85.3262117372506
STU_019083,61.803323634116474
STU_019084,57.196027672383465
STU_019085,60.03074115744336
STU_019086,52.31639624176118
STU_019087,76.26144396309081
STU_019088,76.45011310667499
STU_019089,86.88120319254051
STU_019090,92.45402447407702
STU_019091,83.35744895012358
STU_019092,88.61809917214711
STU_019093,74.12933474291651
STU_019094,81.9002587573751
STU_019095,76.50135151032809
STU_019096,79.15197020007972
STU_019097,83.18429135188538
STU_019098,56.939602335406626
STU_019099,66.10545147749576
STU_019100,72.57888131229684
STU_019101,61.96009753615113
STU_019102,76.20120205400767
STU_019103,85.59142222005023
STU_019104,64.2624320350442
STU_019105,65.29784762143673
STU_019106,63.01701631890069
STU_019107,90.83684727683506
STU_019108,70.87596109312771
STU_019109,98.80176774469862
STU_019110,95.78522481370689
STU_019111,73.63048115240733
STU_019112,99.69025848910098
STU_019113,82.7838800183699
STU_019114,97.23624759726366
STU_019115,84.23874242231754
STU_019116,87.43714166984034
STU_019117,62.547116622382106
STU_019118,77.66437136534098
STU_019119,71.79822975863215
STU_019120,63.708281565973664
STU_019121,92.4345759270761
STU_019122,79.82315085078748
STU_019123,66.64238429284309
STU_019124,95.57477422512562
STU_019125,72.13130049497788
STU_019126,72.49893745423806
STU_019127,70.47199585606174
STU_019128,86.89184580849468
STU_019129,60.175828154600964
STU_019130,60.5163616845461
STU_019131,81.87281925623815
STU_019132,86.15946620064096
STU_019133,56.19045065427014
STU_019134,65.85996196876263
STU_019135,98.19176675284493
STU_019136,92.65879009089457
STU_019137,61.06632675333449
STU_019138,87.43799164982126
STU_019139,91.01596878564038
STU_019140,83.69242587340142
STU_019141,94.46959378732461
STU_019142,82.13474200497501
STU_019143,76.70128219938894
STU_019144,75.18799231735112
STU_019145,71.21110260365262
STU_019146,89.73997780035901
STU_019147,71.21907317011993
STU_019148,98.11682353673237
STU_019149,77.6224951523771
STU_019150,79.03065579996421
STU_019151,95.86223881738894
STU_019152,48.393877750656266
STU_019153,67.08876176405492
STU_019154,88.64410548906888
STU_019155,99.36944427490235
STU_019156,79.64485189021404
STU_019157,91.4248681954973
STU_019158,53.729848788773836
STU_019159,69.41702213945999
STU_019160,61.996497319273175
STU_019161,59.35208894877062
STU_019162,61.1271969885994
STU_019163,70.98338160727583
STU_019164,72.88177625212727
STU_019165,73.251239317943
STU_019166,91.57219201570122
STU_019167,91.50848966909349
STU_019168,83.23096568147186
STU_019169,73.9715242806212
STU_019170,81.7055950426133
STU_019171,70.17808060894001
STU_019172,79.95422615458942
STU_019173,83.07676972305264
STU_019174,60.8164267260193
STU_019175,74.20925399471291
STU_019176,75.00224201190717
STU_019177,97.2436944723119
STU_019178,37.76471766148229
STU_019179,74.95827367411992
STU_019180,78.59851152842292
STU_019181,95.65781257220665
STU_019182,58.533243821961854
STU_019183,95.07376812213124
STU_019184,84.19562307581384
STU_019185,89.71854524169815
STU_019186,97.57519774347824
STU_019187,72.03370495635228
STU_019188,98.49955363833537
STU_019189,87.42718753504774
STU_019190,73.73916961380785
STU_019191,65.96476232255897
STU_019192,98.01016484311506
STU_019193,67.66733460869023
STU_019194,75.60395205405804
STU_019195,82.80622049074623
STU_019196,84.48896744997701
STU_019197,89.7404054489787
STU_019198,70.65372046742606
STU_019199,99.1997299194336
STU_019200,66.08992941141622
STU_019201,90.2955379413471
STU_019202,80.25832227140664
STU_019203,57.80065757183321
STU_019204,62.03201750998489
STU_019205,80.28422805115807
STU_019206,51.27554667184212
STU_019207,68.79470809281933
STU_019208,71.93104151796736
STU_019209,73.23871763237402
STU_019210,63.946545729302755
STU_019211,66.10517930666104
STU_019212,71.27156423314354
STU_019213,67.50351525232556
STU_019214,75.50662662571179
STU_019215,98.12209199013208
STU_019216,65.3050422932072
STU_019217,71.57056758721916
STU_019218,52.63190376021002
STU_019219,81.83197872317979
STU_019220,71.45313893141422
STU_019221,63.006819595989
STU_019222,81.86953936311336
STU_019223,75.48805799234935
STU_019224,92.77703733893149
STU_019225,55.30863644405624
STU_019226,58.039700833935214
STU_019227,64.60927746528775
STU_019228,62.48671253453637
STU_019229,74.12497749686379
STU_019230,66.06071766565853
STU_019231,85.46746420421266
STU_019232,90.51582542941186
STU_019233,60.195247113293746
STU_019234,65.96080504954887
STU_019235,78.91735711028295
STU_019236,78.80925014536847
STU_019237,73.34614692414802
STU_019238,73.53385885105806
STU_019239,88.47437437156354
STU_019240,80.871742213129
STU_019241,96.5477036792916
STU_019242,66.86656604577449
STU_019243,87.23883633967247
STU_019244,75.11520756325986
STU_019245,53.92375918396261
STU_019246,60.07586835241538
STU_019247,94.04281368007544
STU_019248,82.82983254043711
STU_019249,96.57247723923754
STU_019250,61.39545698227596
STU_019251,94.61216738004657
STU_019252,71.73868401827839
STU_019253,62.25883273331748
STU_019254,51.293970159902535
STU_019255,65.78756487098059
STU_019256,94.10598219320696
STU_019257,61.96895537487174
STU_019258,53.705958910376886
STU_019259,72.46536098895527
STU_019260,83.85824058311844
STU_019261,70.08418931357389
STU_019262,84.67972303634895
STU_019263,72.57500851209143
STU_019264,72.33194150722271
STU_019265,87.38977791179629
STU_019266,84.18187289146503
STU_019267,54.97497217383138
STU_019268,68.36602616657325
STU_019269,81.5725589413276
STU_019270,84.7027927992907
STU_019271,54.74267551473558
STU_019272,67.53025452527295
STU_019273,96.8269932731564
STU_019274,99.31148177199343
STU_019275,97.53353157524737
STU_019276,59.12131512945873
STU_019277,98.45992883810653
STU_019278,85.6528737598031
STU_019279,73.70478248940069
STU_019280,62.267715463333936
STU_019281,88.52839070699606
STU_019282,60.02944371973102
STU_019283,99.53734905129909
STU_019284,81.6657989808919
STU_019285,75.17672426705441
STU_019286,93.4215898401017
STU_019287,75.97309270227164
STU_019288,66.60491024461354
STU_019289,89.59051607349639
STU_019290,80.26043480592847
STU_019291,74.62449056927959
STU_019292,79.49595089049419
STU_019293,65.02254658333791
STU_019294,73.53728769854703
STU_019295,61.33951729055253
STU_019296,66.63181356025058
STU_019297,79.28756921021044
STU_019298,89.17899814067519
STU_019299,88.9063816667027
STU_019300,80.72914699617009
STU_019301,69.22939911496911
STU_019302,86.06390707890242
STU_019303,66.36632820136595
STU_019304,92.48711489781547
STU_019305,71.69066080211525
STU_019306,55.705780742081146
STU_019307,64.50907591934518
STU_019308,50.98749018769971
STU_019309,71.0181622868113
STU_019310,91.07859477785782
STU_019311,88.14406390216541
STU_019312,67.71252648727331
STU_019313,83.56151924257763
STU_019314,85.4842644679704
STU_019315,73.58991687769209
STU_019316,92.61552921780509
STU_019317,73.8204216057311
STU_019318,80.88320380832015
STU_019319,85.69479544610927
STU_019320,98.99342536514477
STU_019321,71.71702996831999
STU_019322,88.3565563403397
STU_019323,70.3772620738697
STU_019324,87.86383285170997
STU_019325,74.79160883157712
STU_019326,95.6518416489676
STU_019327,93.60610630876074
STU_019328,94.23330645004883
STU_019329,89.79409590457573
STU_019330,76.99410515215844
STU_019331,71.43039861430533
STU_019332,71.41069398441209
STU_019333,85.64104952826688
STU_019334,60.82603079820384
STU_019335,65.92595373653344
STU_019336,67.58366507242364
STU_019337,97.41773196727966
STU_019338,64.2093221371192
STU_019339,88.42436777335024
STU_019340,98.40063835616665
STU_019341,74.19124297518786
STU_019342,62.26291794770761
STU_019343,73.47400228237649
STU_019344,65.52267299834071
STU_019345,69.00144062176324
STU_019346,72.89425184120324
STU_019347,52.27991698389914
STU_019348,92.66905783268962
STU_019349,79.90535905361244
STU_019350,58.11984584030709
STU_019351,91.94725460679732
STU_019352,81.8415111736202
STU_019353,83.08700601078422
STU_019354,69.6613374854164
STU_019355,76.96285967029974
STU_019356,57.08668670179286
STU_019357,62.47461502382343
STU_019358,78.50013112158203
STU_019359,84.81492977551815
STU_019360,62.102301519784746
STU_019361,88.71161628688766
STU_019362,61.864403346399364
STU_019363,68.83681903449096
STU_019364,72.25853523387094
STU_019365,88.05735226056062
STU_019366,96.77195714225519
STU_019367,99.79401759080164
STU_019368,74.98360750668915
STU_019369,77.82548706255892
STU_019370,72.5916815231535
STU_019371,81.0540472073607
STU_019372,69.5429323362967
STU_019373,61.84631183785524
STU_019374,67.21328142879135
STU_019375,79.883113010969
STU_019376,95.67651882251393
STU_019377,93.13326728141566
STU_019378,69.2889995795866
STU_019379,56.35904393969928
STU_019380,88.20607131699701
STU_019381,66.33167363047393
STU_019382,66.76095047237438
STU_019383,83.61039333132778
STU_019384,66.34108267278873
STU_019385,84.256572371304
STU_019386,67.71545596118098
STU_019387,57.6552869720191
STU_019388,65.85539526997033
STU_019389,99.01205818143548
STU_019390,43.89155406289225
STU_019391,76.22588296146371
STU_019392,77.8277421885077
STU_019393,74.74302713230307
STU_019394,71.1421008315932
STU_019395,77.93510139743373
STU_019396,98.34003966062058
STU_019397,71.93437921375299
STU_019398,58.096469818014015
STU_019399,58.35050580632916
STU_019400,94.72939412012511
STU_019401,67.41295293408105
STU_019402,66.08814733317361
STU_019403,89.38511289789531
STU_019404,85.39811109990494
STU_019405,78.17889297487066
STU_019406,78.17194819425671
STU_019407,64.60481118130517
STU_019408,80.66459936318199
STU_019409,73.47247709931612
STU_019410,69.8332837410774
STU_019411,87.89685292299029
STU_019412,59.33492050734586
STU_019413,72.79400058164406
STU_019414,71.47030727181935
STU_019415,81.59761756424848
STU_019416,80.94388149000652
STU_019417,93.27155582521834
STU_019418,92.819774770824
STU_019419,71.3616042877344
STU_019420,72.68363729986767
STU_019421,87.11762367806033
STU_019422,79.32961842318645
STU_019423,72.2299997755132
STU_019424,95.4353195703115
STU_019425,61.6118808948337
STU_019426,79.58711586377784
STU_019427,85.12954296961439
STU_019428,91.20997275413927
STU_019429,69.89102636543973
STU_019430,79.76797224073508
STU_019431,52.69055952269608
STU_019432,76.61952543425008
STU_019433,62.74172846184762
STU_019434,55.44541771068409
STU_019435,96.36924992707097
STU_019436,60.70223173672806
STU_019437,96.93928552298942
STU_019438,81.12450121148122
STU_019439,57.9288309792273
STU_019440,70.94325941675011
STU_019441,83.63263053504103
STU_019442,75.85946947476512
STU_019443,59.86716181043075
STU_019444,95.81022130620848
STU_019445,87.94661695869796
STU_019446,51.35323141099542
STU_019447,76.0972629673313
STU_019448,69.72527629152825
STU_019449,64.09429322842344
STU_019450,70.21996127059784
STU_019451,66.20794944559242
STU_019452,83.61242559736712
STU_019453,80.6161172515443
STU_019454,70.72457861344738
STU_019455,70.42575829840244
STU_019456,70.39404925933455
STU_019457,71.36044884191143
STU_019458,69.6533942806315
STU_019459,62.60850794000795
STU_019460,88.38517688482048
STU_019461,93.34762538467346
STU_019462,98.51581715850513
STU_019463,66.23640757490546
STU_019464,73.88766677988313
STU_019465,66.00703754657516
STU_019466,69.31198345189487
STU_019467,71.62563589424576
STU_019468,85.24549715386541
STU_019469,70.82805890351264
STU_019470,90.20988114998254
STU_019471,97.22724645809001
STU_019472,85.56029888259003
STU_019473,88.43838209067214
STU_019474,66.00704054115357
STU_019475,61.84678793398031
STU_019476,92.59426222937302
STU_019477,63.968221153699766
STU_019478,69.75529967101886
STU_019479,70.82040493408367
STU_019480,91.0880306067121
STU_019481,67.90152293483426
STU_019482,68.11896271768381
STU_019483,74.06229421243263
STU_019484,83.4589151224411
STU_019485,59.23114576681358
STU_019486,40.08441838959959
STU_019487,68.18748424616042
STU_019488,94.60123682234106
STU_019489,66.00568852098142
STU_019490,75.5128096447334
STU_019491,62.39526481030243
STU_019492,72.81178651849427
STU_019493,63.77437745454704
STU_019494,60.37683171996829
STU_019495,95.53227633555963
STU_019496,93.38843603099632
STU_019497,54.987057050381395
STU_019498,91.20107468911806
STU_019499,90.39647117839262
STU_019500,85.77943829337977
STU_019501,81.73978559269044
STU_019502,62.693968556899605
STU_019503,73.0169842479088
STU_019504,94.70370580407402
STU_019505,61.77238084998356
STU_019506,81.42225557409257
STU_019507,88.56162524055702
STU_019508,95.81673832760326
STU_019509,96.13489386117003
STU_019510,93.82738506769194
STU_019511,60.4814113828987
STU_019512,84.1280643479985
STU_019513,68.24428579009493
STU_019514,56.51104535193574
STU_019515,62.88426085058069
STU_019516,81.19731094111425
STU_019517,65.48380993042869
STU_019518,66.68114609193906
STU_019519,66.5778038839845
STU_019520,83.12137909304022
STU_019521,63.82746457629047
STU_019522,75.1623564085689
STU_019523,95.59630465148268
STU_019524,79.70401580443665
STU_019525,84.84129696677333
STU_019526,74.00907241284875
STU_019527,73.66220638614632
STU_019528,71.66972843359449
STU_019529,86.84328690446449
STU_019530,89.44589604139057
STU_019531,94.16776855491786
STU_019532,46.60359956252159
STU_019533,78.16922400312525
STU_019534,70.5364380581378
STU_019535,68.95829296435502
STU_019536,67.29232838128036
STU_019537,54.61427990703375
STU_019538,72.28850101481336
STU_019539,68.66766592875086
STU_019540,60.66007189104525
STU_019541,75.9022442459496
STU_019542,99.25959243774415
STU_019543,99.52933883666992
STU_019544,71.01960323620965
STU_019545,85.79789024337713
STU_019546,58.733888183029656
STU_019547,67.14238950537843
STU_019548,88.04307125736864
STU_019549,89.91922341266451
STU_019550,95.49780888358383
STU_019551,81.29911983464484
STU_019552,76.09449557019367
STU_019553,73.05657503487797
STU_019554,65.46313409375901
STU_019555,99.43775095547186
STU_019556,71.7421932902708
STU_019557,99.63102264404297
STU_019558,56.54978162364762
STU_019559,86.90670954139802
STU_019560,74.534449651774
STU_019561,44.16784315847217
STU_019562,96.85133735253591
STU_019563,73.05118572190565
STU_019564,65.507247113908
STU_019565,60.29085633982736
STU_019566,81.17289161044941
STU_019567,83.39240397031833
STU_019568,69.99996608848909
STU_019569,64.74461702069424
STU_019570,73.39539420644152
STU_019571,48.33195089903827
STU_019572,68.30089053792014
STU_019573,70.65254025918189
STU_019574,79.96893233342111
STU_019575,81.59935071818212
STU_019576,93.80175553252691
STU_019577,63.744547430993165
STU_019578,66.76931844438663
STU_019579,69.27266216953731
STU_019580,66.81624437895262
STU_019581,99.34893853926859
STU_019582,69.8155424113347
STU_019583,73.79648653973767
STU_019584,65.47515893505276
STU_019585,81.48761004181716
STU_019586,71.00776034447576
STU_019587,91.74335168802278
STU_019588,75.17930103153171
STU_019589,65.56323368522409
STU_019590,98.59900190276018
STU_019591,94.2206446806469
STU_019592,72.35128453646954
STU_019593,65.87611821055785
STU_019594,94.60731159129243
STU_019595,75.30034831968342
STU_019596,95.26020171404531
STU_019597,70.44687786469244
STU_019598,79.5345600446634
STU_019599,67.4920827376113
STU_019600,99.2479695209558
STU_019601,79.55008650857937
STU_019602,77.73660959361747
STU_019603,92.48022119847754
STU_019604,90.25751435903082
STU_019605,74.79508407194635
STU_019606,82.61048453302372
STU_019607,60.79850946114621
STU_019608,75.37277645604598
STU_019609,91.50411102547932
STU_019610,60.683445885988355
STU_019611,66.27498414211148
STU_019612,58.88137248804455
STU_019613,57.51529813595145
STU_019614,61.405613486803496
STU_019615,93.45712703275939
STU_019616,68.31015111767323
STU_019617,74.88234961343754
STU_019618,64.40947013706261
STU_019619,85.05068658173163
STU_019620,76.15846516232683
STU_019621,73.03397140604632
STU_019622,78.30101000406422
STU_019623,72.86071556990639
STU_019624,97.38165369560107
STU_019625,37.958371152324794
STU_019626,85.30723988767704
STU_019627,93.8990359834201
STU_019628,69.89681372817986
STU_019629,77.60485729188593
STU_019630,92.25358508431879
STU_019631,65.15202399598127
STU_019632,94.91483122667407
STU_019633,88.66242401839644
STU_019634,89.0988235356578
STU_019635,78.27040018266682
STU_019636,65.28173039258517
STU_019637,78.0668215596946
STU_019638,65.92825453011567
STU_019639,69.75311527510615
STU_019640,80.76343262533133
STU_019641,93.81937427534137
STU_019642,76.85856067647782
STU_019643,87.06479165000819
STU_019644,70.18703565399767
STU_019645,73.41227663305894
STU_019646,70.33198846737935
STU_019647,76.81059922990927
STU_019648,59.950914481579076
STU_019649,60.61292105642731
STU_019650,70.7205599845835
STU_019651,74.4379552824445
STU_019652,70.50185969141863
STU_019653,66.32971018118141
STU_019654,55.054259684183606
STU_019655,59.662837719373314
STU_019656,57.016171340540375
STU_019657,78.55554942336832
STU_019658,68.53298541799964
STU_019659,80.50974915359336
STU_019660,72.00963131011122
STU_019661,84.01732139052659
STU_019662,68.2162508668537
STU_019663,74.5634040848308
STU_019664,65.20559163754083
STU_019665,86.10806707743455
STU_019666,87.96235263061911
STU_019667,73.96144890576377
STU_019668,54.78888157388727
STU_019669,61.785989541955125
STU_019670,84.99943188360199
STU_019671,54.89349777970352
STU_019672,83.31861812089541
STU_019673,75.90689765385682
STU_019674,79.81625401813456
STU_019675,83.95012966279833
STU_019676,81.8111124457786
STU_019677,82.06207954776282
STU_019678,99.34227142333984
STU_019679,91.64526718934623
STU_019680,82.6976239233439
STU_019681,93.89776159485595
STU_019682,93.45600447953731
STU_019683,69.25067462270745
STU_019684,72.55576432917452
STU_019685,92.77787268128316
STU_019686,82.64112373580812
STU_019687,64.32517628182006
STU_019688,81.06853675677554
STU_019689,67.08491538546015
STU_019690,78.68150477771329
STU_019691,60.83610829391928
STU_019692,58.59997245092494
STU_019693,97.38298971755736
STU_019694,79.06933849397133
STU_019695,62.34509284752358
STU_019696,65.92447622819226
STU_019697,95.25349978388685
STU_019698,90.86972736407047
STU_019699,82.65381648144985
STU_019700,83.61942220164683
STU_019701,79.13243511787235
STU_019702,74.49168209370734
STU_019703,78.27890337797976
STU_019704,77.03013607071625
STU_019705,62.48749671500649
STU_019706,91.70825484452236
STU_019707,60.37709385413044
STU_019708,77.4166618044052
STU_019709,72.43223983457193
STU_019710,64.22728570294653
STU_019711,97.35390009800442
STU_019712,48.06376670197353
STU_019713,93.85313075544019
STU_019714,64.49997644943655
STU_019715,91.27163557851945
STU_019716,82.95496314513504
STU_019717,97.29471498823472
STU_019718,69.03708172083601
STU_019719,96.20041633258482
STU_019720,92.18999656043997
STU_019721,55.84000198493267
STU_019722,73.62205581680638
STU_019723,79.80049149786002
STU_019724,72.6365869919925
STU_019725,85.76310072277802
STU_019726,60.19594930051667
STU_019727,90.13839569183558
STU_019728,77.95799821413046
STU_019729,68.31157377796008
STU_019730,72.04614805267522
STU_019731,62.90513041933155
STU_019732,88.77415251871219
STU_019733,72.60132968449915
STU_019734,73.52482148323922
STU_019735,83.12186730937812
STU_019736,99.05076153393094
STU_019737,94.32903570532127
STU_019738,91.27287175295875
STU_019739,69.31361943209679
STU_019740,72.15992479545014
STU_019741,99.28657913208008
STU_019742,73.91356062174144
STU_019743,82.10701928308436
STU_019744,73.4912404829582
STU_019745,83.54274526484241
STU_019746,94.91019573321726
STU_019747,79.1761692124462
STU_019748,63.58941521117616
STU_019749,64.03287486933942
STU_019750,75.04392833787122
STU_019751,72.96780246815956
STU_019752,62.03379675371294
STU_019753,91.45053817496927
STU_019754,68.00014660277031
STU_019755,82.25143122236824
STU_019756,53.438344555417316
STU_019757,88.451075988498
STU_019758,58.957715634736346
STU_019759,75.99619383345058
STU_019760,80.58274200480369
STU_019761,69.60870317221651
STU_019762,90.75158366228604
STU_019763,71.67959411699373
STU_019764,63.34551983025845
STU_019765,90.64410941432264
STU_019766,65.05410621275088
STU_019767,51.049239232147954
STU_019768,80.39905110464511
STU_019769,65.03213843590909
STU_019770,78.10425550554078
STU_019771,95.13498105353159
STU_019772,68.31609413923265
STU_019773,88.39486302525137
STU_019774,51.7866416971174
STU_019775,86.78256861558253
STU_019776,64.61458617151109
STU_019777,73.91468480674816
STU_019778,72.02861505704108
STU_019779,76.45194526543523
STU_019780,86.44539976673556
STU_019781,54.14339459682649
STU_019782,73.65191604693277
STU_019783,62.56283431020167
STU_019784,80.73201058153441
STU_019785,75.59161773822699
STU_019786,54.399358314878214
STU_019787,74.03266787442872
STU_019788,74.1058283905755
STU_019789,81.19597541279937
STU_019790,65.85766257920778
STU_019791,53.59960837990511
STU_019792,80.38839099266286
STU_019793,65.3341522097763
STU_019794,87.38170803257748
STU_019795,73.6758232367476
STU_019796,84.31040823504618
STU_019797,48.08177250757199
STU_019798,93.32604258415873
STU_019799,79.60542453591734
STU_019800,55.29024499275192
STU_019801,79.13727428901375
STU_019802,94.76691907146649
STU_019803,66.16409389169878
STU_019804,79.23411036842609
STU_019805,70.59447954526672
STU_019806,60.57675367112015
STU_019807,59.518210123587195
STU_019808,64.82125539378877
STU_019809,93.52950087148952
STU_019810,65.61181864450943
STU_019811,67.54576414092179
STU_019812,85.66060831301662
STU_019813,74.60193316490007
STU_019814,81.97314249298839
STU_019815,88.98389053753358
STU_019816,71.60900820749444
STU_019817,90.90120899352651
STU_019818,69.82486578423558
STU_019819,94.36413022139816
STU_019820,60.09912452758076
STU_019821,85.50406154741795
STU_019822,67.24332867268568
STU_019823,79.26407280832818
STU_019824,99.7508787374172
STU_019825,77.96272638405705
STU_019826,84.08718905540535
STU_019827,80.98824697283067
STU_019828,80.94746815505194
STU_019829,72.10876315435075
STU_019830,96.13432214479549
STU_019831,83.95407447958017
STU_019832,89.85492885773895
STU_019833,72.40889473802147
STU_019834,74.08673693967852
STU_019835,65.97308960829058
STU_019836,84.93926316668735
STU_019837,74.56423706700001
STU_019838,80.56246671587522
STU_019839,81.35243429280239
STU_019840,65.25290331623032
STU_019841,66.25360162345835
STU_019842,73.93746972972608
STU_019843,65.72226011021661
STU_019844,71.4141099831843
STU_019845,74.38072983417162
STU_019846,97.62686407905849
STU_019847,98.65192314543158
STU_019848,67.89059413968657
STU_019849,94.03683362971508
STU_019850,79.61245050835909
STU_019851,97.27047120922344
STU_019852,62.71225352623199
STU_019853,90.1691391816758
STU_019854,78.34486259016805
STU_019855,77.34681488261427
STU_019856,68.95479614869407
STU_019857,80.46236588231287
STU_019858,95.47391029753886
STU_019859,92.31172015560477
STU_019860,82.82966616533531
STU_019861,65.75072545226745
STU_019862,69.10315885095886
STU_019863,73.37460187177814
STU_019864,82.18051459726158
STU_019865,90.1119413777808
STU_019866,90.1910035695041
STU_019867,73.60792811768921
STU_019868,80.01952370896169
STU_019869,71.24814249934654
STU_019870,72.56550676731794
STU_019871,91.27389957932225
STU_019872,99.88560562133789
STU_019873,74.37965151483006
STU_019874,54.980442541461436
STU_019875,78.34765774157611
STU_019876,98.22723872293511
STU_019877,64.88260866776206
STU_019878,62.79612026414919
STU_019879,90.81300239997762
STU_019880,55.1289753931963
STU_019881,71.39448242411466
STU_019882,94.03958007957537
STU_019883,59.44547829430725
STU_019884,67.16433557918977
STU_019885,78.92312840941416
STU_019886,70.8618357433728
STU_019887,99.58810043334961
STU_019888,59.7898942976524
STU_019889,84.22159679626213
STU_019890,75.80392192125767
STU_019891,74.00077765762225
STU_019892,66.53625731365882
STU_019893,93.65984629318223
STU_019894,61.055637519030974
STU_019895,77.48807349040918
STU_019896,80.91392638580328
STU_019897,74.9804192251452
STU_019898,73.2723784001778
STU_019899,81.96156208860867
STU_019900,81.23840840408954
STU_019901,69.7612900184745
STU_019902,74.29799872497176
STU_019903,83.15350131530799
STU_019904,67.56835905261184
STU_019905,77.46417378166596
STU_019906,72.44923095997984
STU_019907,62.796238102961304
STU_019908,52.73211821937682
STU_019909,64.12582667281767
STU_019910,95.68068797617791
STU_019911,98.2756191109282
STU_019912,65.42644286246983
STU_019913,78.18801907691467
STU_019914,60.15108510972521
STU_019915,76.96646431801311
STU_019916,67.04266881161948
STU_019917,64.56599286579484
STU_019918,95.68225340165992
STU_019919,68.60936328485793
STU_019920,90.85961641919299
STU_019921,72.82781861496551
STU_019922,96.78181586895576
STU_019923,60.169362575087185
STU_019924,96.8253820467926
STU_019925,86.26288789309842
STU_019926,67.4651724147034
STU_019927,80.951372972941
STU_019928,78.1444880192052
STU_019929,87.6474233813764
STU_019930,67.89958405595203
STU_019931,96.68562246841812
STU_019932,84.45291855667539
STU_019933,60.515817004975496
STU_019934,87.50591139458285
STU_019935,54.42870653201001
STU_019936,87.23093432756377
STU_019937,81.3445426804462
STU_019938,69.02187440092983
STU_019939,86.34673896426202
STU_019940,85.44407897135234
STU_019941,72.76717204323602
STU_019942,71.68293527868948
STU_019943,81.73880805218194
STU_019944,97.08373230407858
STU_019945,80.38510585513238
STU_019946,91.30288999787874
STU_019947,76.90290013526584
STU_019948,85.8506965592413
STU_019949,75.52985508709803
STU_019950,72.95358125993681
STU_019951,69.00972920139712
STU_019952,60.13713538165803
STU_019953,67.20897611172849
STU_019954,82.5543481230407
STU_019955,67.5060499775259
STU_019956,57.43246226727037
STU_019957,81.48637287813699
STU_019958,75.91470087782021
STU_019959,77.88267365374554
STU_019960,66.39657165289175
STU_019961,72.39352472861889
STU_019962,80.09543772501185
STU_019963,59.869941245952845
STU_019964,68.50813030268186
STU_019965,65.69162371660441
STU_019966,81.32448323054415
STU_019967,96.35252517541115
STU_019968,73.3190317503176
STU_019969,54.792118601124905
STU_019970,90.83304509351481
STU_019971,88.63769392366372
STU_019972,71.71385812632035
STU_019973,76.08599755198155
STU_019974,86.07785143584258
STU_019975,73.85001116920263
STU_019976,75.12353132648731
STU_019977,67.01927480162085
STU_019978,57.436615834815825
STU_019979,55.75011809219825
STU_019980,61.384830853901875
STU_019981,99.17798309326172
STU_019982,72.84534596890624
STU_019983,85.01014539197494
STU_019984,95.59440836104092
STU_019985,81.3505199085896
STU_019986,95.48645545195372
STU_019987,81.4625066446495
STU_019988,67.4704117664734
STU_019989,68.08969049720626
STU_019990,77.9630915890901
STU_019991,80.5985093879812
STU_019992,87.79305462284223
STU_019993,85.15153186157066
STU_019994,52.82045761832772
STU_019995,77.01963879347251
STU_019996,60.27064858356258
STU_019997,86.45350294119382
STU_019998,55.109788112733234
STU_019999,91.8769623872837
STU_020000,74.4304673795586
