student_id,career_success_score
STU_010001,56.18136911509776
STU_010002,76.0114496361928
STU_010003,74.7398423223368
STU_010004,97.70619995826064
STU_010005,77.53923276830538
STU_010006,74.56075221137073
STU_010007,74.86012930600683
STU_010008,77.38167815757365
STU_010009,70.52554586703704
STU_010010,56.557540686949494
STU_010011,94.46944230652016
STU_010012,78.71456585390796
STU_010013,82.12830614762126
STU_010014,91.45244271711682
STU_010015,50.92615853235844
STU_010016,69.17735259543902
STU_010017,58.087375155125855
STU_010018,57.24745599175302
STU_010019,86.0673280895981
STU_010020,70.13094719099415
STU_010021,85.12203483554444
STU_010022,96.39651674197725
STU_010023,93.64431790177623
STU_010024,67.23867855819957
STU_010025,79.52785850067552
STU_010026,89.42774873985937
STU_010027,76.08564199350985
STU_010028,87.49041853887495
STU_010029,97.37129140548608
STU_010030,60.99773562847463
STU_010031,63.50946655985226
STU_010032,90.5415300998507
STU_010033,56.419956856476595
STU_010034,87.88153615382056
STU_010035,78.97719985541056
STU_010036,65.64787225558388
STU_010037,65.88275901313735
STU_010038,90.08608546815589
STU_010039,64.19089054233456
STU_010040,82.85111843797924
STU_010041,92.36243801036329
STU_010042,63.36656778430269
STU_010043,85.28016588770564
STU_010044,71.93346383267524
STU_010045,80.91758732807689
STU_010046,58.47845717097443
STU_010047,68.54932869216758
STU_010048,83.12559711379183
STU_010049,50.24415562413894
STU_010050,60.71508559758364
STU_010051,74.7399171620242
STU_010052,65.446111078027
STU_010053,60.859222989388705
STU_010054,70.76746470197013
STU_010055,64.89116295230525
STU_010056,60.88186674997027
STU_010057,64.14426122105014
STU_010058,98.7645145646784
STU_010059,88.22457123193757
STU_010060,72.52543461237893
STU_010061,39.82586203822598
STU_010062,78.0204089133581
STU_010063,66.68064775357051
STU_010064,90.12940658098542
STU_010065,53.90856393344313
STU_010066,59.74550035666097
STU_010067,91.68210156598742
STU_010068,58.079154247903986
STU_010069,65.71841157279655
STU_010070,60.29856777455315
STU_010071,95.06557370458546
STU_010072,66.67780433445978
STU_010073,95.2213363600624
STU_010074,57.3139666918497
STU_010075,76.83365129427175
STU_010076,96.4489735994222
STU_010077,84.62706632514845
STU_010078,87.17436946607226
STU_010079,79.98244179464868
STU_010080,80.14334649208794
STU_010081,61.41140391187151
STU_010082,77.59217930482194
STU_010083,78.74867531995744
STU_010084,82.12575806044643
STU_010085,72.33039102409134
STU_010086,78.18221593371655
STU_010087,71.91686984643871
STU_010088,66.35799470831168
STU_010089,85.20348309035248
STU_010090,77.1317192563586
STU_010091,55.08504838873215
STU_010092,70.87018896392621
STU_010093,62.79619964006772
STU_010094,90.54005758749031
STU_010095,55.971143329459785
STU_010096,82.67804128288047
STU_010097,70.32380655667843
STU_010098,83.59831000399934
STU_010099,68.79116586506527
STU_010100,71.85977087933256
STU_010101,78.4117702485844
STU_010102,63.33980222448635
STU_010103,89.74327975034774
STU_010104,54.85444386242932
STU_010105,96.88302856789244
STU_010106,50.237329745327514
STU_010107,81.30098891469547
STU_010108,77.41719061786091
STU_010109,69.87988453523513
STU_010110,78.8552792664206
STU_010111,90.34124966387347
STU_010112,81.73522957952427
STU_010113,69.96266100860744
STU_010114,83.12460255522608
STU_010115,79.98237585271745
STU_010116,90.36881111956822
STU_010117,79.82656047140165
STU_010118,90.57915937721067
STU_010119,69.24947737611855
STU_010120,69.63647511380066
STU_010121,79.35485277309915
STU_010122,74.6698709746864
STU_010123,94.10073615344265
STU_010124,74.1566176065509
STU_010125,85.69562846670235
STU_010126,71.04624328068554
STU_010127,56.999985903283076
STU_010128,91.68437029835265
STU_010129,81.7976708696489
STU_010130,75.10851877157471
STU_010131,61.992908731885514
STU_010132,72.06042891950368
STU_010133,73.86940488200767
STU_010134,66.93580507497329
STU_010135,41.641705195984805
STU_010136,70.62325690399796
STU_010137,62.97028490848213
STU_010138,77.44306110600533
STU_010139,79.19490183661506
STU_010140,88.77927187202566
STU_010141,62.11455914190455
STU_010142,86.57997559843635
STU_010143,74.13266598289596
STU_010144,74.93170080709919
STU_010145,94.58347258764775
STU_010146,79.18242860773037
STU_010147,52.665961754166275
STU_010148,55.277263303080716
STU_010149,60.73960716869916
STU_010150,91.62052144935913
STU_010151,70.86277847357734
STU_010152,84.6238775279027
STU_010153,73.47412727918386
STU_010154,80.66281017852377
STU_010155,63.44975133032657
STU_010156,93.85579421047919
STU_010157,99.7018131913635
STU_010158,71.69660356512995
STU_010159,86.37370923902431
STU_010160,64.9146703113993
STU_010161,94.3601763727444
STU_010162,99.1620653182272
STU_010163,79.14200337871792
STU_010164,73.30987671416854
STU_010165,73.6424271167376
STU_010166,88.36636767971606
STU_010167,84.94865055834947
STU_010168,76.67631273477029
STU_010169,71.63536320783497
STU_010170,88.37557318662093
STU_010171,71.1272264691791
STU_010172,99.65966963277444
STU_010173,70.38693737502263
STU_010174,76.43398057770695
STU_010175,76.48414496476288
STU_010176,68.9179906135606
STU_010177,90.5105706219938
STU_010178,82.88434290566978
STU_010179,80.82653113109309
STU_010180,79.0743857493893
STU_010181,76.98221626779694
STU_010182,74.72224751303683
STU_010183,78.21853879917643
STU_010184,83.96405444285139
STU_010185,64.09290597582216
STU_010186,86.89419458836355
STU_010187,63.492807501979975
STU_010188,89.98969448508831
STU_010189,75.20657141671471
STU_010190,58.86774566067874
STU_010191,49.234781426527334
STU_010192,85.38286151265129
STU_010193,61.7134965062146
STU_010194,85.35740755879225
STU_010195,83.71798384200852
STU_010196,68.71973351363673
STU_010197,76.16351386665478
STU_010198,82.67781019440056
STU_010199,96.92068012479331
STU_010200,72.49400522035681
STU_010201,99.17730226018712
STU_010202,78.79656741117824
STU_010203,72.47144009466122
STU_010204,94.50378970613147
STU_010205,84.04698059381391
STU_010206,90.51665216026757
STU_010207,50.154062798130184
STU_010208,72.24942099250164
STU_010209,62.74012874619624
STU_010210,89.57502911749734
STU_010211,74.34871969586565
STU_010212,92.34272651237607
STU_010213,89.8560185770302
STU_010214,65.9970591182417
STU_010215,67.89622322046817
STU_010216,59.53466124664895
STU_010217,83.0066960175512
STU_010218,58.122700095333684
STU_010219,83.43996679979834
STU_010220,68.77542896201399
STU_010221,81.2724715361552
STU_010222,55.686167708807474
STU_010223,79.20525586597586
STU_010224,99.57463846942295
STU_010225,61.58349949000382
STU_010226,86.38142634177068
STU_010227,57.782577144461065
STU_010228,89.40734823883548
STU_010229,75.61129628203736
STU_010230,60.8904672267263
STU_010231,54.36099607754026
STU_010232,94.55808737294149
STU_010233,59.06811620393019
STU_010234,80.81482850640343
STU_010235,49.58411247644416
STU_010236,91.27846059218305
STU_010237,82.86874418317848
STU_010238,74.77259244634467
STU_010239,50.62757327565747
STU_010240,72.07470791121294
STU_010241,80.60144932007042
STU_010242,78.09943528994448
STU_010243,64.95087841561664
STU_010244,88.74529886252446
STU_010245,57.98522392481054
STU_010246,46.71287255066532
STU_010247,94.2667295408122
STU_010248,86.53493852099139
STU_010249,68.21470138495633
STU_010250,97.07247372066055
STU_010251,76.90085277870102
STU_010252,99.87527800922037
STU_010253,61.81840676772578
STU_010254,96.48058147800214
STU_010255,67.85941836872082
STU_010256,61.41039258055133
STU_010257,74.75187344038085
STU_010258,81.49050759508656
STU_010259,79.6329731002674
STU_010260,63.099594311682964
STU_010261,63.22653969835383
STU_010262,54.160963283969224
STU_010263,58.51170265542523
STU_010264,99.81800829318551
STU_010265,68.09752175277646
STU_010266,80.49872712482913
STU_010267,63.1437641853005
STU_010268,84.04999032982434
STU_010269,76.1180511982086
STU_010270,90.278018688675
STU_010271,83.43995200901698
STU_010272,63.36157619901215
STU_010273,80.3130897564028
STU_010274,63.76761673956343
STU_010275,89.97978031800227
STU_010276,63.15803552297665
STU_010277,82.0684166096331
STU_010278,84.56853263589714
STU_010279,64.48773642676807
STU_010280,67.74972379695338
STU_010281,59.83020044323281
STU_010282,67.14545411502537
STU_010283,82.74032238980341
STU_010284,65.88176749812239
STU_010285,57.91650951803164
STU_010286,78.24385185212478
STU_010287,92.14821717690036
STU_010288,62.62802975594376
STU_010289,54.902345379102904
STU_010290,82.81898341685958
STU_010291,46.5617787116001
STU_010292,87.17221771472192
STU_010293,64.18065941922494
STU_010294,59.53628560856079
STU_010295,69.0932616701882
STU_010296,83.42412072882772
STU_010297,82.88835897791269
STU_010298,94.6483796092602
STU_010299,89.04103565341633
STU_010300,61.40374331887699
STU_010301,78.65439494507703
STU_010302,82.97995922475484
STU_010303,70.47960653225972
STU_010304,57.58028009115172
STU_010305,79.27129010857739
STU_010306,61.87097919729663
STU_010307,65.39246822104984
STU_010308,76.56339082010481
STU_010309,70.17857569469707
STU_010310,56.41680181445715
STU_010311,63.8602726366548
STU_010312,77.75256919179941
STU_010313,77.47722214765724
STU_010314,83.9135715868923
STU_010315,87.86288275163668
STU_010316,91.03387750890838
STU_010317,86.468244767868
STU_010318,73.17703406689252
STU_010319,90.51866468939113
STU_010320,97.90946915323696
STU_010321,67.39426070544016
STU_010322,93.5896781670904
STU_010323,72.52843114274276
STU_010324,93.02261622743103
STU_010325,93.60147233332765
STU_010326,78.69431387608545
STU_010327,66.06837491711735
STU_010328,82.27818029588886
STU_010329,93.7184697451947
STU_010330,83.48915244353296
STU_010331,96.99217407955582
STU_010332,63.538543592078405
STU_010333,99.89694662375462
STU_010334,73.38038493916201
STU_010335,92.19725752793715
STU_010336,54.991745455549605
STU_010337,62.51725098615509
STU_010338,86.6303856481925
STU_010339,77.92564893088642
STU_010340,61.264812566815415
STU_010341,95.85332494169084
STU_010342,59.99069431431456
STU_010343,60.41062723873781
STU_010344,78.18763541095016
STU_010345,82.55225404030621
STU_010346,87.70518727492322
STU_010347,51.595404323546155
STU_010348,60.88946149239619
STU_010349,86.57037355462224
STU_010350,82.22527781839085
STU_010351,72.05097814100088
STU_010352,70.34321624965276
STU_010353,94.44016775805129
STU_010354,74.09964590845597
STU_010355,77.7684254105181
STU_010356,86.7808012893422
STU_010357,93.27100322878053
STU_010358,77.86163901025525
STU_010359,61.9342447110716
STU_010360,69.3416330078985
STU_010361,98.3974426177702
STU_010362,73.80997994824678
STU_010363,76.70330363420321
STU_010364,95.59534544663569
STU_010365,84.8540315967519
STU_010366,95.2276448601321
STU_010367,70.25769143614475
STU_010368,64.1887975603271
STU_010369,90.59697829905254
STU_010370,83.62669477815471
STU_010371,69.12973689118172
STU_010372,76.03054748172883
STU_010373,72.31208353014682
STU_010374,83.42868093728912
STU_010375,98.09581413971536
STU_010376,55.218083253514514
STU_010377,76.88856088312694
STU_010378,77.40679423870947
STU_010379,69.67403170919522
STU_010380,62.940152171074814
STU_010381,75.03457710936961
STU_010382,90.51720733843601
STU_010383,79.3222735022286
STU_010384,93.1762384654647
STU_010385,80.34496705484794
STU_010386,62.77222179513615
STU_010387,60.92285285267472
STU_010388,96.12844611173466
STU_010389,72.502178154692
STU_010390,56.03582090859172
STU_010391,63.58246039589163
STU_010392,75.6118235363503
STU_010393,81.0293800055289
STU_010394,75.66358862831669
STU_010395,76.56614335226834
STU_010396,79.4859835085814
STU_010397,86.5810688531622
STU_010398,86.6445537606305
STU_010399,62.44094242299756
STU_010400,73.90320402444809
STU_010401,48.94201822990514
STU_010402,68.40494813373037
STU_010403,77.02896725046762
STU_010404,86.42788526350859
STU_010405,81.81372880701986
STU_010406,75.92487913447574
STU_010407,91.91706467239705
STU_010408,65.93118723504313
STU_010409,96.22815874501626
STU_010410,65.5293314813977
STU_010411,90.15843172656865
STU_010412,95.33538932481649
STU_010413,86.1168536771012
STU_010414,85.12148049252568
STU_010415,88.92888184566556
STU_010416,82.09947519333397
STU_010417,98.7634923981128
STU_010418,72.84134050561894
STU_010419,94.30929973085206
STU_010420,87.03243188080495
STU_010421,84.10657297689143
STU_010422,72.6650077783526
STU_010423,73.73440412885444
STU_010424,51.89791550115115
STU_010425,54.29033288732818
STU_010426,73.94554343831254
STU_010427,62.94652243623019
STU_010428,71.60560293463124
STU_010429,53.12267048926428
STU_010430,87.58925265577905
STU_010431,48.86388788520022
STU_010432,72.23724486491147
STU_010433,73.8038264405583
STU_010434,88.86784888870511
STU_010435,60.76171160800844
STU_010436,77.73590388314025
STU_010437,51.52346216662698
STU_010438,99.6955952070277
STU_010439,67.60071396848836
STU_010440,88.98759603926617
STU_010441,58.82067710903013
STU_010442,72.63322554296896
STU_010443,81.92886322894596
STU_010444,69.6876779408878
STU_010445,72.54319673276852
STU_010446,45.52377849517988
STU_010447,79.5300688407177
STU_010448,72.97594117952185
STU_010449,69.6878308308291
STU_010450,64.59894912414299
STU_010451,91.85067112351231
STU_010452,82.07417774929174
STU_010453,70.87132321670451
STU_010454,66.94132843694213
STU_010455,47.19619917027308
STU_010456,84.33414307846418
STU_010457,74.39055466900054
STU_010458,86.10593734169335
STU_010459,76.10621213833032
STU_010460,68.31064414101037
STU_010461,68.20177279815817
STU_010462,56.56676708100552
STU_010463,85.81218576497997
STU_010464,88.77658153622197
STU_010465,53.891681197437975
STU_010466,67.08830023794361
STU_010467,78.4422425874171
STU_010468,71.20256926008354
STU_010469,80.23125093666631
STU_010470,69.94879874789466
STU_010471,97.94131770791607
STU_010472,55.726697267414394
STU_010473,86.16970063420173
STU_010474,85.25640429114134
STU_010475,78.52324098557581
STU_010476,64.17801026510146
STU_010477,70.03329563582498
STU_010478,94.73792642996654
STU_010479,61.142219814944795
STU_010480,69.87927338855184
STU_010481,62.304720886537
STU_010482,74.9490275316057
STU_010483,92.99088067493268
STU_010484,73.89478849689425
STU_010485,47.7876525586821
STU_010486,72.22736260705223
STU_010487,93.35527797726995
STU_010488,81.94379089764496
STU_010489,82.13009697722873
STU_010490,82.09345896921677
STU_010491,71.55701354821304
STU_010492,73.53055854283375
STU_010493,79.6783371118667
STU_010494,59.43271557879451
STU_010495,39.25559828966544
STU_010496,97.09046509071133
STU_010497,64.78403751111414
STU_010498,73.35090994858473
STU_010499,67.36000033942076
STU_010500,69.80090503618374
STU_010501,76.47007088896726
STU_010502,68.00509086865613
STU_010503,78.10599788024268
STU_010504,69.56721658773371
STU_010505,61.18086581565975
STU_010506,88.87224780536754
STU_010507,67.01063356832441
STU_010508,62.9493785791502
STU_010509,80.37084734271758
STU_010510,48.94791041677544
STU_010511,60.32277768251322
STU_010512,72.11465469153688
STU_010513,92.60100252372698
STU_010514,74.17737997799404
STU_010515,85.46166896968256
STU_010516,81.95463858582615
STU_010517,98.46676110365308
STU_010518,50.958103962864605
STU_010519,86.42335628539145
STU_010520,86.61889386817727
STU_010521,98.548840601837
STU_010522,72.36498062258529
STU_010523,82.89160963419778
STU_010524,88.54719632140822
STU_010525,67.69472180713261
STU_010526,56.27150342589279
STU_010527,87.16623520063472
STU_010528,83.4848097354472
STU_010529,47.88897475955836
STU_010530,76.12408035906729
STU_010531,66.65970680086649
STU_010532,58.24914997150472
STU_010533,83.4144972702838
STU_010534,78.52817708520489
STU_010535,85.82620176558889
STU_010536,76.91002369472491
STU_010537,76.83064386412168
STU_010538,77.75915361471965
STU_010539,60.8529168568562
STU_010540,48.18251464157477
STU_010541,88.10803743708524
STU_010542,99.7087960406747
STU_010543,81.23548275477154
STU_010544,73.50305975850813
STU_010545,81.62452374999033
STU_010546,71.24983936312822
STU_010547,77.79731585463237
STU_010548,99.75101742671126
STU_010549,64.55918916203626
STU_010550,79.64829893944756
STU_010551,58.33236838712249
STU_010552,96.6170648561523
STU_010553,97.7547939179172
STU_010554,87.43993727464874
STU_010555,75.36933882931513
STU_010556,61.48138559953114
STU_010557,76.69736150227955
STU_010558,77.52429981973079
STU_010559,77.81477712243193
STU_010560,76.70177549021933
STU_010561,96.92294206759276
STU_010562,58.54508297539125
STU_010563,63.75585652349408
STU_010564,63.44197088139538
STU_010565,91.80495080069159
STU_010566,59.52089048266552
STU_010567,73.03349439072852
STU_010568,78.8376472135917
STU_010569,95.59360099823671
STU_010570,54.215255362690996
STU_010571,94.15072439629718
STU_010572,72.1716048158077
STU_010573,95.7552317371164
STU_010574,70.66947947483558
STU_010575,64.09871630766219
STU_010576,50.93489424594134
STU_010577,63.53075893241754
STU_010578,70.24883445471461
STU_010579,84.5199226634065
STU_010580,61.50767806522474
STU_010581,49.192546516700055
STU_010582,77.51325199386952
STU_010583,76.4822472361585
STU_010584,93.77236376609916
STU_010585,76.92448210707035
STU_010586,99.63224381690452
STU_010587,72.80966645043605
STU_010588,70.44230049894323
STU_010589,99.38012125754486
STU_010590,87.84587045268438
STU_010591,72.01662703564392
STU_010592,96.26980379678656
STU_010593,84.01952743186797
STU_010594,51.529087860471606
STU_010595,80.6721030259949
STU_010596,74.74897651528366
STU_010597,61.484826563336405
STU_010598,93.66953186842919
STU_010599,67.03954976753501
STU_010600,71.62407687255552
STU_010601,82.1549528829539
STU_010602,68.36874094736794
STU_010603,79.27544330525075
STU_010604,73.78215389614459
STU_010605,62.79009026607339
STU_010606,94.71078670739067
STU_010607,85.66419152724414
STU_010608,63.99822417820331
STU_010609,77.84403021101875
STU_010610,78.2520307343564
STU_010611,88.16453529017723
STU_010612,58.67656225581896
STU_010613,93.78966306940137
STU_010614,99.58299277700532
STU_010615,89.82308001730149
STU_010616,89.86586918143045
STU_010617,55.33517501858878
STU_010618,81.15952714429005
STU_010619,98.69020275759677
STU_010620,66.06354546015532
STU_010621,67.16425124541526
STU_010622,56.905659842853034
STU_010623,86.92485175592992
STU_010624,60.110143049298365
STU_010625,67.418489275241
STU_010626,90.36424817272574
STU_010627,91.57079427120252
STU_010628,59.31997981275311
STU_010629,81.13363188325877
STU_010630,78.64750077194759
STU_010631,92.65366956955032
STU_010632,65.92244480794918
STU_010633,75.65663133640733
STU_010634,76.72098639345423
STU_010635,62.76745343537205
STU_010636,81.61361177327589
STU_010637,62.70606149734928
STU_010638,75.00146870203292
STU_010639,67.6759322660935
STU_010640,56.51544294261648
STU_010641,68.00378045431333
STU_010642,97.33428658251208
STU_010643,89.49305297810187
STU_010644,73.35632792787054
STU_010645,80.6693381857059
STU_010646,96.11494148211142
STU_010647,68.23999627875925
STU_010648,73.37479196687732
STU_010649,74.98242727871983
STU_010650,85.6704786794575
STU_010651,80.58090305242023
STU_010652,67.50611922231867
STU_010653,86.884573319156
STU_010654,88.38355585884413
STU_010655,88.36970171328542
STU_010656,76.16109431429858
STU_010657,79.20312855049092
STU_010658,74.49170950913026
STU_010659,95.50175626937721
STU_010660,91.37476230442854
STU_010661,69.77415331879058
STU_010662,96.17085444175456
STU_010663,70.28421236801807
STU_010664,73.0858243308682
STU_010665,61.635276172211675
STU_010666,95.76725843903803
STU_010667,91.67823631163387
STU_010668,69.81467978887413
STU_010669,74.30421844481347
STU_010670,88.70189118671792
STU_010671,62.70508921750467
STU_010672,55.92958951345507
STU_010673,87.65886722912393
STU_010674,98.7232919879274
STU_010675,93.47339266644161
STU_010676,83.28777390881768
STU_010677,76.73817896135874
STU_010678,75.65482163605236
STU_010679,69.34482708568976
STU_010680,91.51178759684456
STU_010681,86.08959949971835
STU_010682,50.76214976686786
STU_010683,72.60031029783423
STU_010684,76.06663001811137
STU_010685,85.58239209642478
STU_010686,78.50868334903856
STU_010687,62.5360348989051
STU_010688,98.55388085542735
STU_010689,85.51647736858806
STU_010690,99.61991315040322
STU_010691,75.35887220716485
STU_010692,88.5235237950071
STU_010693,75.92340055702195
STU_010694,70.72693649654201
STU_010695,60.73477471549701
STU_010696,52.194041971016716
STU_010697,69.69380949779305
STU_010698,91.60427946799396
STU_010699,80.90078634262859
STU_010700,92.2549734233013
STU_010701,84.02211469033719
STU_010702,66.5236938629088
STU_010703,98.12976682744205
STU_010704,99.61020944882836
STU_010705,80.26615253272844
STU_010706,94.45484298469543
STU_010707,77.77057816982934
STU_010708,77.38918081320385
STU_010709,64.73934971950098
STU_010710,56.63672146881103
STU_010711,99.668539941726
STU_010712,50.00250663919668
STU_010713,89.79834719657899
STU_010714,65.6662928623987
STU_010715,81.18524568168195
STU_010716,51.92012882433123
STU_010717,85.72312617917322
STU_010718,78.02980022224119
STU_010719,82.62134069593213
STU_010720,51.759090227766436
STU_010721,67.02752908271005
STU_010722,99.87102600921534
STU_010723,71.91995911371681
STU_010724,82.08154589282596
STU_010725,66.38068372283217
STU_010726,66.1768108458331
STU_010727,48.54782451668923
STU_010728,72.923356184644
STU_010729,94.56553637744219
STU_010730,94.75827230141735
STU_010731,72.11802334077584
STU_010732,73.77620754046764
STU_010733,98.4336728677507
STU_010734,84.17967391521032
STU_010735,70.25251942271558
STU_010736,67.51813149052967
STU_010737,67.45847523935711
STU_010738,66.982085641873
STU_010739,71.35908511959992
STU_010740,66.26492344860624
STU_010741,84.73898854951511
STU_010742,66.04331132432179
STU_010743,96.68566324541965
STU_010744,76.39244052092756
STU_010745,66.72398025120215
STU_010746,70.38959307449048
STU_010747,87.60399563062931
STU_010748,73.97114745293074
STU_010749,84.17329980583575
STU_010750,78.51610645186551
STU_010751,71.79798410279092
STU_010752,63.48708307181231
STU_010753,75.93569464376549
STU_010754,84.71508837279906
STU_010755,60.134243849016435
STU_010756,91.16960307045257
STU_010757,56.4114608669513
STU_010758,82.58584457692419
STU_010759,90.16456408810899
STU_010760,83.92032914179269
STU_010761,74.89642033851065
STU_010762,73.98277495109258
STU_010763,62.77522717860292
STU_010764,51.93043236456883
STU_010765,85.49784541618722
STU_010766,61.15821503444438
STU_010767,72.29925445713887
STU_010768,56.8693778200641
STU_010769,88.56250677731637
STU_010770,69.04215747304195
STU_010771,44.94282745472843
STU_010772,68.73379233645171
STU_010773,86.29982301451189
STU_010774,85.76754763591144
STU_010775,93.36651139295259
STU_010776,42.6468397622651
STU_010777,79.10783530803184
STU_010778,53.98486431203167
STU_010779,63.50552022105458
STU_010780,81.99504133982144
STU_010781,78.18511135820981
STU_010782,84.72455142749241
STU_010783,50.78452859571281
STU_010784,70.14736661877335
STU_010785,84.70935060960187
STU_010786,83.73337297089819
STU_010787,71.68401933052407
STU_010788,70.69649414492585
STU_010789,95.57170261691184
STU_010790,60.80526372859656
STU_010791,58.543849735580196
STU_010792,94.499046903845
STU_010793,83.56692686035058
STU_010794,58.49012235053379
STU_010795,78.96971739854739
STU_010796,80.85427408190586
STU_010797,56.48214553341786
STU_010798,61.667101474094906
STU_010799,87.71407729317347
STU_010800,65.59039917950383
STU_010801,63.88365488525827
STU_010802,84.01747118819704
STU_010803,80.99516338820132
STU_010804,53.58013533834899
STU_010805,71.00990269900717
STU_010806,84.12930219968533
STU_010807,95.14534284606083
STU_010808,67.2905865664525
STU_010809,99.6705263173488
STU_010810,85.072557253014
STU_010811,75.89635695953403
STU_010812,80.30805766804775
STU_010813,94.37748220247843
STU_010814,68.49206303442023
STU_010815,86.16281792182237
STU_010816,99.79763919140149
STU_010817,87.64736438424666
STU_010818,85.48350171769447
STU_010819,80.50292641998045
STU_010820,93.92510872124657
STU_010821,98.10635063115899
STU_010822,61.81259385638571
STU_010823,91.88865848129018
STU_010824,88.72238230141848
STU_010825,83.84505524445638
STU_010826,82.45650497467366
STU_010827,58.84544274769557
STU_010828,72.38151225508048
STU_010829,71.25753507818764
STU_010830,75.63632972814057
STU_010831,92.19355681996745
STU_010832,96.39855148471517
STU_010833,82.38367428972066
STU_010834,69.85120675762506
STU_010835,80.93530559155552
STU_010836,84.85423262689594
STU_010837,79.6948846971935
STU_010838,89.82238898063628
STU_010839,68.54634324502355
STU_010840,80.26561309441436
STU_010841,86.46630109781853
STU_010842,88.51774935104311
STU_010843,74.12123871713818
STU_010844,52.63610203707106
STU_010845,91.84422016241238
STU_010846,79.18857218354444
STU_010847,99.30207566531888
STU_010848,73.19313726591439
STU_010849,75.20816962849182
STU_010850,60.58409865490582
STU_010851,95.81034286375865
STU_010852,62.38814492883022
STU_010853,88.54339464275225
STU_010854,88.67266044054107
STU_010855,66.43356975412168
STU_010856,56.41447030635813
STU_010857,66.75241990751444
STU_010858,50.837709332114144
STU_010859,68.6313501877121
STU_010860,94.28438769217851
STU_010861,77.12895538125944
STU_010862,66.29713791463237
STU_010863,82.05123341696157
STU_010864,90.59571467058875
STU_010865,78.40578812629057
STU_010866,94.35566675814029
STU_010867,51.71283774491205
STU_010868,65.19545251544847
STU_010869,81.06290476272103
STU_010870,61.73263224226389
STU_010871,85.53757643396607
STU_010872,85.82608443708571
STU_010873,45.752780561313955
STU_010874,64.87944133293982
STU_010875,82.97035226793896
STU_010876,67.3281394119492
STU_010877,74.47310689767953
STU_010878,77.0498646638204
STU_010879,67.17388942268025
STU_010880,82.25004026951521
STU_010881,98.65361316732061
STU_010882,76.40448774186768
STU_010883,81.45253383088173
STU_010884,60.63093926195047
STU_010885,66.48526962981663
STU_010886,97.59161390118945
STU_010887,57.615560287351286
STU_010888,84.98823344256844
STU_010889,94.30248568907001
STU_010890,80.2369239150667
STU_010891,98.28157532548934
STU_010892,82.62455288234028
STU_010893,72.77151070643706
STU_010894,84.46195253648996
STU_010895,67.66041130254162
STU_010896,71.49974817216429
STU_010897,66.72143563127747
STU_010898,81.63086530273478
STU_010899,61.03860922414272
STU_010900,67.49511296227423
STU_010901,60.84083004194132
STU_010902,90.29078529934912
STU_010903,56.45130838173516
STU_010904,75.04178089246159
STU_010905,66.60655177068311
STU_010906,52.108223685007616
STU_010907,97.40770049641807
STU_010908,86.05089549610784
STU_010909,86.46194194406549
STU_010910,82.81790539565017
STU_010911,80.63657544244562
STU_010912,90.55550592915732
STU_010913,77.00923721508002
STU_010914,91.26353577823454
STU_010915,74.74757770763917
STU_010916,68.78088391486152
STU_010917,81.81437329524982
STU_010918,77.8012808649698
STU_010919,89.25472970887745
STU_010920,69.92563087267918
STU_010921,79.30222994861084
STU_010922,79.73733733368287
STU_010923,90.70340359285566
STU_010924,95.50609645137698
STU_010925,66.43230508432367
STU_010926,93.12814287012944
STU_010927,62.54362410747983
STU_010928,74.61582597556882
STU_010929,68.65299478734006
STU_010930,90.30849352426435
STU_010931,70.40493276837351
STU_010932,88.71243890186183
STU_010933,71.91922342773708
STU_010934,87.88470170826115
STU_010935,70.24059008927047
STU_010936,65.0503266759252
STU_010937,72.81950338566755
STU_010938,62.03329229165915
STU_010939,81.65336797821764
STU_010940,47.22005875461778
STU_010941,97.56537260564535
STU_010942,80.35445312699018
STU_010943,54.46122450620527
STU_010944,58.626873083671995
STU_010945,76.34160478709205
STU_010946,84.8959987488932
STU_010947,74.90180518617156
STU_010948,93.5522634132245
STU_010949,97.43524550288458
STU_010950,64.7179107999209
STU_010951,71.32514615102531
STU_010952,60.23444955735057
STU_010953,84.92328927156285
STU_010954,52.975191076207125
STU_010955,62.27348232382837
STU_010956,98.67638661361535
STU_010957,86.85608489649874
STU_010958,69.53500667504878
STU_010959,87.26453622569014
STU_010960,84.89438978767916
STU_010961,75.22323692497011
STU_010962,91.71345673096235
STU_010963,73.02191958155514
STU_010964,77.19778670427408
STU_010965,66.81441596799213
STU_010966,54.72908057392484
STU_010967,68.17944252128174
STU_010968,65.86299901517633
STU_010969,58.26667604481696
STU_010970,85.87317753811735
STU_010971,69.3775852798017
STU_010972,72.38541906134347
STU_010973,75.83127325873622
STU_010974,66.88704974813673
STU_010975,78.3425920341408
STU_010976,83.45688119492446
STU_010977,86.52661984981152
STU_010978,97.05379026333313
STU_010979,73.748469538597
STU_010980,78.32302286646669
STU_010981,92.41519314167331
STU_010982,73.62745378601474
STU_010983,70.78323107412969
STU_010984,75.49666287476944
STU_010985,52.689232884185245
STU_010986,90.19741484459693
STU_010987,90.30185605528006
STU_010988,66.65872847578694
STU_010989,84.61472211908726
STU_010990,77.09123925637525
STU_010991,59.32982028724902
STU_010992,82.34732680846244
STU_010993,73.14055686122349
STU_010994,83.15115548631
STU_010995,97.76764466519394
STU_010996,60.55324641530979
STU_010997,67.46864769685752
STU_010998,68.41456644100977
STU_010999,69.85535724861865
STU_011000,77.20600061570869
STU_011001,60.48532179669173
STU_011002,77.92847489248383
STU_011003,63.105325590735916
STU_011004,83.01808556737117
STU_011005,72.02917833670533
STU_011006,81.44130561092257
STU_011007,66.71790952546132
STU_011008,80.85528930870217
STU_011009,96.5875680300036
STU_011010,97.43828989012434
STU_011011,65.18665521577898
STU_011012,85.17323132475262
STU_011013,55.01752558870209
STU_011014,69.08376557129156
STU_011015,97.9655573310948
STU_011016,62.54257917524972
STU_011017,76.11903544568422
STU_011018,87.65909728124826
STU_011019,62.5747439084643
STU_011020,90.19916080527945
STU_011021,64.93294720265239
STU_011022,84.46337712280425
STU_011023,72.93278454131934
STU_011024,76.62709396627837
STU_011025,67.75042711632712
STU_011026,77.11995808436089
STU_011027,72.23578498689528
STU_011028,91.06042896360165
STU_011029,80.02272429113941
STU_011030,60.086414932829435
STU_011031,58.15111968629644
STU_011032,63.165526519684875
STU_011033,56.59300945313499
STU_011034,73.67466218512358
STU_011035,89.60519438343141
STU_011036,96.85120440322902
STU_011037,93.07132814394339
STU_011038,85.98179501868842
STU_011039,60.227329930609564
STU_011040,76.9251103714121
STU_011041,54.74705165667909
STU_011042,60.983098782212295
STU_011043,65.42211610851551
STU_011044,62.51951109683189
STU_011045,97.51267786159055
STU_011046,80.80138564452403
STU_011047,81.68077729869322
STU_011048,65.44255035897058
STU_011049,81.08103097147165
STU_011050,75.58973128198186
STU_011051,89.4535396469151
STU_011052,99.7406683442982
STU_011053,50.962381435726556
STU_011054,72.79682729301105
STU_011055,62.02919173243168
STU_011056,58.07409625175808
STU_011057,92.79790254657689
STU_011058,99.78899243279977
STU_011059,98.00421582913248
STU_011060,71.09714603107578
STU_011061,62.12166139694479
STU_011062,62.86196142589378
STU_011063,89.82420459905263
STU_011064,72.49035182736395
STU_011065,72.79155825745342
STU_011066,72.19406160408683
STU_011067,88.29700454316468
STU_011068,95.5462685247758
STU_011069,93.35071644014008
STU_011070,68.42819292032713
STU_011071,89.2152710342572
STU_011072,92.53271839539636
STU_011073,73.45944884424131
STU_011074,90.77859584254504
STU_011075,69.04856216576617
STU_011076,97.48650301361909
STU_011077,74.70510643967299
STU_011078,70.88545032786658
STU_011079,66.51658459654054
STU_011080,60.77430697299035
STU_011081,86.69967249608555
STU_011082,51.462872001729
STU_011083,96.33504728587012
STU_011084,73.32321422536552
STU_011085,89.44950826527716
STU_011086,63.44977890837244
STU_011087,74.8550948478107
STU_011088,76.8507900934059
STU_011089,90.50202511093119
STU_011090,93.69938291067186
STU_011091,81.8148524543655
STU_011092,66.42363499771416
STU_011093,79.22543035103206
STU_011094,60.453195038684484
STU_011095,81.02079729360318
STU_011096,59.27268845244924
STU_011097,89.98172191908633
STU_011098,89.16649730820693
STU_011099,84.78157058491924
STU_011100,59.36850155361639
STU_011101,61.96214431767228
STU_011102,79.48372346558037
STU_011103,66.70403368379104
STU_011104,94.53256800644704
STU_011105,74.44553621230938
STU_011106,84.5715991625165
STU_011107,56.18490023803433
STU_011108,81.2678239418629
STU_011109,95.23971797384137
STU_011110,99.51540377332219
STU_011111,76.4945502034048
STU_011112,75.5247908272916
STU_011113,82.49692105222641
STU_011114,92.06528382939874
STU_011115,94.00177933156243
STU_011116,86.91921033744183
STU_011117,70.63934636339134
STU_011118,71.86656125821558
STU_011119,79.2527275843416
STU_011120,78.70236175408468
STU_011121,77.59976008040735
STU_011122,60.27083881187562
STU_011123,99.21707070275286
STU_011124,62.86042624704716
STU_011125,99.74707584689234
STU_011126,87.41137577752177
STU_011127,76.54011721566825
STU_011128,65.70089417106968
STU_011129,87.82847057269632
STU_011130,60.92776888841211
STU_011131,86.64081753175972
STU_011132,73.60298720940335
STU_011133,82.314551262402
STU_011134,59.21421619895791
STU_011135,59.582886537635865
STU_011136,94.61252358734356
STU_011137,75.65092747094927
STU_011138,99.80233178197648
STU_011139,72.36874149862021
STU_011140,86.24616101084302
STU_011141,53.243610055091416
STU_011142,94.53922486596124
STU_011143,82.17318243508814
STU_011144,66.75778692450064
STU_011145,64.36145769360755
STU_011146,66.16179776520899
STU_011147,94.58001799568802
STU_011148,93.25524486397283
STU_011149,90.90041677735945
STU_011150,79.852791268343
STU_011151,95.87880701096688
STU_011152,63.862987210099675
STU_011153,74.95659305390512
STU_011154,73.86903151077163
STU_011155,67.84924832258254
STU_011156,74.87289019477427
STU_011157,59.51774733516604
STU_011158,70.65195513726547
STU_011159,69.03893482648856
STU_011160,53.0099075203377
STU_011161,88.78315536904256
STU_011162,70.98713136500551
STU_011163,72.03107231328154
STU_011164,86.47036180030828
STU_011165,74.99568778263442
STU_011166,73.93835599836044
STU_011167,69.70293538933522
STU_011168,81.83771942120416
STU_011169,87.10447511445535
STU_011170,60.245178406203124
STU_011171,71.19670416999477
STU_011172,97.93803265138051
STU_011173,92.41864505240748
STU_011174,70.85337171300688
STU_011175,63.99389395987681
STU_011176,81.61060050167292
STU_011177,72.80010137200433
STU_011178,91.98114426566579
STU_011179,85.58106397815814
STU_011180,68.35251244360158
STU_011181,82.14900605921723
STU_011182,94.18773270842804
STU_011183,56.55633145517173
STU_011184,79.74539944303638
STU_011185,79.27654435532125
STU_011186,46.72920552682311
STU_011187,84.12015749844903
STU_011188,80.34428600555997
STU_011189,47.06417976597028
STU_011190,80.72378982821354
STU_011191,94.0662888538497
STU_011192,79.76782935692592
STU_011193,69.29085968595945
STU_011194,89.38106815668479
STU_011195,81.20383745097233
STU_011196,90.53627639165174
STU_011197,98.55064070294658
STU_011198,75.57892428215395
STU_011199,91.56483245456783
STU_011200,72.27914926137728
STU_011201,55.91011972686931
STU_011202,61.56581338479358
STU_011203,79.53383045861271
STU_011204,88.04301986084846
STU_011205,87.19092125540168
STU_011206,82.84505947786366
STU_011207,59.17906763572666
STU_011208,71.61788448952947
STU_011209,78.65226528162079
STU_011210,71.60593072339356
STU_011211,78.77614322299945
STU_011212,74.21702555406709
STU_011213,84.91148290580301
STU_011214,56.96922259702482
STU_011215,93.66139022895916
STU_011216,60.01134785574135
STU_011217,99.83401328205724
STU_011218,65.31572557551763
STU_011219,86.1082144447327
STU_011220,65.80132737929534
STU_011221,79.4757563050127
STU_011222,91.35893692018774
STU_011223,65.95114331093511
STU_011224,99.18295370582514
STU_011225,46.93264869273952
STU_011226,84.69163478155748
STU_011227,63.91992896125711
STU_011228,96.36750154079735
STU_011229,83.92929910288959
STU_011230,81.64118627366017
STU_011231,93.28329371713099
STU_011232,84.03632339082168
STU_011233,71.50012168289281
STU_011234,80.71898825261044
STU_011235,97.64422911427124
STU_011236,66.85501985766733
STU_011237,64.72730629200467
STU_011238,68.4242707150922
STU_011239,81.73597304107184
STU_011240,89.42553662724715
STU_011241,98.66145966517512
STU_011242,63.54696549046916
STU_011243,64.69930012438434
STU_011244,53.65482721758377
STU_011245,71.91913590706073
STU_011246,72.4474369394232
STU_011247,85.52302164638692
STU_011248,68.18175024514935
STU_011249,69.21572579572364
STU_011250,70.92548405097526
STU_011251,73.7573376153936
STU_011252,76.58854193189231
STU_011253,78.35312465083693
STU_011254,98.96201841024244
STU_011255,88.22327327532984
STU_011256,79.75601107846742
STU_011257,52.701909953468494
STU_011258,79.04792178947473
STU_011259,80.92920340761799
STU_011260,99.90226328319588
STU_011261,63.694182279876244
STU_011262,88.69252163145187
STU_011263,56.49240480591094
STU_011264,49.120101877170555
STU_011265,76.22150871654351
STU_011266,78.15699760695762
STU_011267,89.07968772790142
STU_011268,68.32887239017714
STU_011269,93.52326552505711
STU_011270,74.51462811884433
STU_011271,79.70988113203884
STU_011272,88.6514865340771
STU_011273,73.79903888965671
STU_011274,82.53643791740421
STU_011275,72.7663938272795
STU_011276,81.40967815401896
STU_011277,73.68802926700103
STU_011278,71.07698624358729
STU_011279,99.62500711871444
STU_011280,77.516537510775
STU_011281,69.00584907643498
STU_011282,92.08706632620337
STU_011283,79.02631540902705
STU_011284,55.59500869879427
STU_011285,95.35869348071601
STU_011286,79.785007509722
STU_011287,73.87117044791499
STU_011288,74.4384970203617
STU_011289,63.868631554414144
STU_011290,67.59670584586527
STU_011291,83.28314441326393
STU_011292,42.86309830654878
STU_011293,94.13691014748136
STU_011294,75.17598039151642
STU_011295,79.81652232954158
STU_011296,98.05850997690463
STU_011297,71.58040391262992
STU_011298,56.92347152482936
STU_011299,82.29450136031659
STU_011300,91.93923202266615
STU_011301,99.63928972902666
STU_011302,72.50678864355365
STU_011303,81.24005195903553
STU_011304,84.5694091929775
STU_011305,75.12653538944853
STU_011306,72.05380960769737
STU_011307,61.926984760475264
STU_011308,51.106561009814506
STU_011309,80.3539522885123
STU_011310,52.143673663268146
STU_011311,87.14432713979416
STU_011312,68.05580526171138
STU_011313,86.6404356026586
STU_011314,60.239281763813004
STU_011315,82.84422880552088
STU_011316,58.81677084336891
STU_011317,76.46285099233702
STU_011318,60.841283803743885
STU_011319,89.04504754268471
STU_011320,57.80261679840656
STU_011321,90.14163109776567
STU_011322,64.76955345545944
STU_011323,48.75648292919696
STU_011324,61.81228687998297
STU_011325,56.267204059026035
STU_011326,80.2190635985725
STU_011327,80.70172013206889
STU_011328,86.91826944535384
STU_011329,60.69097939985827
STU_011330,53.12269016407378
STU_011331,57.73537009673323
STU_011332,92.74226077328308
STU_011333,63.68125483445403
STU_011334,85.03845180656816
STU_011335,66.73856578469503
STU_011336,59.41957063619403
STU_011337,83.82898938835598
STU_011338,94.52560654446903
STU_011339,71.7842764593319
STU_011340,71.85505477348941
STU_011341,99.1389946933192
STU_011342,84.03746827726641
STU_011343,83.08803430790104
STU_011344,41.73547639952531
STU_011345,65.14791994424155
STU_011346,72.5898652837338
STU_011347,99.64998046253524
STU_011348,79.48435976785568
STU_011349,99.73621490785267
STU_011350,66.96308769097054
STU_011351,75.33677952758926
STU_011352,80.02838297246797
STU_011353,68.78181677203602
STU_011354,92.17332516206358
STU_011355,66.84931640957232
STU_011356,84.17886648089694
STU_011357,70.68288690317208
STU_011358,95.19746418715583
STU_011359,99.8632038286852
STU_011360,99.95071914252863
STU_011361,66.46643510759405
STU_011362,78.10963638753125
STU_011363,99.87157110297193
STU_011364,90.28888042148873
STU_011365,66.32367035656654
STU_011366,87.17442645703156
STU_011367,72.21239661134754
STU_011368,84.01903716216937
STU_011369,68.363766780534
STU_011370,82.62500566488983
STU_011371,68.14215347515591
STU_011372,95.39051843762581
STU_011373,65.17969198849691
STU_011374,76.1213758647632
STU_011375,87.42878679645374
STU_011376,49.07492984965662
STU_011377,99.82354844549431
STU_011378,85.09843203062898
STU_011379,85.96221175189099
STU_011380,73.44842929676231
STU_011381,61.686204041061096
STU_011382,80.86133340371806
STU_011383,94.87296866563612
STU_011384,70.18710396305325
STU_011385,80.09135321412666
STU_011386,68.98354081634638
STU_011387,54.82453737839845
STU_011388,60.66082922228779
STU_011389,58.348336943721165
STU_011390,90.90588072163659
STU_011391,57.969911490590235
STU_011392,73.29461871319752
STU_011393,75.07852851409011
STU_011394,80.22831645203141
STU_011395,84.15176339602232
STU_011396,89.62813766742613
STU_011397,67.01746894203875
STU_011398,99.92365542778714
STU_011399,72.8626765853258
STU_011400,69.68417558469679
STU_011401,73.6859354276712
STU_011402,75.49198317018455
STU_011403,79.69067614902805
STU_011404,99.74681508363261
STU_011405,82.68215315010782
STU_011406,85.17111680450381
STU_011407,97.92969108011432
STU_011408,73.27018756205194
STU_011409,87.2686399301996
STU_011410,71.8308537389116
STU_011411,95.45645097761322
STU_011412,71.61939421827861
STU_011413,63.05378928662894
STU_011414,91.36352518456408
STU_011415,74.57560613146245
STU_011416,97.91018876445834
STU_011417,78.93852618805987
STU_011418,60.22128971830703
STU_011419,73.0360792320177
STU_011420,92.68668495771045
STU_011421,91.96087670690737
STU_011422,74.99128568706374
STU_011423,62.44198118698096
STU_011424,71.12802833227741
STU_011425,68.57514369378806
STU_011426,99.43141068588152
STU_011427,64.0846593245874
STU_011428,91.6809926015138
STU_011429,73.01166006931415
STU_011430,73.21166338435572
STU_011431,77.14260192160957
STU_011432,68.37422668785737
STU_011433,94.36040898070632
STU_011434,94.13260068114505
STU_011435,71.04173015669231
STU_011436,89.62344359764512
STU_011437,62.34106964326082
STU_011438,66.62467377199413
STU_011439,75.08423837090096
STU_011440,69.91032579754129
STU_011441,75.3871893472574
STU_011442,73.92485773823874
STU_011443,70.74685066747345
STU_011444,75.77141473792001
STU_011445,67.82038517604288
STU_011446,58.447200581032185
STU_011447,92.35839816739633
STU_011448,62.42657563209757
STU_011449,69.95638052303238
STU_011450,80.13980020616347
STU_011451,82.71649517829671
STU_011452,74.98725924766767
STU_011453,75.70622182041302
STU_011454,66.09248763994844
STU_011455,51.10168458952094
STU_011456,91.41541226998577
STU_011457,67.38854103675757
STU_011458,97.08469464190094
STU_011459,71.97142942665256
STU_011460,84.10489590669165
STU_011461,77.2638632829992
STU_011462,82.4547863788283
STU_011463,79.90188146343165
STU_011464,75.28616177273534
STU_011465,65.52595181671907
STU_011466,81.61667009734857
STU_011467,72.17357351615199
STU_011468,61.788004229072754
STU_011469,71.19421370097642
STU_011470,96.91711581757164
STU_011471,59.760701875896345
STU_011472,69.65364341472217
STU_011473,77.66597466874069
STU_011474,90.39628375709337
STU_011475,86.33807747488764
STU_011476,97.2993170230431
STU_011477,98.74187218509984
STU_011478,49.981121948571676
STU_011479,66.33460081386275
STU_011480,98.98373548314689
STU_011481,72.11428533772744
STU_011482,61.70343701728096
STU_011483,96.3859110199088
STU_011484,74.47549183255883
STU_011485,75.78644258152185
STU_011486,59.7833243427673
STU_011487,78.72597271710515
STU_011488,72.82804000750872
STU_011489,73.83112273920925
STU_011490,82.71734721443583
STU_011491,56.2945549249157
STU_011492,81.88554350121503
STU_011493,95.63779814027026
STU_011494,85.32969918503086
STU_011495,83.45238564659351
STU_011496,94.67197083108634
STU_011497,73.17202573938147
STU_011498,75.04564138820525
STU_011499,80.46274912368338
STU_011500,75.46139152574926
STU_011501,64.95446720597258
STU_011502,49.615473908550655
STU_011503,88.70307398224952
STU_011504,61.87504535143924
STU_011505,71.23969986811149
STU_011506,56.13559691567873
STU_011507,68.60246768796573
STU_011508,83.66908881546394
STU_011509,68.39773984563764
STU_011510,81.01072110959252
STU_011511,97.34217244227155
STU_011512,51.00097027092465
STU_011513,79.78914657656539
STU_011514,80.38541085620784
STU_011515,66.504603644349
STU_011516,80.6874179901607
STU_011517,88.56790232310303
STU_011518,98.45193857855789
STU_011519,63.622719042598035
STU_011520,45.86809068802946
STU_011521,48.427226835687286
STU_011522,99.89030802677789
STU_011523,73.89035364743432
STU_011524,87.208370041028
STU_011525,99.11787760624057
STU_011526,87.61853658778016
STU_011527,89.59999289522592
STU_011528,87.23418897435089
STU_011529,82.31595267711182
STU_011530,62.626454444042125
STU_011531,77.11284627136423
STU_011532,74.69823372528462
STU_011533,75.04493618486643
STU_011534,76.15090952528445
STU_011535,68.05024503248825
STU_011536,56.57452365421394
STU_011537,54.99294353279382
STU_011538,71.39837870251995
STU_011539,70.26908361391192
STU_011540,77.43453770538835
STU_011541,80.14691299590166
STU_011542,60.918064685125884
STU_011543,79.94761350983163
STU_011544,84.90849732553002
STU_011545,91.41064035534276
STU_011546,59.8698525793528
STU_011547,94.72943391368042
STU_011548,81.41121406382032
STU_011549,62.28827868178325
STU_011550,81.35931487970016
STU_011551,75.7198650474241
STU_011552,55.02113731577554
STU_011553,76.91246692450173
STU_011554,81.38477000620861
STU_011555,84.67717841614714
STU_011556,99.86552627111183
STU_011557,57.975235602957426
STU_011558,99.87985738136067
STU_011559,93.48440173398023
STU_011560,95.09884215283428
STU_011561,67.19508251669903
STU_011562,99.3596179947311
STU_011563,95.95061087761695
STU_011564,56.907723101969516
STU_011565,74.04787891682122
STU_011566,72.07088267983133
STU_011567,61.345452100791256
STU_011568,58.871163542102806
STU_011569,76.79633892558329
STU_011570,99.54710462257843
STU_011571,76.48960642485201
STU_011572,86.58217670821168
STU_011573,72.73196464855877
STU_011574,66.53193824751123
STU_011575,71.82832192596219
STU_011576,77.91197013917352
STU_011577,63.40214127660537
STU_011578,65.92011172430375
STU_011579,72.1889301962594
STU_011580,93.96088738527149
STU_011581,60.31854483153904
STU_011582,84.78436596028189
STU_011583,65.97381463076671
STU_011584,87.08396544737825
STU_011585,84.5813845725907
STU_011586,82.1223265279799
STU_011587,95.15930916864464
STU_011588,92.71429977462543
STU_011589,84.57538018364282
STU_011590,68.74384688194839
STU_011591,62.61511524331452
STU_011592,94.9268327629354
STU_011593,76.56146661180232
STU_011594,98.14094630138524
STU_011595,93.14285311384492
STU_011596,73.77587490932098
STU_011597,69.09352829632833
STU_011598,79.43190116320083
STU_011599,63.40043433519371
STU_011600,60.179741111281295
STU_011601,71.63034892504751
STU_011602,89.80933747441945
STU_011603,64.81258024084224
STU_011604,83.44716298709096
STU_011605,83.29772551684738
STU_011606,64.43621789009252
STU_011607,94.90777120848446
STU_011608,88.79408057019532
STU_011609,65.16366145893818
STU_011610,82.88784906571188
STU_011611,54.151289118171064
STU_011612,79.55715736470111
STU_011613,68.31741687871582
STU_011614,61.72072017406979
STU_011615,93.27826704966597
STU_011616,92.32114369342212
STU_011617,68.61397579514266
STU_011618,75.0630755878708
STU_011619,79.92720609103104
STU_011620,55.28751205688806
STU_011621,72.67540163645563
STU_011622,76.3435545672303
STU_011623,58.403339765154485
STU_011624,89.36636765718951
STU_011625,99.23756107564155
STU_011626,79.46799918473072
STU_011627,66.4169175078127
STU_011628,64.31446965717876
STU_011629,69.28195061254381
STU_011630,96.19818548391106
STU_011631,51.52515814160819
STU_011632,62.01800365951913
STU_011633,99.78054031815712
STU_011634,47.065989018252296
STU_011635,91.97699326365016
STU_011636,64.63622932296923
STU_011637,76.01049813953638
STU_011638,83.06369111954945
STU_011639,88.54616911375635
STU_011640,91.83213418469079
STU_011641,76.89007990040118
STU_011642,78.30755110776947
STU_011643,61.643671754614516
STU_011644,91.16464767512048
STU_011645,98.52208667189512
STU_011646,78.08886451610574
STU_011647,76.1155278608039
STU_011648,79.71015521121082
STU_011649,89.70042679094624
STU_011650,92.89882716968464
STU_011651,65.75845311979643
STU_011652,58.44598764071581
STU_011653,99.94605103286503
STU_011654,65.12499358151476
STU_011655,73.92487653664018
STU_011656,58.628620296425595
STU_011657,39.01671235939837
STU_011658,99.49503070765388
STU_011659,63.16091981198138
STU_011660,81.1305390720761
STU_011661,99.43039228514847
STU_011662,84.13945824576913
STU_011663,94.84442726015048
STU_011664,90.32809480276276
STU_011665,64.36155741856801
STU_011666,70.68017879163001
STU_011667,59.856829198020236
STU_011668,76.08732114668074
STU_011669,62.7973477937213
STU_011670,88.65675676140495
STU_011671,75.86451607356128
STU_011672,92.87380890023887
STU_011673,72.8859313000995
STU_011674,63.33344565309389
STU_011675,90.74892052564714
STU_011676,73.83455280593309
STU_011677,78.25874342442624
STU_011678,52.26408708037815
STU_011679,97.74494927553938
STU_011680,88.20313016298935
STU_011681,97.65431212382686
STU_011682,48.798225678685675
STU_011683,72.3614485931333
STU_011684,62.73691580027771
STU_011685,57.441396709277114
STU_011686,74.32920036187082
STU_011687,91.00931188674653
STU_011688,87.10745716669776
STU_011689,70.64623171831389
STU_011690,76.21973210610017
STU_011691,98.26192300296866
STU_011692,79.4053427065666
STU_011693,86.32664538594618
STU_011694,92.02177898351535
STU_011695,92.6282500464683
STU_011696,90.92059044055154
STU_011697,66.36313542259353
STU_011698,71.51395576560311
STU_011699,81.72702785160041
STU_011700,62.23378858651887
STU_011701,78.41357068890785
STU_011702,86.53077172678903
STU_011703,93.27332278945137
STU_011704,84.689476969713
STU_011705,78.84110023947753
STU_011706,93.1744380151259
STU_011707,68.4528485105083
STU_011708,72.43206819402752
STU_011709,83.84932951199157
STU_011710,80.85357210693019
STU_011711,82.06299888862154
STU_011712,55.234723247498515
STU_011713,94.87215168584376
STU_011714,77.64135268447816
STU_011715,83.6505530221302
STU_011716,83.25786905968
STU_011717,72.96797315274793
STU_011718,86.10916366240262
STU_011719,76.19603676762337
STU_011720,98.17881004327886
STU_011721,62.94540623371134
STU_011722,66.05473662037153
STU_011723,71.8555141716746
STU_011724,92.2575632809243
STU_011725,76.01671726961068
STU_011726,54.17317890481433
STU_011727,61.69948290668391
STU_011728,56.203943964024816
STU_011729,77.99689159135784
STU_011730,73.29941284549855
STU_011731,97.5319663316225
STU_011732,86.84846903345543
STU_011733,80.04596111634767
STU_011734,91.148816157281
STU_011735,77.87219565778538
STU_011736,68.57751518386533
STU_011737,69.31103269796547
STU_011738,90.65940836065414
STU_011739,91.57658276950691
STU_011740,86.20573098818048
STU_011741,79.74189645080864
STU_011742,64.05209338952008
STU_011743,55.736476652774336
STU_011744,75.15752512224758
STU_011745,65.47241804168988
STU_011746,73.45315081616926
STU_011747,88.76373530156476
STU_011748,73.02072130041728
STU_011749,72.19439618321859
STU_011750,96.52793682803706
STU_011751,68.83374891495733
STU_011752,71.9009371226803
STU_011753,49.138930286759006
STU_011754,82.44528533087994
STU_011755,79.03112496631073
STU_011756,82.51746782348621
STU_011757,75.60169973212038
STU_011758,97.30558994629828
STU_011759,73.12164718164959
STU_011760,85.18283808340394
STU_011761,89.22134250320745
STU_011762,76.2866301847238
STU_011763,80.14102520087789
STU_011764,66.18291963003601
STU_011765,80.13553474993681
STU_011766,48.932098133816396
STU_011767,63.494837474462834
STU_011768,87.79946979465558
STU_011769,65.01587165102177
STU_011770,97.74806595096665
STU_011771,65.72097825372518
STU_011772,63.36090517668087
STU_011773,61.76686152134398
STU_011774,62.795298101433666
STU_011775,80.90313979347837
STU_011776,69.13765326586662
STU_011777,75.16876449821389
STU_011778,91.56557739889006
STU_011779,79.61337818472404
STU_011780,71.16704995909163
STU_011781,58.177637931603705
STU_011782,87.60813954433482
STU_011783,74.59989476442196
STU_011784,73.89671156957844
STU_011785,66.59832261652836
STU_011786,81.33787053208971
STU_011787,67.61067738854915
STU_011788,70.41992454891418
STU_011789,60.5706144008014
STU_011790,80.44541091513145
STU_011791,93.84992868002692
STU_011792,80.76882541836758
STU_011793,62.10876309035754
STU_011794,59.10448744781425
STU_011795,59.609377363984045
STU_011796,97.98377245000935
STU_011797,63.27301629036663
STU_011798,67.39461018164693
STU_011799,99.85273658695232
STU_011800,67.8109121662395
STU_011801,86.6195175328802
STU_011802,89.66773717319481
STU_011803,69.55501394117726
STU_011804,70.3712451003443
STU_011805,67.70930864648105
STU_011806,69.88506347367131
STU_011807,83.65762871025376
STU_011808,91.1150843150973
STU_011809,92.43187362789979
STU_011810,89.31569687479673
STU_011811,90.68099825103968
STU_011812,68.56465016715728
STU_011813,71.49758992397035
STU_011814,94.34996432510789
STU_011815,70.16694353177131
STU_011816,74.15254106736306
STU_011817,96.4047372176775
STU_011818,75.60574728214178
STU_011819,73.04234789117925
STU_011820,71.84360872063256
STU_011821,73.40240030188343
STU_011822,99.79696196762441
STU_011823,71.882005416588
STU_011824,72.91099161901072
STU_011825,81.16381450313024
STU_011826,68.84392603497052
STU_011827,74.11685050048747
STU_011828,75.33052726334728
STU_011829,74.267430481162
STU_011830,65.28406714519399
STU_011831,65.15020099225157
STU_011832,68.02326318043376
STU_011833,65.51871439984329
STU_011834,61.41254955111638
STU_011835,78.30304813120642
STU_011836,74.46175531882324
STU_011837,72.59230321200305
STU_011838,66.76389507521928
STU_011839,88.86962857773261
STU_011840,82.11056008794237
STU_011841,78.32375343765182
STU_011842,58.436455481598365
STU_011843,56.09505889367867
STU_011844,87.96527608283111
STU_011845,67.16220438260947
STU_011846,90.33956746877799
STU_011847,72.93344069955593
STU_011848,98.08792922976137
STU_011849,74.54776822513568
STU_011850,69.52405608042908
STU_011851,91.83425311589642
STU_011852,88.86635867387695
STU_011853,83.63769593633329
STU_011854,72.68977203809592
STU_011855,87.96643308188321
STU_011856,84.82605442881169
STU_011857,79.2582339563345
STU_011858,80.95478024295848
STU_011859,73.51669398193711
STU_011860,74.73754385365885
STU_011861,69.43063586465611
STU_011862,70.07161757204749
STU_011863,98.44107654560541
STU_011864,50.022311293173075
STU_011865,85.36370516659917
STU_011866,62.34822026487124
STU_011867,84.7366921169703
STU_011868,82.84693043051918
STU_011869,73.78911904511632
STU_011870,93.60954079461332
STU_011871,63.08840108383803
STU_011872,67.05320751009823
STU_011873,81.04651063607103
STU_011874,65.87413620320098
STU_011875,59.79632517555106
STU_011876,70.48878479735262
STU_011877,94.0347083560032
STU_011878,55.26097281575965
STU_011879,77.95567653183691
STU_011880,61.45771072900409
STU_011881,57.182225190407735
STU_011882,85.78342980359255
STU_011883,56.313804675042604
STU_011884,69.88404307567968
STU_011885,60.321881619135695
STU_011886,68.49294035932044
STU_011887,77.05275803431958
STU_011888,79.30173176729059
STU_011889,41.66736281731907
STU_011890,59.90259948268028
STU_011891,85.6529399484222
STU_011892,99.8079282275199
STU_011893,90.66992115537711
STU_011894,73.2599005878334
STU_011895,93.81743014579598
STU_011896,57.99419825180653
STU_011897,70.52853375213972
STU_011898,99.86814611311705
STU_011899,58.47707439659121
STU_011900,77.17435585809709
STU_011901,76.34468632724746
STU_011902,53.40874403498388
STU_011903,73.57484290500007
STU_011904,81.2163694585071
STU_011905,70.90539995912776
STU_011906,80.7177024903333
STU_011907,87.00478479233631
STU_011908,96.77023872757675
STU_011909,50.21280958814142
STU_011910,87.20090066796247
STU_011911,72.83775454577432
STU_011912,92.25052805259273
STU_011913,72.5835639858055
STU_011914,90.45601573277152
STU_011915,83.32063384540504
STU_011916,67.69636140536532
STU_011917,85.74080293255942
STU_011918,77.29183042993458
STU_011919,99.68401222796199
STU_011920,73.65707654313654
STU_011921,72.11319333663042
STU_011922,80.91979180997045
STU_011923,63.63491229163796
STU_011924,71.76455120489481
STU_011925,40.252517949231645
STU_011926,72.72926907723064
STU_011927,71.16958339497437
STU_011928,71.68796778691242
STU_011929,79.63927212870709
STU_011930,85.40679124966411
STU_011931,89.07935053204393
STU_011932,66.68677367777681
STU_011933,53.92485337858079
STU_011934,85.91454447390976
STU_011935,58.11735835674468
STU_011936,92.8588804685691
STU_011937,67.51043213011658
STU_011938,54.093661879039836
STU_011939,94.1057209891924
STU_011940,80.46930458148566
STU_011941,81.30282066302982
STU_011942,92.81619195243059
STU_011943,71.83922996353529
STU_011944,66.93315703826205
STU_011945,76.36346199461359
STU_011946,98.65238949213212
STU_011947,84.79939357105492
STU_011948,60.65371720649627
STU_011949,80.68855814241428
STU_011950,75.2215354920992
STU_011951,95.05248172077242
STU_011952,66.30934371638166
STU_011953,55.55462505115529
STU_011954,92.16347404161212
STU_011955,60.38980270756617
STU_011956,93.70273160400875
STU_011957,61.10981444583407
STU_011958,96.49047422078507
STU_011959,77.39295225067909
STU_011960,89.2212626427272
STU_011961,93.35131732313415
STU_011962,76.94578264558538
STU_011963,92.10553470297774
STU_011964,72.63058195956876
STU_011965,76.0087819766125
STU_011966,94.71379275550237
STU_011967,53.90084672212893
STU_011968,89.27149507008139
STU_011969,56.82164796875277
STU_011970,81.26938780207831
STU_011971,50.68200835321622
STU_011972,89.03211081809172
STU_011973,66.74354324814692
STU_011974,97.03584173917507
STU_011975,73.76470102008936
STU_011976,66.54917886794422
STU_011977,83.92266899362947
STU_011978,66.209737103818
STU_011979,76.64362833899058
STU_011980,79.66246115907498
STU_011981,79.66807157375897
STU_011982,97.49642517100966
STU_011983,68.98311718383397
STU_011984,82.22523179275633
STU_011985,80.06742925842315
STU_011986,71.12233800461286
STU_011987,59.98183480355782
STU_011988,80.90399899255837
STU_011989,75.21084355753888
STU_011990,93.71370798827053
STU_011991,62.222180590647234
STU_011992,42.82300275227033
STU_011993,75.54923186655522
STU_011994,64.11600325308859
STU_011995,76.24977429489975
STU_011996,70.6771261645183
STU_011997,89.28160284851319
STU_011998,93.41287547918807
STU_011999,99.57283904296412
STU_012000,88.00236749532218
STU_012001,89.75646288931144
STU_012002,73.36651217232951
STU_012003,77.39803494736243
STU_012004,69.77885271863549
STU_012005,77.41402328194684
STU_012006,93.47141751147662
STU_012007,61.600847129280794
STU_012008,76.26375247935745
STU_012009,71.6225874643596
STU_012010,41.21260005254425
STU_012011,61.18108970232683
STU_012012,74.52554880821965
STU_012013,69.85068466777699
STU_012014,52.895002555742536
STU_012015,65.57775832752851
STU_012016,50.79320027628509
STU_012017,77.13181467512358
STU_012018,88.1351321773524
STU_012019,96.60742535421
STU_012020,56.70883491935952
STU_012021,67.11217434510999
STU_012022,73.30156397871846
STU_012023,76.8311209342776
STU_012024,96.31780090624609
STU_012025,87.71325973113002
STU_012026,63.465094784182
STU_012027,91.65754352090558
STU_012028,95.0579708595265
STU_012029,61.24306853270262
STU_012030,86.1644735390576
STU_012031,93.07568744780963
STU_012032,64.96549693967198
STU_012033,68.72546085186133
STU_012034,96.83280320296728
STU_012035,67.96922284008875
STU_012036,70.43746438946584
STU_012037,81.48023222694397
STU_012038,62.83413953538009
STU_012039,69.2731512755914
STU_012040,96.98266334649753
STU_012041,72.26725476415311
STU_012042,89.78060548260459
STU_012043,72.31968867516024
STU_012044,77.15997401429851
STU_012045,52.9307784432772
STU_012046,85.95338483201674
STU_012047,97.36190867993724
STU_012048,55.93058320034442
STU_012049,77.19837968078998
STU_012050,77.2369733961395
STU_012051,35.788501584359054
STU_012052,85.83414243146953
STU_012053,82.8260554089592
STU_012054,71.18446533922707
STU_012055,77.32405955137223
STU_012056,95.89533553433878
STU_012057,89.98813037638166
STU_012058,63.837514893346984
STU_012059,57.26209823880685
STU_012060,73.08697687804336
STU_012061,61.811384258826386
STU_012062,92.1310407099917
STU_012063,55.46234287147044
STU_012064,62.68680911906698
STU_012065,86.86434732458936
STU_012066,77.4950029573904
STU_012067,81.21280433214486
STU_012068,65.36406073459113
STU_012069,66.51981587783845
STU_012070,88.81397791508303
STU_012071,75.32027230401533
STU_012072,73.35660247043904
STU_012073,91.10342337260597
STU_012074,85.33167777201263
STU_012075,50.171375899328766
STU_012076,66.16276922247822
STU_012077,65.65471421462729
STU_012078,70.25756228280424
STU_012079,79.18231026281666
STU_012080,73.34051904861217
STU_012081,50.47870056634843
STU_012082,91.65001068313235
STU_012083,68.98922065097355
STU_012084,76.78494420791552
STU_012085,97.69463816353891
STU_012086,81.06458285281747
STU_012087,78.02522489041006
STU_012088,75.47401243748419
STU_012089,75.19314604711646
STU_012090,95.39727776203216
STU_012091,85.26229825517343
STU_012092,77.52156298100208
STU_012093,73.99210052371782
STU_012094,82.1055104609504
STU_012095,62.25339140107438
STU_012096,77.9023966469333
STU_012097,79.77205031472232
STU_012098,62.93435728092123
STU_012099,76.74354666201107
STU_012100,88.58345751478635
STU_012101,94.57872440539698
STU_012102,65.22036099967814
STU_012103,77.21670105542539
STU_012104,57.74100742431992
STU_012105,83.40072711334076
STU_012106,90.6006834597193
STU_012107,79.35485945321571
STU_012108,89.64023002871454
STU_012109,71.89921755974721
STU_012110,70.90379672797064
STU_012111,49.00511032298488
STU_012112,82.09212168523361
STU_012113,93.52766098717458
STU_012114,67.08238765358398
STU_012115,72.45716322684808
STU_012116,74.46187964923577
STU_012117,94.42904239653727
STU_012118,66.06986843403938
STU_012119,92.73485113709988
STU_012120,62.54207382489216
STU_012121,71.97409781975277
STU_012122,67.83069569438052
STU_012123,82.20462633726243
STU_012124,66.2406006784893
STU_012125,78.13537959776215
STU_012126,73.60753257414908
STU_012127,74.17073578584166
STU_012128,75.38624045779953
STU_012129,74.7156043422276
STU_012130,66.338600522222
STU_012131,48.82432850152806
STU_012132,81.42428357517142
STU_012133,79.23192117920908
STU_012134,61.69087147982137
STU_012135,65.64280041725719
STU_012136,54.7824272636639
STU_012137,67.34401243723897
STU_012138,57.091516954460545
STU_012139,67.48432296746596
STU_012140,76.92507547278166
STU_012141,63.754700127266496
STU_012142,79.0855718017678
STU_012143,99.45571372244112
STU_012144,84.2366186919716
STU_012145,76.0681577384776
STU_012146,78.7478922774749
STU_012147,65.95535049417711
STU_012148,74.9074968286391
STU_012149,82.05369957650893
STU_012150,79.05716267613509
STU_012151,80.18489281734622
STU_012152,54.65540240569338
STU_012153,70.67370444056658
STU_012154,81.9457633930127
STU_012155,62.39012815805454
STU_012156,72.77087939714747
STU_012157,79.59740722047427
STU_012158,85.23044786997582
STU_012159,83.15672782218248
STU_012160,94.21408560774785
STU_012161,95.23244741029717
STU_012162,83.29558492224474
STU_012163,99.40502268664483
STU_012164,41.444909806093136
STU_012165,71.50564667672899
STU_012166,63.911761861423976
STU_012167,93.32876657836628
STU_012168,55.3234444546475
STU_012169,60.661912799771535
STU_012170,65.62512952261092
STU_012171,79.95922080696855
STU_012172,93.99156152978938
STU_012173,94.08307831341145
STU_012174,82.42459903946326
STU_012175,86.47143037705449
STU_012176,70.53453904625405
STU_012177,73.04776026310782
STU_012178,86.80329953954829
STU_012179,71.24124467585659
STU_012180,81.47380028229034
STU_012181,95.59623733531652
STU_012182,74.63934109373402
STU_012183,92.29291011837778
STU_012184,72.21574304521891
STU_012185,73.23941094576004
STU_012186,92.06408767403552
STU_012187,47.77200475627643
STU_012188,64.20373085500391
STU_012189,60.5488883749602
STU_012190,91.17365305704698
STU_012191,75.77599146922023
STU_012192,72.0350596731165
STU_012193,65.51319200629078
STU_012194,80.4325038397445
STU_012195,71.53975635889006
STU_012196,46.09616064932159
STU_012197,90.75622477775288
STU_012198,68.3751926268444
STU_012199,83.87998482156061
STU_012200,54.9071759443234
STU_012201,69.64586705781676
STU_012202,84.3802427704563
STU_012203,87.19298724325516
STU_012204,70.87939645758564
STU_012205,73.87209522737933
STU_012206,86.68325570414919
STU_012207,92.17376542027158
STU_012208,76.76565753548648
STU_012209,57.69110346914578
STU_012210,77.07310296963709
STU_012211,79.06451930197655
STU_012212,72.09846180742043
STU_012213,86.37584180500994
STU_012214,65.95403955742937
STU_012215,63.28808550164747
STU_012216,88.44015488260555
STU_012217,94.21297858047113
STU_012218,99.72316999671993
STU_012219,69.15692914375917
STU_012220,61.14986993442468
STU_012221,80.65773553057501
STU_012222,68.54937370794137
STU_012223,63.82300550744522
STU_012224,68.87809427044368
STU_012225,92.93986214797299
STU_012226,72.56374541291336
STU_012227,73.08067868896711
STU_012228,64.975904753733
STU_012229,83.41260323734662
STU_012230,85.74679689550652
STU_012231,62.68007605312501
STU_012232,79.91082419740621
STU_012233,82.29771230803397
STU_012234,65.41955505776397
STU_012235,69.5037749119902
STU_012236,99.66715168352678
STU_012237,68.6034047167636
STU_012238,64.25433828535657
STU_012239,72.56056966135107
STU_012240,71.91940166748833
STU_012241,91.63798677267228
STU_012242,75.3358988560617
STU_012243,50.444720438323046
STU_012244,59.11665610425014
STU_012245,76.59054016456942
STU_012246,62.276829895495794
STU_012247,56.447980379474686
STU_012248,92.46510534845737
STU_012249,84.3371427083828
STU_012250,87.63973629697922
STU_012251,70.72542423347227
STU_012252,63.37406925392501
STU_012253,56.28410367204201
STU_012254,48.757985011988765
STU_012255,81.41682133293197
STU_012256,69.22753969506996
STU_012257,83.78115627677931
STU_012258,72.43224276174963
STU_012259,78.75001855833787
STU_012260,85.03800585999392
STU_012261,87.08677801435967
STU_012262,83.15378711263159
STU_012263,67.45103799494765
STU_012264,62.38333592240038
STU_012265,65.42338697616546
STU_012266,97.5765414718836
STU_012267,92.31268809464025
STU_012268,50.05088347275336
STU_012269,82.66306415157271
STU_012270,69.0604539210441
STU_012271,74.80067011865704
STU_012272,73.33560406021977
STU_012273,70.31224011479829
STU_012274,62.78099444503544
STU_012275,93.90509732741623
STU_012276,71.0180026152573
STU_012277,75.26585919847793
STU_012278,66.48148989621191
STU_012279,76.45527062122345
STU_012280,72.40073803983414
STU_012281,54.98517948246867
STU_012282,94.31165380695305
STU_012283,91.65584477163601
STU_012284,66.55309099972713
STU_012285,75.68516246986088
STU_012286,76.45280490019324
STU_012287,96.24128180032785
STU_012288,79.43327960230177
STU_012289,91.76542016935731
STU_012290,82.88079271423354
STU_012291,65.33312824063005
STU_012292,77.5108976908311
STU_012293,68.98654030261308
STU_012294,88.25378708907118
STU_012295,77.3492013932838
STU_012296,77.74145275560464
STU_012297,74.90194832098427
STU_012298,68.84825504225856
STU_012299,89.96171510996109
STU_012300,55.27751108775946
STU_012301,87.05985288147184
STU_012302,79.37405205823285
STU_012303,62.44244479036141
STU_012304,48.689929436297
STU_012305,98.3420542759585
STU_012306,69.22172699921676
STU_012307,69.53187308556234
STU_012308,86.51928134073326
STU_012309,69.5452091348339
STU_012310,73.3698390344024
STU_012311,80.20304182940158
STU_012312,56.59110732867334
STU_012313,72.2507903841144
STU_012314,98.92084049586579
STU_012315,88.07708742633831
STU_012316,74.36432497727037
STU_012317,99.437407072086
STU_012318,82.76330252524349
STU_012319,78.0693056842749
STU_012320,61.29782415735216
STU_012321,64.14407221488568
STU_012322,91.93656498368348
STU_012323,60.83222792317716
STU_012324,88.40533730018981
STU_012325,65.81723605928764
STU_012326,74.59415262704401
STU_012327,60.90836318141965
STU_012328,62.51232468114583
STU_012329,96.7197006151725
STU_012330,89.89978404946021
STU_012331,85.02110864950505
STU_012332,68.811077877543
STU_012333,85.85448423293626
STU_012334,72.7823472972743
STU_012335,67.56850817003841
STU_012336,93.73065858146157
STU_012337,92.08574560313322
STU_012338,64.5661274240257
STU_012339,85.11397073178377
STU_012340,63.93024912470771
STU_012341,55.1751235391526
STU_012342,91.88502150576687
STU_012343,87.67525869818843
STU_012344,60.88717186832953
STU_012345,67.17313964187652
STU_012346,71.03846209076701
STU_012347,95.3462669631572
STU_012348,78.04273633649638
STU_012349,67.62051801918862
STU_012350,81.51422593734308
STU_012351,87.2531422510317
STU_012352,85.05618413794507
STU_012353,95.14182752757223
STU_012354,57.542566587852384
STU_012355,86.04261756843204
STU_012356,83.53281938742907
STU_012357,70.81550043269094
STU_012358,97.79688235618175
STU_012359,85.55082555428326
STU_012360,73.74817959275575
STU_012361,63.75856874261333
STU_012362,81.064928030471
STU_012363,77.09951065484624
STU_012364,83.14822875702404
STU_012365,63.27476676252468
STU_012366,85.61918905188739
STU_012367,75.92076561979556
STU_012368,61.1170399371208
STU_012369,75.27708390495575
STU_012370,99.90958740332229
STU_012371,73.76299265160496
STU_012372,87.14033353853532
STU_012373,72.7858432488732
STU_012374,72.31946322571201
STU_012375,62.662035116301645
STU_012376,81.68955631535361
STU_012377,86.18196147266428
STU_012378,72.28595243476337
STU_012379,72.70654749059146
STU_012380,95.84694960381114
STU_012381,99.77711487394252
STU_012382,66.42477318674855
STU_012383,82.71734858439798
STU_012384,98.73164794470136
STU_012385,90.0512225867278
STU_012386,80.57253285697973
STU_012387,83.04369994679786
STU_012388,82.00883539746592
STU_012389,98.60111643805323
STU_012390,73.21268109182598
STU_012391,51.276495931752486
STU_012392,79.99113708482302
STU_012393,65.36162519938945
STU_012394,69.14228626273078
STU_012395,83.6629668379656
STU_012396,81.84526379593146
STU_012397,72.60414981366802
STU_012398,83.31338248419618
STU_012399,76.38744485203907
STU_012400,78.87003572485807
STU_012401,90.29919217190933
STU_012402,99.89618571444313
STU_012403,46.35203687706728
STU_012404,74.56200836060998
STU_012405,62.06783791125597
STU_012406,64.90706292592762
STU_012407,94.32152219211096
STU_012408,83.35029323389928
STU_012409,66.77943042829443
STU_012410,42.49826958283859
STU_012411,92.15878895925057
STU_012412,72.83602866007871
STU_012413,57.03956705259376
STU_012414,98.0740033268652
STU_012415,88.8897197840002
STU_012416,92.08030585338355
STU_012417,57.22945520726479
STU_012418,86.65020244552791
STU_012419,70.70922613978807
STU_012420,54.04804793600476
STU_012421,69.74378123335023
STU_012422,84.46405010559113
STU_012423,81.21911544438407
STU_012424,85.22772033767406
STU_012425,52.35525662519675
STU_012426,83.45271618473156
STU_012427,65.27216251100796
STU_012428,86.76127893228634
STU_012429,56.80254853583681
STU_012430,72.71645178660582
STU_012431,69.25215597476492
STU_012432,59.989142370163876
STU_012433,54.77929154041602
STU_012434,90.72326121636779
STU_012435,66.84291567900992
STU_012436,70.78523122597727
STU_012437,89.90620760434153
STU_012438,55.642136430358306
STU_012439,77.98110325586156
STU_012440,74.82556063194089
STU_012441,94.21427655042912
STU_012442,99.59914162348274
STU_012443,63.00444657931415
STU_012444,88.18964029910991
STU_012445,69.53661382184774
STU_012446,86.13073222710871
STU_012447,92.481772847831
STU_012448,72.47475898862109
STU_012449,81.2356291569913
STU_012450,70.78598401363345
STU_012451,84.96749968811764
STU_012452,80.62073257833102
STU_012453,97.08042121806467
STU_012454,86.96394910387305
STU_012455,74.20468427369865
STU_012456,93.26569545402971
STU_012457,66.37852368506346
STU_012458,82.14423933928657
STU_012459,57.884360803950294
STU_012460,84.22560480001138
STU_012461,73.01416872668963
STU_012462,69.48292715853877
STU_012463,83.24371375282941
STU_012464,76.02480152913117
STU_012465,74.50684434077387
STU_012466,66.7321842897029
STU_012467,74.1152581701699
STU_012468,85.48181846361084
STU_012469,89.16823982589474
STU_012470,52.00335697887866
STU_012471,52.77735246066496
STU_012472,97.9259128950001
STU_012473,73.32411297949321
STU_012474,64.38469460408325
STU_012475,68.31712927908532
STU_012476,47.21954953542422
STU_012477,99.05512566849609
STU_012478,72.93000550417723
STU_012479,63.252560621372744
STU_012480,76.50410400727628
STU_012481,90.01646482323417
STU_012482,69.2192971657676
STU_012483,61.8907032183973
STU_012484,67.18642516124503
STU_012485,76.23019963899418
STU_012486,75.0073636320116
STU_012487,66.23354707203846
STU_012488,73.88067730813142
STU_012489,80.61667570673822
STU_012490,93.42201967699873
STU_012491,60.461030588146855
STU_012492,61.774391809015135
STU_012493,58.97353430355329
STU_012494,72.70122699349142
STU_012495,74.59171816788742
STU_012496,79.21271673544571
STU_012497,89.82633679183539
STU_012498,69.17168974330566
STU_012499,74.81222624569352
STU_012500,82.84686409308785
STU_012501,95.01444420812
STU_012502,83.2652131540415
STU_012503,84.95829025165628
STU_012504,76.0554645599001
STU_012505,82.51144223709386
STU_012506,66.92399949493614
STU_012507,84.87715203517573
STU_012508,67.86202172395303
STU_012509,84.0025670590523
STU_012510,74.48071292023221
STU_012511,76.2564551154774
STU_012512,79.78093320219685
STU_012513,70.10397475622844
STU_012514,99.85916934611762
STU_012515,90.61665122758426
STU_012516,81.04408632735961
STU_012517,99.7672071183805
STU_012518,55.14609368300453
STU_012519,75.6311514718403
STU_012520,71.14701933057555
STU_012521,94.61244272574142
STU_012522,98.07713694179728
STU_012523,81.03885757960158
STU_012524,97.93951689060695
STU_012525,92.39181866520391
STU_012526,98.0494904738001
STU_012527,89.84596926580821
STU_012528,62.43230826682655
STU_012529,98.36623344044075
STU_012530,76.2824393754484
STU_012531,76.98156570885406
STU_012532,69.57940807766539
STU_012533,86.38987126862793
STU_012534,55.68300833280266
STU_012535,84.85905902224454
STU_012536,70.7789887279509
STU_012537,51.5100000467258
STU_012538,63.26306704729202
STU_012539,88.6255736356585
STU_012540,70.72232026921087
STU_012541,99.64451628902994
STU_012542,99.23287952287073
STU_012543,72.20909850845544
STU_012544,80.12163055834574
STU_012545,68.27486002175124
STU_012546,76.78609259566966
STU_012547,99.85951787453331
STU_012548,48.582006929353966
STU_012549,73.6798763900516
STU_012550,91.89581252151805
STU_012551,93.70451818721168
STU_012552,73.77118114547899
STU_012553,80.86814438618207
STU_012554,65.40483091124581
STU_012555,50.20289728859567
STU_012556,61.01514090359638
STU_012557,79.9206807547225
STU_012558,66.86292745959885
STU_012559,92.00567823567546
STU_012560,70.63381077010811
STU_012561,58.57897025521017
STU_012562,66.46207426916284
STU_012563,81.675064889787
STU_012564,90.6868577066732
STU_012565,99.75723057349198
STU_012566,76.30424166416063
STU_012567,64.0620098034269
STU_012568,98.51539412127129
STU_012569,65.55721819437244
STU_012570,52.02908273737833
STU_012571,54.526010637024505
STU_012572,52.58969202197563
STU_012573,76.19907831664746
STU_012574,63.231610859566686
STU_012575,68.72441440537762
STU_012576,75.08934284723861
STU_012577,99.44011740943229
STU_012578,50.78982120833924
STU_012579,77.35183488178613
STU_012580,71.98385149874899
STU_012581,64.32992458730614
STU_012582,71.62773470635291
STU_012583,62.9868837007265
STU_012584,60.87067479478314
STU_012585,71.21999462982316
STU_012586,71.50032432397313
STU_012587,71.57902425742148
STU_012588,67.44912610798254
STU_012589,47.562726446008625
STU_012590,67.08805502598236
STU_012591,70.243222043625
STU_012592,97.53460622882989
STU_012593,96.8945945090315
STU_012594,47.72970446497853
STU_012595,61.08190682721448
STU_012596,81.39767095247241
STU_012597,70.49939705785854
STU_012598,69.8529781715224
STU_012599,71.38272174766884
STU_012600,70.60527130606096
STU_012601,72.7114013939356
STU_012602,65.28832709451865
STU_012603,92.30613680582817
STU_012604,77.67249413270277
STU_012605,75.1565715989003
STU_012606,70.11412790401825
STU_012607,58.85768033429516
STU_012608,81.7742611884738
STU_012609,62.90324120052507
STU_012610,75.35731258850863
STU_012611,70.2234587667902
STU_012612,63.02583320044424
STU_012613,94.64059559718174
STU_012614,72.71323025889068
STU_012615,75.93695481107886
STU_012616,82.81896632326013
STU_012617,58.59319041169533
STU_012618,89.6790535903945
STU_012619,81.51139855433634
STU_012620,75.3218232735226
STU_012621,90.52846378336702
STU_012622,90.3424396667454
STU_012623,91.38426610900075
STU_012624,83.29164676618325
STU_012625,88.85563086544119
STU_012626,91.56190351107125
STU_012627,84.79234275167966
STU_012628,73.11481436655751
STU_012629,81.70365113314912
STU_012630,70.29541188803114
STU_012631,68.58924049745207
STU_012632,65.25443050396875
STU_012633,79.0432594144242
STU_012634,90.86327849193945
STU_012635,79.20683315650777
STU_012636,73.56701679002106
STU_012637,79.24967462991019
STU_012638,83.53773132320701
STU_012639,94.4965397075816
STU_012640,82.45392239080809
STU_012641,67.58896517313843
STU_012642,65.16061544916775
STU_012643,79.49665727366738
STU_012644,81.47875484643417
STU_012645,55.31757054681924
STU_012646,90.35861602543328
STU_012647,81.70350615851663
STU_012648,68.10279556794406
STU_012649,79.04402206764397
STU_012650,82.539919195402
STU_012651,77.9238157954803
STU_012652,99.2081347918787
STU_012653,90.28652771065185
STU_012654,81.16712335201255
STU_012655,72.21110775125274
STU_012656,79.47993019552362
STU_012657,96.95001178867463
STU_012658,88.44150116399874
STU_012659,82.06935419191302
STU_012660,75.8117094192179
STU_012661,91.10010663480966
STU_012662,94.70829541720072
STU_012663,68.29453639019175
STU_012664,52.4757959114309
STU_012665,90.39480894058568
STU_012666,60.03487970894319
STU_012667,82.56105063525237
STU_012668,74.23698111414026
STU_012669,63.849522710078354
STU_012670,61.57194951022317
STU_012671,69.65229681582065
STU_012672,62.07597005038011
STU_012673,57.68985503959434
STU_012674,63.37000756977837
STU_012675,72.11260072341611
STU_012676,96.01642970459658
STU_012677,59.77196972784333
STU_012678,70.5669871963384
STU_012679,77.09522330370943
STU_012680,75.42528050558496
STU_012681,72.79722787055361
STU_012682,87.13778894441157
STU_012683,79.27755247165882
STU_012684,84.63255527264383
STU_012685,95.29359483949021
STU_012686,69.182254709989
STU_012687,80.33287403512183
STU_012688,83.6243187825542
STU_012689,69.55326255234525
STU_012690,63.429401642785024
STU_012691,79.9532111989615
STU_012692,79.58958428429578
STU_012693,85.81465982502961
STU_012694,61.24815273426298
STU_012695,70.80489644262708
STU_012696,62.33963327463857
STU_012697,80.82193384001822
STU_012698,63.39150045506745
STU_012699,76.98482208322065
STU_012700,67.70907666035187
STU_012701,99.86359517901035
STU_012702,74.86083543385546
STU_012703,68.31168025602773
STU_012704,70.77090406284735
STU_012705,62.30414148155244
STU_012706,74.15084519421319
STU_012707,98.66867734388418
STU_012708,54.988411423062644
STU_012709,65.51528013681208
STU_012710,94.60263806866121
STU_012711,68.1810840727597
STU_012712,66.47641315061064
STU_012713,64.55478850154981
STU_012714,88.16806085719828
STU_012715,70.09669018412924
STU_012716,79.24179144720867
STU_012717,67.20965705317035
STU_012718,84.35642373330765
STU_012719,62.56369879340408
STU_012720,80.89933188480256
STU_012721,75.22955835893578
STU_012722,47.07444034115149
STU_012723,80.60240939785527
STU_012724,90.19516450349184
STU_012725,60.79900532113516
STU_012726,54.90791236565103
STU_012727,62.91029895680986
STU_012728,87.19045608106426
STU_012729,64.13119164927375
STU_012730,84.91913911846314
STU_012731,99.16829191233064
STU_012732,80.70301330444278
STU_012733,53.797499463957706
STU_012734,83.8501794081773
STU_012735,62.84401071575242
STU_012736,99.96346223054562
STU_012737,73.58443155822678
STU_012738,78.31999986578653
STU_012739,80.51362140677418
STU_012740,88.17627380712815
STU_012741,49.02098793878762
STU_012742,66.91295282989915
STU_012743,78.17625790359946
STU_012744,80.14475433210767
STU_012745,61.5616932576428
STU_012746,83.57808199085264
STU_012747,63.00679783971656
STU_012748,92.758510276864
STU_012749,84.59621297021974
STU_012750,68.42737304212125
STU_012751,52.53906950648329
STU_012752,72.77440667161775
STU_012753,70.55619945276456
STU_012754,59.53464333316474
STU_012755,89.56504990329105
STU_012756,62.1790884911793
STU_012757,47.74387205043454
STU_012758,88.39566339744208
STU_012759,59.41602476190289
STU_012760,77.04708226531068
STU_012761,59.17128189525398
STU_012762,86.55172962134138
STU_012763,97.4082629573322
STU_012764,96.96312950792513
STU_012765,87.97602152876027
STU_012766,62.59133572573415
STU_012767,95.01776159442929
STU_012768,86.90047423188598
STU_012769,74.96141838441136
STU_012770,53.31984230458316
STU_012771,54.664864273789874
STU_012772,99.48706630820894
STU_012773,61.68868209028
STU_012774,75.66215412406254
STU_012775,64.0289886947779
STU_012776,79.24410462127084
STU_012777,48.27146787962524
STU_012778,71.06260922829021
STU_012779,73.9743265901394
STU_012780,71.62475253765739
STU_012781,84.66850015643547
STU_012782,53.00687401640377
STU_012783,98.89324403777854
STU_012784,53.38034492543337
STU_012785,73.5791827334185
STU_012786,50.70950376838523
STU_012787,65.2182310948574
STU_012788,92.25678942427942
STU_012789,76.2946149537307
STU_012790,98.8851728163306
STU_012791,82.94793392731535
STU_012792,68.99084776061969
STU_012793,88.78974392892246
STU_012794,74.88753048522386
STU_012795,94.05041649165693
STU_012796,67.71136332182532
STU_012797,60.278814406602706
STU_012798,98.48925184033213
STU_012799,85.37656181547793
STU_012800,50.3638788117865
STU_012801,66.95712438874074
STU_012802,71.27926626357296
STU_012803,91.66599781954056
STU_012804,61.21447875173766
STU_012805,73.58146138576231
STU_012806,78.62813399148757
STU_012807,64.61315974665482
STU_012808,81.90901041918119
STU_012809,83.69009205581206
STU_012810,85.30531430417003
STU_012811,77.68044446463999
STU_012812,68.40900237217667
STU_012813,80.23374917665944
STU_012814,64.66986455394762
STU_012815,68.72616196475158
STU_012816,80.8783342468483
STU_012817,68.34804402662954
STU_012818,89.69826863199272
STU_012819,52.95637591156514
STU_012820,86.62821734129112
STU_012821,74.23209232998343
STU_012822,87.50559019973687
STU_012823,78.87176946979548
STU_012824,79.89353586022378
STU_012825,58.354608979070576
STU_012826,85.16591687270989
STU_012827,60.044978781012645
STU_012828,90.98340803242105
STU_012829,70.09513726659328
STU_012830,77.74553661997655
STU_012831,65.79816856686402
STU_012832,95.99714776611863
STU_012833,88.70472267772526
STU_012834,72.5184472965561
STU_012835,70.38106534284438
STU_012836,80.91694358132946
STU_012837,63.70241020991922
STU_012838,62.207655419622334
STU_012839,65.71539728567268
STU_012840,88.95405654959566
STU_012841,71.55485079761588
STU_012842,74.47903276816578
STU_012843,81.81529935981149
STU_012844,76.87322137984344
STU_012845,62.76425153358991
STU_012846,73.18061412719089
STU_012847,75.91708692980654
STU_012848,74.47995616022395
STU_012849,87.19775331336533
STU_012850,78.71484878844619
STU_012851,84.50725494754923
STU_012852,90.4986332037491
STU_012853,61.76548843694682
STU_012854,86.1075991070841
STU_012855,81.07326051077716
STU_012856,69.10564861154765
STU_012857,98.88422466924723
STU_012858,85.58395819306182
STU_012859,64.31040533949292
STU_012860,84.6561700314542
STU_012861,66.32387451399902
STU_012862,76.90634997836786
STU_012863,95.35803190072991
STU_012864,78.50680952693295
STU_012865,66.33030430574362
STU_012866,76.1179737755159
STU_012867,90.04471527462853
STU_012868,83.09670091778648
STU_012869,64.56858450485032
STU_012870,83.79010653735858
STU_012871,88.46216259232716
STU_012872,89.2665659909622
STU_012873,61.340651761403606
STU_012874,76.48932265221606
STU_012875,71.53206164924988
STU_012876,50.00183662203714
STU_012877,78.66784553319899
STU_012878,99.019061464925
STU_012879,77.93704403037383
STU_012880,84.20398539146292
STU_012881,97.92839035676818
STU_012882,89.50041117427637
STU_012883,63.254924413038054
STU_012884,79.47663726979312
STU_012885,77.0217999337583
STU_012886,56.11789174578463
STU_012887,74.46669630866727
STU_012888,70.28801742775325
STU_012889,67.85326544386699
STU_012890,68.36209253809515
STU_012891,71.62156943562142
STU_012892,72.83406636808265
STU_012893,86.0511818511504
STU_012894,72.50147314950229
STU_012895,95.46760914765767
STU_012896,74.24339213336421
STU_012897,74.97324490985619
STU_012898,91.842531240966
STU_012899,81.63310444900898
STU_012900,78.921753279982
STU_012901,70.4355993557437
STU_012902,88.27562063639928
STU_012903,64.46865227143053
STU_012904,84.25204445733917
STU_012905,60.878755825471046
STU_012906,98.6961739391422
STU_012907,50.465393081852994
STU_012908,89.28758333528904
STU_012909,66.30594903799073
STU_012910,32.815822338264915
STU_012911,82.34779765550188
STU_012912,52.70184908967124
STU_012913,60.658677368333215
STU_012914,73.584178599033
STU_012915,55.3994841925027
STU_012916,65.86206144859251
STU_012917,95.60257454214204
STU_012918,55.76032031188351
STU_012919,97.17912622732135
STU_012920,79.18355614883971
STU_012921,57.971167164307495
STU_012922,74.28123090836523
STU_012923,63.39237891065663
STU_012924,74.3659813723855
STU_012925,74.21782030822038
STU_012926,61.93589970358308
STU_012927,87.13352169254934
STU_012928,62.41694052420404
STU_012929,62.97221068634603
STU_012930,69.62558729619664
STU_012931,88.94263304298696
STU_012932,63.52292310205364
STU_012933,69.90125595010575
STU_012934,69.807103563082
STU_012935,65.66336119620462
STU_012936,66.67268877109453
STU_012937,73.08157318015064
STU_012938,93.18870588019612
STU_012939,48.68604900112102
STU_012940,68.39147403630128
STU_012941,53.720023387723366
STU_012942,72.38145669520286
STU_012943,72.56264862604115
STU_012944,79.32943913099014
STU_012945,90.42122855049256
STU_012946,53.226487294689136
STU_012947,73.57864417957516
STU_012948,87.00520829001032
STU_012949,98.65041168190083
STU_012950,78.37500174851256
STU_012951,88.09712386208453
STU_012952,73.12424957150117
STU_012953,81.75767172110673
STU_012954,80.83313827406899
STU_012955,88.03758133827591
STU_012956,72.63325215071755
STU_012957,66.51466672234241
STU_012958,75.61852664392438
STU_012959,80.8050131121987
STU_012960,79.46958733330744
STU_012961,80.88261991793186
STU_012962,55.95820924317015
STU_012963,67.27595948486143
STU_012964,89.92227962792532
STU_012965,75.74460305290066
STU_012966,74.65746050126161
STU_012967,71.79716298663449
STU_012968,75.47180368480207
STU_012969,76.10276100204122
STU_012970,54.461011956261395
STU_012971,77.37955665924237
STU_012972,79.37509343886613
STU_012973,53.688688139671896
STU_012974,58.4796432323332
STU_012975,54.97479388417682
STU_012976,83.96543991094667
STU_012977,78.31754551383392
STU_012978,91.54421200574745
STU_012979,67.10568542351575
STU_012980,71.13291037626558
STU_012981,90.6911885272734
STU_012982,68.18983194763632
STU_012983,98.32069931121275
STU_012984,54.492853622435725
STU_012985,65.05701385755253
STU_012986,63.674820275519146
STU_012987,51.943074856151085
STU_012988,87.31523475581005
STU_012989,97.68655146350231
STU_012990,61.95150489678782
STU_012991,71.10518028444821
STU_012992,52.238101168975106
STU_012993,99.80486875747418
STU_012994,81.17526155192789
STU_012995,64.97700587601284
STU_012996,58.23220361350104
STU_012997,86.0060528157439
STU_012998,78.9945413149328
STU_012999,90.96134868623622
STU_013000,91.15656052486865
STU_013001,99.39100549582713
STU_013002,86.88355474604754
STU_013003,76.3947456271515
STU_013004,89.33330074684183
STU_013005,74.13180697780949
STU_013006,79.68700252903908
STU_013007,76.48220146314304
STU_013008,86.00478411832843
STU_013009,86.99362792213513
STU_013010,76.0388212045194
STU_013011,53.5557030051726
STU_013012,58.429086538510404
STU_013013,90.99998779789682
STU_013014,89.25129818105428
STU_013015,82.07380511166396
STU_013016,61.10624690075945
STU_013017,92.31649574561428
STU_013018,79.95879372664935
STU_013019,88.14329336778098
STU_013020,55.4530434460324
STU_013021,70.92700046354109
STU_013022,99.07498637777653
STU_013023,78.94509417218751
STU_013024,88.9705969464946
STU_013025,70.48266948017886
STU_013026,68.96089501256841
STU_013027,72.14644116006755
STU_013028,83.75562520755116
STU_013029,74.60092740794404
STU_013030,77.43594874242604
STU_013031,67.37573755812852
STU_013032,99.8140333272489
STU_013033,69.07498169641116
STU_013034,99.03151142969023
STU_013035,93.19059424047377
STU_013036,59.033349614300306
STU_013037,88.9709708975416
STU_013038,78.33243740821965
STU_013039,85.81511720581258
STU_013040,99.25758380056715
STU_013041,79.66512092764499
STU_013042,60.13661110486815
STU_013043,95.44965506304432
STU_013044,67.6314672279133
STU_013045,87.4729400074456
STU_013046,63.23736845990934
STU_013047,68.87041172706677
STU_013048,93.76836438991734
STU_013049,83.60857155046061
STU_013050,83.6870917793232
STU_013051,92.31955947850662
STU_013052,66.47508715868844
STU_013053,72.1989753165991
STU_013054,65.4818445729223
STU_013055,87.01940524065411
STU_013056,79.90165251692338
STU_013057,52.82190494807416
STU_013058,59.745532264059285
STU_013059,90.97153764511799
STU_013060,62.255734956803344
STU_013061,57.101683169178784
STU_013062,99.59632853080635
STU_013063,83.05972596730976
STU_013064,63.148976333533135
STU_013065,49.926988379732464
STU_013066,99.88936622908545
STU_013067,78.47307174482165
STU_013068,89.83725090621974
STU_013069,98.29126517864236
STU_013070,62.723460167433046
STU_013071,82.72884027619183
STU_013072,87.8282432062976
STU_013073,72.06632684713563
STU_013074,72.60068191201167
STU_013075,49.60675383510943
STU_013076,79.38869925037348
STU_013077,91.4695033451244
STU_013078,71.85565049033121
STU_013079,86.55243985452803
STU_013080,73.50417610980791
STU_013081,76.58530211024342
STU_013082,58.099710487351025
STU_013083,62.97219904536577
STU_013084,70.18167132768264
STU_013085,78.3836394341473
STU_013086,79.11909141782279
STU_013087,66.16769273126118
STU_013088,80.26451408058921
STU_013089,64.6705357618088
STU_013090,98.70448051835534
STU_013091,61.464875704933064
STU_013092,65.46118182120433
STU_013093,84.45137337959845
STU_013094,90.56548700376956
STU_013095,74.27260656275584
STU_013096,78.24514372281142
STU_013097,83.16621348864936
STU_013098,83.37943023270871
STU_013099,59.392692540356634
STU_013100,75.80392547675328
STU_013101,84.18699276191083
STU_013102,95.28266809839374
STU_013103,73.4012034164941
STU_013104,78.72295490204212
STU_013105,60.530847229151554
STU_013106,89.54730817238786
STU_013107,55.22544866614753
STU_013108,96.02193681524155
STU_013109,87.41350794245005
STU_013110,59.2417905136836
STU_013111,99.82685099160223
STU_013112,98.48385455309221
STU_013113,76.65214361972663
STU_013114,64.91875508929994
STU_013115,77.32735824568199
STU_013116,59.05173268068706
STU_013117,65.07166343124497
STU_013118,70.8116594659782
STU_013119,80.78697944557962
STU_013120,64.41852490255758
STU_013121,90.3514290826666
STU_013122,75.95598114232754
STU_013123,94.49915337717819
STU_013124,96.71186807941652
STU_013125,88.1223009686631
STU_013126,67.31823053938803
STU_013127,70.83478683083084
STU_013128,84.47167939907818
STU_013129,76.67917444810818
STU_013130,98.37107443808922
STU_013131,51.345983459435786
STU_013132,80.34011385627447
STU_013133,97.70426319581615
STU_013134,70.34214147263226
STU_013135,70.17960590819146
STU_013136,67.39974803079865
STU_013137,83.27254630504703
STU_013138,70.93654606299253
STU_013139,79.03831767003959
STU_013140,99.89826421227811
STU_013141,77.03452885917358
STU_013142,58.369283394373625
STU_013143,73.18882225495646
STU_013144,63.768549522037546
STU_013145,58.52188720296743
STU_013146,51.24854657462757
STU_013147,80.55504924751226
STU_013148,71.4356846780077
STU_013149,86.07629984841651
STU_013150,80.09762729287003
STU_013151,76.26364073599265
STU_013152,86.24902194700411
STU_013153,68.94154546544263
STU_013154,78.40550235786527
STU_013155,98.5004406356002
STU_013156,77.15177200078799
STU_013157,72.51115065818146
STU_013158,87.25357587574739
STU_013159,80.73276762912514
STU_013160,63.18250953286631
STU_013161,63.99496142676177
STU_013162,59.34492383512815
STU_013163,89.36974072426364
STU_013164,67.15027415368554
STU_013165,69.78736000939797
STU_013166,49.60803394887708
STU_013167,94.30529743628581
STU_013168,74.97155905517926
STU_013169,76.67828761856892
STU_013170,74.3522367383646
STU_013171,81.27673549240775
STU_013172,65.975316014379
STU_013173,85.74309273327081
STU_013174,61.17451199591288
STU_013175,51.41296622214983
STU_013176,91.65272769023612
STU_013177,62.78816263339833
STU_013178,87.33650068546136
STU_013179,70.68542471728755
STU_013180,88.39001838813809
STU_013181,84.97254691904914
STU_013182,69.5063879816705
STU_013183,80.80876096504095
STU_013184,75.62225781160534
STU_013185,68.73412028658396
STU_013186,60.65411348135382
STU_013187,65.98554116904626
STU_013188,94.19458865120033
STU_013189,98.5932262920165
STU_013190,78.56401446649689
STU_013191,97.45376843748863
STU_013192,84.28374207465448
STU_013193,82.43733777252443
STU_013194,97.98773503414473
STU_013195,87.03402429964568
STU_013196,79.81267809921277
STU_013197,50.2667971178203
STU_013198,66.7964000892245
STU_013199,80.54242014453611
STU_013200,50.1590860981518
STU_013201,80.88462119359758
STU_013202,61.888288243006656
STU_013203,72.68125089426448
STU_013204,61.256779632259054
STU_013205,81.06732811689014
STU_013206,67.3802285297838
STU_013207,72.49857135381852
STU_013208,69.81085124086037
STU_013209,75.70936993020133
STU_013210,51.923275216355734
STU_013211,72.08567394695538
STU_013212,58.1309565920272
STU_013213,73.54599118883006
STU_013214,95.80361742429105
STU_013215,48.17100743882917
STU_013216,99.47477179483957
STU_013217,94.75241047177276
STU_013218,69.02026471941728
STU_013219,83.7515394477511
STU_013220,98.4952427185543
STU_013221,64.53643561341214
STU_013222,65.45631295339142
STU_013223,88.748714239997
STU_013224,71.01587213014855
STU_013225,49.8945008031531
STU_013226,79.7545656977744
STU_013227,87.839552638222
STU_013228,66.57442015237599
STU_013229,66.15016706940698
STU_013230,72.3107863871515
STU_013231,63.187849310951584
STU_013232,66.87742286017715
STU_013233,92.0961884329992
STU_013234,65.73180881379315
STU_013235,69.65323598971375
STU_013236,91.74145929509606
STU_013237,64.97566839928827
STU_013238,76.01454964233278
STU_013239,73.76921714506523
STU_013240,62.27244488278822
STU_013241,67.81289697552336
STU_013242,71.79742938623282
STU_013243,63.717004037148
STU_013244,73.49576810322833
STU_013245,66.4646232483768
STU_013246,67.57340604547275
STU_013247,99.22971070508304
STU_013248,94.00843962121228
STU_013249,46.82327569858501
STU_013250,74.42534547575737
STU_013251,83.35322910661657
STU_013252,86.68500307558756
STU_013253,68.44880414932705
STU_013254,96.69465674981488
STU_013255,77.5432013807779
STU_013256,70.27362880759371
STU_013257,79.30246812428149
STU_013258,63.259766291542796
STU_013259,58.45874148644731
STU_013260,70.23239058429031
STU_013261,70.25794547699368
STU_013262,57.217672905493174
STU_013263,57.10379489606558
STU_013264,93.80537700488327
STU_013265,76.94185270912672
STU_013266,70.11773004149563
STU_013267,71.58088787511082
STU_013268,61.08021022712811
STU_013269,81.93398631162741
STU_013270,97.45984289577433
STU_013271,66.49223242018503
STU_013272,80.07393751628604
STU_013273,66.81093535939888
STU_013274,76.63246362267515
STU_013275,64.77114928913512
STU_013276,61.037347311769764
STU_013277,62.804355663849805
STU_013278,60.38351223504879
STU_013279,59.55398244519331
STU_013280,92.17238282395044
STU_013281,95.44627874723025
STU_013282,94.1787298792058
STU_013283,77.36657223051286
STU_013284,76.49123307157114
STU_013285,70.99445922370447
STU_013286,66.18015486380457
STU_013287,95.59245630512893
STU_013288,84.80249325352983
STU_013289,97.04556916522743
STU_013290,78.62892531477148
STU_013291,86.95219040081169
STU_013292,85.98926525945872
STU_013293,73.06374854354047
STU_013294,89.22195418819479
STU_013295,71.65969527500215
STU_013296,77.89847061241716
STU_013297,76.17553531451179
STU_013298,55.520994418108046
STU_013299,84.81005617132925
STU_013300,72.40390021166806
STU_013301,87.19457805379123
STU_013302,85.56957572897467
STU_013303,89.53668641653354
STU_013304,83.68788697011584
STU_013305,70.8397679761108
STU_013306,67.84465190187133
STU_013307,77.3519386844491
STU_013308,96.30679634499938
STU_013309,70.15399202431588
STU_013310,57.35247695118183
STU_013311,91.71019305504377
STU_013312,53.485608849038584
STU_013313,66.38974182885318
STU_013314,70.56953108404505
STU_013315,69.29047259444687
STU_013316,77.2323105980277
STU_013317,73.81831912305795
STU_013318,47.47169437471203
STU_013319,71.69933553466744
STU_013320,81.61839521640368
STU_013321,78.15448637622322
STU_013322,99.38939315391225
STU_013323,95.32640844387878
STU_013324,85.42674058419706
STU_013325,78.2326161455502
STU_013326,75.20167347361097
STU_013327,75.22408067598622
STU_013328,65.52502947147035
STU_013329,84.38945065409821
STU_013330,64.27114065731719
STU_013331,73.01261879209429
STU_013332,68.44143326544287
STU_013333,60.17710141991624
STU_013334,70.44994066844569
STU_013335,64.8281049599695
STU_013336,82.68605844466457
STU_013337,52.52585683438681
STU_013338,65.3928911918866
STU_013339,72.84297772504681
STU_013340,93.99455424077149
STU_013341,74.19723999632298
STU_013342,85.78193094363766
STU_013343,68.77643525411823
STU_013344,79.15045100122964
STU_013345,64.84680420066826
STU_013346,96.94358513381263
STU_013347,79.1458308850803
STU_013348,83.65985883850426
STU_013349,98.95932438294216
STU_013350,62.55611648022922
STU_013351,84.03185328293688
STU_013352,70.36962406303014
STU_013353,62.316709485786646
STU_013354,56.293861641554685
STU_013355,87.21657423819485
STU_013356,61.2844677637354
STU_013357,66.73883207724947
STU_013358,70.31452861313419
STU_013359,73.67541793408428
STU_013360,74.38045416294008
STU_013361,70.50688719224485
STU_013362,88.89033089910764
STU_013363,73.80761355555273
STU_013364,68.1012745459442
STU_013365,84.1543972810138
STU_013366,99.4852910270713
STU_013367,81.92577135806452
STU_013368,88.37126814679894
STU_013369,54.337225555243734
STU_013370,82.6648308144132
STU_013371,69.31159352072892
STU_013372,76.5085670041992
STU_013373,75.12629077919742
STU_013374,92.19802228607523
STU_013375,89.3161397388734
STU_013376,41.617905501273064
STU_013377,79.23390878543198
STU_013378,63.653603492754925
STU_013379,79.81952094770432
STU_013380,86.21027448883368
STU_013381,97.73810425965539
STU_013382,99.47243717679402
STU_013383,59.69704749138033
STU_013384,62.17181079661722
STU_013385,64.30795787825197
STU_013386,98.8305745729527
STU_013387,53.17734691322646
STU_013388,83.38219752244342
STU_013389,65.45484499971927
STU_013390,66.10645451210752
STU_013391,86.02829806532485
STU_013392,98.0718759711873
STU_013393,69.0625369504899
STU_013394,99.0364416025094
STU_013395,60.84775393641204
STU_013396,65.93759048541548
STU_013397,99.69018412185955
STU_013398,92.88671729753653
STU_013399,61.45031427117706
STU_013400,65.24484436432815
STU_013401,99.86280817416335
STU_013402,75.76062880534066
STU_013403,93.72387606954403
STU_013404,64.50140042366628
STU_013405,77.95943487111046
STU_013406,99.79144408045072
STU_013407,70.59554017149584
STU_013408,63.74111418007419
STU_013409,60.16722425673117
STU_013410,74.71778759219531
STU_013411,63.180706691797354
STU_013412,65.69705147601454
STU_013413,76.03277730953086
STU_013414,86.17054814408365
STU_013415,74.67496667822073
STU_013416,54.32481141486118
STU_013417,79.02457541652689
STU_013418,48.300603070825105
STU_013419,63.2165075045315
STU_013420,98.38700867506225
STU_013421,99.46459645059174
STU_013422,90.84643131841847
STU_013423,55.41235512707597
STU_013424,97.89544517549096
STU_013425,79.36270102100158
STU_013426,51.70730660439058
STU_013427,68.52083785174378
STU_013428,73.55692481339378
STU_013429,93.57429324901804
STU_013430,65.77051256009157
STU_013431,62.29442477618465
STU_013432,78.12782964266421
STU_013433,93.92355683801354
STU_013434,93.16894103988395
STU_013435,92.9453946252505
STU_013436,74.17222058995318
STU_013437,73.68755284237197
STU_013438,76.38091303572845
STU_013439,90.20992608714049
STU_013440,74.94199820882075
STU_013441,95.2787740480029
STU_013442,98.716689957868
STU_013443,68.42893959767673
STU_013444,82.99378756460702
STU_013445,80.51417542928857
STU_013446,91.812952960763
STU_013447,88.72376421107468
STU_013448,82.34127526458498
STU_013449,73.65338168468509
STU_013450,95.97441210214217
STU_013451,70.73989983406099
STU_013452,79.06224702994922
STU_013453,81.18673886410642
STU_013454,67.2959387082336
STU_013455,97.73696814253707
STU_013456,71.59545262878136
STU_013457,66.35707573627285
STU_013458,74.65131609563007
STU_013459,59.47295110712194
STU_013460,58.764312519737764
STU_013461,75.69807889702625
STU_013462,55.98312247254153
STU_013463,81.44576007267457
STU_013464,59.59929306892747
STU_013465,63.725323683360934
STU_013466,87.86698920389496
STU_013467,60.10413692606261
STU_013468,92.72725852889391
STU_013469,77.26646843901302
STU_013470,90.33534422480119
STU_013471,80.43517640255841
STU_013472,82.75721002585809
STU_013473,63.374380983090376
STU_013474,79.41602554892432
STU_013475,88.6077365627224
STU_013476,79.14255428967186
STU_013477,64.85631852539505
STU_013478,77.51944852245492
STU_013479,70.25366239486122
STU_013480,82.76164664929317
STU_013481,76.86651944604985
STU_013482,77.78139009948484
STU_013483,78.91596016174032
STU_013484,86.03188238123614
STU_013485,94.07179030351554
STU_013486,54.67493587770328
STU_013487,80.49571780649526
STU_013488,78.57200614615748
STU_013489,72.73341725242351
STU_013490,75.1160198793218
STU_013491,83.81537097308383
STU_013492,77.7896242970878
STU_013493,64.04980943940183
STU_013494,72.15173251682381
STU_013495,83.20197807767528
STU_013496,86.19505355341
STU_013497,48.05487939193837
STU_013498,71.91175364400377
STU_013499,83.43417798698478
STU_013500,65.12718251582623
STU_013501,86.4549134053274
STU_013502,80.01831732728147
STU_013503,71.20026371366833
STU_013504,87.42398269739037
STU_013505,70.46344082666897
STU_013506,96.6190681741186
STU_013507,64.31947634548743
STU_013508,76.08402084775892
STU_013509,87.68867589377868
STU_013510,64.430634357671
STU_013511,81.67123346650133
STU_013512,67.96169745009176
STU_013513,50.497992864229545
STU_013514,85.97075285901877
STU_013515,69.67655133321604
STU_013516,99.79175327092923
STU_013517,80.71325330296395
STU_013518,74.93050708926886
STU_013519,99.818792914809
STU_013520,72.34880699038709
STU_013521,63.99561861991667
STU_013522,64.93909393393112
STU_013523,96.3793273515353
STU_013524,78.29618884684751
STU_013525,71.33872968907441
STU_013526,77.46939323598603
STU_013527,65.72161690746027
STU_013528,54.64081816668266
STU_013529,98.18426528210114
STU_013530,69.62086248185545
STU_013531,95.51528272671838
STU_013532,56.19725969555093
STU_013533,72.49508114758657
STU_013534,92.03248841255763
STU_013535,95.81142591020983
STU_013536,86.85806415477417
STU_013537,75.07588015702493
STU_013538,95.91899001909854
STU_013539,69.68728703449733
STU_013540,99.76270324593376
STU_013541,66.44954627106324
STU_013542,84.87945555101464
STU_013543,71.30720177168357
STU_013544,74.38981879715958
STU_013545,87.12713112937897
STU_013546,98.81238195632616
STU_013547,99.05227650802998
STU_013548,80.05688441091988
STU_013549,61.983222744040575
STU_013550,73.97215592575692
STU_013551,65.6071157461609
STU_013552,81.55127232546994
STU_013553,72.7111411093546
STU_013554,71.95680505651637
STU_013555,60.424824787450014
STU_013556,88.54738871362316
STU_013557,65.76808154002119
STU_013558,68.04595773692782
STU_013559,86.53412987845569
STU_013560,52.73173544016122
STU_013561,69.70682973676529
STU_013562,91.23953837757956
STU_013563,87.65448462637565
STU_013564,57.40949235636384
STU_013565,81.71479838335452
STU_013566,71.23955483533365
STU_013567,95.93848145795567
STU_013568,72.77882375422065
STU_013569,73.4482224974927
STU_013570,70.98473779164458
STU_013571,72.33716704383066
STU_013572,58.25340464589563
STU_013573,66.08286748229561
STU_013574,75.45390587946397
STU_013575,52.84961718381096
STU_013576,69.76203519953077
STU_013577,61.52526981853192
STU_013578,72.39302742507333
STU_013579,74.06352723590463
STU_013580,84.92295254318077
STU_013581,56.34931974682623
STU_013582,76.39834201367964
STU_013583,67.39677031045825
STU_013584,73.36170063723145
STU_013585,62.72181659289751
STU_013586,60.631952287314896
STU_013587,98.43731349087047
STU_013588,68.33271659455092
STU_013589,75.83088906658416
STU_013590,81.53251825715094
STU_013591,90.11375570577508
STU_013592,99.7029377131112
STU_013593,96.33563281790332
STU_013594,69.55491113465331
STU_013595,60.37033139623895
STU_013596,86.21126933398196
STU_013597,66.20737055690888
STU_013598,75.55423044601856
STU_013599,71.76583742936063
STU_013600,98.14243611206764
STU_013601,67.93565748873468
STU_013602,62.685582578563256
STU_013603,94.6463509838743
STU_013604,67.02658364348238
STU_013605,89.94679666091093
STU_013606,71.61551213630237
STU_013607,42.58818822519214
STU_013608,80.18937300695355
STU_013609,80.00782947859481
STU_013610,95.0916123438627
STU_013611,95.45195466869063
STU_013612,60.74270321298273
STU_013613,75.9074649042638
STU_013614,51.79978116524598
STU_013615,83.28175509813822
STU_013616,81.91394375797636
STU_013617,64.59665874672045
STU_013618,61.001131327225934
STU_013619,67.16089870423924
STU_013620,74.3812878368787
STU_013621,73.38232626342814
STU_013622,60.690174102811724
STU_013623,50.85759919838985
STU_013624,50.47457969949916
STU_013625,81.11429011377923
STU_013626,77.11890162521145
STU_013627,84.88337646174887
STU_013628,96.93665926350202
STU_013629,80.62125087585592
STU_013630,72.80731031102638
STU_013631,66.37792939762898
STU_013632,57.15082082902272
STU_013633,95.602338811343
STU_013634,66.43646999667384
STU_013635,98.67271308699362
STU_013636,70.20210906242117
STU_013637,78.90418939702576
STU_013638,79.88357434896454
STU_013639,64.88626843075784
STU_013640,78.16687049349729
STU_013641,88.9702373226454
STU_013642,72.50150777555463
STU_013643,80.24016408200109
STU_013644,61.1117735611627
STU_013645,72.61181281249122
STU_013646,93.174166908967
STU_013647,82.40061215314958
STU_013648,98.38609096874606
STU_013649,75.94538596778403
STU_013650,95.46626759676946
STU_013651,71.20746990993932
STU_013652,67.19482463497607
STU_013653,91.92952958527508
STU_013654,76.52364618922559
STU_013655,75.265487667641
STU_013656,98.143179208725
STU_013657,61.77226121892129
STU_013658,81.96676704861187
STU_013659,66.2891732444276
STU_013660,66.40907769481785
STU_013661,77.03495616760402
STU_013662,83.14508765991695
STU_013663,74.97370967728196
STU_013664,91.42774581410436
STU_013665,79.40998902388056
STU_013666,86.04134344300725
STU_013667,58.99671285541804
STU_013668,90.91703316670012
STU_013669,61.749124260463546
STU_013670,88.81280894091864
STU_013671,99.69190830329192
STU_013672,69.78564377961739
STU_013673,96.62936845463199
STU_013674,76.93553388960068
STU_013675,60.37135722288135
STU_013676,74.72192982850918
STU_013677,83.91798033043561
STU_013678,70.35248766295467
STU_013679,68.31815986747856
STU_013680,52.2189121497842
STU_013681,98.68618479888407
STU_013682,41.79412448839557
STU_013683,57.16402191752425
STU_013684,72.58108822555647
STU_013685,87.99627605743554
STU_013686,93.67613836182284
STU_013687,75.71176056565426
STU_013688,62.6648486876294
STU_013689,97.2225864881088
STU_013690,90.69716072291897
STU_013691,64.86927735307282
STU_013692,61.33063228897721
STU_013693,88.12991561532593
STU_013694,76.7644359383528
STU_013695,70.17321378282276
STU_013696,99.24082935505454
STU_013697,69.61794503615351
STU_013698,61.74106827579533
STU_013699,65.56750909035901
STU_013700,81.94943481665752
STU_013701,82.09239574861115
STU_013702,94.95092599655419
STU_013703,68.57096754479882
STU_013704,77.5178554568754
STU_013705,87.41424472054737
STU_013706,66.18468044575027
STU_013707,65.91054920891285
STU_013708,58.94656545793309
STU_013709,91.22233636035983
STU_013710,79.48232591605397
STU_013711,98.98577926117187
STU_013712,74.31868208771533
STU_013713,65.49553765648929
STU_013714,67.4503968140434
STU_013715,98.5547005161404
STU_013716,70.52154883154236
STU_013717,54.738189945658185
STU_013718,84.36932580624033
STU_013719,73.27018753416567
STU_013720,50.47387611242543
STU_013721,57.005155550418806
STU_013722,80.30741211052325
STU_013723,84.52295721249985
STU_013724,92.32498298520022
STU_013725,71.58648565456404
STU_013726,64.60150027235039
STU_013727,68.698656475114
STU_013728,94.5010781319312
STU_013729,90.52149529432253
STU_013730,77.64898872551788
STU_013731,93.137735859723
STU_013732,76.22632363339177
STU_013733,84.33630337929671
STU_013734,55.902167203306625
STU_013735,72.23904341027432
STU_013736,99.22240706061342
STU_013737,81.10953012670859
STU_013738,74.46436874491346
STU_013739,72.26067060822416
STU_013740,82.31070393363487
STU_013741,77.3896441250161
STU_013742,94.34422759935073
STU_013743,94.5181420080582
STU_013744,69.77545198535712
STU_013745,93.03938123092912
STU_013746,87.56098919862332
STU_013747,95.43296702965415
STU_013748,73.39385678660922
STU_013749,95.31432828396629
STU_013750,74.79316392066899
STU_013751,75.61538626924305
STU_013752,79.43843988846811
STU_013753,85.2080169631253
STU_013754,72.35534422044283
STU_013755,67.93753441444757
STU_013756,64.12232397301602
STU_013757,99.20635616402548
STU_013758,95.08078813241598
STU_013759,57.41460023036937
STU_013760,56.33365865343693
STU_013761,97.2802385310051
STU_013762,78.85388424213316
STU_013763,76.2634685159922
STU_013764,59.77077848801282
STU_013765,64.10236084445255
STU_013766,82.31107070756164
STU_013767,88.93677051121898
STU_013768,67.78897928889076
STU_013769,55.881512004698365
STU_013770,88.51597677326193
STU_013771,96.0250970579261
STU_013772,66.36463792794216
STU_013773,68.99397883000975
STU_013774,72.90662378081892
STU_013775,76.09903285236528
STU_013776,59.510585046164266
STU_013777,76.34526181590508
STU_013778,92.60029687364849
STU_013779,96.87265051066895
STU_013780,70.17541641270503
STU_013781,58.57475311053846
STU_013782,77.63520053806936
STU_013783,87.8712918164451
STU_013784,76.43192929400956
STU_013785,69.16687749919741
STU_013786,76.47873804387653
STU_013787,98.2054689164091
STU_013788,56.947031063940315
STU_013789,85.29934585382011
STU_013790,63.3660454699149
STU_013791,85.2176551460543
STU_013792,99.78254040742834
STU_013793,72.15485096103981
STU_013794,75.10775405692941
STU_013795,78.72296988056763
STU_013796,68.69183635982277
STU_013797,86.50293890303817
STU_013798,59.107417383894635
STU_013799,78.37165038128873
STU_013800,84.91818644873265
STU_013801,99.3634765956259
STU_013802,79.81714137707073
STU_013803,72.83123034576988
STU_013804,75.48016279315544
STU_013805,84.7931012775522
STU_013806,68.02525896334079
STU_013807,79.59284311073705
STU_013808,72.4687518363534
STU_013809,75.95695753286446
STU_013810,85.86320274191114
STU_013811,65.85292019397791
STU_013812,78.26081650250076
STU_013813,69.24461380651925
STU_013814,63.295907685951306
STU_013815,76.42465947689716
STU_013816,69.17692832325085
STU_013817,80.59754210672449
STU_013818,57.52256859874204
STU_013819,89.246543727706
STU_013820,74.51348139884918
STU_013821,73.15053455818037
STU_013822,95.81427308986186
STU_013823,88.73288430698547
STU_013824,70.9130479217709
STU_013825,63.10191204128761
STU_013826,85.1188734683626
STU_013827,77.98436147528078
STU_013828,87.29467883665801
STU_013829,79.25678454970465
STU_013830,85.00344530479168
STU_013831,80.02439268849942
STU_013832,93.25119016094877
STU_013833,83.90565887589935
STU_013834,69.22429514203448
STU_013835,78.96613404161174
STU_013836,66.08598833648496
STU_013837,96.66923591598601
STU_013838,55.80945847097906
STU_013839,58.25357574442153
STU_013840,55.586616732061934
STU_013841,99.08103569822539
STU_013842,77.21127374271397
STU_013843,76.58432367917696
STU_013844,73.03508492627206
STU_013845,92.54900557763587
STU_013846,86.28042947267797
STU_013847,40.589932058855595
STU_013848,99.79916460739234
STU_013849,57.007492341804515
STU_013850,70.07011503048831
STU_013851,65.04708891638059
STU_013852,90.39730077038135
STU_013853,68.03249514478759
STU_013854,82.3299619886231
STU_013855,75.92637272110507
STU_013856,56.10155728358275
STU_013857,75.83083116523497
STU_013858,82.52126582154722
STU_013859,80.54054089739384
STU_013860,70.89314140347103
STU_013861,70.48147814270592
STU_013862,82.2055969346685
STU_013863,84.53616994324534
STU_013864,66.83691673396149
STU_013865,89.94921715977762
STU_013866,57.609424326662676
STU_013867,73.30535365654625
STU_013868,95.91064908455914
STU_013869,74.435666492076
STU_013870,48.65093449841896
STU_013871,70.33376476512935
STU_013872,99.2343727688762
STU_013873,68.14024970686987
STU_013874,64.97574127262692
STU_013875,59.45001981829038
STU_013876,79.23644256240377
STU_013877,54.354933217851354
STU_013878,58.65617621296794
STU_013879,62.56599971585859
STU_013880,96.31995958851081
STU_013881,71.66730170117032
STU_013882,80.10070000073057
STU_013883,67.84583201533704
STU_013884,81.51823724048191
STU_013885,90.26492673966797
STU_013886,87.72074014888881
STU_013887,73.34354288315393
STU_013888,79.06860819839393
STU_013889,78.12466439727461
STU_013890,94.72167119122155
STU_013891,93.57075507359151
STU_013892,74.11613297973842
STU_013893,59.373105097504244
STU_013894,96.06553211807098
STU_013895,53.21779956626796
STU_013896,94.55135876616825
STU_013897,74.69824562973884
STU_013898,80.89029524031203
STU_013899,84.87661682107853
STU_013900,67.03749799367861
STU_013901,78.07189493911902
STU_013902,73.61935092086384
STU_013903,72.52198882773331
STU_013904,68.26877760852683
STU_013905,91.7365986072694
STU_013906,78.09839886603532
STU_013907,65.25549298940442
STU_013908,65.70360108951527
STU_013909,90.09921120319252
STU_013910,60.825329180928804
STU_013911,80.96301519770432
STU_013912,81.86718565219137
STU_013913,70.40906731991873
STU_013914,58.690367416209185
STU_013915,65.96188539955718
STU_013916,97.92385870313748
STU_013917,50.971344867493926
STU_013918,55.90112693495324
STU_013919,76.97097679134879
STU_013920,77.92875341370592
STU_013921,64.91705440593229
STU_013922,96.23494760484583
STU_013923,90.01152644655718
STU_013924,85.22004443649021
STU_013925,70.36472065399711
STU_013926,79.85457055689648
STU_013927,99.28395688003879
STU_013928,41.30824548682318
STU_013929,60.4395298261203
STU_013930,70.42095895695897
STU_013931,64.31384507873784
STU_013932,64.91049773889101
STU_013933,53.322246140332894
STU_013934,65.09710682212203
STU_013935,77.08564144140077
STU_013936,87.67994377002732
STU_013937,81.57390556679528
STU_013938,75.23720083523254
STU_013939,66.92309986605443
STU_013940,63.852086851638454
STU_013941,67.31320119224594
STU_013942,99.70754300523029
STU_013943,60.64526649612281
STU_013944,88.05667343390871
STU_013945,74.82058913641004
STU_013946,98.75071014389465
STU_013947,81.00269206817296
STU_013948,78.74102002432167
STU_013949,44.8213386416969
STU_013950,89.36470971256126
STU_013951,53.56801812143041
STU_013952,97.15970463519889
STU_013953,70.77789900371498
STU_013954,46.10424550466538
STU_013955,65.66381123048218
STU_013956,77.84814189587136
STU_013957,79.18724834015133
STU_013958,73.28574179733855
STU_013959,70.70907923467337
STU_013960,77.62279323082743
STU_013961,75.83554496960983
STU_013962,59.70025692231608
STU_013963,67.22703391266597
STU_013964,75.59771021692133
STU_013965,60.3492422947432
STU_013966,69.90341236398443
STU_013967,70.63166802152728
STU_013968,95.55086550173635
STU_013969,46.18297856610543
STU_013970,88.67914363736858
STU_013971,66.14324581316265
STU_013972,72.71364619748599
STU_013973,72.48764910648865
STU_013974,95.26303622899489
STU_013975,84.58617705608356
STU_013976,69.17472286244447
STU_013977,82.7669378984358
STU_013978,96.13389332296434
STU_013979,86.42331269209005
STU_013980,75.19033704046768
STU_013981,74.09849389129319
STU_013982,70.23627130394377
STU_013983,77.58029504495946
STU_013984,67.79460346918165
STU_013985,84.62398131432506
STU_013986,70.10147214911402
STU_013987,95.88219621790509
STU_013988,67.9034170748182
STU_013989,66.22871009524303
STU_013990,66.24262495889919
STU_013991,79.8554742408398
STU_013992,76.73782492961739
STU_013993,79.22957619459216
STU_013994,78.66404608296418
STU_013995,58.10878720413925
STU_013996,74.03293638671698
STU_013997,96.76008162436176
STU_013998,62.41657635236832
STU_013999,78.15462412189358
STU_014000,76.38338966729775
STU_014001,65.68323358810642
STU_014002,60.88745796883763
STU_014003,66.99667226193102
STU_014004,62.933639442549016
STU_014005,70.02571457217132
STU_014006,71.28659025815035
STU_014007,83.36648357749755
STU_014008,60.20762408544945
STU_014009,99.67825672057788
STU_014010,70.81210616264252
STU_014011,82.64515176864964
STU_014012,94.44960574098376
STU_014013,50.53469722921837
STU_014014,91.5554117477304
STU_014015,81.55956566699624
STU_014016,64.23627975186511
STU_014017,80.00234716647925
STU_014018,76.71470579783596
STU_014019,88.44761013218827
STU_014020,84.67142232616648
STU_014021,93.03899089467737
STU_014022,70.15694556027374
STU_014023,62.93007502878101
STU_014024,76.74617767229101
STU_014025,81.40739021041954
STU_014026,75.77846176572474
STU_014027,99.93250681365576
STU_014028,87.85751345531959
STU_014029,77.29341147718583
STU_014030,76.16218002790612
STU_014031,74.43932259691277
STU_014032,75.86073645461951
STU_014033,66.97579580204341
STU_014034,92.95393398145472
STU_014035,94.96883177109791
STU_014036,49.24804859694296
STU_014037,59.7642100759647
STU_014038,85.06557214842043
STU_014039,88.82044195304766
STU_014040,74.73707061572104
STU_014041,74.70960850115023
STU_014042,65.52677062331898
STU_014043,68.55271961008205
STU_014044,99.70507317663879
STU_014045,75.94785658887514
STU_014046,65.5778613682104
STU_014047,88.01172638256861
STU_014048,61.74695709938687
STU_014049,86.38003635587862
STU_014050,74.45648850123679
STU_014051,72.33920809713945
STU_014052,80.32061799056396
STU_014053,87.12444333256153
STU_014054,85.77649849302216
STU_014055,99.91164613730001
STU_014056,78.18364107687256
STU_014057,68.88076040168636
STU_014058,76.11442171910366
STU_014059,60.88102379099498
STU_014060,77.99903451374047
STU_014061,67.10781100646254
STU_014062,86.96649561902683
STU_014063,70.68998718398059
STU_014064,67.69325470951695
STU_014065,60.923088800462956
STU_014066,39.65320300931089
STU_014067,94.47882074335344
STU_014068,68.6075976765363
STU_014069,76.5650253414233
STU_014070,75.22491388235318
STU_014071,40.174111720106346
STU_014072,70.099628295238
STU_014073,79.89442865959782
STU_014074,73.24648890134497
STU_014075,72.69393406850332
STU_014076,68.05482396723322
STU_014077,52.50255168333762
STU_014078,53.28207806963251
STU_014079,85.20746638079542
STU_014080,86.41228340618588
STU_014081,99.82627574050144
STU_014082,78.8359779672312
STU_014083,64.4462831647985
STU_014084,74.98180796704952
STU_014085,99.70640968750264
STU_014086,62.75913366935548
STU_014087,68.44221839550681
STU_014088,75.50447575409616
STU_014089,74.99677936636023
STU_014090,66.81667223172516
STU_014091,89.09783247211757
STU_014092,68.22405117871327
STU_014093,72.92145422742787
STU_014094,62.34090058225387
STU_014095,79.03507869495574
STU_014096,83.28640642756883
STU_014097,89.08648611701389
STU_014098,69.84249857996711
STU_014099,70.47032763107246
STU_014100,64.51193818742237
STU_014101,76.73891112788608
STU_014102,85.50581524755538
STU_014103,69.44557805049304
STU_014104,92.3954888402993
STU_014105,45.25789163130918
STU_014106,70.75610571629866
STU_014107,87.10210721621343
STU_014108,79.34760640742975
STU_014109,81.34364341062751
STU_014110,84.47306010652642
STU_014111,90.54575210648606
STU_014112,61.208836716883965
STU_014113,59.03753653838343
STU_014114,64.29867716786364
STU_014115,77.88489845072634
STU_014116,99.06563578391298
STU_014117,65.11705579330555
STU_014118,94.89065939544832
STU_014119,69.20498064084217
STU_014120,66.79915182706617
STU_014121,58.23758417124367
STU_014122,57.709880939775516
STU_014123,58.63908218852188
STU_014124,58.55766034392664
STU_014125,85.07410793267843
STU_014126,63.834690121815605
STU_014127,69.002460986139
STU_014128,62.37403657828111
STU_014129,86.28715439181686
STU_014130,80.66123176913894
STU_014131,89.4942415408054
STU_014132,78.2488413620234
STU_014133,69.95694106815948
STU_014134,43.6734465861381
STU_014135,77.32313987905371
STU_014136,74.13470485015559
STU_014137,98.53722664137307
STU_014138,54.11710648757859
STU_014139,73.80831650326816
STU_014140,78.35555642918216
STU_014141,88.82108686001496
STU_014142,72.16057023637072
STU_014143,88.01883219678746
STU_014144,98.22282009679009
STU_014145,66.86093217617442
STU_014146,93.28634515951947
STU_014147,78.99382499286554
STU_014148,86.69507712666639
STU_014149,77.82807969222972
STU_014150,64.36401473668477
STU_014151,97.52638172929338
STU_014152,86.70207569284918
STU_014153,58.36239370361651
STU_014154,77.19455776435925
STU_014155,67.58630584032554
STU_014156,91.5425950177247
STU_014157,80.63350611939656
STU_014158,80.01990506287362
STU_014159,83.9395555290226
STU_014160,95.27436339170708
STU_014161,80.48962507655406
STU_014162,96.08384506598017
STU_014163,71.95565689565994
STU_014164,52.75492880802504
STU_014165,96.30052587360342
STU_014166,70.20619890857765
STU_014167,77.70387495059116
STU_014168,68.81981391024244
STU_014169,52.302178882193544
STU_014170,79.04182156966814
STU_014171,84.4344680455634
STU_014172,78.40887101116988
STU_014173,68.87434870193738
STU_014174,78.5324788422876
STU_014175,82.44868509009923
STU_014176,65.95942180533504
STU_014177,76.90650311159767
STU_014178,71.35595228993168
STU_014179,84.66134921596043
STU_014180,78.80044743901229
STU_014181,74.90395799283613
STU_014182,97.11373687808565
STU_014183,64.0550482869864
STU_014184,81.949704488526
STU_014185,76.10477437922383
STU_014186,94.67829644044038
STU_014187,97.85106906934757
STU_014188,75.68857444138833
STU_014189,70.78004529275805
STU_014190,65.95450987163376
STU_014191,65.59427201222331
STU_014192,63.36049372712953
STU_014193,85.91555482582734
STU_014194,71.48389105944877
STU_014195,63.06184887116257
STU_014196,81.75860383961665
STU_014197,61.31223537498053
STU_014198,70.57777538715196
STU_014199,58.214595497809
STU_014200,77.40060987058112
STU_014201,77.3502338850671
STU_014202,82.17759460849557
STU_014203,57.653518074689856
STU_014204,86.18024967691254
STU_014205,68.27040949731322
STU_014206,74.59272082868513
STU_014207,77.9776755989379
STU_014208,72.56772359037357
STU_014209,71.55734688544857
STU_014210,97.56737940436633
STU_014211,80.67602000876941
STU_014212,98.71381196847777
STU_014213,78.13814245313212
STU_014214,62.66962401551311
STU_014215,71.48772622428264
STU_014216,69.6734318854744
STU_014217,88.61761796962483
STU_014218,99.74184964916996
STU_014219,65.9316321234753
STU_014220,78.42416190126869
STU_014221,86.56940418200038
STU_014222,78.60462499937181
STU_014223,88.61590062821962
STU_014224,91.52296810662995
STU_014225,72.94336872596377
STU_014226,57.45625956480862
STU_014227,72.38928353003948
STU_014228,59.076507685861145
STU_014229,90.85284078364339
STU_014230,93.20758548356896
STU_014231,77.00208686752931
STU_014232,76.81393329173
STU_014233,55.29726902120651
STU_014234,99.87663132245177
STU_014235,76.77090774232998
STU_014236,71.77670000522411
STU_014237,91.30391964912798
STU_014238,48.02216520808638
STU_014239,89.37063361646962
STU_014240,70.57889163135215
STU_014241,82.35315857642422
STU_014242,89.52875466760916
STU_014243,66.55808273605297
STU_014244,81.53097505974095
STU_014245,79.14995006795289
STU_014246,75.8453295825448
STU_014247,63.568437929453424
STU_014248,91.42004081385451
STU_014249,77.68572607787588
STU_014250,81.18658110383879
STU_014251,74.8029177498911
STU_014252,60.544461171348004
STU_014253,89.94286067538803
STU_014254,68.33616894453989
STU_014255,95.77583183804268
STU_014256,68.63111352700739
STU_014257,70.99028012652143
STU_014258,89.02336811354466
STU_014259,66.13357501593879
STU_014260,84.75499475551787
STU_014261,83.363383746614
STU_014262,75.74768750953876
STU_014263,59.41873983832686
STU_014264,87.4802737194649
STU_014265,67.44178294749054
STU_014266,85.5355034211029
STU_014267,95.85566658026761
STU_014268,92.34746567872304
STU_014269,73.4733189682425
STU_014270,70.48466417377722
STU_014271,59.315257024450645
STU_014272,71.47751431775681
STU_014273,72.9040765129559
STU_014274,65.00232333301417
STU_014275,86.5131868166769
STU_014276,67.06056584429548
STU_014277,93.77841952766549
STU_014278,59.010749361310545
STU_014279,94.9473128964942
STU_014280,54.94482570985501
STU_014281,88.62784017008649
STU_014282,70.6926610682689
STU_014283,54.652257787590266
STU_014284,82.63644796357686
STU_014285,94.78296534045346
STU_014286,64.00495874030219
STU_014287,82.70538040514883
STU_014288,49.58868486300998
STU_014289,72.5705021085621
STU_014290,78.68320675223099
STU_014291,66.29637520235582
STU_014292,72.86905910232461
STU_014293,74.00045205007632
STU_014294,61.81741509975062
STU_014295,67.86076051723643
STU_014296,69.24551830234475
STU_014297,64.20385630372384
STU_014298,79.2172009280361
STU_014299,81.50742180262426
STU_014300,91.44807160025154
STU_014301,56.79323044680974
STU_014302,99.81023063536605
STU_014303,89.70328913895213
STU_014304,62.91406753358814
STU_014305,79.85617798050197
STU_014306,74.01246656994158
STU_014307,99.79120119028539
STU_014308,70.86670747940353
STU_014309,92.56545486696392
STU_014310,71.13981180912413
STU_014311,99.73691901120861
STU_014312,74.10163293593804
STU_014313,69.45200962549148
STU_014314,64.3353565614488
STU_014315,82.12103332912972
STU_014316,73.92184742971574
STU_014317,69.44581179609895
STU_014318,80.18091921063181
STU_014319,59.5933482854871
STU_014320,75.36892867794248
STU_014321,63.091548545040396
STU_014322,96.22281684217612
STU_014323,85.10747751367762
STU_014324,79.33650468712663
STU_014325,84.63683933922039
STU_014326,83.27366437404329
STU_014327,67.06231522715858
STU_014328,51.72142846567558
STU_014329,94.0590062170662
STU_014330,54.42631568947952
STU_014331,62.747997404729546
STU_014332,59.83006494409921
STU_014333,74.3588656239088
STU_014334,96.15598714537566
STU_014335,78.88972528648317
STU_014336,92.48500459388805
STU_014337,80.18285657967635
STU_014338,63.29971272678948
STU_014339,63.35084300854338
STU_014340,63.474688883543756
STU_014341,94.25695397133275
STU_014342,56.267453417849104
STU_014343,71.82489541846725
STU_014344,46.514658743278616
STU_014345,74.79487927750145
STU_014346,87.37414336167008
STU_014347,65.78905145697381
STU_014348,71.7090004298153
STU_014349,65.59793848011574
STU_014350,68.91749625049665
STU_014351,72.90208094135971
STU_014352,93.04385087495425
STU_014353,90.20868962932563
STU_014354,90.48432823062956
STU_014355,64.69954439319245
STU_014356,51.05725114704407
STU_014357,85.74729405498313
STU_014358,56.13380992657829
STU_014359,74.96152667442703
STU_014360,57.3206606761794
STU_014361,65.90902263841747
STU_014362,99.71365906916047
STU_014363,47.09321782908286
STU_014364,76.47511278627675
STU_014365,63.45187590389841
STU_014366,73.61245648372429
STU_014367,70.85519394435912
STU_014368,89.57698502484423
STU_014369,90.08074360330745
STU_014370,95.66151074677347
STU_014371,75.67304307150769
STU_014372,86.10012999931216
STU_014373,66.08321136014476
STU_014374,82.47914717020303
STU_014375,79.73093314880462
STU_014376,93.05574788396291
STU_014377,83.1003553722451
STU_014378,99.35600152016778
STU_014379,80.44871720010507
STU_014380,82.68021311377963
STU_014381,45.754761398323694
STU_014382,78.31079480714911
STU_014383,72.95831549592035
STU_014384,87.08362215335787
STU_014385,91.49259463750236
STU_014386,60.82815657540125
STU_014387,78.72778420249594
STU_014388,67.87792652493769
STU_014389,73.98328218639928
STU_014390,67.02095306275899
STU_014391,45.36382038516699
STU_014392,88.69152308715402
STU_014393,89.67938247983564
STU_014394,72.83153906668338
STU_014395,98.04813387823808
STU_014396,91.20865484611578
STU_014397,78.8117640263199
STU_014398,99.61370896040103
STU_014399,73.52397809660678
STU_014400,95.52249513076288
STU_014401,83.91732264539161
STU_014402,77.89779015813721
STU_014403,76.90850128996946
STU_014404,79.17032379920043
STU_014405,64.35707190256733
STU_014406,79.37046285479306
STU_014407,99.00085395437755
STU_014408,64.51739239921646
STU_014409,57.39391241728265
STU_014410,73.75495588294108
STU_014411,66.06175970881203
STU_014412,73.2835215308206
STU_014413,82.04516852608364
STU_014414,64.08957171480225
STU_014415,68.34033726310581
STU_014416,78.36559748394484
STU_014417,91.82997714917705
STU_014418,90.77324639092879
STU_014419,54.662715831891845
STU_014420,90.78058440619323
STU_014421,96.5210595971669
STU_014422,67.17937468419262
STU_014423,93.18130965035697
STU_014424,77.38643654106916
STU_014425,96.58067200079066
STU_014426,70.66355459244265
STU_014427,88.92784725924106
STU_014428,92.39603826220888
STU_014429,92.58708752143016
STU_014430,52.207993111892684
STU_014431,57.467990766253685
STU_014432,76.94404310245733
STU_014433,68.66721812529146
STU_014434,78.00651523444482
STU_014435,96.16709266460313
STU_014436,55.86247875790784
STU_014437,71.29291731343935
STU_014438,75.22404794360773
STU_014439,81.42857353131605
STU_014440,47.91392416267669
STU_014441,62.71283535979439
STU_014442,77.988329603744
STU_014443,53.24672800331518
STU_014444,50.487610875186974
STU_014445,72.25608847772105
STU_014446,68.5777763901778
STU_014447,96.64618659949963
STU_014448,61.918087230031
STU_014449,54.558366097738585
STU_014450,65.91074137672571
STU_014451,88.05211546314521
STU_014452,89.65456463985825
STU_014453,99.48131129107988
STU_014454,88.6445630304331
STU_014455,89.00453259286103
STU_014456,82.82996715628404
STU_014457,61.19861708929545
STU_014458,63.04096115337779
STU_014459,75.49384326745438
STU_014460,99.79133076866687
STU_014461,94.34266249307683
STU_014462,82.59087885642965
STU_014463,86.58199380149263
STU_014464,72.35531667756892
STU_014465,95.32020111222933
STU_014466,67.15551944261604
STU_014467,78.50575306341696
STU_014468,73.18684499658315
STU_014469,82.20358726638639
STU_014470,75.72603568637598
STU_014471,84.39388133945052
STU_014472,64.69563142358477
STU_014473,65.18895799975397
STU_014474,84.814935440163
STU_014475,63.51629922769772
STU_014476,74.57831303456359
STU_014477,95.01571303286867
STU_014478,81.26689891119847
STU_014479,97.47260230133271
STU_014480,77.17037012046845
STU_014481,90.45733645214123
STU_014482,51.65691473314378
STU_014483,94.2506148010684
STU_014484,46.956768613286286
STU_014485,76.388499521548
STU_014486,89.64405410398922
STU_014487,81.98739429423486
STU_014488,71.76981924546034
STU_014489,46.138700700478616
STU_014490,91.49709158450273
STU_014491,83.24722191788307
STU_014492,78.83581221809706
STU_014493,62.27513122849309
STU_014494,86.7954623360892
STU_014495,69.56572059048081
STU_014496,66.46891244700515
STU_014497,64.93061758270373
STU_014498,87.48674152707412
STU_014499,81.33514887233844
STU_014500,66.08319956978984
STU_014501,63.28738899455065
STU_014502,70.5259409375954
STU_014503,74.51882027861822
STU_014504,99.71090577767214
STU_014505,73.58679197308827
STU_014506,75.9030799715812
STU_014507,71.31191163013378
STU_014508,64.42786525650988
STU_014509,75.66165808845473
STU_014510,61.102339843167854
STU_014511,83.55097648859824
STU_014512,74.1200514723473
STU_014513,81.9162594300652
STU_014514,82.20888977478792
STU_014515,73.35391910523754
STU_014516,82.00416225613355
STU_014517,80.65542410899141
STU_014518,79.03091684449228
STU_014519,60.34000154676883
STU_014520,75.98942924307016
STU_014521,96.80083556678967
STU_014522,67.01055498640814
STU_014523,96.34330521126135
STU_014524,90.91796992998945
STU_014525,71.04282302125927
STU_014526,78.130686983516
STU_014527,43.73881763401424
STU_014528,64.85240397310424
STU_014529,83.33022354579208
STU_014530,67.16139255361894
STU_014531,76.97962924786198
STU_014532,97.2822453717892
STU_014533,99.30657102300849
STU_014534,95.20842208187783
STU_014535,95.05906246862222
STU_014536,88.9156645533548
STU_014537,76.74167697541199
STU_014538,62.60957169944783
STU_014539,68.6395846307207
STU_014540,51.74698665100134
STU_014541,89.70908565246681
STU_014542,52.59578018435823
STU_014543,87.31689911057168
STU_014544,66.20555222233297
STU_014545,63.193064805412064
STU_014546,55.369945114555996
STU_014547,61.885583902091554
STU_014548,93.24696444353812
STU_014549,97.32266271481811
STU_014550,79.79413990435047
STU_014551,69.70557176756093
STU_014552,67.11060553649794
STU_014553,83.28048079973615
STU_014554,75.14965343424585
STU_014555,67.18301144661339
STU_014556,96.41670373316036
STU_014557,75.00882712596352
STU_014558,55.53589079865928
STU_014559,79.51386847419568
STU_014560,98.560944990451
STU_014561,75.48425042889205
STU_014562,67.19865665813232
STU_014563,76.0750055077463
STU_014564,99.06183943436066
STU_014565,69.04241684288141
STU_014566,87.3252144995096
STU_014567,69.78010460202015
STU_014568,69.46061496741723
STU_014569,75.64560890332922
STU_014570,54.691520988961685
STU_014571,65.38516830285252
STU_014572,73.13695393805999
STU_014573,78.62597967954272
STU_014574,64.48609400973551
STU_014575,59.99962328170549
STU_014576,69.02340972195294
STU_014577,56.36866559676796
STU_014578,63.45851206349394
STU_014579,79.52312164993664
STU_014580,89.56631938564063
STU_014581,89.16830749307623
STU_014582,81.74233149013212
STU_014583,69.31284828637693
STU_014584,78.90908740345728
STU_014585,70.62574509851045
STU_014586,88.59652325602566
STU_014587,57.554521194233665
STU_014588,80.06554122516047
STU_014589,53.631839752273706
STU_014590,64.1661232538312
STU_014591,89.94294169863699
STU_014592,75.25996062563972
STU_014593,93.7656866419347
STU_014594,97.74915864858801
STU_014595,48.63023222921334
STU_014596,99.92238931246338
STU_014597,72.24580933276658
STU_014598,59.20146253041742
STU_014599,78.08267539928602
STU_014600,55.8158847699365
STU_014601,76.13099768942587
STU_014602,93.6617444269257
STU_014603,52.44530641462049
STU_014604,83.80970834451841
STU_014605,99.52792634783177
STU_014606,54.69352847612123
STU_014607,83.13509111981682
STU_014608,58.135329562878006
STU_014609,79.93054058677977
STU_014610,81.71761126022787
STU_014611,81.5356225310376
STU_014612,56.98004339282932
STU_014613,69.96851797162594
STU_014614,91.87476770908343
STU_014615,75.27400153018021
STU_014616,95.79619201869599
STU_014617,61.517427384922144
STU_014618,84.6204414316197
STU_014619,78.1211887144401
STU_014620,85.38717496117994
STU_014621,61.979094679533354
STU_014622,97.117790396555
STU_014623,74.113085276083
STU_014624,81.6948534053019
STU_014625,69.93719694792976
STU_014626,89.5410402813591
STU_014627,63.250218244902335
STU_014628,58.670994557597844
STU_014629,80.52047746828134
STU_014630,72.83777502914742
STU_014631,62.195755209311216
STU_014632,67.56558504856214
STU_014633,69.28866676161861
STU_014634,94.13684174952527
STU_014635,57.33125399220999
STU_014636,45.91312156215066
STU_014637,90.87237415921184
STU_014638,66.86679057671644
STU_014639,76.35301837459195
STU_014640,69.54903043468387
STU_014641,62.35765338494876
STU_014642,96.59982904882588
STU_014643,55.162601765260604
STU_014644,93.24346754491125
STU_014645,77.36446897928046
STU_014646,89.86414803921886
STU_014647,90.69603013416396
STU_014648,70.61517492208904
STU_014649,91.37093752506355
STU_014650,70.41327733088615
STU_014651,62.73105200519626
STU_014652,94.18726665112055
STU_014653,76.62436370446125
STU_014654,86.00048945199396
STU_014655,49.91873275119893
STU_014656,67.42196447742496
STU_014657,53.49615531427894
STU_014658,76.9443643859528
STU_014659,71.0986457965524
STU_014660,71.90040245369971
STU_014661,48.647944307051546
STU_014662,72.06989705575266
STU_014663,72.87151706277459
STU_014664,54.21295897504918
STU_014665,77.76192422632089
STU_014666,95.338680501009
STU_014667,78.42850838828853
STU_014668,55.30885290842121
STU_014669,77.69664509017719
STU_014670,97.97968177593569
STU_014671,78.05831241617571
STU_014672,84.14926856113466
STU_014673,93.30581874427958
STU_014674,94.4668676867724
STU_014675,82.96819071117035
STU_014676,74.89292229333266
STU_014677,63.659033116327066
STU_014678,67.13363830306514
STU_014679,61.290931342744436
STU_014680,43.491978460592264
STU_014681,92.0829274869383
STU_014682,47.192409661023724
STU_014683,67.70895921570789
STU_014684,61.09782495331709
STU_014685,65.89901789043668
STU_014686,79.73955703016114
STU_014687,87.66413635108128
STU_014688,94.90685317987808
STU_014689,64.60813454398334
STU_014690,60.31611718940157
STU_014691,82.93319923446683
STU_014692,94.11010090681519
STU_014693,70.33832752435582
STU_014694,75.83368385042871
STU_014695,99.42522428671744
STU_014696,42.87815047715742
STU_014697,78.41200621374311
STU_014698,91.40310759645065
STU_014699,67.80870445849443
STU_014700,91.46877937666943
STU_014701,69.78466885856454
STU_014702,88.69844297173961
STU_014703,79.56252984855473
STU_014704,96.51559051885118
STU_014705,81.3668780311836
STU_014706,84.88437270066399
STU_014707,96.34385909347168
STU_014708,98.79866972395239
STU_014709,79.61583373029383
STU_014710,53.22375660774917
STU_014711,74.19443458758577
STU_014712,78.27935484865169
STU_014713,41.48810321615295
STU_014714,80.97332509355543
STU_014715,77.21685046854189
STU_014716,61.785080991338354
STU_014717,57.97355734630301
STU_014718,65.1473205848439
STU_014719,94.27153612141586
STU_014720,81.67180902072108
STU_014721,53.64431926507384
STU_014722,67.54883668774342
STU_014723,96.00538961661636
STU_014724,91.45187486811284
STU_014725,71.16743986812398
STU_014726,67.03356837246284
STU_014727,59.20982931591901
STU_014728,94.476601882607
STU_014729,80.24931762823118
STU_014730,53.53639409120798
STU_014731,64.1861952439831
STU_014732,83.75900120285706
STU_014733,75.59908878872272
STU_014734,62.11225596727803
STU_014735,99.81570997659276
STU_014736,76.95006969560421
STU_014737,74.81308862708038
STU_014738,71.99126147978131
STU_014739,85.84281637083079
STU_014740,76.38407300146501
STU_014741,79.97008873587666
STU_014742,95.61606324808915
STU_014743,99.28277867127494
STU_014744,68.72875435059821
STU_014745,81.2817008396494
STU_014746,44.44850844557253
STU_014747,76.79251009014557
STU_014748,99.5923948412059
STU_014749,93.07308730255895
STU_014750,81.08332529830746
STU_014751,94.78083007924367
STU_014752,78.55078108904569
STU_014753,59.22485704692722
STU_014754,99.72944815162705
STU_014755,66.11986315637589
STU_014756,67.57242759854859
STU_014757,73.01884479371222
STU_014758,99.79743614590733
STU_014759,68.48380043288606
STU_014760,76.57096197541594
STU_014761,76.06293501617648
STU_014762,99.90295336638856
STU_014763,82.10842476169448
STU_014764,99.69152746451907
STU_014765,74.98801425467049
STU_014766,81.70325889733903
STU_014767,69.60518899102642
STU_014768,66.61808396393198
STU_014769,97.53737255234478
STU_014770,79.57549370150903
STU_014771,75.06167776724432
STU_014772,70.87907461948296
STU_014773,85.37394375062273
STU_014774,93.12232395926377
STU_014775,77.4684096378632
STU_014776,76.31541930100356
STU_014777,77.19945454178105
STU_014778,78.72133306230296
STU_014779,78.38938880056915
STU_014780,58.501187374940116
STU_014781,84.09339947522446
STU_014782,85.98074612963487
STU_014783,92.57283768060613
STU_014784,92.0090344739174
STU_014785,81.41371450137444
STU_014786,80.62434280629654
STU_014787,76.3188576093958
STU_014788,96.29030597197425
STU_014789,75.00688181826803
STU_014790,79.44520272279047
STU_014791,65.72287711160712
STU_014792,56.07354604059148
STU_014793,66.80847346331977
STU_014794,62.272215344879704
STU_014795,79.16000014015563
STU_014796,78.58688217931561
STU_014797,71.99684194942324
STU_014798,89.39869899327017
STU_014799,91.6568822890346
STU_014800,86.18742456835254
STU_014801,92.37209280903451
STU_014802,56.96145438680382
STU_014803,88.21864951727372
STU_014804,79.5064278814636
STU_014805,73.94451173246838
STU_014806,74.75705340377925
STU_014807,65.15094910449493
STU_014808,69.8591874252926
STU_014809,53.36505405152126
STU_014810,96.35163614243748
STU_014811,98.61162309558497
STU_014812,74.3142373386802
STU_014813,61.53451063763477
STU_014814,68.69258479581204
STU_014815,55.67073229235257
STU_014816,79.52340343952692
STU_014817,85.84546803558646
STU_014818,47.10740969101796
STU_014819,79.27491706505965
STU_014820,70.22302221250212
STU_014821,57.694792733820314
STU_014822,98.84700739598689
STU_014823,63.87678888278553
STU_014824,92.14317562571657
STU_014825,77.25942336401201
STU_014826,92.58361173214274
STU_014827,57.92978514827138
STU_014828,76.23529339933292
STU_014829,76.23434613032416
STU_014830,82.80248636441556
STU_014831,83.58019908805312
STU_014832,64.19106472094619
STU_014833,63.68557743008555
STU_014834,81.32684105223794
STU_014835,75.60518151241844
STU_014836,85.34151605556463
STU_014837,72.89570678338107
STU_014838,74.40656468505921
STU_014839,82.68299091100857
STU_014840,77.33912732659886
STU_014841,99.26535668246362
STU_014842,53.81858712330578
STU_014843,71.02960922146222
STU_014844,95.22423210203762
STU_014845,66.68144180386433
STU_014846,85.63842308619125
STU_014847,78.3244782736595
STU_014848,56.80648120964291
STU_014849,59.145696238453844
STU_014850,69.07084412257807
STU_014851,83.84584345827781
STU_014852,80.0904469752341
STU_014853,75.22518404723965
STU_014854,64.1383583946025
STU_014855,75.73453318836877
STU_014856,72.38120195693253
STU_014857,80.96654300681558
STU_014858,65.45434499637977
STU_014859,86.8178521302817
STU_014860,46.63973119711094
STU_014861,86.69289785630346
STU_014862,96.70347170351424
STU_014863,65.4073898899308
STU_014864,76.41267542699549
STU_014865,69.14868642398733
STU_014866,68.22225550653378
STU_014867,71.87389152979955
STU_014868,99.82073307067472
STU_014869,99.52149142342991
STU_014870,73.18987431913949
STU_014871,76.06480163458305
STU_014872,80.88221826482254
STU_014873,65.19742226107763
STU_014874,65.55195071008563
STU_014875,83.05958415831984
STU_014876,55.36667716414789
STU_014877,66.86542262772075
STU_014878,62.70848069991009
STU_014879,79.73749590912615
STU_014880,84.99109577797562
STU_014881,76.75653026163582
STU_014882,71.59207072069123
STU_014883,77.8356482181068
STU_014884,66.99133006237261
STU_014885,82.27102700593326
STU_014886,65.66830140818801
STU_014887,76.52172550765529
STU_014888,86.50745765813198
STU_014889,69.66461641476126
STU_014890,93.11007735194784
STU_014891,71.39408054128016
STU_014892,87.79451996247684
STU_014893,62.09709704419329
STU_014894,72.97837967574797
STU_014895,57.823656287481256
STU_014896,78.5350508510421
STU_014897,77.73738423748766
STU_014898,81.81064608983534
STU_014899,57.3039608731862
STU_014900,98.79496785204911
STU_014901,84.53971706391218
STU_014902,81.60286804599808
STU_014903,87.71143200004589
STU_014904,76.2193625880125
STU_014905,91.31921249434775
STU_014906,78.80573933232749
STU_014907,51.6357911482934
STU_014908,79.58564249472157
STU_014909,83.26991133664868
STU_014910,74.91844337082203
STU_014911,98.74416413465256
STU_014912,80.22190973120537
STU_014913,75.54913651225189
STU_014914,48.57370955686277
STU_014915,60.87515076857353
STU_014916,68.0786904592274
STU_014917,98.48719093989124
STU_014918,85.96225339296736
STU_014919,52.93460879058191
STU_014920,92.98024414356827
STU_014921,63.217791803828526
STU_014922,53.18824207596056
STU_014923,71.77618852489472
STU_014924,84.06885591489555
STU_014925,99.02759754678789
STU_014926,81.96385050265661
STU_014927,75.96240484767944
STU_014928,57.74803668959617
STU_014929,80.91423677884383
STU_014930,82.20773654485454
STU_014931,90.1698529981582
STU_014932,60.29494817799935
STU_014933,77.40835170719197
STU_014934,66.43717134755445
STU_014935,77.47579255956546
STU_014936,83.95288344213508
STU_014937,82.8936673201552
STU_014938,99.77800390822166
STU_014939,80.21141160011388
STU_014940,93.89702537840012
STU_014941,62.84187640837116
STU_014942,94.09315629964256
STU_014943,62.51851793300692
STU_014944,71.29308485661858
STU_014945,61.75283438039384
STU_014946,67.55578054759496
STU_014947,68.49464943870996
STU_014948,86.91052936383585
STU_014949,64.48719673684788
STU_014950,93.86133957001226
STU_014951,73.84913938876895
STU_014952,76.34449211706638
STU_014953,96.68691489110003
STU_014954,93.47214532907438
STU_014955,95.02272328943918
STU_014956,81.03667402676561
STU_014957,78.12208972608634
STU_014958,70.57997291864045
STU_014959,51.63745239598802
STU_014960,98.01368896726719
STU_014961,93.18557960687774
STU_014962,47.562675701122814
STU_014963,75.37714067466376
STU_014964,95.88526678951825
STU_014965,78.81742023941923
STU_014966,70.85542618134025
STU_014967,54.63639114294667
STU_014968,94.85448699524795
STU_014969,80.49455371065648
STU_014970,71.70493375942175
STU_014971,69.15525315577716
STU_014972,89.72995960937126
STU_014973,73.25061485865392
STU_014974,71.1027752286689
STU_014975,69.33902843819517
STU_014976,89.68413288137873
STU_014977,80.96859102959607
STU_014978,91.04801883408845
STU_014979,94.037903107598
STU_014980,63.36721973829867
STU_014981,98.77252747157712
STU_014982,64.20240982198857
STU_014983,91.19749071599432
STU_014984,63.48647721980961
STU_014985,66.00377092596693
STU_014986,50.68252433718413
STU_014987,90.74529762351969
STU_014988,65.37303966496667
STU_014989,98.06848990704191
STU_014990,88.30200040282635
STU_014991,98.48331295264765
STU_014992,72.3631586834077
STU_014993,59.74451465517252
STU_014994,85.43740242547396
STU_014995,86.5889514429606
STU_014996,72.19109777861826
STU_014997,79.42877678216611
STU_014998,83.13944595680583
STU_014999,97.52085695035882
STU_015000,70.0091390876756
STU_015001,57.14452928159689
STU_015002,67.07802283904827
STU_015003,61.843087723844405
STU_015004,65.02376478650969
STU_015005,59.80165980254141
STU_015006,61.41605147123428
STU_015007,90.54044465233635
STU_015008,71.23694506951007
STU_015009,76.19320113371064
STU_015010,74.99134071814521
STU_015011,53.05974924355241
STU_015012,97.86197045568446
STU_015013,63.451701076810906
STU_015014,58.396631963760484
STU_015015,83.76019664818266
STU_015016,89.39999995998518
STU_015017,88.7556558135563
STU_015018,74.66476875846617
STU_015019,86.22160960130184
STU_015020,62.227455027250635
STU_015021,75.64640834018981
STU_015022,63.0777765250889
STU_015023,78.13177954301666
STU_015024,69.70879591627994
STU_015025,82.23230135562949
STU_015026,70.95600327000206
STU_015027,83.81197376634043
STU_015028,75.70471084610348
STU_015029,75.8008952123719
STU_015030,92.03976760708079
STU_015031,77.28882243038865
STU_015032,71.72033322773983
STU_015033,78.03431942918961
STU_015034,67.81618347274691
STU_015035,81.38788160357407
STU_015036,71.94198987569064
STU_015037,80.31577869223239
STU_015038,89.8105233170906
STU_015039,64.42325935202135
STU_015040,78.86213375580715
STU_015041,83.2623207021093
STU_015042,45.66984050550626
STU_015043,83.6392090170607
STU_015044,88.17279609651337
STU_015045,89.43708454016341
STU_015046,65.99384598363858
STU_015047,83.11893814510343
STU_015048,67.9487355203522
STU_015049,72.94465045572423
STU_015050,59.695252434720906
STU_015051,69.06193462102836
STU_015052,63.20369271682352
STU_015053,67.58845025019752
STU_015054,93.38490210099363
STU_015055,84.45745976791468
STU_015056,60.29606299665982
STU_015057,98.23638530091564
STU_015058,57.56882654939244
STU_015059,98.04398186192961
STU_015060,74.22734822190723
STU_015061,74.33304325878316
STU_015062,72.0850259690138
STU_015063,69.37790336967169
STU_015064,60.37974532990386
STU_015065,93.0210335636403
STU_015066,85.08520737084876
STU_015067,69.88212134028645
STU_015068,66.22791326124467
STU_015069,73.2154775988575
STU_015070,71.99633415232117
STU_015071,75.08876392025246
STU_015072,99.97529282973372
STU_015073,66.08425706279047
STU_015074,66.94302398585334
STU_015075,93.92623857991381
STU_015076,71.54392844424149
STU_015077,65.8426858835598
STU_015078,68.59827297781801
STU_015079,99.87510908292718
STU_015080,65.39267303202101
STU_015081,98.59426062474319
STU_015082,60.589719376752484
STU_015083,81.85857797278408
STU_015084,63.79390024966847
STU_015085,77.38286560669513
STU_015086,67.41805606083902
STU_015087,58.258392682683926
STU_015088,90.96969113191804
STU_015089,80.42268683890522
STU_015090,88.72818623554454
STU_015091,74.96119381150761
STU_015092,76.44040421363118
STU_015093,96.30121159217063
STU_015094,68.76631652967387
STU_015095,76.26253855398181
STU_015096,88.99895915249584
STU_015097,79.64316539631398
STU_015098,68.39715610161878
STU_015099,58.09246400507705
STU_015100,83.7019449952393
STU_015101,78.66365717786034
STU_015102,78.6511693828964
STU_015103,98.38786040939004
STU_015104,74.92759924060813
STU_015105,92.29944349547739
STU_015106,71.49755346353915
STU_015107,75.04422613392029
STU_015108,77.73294253698491
STU_015109,77.65204231964958
STU_015110,83.8335846821306
STU_015111,61.15922032752194
STU_015112,83.50038227288512
STU_015113,66.32852858189005
STU_015114,83.88027027826419
STU_015115,61.45161901865757
STU_015116,89.14775774727285
STU_015117,64.59880795518364
STU_015118,53.025267068932095
STU_015119,83.79252199264708
STU_015120,85.25620691945096
STU_015121,62.113640109492714
STU_015122,99.86698197765217
STU_015123,66.40421461700998
STU_015124,85.65295010883226
STU_015125,76.20320684807358
STU_015126,75.00524324621338
STU_015127,93.59914906623793
STU_015128,77.6533298667701
STU_015129,69.24790213089204
STU_015130,71.1831231734657
STU_015131,82.72855956380505
STU_015132,86.51085942904061
STU_015133,94.53108437728585
STU_015134,82.01885078999544
STU_015135,84.24641880515146
STU_015136,77.08936054631603
STU_015137,71.12593823654281
STU_015138,70.61039215997954
STU_015139,81.6914918214257
STU_015140,96.84918920068183
STU_015141,69.22917130705684
STU_015142,74.79583066346696
STU_015143,99.15079965570662
STU_015144,82.60180434597092
STU_015145,60.2270113552641
STU_015146,96.60374589880631
STU_015147,77.86720363450662
STU_015148,71.18326187162543
STU_015149,67.08022497612177
STU_015150,46.746456395837406
STU_015151,53.00776569524506
STU_015152,74.19611492264804
STU_015153,60.1785010834991
STU_015154,83.25358686216038
STU_015155,84.12816509889981
STU_015156,73.73195614788793
STU_015157,61.91255983227994
STU_015158,95.02449614543119
STU_015159,51.43594290493154
STU_015160,86.71558396436032
STU_015161,61.075302544592134
STU_015162,81.2143149012717
STU_015163,80.8660861370718
STU_015164,41.13429496470796
STU_015165,87.43741762332135
STU_015166,96.46197203927393
STU_015167,82.5045878953871
STU_015168,60.741234877549935
STU_015169,92.91009299428563
STU_015170,74.64947199926071
STU_015171,89.02295471702328
STU_015172,60.36824698796187
STU_015173,75.05110220959163
STU_015174,96.89430481398183
STU_015175,73.19693365531177
STU_015176,99.74480495260438
STU_015177,76.42663144075706
STU_015178,64.27249681801658
STU_015179,76.20107509779247
STU_015180,61.8507359431142
STU_015181,80.76841427749638
STU_015182,81.9731170773081
STU_015183,84.08934814584282
STU_015184,70.00746948093962
STU_015185,82.08332087600994
STU_015186,75.3473698311529
STU_015187,58.46130685017613
STU_015188,68.03247392673458
STU_015189,89.4524654599503
STU_015190,96.44463795756036
STU_015191,79.96573629722874
STU_015192,99.75693685246378
STU_015193,79.39524558876406
STU_015194,86.54540481196622
STU_015195,85.00290777369743
STU_015196,80.26808558574463
STU_015197,73.46091850276227
STU_015198,81.95126581800591
STU_015199,71.46142106153343
STU_015200,72.55568242571178
STU_015201,79.9183489250237
STU_015202,66.14180001099868
STU_015203,61.09210850789228
STU_015204,81.71800448184312
STU_015205,79.08057222897658
STU_015206,73.98024292146225
STU_015207,89.42886769248045
STU_015208,75.25475795462998
STU_015209,84.65371176922348
STU_015210,87.58852390116604
STU_015211,43.8649313028415
STU_015212,96.31243186429548
STU_015213,70.4356079605517
STU_015214,96.38837568156886
STU_015215,79.1973388894024
STU_015216,94.85474691219882
STU_015217,57.04667350595099
STU_015218,73.65741376923063
STU_015219,75.2801512259546
STU_015220,46.01925363125463
STU_015221,85.96296601324198
STU_015222,63.31768784962757
STU_015223,86.51563225756829
STU_015224,72.04981797665604
STU_015225,71.86866703187904
STU_015226,68.87872156850854
STU_015227,64.46953214615077
STU_015228,81.8970585870966
STU_015229,73.43355538717586
STU_015230,74.72704280909865
STU_015231,99.33264158978209
STU_015232,83.27103632389196
STU_015233,89.4041075619146
STU_015234,72.28705701418274
STU_015235,71.11437287642492
STU_015236,98.61446113203502
STU_015237,79.4670049743282
STU_015238,82.4075154388432
STU_015239,93.66814124670881
STU_015240,65.06376482695634
STU_015241,46.11744804412019
STU_015242,53.14685504722429
STU_015243,78.19253516575121
STU_015244,78.28204607167987
STU_015245,68.24791679243931
STU_015246,99.49601643800047
STU_015247,79.50284331396509
STU_015248,78.94298789857405
STU_015249,68.35970855309584
STU_015250,87.7199401290032
STU_015251,67.56079032565876
STU_015252,90.65079987955002
STU_015253,88.89827420429383
STU_015254,99.28405800954062
STU_015255,60.68832353883416
STU_015256,61.81921648574928
STU_015257,74.60398657595965
STU_015258,93.5369405498462
STU_015259,84.80653993451743
STU_015260,95.90755998212907
STU_015261,83.98549772719204
STU_015262,87.89694643542855
STU_015263,87.23642560617418
STU_015264,78.88064404435895
STU_015265,96.58147763614394
STU_015266,70.37117723925452
STU_015267,78.70180181703266
STU_015268,57.22236839846754
STU_015269,61.46370451836045
STU_015270,74.72521082761986
STU_015271,73.26037730463517
STU_015272,66.85773735023874
STU_015273,87.50472976382991
STU_015274,75.43732863599568
STU_015275,44.76340889630724
STU_015276,49.451841248733885
STU_015277,72.03824838249191
STU_015278,99.20380191751183
STU_015279,49.36263405755793
STU_015280,87.07737133572697
STU_015281,99.66918837268884
STU_015282,85.1239824426034
STU_015283,83.03177955124472
STU_015284,76.6652862808514
STU_015285,42.5844964229771
STU_015286,88.12959715555992
STU_015287,76.67968835808044
STU_015288,78.18763833439833
STU_015289,61.40791568390566
STU_015290,77.99062815491293
STU_015291,77.10234708349333
STU_015292,66.45175264007315
STU_015293,60.45448713444731
STU_015294,82.35019713969898
STU_015295,76.76523101513702
STU_015296,66.1813051507801
STU_015297,86.51063979640672
STU_015298,96.95984898464413
STU_015299,70.46546156513277
STU_015300,86.04647630587993
STU_015301,73.72164822605981
STU_015302,81.85515514813844
STU_015303,66.62031545817737
STU_015304,59.9878245461759
STU_015305,68.71570902077733
STU_015306,81.69852748414019
STU_015307,99.1751342362844
STU_015308,58.4215659745198
STU_015309,68.56143444411254
STU_015310,80.9963884685275
STU_015311,60.789985955804745
STU_015312,82.4445124801192
STU_015313,60.46079780349043
STU_015314,83.75290907896571
STU_015315,71.1463498012894
STU_015316,92.29146583348307
STU_015317,72.43145390503454
STU_015318,82.08848813086072
STU_015319,71.21768669661002
STU_015320,71.42419164675485
STU_015321,62.43689327257529
STU_015322,97.1085701113762
STU_015323,79.40903256877256
STU_015324,70.35664030044637
STU_015325,81.24973705012529
STU_015326,56.187837350087605
STU_015327,75.90365825079334
STU_015328,72.65774083886569
STU_015329,70.91800543297065
STU_015330,74.17092770414786
STU_015331,62.33424329773462
STU_015332,99.86884358501914
STU_015333,68.65795509950001
STU_015334,77.95760541204628
STU_015335,96.70885587780408
STU_015336,91.94969161974069
STU_015337,66.66061387584061
STU_015338,64.76723960565732
STU_015339,65.21021507217542
STU_015340,92.94828211592352
STU_015341,80.31037506186044
STU_015342,99.74068081749111
STU_015343,80.43429171761896
STU_015344,95.04919446072881
STU_015345,99.68678417567116
STU_015346,88.14879929613483
STU_015347,96.21096697570447
STU_015348,73.93482558752129
STU_015349,81.46196767749869
STU_015350,87.35157239829752
STU_015351,99.90578047858678
STU_015352,81.08226351339917
STU_015353,75.58009847719596
STU_015354,57.260291838936475
STU_015355,58.03063576108647
STU_015356,61.1200720994654
STU_015357,69.57705512006491
STU_015358,81.96955627307423
STU_015359,84.70655929384775
STU_015360,93.4119547664293
STU_015361,78.87054920462761
STU_015362,72.77259472332618
STU_015363,76.52370385709744
STU_015364,93.5625783956736
STU_015365,75.84112108455247
STU_015366,92.848077934127
STU_015367,81.65111580242798
STU_015368,74.6241072621171
STU_015369,98.76118955223174
STU_015370,96.02453327557333
STU_015371,57.814547111615695
STU_015372,59.642681212060566
STU_015373,84.6492338159736
STU_015374,88.09822217351295
STU_015375,69.36655016054532
STU_015376,72.09082278938162
STU_015377,90.82764659053656
STU_015378,73.25623186786572
STU_015379,94.31355908082573
STU_015380,88.77102735406743
STU_015381,94.77111837462752
STU_015382,83.41591880677812
STU_015383,58.01753117618195
STU_015384,77.1327426813094
STU_015385,58.6444122117868
STU_015386,76.2032690653887
STU_015387,67.46256902364182
STU_015388,77.14028560842877
STU_015389,98.64352018166801
STU_015390,44.33079319319424
STU_015391,79.46501988502524
STU_015392,90.12440825645051
STU_015393,90.21768300075509
STU_015394,76.08360615990539
STU_015395,80.18226504742307
STU_015396,71.50706897911884
STU_015397,97.68381545110928
STU_015398,72.61907255800443
STU_015399,98.09895148631571
STU_015400,91.12304014113946
STU_015401,89.84503310196628
STU_015402,70.71766825991425
STU_015403,57.02585749192166
STU_015404,80.15975321953269
STU_015405,81.16960661209544
STU_015406,86.46527415268513
STU_015407,86.61420382648423
STU_015408,35.53018553767191
STU_015409,78.29584985239627
STU_015410,67.64716652615158
STU_015411,73.13827985032391
STU_015412,70.77245814793847
STU_015413,77.62568861411586
STU_015414,71.68623414085967
STU_015415,66.45006678769715
STU_015416,87.92072036329769
STU_015417,58.7089200071388
STU_015418,87.4920240097143
STU_015419,53.86046478658655
STU_015420,62.663808041711896
STU_015421,94.40250489191558
STU_015422,76.0819928219367
STU_015423,83.80833519169919
STU_015424,99.6403677658565
STU_015425,90.40871292010654
STU_015426,62.53633151892689
STU_015427,58.206977170558226
STU_015428,75.34272893927853
STU_015429,78.4087135871332
STU_015430,36.264267346734826
STU_015431,65.64799598322966
STU_015432,80.25597707008302
STU_015433,69.56406011977955
STU_015434,64.34673972180936
STU_015435,67.54008144755991
STU_015436,75.62732202236204
STU_015437,70.97072628341866
STU_015438,93.74022661013007
STU_015439,76.88491421955474
STU_015440,76.45224742791004
STU_015441,66.76382155008872
STU_015442,88.3470790698878
STU_015443,63.175921603432
STU_015444,79.54903194156883
STU_015445,65.74082380531038
STU_015446,70.32110669762943
STU_015447,46.37497640605328
STU_015448,45.08077907023435
STU_015449,82.97374155414177
STU_015450,91.97554008909533
STU_015451,78.79875963455581
STU_015452,80.8880546301274
STU_015453,96.7620725679871
STU_015454,79.87985071520147
STU_015455,51.94363695560861
STU_015456,77.91735530986816
STU_015457,67.20393211466677
STU_015458,66.11606470239484
STU_015459,48.566766499715015
STU_015460,99.94274492237832
STU_015461,99.77728122682369
STU_015462,72.73431211615923
STU_015463,82.55553800092585
STU_015464,58.6954165564958
STU_015465,49.721106536243774
STU_015466,87.4812857701033
STU_015467,87.36653395191496
STU_015468,56.114791674446046
STU_015469,65.24018365498274
STU_015470,94.56276757053602
STU_015471,73.9166231438319
STU_015472,91.40509329987378
STU_015473,89.09600560727904
STU_015474,98.76510178644533
STU_015475,76.4893054275453
STU_015476,81.55987898870681
STU_015477,54.24692592905345
STU_015478,49.9710455140008
STU_015479,96.63374200375657
STU_015480,68.30575737122895
STU_015481,79.8269659616895
STU_015482,64.17221076835202
STU_015483,90.08354146090116
STU_015484,67.42191687349631
STU_015485,67.0260725114418
STU_015486,71.82077205065356
STU_015487,62.13146917482929
STU_015488,77.372184699988
STU_015489,82.9739119907336
STU_015490,90.49097244234481
STU_015491,83.5559365865757
STU_015492,62.91413276476147
STU_015493,66.37281765671712
STU_015494,63.93850879608042
STU_015495,88.40382143041751
STU_015496,66.56606683783895
STU_015497,55.296648822632285
STU_015498,70.56891476338798
STU_015499,38.24595836597718
STU_015500,77.51779702653663
STU_015501,90.33606596299525
STU_015502,48.968054694761115
STU_015503,88.36101691792841
STU_015504,85.14010989522475
STU_015505,76.85343162031039
STU_015506,75.25442643088844
STU_015507,99.66617939905043
STU_015508,99.27380539184273
STU_015509,86.78812500276341
STU_015510,84.65400708248255
STU_015511,89.27386045123923
STU_015512,80.36530035583675
STU_015513,81.46505292689682
STU_015514,81.87184005294147
STU_015515,77.23513855821218
STU_015516,75.36613500837893
STU_015517,95.84995626857847
STU_015518,72.36171389487195
STU_015519,53.14616082183632
STU_015520,76.11700736840653
STU_015521,91.779838590861
STU_015522,64.39646202619525
STU_015523,68.13060733247102
STU_015524,35.80997525295528
STU_015525,79.9292373086832
STU_015526,75.89794654807373
STU_015527,72.47855369961906
STU_015528,71.72677143840313
STU_015529,85.80558824670436
STU_015530,87.81930485507309
STU_015531,86.14930520690379
STU_015532,77.585226151873
STU_015533,53.6351417711202
STU_015534,94.72796853604117
STU_015535,75.52602789625966
STU_015536,79.14160339992777
STU_015537,69.72696164252541
STU_015538,90.23901295945166
STU_015539,66.13451169682243
STU_015540,67.82046506610286
STU_015541,74.12549909243275
STU_015542,91.37603494825674
STU_015543,81.39811166326535
STU_015544,97.73591123704072
STU_015545,72.80202215781921
STU_015546,76.0571225335531
STU_015547,53.512694003449155
STU_015548,60.69692344266403
STU_015549,95.983125756896
STU_015550,94.08623557324647
STU_015551,78.57313988757008
STU_015552,73.46165315327627
STU_015553,49.27066377367139
STU_015554,85.40364313534037
STU_015555,83.70861855472397
STU_015556,93.56068430656951
STU_015557,76.18093742644922
STU_015558,87.48039188458978
STU_015559,87.64526500026551
STU_015560,80.36564303741734
STU_015561,84.63733533691874
STU_015562,82.52506524837675
STU_015563,67.23014543624613
STU_015564,70.79826385383797
STU_015565,65.90511018107058
STU_015566,70.87748183139692
STU_015567,72.32435634546265
STU_015568,73.18002888097563
STU_015569,73.77663923821362
STU_015570,96.58920492447115
STU_015571,60.066056459487676
STU_015572,78.5344787447512
STU_015573,84.47669172565541
STU_015574,63.44532827846374
STU_015575,76.34400043795249
STU_015576,69.68305997330299
STU_015577,70.95549350143148
STU_015578,79.56907707862612
STU_015579,72.05359309120212
STU_015580,74.28595729662726
STU_015581,83.08434512247905
STU_015582,76.76525855393174
STU_015583,92.8926894553894
STU_015584,88.36540554889692
STU_015585,88.9586968745933
STU_015586,89.35551652729316
STU_015587,52.180355734775276
STU_015588,73.79583917882951
STU_015589,78.42945234628996
STU_015590,60.31781896106756
STU_015591,54.98364355120228
STU_015592,88.40234051683576
STU_015593,64.14321672794463
STU_015594,92.37654091873743
STU_015595,96.50672100941561
STU_015596,82.16055866253532
STU_015597,93.3330249834914
STU_015598,78.09434026421518
STU_015599,51.81165262814038
STU_015600,67.35214471870165
STU_015601,50.18951298423857
STU_015602,62.12488198617245
STU_015603,80.57727223223456
STU_015604,83.13985178346502
STU_015605,57.15492804210674
STU_015606,79.66595728742597
STU_015607,66.19534416420586
STU_015608,73.58426025329571
STU_015609,71.19119323813878
STU_015610,68.02640505803589
STU_015611,86.77037222006149
STU_015612,82.46321132746478
STU_015613,94.22908755191109
STU_015614,64.28679473081642
STU_015615,70.03486410882927
STU_015616,80.71743107064717
STU_015617,66.09162258211677
STU_015618,86.50881532114407
STU_015619,57.81459218738221
STU_015620,70.71387614911444
STU_015621,72.78968882069138
STU_015622,79.98451917907278
STU_015623,89.1765449466946
STU_015624,81.0176846907481
STU_015625,82.26514409503123
STU_015626,59.26628508669939
STU_015627,99.94490207360039
STU_015628,76.81588358538669
STU_015629,65.82831550271857
STU_015630,73.49709251574376
STU_015631,66.93331757693804
STU_015632,89.51510749665009
STU_015633,87.06836662320873
STU_015634,70.48203340749194
STU_015635,99.11295164671391
STU_015636,70.10379897947413
STU_015637,49.375769919592955
STU_015638,73.89204857333772
STU_015639,98.35808286370927
STU_015640,67.68505092800413
STU_015641,59.36352070464339
STU_015642,99.7313282241421
STU_015643,82.94606091856073
STU_015644,95.38818546830157
STU_015645,54.19910932242098
STU_015646,99.65683504028695
STU_015647,71.06438199103118
STU_015648,60.56998052506395
STU_015649,78.07130225045815
STU_015650,68.58417372022751
STU_015651,51.90950555284524
STU_015652,97.8882967162789
STU_015653,73.8411623304532
STU_015654,64.32904637142683
STU_015655,99.909521541888
STU_015656,69.76313556857589
STU_015657,75.62583760997745
STU_015658,71.48422415690939
STU_015659,72.29544735535723
STU_015660,90.63079334162445
STU_015661,40.970539382522574
STU_015662,70.9563085351416
STU_015663,85.68867501072907
STU_015664,55.59002535272016
STU_015665,82.4532706731614
STU_015666,81.54634208767365
STU_015667,96.03480377783453
STU_015668,84.68960697835762
STU_015669,78.64799318302825
STU_015670,64.89768048389304
STU_015671,86.47082964193865
STU_015672,89.2222026481023
STU_015673,80.76242442098544
STU_015674,79.44623726201687
STU_015675,88.91474604169952
STU_015676,49.671979822300855
STU_015677,83.20178883450332
STU_015678,99.62005980236309
STU_015679,76.44470435573257
STU_015680,76.36714384113895
STU_015681,80.13439481347609
STU_015682,86.48576569740607
STU_015683,63.158734501297324
STU_015684,61.92707625480783
STU_015685,81.03794968458763
STU_015686,70.32299261889291
STU_015687,86.47136117291548
STU_015688,78.05988007336204
STU_015689,63.94033673090536
STU_015690,64.50992594037335
STU_015691,98.07880606888322
STU_015692,89.31849477112898
STU_015693,77.43271233552045
STU_015694,97.30488913642557
STU_015695,94.88466302911685
STU_015696,48.003148940550126
STU_015697,63.32732216570038
STU_015698,90.12770244419653
STU_015699,97.17498032351656
STU_015700,82.66951800971633
STU_015701,68.7525365365365
STU_015702,89.11873326845182
STU_015703,92.65775426661563
STU_015704,78.20216169995682
STU_015705,83.18407775732537
STU_015706,61.400982856851364
STU_015707,79.00530951547788
STU_015708,53.60218639186988
STU_015709,62.58237887377591
STU_015710,68.79043883893961
STU_015711,74.21764545599112
STU_015712,88.2319142900423
STU_015713,82.5959848429364
STU_015714,73.07700144041793
STU_015715,86.34158986576253
STU_015716,60.98631775460437
STU_015717,64.74823360110463
STU_015718,69.57341090904569
STU_015719,58.97425246253627
STU_015720,59.41658347435076
STU_015721,57.895498147849224
STU_015722,69.31147897756968
STU_015723,72.3094245283425
STU_015724,99.44186931329443
STU_015725,91.46711927831493
STU_015726,77.6009061100535
STU_015727,65.28055331434118
STU_015728,79.5094869894514
STU_015729,94.86023911949366
STU_015730,68.55614809015695
STU_015731,77.58356974948018
STU_015732,55.92114097715388
STU_015733,65.54822974099189
STU_015734,65.50600177867913
STU_015735,53.751745028441746
STU_015736,91.83643955151386
STU_015737,73.1836563828291
STU_015738,64.20429108630431
STU_015739,76.36115403184775
STU_015740,94.03832757080697
STU_015741,63.24807564364445
STU_015742,70.15223950692491
STU_015743,90.81297840678114
STU_015744,64.06219135366545
STU_015745,87.59624445002774
STU_015746,69.50043065513913
STU_015747,95.16207799077097
STU_015748,51.84060937681281
STU_015749,87.3051415024366
STU_015750,57.847864587211056
STU_015751,87.49727988519885
STU_015752,70.70499185987686
STU_015753,79.37437135688427
STU_015754,78.63515981807937
STU_015755,91.99241892656761
STU_015756,80.74130894411572
STU_015757,88.28893029030448
STU_015758,99.77979417014079
STU_015759,84.30589355488408
STU_015760,61.70270959205229
STU_015761,91.35654278012368
STU_015762,67.3558426237345
STU_015763,65.05257882118984
STU_015764,77.09133514722137
STU_015765,82.22759899967207
STU_015766,79.89293127075302
STU_015767,85.07609763145359
STU_015768,78.60546866552023
STU_015769,84.85130625073224
STU_015770,65.13870391969253
STU_015771,96.19646947404156
STU_015772,58.76194120318971
STU_015773,53.381258866730306
STU_015774,98.63446114578154
STU_015775,84.59724045178369
STU_015776,64.88438685578052
STU_015777,66.0590136221835
STU_015778,62.16300485392336
STU_015779,56.05086369205474
STU_015780,80.96567350495569
STU_015781,73.90253709592436
STU_015782,85.20828078290013
STU_015783,64.64830994489989
STU_015784,76.4382382368404
STU_015785,71.16725160629093
STU_015786,74.17717659084653
STU_015787,81.1192103541985
STU_015788,79.29999712984821
STU_015789,51.17653214913221
STU_015790,64.12308276274958
STU_015791,70.08887556512629
STU_015792,79.14369637917737
STU_015793,90.47220879096237
STU_015794,89.24258573180501
STU_015795,62.959212924591476
STU_015796,89.19353484351598
STU_015797,81.71482100459959
STU_015798,87.81756253583704
STU_015799,90.45003559226804
STU_015800,66.67634067766932
STU_015801,77.22851197255015
STU_015802,58.06720778570218
STU_015803,71.70950522742923
STU_015804,78.7084207196468
STU_015805,49.40559416044938
STU_015806,97.90481256072368
STU_015807,77.92786774958603
STU_015808,69.01413391661771
STU_015809,47.55232200855768
STU_015810,84.775983805643
STU_015811,99.36522789125365
STU_015812,84.52732910547982
STU_015813,93.86928139049229
STU_015814,67.97104066185422
STU_015815,60.64569002686718
STU_015816,91.6339710128957
STU_015817,70.39009296754895
STU_015818,68.95364434207971
STU_015819,53.66794418269221
STU_015820,66.44821892416246
STU_015821,76.81461375009197
STU_015822,64.61621967201691
STU_015823,74.69533178867724
STU_015824,82.91400288425592
STU_015825,49.83056884215401
STU_015826,55.124833377232676
STU_015827,64.64879273715073
STU_015828,72.81809097922418
STU_015829,86.14879144661238
STU_015830,91.84630395548463
STU_015831,73.60286392717505
STU_015832,95.70658208354097
STU_015833,91.19038429077118
STU_015834,41.35957876403372
STU_015835,78.95907383450485
STU_015836,80.48174196819782
STU_015837,76.13142625668102
STU_015838,71.8374205424192
STU_015839,89.4417729965183
STU_015840,68.34653485821941
STU_015841,55.34872188250231
STU_015842,92.16261925909504
STU_015843,85.88842616611576
STU_015844,91.25880436102743
STU_015845,65.44609889654286
STU_015846,64.0434806697258
STU_015847,75.49455714458112
STU_015848,87.19891318688309
STU_015849,97.19562876981986
STU_015850,55.81704884016166
STU_015851,71.82368496997715
STU_015852,62.4682299178208
STU_015853,76.27333985126644
STU_015854,92.19656234383508
STU_015855,94.30746933177565
STU_015856,74.82347904070309
STU_015857,82.78055205815026
STU_015858,63.72702599454722
STU_015859,71.1422157869501
STU_015860,69.80338887822579
STU_015861,70.16461354749454
STU_015862,67.37926441911038
STU_015863,95.89838348429521
STU_015864,52.559527331363704
STU_015865,59.74330699107315
STU_015866,74.62364888198681
STU_015867,36.46515286581528
STU_015868,69.58912525469876
STU_015869,91.41551180463806
STU_015870,75.48009757057538
STU_015871,74.49820640302056
STU_015872,46.933846358879585
STU_015873,97.19218075264592
STU_015874,71.41664245526339
STU_015875,84.03719885521487
STU_015876,63.30482651012814
STU_015877,97.02398168679296
STU_015878,83.95690849190024
STU_015879,96.36090513190527
STU_015880,80.79817871605323
STU_015881,97.13028286120087
STU_015882,69.0530533384049
STU_015883,78.6349464734285
STU_015884,87.12660056337924
STU_015885,59.19310016210828
STU_015886,92.45008946868907
STU_015887,99.32680555628792
STU_015888,62.64506917148302
STU_015889,87.84814380937375
STU_015890,93.49542594713374
STU_015891,89.73276447832446
STU_015892,54.862084545428
STU_015893,55.93813250932883
STU_015894,51.72003444351874
STU_015895,61.13080421644111
STU_015896,68.67311205313612
STU_015897,90.70975959062412
STU_015898,77.23183934179956
STU_015899,90.11943451952442
STU_015900,69.19273845706854
STU_015901,71.22234274434892
STU_015902,74.88509852267177
STU_015903,84.28544195277674
STU_015904,78.93007858269534
STU_015905,91.09140437208035
STU_015906,71.29925447892376
STU_015907,99.83811932692255
STU_015908,64.63048161586445
STU_015909,74.58776070487508
STU_015910,76.96569164907744
STU_015911,61.464818170359095
STU_015912,80.16335692058762
STU_015913,67.05798706896448
STU_015914,66.70144076819943
STU_015915,87.29194842622994
STU_015916,62.16205216352057
STU_015917,49.48021079585164
STU_015918,77.91203036454647
STU_015919,88.09337365643731
STU_015920,79.69707522928535
STU_015921,93.64916613470753
STU_015922,54.182853991023016
STU_015923,92.40931081342885
STU_015924,76.20841774253091
STU_015925,69.63319053045278
STU_015926,80.77106724867802
STU_015927,74.99622069690865
STU_015928,76.07280547877033
STU_015929,87.67543874912009
STU_015930,57.66176159719837
STU_015931,58.102887564214996
STU_015932,75.88611664252994
STU_015933,77.55873675152519
STU_015934,71.99052486496227
STU_015935,99.82558153642488
STU_015936,99.71827572730558
STU_015937,79.96863037288813
STU_015938,80.28956271214116
STU_015939,66.13090303444422
STU_015940,94.24505922616473
STU_015941,64.92957737839093
STU_015942,87.77652170649405
STU_015943,81.50818132245705
STU_015944,98.5500160374214
STU_015945,73.98554914327624
STU_015946,75.66454208334221
STU_015947,72.68287240803527
STU_015948,70.46408130584825
STU_015949,57.85041440494176
STU_015950,96.77673787965847
STU_015951,71.59370678458515
STU_015952,71.17181985678135
STU_015953,62.84659991253601
STU_015954,79.78436607964858
STU_015955,78.26042700571873
STU_015956,80.32800283548717
STU_015957,54.973135871538105
STU_015958,69.97425775376047
STU_015959,91.37623708899373
STU_015960,70.92145728406517
STU_015961,87.85213921938117
STU_015962,84.08451126297882
STU_015963,77.5322251759837
STU_015964,63.948453210942276
STU_015965,87.07713465722239
STU_015966,55.056255337353555
STU_015967,79.97463984829345
STU_015968,80.94790362790764
STU_015969,68.28504383289956
STU_015970,79.5362276261593
STU_015971,64.22769006532417
STU_015972,85.28371191472414
STU_015973,64.71441492090399
STU_015974,88.80168639066288
STU_015975,52.30342078626359
STU_015976,50.136093305116276
STU_015977,62.03057355947524
STU_015978,68.49542559808428
STU_015979,85.92290099735222
STU_015980,85.70093326909881
STU_015981,97.57633989044345
STU_015982,94.73090338132539
STU_015983,82.55981198536429
STU_015984,86.9634197351123
STU_015985,72.67698512890611
STU_015986,44.982060375672404
STU_015987,74.08866353788615
STU_015988,61.199355103398595
STU_015989,80.59742263628135
STU_015990,58.86868153362765
STU_015991,72.38203206433074
STU_015992,43.76449511934221
STU_015993,75.30554769310692
STU_015994,74.44875620798899
STU_015995,98.7075303790971
STU_015996,79.57528837267938
STU_015997,67.49614296371772
STU_015998,81.62927048847575
STU_015999,86.42154298327017
STU_016000,82.50379401477437
STU_016001,90.27542670773224
STU_016002,87.51933222235417
STU_016003,93.5089382398085
STU_016004,87.23977077265282
STU_016005,44.21467278981971
STU_016006,63.36517933877717
STU_016007,83.96757435526443
STU_016008,89.68907856505173
STU_016009,52.42912604793552
STU_016010,72.23472249523176
STU_016011,85.03690423458468
STU_016012,71.13600700543714
STU_016013,68.97117769624283
STU_016014,98.51021917074455
STU_016015,49.6250715930559
STU_016016,96.0318290554449
STU_016017,78.11137033196027
STU_016018,81.89286232600756
STU_016019,71.92688995289431
STU_016020,92.62519666531982
STU_016021,99.89565105373562
STU_016022,67.23320265048187
STU_016023,99.75135876630337
STU_016024,73.80308281960382
STU_016025,90.68167182157205
STU_016026,53.39677620840174
STU_016027,61.92227520153083
STU_016028,69.5757640821108
STU_016029,76.32469178354339
STU_016030,97.66145831583523
STU_016031,94.1325710121255
STU_016032,85.41258224684941
STU_016033,85.58789522843236
STU_016034,79.55281480891912
STU_016035,66.54374774076423
STU_016036,99.8461896386215
STU_016037,77.86181232965015
STU_016038,71.56691941541474
STU_016039,69.9918910318172
STU_016040,91.88401083283992
STU_016041,94.84965434510714
STU_016042,75.91064367977161
STU_016043,81.8721434586113
STU_016044,94.01663686229513
STU_016045,83.26783482235368
STU_016046,62.55310816705527
STU_016047,89.4336792507965
STU_016048,70.25178864158647
STU_016049,74.3472700846684
STU_016050,70.11749748754765
STU_016051,81.6514793172152
STU_016052,95.9482826749041
STU_016053,79.26942898319624
STU_016054,67.4100881063604
STU_016055,79.84799053922684
STU_016056,72.81559440794588
STU_016057,76.94926796830212
STU_016058,76.93701246523403
STU_016059,70.05607406256776
STU_016060,75.04605888726338
STU_016061,49.539163358525386
STU_016062,69.27331554944864
STU_016063,77.62925980208692
STU_016064,61.56637806455312
STU_016065,76.84831120318387
STU_016066,82.90500350502258
STU_016067,59.63167690012006
STU_016068,99.52525269097472
STU_016069,77.81343183681658
STU_016070,70.99760939303638
STU_016071,64.265624670199
STU_016072,85.88988955793558
STU_016073,78.0027346444438
STU_016074,86.65252547157223
STU_016075,98.60143429619309
STU_016076,62.46900612043547
STU_016077,64.73125776512776
STU_016078,84.10466803449933
STU_016079,86.22303218973565
STU_016080,80.66603879731655
STU_016081,65.5204500568233
STU_016082,85.3546927578042
STU_016083,98.91780439831021
STU_016084,72.00260005873461
STU_016085,51.47697281424725
STU_016086,95.99972500659894
STU_016087,71.76548401136884
STU_016088,74.47462693785401
STU_016089,87.31336789609287
STU_016090,87.90215466951786
STU_016091,62.268044538126695
STU_016092,71.60595340145716
STU_016093,77.86289836561896
STU_016094,76.44805528959402
STU_016095,73.64935437161834
STU_016096,88.36148449833894
STU_016097,69.40236658565526
STU_016098,59.24572846689828
STU_016099,84.52960232851306
STU_016100,75.52967452397299
STU_016101,58.52072119771195
STU_016102,78.51681044284248
STU_016103,55.147482741300514
STU_016104,81.19463797722383
STU_016105,62.47291825357184
STU_016106,61.97050774104292
STU_016107,76.68527274436477
STU_016108,70.29526433992389
STU_016109,67.19430651355906
STU_016110,64.24533559207299
STU_016111,86.67455604274551
STU_016112,80.7591663046846
STU_016113,57.700322397742546
STU_016114,72.01086058363657
STU_016115,87.1535401862034
STU_016116,96.18977432114924
STU_016117,81.28758702453689
STU_016118,65.79247241219628
STU_016119,82.36210936652658
STU_016120,85.82731007926098
STU_016121,68.40854238412464
STU_016122,73.20460850625241
STU_016123,87.39079931041594
STU_016124,95.85474116522414
STU_016125,90.69423703340135
STU_016126,80.66324667897426
STU_016127,85.11845363898647
STU_016128,95.76317051536172
STU_016129,66.10477904548581
STU_016130,97.66740745591625
STU_016131,83.55398268493944
STU_016132,69.9622287308801
STU_016133,73.41848335858705
STU_016134,73.97048999967602
STU_016135,59.91114028255001
STU_016136,91.162414643965
STU_016137,79.29983218523438
STU_016138,77.13685372775213
STU_016139,98.09822993532578
STU_016140,85.92901785943744
STU_016141,89.231347389184
STU_016142,83.43415662450556
STU_016143,53.96245440528459
STU_016144,77.25239226122731
STU_016145,76.7801767421087
STU_016146,86.75314280519748
STU_016147,88.71259664006718
STU_016148,64.5761913110338
STU_016149,53.68325751867047
STU_016150,94.96135565198313
STU_016151,58.15181760319496
STU_016152,78.50429764584526
STU_016153,68.94762574300749
STU_016154,82.06421345424354
STU_016155,83.4584209921878
STU_016156,64.38774119271336
STU_016157,77.14958216947008
STU_016158,97.87513537928614
STU_016159,62.108329405658765
STU_016160,78.18312065318818
STU_016161,73.76013553338701
STU_016162,95.40089393063684
STU_016163,75.72349871626723
STU_016164,62.67791529554269
STU_016165,95.6781450276779
STU_016166,63.76951593626222
STU_016167,85.09475085534642
STU_016168,86.74880324767133
STU_016169,90.6616989049898
STU_016170,84.52375965996752
STU_016171,75.4718181129101
STU_016172,61.67151892521449
STU_016173,71.6280842566982
STU_016174,59.694839157615476
STU_016175,91.97111239237141
STU_016176,75.70132649794694
STU_016177,86.01147203876215
STU_016178,80.93966003841396
STU_016179,80.64190610823194
STU_016180,56.022676783637614
STU_016181,94.17989152944476
STU_016182,53.01254061030893
STU_016183,77.14792375261753
STU_016184,73.09385261300218
STU_016185,99.81483116047721
STU_016186,47.924832520222985
STU_016187,95.22357576250585
STU_016188,77.26230504115335
STU_016189,84.89791216033765
STU_016190,80.42319045900432
STU_016191,55.58848280313989
STU_016192,59.545096007183474
STU_016193,79.42172295454466
STU_016194,91.59800749886716
STU_016195,84.12211819838417
STU_016196,55.76099031243671
STU_016197,97.15741392010221
STU_016198,71.90686390962809
STU_016199,78.74553702899294
STU_016200,64.51438090815199
STU_016201,68.18381465291806
STU_016202,62.98625144667598
STU_016203,68.774602782292
STU_016204,62.17325839635083
STU_016205,55.359294222511785
STU_016206,71.17941780685197
STU_016207,51.46108063267373
STU_016208,69.49758822836526
STU_016209,69.19728927256098
STU_016210,57.06260876239806
STU_016211,72.14482152089931
STU_016212,68.42429822950788
STU_016213,92.66485338488646
STU_016214,55.59480344761609
STU_016215,69.5729962643713
STU_016216,60.14653456432053
STU_016217,72.17395555273482
STU_016218,99.4529287805198
STU_016219,81.11947487007505
STU_016220,90.04650194597912
STU_016221,65.93806415561467
STU_016222,66.99346751585526
STU_016223,65.1754511226652
STU_016224,98.15968355623087
STU_016225,82.92017213584163
STU_016226,88.89410893594001
STU_016227,79.30378816074581
STU_016228,74.1370982717545
STU_016229,64.11343593419116
STU_016230,65.52437070693406
STU_016231,95.73136791949477
STU_016232,98.35672962527647
STU_016233,49.76883818022699
STU_016234,86.37576463906069
STU_016235,57.582016365352985
STU_016236,76.57636120292705
STU_016237,69.8891502124486
STU_016238,87.70467875350519
STU_016239,67.99523645224397
STU_016240,92.40722488857597
STU_016241,86.48829017222172
STU_016242,71.33282650616036
STU_016243,74.86802370979083
STU_016244,77.48654050588003
STU_016245,70.56600536847509
STU_016246,65.83441470544702
STU_016247,69.71080099681771
STU_016248,72.83122102835661
STU_016249,64.4667020647859
STU_016250,89.26190704946761
STU_016251,53.71659605144213
STU_016252,88.31576731066669
STU_016253,86.20351792658217
STU_016254,84.53968287439756
STU_016255,70.71606074646742
STU_016256,44.112822688379744
STU_016257,82.64364657550007
STU_016258,81.85011226981146
STU_016259,72.04394434386843
STU_016260,72.29861403848457
STU_016261,96.22491558874816
STU_016262,81.53740270605658
STU_016263,55.97993308578533
STU_016264,54.78617314823967
STU_016265,98.09053015713627
STU_016266,90.37275552399096
STU_016267,70.7966468797323
STU_016268,80.84300301675303
STU_016269,94.42919010712015
STU_016270,68.7822550101328
STU_016271,71.11659957006744
STU_016272,84.49279744060928
STU_016273,77.75061191907226
STU_016274,58.82347406518406
STU_016275,72.22449057956777
STU_016276,61.49307590800823
STU_016277,86.13576564345414
STU_016278,85.56379916777833
STU_016279,80.65032730428457
STU_016280,77.0357524821568
STU_016281,81.79119526753594
STU_016282,69.10888282901281
STU_016283,67.26750188602523
STU_016284,87.51872303488346
STU_016285,61.6010165482617
STU_016286,59.43695608931637
STU_016287,88.81962923957447
STU_016288,91.49328707564365
STU_016289,74.62764057993486
STU_016290,63.43205338755577
STU_016291,75.79237885115315
STU_016292,73.06619327547617
STU_016293,80.60675095339116
STU_016294,69.97182115074285
STU_016295,85.21439218075841
STU_016296,70.2935118073209
STU_016297,86.69542205009026
STU_016298,50.02458731049891
STU_016299,68.32041211591878
STU_016300,67.25072128324025
STU_016301,55.17302142086926
STU_016302,68.33643943096034
STU_016303,77.72466069675238
STU_016304,86.8160520109246
STU_016305,89.38885372907217
STU_016306,78.8268198736754
STU_016307,65.83131136396538
STU_016308,62.854323374356554
STU_016309,88.35255929460875
STU_016310,78.07381317816895
STU_016311,60.22610467189891
STU_016312,65.31748011819764
STU_016313,99.4332249308186
STU_016314,89.44988246603145
STU_016315,60.87875568760157
STU_016316,96.33860597599327
STU_016317,83.148634841562
STU_016318,72.75238133816407
STU_016319,65.72423402461587
STU_016320,69.76151460573195
STU_016321,64.35579868096488
STU_016322,96.20076348513663
STU_016323,71.47929790263179
STU_016324,52.56131569393332
STU_016325,74.83596460835201
STU_016326,78.70662958888954
STU_016327,83.13254815178608
STU_016328,72.2340096107403
STU_016329,68.03249597405663
STU_016330,70.62942793834914
STU_016331,79.53365601796435
STU_016332,85.6411345538085
STU_016333,87.97389364690363
STU_016334,62.419415501645645
STU_016335,74.21880204134484
STU_016336,68.52190797718086
STU_016337,63.02242710341568
STU_016338,76.2604993375172
STU_016339,78.27943251053902
STU_016340,88.00028252684254
STU_016341,87.71582958596895
STU_016342,74.6047876079058
STU_016343,72.11307263450666
STU_016344,92.80710562483186
STU_016345,83.38509919540746
STU_016346,86.45365429311906
STU_016347,51.76449938409561
STU_016348,64.66711981530267
STU_016349,87.675655097573
STU_016350,60.857328144238856
STU_016351,72.53203800062629
STU_016352,78.99850201722852
STU_016353,72.61148440455307
STU_016354,50.561081528594556
STU_016355,74.90418505453631
STU_016356,69.85818831675142
STU_016357,62.40096702607233
STU_016358,76.1216027340533
STU_016359,89.07688757707774
STU_016360,78.02671996343327
STU_016361,71.98123755099311
STU_016362,75.82107074904022
STU_016363,72.54097123178792
STU_016364,70.82561464993361
STU_016365,77.27304977939222
STU_016366,70.61537767402066
STU_016367,79.58520856698684
STU_016368,56.92378807448583
STU_016369,75.14173306595696
STU_016370,43.614782984911145
STU_016371,61.826930084261264
STU_016372,92.07301813051879
STU_016373,83.37377041640333
STU_016374,72.7432928612095
STU_016375,77.13994680022789
STU_016376,92.33778458529073
STU_016377,57.330847310945906
STU_016378,85.05937983851989
STU_016379,60.03499769032412
STU_016380,85.36741874172489
STU_016381,60.53339846992164
STU_016382,76.53040884126688
STU_016383,54.30211786125054
STU_016384,93.08615791449233
STU_016385,93.10586042783736
STU_016386,72.1744319981361
STU_016387,72.51680597348908
STU_016388,59.2637665558216
STU_016389,77.35511253456914
STU_016390,79.08352910745482
STU_016391,99.52687499891779
STU_016392,83.1539369977494
STU_016393,77.39112064899761
STU_016394,95.21666095626036
STU_016395,60.30007317614364
STU_016396,92.35533368928878
STU_016397,66.73785426117011
STU_016398,60.22741312094806
STU_016399,68.34273472066361
STU_016400,83.39430449406827
STU_016401,74.10092484412063
STU_016402,95.25677840559945
STU_016403,63.401762339246815
STU_016404,67.50175354901148
STU_016405,67.3256296290456
STU_016406,66.38030792343953
STU_016407,93.9407741736359
STU_016408,89.22792541512264
STU_016409,51.05432704733505
STU_016410,62.499238789384755
STU_016411,54.23836084035426
STU_016412,49.48039094858788
STU_016413,66.50273388947795
STU_016414,86.48482596946141
STU_016415,85.4232600815285
STU_016416,78.03798674888665
STU_016417,79.72605219477984
STU_016418,98.8781616302523
STU_016419,74.15333904727756
STU_016420,64.2965155758147
STU_016421,65.1640205778647
STU_016422,68.10631325857243
STU_016423,98.93372533574552
STU_016424,67.56316754011289
STU_016425,82.49114927547598
STU_016426,76.56296741876265
STU_016427,74.05470331638898
STU_016428,99.71104149565295
STU_016429,74.63674773386535
STU_016430,85.36940335624303
STU_016431,96.85255841911965
STU_016432,49.97076218972575
STU_016433,59.92164628052415
STU_016434,58.91716690334724
STU_016435,79.10546500550927
STU_016436,93.60011886846291
STU_016437,79.08252685652499
STU_016438,77.1987425310219
STU_016439,75.62982764954174
STU_016440,63.11365813839253
STU_016441,93.09347540011979
STU_016442,95.11306470369924
STU_016443,68.35705155250393
STU_016444,76.26375719823908
STU_016445,74.24748846198466
STU_016446,66.26446253954798
STU_016447,64.2940344215424
STU_016448,71.50893922696427
STU_016449,77.58898149882651
STU_016450,71.84259817832833
STU_016451,89.70793291667233
STU_016452,87.31610069679128
STU_016453,61.75022482734425
STU_016454,66.68708965030314
STU_016455,47.98482886354354
STU_016456,73.33038783465221
STU_016457,89.72946729441905
STU_016458,75.70321164299888
STU_016459,77.72937415972514
STU_016460,78.61171283113825
STU_016461,56.0332325561747
STU_016462,84.94749272730951
STU_016463,83.24280049511903
STU_016464,78.93227001638391
STU_016465,83.85047596609873
STU_016466,70.05768220301778
STU_016467,81.27063706776698
STU_016468,66.5510398737957
STU_016469,53.955886592334195
STU_016470,89.30800768406426
STU_016471,57.515364858389646
STU_016472,85.62297988044725
STU_016473,75.40536543257731
STU_016474,69.40841044233198
STU_016475,99.10280788647461
STU_016476,94.76010023188385
STU_016477,92.24821912313963
STU_016478,87.03010077190382
STU_016479,67.03805902477608
STU_016480,81.18704008123399
STU_016481,74.27624769460895
STU_016482,63.29982796101849
STU_016483,86.33416736016041
STU_016484,70.33249929017748
STU_016485,68.35926494698165
STU_016486,87.38679497863515
STU_016487,71.01960364685283
STU_016488,79.32173460112388
STU_016489,96.75885656272612
STU_016490,66.9873853115188
STU_016491,88.18900406017738
STU_016492,88.7058558742087
STU_016493,87.58739184417823
STU_016494,73.71175917470042
STU_016495,45.8141477678761
STU_016496,82.53851650810154
STU_016497,45.006942462481724
STU_016498,61.793682081632525
STU_016499,74.92162013271839
STU_016500,71.17679440084925
STU_016501,74.53453282927211
STU_016502,74.70201494269196
STU_016503,56.513678187122366
STU_016504,78.35249439833585
STU_016505,95.92043164126753
STU_016506,73.89081143547048
STU_016507,66.77073198031007
STU_016508,86.71112557452213
STU_016509,41.52988910462555
STU_016510,73.7598730959036
STU_016511,67.92244065568944
STU_016512,67.09858832584369
STU_016513,53.49692987671694
STU_016514,88.46444997944579
STU_016515,61.49654783329778
STU_016516,56.91443616365045
STU_016517,81.24990373174771
STU_016518,78.32136207340083
STU_016519,83.65945722500824
STU_016520,58.8516928903462
STU_016521,99.86393384899272
STU_016522,52.5087578170432
STU_016523,70.95707555077581
STU_016524,68.46254860793017
STU_016525,43.808368144841594
STU_016526,99.8807314937163
STU_016527,55.48685675523108
STU_016528,67.0027039788626
STU_016529,72.0242169894139
STU_016530,82.69635735944814
STU_016531,97.20164384767045
STU_016532,98.98563926344599
STU_016533,76.69111474027105
STU_016534,87.42723314731015
STU_016535,63.66926185946967
STU_016536,84.69337151930176
STU_016537,81.29777258310912
STU_016538,66.77390148646344
STU_016539,68.42607819425842
STU_016540,78.83812596396496
STU_016541,99.83622297405753
STU_016542,56.80748283699475
STU_016543,62.54355947406063
STU_016544,91.20848601378961
STU_016545,92.39604960656806
STU_016546,65.12172995389136
STU_016547,99.95122523758523
STU_016548,93.8355575024639
STU_016549,83.22061045640362
STU_016550,65.84666340820989
STU_016551,80.15393512617287
STU_016552,88.68223121253544
STU_016553,68.83058713830825
STU_016554,89.88904858997982
STU_016555,70.45228035702378
STU_016556,78.62926309732501
STU_016557,71.24227511065374
STU_016558,75.97052005615436
STU_016559,84.66278917653626
STU_016560,62.641118350660165
STU_016561,83.01254391811977
STU_016562,76.76198715714864
STU_016563,76.12749900248436
STU_016564,70.20350184365988
STU_016565,77.93963994952801
STU_016566,87.16142120756717
STU_016567,72.38806160847975
STU_016568,70.27842041746888
STU_016569,58.71157796088909
STU_016570,66.41891011928222
STU_016571,89.62840763051804
STU_016572,57.53123859055404
STU_016573,55.56412803570979
STU_016574,97.37160779052918
STU_016575,63.377226084137185
STU_016576,83.06791118786536
STU_016577,89.25371984515554
STU_016578,85.21628061594573
STU_016579,86.85825957227344
STU_016580,86.06260354128224
STU_016581,98.08899850655209
STU_016582,64.00413684627966
STU_016583,84.93265446752505
STU_016584,97.95405470404742
STU_016585,86.49590926953053
STU_016586,78.22524920918056
STU_016587,73.90499042881972
STU_016588,69.7172705388571
STU_016589,68.59425053897135
STU_016590,74.36121735152368
STU_016591,60.4310478773716
STU_016592,80.7666899278678
STU_016593,85.25245726722004
STU_016594,42.54935689137905
STU_016595,77.13069811136266
STU_016596,88.46754704116864
STU_016597,53.33739285984667
STU_016598,82.83920971454208
STU_016599,45.35874313049913
STU_016600,48.32922315717974
STU_016601,79.85504705558242
STU_016602,56.01546032681911
STU_016603,53.199155022431285
STU_016604,88.68692778244784
STU_016605,92.11825240975293
STU_016606,69.20037581243413
STU_016607,42.40728758728512
STU_016608,86.0496441973608
STU_016609,77.94136441373031
STU_016610,86.30356570067552
STU_016611,57.733860630504324
STU_016612,94.99229144402639
STU_016613,81.45693544383346
STU_016614,66.81813044840675
STU_016615,93.18397842215552
STU_016616,88.1968523375138
STU_016617,92.56072856241738
STU_016618,72.22981818792371
STU_016619,88.39201355284976
STU_016620,55.339180675248905
STU_016621,80.51619979993062
STU_016622,76.65590508472042
STU_016623,76.61748413207636
STU_016624,97.54072744190637
STU_016625,79.76777813317011
STU_016626,57.556718260428084
STU_016627,99.56185236678522
STU_016628,87.52780304614612
STU_016629,52.91345054428957
STU_016630,71.25555217598321
STU_016631,65.03224000606748
STU_016632,63.605237754447806
STU_016633,78.08945943208488
STU_016634,64.9574373001707
STU_016635,93.33952059557842
STU_016636,83.59753028471177
STU_016637,66.77191225002338
STU_016638,68.44426525472369
STU_016639,64.94438751144612
STU_016640,99.8325513922775
STU_016641,83.88442760185669
STU_016642,58.27362668094451
STU_016643,70.14564775761096
STU_016644,78.57395830023513
STU_016645,85.7873911426635
STU_016646,84.53992110282033
STU_016647,67.3704137367321
STU_016648,77.16064313552953
STU_016649,87.9308122277771
STU_016650,89.73849072441271
STU_016651,83.47803213525927
STU_016652,86.86518245625295
STU_016653,79.72580276983187
STU_016654,94.11603912257095
STU_016655,71.43012802294902
STU_016656,77.75417773705767
STU_016657,80.06375851919685
STU_016658,90.23357102843552
STU_016659,76.00953905262793
STU_016660,90.74321100765002
STU_016661,73.38225517416656
STU_016662,70.47321900642856
STU_016663,89.53438994579233
STU_016664,67.37524719743803
STU_016665,78.14507898185967
STU_016666,66.28398744935481
STU_016667,69.66957138863786
STU_016668,93.51159450790087
STU_016669,72.59207971036986
STU_016670,86.61802738702976
STU_016671,97.63487655312474
STU_016672,85.06756804836726
STU_016673,64.921875875452
STU_016674,77.93092861182842
STU_016675,77.34983531685177
STU_016676,99.50994890682028
STU_016677,91.50601884764392
STU_016678,90.75654231739037
STU_016679,89.2896332617292
STU_016680,61.40286637021705
STU_016681,97.26925282834178
STU_016682,85.52673644552593
STU_016683,73.52943324149248
STU_016684,68.89866007439934
STU_016685,78.63726988697073
STU_016686,74.74006644212946
STU_016687,95.82145948876597
STU_016688,57.182503982146976
STU_016689,71.85341760362613
STU_016690,53.94302682298721
STU_016691,78.49724864953437
STU_016692,74.1612679997996
STU_016693,65.84413792111965
STU_016694,85.63045490996151
STU_016695,76.62416921238052
STU_016696,75.99085262515503
STU_016697,72.97444470021891
STU_016698,82.40011450459852
STU_016699,64.72476462496694
STU_016700,72.61522329174284
STU_016701,78.81440742132685
STU_016702,83.06508041851117
STU_016703,89.55792515057269
STU_016704,83.66114799845133
STU_016705,90.612363345561
STU_016706,72.9950758312888
STU_016707,81.93183021288682
STU_016708,90.13142916172313
STU_016709,44.83640744330107
STU_016710,76.79942162366923
STU_016711,58.93270746357477
STU_016712,48.24229529549131
STU_016713,96.3481710578179
STU_016714,97.22487969419731
STU_016715,66.22088341407898
STU_016716,70.98140806698392
STU_016717,89.40357789250142
STU_016718,53.807989768151735
STU_016719,89.31689658750497
STU_016720,96.39469095386818
STU_016721,78.73320739239495
STU_016722,73.84763957834525
STU_016723,68.87882689326723
STU_016724,75.48448442551751
STU_016725,67.69510513840089
STU_016726,60.723329443382696
STU_016727,69.31431299208938
STU_016728,59.07478616611847
STU_016729,75.74074677296855
STU_016730,85.21834310148719
STU_016731,63.18467367160018
STU_016732,90.08963014571263
STU_016733,85.87246183034692
STU_016734,61.004284001641594
STU_016735,84.59012579989113
STU_016736,60.65422997672631
STU_016737,67.5192003783795
STU_016738,76.25827632848761
STU_016739,79.89026636325683
STU_016740,70.61950945526951
STU_016741,77.56379909163242
STU_016742,91.26668649863738
STU_016743,72.3129994253485
STU_016744,60.70172096252662
STU_016745,63.14593249259726
STU_016746,52.476298369321775
STU_016747,83.47546311750158
STU_016748,77.70878288907394
STU_016749,53.69185406771068
STU_016750,89.56481002474408
STU_016751,88.12511620591037
STU_016752,63.285003638057816
STU_016753,74.85293218449374
STU_016754,99.73773278551033
STU_016755,75.61963526906843
STU_016756,76.6181982335542
STU_016757,81.21172472591206
STU_016758,53.293987918663916
STU_016759,98.48407283010872
STU_016760,71.04991120270437
STU_016761,78.00669298577655
STU_016762,71.45718608596646
STU_016763,79.63975498822542
STU_016764,65.91026693602255
STU_016765,87.7563584143803
STU_016766,90.74328138367854
STU_016767,81.66574031093627
STU_016768,88.96858400265991
STU_016769,46.37574378662343
STU_016770,55.5340923367458
STU_016771,67.2721731634452
STU_016772,92.08327313671192
STU_016773,69.57894959747927
STU_016774,82.84314990151748
STU_016775,71.16544106986721
STU_016776,94.34785544810704
STU_016777,49.35297864466976
STU_016778,76.9507038777665
STU_016779,73.83318478718208
STU_016780,86.88388604348917
STU_016781,50.50527900242057
STU_016782,83.18888213893855
STU_016783,67.74740766033904
STU_016784,95.43443533972697
STU_016785,91.81953839741686
STU_016786,68.76275073458098
STU_016787,68.49529319313842
STU_016788,90.16828220394373
STU_016789,75.13910524852574
STU_016790,81.9655807621687
STU_016791,69.74290526004498
STU_016792,74.16457632668902
STU_016793,80.17312167649467
STU_016794,72.74345383946547
STU_016795,72.61321568908772
STU_016796,87.0665126909289
STU_016797,66.59585692683427
STU_016798,73.74014547217061
STU_016799,90.99655433360542
STU_016800,64.96734830224295
STU_016801,60.650181702102586
STU_016802,64.9940345238865
STU_016803,92.89726818364535
STU_016804,93.20008997705405
STU_016805,56.40024604390205
STU_016806,81.27814275058245
STU_016807,78.26354342368951
STU_016808,86.15001846435608
STU_016809,87.05479709376154
STU_016810,48.32424472233473
STU_016811,79.08731465552327
STU_016812,69.48866448939997
STU_016813,78.33224295980244
STU_016814,88.778438590119
STU_016815,68.87685843576392
STU_016816,72.8018751632868
STU_016817,99.51420928067687
STU_016818,52.05321696570972
STU_016819,87.20110946324232
STU_016820,80.56677868323742
STU_016821,78.33511819517086
STU_016822,75.67107401310776
STU_016823,99.94961349304988
STU_016824,79.27392314377452
STU_016825,82.01841642115632
STU_016826,71.28148399626528
STU_016827,77.45507065365737
STU_016828,71.10683805597286
STU_016829,82.89470533601718
STU_016830,72.68432026093538
STU_016831,88.24126328962042
STU_016832,65.73714967360642
STU_016833,62.92555421254151
STU_016834,88.89327671998862
STU_016835,77.0701726332329
STU_016836,82.6466816587425
STU_016837,98.59379122533647
STU_016838,90.87406588690821
STU_016839,69.29256788371109
STU_016840,78.52510474267608
STU_016841,97.59295980857769
STU_016842,73.82264695524331
STU_016843,67.5665310740876
STU_016844,86.92751583697815
STU_016845,68.18877345163334
STU_016846,65.84460342959977
STU_016847,71.8510499044449
STU_016848,60.567576029976316
STU_016849,74.44616352416985
STU_016850,75.6937200509377
STU_016851,66.23451984311144
STU_016852,86.49662263847607
STU_016853,88.5141000544294
STU_016854,85.96240139777989
STU_016855,77.85904763146823
STU_016856,98.53106463164193
STU_016857,65.60721817035274
STU_016858,57.10112746275966
STU_016859,98.71645556023964
STU_016860,99.43422273371223
STU_016861,77.75076132600293
STU_016862,90.13288336885526
STU_016863,97.95619064001382
STU_016864,50.766268133788074
STU_016865,84.57748726212431
STU_016866,71.59558082323743
STU_016867,94.970339376969
STU_016868,76.95541206959123
STU_016869,86.12107247556754
STU_016870,65.0315964251261
STU_016871,57.059686553738366
STU_016872,78.5056812421036
STU_016873,92.71796426371746
STU_016874,69.64005046061995
STU_016875,82.06934426716145
STU_016876,57.56117338597936
STU_016877,99.8647368626176
STU_016878,55.42639540253388
STU_016879,90.02125571464448
STU_016880,87.71563005217658
STU_016881,68.00775930258634
STU_016882,77.082954804162
STU_016883,91.40608520072098
STU_016884,75.72138818602032
STU_016885,91.52519480753423
STU_016886,81.6251134948811
STU_016887,65.70967141761024
STU_016888,88.57228058486992
STU_016889,76.5954637109178
STU_016890,70.27638981694523
STU_016891,65.06010712806886
STU_016892,82.56852133629117
STU_016893,65.55496751035524
STU_016894,79.62760877972978
STU_016895,72.4586648081509
STU_016896,66.7218320154916
STU_016897,49.417899603495684
STU_016898,99.80273887675446
STU_016899,78.95267361253092
STU_016900,96.42605056805618
STU_016901,78.7011429046177
STU_016902,94.52615284436655
STU_016903,76.04561506273699
STU_016904,82.75412408956478
STU_016905,80.98701770135061
STU_016906,69.55677867139953
STU_016907,83.70627021393891
STU_016908,68.4949554936089
STU_016909,85.23052246632568
STU_016910,68.6879195346021
STU_016911,73.77376627966683
STU_016912,69.38147086205907
STU_016913,58.38952970178875
STU_016914,89.5715428816193
STU_016915,91.16596165433425
STU_016916,77.58636315442476
STU_016917,85.68896539768707
STU_016918,47.1962159017544
STU_016919,69.05168642124039
STU_016920,68.84298946014722
STU_016921,74.92742265533921
STU_016922,72.0041579427453
STU_016923,90.26704591128036
STU_016924,54.72244423125502
STU_016925,77.86290540861543
STU_016926,79.34617114208478
STU_016927,59.113869772861776
STU_016928,83.77493718375743
STU_016929,67.26046798863503
STU_016930,97.52402417300624
STU_016931,47.92532484242594
STU_016932,87.587871206154
STU_016933,86.87048230940745
STU_016934,65.56608442756539
STU_016935,74.67887778429917
STU_016936,63.811997985760655
STU_016937,70.28931542062924
STU_016938,89.65428946254684
STU_016939,94.19104464026003
STU_016940,93.1028046758534
STU_016941,61.29780726150212
STU_016942,80.71239691014263
STU_016943,74.94945356447985
STU_016944,81.68494854786127
STU_016945,92.42061387772037
STU_016946,84.75758438565714
STU_016947,74.66345124544502
STU_016948,76.83253817321125
STU_016949,63.380258779160286
STU_016950,69.37955273971652
STU_016951,97.08537266816597
STU_016952,57.80180897103216
STU_016953,61.33419626840934
STU_016954,71.25870931930844
STU_016955,85.41546300733945
STU_016956,90.1059441047685
STU_016957,63.20239308234794
STU_016958,76.68157149435079
STU_016959,97.48598034669801
STU_016960,80.36829182936826
STU_016961,64.93216641761919
STU_016962,75.97265744669821
STU_016963,97.72752063893448
STU_016964,90.37458785239428
STU_016965,89.36441586793352
STU_016966,73.5420290436614
STU_016967,91.19398065264915
STU_016968,97.61157647492352
STU_016969,63.975916862133836
STU_016970,75.06703195720225
STU_016971,65.65423829546475
STU_016972,96.60020635937744
STU_016973,67.65566199333682
STU_016974,76.60195514917854
STU_016975,59.37131698209332
STU_016976,71.09515534275063
STU_016977,90.72303422296417
STU_016978,68.45933253441687
STU_016979,59.53316042539932
STU_016980,83.50669019901798
STU_016981,59.30663997324988
STU_016982,74.84452342814727
STU_016983,60.69315403318209
STU_016984,65.7966331206435
STU_016985,99.73817267014444
STU_016986,86.13640553198616
STU_016987,82.19768337134003
STU_016988,73.82188964236798
STU_016989,89.1205698766103
STU_016990,73.33676082767538
STU_016991,64.17851653606547
STU_016992,82.18453859876632
STU_016993,74.7843299565075
STU_016994,62.785580823978506
STU_016995,66.97890633464948
STU_016996,93.8568179107651
STU_016997,79.47187634406733
STU_016998,92.1709893976432
STU_016999,98.69865709767923
STU_017000,86.72223799839611
STU_017001,88.46052094499444
STU_017002,95.04906846324582
STU_017003,97.16626552581135
STU_017004,67.4709421301829
STU_017005,86.77269175073688
STU_017006,88.2108479607431
STU_017007,77.69103789200543
STU_017008,79.57441430167769
STU_017009,85.68034190831214
STU_017010,74.0605041940722
STU_017011,49.592343807489456
STU_017012,57.633048099585395
STU_017013,99.71193868644663
STU_017014,79.56606724865098
STU_017015,80.2531160092677
STU_017016,91.84141169958768
STU_017017,65.45877111279056
STU_017018,75.84242154206609
STU_017019,54.62593798591287
STU_017020,71.027552745289
STU_017021,79.77515913428758
STU_017022,71.21257954105717
STU_017023,63.06030090634245
STU_017024,62.08377220763216
STU_017025,64.88735982454924
STU_017026,77.35717995827231
STU_017027,80.4227190469739
STU_017028,72.33303686306716
STU_017029,88.87418113482246
STU_017030,88.20767346251701
STU_017031,57.338137526428284
STU_017032,94.46717009044201
STU_017033,88.89926541510515
STU_017034,73.731489196275
STU_017035,71.33926982789562
STU_017036,89.55513749646906
STU_017037,96.04743650460499
STU_017038,97.28572990295899
STU_017039,87.93887145130311
STU_017040,98.11600775814395
STU_017041,60.86318269036096
STU_017042,88.80124532714271
STU_017043,73.78998686807445
STU_017044,96.06268464534438
STU_017045,85.50735034621734
STU_017046,81.92556767449234
STU_017047,97.47216083962076
STU_017048,66.94444134487576
STU_017049,85.2655078753202
STU_017050,65.08236827110883
STU_017051,77.56573171140762
STU_017052,97.23890623908622
STU_017053,78.50775529333279
STU_017054,90.28389826727259
STU_017055,82.12096688036844
STU_017056,79.271790595558
STU_017057,95.4523532507822
STU_017058,79.439866965922
STU_017059,60.13605263270605
STU_017060,65.35078840847655
STU_017061,95.75821063878777
STU_017062,60.10382702087008
STU_017063,75.5153136724785
STU_017064,65.33748623659562
STU_017065,93.97603912018378
STU_017066,60.38687208263613
STU_017067,96.38050661233413
STU_017068,68.14047618087278
STU_017069,77.99291765762953
STU_017070,80.26471356523069
STU_017071,78.9379087401487
STU_017072,76.09646199246185
STU_017073,92.51208798186052
STU_017074,86.83006818564317
STU_017075,92.20932099836602
STU_017076,57.00176760484038
STU_017077,90.16285608013487
STU_017078,65.09728745094836
STU_017079,60.74028683803
STU_017080,53.543201061842296
STU_017081,73.55710361972808
STU_017082,85.78738741225112
STU_017083,67.93922310328261
STU_017084,48.25506242238943
STU_017085,67.02413307039055
STU_017086,88.47443187875746
STU_017087,70.01024036169169
STU_017088,92.45486692968467
STU_017089,63.3258644318911
STU_017090,84.24051144144599
STU_017091,65.45402693924498
STU_017092,90.02337239561965
STU_017093,51.7749862266453
STU_017094,81.21744247639614
STU_017095,53.284249379265646
STU_017096,62.910955197998376
STU_017097,63.58349471278115
STU_017098,44.623944327549964
STU_017099,74.65077661090822
STU_017100,85.13246135556153
STU_017101,79.7578784756678
STU_017102,76.86653825932956
STU_017103,78.87083168659527
STU_017104,83.97927086009445
STU_017105,66.77436770069863
STU_017106,60.81990608549683
STU_017107,45.312008922123525
STU_017108,82.73437827185566
STU_017109,68.06055334700613
STU_017110,69.06431286478725
STU_017111,86.51307451865962
STU_017112,86.01474766069566
STU_017113,58.72343203040934
STU_017114,77.63154219106654
STU_017115,77.46480999945865
STU_017116,99.79367386099503
STU_017117,49.04031425251357
STU_017118,85.35352513828674
STU_017119,83.03777291952187
STU_017120,86.59341318331236
STU_017121,71.91639747498047
STU_017122,99.7387969038291
STU_017123,61.819299468745534
STU_017124,71.49933991166384
STU_017125,72.07748461248558
STU_017126,78.97736293576155
STU_017127,57.49734417857083
STU_017128,70.09489757168939
STU_017129,62.924859199354
STU_017130,74.07713371768845
STU_017131,70.9655513677642
STU_017132,74.932145091344
STU_017133,78.96347791411962
STU_017134,98.48205455282695
STU_017135,58.58450206287768
STU_017136,79.93176767544092
STU_017137,60.07701257803617
STU_017138,77.63437034009786
STU_017139,93.24165585182145
STU_017140,77.16365192212896
STU_017141,88.84537223303565
STU_017142,93.79164162022626
STU_017143,50.80649212808484
STU_017144,89.22505366253867
STU_017145,89.55422834991812
STU_017146,93.46542688710218
STU_017147,97.89442338153256
STU_017148,72.59505489684013
STU_017149,65.906295657772
STU_017150,57.56170944429722
STU_017151,79.81265176241803
STU_017152,77.24258631254936
STU_017153,84.35979578815999
STU_017154,78.62641274220698
STU_017155,55.058558275379745
STU_017156,59.9837136227091
STU_017157,71.91474292258175
STU_017158,90.87022960709238
STU_017159,62.40883196363753
STU_017160,52.89509903133021
STU_017161,81.57534346840848
STU_017162,73.26195353780287
STU_017163,76.55279065209004
STU_017164,91.24621231965473
STU_017165,65.33724335984799
STU_017166,71.70951258089009
STU_017167,66.50670275595344
STU_017168,77.07293001608751
STU_017169,91.262871027961
STU_017170,85.3421609354135
STU_017171,95.46340120686155
STU_017172,72.00454463062975
STU_017173,53.96454233030238
STU_017174,57.239992544094
STU_017175,99.64263748632652
STU_017176,84.15430777145423
STU_017177,71.75373339755224
STU_017178,86.1270151302782
STU_017179,87.56537927098702
STU_017180,74.67226802987122
STU_017181,83.7197042418046
STU_017182,65.07890299111372
STU_017183,97.2272510915418
STU_017184,85.24729987502106
STU_017185,95.11028015363111
STU_017186,63.31303536355985
STU_017187,88.56203109734453
STU_017188,77.37532457317435
STU_017189,56.490426862842995
STU_017190,91.06458790566077
STU_017191,69.98553520240833
STU_017192,63.8228662995598
STU_017193,56.21038628650214
STU_017194,88.47831700265274
STU_017195,69.4836084576468
STU_017196,80.80384054587587
STU_017197,80.24349014088956
STU_017198,70.41263575296688
STU_017199,73.91105019417056
STU_017200,61.427414366213
STU_017201,71.66363802902289
STU_017202,86.67646431145013
STU_017203,71.90214684137165
STU_017204,63.64682551105115
STU_017205,89.80445672298174
STU_017206,76.66744286228025
STU_017207,98.22466052086362
STU_017208,62.57763827063612
STU_017209,59.77159628247389
STU_017210,35.105573015496034
STU_017211,83.74456537793677
STU_017212,95.63553453031128
STU_017213,88.58337006654486
STU_017214,83.19603027051666
STU_017215,61.887266465315705
STU_017216,58.683115692193866
STU_017217,99.92624260949825
STU_017218,70.49302808448995
STU_017219,96.25747160856358
STU_017220,77.88961756463604
STU_017221,68.95293448809406
STU_017222,70.09636081551822
STU_017223,70.86245015875048
STU_017224,86.88675845364116
STU_017225,90.3455840247223
STU_017226,75.84963933945716
STU_017227,68.77395010137451
STU_017228,84.39428842571684
STU_017229,65.10657126816366
STU_017230,93.33669938626223
STU_017231,67.1439641043674
STU_017232,67.49154006588681
STU_017233,72.07994161819441
STU_017234,87.34641660992499
STU_017235,79.11850095985909
STU_017236,57.41880780639066
STU_017237,94.08450945375375
STU_017238,78.31193052781434
STU_017239,53.32690987340474
STU_017240,92.78944085402703
STU_017241,70.04083744284576
STU_017242,45.547064746571536
STU_017243,84.94180832501424
STU_017244,75.91519577400634
STU_017245,86.42793399290622
STU_017246,84.25269728374693
STU_017247,54.58208371264091
STU_017248,65.16659442635168
STU_017249,61.33181209518534
STU_017250,57.41309350824598
STU_017251,89.5981877066304
STU_017252,61.63911970107127
STU_017253,86.1297755735058
STU_017254,47.266768893501904
STU_017255,53.17477537282311
STU_017256,49.62132922347541
STU_017257,80.92817768123805
STU_017258,75.53493877881
STU_017259,68.86189503239434
STU_017260,67.71641646783043
STU_017261,56.24648216537116
STU_017262,69.6341653957498
STU_017263,77.62740121035924
STU_017264,65.37377570010499
STU_017265,89.39343379894316
STU_017266,52.04096225769861
STU_017267,66.75288929236451
STU_017268,69.31234763679863
STU_017269,66.34635227920057
STU_017270,79.51641944753874
STU_017271,76.44725754506837
STU_017272,57.9110511761771
STU_017273,87.99837624995862
STU_017274,88.35580718199017
STU_017275,68.57352453057165
STU_017276,55.51996716085152
STU_017277,79.4035432890264
STU_017278,92.17073078500073
STU_017279,73.84228278345405
STU_017280,82.26379232642994
STU_017281,68.60686159709519
STU_017282,74.27789921056547
STU_017283,82.24560508165673
STU_017284,85.33271096909715
STU_017285,85.22859282176884
STU_017286,69.6442280893326
STU_017287,62.98274241639624
STU_017288,59.44720369535843
STU_017289,75.11380751489088
STU_017290,91.26516766140435
STU_017291,83.84304196529095
STU_017292,62.34814346207149
STU_017293,69.5058797469766
STU_017294,64.76930659878725
STU_017295,70.06505920526993
STU_017296,72.56894535518316
STU_017297,95.22234127974649
STU_017298,64.33793443997705
STU_017299,69.72587776346873
STU_017300,55.25136408833877
STU_017301,58.95300010277203
STU_017302,75.66048262688462
STU_017303,93.99982087396809
STU_017304,87.89158036498691
STU_017305,78.72736935331817
STU_017306,84.62783375209946
STU_017307,99.70446080030132
STU_017308,94.3849679947418
STU_017309,90.1007459223275
STU_017310,61.09360708504278
STU_017311,75.08856173865317
STU_017312,70.29781680396934
STU_017313,89.95682733483099
STU_017314,78.39454225935906
STU_017315,83.73387303493867
STU_017316,73.71967192095416
STU_017317,81.58959388056812
STU_017318,39.44056814594948
STU_017319,66.1636211938542
STU_017320,89.57618086916824
STU_017321,83.61922257375394
STU_017322,75.088457782528
STU_017323,79.51002113855192
STU_017324,90.57676059001503
STU_017325,83.31643219420148
STU_017326,72.29999990958426
STU_017327,87.28271733416491
STU_017328,79.94979995113275
STU_017329,38.81839305667377
STU_017330,91.29404638410642
STU_017331,76.96492544359451
STU_017332,68.70351945166281
STU_017333,66.470888428292
STU_017334,82.31602600642762
STU_017335,83.02989726781023
STU_017336,62.80082284122575
STU_017337,78.30683100174114
STU_017338,80.32017857984368
STU_017339,97.62615582667577
STU_017340,78.70466146141581
STU_017341,88.226736520567
STU_017342,64.02685558522354
STU_017343,82.53520392282329
STU_017344,63.13948438486187
STU_017345,68.61545597792188
STU_017346,60.81618637212765
STU_017347,93.1739921145547
STU_017348,73.87569277827922
STU_017349,80.80170513027696
STU_017350,54.09264028749607
STU_017351,60.21768963074493
STU_017352,56.529374300480804
STU_017353,59.40065170330653
STU_017354,85.26161420673867
STU_017355,58.69846554583835
STU_017356,69.2779125156311
STU_017357,57.52602425017096
STU_017358,63.65179312572753
STU_017359,87.14010150127328
STU_017360,98.72173101503267
STU_017361,97.97476986098192
STU_017362,65.1605976501005
STU_017363,88.49741972804668
STU_017364,88.54904385630375
STU_017365,86.52698858941277
STU_017366,90.32020304210971
STU_017367,99.75531644891355
STU_017368,63.43191038721543
STU_017369,55.55254190586114
STU_017370,80.7491327215066
STU_017371,84.83496519638608
STU_017372,87.90083631035273
STU_017373,63.165544735504874
STU_017374,49.288614696849415
STU_017375,84.73286633756632
STU_017376,74.7068580567217
STU_017377,68.97356365564771
STU_017378,81.67662574010585
STU_017379,64.34020109558656
STU_017380,61.72250363819882
STU_017381,56.93574097751465
STU_017382,83.84928761344293
STU_017383,80.07868328851978
STU_017384,69.18092245175862
STU_017385,70.48806935680491
STU_017386,73.05291378688922
STU_017387,82.43346198711511
STU_017388,67.04502350296983
STU_017389,82.4729062563113
STU_017390,74.80974721771031
STU_017391,77.08628977560082
STU_017392,65.75691113891195
STU_017393,64.52564619739563
STU_017394,71.56792213745133
STU_017395,57.13124871990614
STU_017396,80.48320373430273
STU_017397,76.0239170265863
STU_017398,82.3165685684756
STU_017399,88.90294360989326
STU_017400,42.76420387912532
STU_017401,43.42492239489978
STU_017402,93.82137761718434
STU_017403,61.488749467586885
STU_017404,78.28165884527316
STU_017405,61.557730781278835
STU_017406,65.2506306615744
STU_017407,65.68959912801702
STU_017408,81.7997994516102
STU_017409,78.34605368030267
STU_017410,76.38949864692876
STU_017411,62.612932672177145
STU_017412,79.98351953648464
STU_017413,81.11669647862796
STU_017414,80.74805559625084
STU_017415,53.72841435340576
STU_017416,64.30762089468755
STU_017417,78.36600507960186
STU_017418,90.21311039503588
STU_017419,68.18188592689418
STU_017420,81.29848288062558
STU_017421,81.20651397165165
STU_017422,80.43488069855101
STU_017423,73.61667931157956
STU_017424,56.185210149286995
STU_017425,76.13095761597995
STU_017426,66.98582371629405
STU_017427,77.34413181270142
STU_017428,71.59862717486524
STU_017429,59.29217280511432
STU_017430,99.30599757915465
STU_017431,68.61941675924719
STU_017432,96.79301109880876
STU_017433,85.10312156205393
STU_017434,72.08696817953877
STU_017435,80.51486713696359
STU_017436,70.24701489678
STU_017437,82.35853439626199
STU_017438,99.5298812579083
STU_017439,59.73752934440254
STU_017440,87.97916309946297
STU_017441,49.53584155365318
STU_017442,78.68059822539279
STU_017443,86.92502377960895
STU_017444,77.12494071042082
STU_017445,94.59445813211877
STU_017446,87.75214199021659
STU_017447,65.42416705676045
STU_017448,77.86075206031533
STU_017449,85.94335109165189
STU_017450,83.68182815372202
STU_017451,70.69645448595276
STU_017452,78.85685383290667
STU_017453,91.681213927217
STU_017454,54.68867811198179
STU_017455,89.56501283705481
STU_017456,78.79011411534842
STU_017457,66.85198692063285
STU_017458,62.375542397446
STU_017459,79.80432295256624
STU_017460,67.56860224070084
STU_017461,88.45702676672725
STU_017462,78.54680754198338
STU_017463,92.65997570495867
STU_017464,74.97038062101775
STU_017465,84.17674171676887
STU_017466,73.06503960142021
STU_017467,53.4730170341864
STU_017468,83.70275597833555
STU_017469,95.32017064825433
STU_017470,88.49768985801613
STU_017471,87.4809980862622
STU_017472,68.62807556240293
STU_017473,97.5308074810791
STU_017474,35.10829627631346
STU_017475,59.74188540364476
STU_017476,69.2675696283499
STU_017477,62.056839551044206
STU_017478,52.86757221400245
STU_017479,78.68960311411692
STU_017480,98.9167573788263
STU_017481,91.5743207292212
STU_017482,82.01650524392414
STU_017483,87.86051583158834
STU_017484,84.9948720141351
STU_017485,90.40760489037402
STU_017486,72.52401147311662
STU_017487,89.73635131419178
STU_017488,54.771688016596556
STU_017489,59.12840855372516
STU_017490,94.47190354592838
STU_017491,70.74280579407686
STU_017492,56.901676385187336
STU_017493,76.30274230681763
STU_017494,75.84828326504949
STU_017495,51.82505532663076
STU_017496,80.03954061411503
STU_017497,91.49171200106153
STU_017498,58.98255511737605
STU_017499,86.22741369908414
STU_017500,86.5786449872663
STU_017501,76.36934363073203
STU_017502,87.63549825970536
STU_017503,71.73734968044582
STU_017504,82.40102750219413
STU_017505,80.60035167964458
STU_017506,78.20847039091852
STU_017507,53.07460938962552
STU_017508,63.94340450863325
STU_017509,84.23003263579291
STU_017510,97.78210376009565
STU_017511,73.91686851519108
STU_017512,71.52515318070638
STU_017513,77.31489738727844
STU_017514,73.47338428313402
STU_017515,79.39335525505838
STU_017516,97.5323099121911
STU_017517,82.66698455193888
STU_017518,84.25812753064676
STU_017519,86.2596470441285
STU_017520,99.21054794617115
STU_017521,59.45553855049139
STU_017522,76.8782655002047
STU_017523,79.45813371447687
STU_017524,58.27504107653968
STU_017525,68.93087340907101
STU_017526,78.52507807198467
STU_017527,79.0642385197531
STU_017528,71.8741148920031
STU_017529,99.44219612798791
STU_017530,82.74418596886295
STU_017531,94.67998919571343
STU_017532,60.13181344482254
STU_017533,62.36333074547251
STU_017534,55.8600607049835
STU_017535,74.86202473651142
STU_017536,87.0088479792376
STU_017537,96.10654207136473
STU_017538,93.93966547860884
STU_017539,73.62315259623706
STU_017540,95.71559337037588
STU_017541,49.34604167867907
STU_017542,73.15613420454437
STU_017543,80.70883009276827
STU_017544,95.92500901414269
STU_017545,67.87782411252452
STU_017546,68.25317980254171
STU_017547,94.77156014194045
STU_017548,79.66076159699216
STU_017549,99.32363271681571
STU_017550,76.29325539794178
STU_017551,96.70697533516838
STU_017552,48.98392361565654
STU_017553,84.59711176215407
STU_017554,55.44811179951214
STU_017555,69.05206321611172
STU_017556,68.00632254573961
STU_017557,50.70631340192963
STU_017558,52.29457807714505
STU_017559,85.93258637150237
STU_017560,71.03157624523831
STU_017561,96.76514211742088
STU_017562,59.47718643241088
STU_017563,65.17402241759712
STU_017564,71.16870612513257
STU_017565,71.26970539203144
STU_017566,84.69216595934465
STU_017567,64.44844536328804
STU_017568,69.46488415763044
STU_017569,71.25963742803178
STU_017570,99.53112986217359
STU_017571,93.3345433435864
STU_017572,80.18980383866118
STU_017573,72.43568093538939
STU_017574,84.06589331530401
STU_017575,91.2939063777793
STU_017576,93.3431108505526
STU_017577,63.134150006643424
STU_017578,78.32318398031884
STU_017579,76.15181342096515
STU_017580,77.31756192287997
STU_017581,74.49179201976587
STU_017582,75.97012482457347
STU_017583,92.74614484645457
STU_017584,59.93872140430268
STU_017585,50.88173383246578
STU_017586,82.12561024678126
STU_017587,61.75050980155106
STU_017588,67.50600160514932
STU_017589,95.17950885975796
STU_017590,73.96485851791329
STU_017591,89.65811314354966
STU_017592,65.50675222622097
STU_017593,59.348856775868626
STU_017594,56.357239657456695
STU_017595,93.97655948084133
STU_017596,73.4225064757709
STU_017597,93.9057675445722
STU_017598,42.090344222817755
STU_017599,64.574399673013
STU_017600,78.35352984148895
STU_017601,67.46459905765266
STU_017602,66.7590196318019
STU_017603,89.9929253596681
STU_017604,82.79944929015
STU_017605,68.66670433370447
STU_017606,94.1669227660989
STU_017607,77.06057128090663
STU_017608,94.14690699290759
STU_017609,76.55321851398173
STU_017610,74.99550731539271
STU_017611,74.19003187200586
STU_017612,97.45183490997643
STU_017613,80.60519797122377
STU_017614,90.13134514173568
STU_017615,66.26164944960934
STU_017616,88.37929984031908
STU_017617,90.4456828585821
STU_017618,43.04578188943855
STU_017619,64.22105766372232
STU_017620,75.10984735788254
STU_017621,81.98130275401186
STU_017622,98.25482930895859
STU_017623,56.66977372282555
STU_017624,69.05444023259176
STU_017625,68.32708909387748
STU_017626,52.21442717100055
STU_017627,57.16558931406202
STU_017628,74.77127152715408
STU_017629,71.88328029642068
STU_017630,59.82022133930269
STU_017631,52.08430796027763
STU_017632,79.47880022171486
STU_017633,72.68154665660373
STU_017634,81.32874083096056
STU_017635,78.75985942510019
STU_017636,70.7682351380715
STU_017637,92.90582126365214
STU_017638,63.34630100987609
STU_017639,86.35678975543956
STU_017640,97.22382471860027
STU_017641,99.45506235732047
STU_017642,57.35383455021805
STU_017643,62.645487636245484
STU_017644,78.0395993074743
STU_017645,78.62141953755273
STU_017646,71.98097345000026
STU_017647,58.505379037658955
STU_017648,88.3126203980022
STU_017649,96.50986369472659
STU_017650,96.85522717538112
STU_017651,66.92117216360032
STU_017652,73.52491684234316
STU_017653,99.62630549222837
STU_017654,75.24143321840668
STU_017655,83.19200345143213
STU_017656,86.24265693253287
STU_017657,47.94412185195948
STU_017658,69.01254401148095
STU_017659,99.83081904575279
STU_017660,77.71706426631903
STU_017661,77.97085849942893
STU_017662,65.10819792270715
STU_017663,76.33728713370606
STU_017664,79.5366231862753
STU_017665,71.65676653798016
STU_017666,75.9618913835975
STU_017667,72.58752532009066
STU_017668,75.53154236185492
STU_017669,71.49610392769745
STU_017670,46.715819526289074
STU_017671,69.65946423222219
STU_017672,56.291253677126505
STU_017673,72.5025635946362
STU_017674,71.21562105617637
STU_017675,68.58747593628581
STU_017676,69.79882987305227
STU_017677,79.60592107798414
STU_017678,80.84525713133488
STU_017679,90.12992990010851
STU_017680,64.51542948835305
STU_017681,83.9198110533782
STU_017682,69.75841712117652
STU_017683,75.4025570408241
STU_017684,85.09218203981547
STU_017685,70.92537813551951
STU_017686,61.90227088808104
STU_017687,71.44936146488442
STU_017688,71.80040154190478
STU_017689,89.35600471146925
STU_017690,66.51672524020384
STU_017691,71.96599565357425
STU_017692,72.97547525732081
STU_017693,67.58365661735172
STU_017694,79.08616472794583
STU_017695,96.71604706526804
STU_017696,86.53895436792503
STU_017697,40.64793266108415
STU_017698,51.05595522692931
STU_017699,96.18045641439738
STU_017700,50.71817783661415
STU_017701,53.88697700119808
STU_017702,85.96760702576196
STU_017703,80.02420564440861
STU_017704,63.06584279847348
STU_017705,57.631074032454244
STU_017706,79.67548394742147
STU_017707,50.84395480517473
STU_017708,97.05605459225029
STU_017709,88.34254302463312
STU_017710,82.90590284160919
STU_017711,99.88179052750365
STU_017712,70.30149215775607
STU_017713,69.5486862818642
STU_017714,84.51369753314793
STU_017715,69.43992933860747
STU_017716,55.86861941518585
STU_017717,73.7777457344611
STU_017718,94.72088254676035
STU_017719,70.41788789132967
STU_017720,72.77082879218055
STU_017721,78.1923323576192
STU_017722,99.88310630087925
STU_017723,71.84428058857388
STU_017724,75.0119150635398
STU_017725,92.57751414616294
STU_017726,93.28165706622049
STU_017727,81.3569884230571
STU_017728,83.91168910794418
STU_017729,67.10500534156476
STU_017730,58.106080666847205
STU_017731,54.66924440337057
STU_017732,79.84611930608304
STU_017733,62.52337774091415
STU_017734,69.3642815522897
STU_017735,62.346469668937296
STU_017736,71.71132006193528
STU_017737,61.419408085355265
STU_017738,94.09359040247122
STU_017739,85.83493204801037
STU_017740,77.22614598921257
STU_017741,87.14905620383823
STU_017742,84.26633157506184
STU_017743,86.39580670509923
STU_017744,85.6517506895688
STU_017745,86.3830159676855
STU_017746,83.46808297126843
STU_017747,68.22052994154541
STU_017748,66.18425464663856
STU_017749,63.90224566283301
STU_017750,83.42406139409881
STU_017751,80.91948688085388
STU_017752,79.01013301538748
STU_017753,97.66950539296687
STU_017754,90.61169877595185
STU_017755,88.32426465208044
STU_017756,82.45634004380094
STU_017757,50.11300803479465
STU_017758,63.24932080213817
STU_017759,79.80019243457156
STU_017760,95.23386093672927
STU_017761,63.43020166254938
STU_017762,99.9360303465373
STU_017763,94.13763158382102
STU_017764,50.13414848252527
STU_017765,91.34378108676822
STU_017766,77.77203680555121
STU_017767,61.932922102829195
STU_017768,62.01633457018833
STU_017769,89.31409346682878
STU_017770,76.98933775480442
STU_017771,55.109028768026626
STU_017772,70.99627099088812
STU_017773,58.08988916859872
STU_017774,99.86608981098999
STU_017775,79.5209336826875
STU_017776,89.42371558908307
STU_017777,80.02983277446138
STU_017778,82.3948099193688
STU_017779,51.802947313306476
STU_017780,70.29869437088873
STU_017781,80.941348197218
STU_017782,75.02064661727474
STU_017783,67.22838014332564
STU_017784,76.93417585651005
STU_017785,90.52663119914405
STU_017786,75.68710879171181
STU_017787,84.96395802031068
STU_017788,76.52674603783294
STU_017789,86.30996932892286
STU_017790,55.45917549344269
STU_017791,92.19529837209156
STU_017792,66.56169491470429
STU_017793,69.52705190422277
STU_017794,64.87444808739663
STU_017795,69.96113597144819
STU_017796,80.22475578391719
STU_017797,89.92433403200121
STU_017798,94.56152840203822
STU_017799,99.80527058400676
STU_017800,88.24379435279262
STU_017801,73.47833901676665
STU_017802,95.81692057256262
STU_017803,65.53200733435861
STU_017804,77.60692977740631
STU_017805,72.45291609481582
STU_017806,66.08258249213371
STU_017807,95.93183052174824
STU_017808,66.45360518370478
STU_017809,88.8035663506046
STU_017810,99.65692140347036
STU_017811,71.8891422903311
STU_017812,81.84805759601181
STU_017813,81.6431204400075
STU_017814,65.1150710205346
STU_017815,63.460019832708284
STU_017816,58.123621692616595
STU_017817,52.49974529742722
STU_017818,92.43108610261939
STU_017819,88.80493879673124
STU_017820,85.55753058600548
STU_017821,73.21363300335777
STU_017822,91.36829407247305
STU_017823,95.60343599753992
STU_017824,54.73742182821723
STU_017825,76.75993387645912
STU_017826,81.70019798174982
STU_017827,87.6012688738345
STU_017828,57.53744885016423
STU_017829,64.99577025860779
STU_017830,65.0022628686125
STU_017831,88.35246777296993
STU_017832,85.72862407318242
STU_017833,56.42218847330754
STU_017834,79.0855947548782
STU_017835,67.43464588513288
STU_017836,79.43615584070902
STU_017837,67.39896993438911
STU_017838,65.8144343277004
STU_017839,94.89804430287596
STU_017840,70.31042092338458
STU_017841,95.88639440995811
STU_017842,79.4869804506718
STU_017843,84.64274520104227
STU_017844,63.57101379386088
STU_017845,96.87490038339571
STU_017846,92.06456347128628
STU_017847,47.3053645182892
STU_017848,62.04662049708481
STU_017849,55.09661291992572
STU_017850,68.38401973676235
STU_017851,60.49258566047106
STU_017852,88.11190819210002
STU_017853,75.6897603528488
STU_017854,98.66759111320059
STU_017855,47.76378979990125
STU_017856,81.74845800032136
STU_017857,82.18398822707555
STU_017858,77.30720858330606
STU_017859,65.26711078940073
STU_017860,81.08947187177841
STU_017861,84.56750825038725
STU_017862,68.10884399742797
STU_017863,89.83293666404045
STU_017864,78.65112408432309
STU_017865,69.53702225517875
STU_017866,79.48061872785144
STU_017867,64.90723019147975
STU_017868,98.228519309229
STU_017869,62.75180353941296
STU_017870,81.91872749856023
STU_017871,97.57377834933213
STU_017872,70.931979208603
STU_017873,95.04926556555712
STU_017874,79.16722524356706
STU_017875,72.23048943532253
STU_017876,68.87009218316042
STU_017877,49.569661563666564
STU_017878,93.09045217163117
STU_017879,53.7695010831578
STU_017880,94.04728904245468
STU_017881,71.7573142999109
STU_017882,73.30278248423636
STU_017883,93.21699508936406
STU_017884,61.93596494954935
STU_017885,66.07229141679812
STU_017886,79.29985274887726
STU_017887,54.58372999051805
STU_017888,64.01066365619405
STU_017889,99.77082833584585
STU_017890,99.65216759847982
STU_017891,77.87786460573308
STU_017892,52.46323375967624
STU_017893,83.32228488043778
STU_017894,61.04970250563251
STU_017895,69.14610539072137
STU_017896,77.23028593738816
STU_017897,60.219027422729354
STU_017898,85.83692106705129
STU_017899,81.21285903647093
STU_017900,70.56595406394912
STU_017901,90.67003337734072
STU_017902,66.67682419776274
STU_017903,70.84660371836024
STU_017904,80.25737396326603
STU_017905,76.64675407373785
STU_017906,72.61622791932881
STU_017907,76.00133693156823
STU_017908,68.20567723291524
STU_017909,70.06121895413942
STU_017910,72.51416553939092
STU_017911,59.172554748165794
STU_017912,94.5608678839531
STU_017913,91.72216638970512
STU_017914,67.33049610910017
STU_017915,71.48404180367407
STU_017916,77.5777948116557
STU_017917,81.24651321721099
STU_017918,81.26211431364214
STU_017919,90.55444166213617
STU_017920,79.94342577816155
STU_017921,83.78247426791476
STU_017922,76.55021136767311
STU_017923,66.85532777322379
STU_017924,74.77089708820301
STU_017925,70.65174320455877
STU_017926,74.66241389071166
STU_017927,99.67298979695244
STU_017928,86.62581741428136
STU_017929,87.93320598057275
STU_017930,78.16948430043607
STU_017931,60.72286809859984
STU_017932,98.69003298573088
STU_017933,98.00498825204593
STU_017934,91.06413572724381
STU_017935,81.67574909631041
STU_017936,54.86694998272413
STU_017937,82.79515575058447
STU_017938,64.30568065257376
STU_017939,90.02374360070897
STU_017940,75.5267659204626
STU_017941,68.8678967187026
STU_017942,71.20754860179441
STU_017943,53.32998750310112
STU_017944,64.4302458469587
STU_017945,88.99046486465299
STU_017946,61.71367651591754
STU_017947,59.695616117371976
STU_017948,77.31698107975802
STU_017949,55.25978432633997
STU_017950,53.899356761929766
STU_017951,65.24902598243531
STU_017952,93.91597302715506
STU_017953,71.73070590659121
STU_017954,99.48262138162042
STU_017955,66.49093291057842
STU_017956,71.23096112984217
STU_017957,66.66745419784809
STU_017958,47.06555180056952
STU_017959,86.54625219630961
STU_017960,81.9257680016427
STU_017961,90.87750396344622
STU_017962,58.88006789642778
STU_017963,63.00867802996146
STU_017964,48.16737839837666
STU_017965,97.34475075793321
STU_017966,75.1233653524896
STU_017967,77.1515530779635
STU_017968,97.89281605102057
STU_017969,76.15854845458534
STU_017970,50.59014739464655
STU_017971,56.814733314398495
STU_017972,70.34708627226232
STU_017973,66.34254769294105
STU_017974,82.52201482344573
STU_017975,62.626700860966224
STU_017976,69.25998078342015
STU_017977,91.80406985433997
STU_017978,66.11814290017197
STU_017979,70.27558695960772
STU_017980,59.695262370506796
STU_017981,96.5249759791886
STU_017982,68.1855385959503
STU_017983,81.63737024968516
STU_017984,69.72539528347738
STU_017985,64.65515155576527
STU_017986,66.57983539317077
STU_017987,79.68750584871209
STU_017988,61.54541508131822
STU_017989,77.07820581980315
STU_017990,72.70800727931989
STU_017991,78.88490678293137
STU_017992,46.02946090433137
STU_017993,98.89102282733697
STU_017994,88.81416220562572
STU_017995,76.56712915928266
STU_017996,58.52487606372774
STU_017997,75.60840704356141
STU_017998,85.22257859265646
STU_017999,88.63413504069632
STU_018000,96.4627967004389
STU_018001,77.49255802953343
STU_018002,50.80950993043638
STU_018003,71.74443147347779
STU_018004,77.28700852281716
STU_018005,75.91363769133041
STU_018006,68.19186497398425
STU_018007,98.74817077034383
STU_018008,91.48208132313681
STU_018009,85.92310724960598
STU_018010,82.61066525907
STU_018011,87.11399594285639
STU_018012,71.15101054091531
STU_018013,84.22878478858901
STU_018014,70.09748408425291
STU_018015,78.66494179218115
STU_018016,80.14493958455
STU_018017,79.71453487132241
STU_018018,97.12460985786575
STU_018019,63.696419332467215
STU_018020,77.82915818155914
STU_018021,67.29717119375785
STU_018022,94.13896333482452
STU_018023,84.14844855640547
STU_018024,43.717373969796135
STU_018025,77.8035806445389
STU_018026,71.30865672711249
STU_018027,82.92339415501029
STU_018028,99.22322386432414
STU_018029,71.27616189542191
STU_018030,89.02098586788459
STU_018031,89.46378139828326
STU_018032,69.77750429097226
STU_018033,91.66809472004809
STU_018034,73.59287939489933
STU_018035,94.84918911443194
STU_018036,76.5567736580497
STU_018037,42.32614340529752
STU_018038,64.78871794836871
STU_018039,83.80163346980636
STU_018040,75.01290985748072
STU_018041,64.21243194907657
STU_018042,64.04152623864368
STU_018043,88.89684581866865
STU_018044,78.15548123069179
STU_018045,75.01888729444296
STU_018046,85.1905892348874
STU_018047,54.02864265133438
STU_018048,98.48551146749371
STU_018049,86.22175810126451
STU_018050,85.0088358058256
STU_018051,62.22266408591901
STU_018052,65.4511504309215
STU_018053,67.48531346281095
STU_018054,43.219926362703035
STU_018055,99.86968685913232
STU_018056,37.650549644705336
STU_018057,62.70556697877039
STU_018058,92.44045392262942
STU_018059,95.50995695560022
STU_018060,62.81087768586537
STU_018061,77.77706327724152
STU_018062,84.88301593031072
STU_018063,72.73612723638362
STU_018064,85.20207363841307
STU_018065,86.75729468746135
STU_018066,92.82539428453
STU_018067,90.62248010035832
STU_018068,80.33024093410295
STU_018069,77.92317785784859
STU_018070,80.81343106953167
STU_018071,96.57970348828337
STU_018072,82.44831736558818
STU_018073,57.747635849319096
STU_018074,74.0406037662832
STU_018075,70.77912836154532
STU_018076,66.49736548432946
STU_018077,54.383642391463965
STU_018078,70.90963497875359
STU_018079,81.61599951916611
STU_018080,89.95878060091957
STU_018081,74.94856371216906
STU_018082,80.02696055669867
STU_018083,95.39348139960616
STU_018084,64.45383265327304
STU_018085,71.50391420363076
STU_018086,87.85561524127831
STU_018087,74.32598031388349
STU_018088,62.833717603679816
STU_018089,55.65610085173816
STU_018090,65.67709086825593
STU_018091,80.7455889262159
STU_018092,70.74514052019737
STU_018093,66.65342259014393
STU_018094,74.59779219754569
STU_018095,79.36431055354167
STU_018096,57.01412681066877
STU_018097,89.4183280087371
STU_018098,63.856732817107826
STU_018099,72.74538145055106
STU_018100,90.84273639230786
STU_018101,79.52539708112431
STU_018102,54.87336097515337
STU_018103,98.05822147881327
STU_018104,59.46717316186636
STU_018105,58.47194221874611
STU_018106,73.60523553216342
STU_018107,77.01165304714495
STU_018108,72.7379285867395
STU_018109,86.74856982863169
STU_018110,76.80269064686587
STU_018111,77.83104427683926
STU_018112,67.6873206410963
STU_018113,56.78388432501913
STU_018114,91.21969022733246
STU_018115,74.11324392238063
STU_018116,63.79154649895356
STU_018117,85.02790624943184
STU_018118,73.3340042950234
STU_018119,96.94024978127402
STU_018120,62.95794564933172
STU_018121,98.70090663351878
STU_018122,79.3370202229793
STU_018123,72.55897596399222
STU_018124,82.53700646657592
STU_018125,68.38227985702645
STU_018126,47.03502676523374
STU_018127,68.29993584346225
STU_018128,48.38715870459325
STU_018129,83.94414876680958
STU_018130,93.35155587550025
STU_018131,73.22096320319602
STU_018132,99.23879137578326
STU_018133,78.74264874462757
STU_018134,99.92672467193982
STU_018135,99.7532097336156
STU_018136,47.60105303291499
STU_018137,64.86415158436402
STU_018138,95.7377651233877
STU_018139,79.23118648701202
STU_018140,49.08776640419176
STU_018141,71.38912063772365
STU_018142,80.62051563603194
STU_018143,57.41968180376077
STU_018144,58.05247851425129
STU_018145,76.01788003390368
STU_018146,53.90249782475753
STU_018147,87.85571573453122
STU_018148,75.67855457038924
STU_018149,62.54895172177574
STU_018150,80.87195507260651
STU_018151,68.57983506556151
STU_018152,56.45498147796812
STU_018153,82.80607490666766
STU_018154,64.96923351538373
STU_018155,91.23500634171134
STU_018156,99.34540419736278
STU_018157,50.90351072619027
STU_018158,64.5191037903925
STU_018159,69.66933269115215
STU_018160,63.89448108547023
STU_018161,85.53034673081426
STU_018162,63.90235128062418
STU_018163,98.72931011283187
STU_018164,73.64986565315755
STU_018165,53.47608925448634
STU_018166,80.86295234686338
STU_018167,73.82268818725615
STU_018168,80.12392225360468
STU_018169,65.70982574921845
STU_018170,47.22977528450666
STU_018171,64.72386806542885
STU_018172,83.86306249979302
STU_018173,68.80049026463644
STU_018174,83.41769404571937
STU_018175,75.49012594060436
STU_018176,80.36031396315997
STU_018177,76.03217615945421
STU_018178,72.70495674558506
STU_018179,66.6095340505207
STU_018180,93.4929972928432
STU_018181,76.70221285038073
STU_018182,74.8341587234401
STU_018183,76.62903777044866
STU_018184,61.41087623764872
STU_018185,61.78644703635626
STU_018186,93.22139468599947
STU_018187,61.46678035548321
STU_018188,88.51812193653575
STU_018189,75.2334402104139
STU_018190,66.84421557170094
STU_018191,80.36901881832193
STU_018192,74.91178880571378
STU_018193,77.35399622685941
STU_018194,73.17266157957236
STU_018195,82.25880314091948
STU_018196,56.07976330320552
STU_018197,90.98928160436232
STU_018198,78.25170796783594
STU_018199,75.0177186823961
STU_018200,86.5865540763817
STU_018201,70.30461811357685
STU_018202,41.84257874449701
STU_018203,79.03884137116246
STU_018204,74.803156826875
STU_018205,68.11790723691243
STU_018206,71.15644212224389
STU_018207,78.91201379377264
STU_018208,79.35778288006597
STU_018209,56.96291580061404
STU_018210,84.69852640492049
STU_018211,99.57603832228885
STU_018212,72.098853278563
STU_018213,54.83027565040211
STU_018214,80.21463179113903
STU_018215,75.21429230531383
STU_018216,77.51723051042492
STU_018217,56.436305589606356
STU_018218,74.76963994383624
STU_018219,85.97310110090454
STU_018220,79.59384692643465
STU_018221,95.54940803304686
STU_018222,89.18770053691993
STU_018223,84.5139683757929
STU_018224,84.95882144388867
STU_018225,72.75902677806666
STU_018226,78.61765667194793
STU_018227,75.93864502255241
STU_018228,80.94648789735746
STU_018229,72.38139705850013
STU_018230,84.24257935868049
STU_018231,72.82204540089187
STU_018232,60.483728662355475
STU_018233,60.758050894247596
STU_018234,93.35020045906653
STU_018235,81.82115558534906
STU_018236,99.28135581277911
STU_018237,55.83647744487469
STU_018238,68.93435424426279
STU_018239,89.11398980470705
STU_018240,56.37897659556732
STU_018241,92.6782293034655
STU_018242,72.41136712434958
STU_018243,79.19611510765783
STU_018244,95.01559511044242
STU_018245,68.50083947170758
STU_018246,72.54030569794139
STU_018247,55.54974132962333
STU_018248,75.79991438322593
STU_018249,70.70146651365876
STU_018250,71.94649545700385
STU_018251,70.89611332438244
STU_018252,92.88901131285803
STU_018253,54.95588375153824
STU_018254,88.29268918733871
STU_018255,74.8477451898824
STU_018256,92.24638249231415
STU_018257,77.51269924914033
STU_018258,82.43568545634753
STU_018259,84.72016013338357
STU_018260,84.67095730814938
STU_018261,73.92636325719673
STU_018262,55.23362006298833
STU_018263,78.38977316060796
STU_018264,78.4424331275997
STU_018265,79.75845427617159
STU_018266,87.96293510670577
STU_018267,71.45362325498007
STU_018268,81.53360142218366
STU_018269,65.95281879958907
STU_018270,64.46781282579744
STU_018271,68.94267269927171
STU_018272,46.99857647628121
STU_018273,98.27129420270688
STU_018274,64.89564502280317
STU_018275,88.11360573412802
STU_018276,85.17521798845414
STU_018277,82.7726207660846
STU_018278,77.43340727174201
STU_018279,53.29211996382966
STU_018280,83.58222526762265
STU_018281,98.36026313799256
STU_018282,71.71100392597145
STU_018283,60.62762166505102
STU_018284,69.67677219200634
STU_018285,92.92906516603544
STU_018286,66.05525061136316
STU_018287,92.26805358170155
STU_018288,64.74444281656315
STU_018289,88.83139540054098
STU_018290,67.8362815031486
STU_018291,71.95395752182695
STU_018292,80.18808439057744
STU_018293,75.50499144436708
STU_018294,83.36299907155046
STU_018295,48.06328991457983
STU_018296,88.5126336058777
STU_018297,77.1821977690588
STU_018298,98.59435095963923
STU_018299,61.392144920566444
STU_018300,84.23994143714786
STU_018301,61.25282587822443
STU_018302,66.66204685258809
STU_018303,99.27285386357673
STU_018304,62.19058239379263
STU_018305,55.561334916062414
STU_018306,60.336280667576524
STU_018307,76.30467107791063
STU_018308,84.48778759900387
STU_018309,69.33192775179593
STU_018310,92.30979169458266
STU_018311,66.75808173459548
STU_018312,71.47051576843859
STU_018313,84.80078537209457
STU_018314,68.51347022256593
STU_018315,96.42554418761073
STU_018316,71.33842038388171
STU_018317,91.08256825379452
STU_018318,56.842103828744946
STU_018319,57.87155138082723
STU_018320,87.22716926150379
STU_018321,90.09800801430949
STU_018322,76.48176107620128
STU_018323,99.90303837014801
STU_018324,57.98769334102878
STU_018325,78.18255394089809
STU_018326,78.55045240524544
STU_018327,85.13955087977297
STU_018328,72.69792489328884
STU_018329,71.8700779051133
STU_018330,50.232824479461875
STU_018331,84.62103774402533
STU_018332,92.969182639644
STU_018333,59.201061553706
STU_018334,86.83172034912403
STU_018335,56.37924466455238
STU_018336,77.56083974134168
STU_018337,69.5613894738319
STU_018338,69.79279761869722
STU_018339,83.30295960835417
STU_018340,87.41361872740148
STU_018341,64.78636007171403
STU_018342,59.06059666155741
STU_018343,59.37341412720595
STU_018344,87.52399379978678
STU_018345,71.70561845969127
STU_018346,70.5100973526563
STU_018347,73.40019794888651
STU_018348,99.23860232065799
STU_018349,78.07378110047873
STU_018350,84.81428134970164
STU_018351,76.59985522028515
STU_018352,87.36497884723202
STU_018353,81.32237443940006
STU_018354,98.70723480000686
STU_018355,70.03550301393031
STU_018356,72.37688685425027
STU_018357,68.64230742246474
STU_018358,77.37263780126582
STU_018359,99.55845968219819
STU_018360,91.95824885387925
STU_018361,45.817677739909826
STU_018362,71.71695034534065
STU_018363,45.21393971897412
STU_018364,91.86474484704358
STU_018365,94.14236739542231
STU_018366,60.13389515454033
STU_018367,80.75401795396641
STU_018368,63.83936459190291
STU_018369,82.46419545831608
STU_018370,56.75386097064321
STU_018371,87.48304212219143
STU_018372,87.47095226264625
STU_018373,58.78587030584077
STU_018374,74.25637376981737
STU_018375,67.16730085238575
STU_018376,80.47603326479702
STU_018377,91.24076694936025
STU_018378,94.24587446280962
STU_018379,51.01158342675587
STU_018380,83.29541057212542
STU_018381,72.17318595930983
STU_018382,90.66690992649634
STU_018383,88.15798551210551
STU_018384,63.205762989010765
STU_018385,97.49484126267416
STU_018386,76.18065073635209
STU_018387,84.02230020737254
STU_018388,96.7155305245121
STU_018389,61.133243205317896
STU_018390,53.117641589643775
STU_018391,76.63476219040062
STU_018392,99.70877948777434
STU_018393,77.54415821924174
STU_018394,80.85926575522811
STU_018395,77.16373576099275
STU_018396,60.99212007430694
STU_018397,67.83956958377358
STU_018398,81.82871020941498
STU_018399,99.83574481607126
STU_018400,71.55458218301803
STU_018401,83.23776058102365
STU_018402,76.3299593514141
STU_018403,88.9239336531997
STU_018404,86.08213151852632
STU_018405,86.76027737471755
STU_018406,66.27623982209138
STU_018407,98.65186658189043
STU_018408,87.59590093734208
STU_018409,59.45886728034634
STU_018410,93.98332089753805
STU_018411,72.19371154686861
STU_018412,74.98251802917027
STU_018413,95.03975265068215
STU_018414,99.54931329115229
STU_018415,73.68436725149651
STU_018416,82.24014182765914
STU_018417,60.44376676135316
STU_018418,95.52953234253467
STU_018419,77.07430093388892
STU_018420,89.14581675026946
STU_018421,93.65497095788494
STU_018422,90.25615460064853
STU_018423,82.78145550260923
STU_018424,58.0977907236682
STU_018425,95.67093875941563
STU_018426,78.25819998761766
STU_018427,83.38651871079976
STU_018428,73.04170508314421
STU_018429,94.13765571429306
STU_018430,62.45048197096803
STU_018431,79.47264560368585
STU_018432,96.20320155487768
STU_018433,71.08246727265366
STU_018434,77.7651083818399
STU_018435,66.311788663318
STU_018436,75.26924432555414
STU_018437,87.95502308816896
STU_018438,64.72665933688013
STU_018439,99.87341220718288
STU_018440,79.14071588441018
STU_018441,71.79199176172789
STU_018442,77.26231956016585
STU_018443,58.61614981691108
STU_018444,68.97621588321395
STU_018445,95.41240950272376
STU_018446,79.40510482410667
STU_018447,93.45430810024367
STU_018448,65.22488715410174
STU_018449,97.92179014314542
STU_018450,69.25552329603818
STU_018451,69.0728549742498
STU_018452,56.471323819418636
STU_018453,66.68850651792795
STU_018454,51.68190747971028
STU_018455,52.105434077897044
STU_018456,74.74194647047095
STU_018457,57.662318328028725
STU_018458,73.8479114538889
STU_018459,59.78402265981465
STU_018460,69.24504850523023
STU_018461,94.6571787591391
STU_018462,53.3764290342892
STU_018463,79.49508792864228
STU_018464,64.08963448996316
STU_018465,81.63585905623
STU_018466,60.44266633050296
STU_018467,87.13205031307571
STU_018468,74.33039726958071
STU_018469,78.34918233959773
STU_018470,89.1475238265505
STU_018471,86.04190338672501
STU_018472,59.079821844313834
STU_018473,81.3136564735646
STU_018474,88.57800297910532
STU_018475,76.13696898267938
STU_018476,77.68546450040421
STU_018477,44.22003348421909
STU_018478,99.84178165789041
STU_018479,91.2624843288026
STU_018480,86.57855979541843
STU_018481,72.40516123099425
STU_018482,63.68752646445638
STU_018483,90.76255385561093
STU_018484,86.23704962931596
STU_018485,66.65313373718567
STU_018486,74.11365279036727
STU_018487,58.635590525443455
STU_018488,78.3495537297554
STU_018489,57.95869440673607
STU_018490,72.12296831239148
STU_018491,83.23085938240874
STU_018492,75.2367753804176
STU_018493,86.00644938086026
STU_018494,78.46873848894549
STU_018495,84.58891862923983
STU_018496,66.96950842052142
STU_018497,93.08575460876432
STU_018498,67.43463985369314
STU_018499,68.26043491597001
STU_018500,77.03006545008418
STU_018501,99.84833722986029
STU_018502,67.64822120646937
STU_018503,45.48196498871129
STU_018504,99.3571850938287
STU_018505,71.77709947381008
STU_018506,81.05867753691962
STU_018507,73.90315785774524
STU_018508,80.9870159094383
STU_018509,58.16444332412867
STU_018510,82.44920433196427
STU_018511,74.79676710762402
STU_018512,83.63648008751781
STU_018513,78.84999813354743
STU_018514,61.10789191888819
STU_018515,65.8246367794387
STU_018516,61.392733632855595
STU_018517,83.21966172308697
STU_018518,59.84542467602658
STU_018519,57.063986891555984
STU_018520,91.64697808648675
STU_018521,73.97147191270878
STU_018522,84.81912279640952
STU_018523,83.9358714673722
STU_018524,91.74875312376025
STU_018525,74.06604337911588
STU_018526,60.307780996970415
STU_018527,87.7331589991197
STU_018528,87.99471345482482
STU_018529,75.74748747090705
STU_018530,75.44597211560969
STU_018531,86.36269152283052
STU_018532,66.57039134106662
STU_018533,68.77514356841073
STU_018534,61.9843392889762
STU_018535,89.63592650390152
STU_018536,99.65534637276085
STU_018537,83.12704811716524
STU_018538,73.09554047097953
STU_018539,58.44722045741071
STU_018540,78.81843101096725
STU_018541,67.37837297874688
STU_018542,94.65380132553805
STU_018543,71.2504140014195
STU_018544,75.51291263077648
STU_018545,69.96748425463376
STU_018546,95.10296505035546
STU_018547,72.89986728524805
STU_018548,92.28674386792133
STU_018549,85.92437089010615
STU_018550,80.66054294864334
STU_018551,72.42367303798889
STU_018552,64.131572923125
STU_018553,65.65702066960512
STU_018554,61.7494416149742
STU_018555,58.15640578953414
STU_018556,81.22492968712959
STU_018557,61.97554999033369
STU_018558,64.98102873853819
STU_018559,67.67372290376461
STU_018560,77.42938274135562
STU_018561,77.87329759607607
STU_018562,81.76829262935973
STU_018563,75.8673416147798
STU_018564,83.37947888850827
STU_018565,62.31683395739381
STU_018566,67.94279974565772
STU_018567,91.42840658506853
STU_018568,82.00275227226227
STU_018569,82.66369450500756
STU_018570,71.66938282433219
STU_018571,89.23018813183258
STU_018572,60.15068635112521
STU_018573,85.25318434685305
STU_018574,73.76142556690785
STU_018575,70.69138511648445
STU_018576,76.4339075516381
STU_018577,68.01951832636533
STU_018578,79.99671488966311
STU_018579,52.04089826024757
STU_018580,99.38046070453026
STU_018581,71.19405495870537
STU_018582,79.87866043768324
STU_018583,95.58177549618854
STU_018584,85.29604337576393
STU_018585,69.89625219824941
STU_018586,92.14280794357816
STU_018587,95.52223981604467
STU_018588,51.97498221665703
STU_018589,83.37989834051417
STU_018590,73.18038218443057
STU_018591,89.56560356015628
STU_018592,43.298258024786925
STU_018593,85.05335098771292
STU_018594,64.72556114959792
STU_018595,73.54901230706866
STU_018596,60.991316439753
STU_018597,73.2915773575316
STU_018598,65.34404757044054
STU_018599,58.265782685835894
STU_018600,84.63769634944545
STU_018601,65.10759253000111
STU_018602,69.1748416514368
STU_018603,70.56739381655186
STU_018604,74.83370092236252
STU_018605,44.96588371158808
STU_018606,70.44334110212097
STU_018607,91.1292989986855
STU_018608,92.82991142224394
STU_018609,87.34084318972633
STU_018610,99.87507471457913
STU_018611,65.55244831282332
STU_018612,74.94896504500119
STU_018613,82.41227256822299
STU_018614,74.84056419634075
STU_018615,54.45194034261761
STU_018616,82.22913871819672
STU_018617,70.93138929053639
STU_018618,63.56213685122837
STU_018619,71.62710023431939
STU_018620,91.43501157823322
STU_018621,57.52599072479347
STU_018622,78.30559347990233
STU_018623,72.06170848224434
STU_018624,78.12583538870604
STU_018625,84.33382983528465
STU_018626,69.17770615759812
STU_018627,71.31968095790164
STU_018628,62.47752510564886
STU_018629,70.00421913113587
STU_018630,62.87159345546438
STU_018631,92.51120069456232
STU_018632,93.40481000728856
STU_018633,70.5305069683581
STU_018634,63.00833187104636
STU_018635,70.89444565757148
STU_018636,80.33641735455113
STU_018637,68.5922377668734
STU_018638,99.23759835978247
STU_018639,91.1165227824213
STU_018640,73.2574908129101
STU_018641,55.11483476569768
STU_018642,81.00283671139746
STU_018643,64.75403664718795
STU_018644,63.88533704542213
STU_018645,94.6983757380316
STU_018646,66.02131191466358
STU_018647,99.36802921259635
STU_018648,53.37693510328931
STU_018649,55.55526072651612
STU_018650,75.25791412616272
STU_018651,64.02594331209458
STU_018652,88.1550836303987
STU_018653,81.40150214039599
STU_018654,81.01805949396649
STU_018655,66.59986705956733
STU_018656,70.28338258530476
STU_018657,90.19437874337991
STU_018658,82.14440486315436
STU_018659,81.83959509528185
STU_018660,73.180261008629
STU_018661,55.927393097506936
STU_018662,64.98852004687839
STU_018663,78.40395422096752
STU_018664,45.783334501942775
STU_018665,67.32448723906583
STU_018666,63.31853347711266
STU_018667,66.16892272828959
STU_018668,49.28086976130179
STU_018669,76.2244040550317
STU_018670,73.09173340327611
STU_018671,60.6506623391127
STU_018672,79.50381661820501
STU_018673,58.78316978966021
STU_018674,66.49308163704168
STU_018675,74.9229834893154
STU_018676,67.29391380253466
STU_018677,69.19894495034272
STU_018678,88.36807861036102
STU_018679,87.71871509112759
STU_018680,60.6966255441924
STU_018681,82.50046528853849
STU_018682,89.89109037651932
STU_018683,75.15575175053289
STU_018684,86.10927588043394
STU_018685,70.93252589361258
STU_018686,86.3148187393426
STU_018687,76.20432775219966
STU_018688,68.01312871464515
STU_018689,86.47999673958083
STU_018690,71.65402572703617
STU_018691,68.06045298589041
STU_018692,74.56228290851634
STU_018693,72.11047414577843
STU_018694,85.73104218607371
STU_018695,79.14055291812807
STU_018696,67.82064801491032
STU_018697,80.36997230578366
STU_018698,92.1067712006701
STU_018699,62.949920511502384
STU_018700,99.96119403338065
STU_018701,69.57366057815841
STU_018702,82.934100112046
STU_018703,72.25110286968965
STU_018704,90.30280643805443
STU_018705,72.02432937892956
STU_018706,92.18253075676432
STU_018707,64.98023277945767
STU_018708,69.5694186196293
STU_018709,96.42535390861879
STU_018710,81.4434148007696
STU_018711,60.67623397328328
STU_018712,92.49341394225276
STU_018713,71.04925313951706
STU_018714,77.41586976872186
STU_018715,99.31179150909738
STU_018716,67.26632356733224
STU_018717,73.68041221470516
STU_018718,63.36856793678496
STU_018719,84.71713655122815
STU_018720,76.28572021335991
STU_018721,90.7209628660993
STU_018722,57.2695195158112
STU_018723,59.706184003498706
STU_018724,69.18401147368066
STU_018725,77.84882392177607
STU_018726,70.00156687073566
STU_018727,86.05050361910719
STU_018728,75.39407216412044
STU_018729,92.3222986090307
STU_018730,85.03511954763411
STU_018731,64.45915705617278
STU_018732,76.09094701484533
STU_018733,94.00384457102768
STU_018734,75.23335849240515
STU_018735,76.43845879733792
STU_018736,61.2793288126116
STU_018737,75.22115174076974
STU_018738,73.73015756620596
STU_018739,79.01948960650104
STU_018740,68.7000876694679
STU_018741,47.47867751985429
STU_018742,96.95157002111112
STU_018743,62.626177703180936
STU_018744,99.66897402269096
STU_018745,77.09611369043627
STU_018746,67.95086852956949
STU_018747,90.42209450573483
STU_018748,54.80320770143155
STU_018749,57.53491631283802
STU_018750,84.74280055306811
STU_018751,88.12719575810067
STU_018752,58.252854459871834
STU_018753,60.72668418630662
STU_018754,92.59710226916643
STU_018755,90.38793374265212
STU_018756,70.53826724354664
STU_018757,88.90345690009828
STU_018758,89.5815122891715
STU_018759,94.89569903918674
STU_018760,70.20436954117037
STU_018761,72.21105267044354
STU_018762,81.64453905901243
STU_018763,65.1484780634886
STU_018764,82.98762346662691
STU_018765,77.45362649690405
STU_018766,64.73302254260811
STU_018767,85.03629544687365
STU_018768,75.10872879412683
STU_018769,50.61849155204068
STU_018770,83.52474794715785
STU_018771,69.48318346565463
STU_018772,92.82609326455041
STU_018773,78.53723291107336
STU_018774,61.59032022631604
STU_018775,82.31539924305105
STU_018776,86.24623799900341
STU_018777,52.42482588277201
STU_018778,99.02038879544229
STU_018779,91.98163697965727
STU_018780,62.37882392480774
STU_018781,93.15292290659289
STU_018782,97.57279156190403
STU_018783,83.0015120980391
STU_018784,80.51650356280432
STU_018785,83.73406742549872
STU_018786,76.80475960748068
STU_018787,54.8735906763075
STU_018788,65.83758219659903
STU_018789,73.581270269661
STU_018790,90.31845959298303
STU_018791,72.57655249152218
STU_018792,60.86395515660415
STU_018793,63.34202133332129
STU_018794,62.01603528726257
STU_018795,96.48972672299278
STU_018796,56.435671132779156
STU_018797,64.24121347452837
STU_018798,63.79162758661164
STU_018799,82.03574081893562
STU_018800,85.93241672549046
STU_018801,85.46269811873076
STU_018802,67.14867218363453
STU_018803,68.14910716037511
STU_018804,55.38598682438757
STU_018805,65.10935766867387
STU_018806,82.83917846159561
STU_018807,75.3207568511814
STU_018808,61.97699516584585
STU_018809,85.77140103223746
STU_018810,80.68035335385034
STU_018811,51.267818987578906
STU_018812,84.27914572836947
STU_018813,71.1269347311596
STU_018814,45.055492858450464
STU_018815,85.48650002802309
STU_018816,66.67998714503459
STU_018817,67.73869577359774
STU_018818,87.03268162907294
STU_018819,70.30602116127349
STU_018820,91.97551697206569
STU_018821,80.92016965534253
STU_018822,75.69149639575969
STU_018823,97.24142778631106
STU_018824,65.99903048373773
STU_018825,71.93945123257367
STU_018826,70.98427812808146
STU_018827,73.35653017167299
STU_018828,69.70641123722802
STU_018829,57.63554628835196
STU_018830,86.18995050576153
STU_018831,88.94088172398132
STU_018832,83.204938053466
STU_018833,59.67445006138937
STU_018834,52.72123784488363
STU_018835,64.29189834428709
STU_018836,82.2414440619287
STU_018837,71.26585203068724
STU_018838,62.094918408553106
STU_018839,87.21214790271888
STU_018840,84.08545141880325
STU_018841,89.19523868904015
STU_018842,77.4677709727999
STU_018843,75.90024878402433
STU_018844,68.55785696558564
STU_018845,81.14150006311625
STU_018846,99.28115455370627
STU_018847,98.30681526509386
STU_018848,78.36102633218488
STU_018849,69.65299152710121
STU_018850,75.2403971170041
STU_018851,61.9829497820422
STU_018852,54.80546456682703
STU_018853,63.94483592146283
STU_018854,73.56070997232962
STU_018855,77.57040295697433
STU_018856,63.70813120103517
STU_018857,88.78705870548251
STU_018858,82.95470930987952
STU_018859,94.96678778866115
STU_018860,72.54563170118297
STU_018861,76.89574464226271
STU_018862,95.30185434203808
STU_018863,68.24089991257387
STU_018864,61.68477105818918
STU_018865,77.88086125015738
STU_018866,75.19101760748183
STU_018867,65.99158025922533
STU_018868,78.82216459357332
STU_018869,73.95821320402241
STU_018870,89.18500838210561
STU_018871,97.34576530928291
STU_018872,81.97841158018957
STU_018873,73.65873153171017
STU_018874,88.22673141314165
STU_018875,98.98324752450202
STU_018876,66.48064038837353
STU_018877,60.4657903151602
STU_018878,94.32894259025063
STU_018879,85.18275812767602
STU_018880,77.37586886387842
STU_018881,64.22127935847256
STU_018882,72.76129367989392
STU_018883,74.07447379601288
STU_018884,92.93100770747883
STU_018885,57.195772785432496
STU_018886,89.18040316371746
STU_018887,66.06350503387215
STU_018888,89.8084755596794
STU_018889,60.28239985103386
STU_018890,44.5825075972849
STU_018891,72.868811310392
STU_018892,79.3902522169478
STU_018893,82.25702679103978
STU_018894,98.66020181370786
STU_018895,76.34307359519076
STU_018896,85.94490584001461
STU_018897,71.71513322257267
STU_018898,67.49279428304995
STU_018899,68.9277747613857
STU_018900,74.2259299564274
STU_018901,80.88338821942183
STU_018902,96.00379482833411
STU_018903,86.91900456420937
STU_018904,78.83489038364795
STU_018905,65.05838189464959
STU_018906,79.65586821340753
STU_018907,74.12880589818137
STU_018908,69.99255846137956
STU_018909,77.26178929244611
STU_018910,69.9757968273868
STU_018911,58.95577429142145
STU_018912,85.09250895595238
STU_018913,67.12423377089847
STU_018914,70.06570586577494
STU_018915,80.64998587983828
STU_018916,61.67516175198419
STU_018917,83.48873440330637
STU_018918,91.63354923570002
STU_018919,79.21768133366103
STU_018920,56.619274558599756
STU_018921,73.16515160619797
STU_018922,64.84004204974444
STU_018923,99.40999013561844
STU_018924,65.95828656570158
STU_018925,72.81268236607002
STU_018926,82.64109783228356
STU_018927,75.16722400434966
STU_018928,71.63408099736662
STU_018929,72.13302356473395
STU_018930,56.29668611692482
STU_018931,62.52787374570923
STU_018932,48.91653392876695
STU_018933,73.46057195389666
STU_018934,79.38493355336537
STU_018935,69.27295042038281
STU_018936,71.206735808885
STU_018937,86.55945368277767
STU_018938,84.00937246341026
STU_018939,67.97242651484282
STU_018940,81.80799864227035
STU_018941,88.63025756483228
STU_018942,56.718881665254
STU_018943,77.86650632276434
STU_018944,75.29579543321198
STU_018945,78.17036021232525
STU_018946,81.54214176767442
STU_018947,69.43474319509612
STU_018948,69.94980279843853
STU_018949,71.50346555982564
STU_018950,84.11634355581396
STU_018951,67.04573806690037
STU_018952,63.04281428916456
STU_018953,72.63257963871479
STU_018954,78.57567988972248
STU_018955,77.78023190971204
STU_018956,57.405533211772955
STU_018957,74.98910848395846
STU_018958,83.88392462669827
STU_018959,80.14195138048727
STU_018960,74.603512784703
STU_018961,66.65848177382365
STU_018962,79.40618853482452
STU_018963,91.95781321321412
STU_018964,67.20947052871617
STU_018965,87.5447463561794
STU_018966,94.23222602575937
STU_018967,95.03555212665687
STU_018968,76.58064949433499
STU_018969,76.92245487849159
STU_018970,89.68063313490691
STU_018971,61.350944906654675
STU_018972,77.96452597887564
STU_018973,87.31277428867871
STU_018974,60.3220738784115
STU_018975,86.57191922056968
STU_018976,73.75405618633336
STU_018977,89.5741939623841
STU_018978,84.75997465422076
STU_018979,57.54389189389708
STU_018980,75.80830513257239
STU_018981,55.01440622815504
STU_018982,78.24751261845007
STU_018983,74.69216038718889
STU_018984,72.18117769148915
STU_018985,75.96147817929705
STU_018986,80.54014374596953
STU_018987,81.55180591549708
STU_018988,70.89410620983796
STU_018989,82.90771416296654
STU_018990,84.07315641670729
STU_018991,63.84258635145512
STU_018992,81.60102611379492
STU_018993,81.23077537590298
STU_018994,85.51928353605665
STU_018995,94.88932252126425
STU_018996,63.76421533035742
STU_018997,71.56371731553263
STU_018998,77.85001747602018
STU_018999,92.41472728520266
STU_019000,74.6093036708705
STU_019001,60.56617623904311
STU_019002,75.0384886603162
STU_019003,92.41767199423039
STU_019004,79.67770725459634
STU_019005,95.54668771246408
STU_019006,93.66735873768303
STU_019007,99.91693314000501
STU_019008,76.3208584067203
STU_019009,99.61666511681761
STU_019010,45.974742328861865
STU_019011,79.92879355338309
STU_019012,74.43851203813925
STU_019013,58.664549474387265
STU_019014,99.9117216557213
STU_019015,52.80471314616319
STU_019016,63.77077719932876
STU_019017,96.29320713766785
STU_019018,73.20377311282293
STU_019019,72.60455515596018
STU_019020,98.40221642815898
STU_019021,46.48116776383468
STU_019022,73.14957726354734
STU_019023,89.43811497840971
STU_019024,75.68332055615446
STU_019025,95.40151787644118
STU_019026,98.8627481198196
STU_019027,76.98245051245291
STU_019028,57.99849781526119
STU_019029,60.33318628366932
STU_019030,72.11548064655685
STU_019031,81.79359154934029
STU_019032,82.67033578103526
STU_019033,77.40691782558281
STU_019034,68.52669384305908
STU_019035,83.43059843617083
STU_019036,94.30680937274678
STU_019037,86.28457937495142
STU_019038,67.13313896543838
STU_019039,82.31041370091447
STU_019040,72.02281539770068
STU_019041,78.36887386075871
STU_019042,79.76335732001868
STU_019043,86.25080605142095
STU_019044,85.41606229350478
STU_019045,75.27004614431807
STU_019046,62.84072838734626
STU_019047,47.60095723822398
STU_019048,86.0922717548764
STU_019049,55.25724414757066
STU_019050,88.03876857729522
STU_019051,62.509526557133
STU_019052,72.40760042861442
STU_019053,77.80599476809829
STU_019054,72.03580857305738
STU_019055,49.16218586771138
STU_019056,83.9760196338056
STU_019057,79.59821171370163
STU_019058,83.28644377592371
STU_019059,48.61377715291338
STU_019060,65.89343400346245
STU_019061,49.86297888970266
STU_019062,87.08040458629132
STU_019063,73.28430883761978
STU_019064,61.85508931468325
STU_019065,96.00908199715724
STU_019066,60.33354897026173
STU_019067,80.10637889693278
STU_019068,65.31217146144833
STU_019069,59.83963447663902
STU_019070,73.16775097278288
STU_019071,63.97625912801418
STU_019072,99.70050389147018
STU_019073,62.35685445866808
STU_019074,66.40765601653817
STU_019075,60.93719647186536
STU_019076,58.991993928835726
STU_019077,96.85176421529252
STU_019078,95.80745197349923
STU_019079,89.54146613026363
STU_019080,55.19120704264739
STU_019081,83.66797869089233
STU_019082,86.62783084626531
STU_019083,60.822841758118095
STU_019084,55.394733688172934
STU_019085,59.78427294760847
STU_019086,50.428212311617784
STU_019087,76.52045887569018
STU_019088,72.27758631797245
STU_019089,86.67813581471519
STU_019090,92.61217558317615
STU_019091,79.36968578643861
STU_019092,86.12358128608342
STU_019093,73.4608753419453
STU_019094,84.9089316479964
STU_019095,75.65195526942429
STU_019096,81.9976544952624
STU_019097,84.98712181424281
STU_019098,57.979661376635164
STU_019099,66.86976203168642
STU_019100,70.47133503164055
STU_019101,60.645157731919554
STU_019102,75.82391046160595
STU_019103,86.674057252946
STU_019104,64.20482594152129
STU_019105,65.5569627330975
STU_019106,61.01079483235968
STU_019107,88.22973369078656
STU_019108,70.37550952861703
STU_019109,99.15750167775823
STU_019110,94.9854367524362
STU_019111,76.31146287618317
STU_019112,99.45553517708736
STU_019113,82.70517908075536
STU_019114,97.98786762108912
STU_019115,85.70573002795925
STU_019116,86.90119137514463
STU_019117,61.367526120392796
STU_019118,79.62395704560522
STU_019119,74.22857096340431
STU_019120,62.858742954795645
STU_019121,95.37282995873295
STU_019122,82.49234230398453
STU_019123,67.60181916968637
STU_019124,96.28677679453907
STU_019125,73.06231848003047
STU_019126,72.7202633235395
STU_019127,73.18165402153227
STU_019128,90.45246322478172
STU_019129,60.192113767206706
STU_019130,59.20166821269044
STU_019131,80.71182839847265
STU_019132,89.16029935957764
STU_019133,54.80671568611822
STU_019134,65.63682608466063
STU_019135,99.06226850946017
STU_019136,92.89309927285102
STU_019137,60.08911801390558
STU_019138,89.11348091317385
STU_019139,89.33517605480407
STU_019140,82.37046595078235
STU_019141,95.62576233431189
STU_019142,83.91256161202487
STU_019143,78.00722547585488
STU_019144,76.5607036904014
STU_019145,66.58855205182867
STU_019146,93.29171973955336
STU_019147,71.58991402284568
STU_019148,97.93232751601874
STU_019149,76.94070908430169
STU_019150,77.88633904586469
STU_019151,96.44277728499685
STU_019152,45.937393002880945
STU_019153,66.22520426515281
STU_019154,92.69131974697079
STU_019155,99.80117352393665
STU_019156,83.01453707709138
STU_019157,92.5632271513292
STU_019158,51.08781498015371
STU_019159,69.63998954408643
STU_019160,63.15742920910757
STU_019161,60.16881768539823
STU_019162,61.53894111896314
STU_019163,72.67016216543097
STU_019164,71.25164412347377
STU_019165,74.66248988164499
STU_019166,94.73591661005123
STU_019167,90.22930248721904
STU_019168,84.18541494984831
STU_019169,73.56959665261726
STU_019170,85.42627961206773
STU_019171,74.17500890955236
STU_019172,81.43034673630054
STU_019173,81.93893709096267
STU_019174,59.24614677990509
STU_019175,73.97409915361447
STU_019176,76.06154337532756
STU_019177,97.3242245287986
STU_019178,36.75914887255894
STU_019179,78.58648222025487
STU_019180,74.87810959989858
STU_019181,95.10761937237994
STU_019182,56.85890716605229
STU_019183,95.31903184786768
STU_019184,89.42720954382146
STU_019185,94.43602719189172
STU_019186,98.19472605515388
STU_019187,73.02681134390997
STU_019188,99.03705307731192
STU_019189,89.6748937772033
STU_019190,73.61940125243552
STU_019191,64.43158577502567
STU_019192,98.450261221163
STU_019193,66.96060198450267
STU_019194,73.28692731463342
STU_019195,82.39352161087854
STU_019196,82.60777730437485
STU_019197,92.17686500954797
STU_019198,73.57881506660213
STU_019199,99.60992100387698
STU_019200,66.27881053279671
STU_019201,89.45346879481001
STU_019202,79.08649345185553
STU_019203,54.072187847723015
STU_019204,62.49903245731976
STU_019205,81.68505752557718
STU_019206,46.92434769809827
STU_019207,67.89713066305424
STU_019208,70.75801040693598
STU_019209,74.16908804450725
STU_019210,59.678952577309865
STU_019211,65.23461052104174
STU_019212,70.34498144001296
STU_019213,69.9179414657399
STU_019214,74.01947301198199
STU_019215,98.77313862920462
STU_019216,66.14593386889693
STU_019217,72.91391657851787
STU_019218,51.066554148340316
STU_019219,80.69204691248683
STU_019220,73.24487469212593
STU_019221,63.73740278193594
STU_019222,82.60221602864279
STU_019223,75.37790964407124
STU_019224,95.63503896978683
STU_019225,54.21063270472581
STU_019226,56.22517028180664
STU_019227,64.57384599672979
STU_019228,59.740751898210526
STU_019229,76.31496274539802
STU_019230,65.8846116485791
STU_019231,88.91841071555604
STU_019232,91.11733629408265
STU_019233,57.92529517822269
STU_019234,66.10912768213699
STU_019235,80.19928805215945
STU_019236,77.87355006852961
STU_019237,76.0144702055492
STU_019238,74.38134326009323
STU_019239,85.09749435994735
STU_019240,82.2664211364479
STU_019241,95.86779736126302
STU_019242,68.30992072003282
STU_019243,88.0060177716272
STU_019244,76.22284410892483
STU_019245,52.418483718260354
STU_019246,58.75975047330977
STU_019247,94.65830308691501
STU_019248,84.31270020215226
STU_019249,95.76251818783122
STU_019250,60.16771210458985
STU_019251,95.0863341034268
STU_019252,72.24656065697835
STU_019253,61.807352233747885
STU_019254,47.49269284082058
STU_019255,65.92249251483821
STU_019256,93.44500770429524
STU_019257,64.09841153822032
STU_019258,51.54206376316142
STU_019259,71.61462566309598
STU_019260,81.45500540899052
STU_019261,68.13738364886305
STU_019262,86.58693002564048
STU_019263,72.64958249468638
STU_019264,71.78245954687078
STU_019265,88.74548129775103
STU_019266,83.38860406275273
STU_019267,55.51883097638087
STU_019268,69.66086475127975
STU_019269,79.80827047501259
STU_019270,87.2528983824358
STU_019271,52.95472261289629
STU_019272,66.48771372836434
STU_019273,97.84821461837473
STU_019274,99.51615952890657
STU_019275,99.38519993457717
STU_019276,58.10627312404522
STU_019277,98.60898569370215
STU_019278,85.84697412134861
STU_019279,75.49992584202467
STU_019280,63.67675357942231
STU_019281,86.80774222067974
STU_019282,61.23286397362254
STU_019283,99.7616307721368
STU_019284,82.38534818780276
STU_019285,76.08296808608246
STU_019286,93.12888579204969
STU_019287,76.31073038943654
STU_019288,62.87879762416975
STU_019289,89.3063968591384
STU_019290,80.5818790232509
STU_019291,74.5191214758634
STU_019292,80.07663593453924
STU_019293,64.18643773110891
STU_019294,75.26342715467877
STU_019295,61.93914445017009
STU_019296,66.61479387786689
STU_019297,79.975294841572
STU_019298,88.98171224678448
STU_019299,92.00065977362742
STU_019300,80.9079106669675
STU_019301,69.60260314561012
STU_019302,82.76721767811648
STU_019303,66.26467561522027
STU_019304,92.91295600885317
STU_019305,69.51423844567344
STU_019306,56.430157711530306
STU_019307,61.825164200361584
STU_019308,51.22822734257388
STU_019309,69.52290928367043
STU_019310,92.45644455781317
STU_019311,88.44288400431589
STU_019312,69.33263579606103
STU_019313,84.48624763182302
STU_019314,86.37694321654324
STU_019315,72.90338010313792
STU_019316,92.66969590309391
STU_019317,74.52721843181487
STU_019318,83.01548670754445
STU_019319,88.63865171942871
STU_019320,98.99539071505696
STU_019321,73.58901527509975
STU_019322,87.58002393395122
STU_019323,70.84147887938433
STU_019324,91.85249327398832
STU_019325,73.65869897258652
STU_019326,95.11291764153579
STU_019327,94.9675139402718
STU_019328,94.7433904894826
STU_019329,90.73136772588902
STU_019330,77.30302597787356
STU_019331,72.49279122972908
STU_019332,70.56888383458195
STU_019333,86.84383304228685
STU_019334,60.24243991052127
STU_019335,66.40631474741147
STU_019336,67.11714533655218
STU_019337,97.46685080753161
STU_019338,63.62861534886884
STU_019339,89.90692890146671
STU_019340,98.924960286581
STU_019341,74.91474105733512
STU_019342,60.95161647004957
STU_019343,70.5958407176863
STU_019344,64.40394607230333
STU_019345,66.78244108171893
STU_019346,75.04174001044228
STU_019347,52.42877650824225
STU_019348,92.62061389770693
STU_019349,81.30000517038958
STU_019350,58.59744559154139
STU_019351,91.35581381713762
STU_019352,81.15193401709948
STU_019353,84.86885515355692
STU_019354,68.20671217444523
STU_019355,76.26054106849114
STU_019356,56.63544095494689
STU_019357,58.49550715720051
STU_019358,77.58215858260282
STU_019359,85.03822067742702
STU_019360,61.726709738580006
STU_019361,85.20025330587218
STU_019362,58.81206504160548
STU_019363,69.59230229130289
STU_019364,73.78119662552697
STU_019365,89.0407967918292
STU_019366,96.57305680643651
STU_019367,99.87066407539275
STU_019368,75.65039364828723
STU_019369,76.86220508100882
STU_019370,71.23412305350904
STU_019371,82.56949675496129
STU_019372,69.35671017045445
STU_019373,61.237842489894994
STU_019374,67.35184898038356
STU_019375,81.67289115623703
STU_019376,94.61005067582646
STU_019377,92.13045354585174
STU_019378,66.88343304836502
STU_019379,54.50307469633521
STU_019380,90.36243203876926
STU_019381,64.96467311469591
STU_019382,66.98616446688592
STU_019383,84.69530191906385
STU_019384,62.96270843530416
STU_019385,84.47413146810524
STU_019386,68.13490041431632
STU_019387,56.73362552358351
STU_019388,66.0964723578784
STU_019389,99.18874968621907
STU_019390,43.25845185639041
STU_019391,78.08076108494383
STU_019392,78.22618448590214
STU_019393,75.7071456966029
STU_019394,72.96393882083044
STU_019395,78.73104581028964
STU_019396,98.06843590365239
STU_019397,72.13510275390183
STU_019398,57.05037145219732
STU_019399,56.88661610399089
STU_019400,95.89879490068608
STU_019401,64.44173770847281
STU_019402,63.67635530151576
STU_019403,85.62257777120703
STU_019404,87.05957754238523
STU_019405,78.22310664006672
STU_019406,73.81375213301722
STU_019407,63.38517820071474
STU_019408,81.90089674636805
STU_019409,74.66372375817402
STU_019410,71.82248840084954
STU_019411,86.24945209902717
STU_019412,57.7950876032196
STU_019413,73.62115712969052
STU_019414,70.74308484854599
STU_019415,85.36240751715546
STU_019416,81.38292061593592
STU_019417,92.03382127989522
STU_019418,92.94181447750836
STU_019419,71.35966036794757
STU_019420,72.12136901237544
STU_019421,83.55688852854986
STU_019422,79.0496197141016
STU_019423,73.24419585896068
STU_019424,94.81111615406209
STU_019425,61.44359759193373
STU_019426,79.79807514141739
STU_019427,86.56804689110162
STU_019428,93.03352519198461
STU_019429,69.65847242629215
STU_019430,83.48673238263346
STU_019431,50.26320813725796
STU_019432,77.20264969264076
STU_019433,61.80909871967416
STU_019434,52.55448963158869
STU_019435,98.27754140539153
STU_019436,58.853651034434414
STU_019437,95.5555675497578
STU_019438,82.48314570437772
STU_019439,54.191538675890186
STU_019440,66.74871367338238
STU_019441,80.94374109770784
STU_019442,74.34810847271702
STU_019443,59.46400199364968
STU_019444,96.5656574301758
STU_019445,91.28687415187575
STU_019446,49.0374497497189
STU_019447,77.41465757472646
STU_019448,68.75330885384054
STU_019449,60.55256194653701
STU_019450,69.79325348109475
STU_019451,67.98125160229863
STU_019452,84.83316584156975
STU_019453,81.65152574262623
STU_019454,72.65931900854721
STU_019455,70.56589867898472
STU_019456,70.18363575983655
STU_019457,65.9800994525846
STU_019458,69.67639823428092
STU_019459,62.19402248907
STU_019460,89.2137415131426
STU_019461,94.75825121863826
STU_019462,99.123766888976
STU_019463,66.82155426182369
STU_019464,76.11004599080971
STU_019465,66.36161866352234
STU_019466,68.44104588876834
STU_019467,71.69708739180292
STU_019468,86.00471294229095
STU_019469,73.23065193364744
STU_019470,93.31138188726084
STU_019471,98.05285962556137
STU_019472,86.5748828710852
STU_019473,90.49111807069492
STU_019474,64.08711591776672
STU_019475,60.39402123885504
STU_019476,94.50572477821022
STU_019477,65.47005581761523
STU_019478,71.31350086552011
STU_019479,72.14572658368624
STU_019480,92.40237087592313
STU_019481,68.32352767584848
STU_019482,70.87289445193744
STU_019483,70.74118866774958
STU_019484,82.99290395273215
STU_019485,57.94125668056963
STU_019486,38.000622576354544
STU_019487,67.06493735833952
STU_019488,93.88604005172189
STU_019489,63.920019423087226
STU_019490,74.76950591510487
STU_019491,58.52637726172284
STU_019492,73.59009559079794
STU_019493,62.507190628402974
STU_019494,61.032537383481504
STU_019495,93.71587803200731
STU_019496,93.85988654485392
STU_019497,53.39203013815334
STU_019498,90.36581892420385
STU_019499,91.65709840796555
STU_019500,88.66251472813175
STU_019501,85.33529310980236
STU_019502,62.32304550384885
STU_019503,69.30848844213222
STU_019504,95.17625090513951
STU_019505,60.01807235347417
STU_019506,80.29287283232763
STU_019507,90.86936320911809
STU_019508,96.8776671663403
STU_019509,97.68270578709698
STU_019510,91.5814505865536
STU_019511,54.48361949597771
STU_019512,80.28475251749666
STU_019513,65.73349680936862
STU_019514,56.46816915553363
STU_019515,61.81751438942374
STU_019516,84.80246588026561
STU_019517,63.20051315502262
STU_019518,65.95143484155328
STU_019519,67.17026113641566
STU_019520,83.61862765651854
STU_019521,64.82786160060084
STU_019522,74.13934939201206
STU_019523,95.66815107725637
STU_019524,81.41275906077719
STU_019525,87.12002676623324
STU_019526,73.21458464603352
STU_019527,73.31340965125925
STU_019528,70.95483249576742
STU_019529,90.85077178420691
STU_019530,94.15676330855175
STU_019531,91.659425362515
STU_019532,44.309480040415124
STU_019533,77.04890861877846
STU_019534,72.08982836206734
STU_019535,70.83801279228446
STU_019536,64.68446010487061
STU_019537,52.407523125084566
STU_019538,74.23791265906037
STU_019539,67.9033242511871
STU_019540,59.97811759713086
STU_019541,77.59034069917968
STU_019542,99.64847447054719
STU_019543,99.85727626220341
STU_019544,72.86942261224877
STU_019545,88.70331333742146
STU_019546,55.75901549768213
STU_019547,66.74826388232798
STU_019548,88.34006251378096
STU_019549,89.33133750779643
STU_019550,96.58427048578338
STU_019551,79.09178167086174
STU_019552,70.02871317693794
STU_019553,73.50025125755535
STU_019554,62.27668103301632
STU_019555,99.67515194119964
STU_019556,71.92670862383086
STU_019557,99.31083266863763
STU_019558,56.51130150918175
STU_019559,87.63215472181305
STU_019560,76.07758485562957
STU_019561,42.12341548287471
STU_019562,95.31510808192681
STU_019563,73.81384692394437
STU_019564,68.16868325215259
STU_019565,60.199878153851174
STU_019566,81.23558510014075
STU_019567,83.08980190253608
STU_019568,68.97864753252081
STU_019569,64.58360180418433
STU_019570,70.37742862718585
STU_019571,45.91899806855793
STU_019572,65.31640675644594
STU_019573,69.32540310879152
STU_019574,79.29465662640199
STU_019575,80.28403160207905
STU_019576,93.45988080882374
STU_019577,65.60358405586751
STU_019578,64.0647726673212
STU_019579,71.13068885273493
STU_019580,66.83872010601145
STU_019581,99.47215780901097
STU_019582,74.42898018756533
STU_019583,70.88248297070312
STU_019584,65.9229506435751
STU_019585,84.02198003394024
STU_019586,73.03775686012159
STU_019587,91.33219080007419
STU_019588,78.44273985602076
STU_019589,64.08444033532831
STU_019590,99.3396799720931
STU_019591,92.27390940578827
STU_019592,71.806078090994
STU_019593,67.07307109327549
STU_019594,94.9833658841202
STU_019595,74.67443077601048
STU_019596,95.53756861689136
STU_019597,69.33626250138487
STU_019598,76.82118551076616
STU_019599,66.60949149786862
STU_019600,99.16438616889002
STU_019601,80.34831395807582
STU_019602,76.98875891293382
STU_019603,95.77625716386444
STU_019604,93.25917816938934
STU_019605,74.47367697291413
STU_019606,83.76399174277327
STU_019607,58.69609175931191
STU_019608,72.45276438215198
STU_019609,91.01355239262222
STU_019610,60.667457772542406
STU_019611,68.3768948495275
STU_019612,58.01208397952535
STU_019613,56.26793066974995
STU_019614,63.05923001387228
STU_019615,94.43758819480793
STU_019616,67.69699631047716
STU_019617,76.1301286911061
STU_019618,61.5080933385963
STU_019619,87.7323778672546
STU_019620,75.15286492840467
STU_019621,73.54257453955782
STU_019622,79.46123810498467
STU_019623,72.86461206741805
STU_019624,98.78565898919811
STU_019625,35.012912605786816
STU_019626,87.22936516765171
STU_019627,94.21504458340719
STU_019628,70.7566777827651
STU_019629,78.86090832635368
STU_019630,95.99418075728367
STU_019631,59.845232733997264
STU_019632,96.07902129230338
STU_019633,91.45516865738468
STU_019634,88.31534989040203
STU_019635,76.54067950393602
STU_019636,62.88805514011821
STU_019637,80.25766868972617
STU_019638,65.50699923690843
STU_019639,66.57636340221228
STU_019640,82.63673709443907
STU_019641,94.02159923435381
STU_019642,78.93903964827707
STU_019643,88.18564749478516
STU_019644,73.3215442575148
STU_019645,73.55789066296106
STU_019646,69.81539442931253
STU_019647,78.35096014420877
STU_019648,55.98202512322991
STU_019649,59.63904816432395
STU_019650,68.60861456121451
STU_019651,73.83023793304638
STU_019652,71.5620996112296
STU_019653,69.11769755773057
STU_019654,53.297251701181956
STU_019655,60.07656302323214
STU_019656,49.669028146840716
STU_019657,75.57954084862494
STU_019658,68.77941710012058
STU_019659,78.34669426505636
STU_019660,68.27189826219944
STU_019661,79.94321533636209
STU_019662,68.77386068983424
STU_019663,76.44200282979894
STU_019664,64.323048218646
STU_019665,88.77264221265546
STU_019666,90.86846613050086
STU_019667,74.07998843176708
STU_019668,53.66191129064103
STU_019669,61.665159087104776
STU_019670,87.12480979400178
STU_019671,52.45526813439524
STU_019672,83.09057311625759
STU_019673,77.09328190535277
STU_019674,80.82975268899088
STU_019675,79.10717356786233
STU_019676,81.47389651531743
STU_019677,87.34343507337437
STU_019678,99.72087408146412
STU_019679,93.06035780432936
STU_019680,84.55688600980936
STU_019681,94.65740297254152
STU_019682,94.49711744019265
STU_019683,68.62612119577257
STU_019684,68.96767982408453
STU_019685,93.7338186076852
STU_019686,84.14769933677809
STU_019687,63.729536869860326
STU_019688,80.08767719744276
STU_019689,65.1799183518223
STU_019690,79.00855581213571
STU_019691,61.995333091484476
STU_019692,55.358515633684235
STU_019693,98.73994046354227
STU_019694,80.05334188489348
STU_019695,56.54354606633798
STU_019696,66.80703014326288
STU_019697,94.16352347602864
STU_019698,93.1105581002059
STU_019699,81.50476686608242
STU_019700,84.51325208671126
STU_019701,74.89602930892859
STU_019702,76.47936355748853
STU_019703,81.38642200753378
STU_019704,75.38752772068763
STU_019705,59.09035557618519
STU_019706,92.48132967724221
STU_019707,59.48670469191779
STU_019708,77.71968742757852
STU_019709,72.07994337299888
STU_019710,62.42683295393181
STU_019711,97.65306566699617
STU_019712,47.652731445815824
STU_019713,92.37228970346129
STU_019714,62.373623236681
STU_019715,88.84840891063816
STU_019716,84.69852387082253
STU_019717,96.75424333220425
STU_019718,68.83260556074772
STU_019719,94.7882318757595
STU_019720,95.3197329372618
STU_019721,54.89849876522574
STU_019722,73.90751010377325
STU_019723,78.28770993182218
STU_019724,72.51997771955904
STU_019725,90.11528628548115
STU_019726,59.882878145923485
STU_019727,91.81698123423772
STU_019728,79.0092538796667
STU_019729,67.6740789424779
STU_019730,71.86061382122722
STU_019731,61.920561689003755
STU_019732,89.6344099252937
STU_019733,76.003995558588
STU_019734,75.9992278125704
STU_019735,85.79304462877141
STU_019736,98.65639376960374
STU_019737,96.68136550731539
STU_019738,87.62973248888838
STU_019739,69.3082843539167
STU_019740,72.17040891924479
STU_019741,99.62509073114532
STU_019742,77.19714452248775
STU_019743,83.92275735463586
STU_019744,73.9828224927379
STU_019745,84.29283406013685
STU_019746,95.44640945598589
STU_019747,77.97032043331387
STU_019748,59.70126571563067
STU_019749,64.55193484309852
STU_019750,73.33392778616549
STU_019751,73.5232607020871
STU_019752,61.539171949518476
STU_019753,93.46446530166673
STU_019754,70.61191619767709
STU_019755,83.47684299622951
STU_019756,51.645166715071326
STU_019757,88.30095503527748
STU_019758,58.979272880466446
STU_019759,75.24883195304245
STU_019760,80.35009920894394
STU_019761,67.44411396337942
STU_019762,87.4905223881839
STU_019763,71.62164286019296
STU_019764,61.42508084030439
STU_019765,90.43630100837164
STU_019766,64.62552441273778
STU_019767,51.21296586808029
STU_019768,80.12935071845286
STU_019769,62.732421610855226
STU_019770,78.83775857082382
STU_019771,94.13314578009309
STU_019772,69.90321940602153
STU_019773,89.4567222653705
STU_019774,48.56225683332431
STU_019775,87.84044903190716
STU_019776,58.06758344005246
STU_019777,72.71196195046566
STU_019778,74.79961878916748
STU_019779,73.77560545023645
STU_019780,87.51453793257348
STU_019781,52.74748609246362
STU_019782,75.0640445719159
STU_019783,64.48235078694924
STU_019784,82.5394177436592
STU_019785,77.46120456498221
STU_019786,51.62134584033051
STU_019787,73.42244289614328
STU_019788,72.67865183155868
STU_019789,80.03454831425857
STU_019790,64.30375669653931
STU_019791,52.04156091718687
STU_019792,80.48874317483781
STU_019793,66.79443507182324
STU_019794,86.66944934231506
STU_019795,73.1066704434207
STU_019796,84.2897158873421
STU_019797,43.64851481125515
STU_019798,92.43857790675072
STU_019799,79.63571303019249
STU_019800,52.21788411588396
STU_019801,78.34430458440595
STU_019802,95.59194351681283
STU_019803,66.69330967164535
STU_019804,78.26019851974769
STU_019805,73.07014725811432
STU_019806,60.89638569186906
STU_019807,58.91764498627608
STU_019808,67.1482585572214
STU_019809,95.90334703803792
STU_019810,64.38877286723073
STU_019811,66.91532467446642
STU_019812,86.48377657304994
STU_019813,74.92464703957108
STU_019814,82.30043333662853
STU_019815,88.72465503839328
STU_019816,72.42254723196518
STU_019817,93.69362400878953
STU_019818,67.60905412986769
STU_019819,96.08407177667567
STU_019820,56.50293746311862
STU_019821,84.3562975879402
STU_019822,63.62818855168606
STU_019823,79.17229017594714
STU_019824,99.65518421194705
STU_019825,77.60123375310636
STU_019826,84.59919056738138
STU_019827,81.80292685696541
STU_019828,82.96934973381416
STU_019829,73.944971905498
STU_019830,97.01687524365576
STU_019831,86.3304303374643
STU_019832,90.34373210433098
STU_019833,71.78083633396051
STU_019834,72.32288115619683
STU_019835,67.37400403035994
STU_019836,86.27190783762916
STU_019837,75.13020943782134
STU_019838,77.41464452339281
STU_019839,81.34206663538987
STU_019840,62.9488465253899
STU_019841,66.65756839621312
STU_019842,71.09442162001476
STU_019843,67.29929870863427
STU_019844,72.49460234672807
STU_019845,75.04913726597603
STU_019846,96.8530450955218
STU_019847,99.2032495884547
STU_019848,67.91023186155162
STU_019849,94.4538722394593
STU_019850,77.45184642331955
STU_019851,99.10214636645364
STU_019852,61.59499771869289
STU_019853,89.5293530562687
STU_019854,79.82515502355018
STU_019855,76.36857463901704
STU_019856,68.16479338082789
STU_019857,83.44006295522578
STU_019858,97.92309665725007
STU_019859,94.50861508439519
STU_019860,85.57833796841308
STU_019861,63.334289476424544
STU_019862,69.1388795943075
STU_019863,76.50280065271397
STU_019864,80.51481930208645
STU_019865,91.75937406040953
STU_019866,92.37733120722847
STU_019867,75.63380509922793
STU_019868,79.68412250783406
STU_019869,72.32205776466938
STU_019870,73.92257939487797
STU_019871,92.98223873219477
STU_019872,99.84023433045729
STU_019873,76.51369219848506
STU_019874,51.718301073194056
STU_019875,78.15749167967093
STU_019876,99.15495715446987
STU_019877,64.53365527129871
STU_019878,61.81588320553977
STU_019879,90.95755776452057
STU_019880,53.934548980574405
STU_019881,70.24629286515317
STU_019882,91.97219298414709
STU_019883,61.060457656343054
STU_019884,67.56578100856515
STU_019885,79.2602424054209
STU_019886,73.58527036320491
STU_019887,99.77703568068868
STU_019888,59.559774260662685
STU_019889,85.07143237235074
STU_019890,77.45118964435825
STU_019891,76.2288955247256
STU_019892,66.17276698889302
STU_019893,94.1453928927551
STU_019894,58.85161916648355
STU_019895,75.99313088291156
STU_019896,82.60134136820457
STU_019897,79.26870337464138
STU_019898,72.81167399091298
STU_019899,81.71249309893662
STU_019900,84.2348049668501
STU_019901,66.22805731626819
STU_019902,74.2095428890862
STU_019903,84.94035359452228
STU_019904,67.74411894172358
STU_019905,77.42270349758442
STU_019906,71.31274205966794
STU_019907,59.7949284491168
STU_019908,51.55144520003394
STU_019909,65.10922364111043
STU_019910,96.36039242848612
STU_019911,99.25525553217925
STU_019912,64.0337285859629
STU_019913,77.88367986194375
STU_019914,57.49729255183146
STU_019915,76.99209457693136
STU_019916,63.20634674008097
STU_019917,63.126525107518276
STU_019918,95.6230058249667
STU_019919,70.44472138254685
STU_019920,94.62341524273265
STU_019921,69.1216395013727
STU_019922,97.12786824930711
STU_019923,58.43742721908477
STU_019924,98.5161343017257
STU_019925,88.55590748645353
STU_019926,68.23650276145995
STU_019927,80.2498662255697
STU_019928,79.78532691499177
STU_019929,85.85120300854962
STU_019930,68.79277363189924
STU_019931,97.81796227385048
STU_019932,85.23616652163835
STU_019933,59.53968654491445
STU_019934,88.78270308799168
STU_019935,51.86568247006702
STU_019936,86.58777223768645
STU_019937,83.16262801403641
STU_019938,67.88687019268487
STU_019939,87.50311203562535
STU_019940,86.60146192778619
STU_019941,71.45352755899766
STU_019942,72.16222125434058
STU_019943,82.12228834659683
STU_019944,96.934460204483
STU_019945,79.72691530006423
STU_019946,90.71867637559724
STU_019947,76.01321235075
STU_019948,87.70943191228372
STU_019949,78.94200819907556
STU_019950,72.69147486170438
STU_019951,65.88347716691102
STU_019952,56.183168571590855
STU_019953,66.92230967765524
STU_019954,82.25904281671049
STU_019955,66.1666884820158
STU_019956,57.61063128175201
STU_019957,79.46875386531893
STU_019958,76.50451036857578
STU_019959,77.34484430859466
STU_019960,65.91668308510336
STU_019961,70.44491447387787
STU_019962,80.90011604456302
STU_019963,60.46213203234086
STU_019964,70.26584473662754
STU_019965,64.97530359076805
STU_019966,83.9410994984714
STU_019967,97.21312720495091
STU_019968,73.84965346085741
STU_019969,53.353000415777224
STU_019970,93.50942187341082
STU_019971,90.94965746063585
STU_019972,73.41144802739333
STU_019973,77.69517879150285
STU_019974,88.6345421993445
STU_019975,74.40703917247293
STU_019976,75.2859047192853
STU_019977,67.71166199910246
STU_019978,55.15801963798512
STU_019979,55.29675275504458
STU_019980,61.000985248159
STU_019981,99.68930394993188
STU_019982,75.60246947397097
STU_019983,87.08729037135797
STU_019984,97.04283689674035
STU_019985,82.96137744240379
STU_019986,96.1829630979012
STU_019987,83.30332417931928
STU_019988,66.83903732676342
STU_019989,68.80812128612169
STU_019990,78.1263221114074
STU_019991,83.81690663382717
STU_019992,87.01193214215282
STU_019993,86.54920928516125
STU_019994,51.04282446552036
STU_019995,77.78717779632349
STU_019996,61.20634821422725
STU_019997,84.1005880554418
STU_019998,53.38739631376158
STU_019999,92.64828095845897
STU_020000,74.13689992442288
