student_id,career_success_score
STU_010001,55.49313057523992
STU_010002,74.57050644750045
STU_010003,74.13419064294769
STU_010004,97.53834017487222
STU_010005,77.71274354661487
STU_010006,77.4173415163946
STU_010007,75.07082297738921
STU_010008,79.00775110326941
STU_010009,70.70193451718058
STU_010010,56.662029174279965
STU_010011,94.27613795407802
STU_010012,79.25339495247991
STU_010013,83.19752200841675
STU_010014,91.3507224001933
STU_010015,51.41123838830265
STU_010016,69.51560413582342
STU_010017,58.61921300324958
STU_010018,57.2982188886133
STU_010019,86.35238320640207
STU_010020,70.04783161694306
STU_010021,84.86371660876978
STU_010022,96.21723900636536
STU_010023,93.78113531371204
STU_010024,68.82310604741019
STU_010025,80.96624621276516
STU_010026,88.46589805611401
STU_010027,75.33292489227746
STU_010028,87.70415043108184
STU_010029,96.93637389790118
STU_010030,61.23446925585527
STU_010031,63.305680686854174
STU_010032,89.84630102025187
STU_010033,56.44974805485471
STU_010034,87.67968192258078
STU_010035,78.4500527139925
STU_010036,65.33529648580381
STU_010037,63.61782421189392
STU_010038,89.7919463634041
STU_010039,64.2007086330492
STU_010040,82.5570110562479
STU_010041,92.75007314018055
STU_010042,62.99567579395287
STU_010043,85.72467588080727
STU_010044,72.02448306553637
STU_010045,81.25874884467636
STU_010046,58.52757856512278
STU_010047,67.7564481648344
STU_010048,83.08503572825632
STU_010049,50.34200584393811
STU_010050,62.31522192209039
STU_010051,74.77864001853096
STU_010052,65.47959105631243
STU_010053,60.273334526503234
STU_010054,71.24727978969561
STU_010055,63.73060384547778
STU_010056,60.79911789738086
STU_010057,63.75728706577226
STU_010058,98.76977153794098
STU_010059,88.19867856852522
STU_010060,73.3271253469848
STU_010061,39.68747765734571
STU_010062,77.3290416911338
STU_010063,65.92046602278505
STU_010064,89.84383745490918
STU_010065,52.99593807276479
STU_010066,59.593153057180274
STU_010067,91.76483293435732
STU_010068,58.42031949072316
STU_010069,65.51914857277397
STU_010070,58.97435541942637
STU_010071,95.11188523526366
STU_010072,66.05790724076925
STU_010073,95.40185367517981
STU_010074,56.12142882962355
STU_010075,76.5392085576895
STU_010076,97.79298520958179
STU_010077,85.2304986833264
STU_010078,86.84142673016913
STU_010079,80.32431952605505
STU_010080,79.84563487991286
STU_010081,61.60626936724417
STU_010082,77.37365017368194
STU_010083,78.86081513763381
STU_010084,79.97620808894874
STU_010085,72.05508492141962
STU_010086,78.17333538688831
STU_010087,72.40337337223568
STU_010088,66.56203775186138
STU_010089,84.70096262458756
STU_010090,78.05903190092226
STU_010091,54.56533560720337
STU_010092,71.61855350492564
STU_010093,62.415357420032066
STU_010094,91.06324655687865
STU_010095,55.905715450943646
STU_010096,81.78986633158144
STU_010097,70.7368649110544
STU_010098,84.02382914466538
STU_010099,68.87404208135291
STU_010100,72.05913436658116
STU_010101,78.63503433435699
STU_010102,63.159004829689394
STU_010103,89.12206410772825
STU_010104,55.415736276901484
STU_010105,96.89774792505176
STU_010106,48.93487926377507
STU_010107,81.77944783957382
STU_010108,76.71644261468116
STU_010109,68.32321425869024
STU_010110,78.1629025976645
STU_010111,89.93988258650973
STU_010112,81.82939513403826
STU_010113,69.8583406249493
STU_010114,81.5873834911259
STU_010115,82.09462945223586
STU_010116,90.29993603415934
STU_010117,81.07564268603544
STU_010118,90.76814586280514
STU_010119,70.32473071589742
STU_010120,69.39839545051112
STU_010121,79.37553605525619
STU_010122,74.3132583717235
STU_010123,94.8870919129612
STU_010124,73.85072317693422
STU_010125,86.43007414303915
STU_010126,69.2466817045534
STU_010127,55.67261071425985
STU_010128,91.14398172488788
STU_010129,82.40488269307879
STU_010130,73.83898243291932
STU_010131,62.576876069624696
STU_010132,73.1302440300137
STU_010133,75.40675346704099
STU_010134,66.71353666813866
STU_010135,41.37441428489436
STU_010136,70.29518637026618
STU_010137,62.58949786582076
STU_010138,77.81598691381703
STU_010139,79.2589761428467
STU_010140,86.43129740943904
STU_010141,62.21304247938835
STU_010142,86.77482352838081
STU_010143,73.5690695493903
STU_010144,73.89658248673203
STU_010145,94.46959524792226
STU_010146,79.11734544447594
STU_010147,54.44684477469009
STU_010148,55.303432263957
STU_010149,61.12633358300924
STU_010150,91.98039171475972
STU_010151,70.35855667711857
STU_010152,86.75755615609077
STU_010153,74.21735812256838
STU_010154,80.2449838826292
STU_010155,63.34650368135647
STU_010156,94.6647124757577
STU_010157,99.69077971183307
STU_010158,71.96826969148191
STU_010159,89.2920898685654
STU_010160,64.78778800135635
STU_010161,94.19122290054095
STU_010162,99.11827341905129
STU_010163,80.20616485080296
STU_010164,74.80314161861628
STU_010165,74.10097884837887
STU_010166,88.81373811110119
STU_010167,84.63087481606074
STU_010168,76.50021527628743
STU_010169,71.00969415687285
STU_010170,89.24809115931285
STU_010171,71.15188110886413
STU_010172,99.63649658154793
STU_010173,69.73490035873701
STU_010174,76.54391483187695
STU_010175,76.4955112202959
STU_010176,69.07954736628683
STU_010177,89.97827504306075
STU_010178,83.45491063880401
STU_010179,80.0737837545135
STU_010180,79.93899249345242
STU_010181,76.41395591686879
STU_010182,73.30656726809299
STU_010183,77.01454381989961
STU_010184,83.34529699871904
STU_010185,62.80605059244175
STU_010186,86.12717560713862
STU_010187,62.56788460834608
STU_010188,89.50930424415785
STU_010189,75.42920488833528
STU_010190,58.32158805087655
STU_010191,48.09156591482829
STU_010192,84.47347861719244
STU_010193,61.089131800554284
STU_010194,84.51500925106896
STU_010195,83.09327883770686
STU_010196,68.68490284870055
STU_010197,75.57320731546233
STU_010198,81.73873726548204
STU_010199,96.67789050460357
STU_010200,73.8459254791445
STU_010201,98.81099691128867
STU_010202,78.53878976219252
STU_010203,71.86097918151893
STU_010204,94.18784601768058
STU_010205,84.25080029200797
STU_010206,89.94798302452405
STU_010207,50.540263409837266
STU_010208,72.13447146429175
STU_010209,61.13527824802519
STU_010210,88.95028802242896
STU_010211,74.4622904769191
STU_010212,92.60278361737855
STU_010213,89.87851647166036
STU_010214,65.94494788771246
STU_010215,67.98277631122417
STU_010216,60.24466386432389
STU_010217,82.85808753459739
STU_010218,59.31324282382413
STU_010219,83.28615965323387
STU_010220,68.51849671030429
STU_010221,81.19041625347555
STU_010222,56.04848548267027
STU_010223,78.98348512225398
STU_010224,99.50469353239384
STU_010225,62.02821791594229
STU_010226,86.25184297123053
STU_010227,58.1940843194559
STU_010228,91.60168848113963
STU_010229,75.69775935422902
STU_010230,60.576096926960176
STU_010231,53.131132105901045
STU_010232,94.35503807473705
STU_010233,58.82727867875175
STU_010234,81.25864575912473
STU_010235,50.293839474975464
STU_010236,91.04298418708176
STU_010237,82.74208940170621
STU_010238,74.7963482307835
STU_010239,50.750324443275616
STU_010240,71.12646870356261
STU_010241,79.98114911528612
STU_010242,78.26573964996282
STU_010243,64.89256948161203
STU_010244,89.12984293457625
STU_010245,57.88356811186623
STU_010246,47.01872915525743
STU_010247,93.77210261726934
STU_010248,85.46116070582516
STU_010249,67.56381866903865
STU_010250,96.6223737486889
STU_010251,77.71103064655632
STU_010252,99.83370819189778
STU_010253,61.979684985410294
STU_010254,96.47630393705369
STU_010255,67.74478295029057
STU_010256,61.429571980151955
STU_010257,74.74503651526982
STU_010258,81.04014860988238
STU_010259,80.10577312390264
STU_010260,61.788814970883465
STU_010261,63.64232361139753
STU_010262,53.03618126984609
STU_010263,58.66701699860661
STU_010264,99.80624043905381
STU_010265,67.02335563697339
STU_010266,80.15022760071307
STU_010267,62.112246557818715
STU_010268,84.41529277133353
STU_010269,76.31118751294221
STU_010270,90.56372882997576
STU_010271,82.87485906281344
STU_010272,63.02183496997834
STU_010273,79.21767533552921
STU_010274,63.290194205232396
STU_010275,88.93526494934844
STU_010276,63.05563186896547
STU_010277,81.78288103951776
STU_010278,84.84438056378394
STU_010279,65.24579006187804
STU_010280,67.75508902484077
STU_010281,60.10529069279936
STU_010282,66.45955640910064
STU_010283,82.55517920650902
STU_010284,64.8498570916102
STU_010285,57.609813177985366
STU_010286,77.61355288956594
STU_010287,92.12958022089853
STU_010288,62.017834362985724
STU_010289,54.30248807610191
STU_010290,83.24037100227068
STU_010291,47.02906001582177
STU_010292,86.24419550310489
STU_010293,63.65808103226195
STU_010294,60.18948286142039
STU_010295,69.1248565458977
STU_010296,83.46916720733344
STU_010297,82.15392530580954
STU_010298,94.74285621994649
STU_010299,89.1687814334781
STU_010300,62.51023740911216
STU_010301,78.44486941345087
STU_010302,85.05102309350187
STU_010303,71.6938748885474
STU_010304,55.63836861260294
STU_010305,78.60718133047371
STU_010306,61.797675508706874
STU_010307,64.77906185346325
STU_010308,76.72724646304349
STU_010309,69.94858468967041
STU_010310,56.45391354381381
STU_010311,63.79142044516503
STU_010312,77.47265907346383
STU_010313,77.03828966169489
STU_010314,83.37547260787139
STU_010315,87.69654144068869
STU_010316,90.15037871239784
STU_010317,85.9323966836855
STU_010318,72.75070101803738
STU_010319,91.14109187861143
STU_010320,97.85919380621266
STU_010321,68.59224349016831
STU_010322,93.54117802630995
STU_010323,72.35764105615002
STU_010324,92.16482589129221
STU_010325,94.84002248248086
STU_010326,78.34371758302665
STU_010327,67.04242325739625
STU_010328,83.19069525741071
STU_010329,93.83536380779734
STU_010330,83.57721780445172
STU_010331,97.12946831044081
STU_010332,64.13533850315078
STU_010333,99.87661042516328
STU_010334,73.5391717649696
STU_010335,92.1545575380033
STU_010336,54.68094363351012
STU_010337,62.250855586350966
STU_010338,85.05970599672528
STU_010339,78.31594693296611
STU_010340,61.94344257703027
STU_010341,96.16640236927765
STU_010342,59.84122242812526
STU_010343,59.21239424251384
STU_010344,78.92877175076003
STU_010345,82.67675940666433
STU_010346,86.88775090617352
STU_010347,52.00707262320077
STU_010348,60.92117939971863
STU_010349,87.7671170736777
STU_010350,81.89673426418992
STU_010351,72.72313080727025
STU_010352,70.52785239108695
STU_010353,94.02679027753467
STU_010354,75.23150711481505
STU_010355,78.12789884396204
STU_010356,86.59853219118327
STU_010357,94.22531888403464
STU_010358,78.74730781915656
STU_010359,61.59082469070506
STU_010360,68.93443297533003
STU_010361,98.63444070536664
STU_010362,73.4431317803087
STU_010363,75.83008418802405
STU_010364,95.67022172041253
STU_010365,85.46216356679028
STU_010366,95.19800705385543
STU_010367,70.56764499567868
STU_010368,64.23611929296175
STU_010369,90.96659671448562
STU_010370,87.26954897181888
STU_010371,71.97276085464698
STU_010372,75.96016007234539
STU_010373,72.47464569022286
STU_010374,83.49258671230132
STU_010375,98.35246181874308
STU_010376,54.81872276654758
STU_010377,76.8359361045684
STU_010378,77.6783450785566
STU_010379,69.65258026613839
STU_010380,62.54604821690261
STU_010381,71.77270602455971
STU_010382,91.30280329460412
STU_010383,78.72594923857088
STU_010384,93.00254352820471
STU_010385,80.54540427222884
STU_010386,62.54237827272371
STU_010387,61.122266444443284
STU_010388,95.7411304732876
STU_010389,71.87387472658946
STU_010390,55.71930935631965
STU_010391,64.09021247008062
STU_010392,75.9940778407655
STU_010393,81.06870335357706
STU_010394,75.55394907424866
STU_010395,76.8986499561801
STU_010396,81.17387087259567
STU_010397,87.73132009803092
STU_010398,86.92407752828412
STU_010399,62.59991020881952
STU_010400,72.56154495001083
STU_010401,49.445786288876604
STU_010402,69.36901781602087
STU_010403,76.68605316787419
STU_010404,85.96683888494994
STU_010405,81.47483835342231
STU_010406,74.9717985503878
STU_010407,92.81353831767018
STU_010408,65.5433601577962
STU_010409,96.15141035606877
STU_010410,65.5776200020455
STU_010411,90.33155459183016
STU_010412,96.0587683634628
STU_010413,87.47578477388863
STU_010414,86.80155431867261
STU_010415,89.3603959572821
STU_010416,82.5796640365584
STU_010417,98.42763543560508
STU_010418,73.55544378468844
STU_010419,94.2286238587912
STU_010420,86.981781679964
STU_010421,83.95782319911501
STU_010422,73.42070442531573
STU_010423,73.502755644621
STU_010424,52.1429460446802
STU_010425,54.44245153886718
STU_010426,73.81863943144084
STU_010427,63.748306671255804
STU_010428,72.25040059633766
STU_010429,52.38619237520643
STU_010430,86.48983406180898
STU_010431,49.20170649532511
STU_010432,70.83478892236445
STU_010433,74.88069039458142
STU_010434,89.3099116280485
STU_010435,60.18409220192498
STU_010436,77.4610149186914
STU_010437,51.55860850117096
STU_010438,99.72187199323682
STU_010439,67.95222880786709
STU_010440,89.1940744648479
STU_010441,58.23404198543184
STU_010442,71.55559050716855
STU_010443,81.9847694355747
STU_010444,68.74859782804081
STU_010445,71.28455534276907
STU_010446,45.298168267997085
STU_010447,79.3308717978403
STU_010448,73.11582500579695
STU_010449,70.17670148877397
STU_010450,65.98385909891188
STU_010451,91.60693650807937
STU_010452,81.61759288926966
STU_010453,70.67629210969338
STU_010454,67.11771909585107
STU_010455,46.7384627800228
STU_010456,86.16645029299147
STU_010457,74.93063081894664
STU_010458,87.70557360815567
STU_010459,75.3444198490425
STU_010460,68.37048519143022
STU_010461,67.2380028852798
STU_010462,57.201001813463904
STU_010463,84.99979872866757
STU_010464,88.87221684514324
STU_010465,53.51206531170959
STU_010466,66.05834612085505
STU_010467,77.68024641158877
STU_010468,71.35440636898532
STU_010469,80.08527601702772
STU_010470,68.99431370789551
STU_010471,97.50371110227395
STU_010472,55.846485112971955
STU_010473,87.82440834284138
STU_010474,84.29545760393856
STU_010475,77.80920746229944
STU_010476,64.35379531419565
STU_010477,70.05242481601037
STU_010478,95.18986312002916
STU_010479,60.25611260102947
STU_010480,68.8739687869953
STU_010481,62.0025482553463
STU_010482,74.02185435940851
STU_010483,94.21053570797562
STU_010484,74.31050746320301
STU_010485,48.26823741810634
STU_010486,72.5070853090734
STU_010487,93.04246345014708
STU_010488,83.14869920223708
STU_010489,83.03777059670253
STU_010490,82.21758295587254
STU_010491,71.64478135938971
STU_010492,72.84748784452108
STU_010493,79.52315041592733
STU_010494,59.29387061489746
STU_010495,39.50133168972452
STU_010496,97.53796285844875
STU_010497,64.12331849615173
STU_010498,73.3908137155172
STU_010499,66.72490577085728
STU_010500,69.14575919985018
STU_010501,77.03742892952725
STU_010502,67.84957100036152
STU_010503,78.6059677638889
STU_010504,68.34328583469375
STU_010505,61.2633530422675
STU_010506,88.77666458960294
STU_010507,66.44690613557263
STU_010508,62.48230900972291
STU_010509,80.42382251873374
STU_010510,48.63777758668124
STU_010511,59.96147900849701
STU_010512,72.0061778965983
STU_010513,93.24470053236695
STU_010514,74.37353271963458
STU_010515,83.14647358360538
STU_010516,81.74986520549085
STU_010517,97.57972408644395
STU_010518,50.73190776047258
STU_010519,88.77620633237098
STU_010520,87.41744143856452
STU_010521,98.5815093901996
STU_010522,71.69686618310317
STU_010523,84.69553060617136
STU_010524,88.70028262872205
STU_010525,68.87617995043071
STU_010526,58.156674910118475
STU_010527,87.59476445535806
STU_010528,83.73172414219718
STU_010529,47.63294043000847
STU_010530,76.64816233740964
STU_010531,66.56616831174988
STU_010532,58.009019581242384
STU_010533,83.53685327833796
STU_010534,78.49234107389712
STU_010535,85.63413367758412
STU_010536,76.98226733619279
STU_010537,75.74187582864455
STU_010538,76.70356722334498
STU_010539,61.55239732898782
STU_010540,47.24410013427027
STU_010541,88.74065751865427
STU_010542,99.72134786931423
STU_010543,81.49236927122791
STU_010544,73.32796818005534
STU_010545,82.38586434171052
STU_010546,70.94672517804625
STU_010547,77.79443243342905
STU_010548,99.65878944586484
STU_010549,64.97689549102029
STU_010550,81.01214739359506
STU_010551,58.78383456229736
STU_010552,96.198771535469
STU_010553,98.21748326114923
STU_010554,87.19129331968927
STU_010555,75.06745203730443
STU_010556,61.26758635791677
STU_010557,77.22686244589798
STU_010558,78.31068338671714
STU_010559,77.1781443289529
STU_010560,76.73330583031066
STU_010561,96.84058522665529
STU_010562,58.93600804793945
STU_010563,63.80877742387327
STU_010564,62.94725997699159
STU_010565,90.91761279524775
STU_010566,59.86590726962079
STU_010567,73.3960255356772
STU_010568,80.75318995150968
STU_010569,96.01758960439732
STU_010570,53.79645284423647
STU_010571,95.40933369465043
STU_010572,71.94039076362536
STU_010573,95.54359419337834
STU_010574,72.44237812602825
STU_010575,64.19164566112937
STU_010576,51.54837424445255
STU_010577,63.648407293632445
STU_010578,70.05150431008414
STU_010579,83.47975623507625
STU_010580,61.01993249973185
STU_010581,49.701271668140734
STU_010582,78.02965726945126
STU_010583,75.74394649766376
STU_010584,94.27890790418986
STU_010585,77.06457771652613
STU_010586,99.51313483921686
STU_010587,73.76179152270763
STU_010588,69.53628103813692
STU_010589,99.2590011428348
STU_010590,88.00886119193844
STU_010591,72.06276652812463
STU_010592,96.33034888996258
STU_010593,84.51064686400738
STU_010594,50.74282541250852
STU_010595,80.32513481300396
STU_010596,74.38707625866924
STU_010597,61.47064513840075
STU_010598,93.47128716473806
STU_010599,67.36836317353794
STU_010600,72.31708359147456
STU_010601,82.96563895679819
STU_010602,69.24054308401126
STU_010603,79.28198014677488
STU_010604,72.95469816418577
STU_010605,62.411804346739345
STU_010606,94.76466363094204
STU_010607,86.6900624016375
STU_010608,63.02740513465546
STU_010609,76.84315293677813
STU_010610,78.59290504505447
STU_010611,89.66698638604214
STU_010612,59.03063752510408
STU_010613,94.44483094586977
STU_010614,99.2576538511457
STU_010615,90.59523246433973
STU_010616,90.59897620940531
STU_010617,55.272034118475986
STU_010618,80.21165208921374
STU_010619,98.39031825797167
STU_010620,65.44197122836631
STU_010621,68.13024615868899
STU_010622,57.31303920889798
STU_010623,87.06421778105403
STU_010624,62.02399191695007
STU_010625,67.20242603906962
STU_010626,89.88451242979906
STU_010627,90.30574691856286
STU_010628,59.65691304912025
STU_010629,82.17770540775908
STU_010630,78.18836905214322
STU_010631,93.4941524014611
STU_010632,67.43393425857839
STU_010633,76.33118970692979
STU_010634,75.52431765854637
STU_010635,63.8314294493358
STU_010636,82.26315955102417
STU_010637,62.58169393255241
STU_010638,73.26467370282354
STU_010639,68.08548976617055
STU_010640,57.25685750273405
STU_010641,69.61145354258613
STU_010642,97.5700293218053
STU_010643,90.31108171441255
STU_010644,73.82525012249957
STU_010645,79.74773917355459
STU_010646,96.2223272221857
STU_010647,69.16432574452185
STU_010648,73.13391298773301
STU_010649,75.22094789489651
STU_010650,86.00245913018601
STU_010651,80.89945849644374
STU_010652,67.0686540008079
STU_010653,86.88838934487467
STU_010654,88.79016799708947
STU_010655,88.69384127548307
STU_010656,76.2831923578166
STU_010657,79.672400124497
STU_010658,74.50887019791571
STU_010659,96.046219059583
STU_010660,90.82604785135854
STU_010661,70.55159971714221
STU_010662,96.19284539484852
STU_010663,70.15086752719844
STU_010664,73.49399456740834
STU_010665,61.21742410717934
STU_010666,95.90838427994908
STU_010667,90.9238519104066
STU_010668,69.16290401063475
STU_010669,74.65980876651236
STU_010670,87.91926569515945
STU_010671,62.08385553832864
STU_010672,57.1599476341826
STU_010673,87.02209192259093
STU_010674,98.59788763126227
STU_010675,93.19472025007552
STU_010676,81.8092274866587
STU_010677,76.35231547225041
STU_010678,74.24902559934381
STU_010679,69.32568230777392
STU_010680,91.00446480528149
STU_010681,87.56750775229709
STU_010682,50.52281922022168
STU_010683,72.42555434417324
STU_010684,75.79595040865394
STU_010685,87.58596228766805
STU_010686,77.61084578265607
STU_010687,61.959017479431395
STU_010688,98.29480421434181
STU_010689,85.84076038423382
STU_010690,99.42237287884498
STU_010691,75.42478078994634
STU_010692,89.91929415219896
STU_010693,75.2489084634368
STU_010694,70.88494706652554
STU_010695,61.48215350964274
STU_010696,52.40503198433553
STU_010697,69.67807475516676
STU_010698,93.43342937346449
STU_010699,80.39007647838056
STU_010700,92.11985801575433
STU_010701,81.90263700881158
STU_010702,65.91989172177082
STU_010703,98.28455378596976
STU_010704,99.59363596873963
STU_010705,80.18682830354928
STU_010706,94.56818435332697
STU_010707,77.47452023952633
STU_010708,77.320852922575
STU_010709,65.41725583746299
STU_010710,55.58397061187276
STU_010711,99.4852046604361
STU_010712,49.84258545151151
STU_010713,91.6324426161782
STU_010714,64.5637248169682
STU_010715,81.04984147209335
STU_010716,53.85105933051755
STU_010717,85.3706098332407
STU_010718,77.38628949353978
STU_010719,82.2704055986765
STU_010720,52.37783410570965
STU_010721,67.56124433753956
STU_010722,99.8512225351845
STU_010723,72.72628197748182
STU_010724,81.5400484250084
STU_010725,66.28881268058736
STU_010726,65.94858950038329
STU_010727,48.353718001963585
STU_010728,72.76450106232211
STU_010729,94.89558018331606
STU_010730,95.34494605129498
STU_010731,71.65891290752927
STU_010732,73.58588238191632
STU_010733,98.86316131649374
STU_010734,84.00088298676789
STU_010735,69.84295887513748
STU_010736,67.42090756993103
STU_010737,66.5157040426165
STU_010738,65.97959583632459
STU_010739,71.55583106694091
STU_010740,66.19721638764592
STU_010741,84.36229664964682
STU_010742,66.15572923680115
STU_010743,96.48082781810298
STU_010744,76.48473413777646
STU_010745,65.516715821892
STU_010746,70.6567459207323
STU_010747,87.61386860627726
STU_010748,74.9063555970097
STU_010749,83.90383286838119
STU_010750,78.89026984275368
STU_010751,71.68751402346861
STU_010752,64.75148759354482
STU_010753,75.98469622632435
STU_010754,84.31567021800859
STU_010755,60.626288209502135
STU_010756,90.7090289735585
STU_010757,55.7802083555125
STU_010758,82.33567625734435
STU_010759,91.97944931526376
STU_010760,84.84810558947618
STU_010761,74.72501497518691
STU_010762,74.38035877466939
STU_010763,62.93895879726254
STU_010764,52.49543818961723
STU_010765,84.65880011352823
STU_010766,60.837976182071465
STU_010767,72.06284645781409
STU_010768,56.26096172826391
STU_010769,89.04744361250826
STU_010770,68.2270302070167
STU_010771,44.814930413501
STU_010772,68.52210601579102
STU_010773,86.06378482382253
STU_010774,86.30427689143332
STU_010775,93.44504896093477
STU_010776,43.39726607112509
STU_010777,78.44889078938836
STU_010778,53.907740769272195
STU_010779,64.0242282222821
STU_010780,81.92294840382866
STU_010781,78.2973095038466
STU_010782,84.74912732238158
STU_010783,49.93716029517488
STU_010784,70.63170333906089
STU_010785,84.85529795555968
STU_010786,83.20747162630215
STU_010787,72.0597291708767
STU_010788,71.87058800729258
STU_010789,95.28084537725341
STU_010790,60.76626783669016
STU_010791,58.97810319244611
STU_010792,94.311815292687
STU_010793,83.87172209980838
STU_010794,58.85718155620714
STU_010795,79.7119651838277
STU_010796,80.09409232904146
STU_010797,57.034557826226944
STU_010798,61.504058741533896
STU_010799,87.61362578629684
STU_010800,65.33004556214092
STU_010801,63.29230509386559
STU_010802,85.06604364060979
STU_010803,80.51391277545132
STU_010804,53.5946456343794
STU_010805,71.16626064190694
STU_010806,85.1158706512777
STU_010807,95.87185974785629
STU_010808,66.9161334794595
STU_010809,99.65286361000477
STU_010810,86.81592209627377
STU_010811,76.6913566435301
STU_010812,81.52260250202089
STU_010813,95.35830775373901
STU_010814,68.26241256436901
STU_010815,86.91863143470371
STU_010816,99.8100059736586
STU_010817,86.87929204412566
STU_010818,85.4751440434466
STU_010819,80.46359754342316
STU_010820,94.844926832835
STU_010821,98.2224415737909
STU_010822,62.862100445534836
STU_010823,92.72399664444454
STU_010824,87.83764627439422
STU_010825,84.0208186289062
STU_010826,82.51785112104288
STU_010827,59.642549933504284
STU_010828,72.52180715749705
STU_010829,69.71861703752987
STU_010830,74.87851691762474
STU_010831,93.16551704988348
STU_010832,96.37556976104393
STU_010833,82.49214229427639
STU_010834,69.5255040415253
STU_010835,81.75518794823952
STU_010836,84.37246024411564
STU_010837,79.17657805518331
STU_010838,90.68070383500813
STU_010839,67.9791778792596
STU_010840,80.99685026761529
STU_010841,86.62569600108286
STU_010842,88.78462787221684
STU_010843,73.03326123525697
STU_010844,52.66526129776436
STU_010845,91.94290980289904
STU_010846,80.64448198875701
STU_010847,99.58531880086113
STU_010848,73.25062156276093
STU_010849,74.66343508734124
STU_010850,60.85118137338495
STU_010851,95.86787166278728
STU_010852,63.095486075799485
STU_010853,89.94437467810859
STU_010854,88.1805632197595
STU_010855,68.15709065723522
STU_010856,56.01422185826919
STU_010857,66.89772741314589
STU_010858,51.212285542826024
STU_010859,67.26938675024846
STU_010860,95.51169194255289
STU_010861,76.63856641088123
STU_010862,66.11647485615795
STU_010863,81.48704648431985
STU_010864,90.26096810127365
STU_010865,76.80753028213833
STU_010866,94.34121186333142
STU_010867,51.73352965616007
STU_010868,65.12064497732942
STU_010869,81.82852228749618
STU_010870,62.3274304865359
STU_010871,86.5985840096584
STU_010872,86.40171396366742
STU_010873,45.50322849966126
STU_010874,65.56794479498957
STU_010875,82.41117184677935
STU_010876,66.24540760434628
STU_010877,74.52882477823847
STU_010878,77.02719281300601
STU_010879,68.02410152704044
STU_010880,82.16263376579931
STU_010881,98.17932390445142
STU_010882,76.85447187224244
STU_010883,81.94238215617713
STU_010884,60.19697409445398
STU_010885,66.66560384171892
STU_010886,97.88559774595984
STU_010887,57.41441365777256
STU_010888,86.02831212240926
STU_010889,95.4236204568222
STU_010890,79.51675997911204
STU_010891,98.34097434977247
STU_010892,82.65710622656039
STU_010893,73.12746816399161
STU_010894,83.61833702743837
STU_010895,68.35455089994798
STU_010896,73.4115185458114
STU_010897,67.25005343141652
STU_010898,81.97688456652406
STU_010899,61.46025135542307
STU_010900,67.69924560431963
STU_010901,60.56698454913102
STU_010902,90.41432057251407
STU_010903,56.549798617440956
STU_010904,75.301318654546
STU_010905,66.24119473147893
STU_010906,52.325147200435154
STU_010907,97.48617867213159
STU_010908,86.9240629626291
STU_010909,85.94998404138806
STU_010910,83.4371218748967
STU_010911,80.25350149828077
STU_010912,90.53027921087406
STU_010913,78.17918708124574
STU_010914,91.69464896846343
STU_010915,75.336227979043
STU_010916,67.982326795651
STU_010917,81.34683570739759
STU_010918,77.82762096998685
STU_010919,89.79038396668551
STU_010920,70.47190863125654
STU_010921,78.27438594517952
STU_010922,77.8723477837453
STU_010923,90.91715279559762
STU_010924,95.56643780964133
STU_010925,67.07911143205347
STU_010926,93.09655159707532
STU_010927,63.367239015129584
STU_010928,74.74466642804563
STU_010929,68.17147921832168
STU_010930,91.08628692983626
STU_010931,70.77180900213754
STU_010932,88.69668161564579
STU_010933,72.2983882140216
STU_010934,88.41194757834955
STU_010935,70.63969516192788
STU_010936,65.32985090852436
STU_010937,73.07078475090753
STU_010938,61.8286556770409
STU_010939,82.02684409829243
STU_010940,46.533256486207996
STU_010941,97.11201784848735
STU_010942,79.92337034003927
STU_010943,54.750628205121515
STU_010944,58.22643286543884
STU_010945,76.54264890650205
STU_010946,84.53765724819614
STU_010947,75.43378716187328
STU_010948,92.96170415562949
STU_010949,97.7056991143215
STU_010950,63.77139354699503
STU_010951,71.99050409861722
STU_010952,60.70426919254507
STU_010953,86.53005372808869
STU_010954,52.503278297585226
STU_010955,61.460447706287496
STU_010956,98.65525777688407
STU_010957,87.82070119383334
STU_010958,69.56041603145464
STU_010959,87.26708033582057
STU_010960,85.07534875490745
STU_010961,74.32009328153629
STU_010962,91.84190142782836
STU_010963,72.8537849113005
STU_010964,77.34650846771208
STU_010965,65.93383289140138
STU_010966,55.13823862181711
STU_010967,69.9989298781085
STU_010968,66.32475465066992
STU_010969,57.27730293069834
STU_010970,85.76829246507918
STU_010971,70.2144200793341
STU_010972,71.97462336285024
STU_010973,74.6424967386723
STU_010974,66.10067413696822
STU_010975,81.53287090608633
STU_010976,82.98911333918048
STU_010977,86.59070170769803
STU_010978,97.39206240289528
STU_010979,74.21645049063281
STU_010980,78.63122458292102
STU_010981,92.55363562531218
STU_010982,72.38519773491272
STU_010983,72.65591817108162
STU_010984,74.90170646806575
STU_010985,52.49779872659214
STU_010986,90.17513556581788
STU_010987,90.74449406771011
STU_010988,67.32124902504589
STU_010989,84.74495893140202
STU_010990,77.53569873221733
STU_010991,59.82632520255895
STU_010992,82.07956509366784
STU_010993,73.91681317768868
STU_010994,82.77129182851705
STU_010995,98.2297227517787
STU_010996,60.20809468195576
STU_010997,66.93402373098529
STU_010998,67.99383213899375
STU_010999,67.93176451038318
STU_011000,76.41955641402711
STU_011001,61.35270095944102
STU_011002,76.93228497737744
STU_011003,63.51394721581974
STU_011004,82.54759720070277
STU_011005,72.6970948817991
STU_011006,81.7856510031332
STU_011007,67.02633286159053
STU_011008,80.65994912658155
STU_011009,96.33780891659981
STU_011010,97.75370572488163
STU_011011,65.02880528900174
STU_011012,83.72540531315298
STU_011013,55.20607689183825
STU_011014,68.0074152252013
STU_011015,97.67359269175726
STU_011016,62.97180314673221
STU_011017,75.25230448182985
STU_011018,88.40680697730224
STU_011019,62.43062226261961
STU_011020,90.70019319364656
STU_011021,65.0521496671937
STU_011022,84.61842177908298
STU_011023,72.93693811775745
STU_011024,78.3955215431597
STU_011025,67.22678622456127
STU_011026,78.37261710308445
STU_011027,71.99262505414477
STU_011028,91.31459430220032
STU_011029,80.87277647904533
STU_011030,60.44468378948873
STU_011031,58.7993791816495
STU_011032,63.83455957256308
STU_011033,55.09804644692609
STU_011034,75.17355483444064
STU_011035,89.50212742447238
STU_011036,96.94016963618083
STU_011037,94.43899172553371
STU_011038,85.74481593265237
STU_011039,59.35674813563294
STU_011040,77.13187896145732
STU_011041,54.40152413246307
STU_011042,60.24032000711851
STU_011043,63.90088985271091
STU_011044,62.64114086925387
STU_011045,97.05367742571485
STU_011046,80.10097604353223
STU_011047,81.87095818290189
STU_011048,64.40292589000667
STU_011049,81.2804198959239
STU_011050,75.24720372759595
STU_011051,89.79159293475607
STU_011052,99.69143014559361
STU_011053,51.23149944981789
STU_011054,72.50815225975313
STU_011055,62.36369966822281
STU_011056,58.812405918622176
STU_011057,93.06350653728126
STU_011058,99.67987258391665
STU_011059,98.24115398083495
STU_011060,70.60034195228499
STU_011061,62.24555009058769
STU_011062,62.557985495931646
STU_011063,88.8269997485163
STU_011064,72.6375996864561
STU_011065,72.9111861805255
STU_011066,72.30417053797879
STU_011067,88.21583943100867
STU_011068,96.36887382896032
STU_011069,93.36525835235344
STU_011070,68.26059978891095
STU_011071,88.70972392302231
STU_011072,92.26097201388419
STU_011073,74.38548220542523
STU_011074,91.60364199122961
STU_011075,68.84476095466098
STU_011076,97.07708512082579
STU_011077,75.05314554107316
STU_011078,70.67079495184366
STU_011079,66.40437546902632
STU_011080,60.828244946633674
STU_011081,86.80256084400517
STU_011082,52.59348525249159
STU_011083,95.99179035180211
STU_011084,74.24752990017103
STU_011085,89.29962342167536
STU_011086,62.92933539970663
STU_011087,74.72206941897365
STU_011088,76.58865591755466
STU_011089,89.64309058227666
STU_011090,92.80215002336547
STU_011091,82.27225894808355
STU_011092,65.86713393548594
STU_011093,79.35450472841163
STU_011094,60.18952994986505
STU_011095,80.83155237364781
STU_011096,59.45167850762628
STU_011097,90.87510589395752
STU_011098,90.55503741537535
STU_011099,85.84371716962627
STU_011100,59.89638266696046
STU_011101,61.92835115873414
STU_011102,78.89577674981464
STU_011103,66.57205976848604
STU_011104,95.60405317671471
STU_011105,74.18140473298064
STU_011106,84.15648882703306
STU_011107,55.667585812486124
STU_011108,80.9913371350262
STU_011109,94.63527996550033
STU_011110,99.43787495466343
STU_011111,74.9308620912951
STU_011112,76.27862291510019
STU_011113,82.64349949320304
STU_011114,91.98121009021082
STU_011115,93.8258905141576
STU_011116,85.30259374678766
STU_011117,70.78807112323614
STU_011118,71.47791002338894
STU_011119,79.33245594750142
STU_011120,78.63353681048955
STU_011121,76.10765760534655
STU_011122,60.84067615745268
STU_011123,99.03189422080908
STU_011124,62.749906533160164
STU_011125,99.66285879369488
STU_011126,87.893965901357
STU_011127,76.50659745908845
STU_011128,64.69098974345131
STU_011129,88.19232862721515
STU_011130,59.275489506662495
STU_011131,87.86884727326506
STU_011132,72.2383970420233
STU_011133,82.00074460097363
STU_011134,57.008244130421645
STU_011135,58.27108168063239
STU_011136,94.6513594641956
STU_011137,75.66066999644532
STU_011138,99.75930485453006
STU_011139,71.96090801883071
STU_011140,86.66985500802286
STU_011141,54.08807821597139
STU_011142,94.36410465763441
STU_011143,82.37972390836308
STU_011144,64.99384683920657
STU_011145,64.12801559477101
STU_011146,66.68126231551139
STU_011147,94.2996690559406
STU_011148,93.2978419031717
STU_011149,91.15521947631413
STU_011150,81.01399692318158
STU_011151,95.50659350510827
STU_011152,62.68424694885809
STU_011153,76.34349216531218
STU_011154,74.14057388779105
STU_011155,67.71690670505681
STU_011156,74.63536984534514
STU_011157,57.80172703861159
STU_011158,71.14847192728217
STU_011159,69.0926455007259
STU_011160,53.26824807132208
STU_011161,89.38718721643001
STU_011162,71.06615099748603
STU_011163,71.79682630896166
STU_011164,85.84088794729804
STU_011165,75.01232121779302
STU_011166,74.65117264190937
STU_011167,68.97354753077255
STU_011168,82.18113400940227
STU_011169,87.7017615236218
STU_011170,60.189920337725106
STU_011171,71.10238954862419
STU_011172,97.51625495803974
STU_011173,92.5444349733877
STU_011174,72.11922677211705
STU_011175,63.43749740590779
STU_011176,80.69942817215133
STU_011177,72.90519765030311
STU_011178,91.89727039983501
STU_011179,85.56269263156325
STU_011180,68.29582067482607
STU_011181,82.95822243666127
STU_011182,95.39526720723786
STU_011183,56.280719937349346
STU_011184,79.75672484346484
STU_011185,79.33804075054788
STU_011186,47.60340721955061
STU_011187,83.61008925868407
STU_011188,79.46205414705273
STU_011189,47.39686740004964
STU_011190,81.05054749000337
STU_011191,94.85065246602598
STU_011192,79.67713018409765
STU_011193,70.85415263634408
STU_011194,89.82141836085192
STU_011195,82.28146551571663
STU_011196,90.20755291374707
STU_011197,98.72338981434383
STU_011198,75.13769726503575
STU_011199,92.85990169565972
STU_011200,72.42364225820464
STU_011201,53.26941581407599
STU_011202,61.250365650762205
STU_011203,78.81208281592698
STU_011204,88.94356191936808
STU_011205,88.22256459836264
STU_011206,82.22980189726526
STU_011207,58.22300213111215
STU_011208,72.31237413902733
STU_011209,78.05585981168599
STU_011210,72.58820246309534
STU_011211,79.04286039830032
STU_011212,74.35015167166065
STU_011213,85.3956100994206
STU_011214,56.183533097578554
STU_011215,93.27059022096569
STU_011216,59.96258063811676
STU_011217,99.80803310644079
STU_011218,66.53175004268607
STU_011219,86.35407985772412
STU_011220,66.79242646549064
STU_011221,79.95046048186558
STU_011222,90.41064753377196
STU_011223,65.92314513829231
STU_011224,99.22992893892899
STU_011225,46.83368398516238
STU_011226,84.0757707327206
STU_011227,61.90463028560693
STU_011228,96.66694733525304
STU_011229,83.5413744725177
STU_011230,79.85885499284896
STU_011231,93.79164792769794
STU_011232,84.10424063710687
STU_011233,71.95443068996106
STU_011234,80.0843528548571
STU_011235,97.69273204790002
STU_011236,66.6741658130197
STU_011237,64.33239669202966
STU_011238,66.7338224616072
STU_011239,81.51195362417735
STU_011240,88.04707892314028
STU_011241,98.56666305626804
STU_011242,64.4399724793995
STU_011243,63.98599552478354
STU_011244,52.79591942098902
STU_011245,71.81634871662955
STU_011246,72.95582374635497
STU_011247,85.23311433983409
STU_011248,68.66845894280746
STU_011249,71.05136309696543
STU_011250,70.6854091448194
STU_011251,74.50908903847872
STU_011252,76.95362218543897
STU_011253,78.31376543707691
STU_011254,99.12202736805317
STU_011255,86.80928620327742
STU_011256,79.21318003375046
STU_011257,52.225044407552474
STU_011258,77.90812991619325
STU_011259,79.92328432850181
STU_011260,99.87741889122822
STU_011261,64.31753307989632
STU_011262,87.38617684754891
STU_011263,56.424323014480734
STU_011264,48.20143604906718
STU_011265,75.52587543231579
STU_011266,77.76253857825736
STU_011267,89.05636192467759
STU_011268,69.19935448667857
STU_011269,93.9872954093413
STU_011270,74.69906763914389
STU_011271,79.39617718626994
STU_011272,88.7006072368967
STU_011273,74.72270785648848
STU_011274,83.17857170170713
STU_011275,72.44415922807632
STU_011276,81.24971487300171
STU_011277,73.57334719745793
STU_011278,71.53324248774015
STU_011279,99.63142582841213
STU_011280,78.28323222712058
STU_011281,67.44905889773088
STU_011282,92.5758958093542
STU_011283,79.22559199877108
STU_011284,56.53134448797516
STU_011285,94.43092815530218
STU_011286,80.56624324728031
STU_011287,73.53337530815377
STU_011288,73.14733895371026
STU_011289,63.66726739600327
STU_011290,68.24097133673607
STU_011291,82.81146277500267
STU_011292,43.25368626639322
STU_011293,93.76301956632241
STU_011294,74.4638579283397
STU_011295,79.60207411387132
STU_011296,98.28367842860551
STU_011297,72.58808561124751
STU_011298,57.48854121745096
STU_011299,81.40504333424818
STU_011300,92.36669649494428
STU_011301,99.43974653752466
STU_011302,72.07588093519539
STU_011303,82.6470518832806
STU_011304,84.98112523760692
STU_011305,74.09968994169515
STU_011306,72.5231477545146
STU_011307,61.17385830555084
STU_011308,50.62189458968538
STU_011309,80.29428352552173
STU_011310,51.9905035455822
STU_011311,87.53015958541093
STU_011312,67.0801602607986
STU_011313,86.90641300816878
STU_011314,60.25896306386622
STU_011315,82.86421033197661
STU_011316,59.26968597133477
STU_011317,74.90986359313632
STU_011318,59.62242850470736
STU_011319,89.05964239717022
STU_011320,58.114283115551366
STU_011321,89.54263115908884
STU_011322,64.30264698804152
STU_011323,49.18839091821348
STU_011324,61.82206872546356
STU_011325,56.29914656862077
STU_011326,79.53734227388256
STU_011327,80.88292267029607
STU_011328,86.3490812903425
STU_011329,60.66844962960978
STU_011330,52.789913653582516
STU_011331,59.447990302750895
STU_011332,93.12591490009456
STU_011333,63.41489776093288
STU_011334,87.01283689951268
STU_011335,65.81190865198025
STU_011336,59.3084566785457
STU_011337,83.5478433323203
STU_011338,94.48257026151585
STU_011339,71.32884957180713
STU_011340,72.51867719844266
STU_011341,98.75888682870725
STU_011342,84.39511907771454
STU_011343,83.61287893862308
STU_011344,42.14418412382901
STU_011345,66.5136972607381
STU_011346,72.45448907223921
STU_011347,99.5923410670204
STU_011348,80.27929859276466
STU_011349,99.74115121524332
STU_011350,66.56857507017631
STU_011351,75.26863451786895
STU_011352,80.41312392604077
STU_011353,69.0434188572078
STU_011354,92.31721565082825
STU_011355,67.39031638813461
STU_011356,83.44479944418647
STU_011357,69.17452740314545
STU_011358,95.00793995076914
STU_011359,99.8603802515421
STU_011360,99.92448656964555
STU_011361,67.44156002463544
STU_011362,77.22062395975377
STU_011363,99.88057596205797
STU_011364,90.45183573034879
STU_011365,65.57568026067223
STU_011366,87.34600960595537
STU_011367,72.62004777380024
STU_011368,84.2044605435499
STU_011369,68.69004942778231
STU_011370,81.9647046985881
STU_011371,67.46043571495429
STU_011372,95.43884226542863
STU_011373,65.24639934145009
STU_011374,77.26893880061039
STU_011375,87.61038157052022
STU_011376,49.903257847233064
STU_011377,99.78716166020932
STU_011378,86.31748353317982
STU_011379,84.44727922394475
STU_011380,74.66083120074003
STU_011381,60.88930313041902
STU_011382,80.61144097566988
STU_011383,95.31845207288478
STU_011384,70.55113318506505
STU_011385,81.47017499753954
STU_011386,68.24992158548014
STU_011387,53.27560665507953
STU_011388,60.533071451506714
STU_011389,57.079386383370405
STU_011390,91.24048758192899
STU_011391,57.645262186141906
STU_011392,72.6375825784155
STU_011393,74.45582961555742
STU_011394,79.95716696674887
STU_011395,83.89963828824426
STU_011396,89.36125971908916
STU_011397,68.2885437180009
STU_011398,99.91126775747742
STU_011399,72.92648296014414
STU_011400,70.09547686454896
STU_011401,72.74856634924586
STU_011402,75.3471731415227
STU_011403,79.36685637705003
STU_011404,99.68866756128463
STU_011405,82.46380206183417
STU_011406,85.18411820234472
STU_011407,98.19667600435798
STU_011408,73.70069732274416
STU_011409,87.31187045224789
STU_011410,72.49579194376646
STU_011411,95.6557690646157
STU_011412,74.28784592926888
STU_011413,63.35078934487378
STU_011414,91.628705120176
STU_011415,74.67952345840577
STU_011416,97.72495432893521
STU_011417,78.4946876484942
STU_011418,60.07521273981201
STU_011419,72.59032950373256
STU_011420,93.05802045366778
STU_011421,91.27843052607335
STU_011422,75.53956765308078
STU_011423,62.647171470506066
STU_011424,72.36717049454164
STU_011425,69.21007609739206
STU_011426,99.1511905130673
STU_011427,64.61061464797413
STU_011428,93.38529194730503
STU_011429,74.02673208250646
STU_011430,74.14991851598083
STU_011431,77.55598882519581
STU_011432,66.71214678355938
STU_011433,94.42156219000125
STU_011434,93.6999551081777
STU_011435,70.97339363551485
STU_011436,91.06251672464212
STU_011437,61.90673042798672
STU_011438,67.05052020362422
STU_011439,73.68985453589235
STU_011440,69.78312232065986
STU_011441,75.10650628063158
STU_011442,73.68349503916774
STU_011443,70.44538555022342
STU_011444,76.67921086277752
STU_011445,67.6034007438751
STU_011446,57.715485268248116
STU_011447,92.41381290883251
STU_011448,62.112115167053844
STU_011449,70.00116970538193
STU_011450,79.60038055712195
STU_011451,81.79858513583717
STU_011452,73.65133130175408
STU_011453,74.09082639918921
STU_011454,65.54967809533667
STU_011455,49.37195598807238
STU_011456,91.00398908742235
STU_011457,68.02884505818905
STU_011458,97.10646680746183
STU_011459,71.34229867379611
STU_011460,84.3142083701506
STU_011461,77.70582333824542
STU_011462,82.9313410201241
STU_011463,79.76825016613962
STU_011464,74.21596218141413
STU_011465,66.16439832047057
STU_011466,82.34018049420564
STU_011467,72.84322896921023
STU_011468,62.14228117726235
STU_011469,70.89788139486171
STU_011470,96.85401310421841
STU_011471,59.24161793814933
STU_011472,69.37006846170941
STU_011473,78.10005426387372
STU_011474,91.34447691604677
STU_011475,86.73122559739127
STU_011476,97.37679499128349
STU_011477,98.47336233495793
STU_011478,48.22697202046428
STU_011479,66.22866978495784
STU_011480,98.93043747645899
STU_011481,71.54860319370187
STU_011482,60.9992631930657
STU_011483,96.77596408161182
STU_011484,75.6181484164042
STU_011485,76.99156476556925
STU_011486,60.88996037593272
STU_011487,77.50254818003157
STU_011488,73.43135730990345
STU_011489,72.60067674318884
STU_011490,81.8124079004088
STU_011491,56.3136655781404
STU_011492,81.76011334433375
STU_011493,95.80624882672042
STU_011494,85.50883644082018
STU_011495,83.35986187070273
STU_011496,94.7304629770055
STU_011497,73.34711973594779
STU_011498,74.7710827073128
STU_011499,79.89950715579474
STU_011500,76.46226897246014
STU_011501,64.12287406348963
STU_011502,50.46697684051335
STU_011503,89.37101671602491
STU_011504,61.95430708110855
STU_011505,71.03192579741301
STU_011506,55.67536083352406
STU_011507,68.09314725798856
STU_011508,84.2897440926116
STU_011509,68.11552056431348
STU_011510,80.93366463949056
STU_011511,97.25912014379986
STU_011512,51.15838010603339
STU_011513,79.73852803587178
STU_011514,80.58047947212553
STU_011515,65.23824197961278
STU_011516,79.82867614077038
STU_011517,88.67027499601909
STU_011518,98.29116391821795
STU_011519,62.638816063399005
STU_011520,44.33132497493552
STU_011521,48.10822436839398
STU_011522,99.9155555588816
STU_011523,75.21607175126682
STU_011524,88.50736852800067
STU_011525,99.45480344617991
STU_011526,87.97886938076545
STU_011527,90.87691015439498
STU_011528,87.39480086348422
STU_011529,82.48982632926683
STU_011530,62.16344678890563
STU_011531,77.15202483653883
STU_011532,74.37705849303995
STU_011533,74.63046562423034
STU_011534,76.3535960011636
STU_011535,67.76339177804402
STU_011536,56.915296617961204
STU_011537,53.09582168034318
STU_011538,71.05365901739032
STU_011539,70.6158449393039
STU_011540,77.68604765324378
STU_011541,79.906762898734
STU_011542,61.040806865595826
STU_011543,80.1285656655941
STU_011544,84.0501764186509
STU_011545,92.18741997472415
STU_011546,60.65996901130947
STU_011547,95.29743887299668
STU_011548,81.84830015466112
STU_011549,61.597971160702215
STU_011550,82.15831195962235
STU_011551,75.14780816893645
STU_011552,54.096423630541196
STU_011553,75.85935903515389
STU_011554,81.22359059034522
STU_011555,84.44105606953761
STU_011556,99.78685480696811
STU_011557,58.16636219784283
STU_011558,99.8964962763078
STU_011559,93.80449749706368
STU_011560,96.74162486840234
STU_011561,67.14812744762091
STU_011562,99.22583771325544
STU_011563,96.79346498037731
STU_011564,56.52519783551658
STU_011565,73.76132249560985
STU_011566,71.52776620319034
STU_011567,60.85310500023474
STU_011568,59.17003967165938
STU_011569,77.67412442533049
STU_011570,99.53871200423664
STU_011571,76.05978726454285
STU_011572,88.0789460972558
STU_011573,72.46703683316717
STU_011574,66.27265418735772
STU_011575,71.5586715952053
STU_011576,78.30777555861602
STU_011577,63.03564912588874
STU_011578,65.15156980421563
STU_011579,72.2599921826562
STU_011580,94.21705552801009
STU_011581,59.90165830626874
STU_011582,85.98246343370485
STU_011583,66.28304069042281
STU_011584,86.62770321878962
STU_011585,84.56178431337582
STU_011586,82.02029595626634
STU_011587,95.0929998170844
STU_011588,93.9766699781839
STU_011589,84.39848420435916
STU_011590,68.732014210203
STU_011591,62.28052858543499
STU_011592,94.80588725284588
STU_011593,76.48328146375755
STU_011594,98.11960308033247
STU_011595,92.91358261905992
STU_011596,74.88636989085316
STU_011597,69.13615224086863
STU_011598,79.7418390398719
STU_011599,62.959872688760726
STU_011600,58.871532891378294
STU_011601,72.74323948921304
STU_011602,89.62560135782041
STU_011603,63.657053639747005
STU_011604,83.097372874412
STU_011605,83.53960511254408
STU_011606,64.00252447600181
STU_011607,95.25284015800169
STU_011608,89.21437029136267
STU_011609,65.62783129018213
STU_011610,82.75288515250858
STU_011611,53.89777442480107
STU_011612,79.61086577691523
STU_011613,67.71844459032056
STU_011614,61.10241203684096
STU_011615,93.64253002284325
STU_011616,91.58953121011845
STU_011617,67.79981570874395
STU_011618,74.15551035910914
STU_011619,79.64404776306856
STU_011620,55.160647370696225
STU_011621,72.02498892634436
STU_011622,76.85773121511158
STU_011623,58.21465014969311
STU_011624,89.84948650608902
STU_011625,99.37903344036718
STU_011626,80.51431858971284
STU_011627,66.22711719635865
STU_011628,63.34161157484982
STU_011629,69.17903573183295
STU_011630,96.47076800243894
STU_011631,52.05360648696602
STU_011632,61.57868728624639
STU_011633,99.70035880028678
STU_011634,47.29000378303466
STU_011635,91.50554658835401
STU_011636,64.65495512160234
STU_011637,75.8248446202366
STU_011638,84.1032144051259
STU_011639,89.17782596711007
STU_011640,91.86067279595221
STU_011641,76.9112815281062
STU_011642,77.93763490504847
STU_011643,62.09940732503284
STU_011644,91.00414732800456
STU_011645,98.77955225990084
STU_011646,77.53507423004893
STU_011647,75.56436101775682
STU_011648,77.93703380816368
STU_011649,88.84353409009903
STU_011650,91.9912710526142
STU_011651,65.53279798060754
STU_011652,58.887086762755054
STU_011653,99.93792518846344
STU_011654,65.35868042301972
STU_011655,74.03192673363353
STU_011656,58.45013849040114
STU_011657,38.276003077604805
STU_011658,99.15868245515296
STU_011659,62.63152859752452
STU_011660,81.18672231732711
STU_011661,99.61493658813832
STU_011662,85.11937509579957
STU_011663,94.92958332536591
STU_011664,91.1294427090092
STU_011665,64.95575558137993
STU_011666,70.69266423497783
STU_011667,60.329428560622915
STU_011668,75.86433734932339
STU_011669,62.6527628159121
STU_011670,89.37990985167437
STU_011671,76.0985913054731
STU_011672,92.97234795820631
STU_011673,73.0469334600117
STU_011674,64.67253809150627
STU_011675,90.47764170146309
STU_011676,72.88314280498372
STU_011677,78.29999208319322
STU_011678,53.29194689943954
STU_011679,97.94655380036552
STU_011680,88.13225627358915
STU_011681,98.0699867133315
STU_011682,47.81054384416758
STU_011683,71.91577292153147
STU_011684,63.17138718501667
STU_011685,58.51353527916389
STU_011686,74.31270932464643
STU_011687,91.33003456563873
STU_011688,87.56393169665986
STU_011689,71.1210332577007
STU_011690,75.71315996682263
STU_011691,97.96946186202477
STU_011692,79.49203458509012
STU_011693,86.31015723986914
STU_011694,92.42776657802563
STU_011695,92.59737780805003
STU_011696,90.80851564341772
STU_011697,66.04322706521248
STU_011698,71.64735637933686
STU_011699,82.98455797845315
STU_011700,62.730372473452505
STU_011701,78.44692043070296
STU_011702,85.74207218685459
STU_011703,93.3617527977541
STU_011704,84.79022893056853
STU_011705,78.81253031890495
STU_011706,92.72177206956228
STU_011707,68.71142409280641
STU_011708,72.44957885210765
STU_011709,84.71215117504141
STU_011710,80.29775277292524
STU_011711,82.20006443614125
STU_011712,55.664410874538376
STU_011713,93.94421025291875
STU_011714,79.02133414398472
STU_011715,84.35753638579321
STU_011716,81.82627083908963
STU_011717,71.92234402906735
STU_011718,86.09317380797333
STU_011719,76.69710015567492
STU_011720,98.29344106261301
STU_011721,63.41007467414284
STU_011722,65.87195647340295
STU_011723,71.91173339104446
STU_011724,93.39344406827968
STU_011725,77.1764025843372
STU_011726,53.776830107090944
STU_011727,61.737957369227914
STU_011728,55.76400846156241
STU_011729,77.82847010053919
STU_011730,73.33004683884823
STU_011731,97.62605606280351
STU_011732,88.01813250859428
STU_011733,80.945781619625
STU_011734,91.05761989037161
STU_011735,79.84553450752395
STU_011736,68.79303420306128
STU_011737,69.2672210236772
STU_011738,90.23351442569117
STU_011739,90.7843172434213
STU_011740,86.3516946754508
STU_011741,79.00519778048819
STU_011742,63.90732581797924
STU_011743,55.48645478606088
STU_011744,75.63006726543134
STU_011745,65.20803849980678
STU_011746,73.09377981971778
STU_011747,88.71805641187784
STU_011748,72.20744713703802
STU_011749,72.22351606992531
STU_011750,97.7056730405835
STU_011751,68.74506564415161
STU_011752,71.35488489022923
STU_011753,48.03426325615712
STU_011754,81.60630058804391
STU_011755,77.49060070674352
STU_011756,82.51173366366223
STU_011757,75.13344103526157
STU_011758,97.50442476538714
STU_011759,72.95691863513743
STU_011760,84.97632460118086
STU_011761,89.28002289068496
STU_011762,75.86088056225371
STU_011763,79.58647837707841
STU_011764,65.75066980518085
STU_011765,80.33225979291389
STU_011766,49.50745123328199
STU_011767,63.52987105185879
STU_011768,87.2229625339686
STU_011769,64.48144142338417
STU_011770,97.89220700801829
STU_011771,66.08677305910959
STU_011772,62.90553894370592
STU_011773,62.052663481251315
STU_011774,63.215456539846016
STU_011775,82.80620143026016
STU_011776,68.84296012393307
STU_011777,74.79942281193127
STU_011778,90.97376104958764
STU_011779,80.82279160663259
STU_011780,71.988011194075
STU_011781,58.330207662207485
STU_011782,87.55641841144312
STU_011783,74.64221299588736
STU_011784,73.9999939905054
STU_011785,66.29519740963195
STU_011786,80.76254448685566
STU_011787,68.46066660457578
STU_011788,69.15002558861991
STU_011789,60.910316361724725
STU_011790,80.46550945021676
STU_011791,93.755917808205
STU_011792,80.40127532397439
STU_011793,62.05674826427063
STU_011794,59.4777709365653
STU_011795,61.011104384731226
STU_011796,97.91921050894598
STU_011797,63.2577917723099
STU_011798,67.00331670880762
STU_011799,99.81983122938706
STU_011800,67.0510086606397
STU_011801,86.16965594838439
STU_011802,89.60973474234004
STU_011803,68.79791970140548
STU_011804,70.7064454785195
STU_011805,67.83244464115711
STU_011806,70.35203954988789
STU_011807,83.81465455138137
STU_011808,91.23686490196542
STU_011809,92.64917263244143
STU_011810,90.57709941836657
STU_011811,91.10377149370495
STU_011812,68.62297840705496
STU_011813,71.67194252656776
STU_011814,95.37604397505183
STU_011815,68.90802261226902
STU_011816,73.09065996751738
STU_011817,95.98386688475671
STU_011818,75.6650198673361
STU_011819,72.65553207663976
STU_011820,71.67736589426771
STU_011821,73.81003478987635
STU_011822,99.8113410114762
STU_011823,71.71868953061997
STU_011824,72.9678847275158
STU_011825,81.37684955024345
STU_011826,69.07273976688604
STU_011827,74.38360188466632
STU_011828,73.87236880016385
STU_011829,74.12080540593237
STU_011830,64.6813912700572
STU_011831,65.58616788986876
STU_011832,67.00380402677861
STU_011833,65.43681420034046
STU_011834,60.04533129184091
STU_011835,78.80429680311292
STU_011836,74.63134103840407
STU_011837,72.55869268328709
STU_011838,66.24540591581781
STU_011839,89.25305287340294
STU_011840,83.1781661421711
STU_011841,78.02981122230887
STU_011842,59.3501041190778
STU_011843,56.24120655160069
STU_011844,87.9459219698539
STU_011845,67.57375787054333
STU_011846,89.66740784813273
STU_011847,72.65550450318176
STU_011848,97.78959145935386
STU_011849,75.50223471922138
STU_011850,68.70969280666411
STU_011851,93.23596513370025
STU_011852,88.9948753759602
STU_011853,83.59505159008953
STU_011854,74.00296830474399
STU_011855,88.13776984058555
STU_011856,85.28164507274337
STU_011857,80.18876992146889
STU_011858,82.20121495475351
STU_011859,72.960025335345
STU_011860,73.88584243543157
STU_011861,68.34157896672905
STU_011862,68.90199758304104
STU_011863,98.42800914094641
STU_011864,50.183769809247124
STU_011865,85.03936005451905
STU_011866,61.93375178210404
STU_011867,84.65558325135339
STU_011868,84.10241343295979
STU_011869,73.73178076572842
STU_011870,93.39579941657075
STU_011871,63.29879733745268
STU_011872,67.39421125092807
STU_011873,81.16730446413055
STU_011874,65.69603231149618
STU_011875,59.703608433110055
STU_011876,70.3299136547656
STU_011877,93.05123021891868
STU_011878,55.48754808637941
STU_011879,78.40767933429433
STU_011880,61.090951596057636
STU_011881,57.15042272391995
STU_011882,85.6842892371941
STU_011883,54.54430116863466
STU_011884,68.38530812908195
STU_011885,60.81560731344179
STU_011886,67.543493209885
STU_011887,77.24680238746745
STU_011888,78.86975975940246
STU_011889,42.323573679181166
STU_011890,59.1121759199336
STU_011891,85.53108112353166
STU_011892,99.87093479419175
STU_011893,91.35821570598536
STU_011894,73.02394346932087
STU_011895,94.58014529823731
STU_011896,58.15866804390511
STU_011897,70.46193113737876
STU_011898,99.88811324136725
STU_011899,58.48441650736417
STU_011900,78.35507672975942
STU_011901,78.3423799742925
STU_011902,52.24051314822724
STU_011903,73.38660263730813
STU_011904,80.67724255241359
STU_011905,70.5815843436884
STU_011906,80.32385176187961
STU_011907,87.51604526147202
STU_011908,96.28071060601309
STU_011909,51.56868310917876
STU_011910,87.27778771922803
STU_011911,72.85105348800306
STU_011912,92.80363722005151
STU_011913,72.56945867194423
STU_011914,90.64605164528055
STU_011915,84.69416109803365
STU_011916,67.64166197378923
STU_011917,87.619923968819
STU_011918,77.3031797338314
STU_011919,99.5585845453596
STU_011920,73.66797389424033
STU_011921,72.05619156567387
STU_011922,80.7442679536924
STU_011923,64.0855309416414
STU_011924,71.7007405506138
STU_011925,41.12227757625743
STU_011926,72.61591056982908
STU_011927,72.78676755965272
STU_011928,71.48043497353899
STU_011929,80.0109971345243
STU_011930,85.3039019875512
STU_011931,89.04840812432562
STU_011932,66.36243896402574
STU_011933,53.77185677300439
STU_011934,86.04889386429278
STU_011935,56.0235484950211
STU_011936,92.46127855337642
STU_011937,69.08357255145259
STU_011938,54.02865907073958
STU_011939,94.58075889304499
STU_011940,80.20185227937334
STU_011941,81.80285103821838
STU_011942,92.76362578102558
STU_011943,73.19021263554089
STU_011944,66.45223354772507
STU_011945,75.70945344570444
STU_011946,98.66970653180203
STU_011947,84.93049984947294
STU_011948,60.803285485794234
STU_011949,80.76985017733239
STU_011950,75.62242141523986
STU_011951,94.58019939452709
STU_011952,66.75985879285379
STU_011953,55.53335579733519
STU_011954,91.8020000861842
STU_011955,60.24768282458108
STU_011956,93.62447128774019
STU_011957,60.62871180908493
STU_011958,96.93231571560443
STU_011959,77.82432915647257
STU_011960,90.03326446784571
STU_011961,94.99330440922488
STU_011962,76.6874663776591
STU_011963,92.74983320525627
STU_011964,71.8199997659218
STU_011965,76.10217478459795
STU_011966,94.9885468088619
STU_011967,54.003657148926266
STU_011968,89.63534302431556
STU_011969,55.83915084603352
STU_011970,81.57330917557942
STU_011971,51.03194558583536
STU_011972,90.55891588853815
STU_011973,66.97730938684788
STU_011974,97.1942531628446
STU_011975,73.12982673560714
STU_011976,66.5120739575104
STU_011977,83.3436012197163
STU_011978,63.23275242826385
STU_011979,76.15376336484945
STU_011980,78.50198771343253
STU_011981,80.58481843007615
STU_011982,97.43777459517062
STU_011983,68.89809855690673
STU_011984,83.22191245760146
STU_011985,81.148200889895
STU_011986,71.25539752920749
STU_011987,59.96338289876515
STU_011988,80.27174407165346
STU_011989,73.91039928508604
STU_011990,93.98222842729939
STU_011991,62.32485398312802
STU_011992,43.56208121034441
STU_011993,74.71709949735722
STU_011994,63.42325215730353
STU_011995,75.08096387553948
STU_011996,70.40075678148999
STU_011997,89.78917787937199
STU_011998,93.78946282963017
STU_011999,99.44202397434891
STU_012000,90.31359666065816
STU_012001,89.57731835694716
STU_012002,73.1265871655869
STU_012003,77.84180669716245
STU_012004,69.54594573212857
STU_012005,77.61964148853015
STU_012006,92.89138061901585
STU_012007,62.56651306192463
STU_012008,75.83798416060219
STU_012009,71.55989468309696
STU_012010,40.33379433744261
STU_012011,61.41954362279313
STU_012012,73.49909459145056
STU_012013,69.15088741460076
STU_012014,53.17109366746811
STU_012015,66.69211014977793
STU_012016,50.061875046747275
STU_012017,76.98981918331663
STU_012018,90.2215159446809
STU_012019,97.22584549201858
STU_012020,57.19009141878355
STU_012021,67.15677011173523
STU_012022,73.68138317127907
STU_012023,75.47030221454116
STU_012024,96.15540842093297
STU_012025,88.77533609081749
STU_012026,63.3926661881453
STU_012027,91.78634774578876
STU_012028,95.40332220117476
STU_012029,61.55124879190389
STU_012030,87.95456780655906
STU_012031,94.08472991259438
STU_012032,65.80289435064749
STU_012033,68.46851993169102
STU_012034,96.76823399638502
STU_012035,68.40137286568135
STU_012036,69.27562897519702
STU_012037,82.30638174334277
STU_012038,62.45712828338489
STU_012039,69.79762006312731
STU_012040,97.0408403596911
STU_012041,72.21956762877946
STU_012042,90.67516513630704
STU_012043,71.92460020447736
STU_012044,76.82013976988814
STU_012045,52.881112426480925
STU_012046,84.95876377488366
STU_012047,96.87147476179133
STU_012048,56.09638782854252
STU_012049,76.39311790942374
STU_012050,78.080042630431
STU_012051,36.603913689659265
STU_012052,85.17042713541674
STU_012053,83.31637791069437
STU_012054,70.90680693081703
STU_012055,77.80981902429266
STU_012056,96.05135030709761
STU_012057,89.78035975521254
STU_012058,63.18833842731859
STU_012059,57.58330781926088
STU_012060,71.75405441650102
STU_012061,62.37700814785128
STU_012062,92.08557082211286
STU_012063,56.12195199087848
STU_012064,62.29067098321506
STU_012065,88.18988097392116
STU_012066,77.96373731031608
STU_012067,79.96138466558324
STU_012068,66.02628782521049
STU_012069,66.1310298562405
STU_012070,87.69693968764469
STU_012071,76.07577658057254
STU_012072,72.54123479798133
STU_012073,90.25442104028733
STU_012074,85.5789473603568
STU_012075,49.38128901905172
STU_012076,66.91952201551766
STU_012077,65.46122116156496
STU_012078,70.10145012125568
STU_012079,78.21812788173344
STU_012080,74.44620785072465
STU_012081,50.56538316957132
STU_012082,91.92619614426752
STU_012083,69.38317082245159
STU_012084,76.51684136818412
STU_012085,97.11573152253916
STU_012086,80.98697541922058
STU_012087,78.06933906249333
STU_012088,75.54738904807891
STU_012089,74.88265044336961
STU_012090,95.609033760137
STU_012091,86.35079471542238
STU_012092,79.73755471903962
STU_012093,74.82530338750489
STU_012094,82.11596632996681
STU_012095,61.652082734694815
STU_012096,78.23614395568998
STU_012097,79.51721241912605
STU_012098,61.86256288603562
STU_012099,76.6772593067128
STU_012100,88.63004654209364
STU_012101,94.96396852153666
STU_012102,66.89919725854075
STU_012103,77.52956479193494
STU_012104,57.81083429758078
STU_012105,83.61121874638076
STU_012106,90.91597665090688
STU_012107,78.99252549232907
STU_012108,89.38293944619144
STU_012109,72.26188299766204
STU_012110,71.99295062671251
STU_012111,49.371307369008846
STU_012112,81.95970645968723
STU_012113,93.46416843374513
STU_012114,66.75969117466776
STU_012115,72.04294393749798
STU_012116,74.36526366566648
STU_012117,94.50206241346876
STU_012118,65.92529683098441
STU_012119,94.13382611447065
STU_012120,62.37992370732928
STU_012121,72.03617163433378
STU_012122,67.62292788199807
STU_012123,82.05930321564746
STU_012124,68.5268927470541
STU_012125,77.81151128354352
STU_012126,72.86569945099143
STU_012127,73.79671302949178
STU_012128,75.17563917085829
STU_012129,74.09653588111479
STU_012130,65.34551155571549
STU_012131,48.92014108347661
STU_012132,81.68999206337236
STU_012133,79.42871031257724
STU_012134,62.20620360464714
STU_012135,65.67321420435684
STU_012136,54.698303877085436
STU_012137,67.1226045783458
STU_012138,58.32603911780749
STU_012139,67.0713148895304
STU_012140,76.45665400387664
STU_012141,63.64395669047775
STU_012142,78.98529802071275
STU_012143,99.6369947120595
STU_012144,84.13402282625064
STU_012145,76.7128225668888
STU_012146,79.01136720010608
STU_012147,66.0375430539186
STU_012148,74.76985374811073
STU_012149,81.39926163129911
STU_012150,78.21743548835866
STU_012151,79.7957225942726
STU_012152,54.444172728746
STU_012153,70.69252504905648
STU_012154,81.58221678749123
STU_012155,61.9874049658752
STU_012156,72.91992447125142
STU_012157,78.83905647018324
STU_012158,86.21321904307517
STU_012159,83.56473766857194
STU_012160,94.82063078373216
STU_012161,96.01658863973218
STU_012162,84.67907371419744
STU_012163,99.20565938439816
STU_012164,41.41128570989504
STU_012165,71.69310540832596
STU_012166,63.95662322394538
STU_012167,93.44312178666254
STU_012168,54.01438168124017
STU_012169,59.108827406514656
STU_012170,66.08963593844041
STU_012171,79.16461734741787
STU_012172,93.75176485055908
STU_012173,95.19899194977688
STU_012174,81.35961109295913
STU_012175,85.12342577827562
STU_012176,70.09288121280959
STU_012177,73.47687377181076
STU_012178,87.57817829464207
STU_012179,72.23865402586577
STU_012180,81.46407770662273
STU_012181,95.39104272591682
STU_012182,74.90457670254222
STU_012183,92.13338698883038
STU_012184,72.86829230492096
STU_012185,73.30092987452751
STU_012186,91.12227106753508
STU_012187,47.5136091024849
STU_012188,64.1842611761535
STU_012189,60.156323849038124
STU_012190,90.65286463506965
STU_012191,75.26264181380508
STU_012192,70.56724288685743
STU_012193,65.51958180730738
STU_012194,80.38018813061596
STU_012195,70.73249882864916
STU_012196,46.446456078739004
STU_012197,90.07485878578674
STU_012198,68.33449926060042
STU_012199,82.60135985638728
STU_012200,54.470570739166185
STU_012201,70.90767029725332
STU_012202,84.27549415333473
STU_012203,87.71601658383958
STU_012204,70.49407721956908
STU_012205,73.37691383622654
STU_012206,86.56549551165895
STU_012207,91.9082990738145
STU_012208,75.23518691724183
STU_012209,57.30935579009602
STU_012210,76.75612883441036
STU_012211,77.87124018506927
STU_012212,71.58390236282537
STU_012213,85.81204821376113
STU_012214,65.57150617724851
STU_012215,62.97902084277412
STU_012216,87.08111495963651
STU_012217,93.84385406922877
STU_012218,99.70273212154004
STU_012219,69.17561658379041
STU_012220,60.73810009521239
STU_012221,79.78704095723916
STU_012222,66.59158729693914
STU_012223,63.4616174555768
STU_012224,68.31121383323112
STU_012225,92.38876996519707
STU_012226,72.55327480728562
STU_012227,72.44447801643675
STU_012228,65.19314150309111
STU_012229,83.7572346991794
STU_012230,86.31046784401316
STU_012231,63.31881865187509
STU_012232,79.17076659978169
STU_012233,81.9858080190759
STU_012234,63.5894771192477
STU_012235,70.00038652174031
STU_012236,99.67884205716831
STU_012237,70.20955579273513
STU_012238,64.73388792407711
STU_012239,72.17698488618541
STU_012240,71.90030382048994
STU_012241,91.18206926809289
STU_012242,74.67611457513635
STU_012243,49.870372906425814
STU_012244,57.730822865039194
STU_012245,75.53438158728687
STU_012246,62.09352335057176
STU_012247,55.989968961589724
STU_012248,92.56052327035002
STU_012249,85.26896195266599
STU_012250,88.3303294002049
STU_012251,70.6623974931878
STU_012252,64.5485652066655
STU_012253,56.43377334718707
STU_012254,48.68578614328589
STU_012255,80.81027741719117
STU_012256,68.44355798572542
STU_012257,83.87899709380078
STU_012258,73.42579773422281
STU_012259,78.8583252085171
STU_012260,85.28174986771327
STU_012261,86.14925800821953
STU_012262,82.70571636973042
STU_012263,67.0739476364647
STU_012264,62.04775952222293
STU_012265,65.47317230662622
STU_012266,97.45304266954459
STU_012267,92.80381791284444
STU_012268,49.721645418884634
STU_012269,82.25495682106317
STU_012270,69.0895176673001
STU_012271,74.31045846583142
STU_012272,73.78204035031042
STU_012273,69.19927981021605
STU_012274,62.845556451622386
STU_012275,93.37718337165316
STU_012276,71.95564986403075
STU_012277,75.26126536598288
STU_012278,67.24889203247164
STU_012279,76.71073671953478
STU_012280,73.33231562950081
STU_012281,54.732622691039374
STU_012282,94.5900433666367
STU_012283,92.02046409655887
STU_012284,66.34538274476142
STU_012285,75.77681978704398
STU_012286,76.73129041181173
STU_012287,96.51226037715395
STU_012288,79.5450354133259
STU_012289,92.02305175936431
STU_012290,82.84979845380715
STU_012291,65.87794527027287
STU_012292,78.12843245665772
STU_012293,68.91525444477955
STU_012294,88.42650880196408
STU_012295,77.31043103329091
STU_012296,77.23296948663828
STU_012297,74.39275860353179
STU_012298,69.72186077569133
STU_012299,88.77296092531824
STU_012300,55.09250769873817
STU_012301,87.01759822630774
STU_012302,79.84866623233319
STU_012303,61.67361243027318
STU_012304,49.32890828618135
STU_012305,98.36467759891721
STU_012306,69.06215728668508
STU_012307,68.89023064408454
STU_012308,86.70049636231812
STU_012309,68.39449133436301
STU_012310,73.6599398438442
STU_012311,78.56997788980905
STU_012312,56.36965094072073
STU_012313,72.7366808201657
STU_012314,98.41151351802233
STU_012315,88.1082407381717
STU_012316,74.18387654256826
STU_012317,99.29390382615162
STU_012318,83.48165776458836
STU_012319,79.42519409626559
STU_012320,60.81775834347225
STU_012321,64.1017871227028
STU_012322,91.64067188601805
STU_012323,60.65689835108131
STU_012324,87.36955510879308
STU_012325,65.25561542172372
STU_012326,73.61182872716509
STU_012327,60.286501223632044
STU_012328,62.25487504757653
STU_012329,97.05875282942793
STU_012330,89.41304472913572
STU_012331,85.81314522694564
STU_012332,68.64033007031654
STU_012333,85.53946676050359
STU_012334,74.17237819777118
STU_012335,68.03750418207278
STU_012336,92.75094721984502
STU_012337,94.30455454654074
STU_012338,64.17060613356584
STU_012339,85.94022900940371
STU_012340,63.77255816563993
STU_012341,55.89485159859491
STU_012342,91.83865696383279
STU_012343,88.68287154105028
STU_012344,60.365532946531175
STU_012345,65.67113773483729
STU_012346,72.62358228611191
STU_012347,95.47332571590732
STU_012348,78.97647483277728
STU_012349,67.65082866540054
STU_012350,81.73769678130103
STU_012351,87.61543829596403
STU_012352,84.24872110412375
STU_012353,95.16462014115598
STU_012354,57.936083648632874
STU_012355,87.5085862215629
STU_012356,83.44109880056087
STU_012357,70.32038236029905
STU_012358,97.89061910720349
STU_012359,85.63623390587921
STU_012360,72.98218580983368
STU_012361,62.789455149269386
STU_012362,81.32661429763851
STU_012363,77.0836326834614
STU_012364,83.41079534535817
STU_012365,62.88956591616134
STU_012366,85.38817680780967
STU_012367,75.85886295451257
STU_012368,61.32074259701706
STU_012369,74.04684974203141
STU_012370,99.90717966743341
STU_012371,74.7023355749768
STU_012372,87.36665014630407
STU_012373,72.73196101634082
STU_012374,72.3813621661638
STU_012375,62.425798906853586
STU_012376,81.82815891340306
STU_012377,87.7095237303649
STU_012378,71.863047002369
STU_012379,72.09474538489832
STU_012380,95.25943521720882
STU_012381,99.76129828110027
STU_012382,66.2180098026798
STU_012383,82.94066044396908
STU_012384,98.62594384724878
STU_012385,91.8013541585126
STU_012386,80.73454387146566
STU_012387,83.52634370962122
STU_012388,82.98997215791428
STU_012389,98.60883960040098
STU_012390,73.24540209361581
STU_012391,50.1264182290013
STU_012392,79.55675224608092
STU_012393,65.23641602855795
STU_012394,69.19620321203016
STU_012395,84.50008031688562
STU_012396,82.87215832765492
STU_012397,72.75461561799774
STU_012398,83.28539957360874
STU_012399,76.06548519255787
STU_012400,78.81730636686524
STU_012401,90.21380640324568
STU_012402,99.88697765961193
STU_012403,46.66625779694127
STU_012404,74.51965949972453
STU_012405,62.54235840647032
STU_012406,64.4770036860603
STU_012407,94.15583222014195
STU_012408,83.92647437669044
STU_012409,67.45531315098415
STU_012410,42.410745356402714
STU_012411,91.39946004927783
STU_012412,72.57050650201103
STU_012413,55.861753816424795
STU_012414,97.27213142664817
STU_012415,88.98980143261258
STU_012416,91.91269285439375
STU_012417,57.78511124492368
STU_012418,86.47118175418377
STU_012419,70.80682931202905
STU_012420,53.93068897463978
STU_012421,69.94836180616342
STU_012422,83.76965212489334
STU_012423,79.90440022755845
STU_012424,86.40489036183664
STU_012425,52.33700729275442
STU_012426,83.31484130701512
STU_012427,65.06647885759524
STU_012428,87.25353685383016
STU_012429,57.478592891776344
STU_012430,72.14935868213789
STU_012431,69.48062205855996
STU_012432,58.573711846052234
STU_012433,55.42379396093661
STU_012434,90.31448467010466
STU_012435,66.52635624001995
STU_012436,70.06313208868369
STU_012437,89.87416962968548
STU_012438,55.57612088500921
STU_012439,78.32530854866485
STU_012440,72.91170547141192
STU_012441,94.2233153769912
STU_012442,99.36719125075933
STU_012443,62.47906803451403
STU_012444,88.78947339026743
STU_012445,69.78496447197357
STU_012446,86.15258859446348
STU_012447,92.26837522044414
STU_012448,73.68864680899212
STU_012449,81.29935059770452
STU_012450,70.2386708788616
STU_012451,84.36812886119114
STU_012452,80.71844018917339
STU_012453,97.39720334556601
STU_012454,87.49310047334211
STU_012455,74.58995723058223
STU_012456,92.41488384269167
STU_012457,67.04726342415081
STU_012458,82.02377775425218
STU_012459,57.56928306165801
STU_012460,83.67679747542542
STU_012461,72.76454596254244
STU_012462,70.22100899671516
STU_012463,83.043627901532
STU_012464,76.00071849101602
STU_012465,74.13000119100725
STU_012466,66.24625842831651
STU_012467,74.16693555102958
STU_012468,85.30143969435849
STU_012469,88.88651272830505
STU_012470,52.7722114813853
STU_012471,52.66963210996657
STU_012472,98.12274276233153
STU_012473,74.23251947767444
STU_012474,63.73167672267164
STU_012475,68.216169387332
STU_012476,47.52580580834544
STU_012477,99.00933977756969
STU_012478,73.37270158510464
STU_012479,63.62521947055403
STU_012480,76.59924862986804
STU_012481,89.90901747837333
STU_012482,70.61092511420716
STU_012483,61.888979948781724
STU_012484,68.3016435902495
STU_012485,77.73049562867507
STU_012486,76.10596868606156
STU_012487,66.0184106038252
STU_012488,73.78471085110483
STU_012489,80.82242358217593
STU_012490,93.82501563195555
STU_012491,60.200538428865414
STU_012492,60.84733972469119
STU_012493,58.927458963283144
STU_012494,71.7962637391631
STU_012495,74.62265493737948
STU_012496,80.03017244245189
STU_012497,90.31607613199976
STU_012498,69.47620463207835
STU_012499,74.62244904805304
STU_012500,83.46012948571534
STU_012501,94.72882698617128
STU_012502,83.41299562038319
STU_012503,84.56234895559884
STU_012504,74.96713116880412
STU_012505,83.33561424866767
STU_012506,67.07453239629086
STU_012507,84.31401299051149
STU_012508,67.28064859934803
STU_012509,84.89941060856484
STU_012510,73.75121880276726
STU_012511,76.81348759721331
STU_012512,80.68469261270766
STU_012513,70.92016602300194
STU_012514,99.8507556889569
STU_012515,90.9081372215494
STU_012516,81.93818055412444
STU_012517,99.73416902638087
STU_012518,56.0621131311737
STU_012519,75.68497385654783
STU_012520,71.52824737757068
STU_012521,94.61574387397026
STU_012522,98.63354372837772
STU_012523,81.02719586280946
STU_012524,98.43200141488192
STU_012525,93.51220004680187
STU_012526,97.71115831099895
STU_012527,90.27528009430205
STU_012528,62.233185457057644
STU_012529,98.27031422139063
STU_012530,77.63766355343823
STU_012531,77.16826594368457
STU_012532,69.43420090626202
STU_012533,86.03859362870872
STU_012534,55.752944972727576
STU_012535,83.94191495578463
STU_012536,69.63541801037553
STU_012537,50.745426219209776
STU_012538,63.06699429105378
STU_012539,87.71308476551734
STU_012540,70.63800341024927
STU_012541,99.49995244686363
STU_012542,99.34698732931507
STU_012543,73.16862254938721
STU_012544,81.40280803981612
STU_012545,68.45563452041897
STU_012546,75.30366468856215
STU_012547,99.83722339868564
STU_012548,48.2235642482262
STU_012549,73.17007001164963
STU_012550,94.97330648483535
STU_012551,93.76034666833928
STU_012552,73.87591317594791
STU_012553,80.3672580173074
STU_012554,65.18548401294206
STU_012555,49.90757864005844
STU_012556,60.99325033468659
STU_012557,81.11386963596428
STU_012558,66.65597145277772
STU_012559,93.84514403326752
STU_012560,70.26913342479988
STU_012561,58.37415192043032
STU_012562,66.12660880877243
STU_012563,81.61074867185539
STU_012564,90.50117789118495
STU_012565,99.76652123523323
STU_012566,76.33299539808357
STU_012567,64.36165052747158
STU_012568,98.51438336692406
STU_012569,65.51520190312672
STU_012570,52.895196793348276
STU_012571,54.737829020936374
STU_012572,51.31996337808605
STU_012573,76.44202148045206
STU_012574,63.181067424720396
STU_012575,66.89514157045329
STU_012576,76.40370786741889
STU_012577,99.26001573137347
STU_012578,50.78516516687428
STU_012579,78.7012756804053
STU_012580,71.07023365030949
STU_012581,65.51507953682047
STU_012582,71.66463746139343
STU_012583,63.80805842060496
STU_012584,60.759121162869945
STU_012585,71.62540043838658
STU_012586,71.15477898129365
STU_012587,71.55149477275874
STU_012588,66.7150338153318
STU_012589,47.79806739860214
STU_012590,67.28334262703821
STU_012591,70.25494609859305
STU_012592,97.37249686868782
STU_012593,97.46079750702745
STU_012594,47.65427077194531
STU_012595,60.883515246836424
STU_012596,80.9016018481618
STU_012597,70.9313099945065
STU_012598,69.45908188646965
STU_012599,70.44767672739226
STU_012600,70.41417985493828
STU_012601,74.48210982180407
STU_012602,65.94373695551391
STU_012603,92.61291551861632
STU_012604,79.45975679095318
STU_012605,76.94219308258727
STU_012606,70.29439215280547
STU_012607,59.08922451592251
STU_012608,82.53037032378107
STU_012609,61.32242632869372
STU_012610,74.67676084096311
STU_012611,69.85148700225405
STU_012612,62.79010430338937
STU_012613,94.39592571692819
STU_012614,73.3333372032141
STU_012615,75.0250646424926
STU_012616,81.7853674618859
STU_012617,58.3071344956271
STU_012618,88.76246001521938
STU_012619,80.83009405543704
STU_012620,75.06194446433864
STU_012621,90.37056491221281
STU_012622,89.84743691140488
STU_012623,91.52282719000168
STU_012624,84.07456249463189
STU_012625,89.3781100768919
STU_012626,91.48802327156727
STU_012627,85.97440584263606
STU_012628,73.21779365911539
STU_012629,81.11977531354822
STU_012630,71.87849123677445
STU_012631,68.60372098470609
STU_012632,64.56831053720748
STU_012633,78.15429364430176
STU_012634,90.73693693950219
STU_012635,78.61616710520926
STU_012636,73.30779543180032
STU_012637,79.60601341526765
STU_012638,84.85510628324558
STU_012639,94.19068996028975
STU_012640,81.94028607740236
STU_012641,66.82876110942276
STU_012642,65.3595319664264
STU_012643,79.74440616977745
STU_012644,81.30510713962539
STU_012645,54.060815083632654
STU_012646,91.28255088431604
STU_012647,81.1864547654601
STU_012648,68.41218183039172
STU_012649,78.41025326510069
STU_012650,81.10782718264508
STU_012651,77.68678608577572
STU_012652,99.17393472197504
STU_012653,90.9671508720157
STU_012654,81.13112150717922
STU_012655,73.31979607856982
STU_012656,80.06433576860755
STU_012657,97.55571744134582
STU_012658,90.1377733651362
STU_012659,83.21179695997128
STU_012660,76.1932423888826
STU_012661,92.52521428086922
STU_012662,94.8005879339122
STU_012663,68.03737605135703
STU_012664,53.304402140977786
STU_012665,90.02280438818353
STU_012666,60.431621951028845
STU_012667,80.30423852329864
STU_012668,73.49322571929551
STU_012669,62.428097677274195
STU_012670,61.32492175445809
STU_012671,69.41113718315185
STU_012672,61.774234461357466
STU_012673,56.848885515256335
STU_012674,62.959503642159916
STU_012675,72.23623906825884
STU_012676,96.05360069998375
STU_012677,60.096319897490076
STU_012678,69.57880472716471
STU_012679,75.80743096561348
STU_012680,73.96282755033
STU_012681,72.46981946160983
STU_012682,87.20967898150091
STU_012683,80.07051225364819
STU_012684,84.6972906989528
STU_012685,95.64166959028071
STU_012686,68.83150274399458
STU_012687,80.82403436290089
STU_012688,82.98977174657412
STU_012689,69.36263672517694
STU_012690,63.04622209836356
STU_012691,80.1195723317797
STU_012692,79.42976531332489
STU_012693,84.74009287478819
STU_012694,60.54440612286519
STU_012695,69.91873709511125
STU_012696,62.10910361608232
STU_012697,79.31245460857164
STU_012698,63.173753777536064
STU_012699,76.90417686086138
STU_012700,68.24709490044063
STU_012701,99.84006185825368
STU_012702,75.80407082884255
STU_012703,68.47212936974292
STU_012704,70.50154295040636
STU_012705,62.297869866267376
STU_012706,73.92321104378992
STU_012707,98.34374576641343
STU_012708,55.097927953227185
STU_012709,64.85367068593439
STU_012710,95.58793659252731
STU_012711,66.4316199433911
STU_012712,66.86278767496106
STU_012713,64.58628976873113
STU_012714,88.07936304296337
STU_012715,69.96365813999408
STU_012716,78.61331677263874
STU_012717,67.04023263411213
STU_012718,85.85535631768883
STU_012719,60.09772818826313
STU_012720,81.35630271474213
STU_012721,76.26321696185028
STU_012722,47.24841470217817
STU_012723,80.33686428906475
STU_012724,91.49463828251834
STU_012725,61.00965603722003
STU_012726,55.110631547069886
STU_012727,62.84715282721561
STU_012728,87.50356197367927
STU_012729,64.04901075188002
STU_012730,84.22310679543756
STU_012731,99.27325165397042
STU_012732,81.78722781184621
STU_012733,53.91065632356863
STU_012734,83.22495865772572
STU_012735,62.12021121803845
STU_012736,99.95481832764095
STU_012737,73.71073948282543
STU_012738,77.0331146604937
STU_012739,81.45583131713668
STU_012740,89.66150665204896
STU_012741,48.699400565506835
STU_012742,67.09388743048189
STU_012743,77.25206624691222
STU_012744,80.19969279189861
STU_012745,61.8533951167772
STU_012746,82.8852159587467
STU_012747,62.602888255605535
STU_012748,93.08214194988352
STU_012749,84.57868722815275
STU_012750,68.61287027679617
STU_012751,52.88271040024749
STU_012752,73.25180460327567
STU_012753,69.90527329028573
STU_012754,59.11417340875178
STU_012755,89.44317850619166
STU_012756,62.63477024092842
STU_012757,47.9223921945137
STU_012758,88.18852895592264
STU_012759,60.18049198620661
STU_012760,76.75735372571421
STU_012761,59.90087889360815
STU_012762,87.30247574877163
STU_012763,97.67073462121562
STU_012764,97.09959654273301
STU_012765,88.14348682882621
STU_012766,62.441589442903656
STU_012767,95.35390695476684
STU_012768,88.3529513105552
STU_012769,76.18750834601951
STU_012770,52.651294940524615
STU_012771,54.08941691849658
STU_012772,99.218352982138
STU_012773,62.4298160882977
STU_012774,74.95881942124305
STU_012775,64.14892717975047
STU_012776,79.36130023181244
STU_012777,48.61870953626157
STU_012778,70.92320926284921
STU_012779,73.72050191087207
STU_012780,72.39212730969419
STU_012781,84.42782805053747
STU_012782,53.79806193066182
STU_012783,99.14559315767221
STU_012784,52.22290005577824
STU_012785,73.71191456245742
STU_012786,50.372651831941894
STU_012787,64.75667715563272
STU_012788,91.8679606150338
STU_012789,77.10205756169705
STU_012790,98.91617262823397
STU_012791,82.88624692021557
STU_012792,69.94329516205926
STU_012793,88.75470313466468
STU_012794,75.00062254188687
STU_012795,95.63352498776683
STU_012796,67.08887796101968
STU_012797,60.24644060192428
STU_012798,98.63299785417414
STU_012799,87.78607234874872
STU_012800,49.99377234169488
STU_012801,66.63387292258025
STU_012802,72.05178513229936
STU_012803,91.99628559836752
STU_012804,59.69328157312316
STU_012805,73.22140989054095
STU_012806,79.06913281613197
STU_012807,66.2782911675405
STU_012808,81.7032918543008
STU_012809,83.9997298282527
STU_012810,85.43195610806796
STU_012811,76.9074478005723
STU_012812,69.05452052888391
STU_012813,80.87319267677401
STU_012814,64.53629205843563
STU_012815,68.19034536582767
STU_012816,80.64472646093925
STU_012817,68.78717032534954
STU_012818,90.19554456546284
STU_012819,52.66774126511636
STU_012820,87.77872454815338
STU_012821,74.19280465794714
STU_012822,87.14535652110328
STU_012823,78.26578802651326
STU_012824,80.02040129252046
STU_012825,56.87805897016349
STU_012826,84.72589523070948
STU_012827,59.13915703705338
STU_012828,91.51582276787092
STU_012829,69.01477623838204
STU_012830,76.3063114587948
STU_012831,65.94771343923412
STU_012832,95.71927773928653
STU_012833,88.51984488039062
STU_012834,72.87790835677995
STU_012835,70.67380849637658
STU_012836,81.04787530393938
STU_012837,63.396839133223544
STU_012838,63.00105688074578
STU_012839,65.13625691693827
STU_012840,89.20593000210044
STU_012841,71.57901332466912
STU_012842,74.40649512256536
STU_012843,83.11118422532702
STU_012844,76.82544109700464
STU_012845,63.22153540807308
STU_012846,72.76626867346714
STU_012847,75.4249587747923
STU_012848,74.03219510421047
STU_012849,87.04475766967127
STU_012850,78.45074934302828
STU_012851,84.1560632248155
STU_012852,91.80503225016793
STU_012853,61.79591935501955
STU_012854,87.9667163850045
STU_012855,81.78887346891034
STU_012856,69.04181139937705
STU_012857,98.46152790391011
STU_012858,85.73915593734324
STU_012859,64.1440367465817
STU_012860,84.19399820250749
STU_012861,65.90824219132395
STU_012862,76.19664680364173
STU_012863,95.33887190811498
STU_012864,78.98957342050235
STU_012865,65.90259543903903
STU_012866,76.2421355707281
STU_012867,89.59529596867606
STU_012868,83.33155208632832
STU_012869,65.04507588837757
STU_012870,84.14172662646934
STU_012871,87.93109977070873
STU_012872,89.39099925099288
STU_012873,61.14447607654134
STU_012874,76.64194673948433
STU_012875,71.05918186183234
STU_012876,49.45254877501659
STU_012877,79.00691163728305
STU_012878,99.14247791785786
STU_012879,77.63033573055282
STU_012880,85.06584356437824
STU_012881,98.13681126231593
STU_012882,90.13066629587588
STU_012883,63.8533831033986
STU_012884,78.7368543579646
STU_012885,77.19254240452017
STU_012886,55.68434727125383
STU_012887,75.44594547507351
STU_012888,70.09768405372249
STU_012889,67.58766706156484
STU_012890,68.87729041705039
STU_012891,70.98903016745669
STU_012892,73.2796844295369
STU_012893,85.86817804361894
STU_012894,72.3642351810606
STU_012895,94.77275161145975
STU_012896,75.1549077029548
STU_012897,74.55296043836763
STU_012898,93.74638540653514
STU_012899,81.43481683558142
STU_012900,79.42723031792053
STU_012901,71.13480178736853
STU_012902,88.41255943903911
STU_012903,64.41236029852988
STU_012904,84.23758117626163
STU_012905,60.51932555797552
STU_012906,98.51520900743036
STU_012907,50.05922735650955
STU_012908,89.70778479980625
STU_012909,66.78283451828412
STU_012910,33.24683136474549
STU_012911,82.70542741240767
STU_012912,51.916081865878404
STU_012913,61.62891009125654
STU_012914,74.09722565262479
STU_012915,55.506535472121854
STU_012916,64.80867077985062
STU_012917,94.76233822797923
STU_012918,55.79308804284143
STU_012919,96.97211075606117
STU_012920,78.36805557965978
STU_012921,57.75522396279129
STU_012922,74.4262220152186
STU_012923,63.27634546761455
STU_012924,74.33074799309267
STU_012925,74.62560139836692
STU_012926,61.57067836170947
STU_012927,87.37218728740288
STU_012928,61.643459469922306
STU_012929,62.55838425567099
STU_012930,69.63765318471454
STU_012931,88.96045244051594
STU_012932,63.10243083218379
STU_012933,69.83059471473291
STU_012934,70.6465729861265
STU_012935,65.40155412611995
STU_012936,66.60246780118605
STU_012937,73.37647237805214
STU_012938,94.73219897254914
STU_012939,48.93505072307356
STU_012940,68.89594671418206
STU_012941,52.41233244724022
STU_012942,72.69228587617661
STU_012943,72.59217760186112
STU_012944,79.59735652116576
STU_012945,90.73214709835489
STU_012946,53.176619648855855
STU_012947,74.29596862773059
STU_012948,86.52051283954447
STU_012949,98.3260147302242
STU_012950,78.06390838550493
STU_012951,88.01711540231928
STU_012952,73.17022224649573
STU_012953,81.63863110300589
STU_012954,80.68719285148651
STU_012955,88.81495662210324
STU_012956,73.68055297760363
STU_012957,66.72388421247558
STU_012958,75.62136375422907
STU_012959,80.7131146054548
STU_012960,78.95161979913397
STU_012961,80.18733819544323
STU_012962,56.31985240660225
STU_012963,66.97805995955252
STU_012964,90.51636342833523
STU_012965,75.77813418784339
STU_012966,73.66435863545082
STU_012967,70.68412386948346
STU_012968,76.18679886906475
STU_012969,76.1694167582196
STU_012970,54.56012444253102
STU_012971,77.29034525687644
STU_012972,79.52295163893302
STU_012973,53.82593984239189
STU_012974,58.737217650851335
STU_012975,55.40615242665032
STU_012976,85.03105436548796
STU_012977,77.57972755030939
STU_012978,91.60843306043996
STU_012979,66.70841234026452
STU_012980,70.93629351394247
STU_012981,89.21658787659234
STU_012982,68.76633974283443
STU_012983,99.07316193528592
STU_012984,53.84277627626358
STU_012985,64.49815114244865
STU_012986,64.05959215723627
STU_012987,50.963920674389904
STU_012988,86.3304165631867
STU_012989,97.46634537635967
STU_012990,62.071207380490534
STU_012991,71.19556166912818
STU_012992,52.12895145212691
STU_012993,99.78384636256357
STU_012994,81.42790422918608
STU_012995,65.06454334876805
STU_012996,58.126662361864206
STU_012997,86.96271654146923
STU_012998,79.30388085780777
STU_012999,89.66782367673505
STU_013000,92.0016108522816
STU_013001,99.4589342174643
STU_013002,88.15944110562214
STU_013003,76.18329697862217
STU_013004,89.44814408793309
STU_013005,73.19431828532734
STU_013006,80.97259521301086
STU_013007,78.3310892795213
STU_013008,86.44539349877434
STU_013009,86.73229990047346
STU_013010,76.79885370042987
STU_013011,53.4739662203349
STU_013012,56.95688378782452
STU_013013,91.92392853830546
STU_013014,89.12314673083512
STU_013015,81.7063315272558
STU_013016,61.11840964113969
STU_013017,91.78689210341383
STU_013018,79.72446625200516
STU_013019,87.36861702340659
STU_013020,54.065491631275094
STU_013021,70.69986260366802
STU_013022,99.0238502102631
STU_013023,78.45833059901861
STU_013024,90.9892675810211
STU_013025,70.93769707518729
STU_013026,67.8011971024605
STU_013027,71.9481227706088
STU_013028,83.56966168207363
STU_013029,73.96935721436006
STU_013030,76.831031916331
STU_013031,66.85522261634208
STU_013032,99.80550793879985
STU_013033,68.01123915286622
STU_013034,98.82341475630369
STU_013035,92.2261592437097
STU_013036,57.77790331849092
STU_013037,88.46773121462357
STU_013038,78.38032960893315
STU_013039,85.58087719619081
STU_013040,98.82326962774067
STU_013041,80.2634122663915
STU_013042,59.65846153314394
STU_013043,95.03379129220482
STU_013044,66.92882803178735
STU_013045,88.81690326321743
STU_013046,62.9985749911328
STU_013047,67.82673955259756
STU_013048,93.80643259585452
STU_013049,83.49454483886205
STU_013050,84.80721337719476
STU_013051,92.23442851569831
STU_013052,65.35253724442417
STU_013053,72.31836888495783
STU_013054,65.69777249295096
STU_013055,86.86398815899679
STU_013056,79.34755745238101
STU_013057,53.00005190352702
STU_013058,59.04516623132348
STU_013059,91.21404869107562
STU_013060,61.8045919144047
STU_013061,56.694585370382626
STU_013062,99.47194275179405
STU_013063,82.95182927651607
STU_013064,63.3518617510488
STU_013065,49.38441915811282
STU_013066,99.66618597005508
STU_013067,78.30431517159721
STU_013068,89.804580333777
STU_013069,98.11750743092122
STU_013070,62.34027402642349
STU_013071,83.12359216443602
STU_013072,88.55867910536021
STU_013073,72.07762986181376
STU_013074,74.4320159121676
STU_013075,49.53328962355406
STU_013076,79.2363243557308
STU_013077,91.34317643455336
STU_013078,72.35870972372365
STU_013079,86.28094971241137
STU_013080,73.08572431373835
STU_013081,78.0930282810834
STU_013082,58.61243651208622
STU_013083,62.9255396691318
STU_013084,69.23682945891045
STU_013085,77.85569032248851
STU_013086,78.51554010895927
STU_013087,66.99844614347307
STU_013088,79.32770886854509
STU_013089,65.16051366377462
STU_013090,98.85868551239417
STU_013091,61.17317337411515
STU_013092,65.50477377639278
STU_013093,83.6575568542677
STU_013094,92.02760679804379
STU_013095,73.26196642934497
STU_013096,78.19408703924202
STU_013097,82.81515295005207
STU_013098,83.32102665592711
STU_013099,59.02842002852094
STU_013100,75.17014529598885
STU_013101,85.29349496475449
STU_013102,95.33418729218613
STU_013103,74.65002991091046
STU_013104,79.3687666203987
STU_013105,61.76115521330722
STU_013106,89.07014741552764
STU_013107,53.939813189810934
STU_013108,96.18551659268849
STU_013109,88.59999910204634
STU_013110,59.93236573890061
STU_013111,99.83820724073337
STU_013112,98.36137775238001
STU_013113,76.64849376882488
STU_013114,65.36183748228483
STU_013115,77.89210214850534
STU_013116,59.49154704257539
STU_013117,64.6907015155053
STU_013118,70.73874381690808
STU_013119,80.29166852671715
STU_013120,64.41264311736866
STU_013121,90.17209475144077
STU_013122,75.8455395312973
STU_013123,94.46226268852703
STU_013124,97.12476785268449
STU_013125,87.67828543682847
STU_013126,67.53424705049586
STU_013127,71.084675341429
STU_013128,84.07542033808312
STU_013129,76.75236603104042
STU_013130,97.93179517812241
STU_013131,50.98975707202433
STU_013132,80.17818292129843
STU_013133,97.08975407241297
STU_013134,69.79687638409092
STU_013135,69.8517494692408
STU_013136,66.8491190617457
STU_013137,82.43563345601474
STU_013138,69.54057187975877
STU_013139,79.5472344493736
STU_013140,99.8843790379077
STU_013141,76.83282818313265
STU_013142,58.61558070679813
STU_013143,72.6540510876593
STU_013144,63.687128118040505
STU_013145,57.82032365133635
STU_013146,50.74115794129693
STU_013147,80.5354595930234
STU_013148,71.09185691804058
STU_013149,87.39704683181355
STU_013150,79.76473896956631
STU_013151,76.28137474391602
STU_013152,86.9923993646189
STU_013153,69.66715572427907
STU_013154,77.01249476428077
STU_013155,99.03612098730028
STU_013156,77.34588381372907
STU_013157,72.4739119757503
STU_013158,87.01846914375041
STU_013159,81.73009120984449
STU_013160,62.82594546689557
STU_013161,64.77959309387529
STU_013162,59.28242562109301
STU_013163,89.56593482705807
STU_013164,65.79005221496196
STU_013165,69.15761285154852
STU_013166,49.69760158475967
STU_013167,94.42738690054695
STU_013168,75.16271314339234
STU_013169,76.9514815547466
STU_013170,73.92118558568495
STU_013171,81.48127256507469
STU_013172,66.6753564061103
STU_013173,85.68272993693043
STU_013174,61.144656523188985
STU_013175,51.35540380494088
STU_013176,91.00281691780373
STU_013177,63.69254977646909
STU_013178,85.72701463982702
STU_013179,71.43619228820732
STU_013180,88.07495589207355
STU_013181,86.06121202202796
STU_013182,70.10118568254381
STU_013183,81.63970318132135
STU_013184,75.48861482912176
STU_013185,68.63948793968281
STU_013186,61.37306600540678
STU_013187,65.96335922551579
STU_013188,93.85337904494
STU_013189,98.52716057724237
STU_013190,78.38871012842645
STU_013191,97.99585986328343
STU_013192,84.39906000236161
STU_013193,82.36641371407464
STU_013194,98.06448636369859
STU_013195,87.80911792574773
STU_013196,80.60856937010345
STU_013197,50.48656655630063
STU_013198,66.84259512622329
STU_013199,79.87857083564339
STU_013200,51.21206393308438
STU_013201,80.99621676342042
STU_013202,61.57946062593514
STU_013203,71.06946022803996
STU_013204,60.677480975424416
STU_013205,81.14131375651013
STU_013206,69.16962722990789
STU_013207,72.8856800426235
STU_013208,69.84354010059599
STU_013209,75.45517322761
STU_013210,49.575642150893614
STU_013211,71.47612413745499
STU_013212,59.12903940335519
STU_013213,72.33031424758514
STU_013214,95.70155922115697
STU_013215,47.28683598100663
STU_013216,99.33434079211287
STU_013217,94.7981880042735
STU_013218,69.47424732938936
STU_013219,83.15840504248254
STU_013220,98.11721046415647
STU_013221,62.947630309454354
STU_013222,64.29461243974916
STU_013223,88.64057709346798
STU_013224,71.42588916150105
STU_013225,50.148230020584336
STU_013226,79.89630169234769
STU_013227,87.304417814128
STU_013228,68.0857655909077
STU_013229,65.91088963204547
STU_013230,72.20486906708493
STU_013231,64.02274118512565
STU_013232,66.4359083046711
STU_013233,92.99966449762394
STU_013234,65.62457091279332
STU_013235,69.25571305124998
STU_013236,91.44078707916546
STU_013237,64.76146803321485
STU_013238,76.15569988174667
STU_013239,74.52248167444287
STU_013240,62.64962949329008
STU_013241,67.74528214357004
STU_013242,71.15776634829588
STU_013243,63.53037856854084
STU_013244,75.55797404070701
STU_013245,66.12202031526434
STU_013246,67.96563348407345
STU_013247,99.10038734905109
STU_013248,95.1350114256401
STU_013249,46.9636075049017
STU_013250,73.06496294598965
STU_013251,82.59521905321503
STU_013252,88.0757991409008
STU_013253,70.24248692485952
STU_013254,96.73474701934279
STU_013255,77.41856928661727
STU_013256,71.67004969519942
STU_013257,80.69410950362166
STU_013258,62.162027842057086
STU_013259,58.56551831072383
STU_013260,69.45350621241543
STU_013261,69.47165720830198
STU_013262,58.265447148043684
STU_013263,57.04780921814644
STU_013264,93.06030065458418
STU_013265,78.60181363475424
STU_013266,70.08224298568398
STU_013267,71.39879723259432
STU_013268,61.420402298191775
STU_013269,81.55252086972204
STU_013270,97.34429968178236
STU_013271,66.65126275458536
STU_013272,79.92618563935434
STU_013273,65.76969108234171
STU_013274,78.62617309260332
STU_013275,64.04402503022936
STU_013276,60.34731974128977
STU_013277,62.21614233402802
STU_013278,60.149673548421376
STU_013279,60.116409537092636
STU_013280,91.30567874202589
STU_013281,95.80607241489491
STU_013282,94.42605379914436
STU_013283,77.49321615608278
STU_013284,76.29906015768582
STU_013285,71.34045238215313
STU_013286,66.09582688381127
STU_013287,95.36544527796414
STU_013288,85.40583676819287
STU_013289,96.78882304370168
STU_013290,78.61372453278514
STU_013291,87.5799833333293
STU_013292,85.53060910683286
STU_013293,73.73207741645211
STU_013294,90.47653692884482
STU_013295,71.71434224409116
STU_013296,77.48678952841493
STU_013297,76.1710985027741
STU_013298,55.88732880821435
STU_013299,85.03789448896654
STU_013300,71.47109588701072
STU_013301,87.22518192768845
STU_013302,85.21461645413481
STU_013303,89.35653387435991
STU_013304,83.76477116204711
STU_013305,70.76925894078698
STU_013306,68.03268995170978
STU_013307,77.0617569834085
STU_013308,96.52849842609703
STU_013309,70.2223825530557
STU_013310,56.10996412004738
STU_013311,92.2631931364607
STU_013312,54.11138420147627
STU_013313,66.72493260355199
STU_013314,68.62751137887545
STU_013315,67.1682321333014
STU_013316,76.93696055213776
STU_013317,74.64702231117494
STU_013318,47.438563693470925
STU_013319,71.70854694138077
STU_013320,81.78562784670979
STU_013321,79.22730625610215
STU_013322,99.09422438451118
STU_013323,95.677807942013
STU_013324,85.07627720039446
STU_013325,77.89599385995812
STU_013326,73.8137608453506
STU_013327,75.26906752226242
STU_013328,65.15966673822592
STU_013329,82.9417681937552
STU_013330,63.970056130582776
STU_013331,71.6019686573735
STU_013332,68.08300651348796
STU_013333,60.73519821300822
STU_013334,70.469206061078
STU_013335,65.28968642484587
STU_013336,82.5904951796779
STU_013337,52.98829848255709
STU_013338,65.20046882800764
STU_013339,72.80916001532565
STU_013340,94.08681724223825
STU_013341,74.21482362128995
STU_013342,84.34240001888922
STU_013343,69.6034072080931
STU_013344,79.40854995922749
STU_013345,64.76631491974638
STU_013346,96.83588476840197
STU_013347,79.8344607347386
STU_013348,83.49614521943468
STU_013349,99.12734281741248
STU_013350,62.64457067638476
STU_013351,83.98256636887446
STU_013352,70.65412673835147
STU_013353,62.70247363181086
STU_013354,56.06167991761485
STU_013355,88.37705402600508
STU_013356,59.52881301718088
STU_013357,65.72879442212667
STU_013358,70.143892854516
STU_013359,73.9769034407189
STU_013360,75.04588875660932
STU_013361,70.79425989608154
STU_013362,87.60351338215351
STU_013363,73.6723794587532
STU_013364,67.38181459513291
STU_013365,83.65003943524965
STU_013366,99.48464220639524
STU_013367,82.77409824126389
STU_013368,87.72242633921277
STU_013369,54.37923070132955
STU_013370,83.07406543127485
STU_013371,69.44083548481903
STU_013372,75.0541941755242
STU_013373,74.41468839702907
STU_013374,91.66739252991061
STU_013375,90.25074890428047
STU_013376,41.71233577615603
STU_013377,79.09853923792704
STU_013378,62.801825503527155
STU_013379,78.84107399787072
STU_013380,86.14759147660884
STU_013381,97.53994368955998
STU_013382,99.41526268454243
STU_013383,59.54164936898056
STU_013384,61.88945535215978
STU_013385,64.12758665149843
STU_013386,98.92536267650138
STU_013387,52.450891237746255
STU_013388,83.9166984962634
STU_013389,65.60347677002108
STU_013390,65.57373125838836
STU_013391,85.91174583493103
STU_013392,98.12039186612147
STU_013393,68.87500407428203
STU_013394,99.51832949264346
STU_013395,61.157943771240596
STU_013396,65.73877542561328
STU_013397,99.6843734773891
STU_013398,92.67337477903985
STU_013399,63.226271474263754
STU_013400,65.37176444067501
STU_013401,99.8194533645514
STU_013402,76.68082670754379
STU_013403,93.50427722593076
STU_013404,65.13697347021736
STU_013405,77.51883079076237
STU_013406,99.7234467665015
STU_013407,70.34490748476796
STU_013408,64.02615219667967
STU_013409,58.7963159285771
STU_013410,74.68764290054946
STU_013411,62.76809680846428
STU_013412,65.52772979920134
STU_013413,75.94540507185673
STU_013414,86.57509868631752
STU_013415,74.94554814216266
STU_013416,53.756011277364806
STU_013417,77.95646509940491
STU_013418,48.90359098036194
STU_013419,63.0734362781706
STU_013420,98.48086275084262
STU_013421,99.46345313988677
STU_013422,90.72694086543734
STU_013423,55.451746538139716
STU_013424,98.1926076320452
STU_013425,80.1093516188874
STU_013426,52.02390464035646
STU_013427,68.64288607250964
STU_013428,73.77857231215839
STU_013429,93.95280826600799
STU_013430,66.04027666246378
STU_013431,62.2622090211339
STU_013432,78.16753460540095
STU_013433,94.40426918104282
STU_013434,94.11375182097885
STU_013435,94.57761139438534
STU_013436,74.06650359399242
STU_013437,73.28916806241463
STU_013438,76.3745604112573
STU_013439,89.83425561908695
STU_013440,74.9933330393008
STU_013441,94.80421517740828
STU_013442,98.50789411272655
STU_013443,68.1794782181048
STU_013444,82.54515666791819
STU_013445,80.19004718913574
STU_013446,90.9915019377434
STU_013447,89.20829362880048
STU_013448,82.12443829841584
STU_013449,73.4593569298739
STU_013450,95.97341280587065
STU_013451,70.1629632373291
STU_013452,78.7933817903097
STU_013453,82.10240924853568
STU_013454,67.71567960409365
STU_013455,97.09994340153847
STU_013456,71.41340502949353
STU_013457,66.2072985035093
STU_013458,74.5933016892078
STU_013459,59.04741082088076
STU_013460,59.467324458456616
STU_013461,74.70473798163027
STU_013462,55.61994184360516
STU_013463,81.30133150333026
STU_013464,58.12243342057411
STU_013465,64.3119185057779
STU_013466,87.60665217440213
STU_013467,59.805916532275106
STU_013468,93.06949474720176
STU_013469,78.36744680925574
STU_013470,90.3125871571434
STU_013471,78.54660827388281
STU_013472,82.62747387524806
STU_013473,62.89173228951959
STU_013474,79.04507309144577
STU_013475,89.54227229667035
STU_013476,79.90435147381841
STU_013477,65.05418643658871
STU_013478,77.35664158997773
STU_013479,69.84285868099839
STU_013480,83.4371619474541
STU_013481,77.86924452355032
STU_013482,77.96082831792017
STU_013483,79.15236100000934
STU_013484,85.99095426038335
STU_013485,94.96430374115496
STU_013486,53.983282763918126
STU_013487,79.57720209247913
STU_013488,78.51994148345676
STU_013489,73.06803174332052
STU_013490,74.27073082811674
STU_013491,84.42454809310328
STU_013492,77.26722156030164
STU_013493,63.67481445704461
STU_013494,72.77810203159139
STU_013495,83.05155038815987
STU_013496,85.99601438267669
STU_013497,48.40676096624749
STU_013498,71.75115246050143
STU_013499,83.62581700485048
STU_013500,65.25288493201305
STU_013501,85.99723854814765
STU_013502,79.93852662257979
STU_013503,71.87588593816274
STU_013504,87.89845345611242
STU_013505,70.28540127178285
STU_013506,96.8688165160248
STU_013507,64.8797340211739
STU_013508,74.87075703356338
STU_013509,86.84458433197895
STU_013510,64.35428211729624
STU_013511,81.45742024615464
STU_013512,66.26483926164079
STU_013513,50.81457406430303
STU_013514,86.40491774928422
STU_013515,69.54775480200493
STU_013516,99.67359619533912
STU_013517,81.12750741206143
STU_013518,76.42666346966448
STU_013519,99.8218298684368
STU_013520,72.61916643405041
STU_013521,63.68483186277038
STU_013522,66.89376289708736
STU_013523,97.92981470750208
STU_013524,79.5768402828021
STU_013525,71.62982017138081
STU_013526,77.16151584190803
STU_013527,64.99690498161249
STU_013528,54.85541954856231
STU_013529,98.19030405467642
STU_013530,69.47284990087383
STU_013531,95.07107117028966
STU_013532,54.780502075399404
STU_013533,72.50655930436704
STU_013534,91.52732071480136
STU_013535,95.89049139340361
STU_013536,86.51007438975498
STU_013537,75.2281772440958
STU_013538,95.31375670730995
STU_013539,70.34152978586917
STU_013540,99.68649689126619
STU_013541,65.37982676174126
STU_013542,85.15826927734898
STU_013543,71.29122002282614
STU_013544,73.84307977823025
STU_013545,86.91593160766797
STU_013546,98.68141678083018
STU_013547,98.92664352462336
STU_013548,80.10228528621153
STU_013549,62.10989780324357
STU_013550,75.01671771494122
STU_013551,65.44873952767884
STU_013552,82.4363577311853
STU_013553,72.59686038162641
STU_013554,71.94043645535746
STU_013555,61.28612980036721
STU_013556,88.75081060374598
STU_013557,66.15617029417763
STU_013558,68.61718109842153
STU_013559,88.89475869030127
STU_013560,52.77712260426026
STU_013561,69.17765705763483
STU_013562,91.46260686882121
STU_013563,89.06249132754158
STU_013564,56.615170816898896
STU_013565,81.12583016120212
STU_013566,71.28398401414942
STU_013567,95.82705201709366
STU_013568,72.83923082042847
STU_013569,73.1503174575781
STU_013570,70.93735391262547
STU_013571,73.32958381980788
STU_013572,58.163539886385536
STU_013573,66.26937541992027
STU_013574,75.25029652233073
STU_013575,53.18573924566597
STU_013576,70.44516830541318
STU_013577,61.225538151601754
STU_013578,72.46512501678379
STU_013579,73.35368102849452
STU_013580,84.86739357812377
STU_013581,56.3841194356221
STU_013582,75.44183419123209
STU_013583,67.20290317373104
STU_013584,73.21073966774964
STU_013585,64.09573621049684
STU_013586,60.65713939471536
STU_013587,98.38271348817315
STU_013588,67.41546467113179
STU_013589,75.93446776614633
STU_013590,81.94200905871251
STU_013591,89.53486704758808
STU_013592,99.68014865558601
STU_013593,97.35555577675305
STU_013594,70.72267189194665
STU_013595,60.03242213986864
STU_013596,87.23243367449564
STU_013597,66.35764305319003
STU_013598,76.5192124631819
STU_013599,71.58852465204129
STU_013600,98.35749172572997
STU_013601,68.19706407831245
STU_013602,62.13425693476741
STU_013603,94.20443001652336
STU_013604,67.20179669341394
STU_013605,90.46984795551796
STU_013606,71.49312179341824
STU_013607,42.363878150306164
STU_013608,79.4517709805561
STU_013609,80.70646154766405
STU_013610,95.46774249070182
STU_013611,95.28266444197389
STU_013612,60.254881523014234
STU_013613,76.865570673425
STU_013614,51.574069320994255
STU_013615,81.95378473661106
STU_013616,81.20346106024246
STU_013617,64.79827441181814
STU_013618,60.697786362882155
STU_013619,66.73887542642626
STU_013620,74.72150464879422
STU_013621,73.60250397160132
STU_013622,60.47104693536501
STU_013623,50.671382416279826
STU_013624,50.433058976243025
STU_013625,81.32635481552033
STU_013626,76.00513697747999
STU_013627,83.95574574573126
STU_013628,96.5517147073226
STU_013629,79.04651644347054
STU_013630,72.78567587943667
STU_013631,66.17902319641489
STU_013632,57.04868324503064
STU_013633,94.75480075682893
STU_013634,66.03822920871396
STU_013635,97.89862311928823
STU_013636,69.89692691133851
STU_013637,80.06310507439831
STU_013638,79.66207030935163
STU_013639,64.59067094923674
STU_013640,78.19608550844171
STU_013641,88.61652222334382
STU_013642,72.61619121844033
STU_013643,79.89432682112108
STU_013644,61.1174392165075
STU_013645,71.64587523092189
STU_013646,92.96506389168846
STU_013647,84.07562599454712
STU_013648,97.41984060041966
STU_013649,75.79217533503225
STU_013650,95.9354248224235
STU_013651,71.11707620823918
STU_013652,66.76010864525217
STU_013653,90.343042005017
STU_013654,76.81040475520038
STU_013655,74.81008906813317
STU_013656,98.3195068099757
STU_013657,64.46388093612302
STU_013658,81.49721533327238
STU_013659,66.01961328937986
STU_013660,66.57411125111915
STU_013661,76.66540972280602
STU_013662,83.33478238770789
STU_013663,74.92761939297873
STU_013664,91.4462724848585
STU_013665,79.4609961154965
STU_013666,86.90448452783514
STU_013667,58.639046871374575
STU_013668,91.65325042671756
STU_013669,60.85421848347717
STU_013670,90.49968136584411
STU_013671,99.58829839933998
STU_013672,69.96391414765291
STU_013673,97.26344865858107
STU_013674,77.81453387938224
STU_013675,60.054930339172444
STU_013676,73.8359488731578
STU_013677,83.69918104634093
STU_013678,70.34251274408072
STU_013679,67.34488696351006
STU_013680,51.95516752258546
STU_013681,98.69699332188722
STU_013682,41.78308740153273
STU_013683,56.701793748231076
STU_013684,72.30708536717124
STU_013685,88.58200654437223
STU_013686,93.31143651094922
STU_013687,76.80361902948268
STU_013688,62.35807426615191
STU_013689,97.16399062339508
STU_013690,90.65502596560799
STU_013691,64.88506064989389
STU_013692,61.700544477005764
STU_013693,89.2286726488319
STU_013694,76.65212636392502
STU_013695,69.45768055802439
STU_013696,99.00193347916456
STU_013697,69.22374230231469
STU_013698,61.252347002440004
STU_013699,66.3075573360834
STU_013700,83.58932316121819
STU_013701,82.57271546592972
STU_013702,95.4328144686393
STU_013703,69.25263718482348
STU_013704,77.74187383651132
STU_013705,86.28155476935187
STU_013706,63.8067844870782
STU_013707,63.92839437201179
STU_013708,57.6544837560206
STU_013709,91.87123529287314
STU_013710,78.40070933607247
STU_013711,99.00778510347467
STU_013712,75.46772002342833
STU_013713,66.57892864072605
STU_013714,67.71845101486306
STU_013715,98.63539366789189
STU_013716,70.59419210976098
STU_013717,54.583202468651166
STU_013718,84.94711787433295
STU_013719,72.9988190706766
STU_013720,50.2840315564502
STU_013721,56.67997468618246
STU_013722,79.50316157013887
STU_013723,83.81693463668668
STU_013724,93.40626027353503
STU_013725,70.18806336018645
STU_013726,64.27149179013294
STU_013727,67.6058380823578
STU_013728,94.01887728078904
STU_013729,89.39936022497982
STU_013730,77.64790179349134
STU_013731,92.86826906644046
STU_013732,76.76372943832301
STU_013733,84.64466514329015
STU_013734,55.87873545415418
STU_013735,74.28567420771685
STU_013736,99.31387759841166
STU_013737,82.6361750329987
STU_013738,74.21775169155319
STU_013739,72.0613725736211
STU_013740,81.51918074714517
STU_013741,76.76672367806538
STU_013742,94.09994643333087
STU_013743,95.13736766642616
STU_013744,69.13347582019874
STU_013745,92.32023306541242
STU_013746,88.49010871651782
STU_013747,95.7184280304914
STU_013748,73.9245833334494
STU_013749,96.67991419663096
STU_013750,73.38105839111935
STU_013751,75.70645902848283
STU_013752,79.62255414063031
STU_013753,85.46968445442471
STU_013754,72.62248627943234
STU_013755,69.3849802386349
STU_013756,64.26196675957709
STU_013757,99.01165024818857
STU_013758,95.50163189908133
STU_013759,58.96250384437806
STU_013760,56.06532495838676
STU_013761,97.2105449142011
STU_013762,77.52330095866856
STU_013763,76.52401581973054
STU_013764,60.12336887617715
STU_013765,63.51610553676231
STU_013766,82.61053429584496
STU_013767,87.81368480758653
STU_013768,67.41802150073923
STU_013769,55.433017209578935
STU_013770,88.06084835363762
STU_013771,96.92048470489706
STU_013772,67.03490562887845
STU_013773,68.97986023460223
STU_013774,72.23266742840228
STU_013775,76.46934326241816
STU_013776,59.698568348919466
STU_013777,75.4512889206087
STU_013778,92.40449912468094
STU_013779,97.47542416616034
STU_013780,70.28150758809545
STU_013781,57.43217333994645
STU_013782,78.29408965995185
STU_013783,88.22516052231202
STU_013784,76.33596935952546
STU_013785,69.16098069016418
STU_013786,76.16601912445475
STU_013787,97.92828493372303
STU_013788,59.20468226779188
STU_013789,86.14088111085513
STU_013790,63.579565625976755
STU_013791,85.56416149386264
STU_013792,99.73463936913674
STU_013793,72.0324236059758
STU_013794,77.62030476222554
STU_013795,79.72169736200789
STU_013796,69.34914044169524
STU_013797,86.85562797034359
STU_013798,57.775414865409374
STU_013799,78.55959477429866
STU_013800,86.31256261696095
STU_013801,99.21718655156401
STU_013802,80.19724202107221
STU_013803,73.01801008609499
STU_013804,74.05776231850666
STU_013805,86.56573603288915
STU_013806,68.27386161800072
STU_013807,77.6149500497159
STU_013808,72.36245701176304
STU_013809,76.63123887783667
STU_013810,85.85859291229744
STU_013811,66.66817050988135
STU_013812,78.4903718829183
STU_013813,69.07688004449892
STU_013814,62.12922589349489
STU_013815,76.26071376526261
STU_013816,68.80783891523618
STU_013817,80.34832400782449
STU_013818,58.19040102438042
STU_013819,88.64520325888662
STU_013820,74.64296933798477
STU_013821,73.13848572316134
STU_013822,96.71838034967321
STU_013823,92.21987176074113
STU_013824,71.81010555030099
STU_013825,65.18955196549919
STU_013826,84.66902981870876
STU_013827,80.18819184950502
STU_013828,87.18830431598488
STU_013829,78.6934956233251
STU_013830,84.80304410545723
STU_013831,79.47822043926462
STU_013832,93.35785338808333
STU_013833,83.78550934780489
STU_013834,70.22740932456534
STU_013835,79.35505983091517
STU_013836,66.22116968035772
STU_013837,95.46269638247803
STU_013838,56.241393157316914
STU_013839,57.45585130840417
STU_013840,55.93415225577037
STU_013841,98.8908065665174
STU_013842,77.72023450677773
STU_013843,76.9421060109505
STU_013844,72.93096930289519
STU_013845,92.68868255014587
STU_013846,86.31242663118763
STU_013847,40.78189852115919
STU_013848,99.77377909119465
STU_013849,57.7717235919903
STU_013850,70.40306279863434
STU_013851,64.10254786159244
STU_013852,91.43999475207409
STU_013853,67.95065001069668
STU_013854,82.671531209645
STU_013855,75.3419541428413
STU_013856,55.50603246755854
STU_013857,76.48067438099979
STU_013858,83.29958523502918
STU_013859,80.69231757861067
STU_013860,72.17478528710507
STU_013861,70.70247511908295
STU_013862,81.89316824858841
STU_013863,84.12674785070477
STU_013864,66.46962209860176
STU_013865,89.55389632958268
STU_013866,57.0827184759356
STU_013867,73.08853963592924
STU_013868,96.21578140469035
STU_013869,74.84154921704581
STU_013870,47.98923888941542
STU_013871,70.03013944166989
STU_013872,99.05007647912444
STU_013873,67.75921770011408
STU_013874,63.93998296857244
STU_013875,59.25025243705407
STU_013876,78.77983956913465
STU_013877,53.94590817252423
STU_013878,58.6901536049536
STU_013879,63.01653033177786
STU_013880,96.82294025756893
STU_013881,71.6087851590782
STU_013882,80.16555430909798
STU_013883,67.52776290011606
STU_013884,82.23522419564652
STU_013885,90.5263219570745
STU_013886,87.96178999318835
STU_013887,73.6611934782009
STU_013888,78.85814375573872
STU_013889,78.09490912917381
STU_013890,95.37297141216709
STU_013891,92.93124610866253
STU_013892,74.6118715241305
STU_013893,59.562008014728875
STU_013894,96.55824235116478
STU_013895,52.52677021024162
STU_013896,94.61385586444958
STU_013897,74.78455949583312
STU_013898,81.48654446827038
STU_013899,85.32997913104424
STU_013900,66.44148665044833
STU_013901,79.5562141258398
STU_013902,73.6233574094224
STU_013903,72.26004641959668
STU_013904,68.53895081175885
STU_013905,92.05200181018921
STU_013906,77.1371007524917
STU_013907,63.71281421659248
STU_013908,66.19085582102927
STU_013909,89.60376741591939
STU_013910,60.89141863743538
STU_013911,80.49595967025749
STU_013912,82.12556366174888
STU_013913,69.2604904288485
STU_013914,57.907097708149934
STU_013915,65.86541806136287
STU_013916,97.62592438217882
STU_013917,50.6360866395935
STU_013918,54.464673894644065
STU_013919,76.99005598947103
STU_013920,77.44473756685201
STU_013921,64.87263607754107
STU_013922,96.3472763006507
STU_013923,91.27621796592967
STU_013924,84.25039896189762
STU_013925,70.79607570537485
STU_013926,79.52690127037478
STU_013927,99.22202841124883
STU_013928,41.246102189735
STU_013929,60.762301284184666
STU_013930,69.28950544683549
STU_013931,64.35780922268232
STU_013932,64.86535641898888
STU_013933,51.965683345445235
STU_013934,64.22879261925164
STU_013935,77.34665558302025
STU_013936,88.18151433847225
STU_013937,81.54707218201537
STU_013938,74.91498523178825
STU_013939,66.53747931729167
STU_013940,63.78538942038645
STU_013941,68.08152607027482
STU_013942,99.65008059465958
STU_013943,60.55186835257497
STU_013944,88.27326273074056
STU_013945,75.10400707141332
STU_013946,98.66849081971372
STU_013947,80.95112019633743
STU_013948,79.8272439055389
STU_013949,44.30857730656861
STU_013950,89.38358150591836
STU_013951,53.88369198625461
STU_013952,97.43904994446785
STU_013953,69.90649404427768
STU_013954,46.59317759210899
STU_013955,64.11335854103152
STU_013956,78.5719994496321
STU_013957,80.11672718834355
STU_013958,73.02597378084447
STU_013959,70.51764855974241
STU_013960,77.90209363258495
STU_013961,75.14970858530006
STU_013962,58.51656025768495
STU_013963,67.50383976747695
STU_013964,75.35412390414525
STU_013965,60.223072957993054
STU_013966,70.05817016740136
STU_013967,70.95339771183345
STU_013968,95.70311027842291
STU_013969,47.07220152896245
STU_013970,88.74711453122896
STU_013971,65.35239145329945
STU_013972,72.63052282286074
STU_013973,72.49733475474822
STU_013974,95.73667555929164
STU_013975,84.43480876706514
STU_013976,69.40210763207838
STU_013977,82.62724535591681
STU_013978,96.08629982306147
STU_013979,86.90264954261184
STU_013980,74.64994323729135
STU_013981,74.26705861425646
STU_013982,68.80911325957167
STU_013983,76.74699081829455
STU_013984,67.98568206930472
STU_013985,83.73626989398203
STU_013986,69.01403167958642
STU_013987,96.27160835115181
STU_013988,69.62663153888474
STU_013989,66.33798147554184
STU_013990,68.01545057650085
STU_013991,79.9049514606113
STU_013992,75.91959456079888
STU_013993,79.37776551996458
STU_013994,78.76857059812261
STU_013995,58.598962937891656
STU_013996,73.71949392268536
STU_013997,96.40433935575552
STU_013998,63.03665716966653
STU_013999,79.7337581134104
STU_014000,75.08023415178297
STU_014001,64.22012748361914
STU_014002,60.678170303217655
STU_014003,67.11297846206399
STU_014004,60.89327873607675
STU_014005,69.14338497386616
STU_014006,69.32945136025842
STU_014007,83.09621358930946
STU_014008,59.701617255984516
STU_014009,99.63846685459704
STU_014010,70.54279198827422
STU_014011,82.49246412072476
STU_014012,94.45802937302552
STU_014013,50.447426014065314
STU_014014,90.31167466708138
STU_014015,81.78695852626655
STU_014016,64.05227766219943
STU_014017,79.67339690416641
STU_014018,76.24549824388386
STU_014019,88.30366101159392
STU_014020,84.4155555321226
STU_014021,92.51618936472909
STU_014022,69.97423285865136
STU_014023,63.36699444018174
STU_014024,76.38524264220192
STU_014025,82.52630154038621
STU_014026,74.67285476759952
STU_014027,99.91037684217957
STU_014028,87.15003942595922
STU_014029,77.84339384042907
STU_014030,76.18620788384398
STU_014031,74.46434737265463
STU_014032,75.55372166466285
STU_014033,67.39225906298215
STU_014034,91.85427131337386
STU_014035,94.64204037317188
STU_014036,49.05874726060614
STU_014037,57.194246615382895
STU_014038,83.66452045668558
STU_014039,89.24068965819188
STU_014040,72.82843388842433
STU_014041,75.07984509658242
STU_014042,65.43312617294853
STU_014043,69.03757566245264
STU_014044,99.55348075193484
STU_014045,77.13211701346498
STU_014046,65.4832064403696
STU_014047,88.06027311817525
STU_014048,62.10707146099799
STU_014049,87.15316860986248
STU_014050,73.86327958276769
STU_014051,72.04444027844553
STU_014052,80.70328639356822
STU_014053,88.3171140105178
STU_014054,85.81282134931045
STU_014055,99.9307509831322
STU_014056,77.23835977156008
STU_014057,68.66082531466867
STU_014058,76.03340351676297
STU_014059,60.87359489659339
STU_014060,77.64004598199996
STU_014061,67.42994037143445
STU_014062,86.47381225965098
STU_014063,70.70417531165569
STU_014064,67.65994179658668
STU_014065,60.98149508429337
STU_014066,39.61663318265401
STU_014067,95.61640456845254
STU_014068,68.61583738779396
STU_014069,77.25573194866787
STU_014070,75.22550789548367
STU_014071,40.40575319569666
STU_014072,68.97159719433077
STU_014073,80.21162392306633
STU_014074,73.24914393549491
STU_014075,71.80440150891806
STU_014076,67.70427581106378
STU_014077,52.512474061730515
STU_014078,53.43716571075191
STU_014079,84.49508032659912
STU_014080,86.43969183709712
STU_014081,99.83312398643366
STU_014082,78.33333387429585
STU_014083,64.00007733755363
STU_014084,75.36891077814842
STU_014085,99.66944587289431
STU_014086,62.48403825863828
STU_014087,67.57177450671065
STU_014088,75.24744448443639
STU_014089,74.59512435614513
STU_014090,67.17928282485498
STU_014091,89.54610977275925
STU_014092,68.73214775229673
STU_014093,72.7724447769404
STU_014094,62.28133881480118
STU_014095,80.1005285342157
STU_014096,84.31054193875667
STU_014097,90.75681421634081
STU_014098,70.13392193925044
STU_014099,70.66596506538934
STU_014100,64.03170965704767
STU_014101,76.22420570194839
STU_014102,84.77619031102714
STU_014103,69.3519644720335
STU_014104,93.61963436584438
STU_014105,45.634928416320896
STU_014106,70.48837518557103
STU_014107,88.7077595866146
STU_014108,80.25646201532001
STU_014109,81.35346359208245
STU_014110,85.23178559483998
STU_014111,89.64059884896702
STU_014112,61.4920190399301
STU_014113,58.969900648645705
STU_014114,64.02695295034445
STU_014115,77.78923347891649
STU_014116,98.9393542307458
STU_014117,64.78534348566606
STU_014118,96.25573474375796
STU_014119,68.8900812507767
STU_014120,66.17631500931627
STU_014121,56.63605207924445
STU_014122,57.2189379917251
STU_014123,58.60365727688574
STU_014124,58.33348368734626
STU_014125,85.21820512728348
STU_014126,63.29049080349462
STU_014127,69.13967935440881
STU_014128,61.07270245363112
STU_014129,86.38042052213865
STU_014130,80.07735086163325
STU_014131,88.73753079428036
STU_014132,79.10337161327732
STU_014133,71.13332265041117
STU_014134,43.4033111432356
STU_014135,76.86615786484649
STU_014136,74.16829374762426
STU_014137,98.1516144758036
STU_014138,53.78143286124356
STU_014139,72.75886778819662
STU_014140,77.93180051054523
STU_014141,88.92049915231519
STU_014142,73.42897455398325
STU_014143,87.05462684025804
STU_014144,98.27187655927324
STU_014145,69.08243763863165
STU_014146,93.5443572017371
STU_014147,79.7120075170272
STU_014148,87.03217126615041
STU_014149,79.43633701354265
STU_014150,64.40205106574496
STU_014151,98.0179261637575
STU_014152,89.09945085591562
STU_014153,58.72804854397792
STU_014154,76.94151275432938
STU_014155,69.00129414888364
STU_014156,91.92859049875256
STU_014157,81.29273645239519
STU_014158,80.10725670282807
STU_014159,84.53280316254138
STU_014160,95.53532771770531
STU_014161,81.5542112068601
STU_014162,96.24156106771684
STU_014163,72.84685751240954
STU_014164,52.61512079585672
STU_014165,96.49031655905694
STU_014166,69.99010593519112
STU_014167,76.45807435657235
STU_014168,68.92917840664319
STU_014169,52.426678485962526
STU_014170,79.21450409686359
STU_014171,84.29002527828891
STU_014172,79.9959449324598
STU_014173,69.05176991153739
STU_014174,78.58439212925137
STU_014175,82.42442689981216
STU_014176,66.51091602547476
STU_014177,76.18630550731078
STU_014178,71.94135924979742
STU_014179,85.35645263906872
STU_014180,78.85723702524052
STU_014181,75.39478761807985
STU_014182,97.29514707010988
STU_014183,64.369027480336
STU_014184,83.07067946616283
STU_014185,77.03855215501008
STU_014186,94.25451310716426
STU_014187,97.71781234206206
STU_014188,75.15028904185294
STU_014189,70.47125478629654
STU_014190,66.03297023903696
STU_014191,65.87552680444148
STU_014192,64.5595860078125
STU_014193,87.0812390941968
STU_014194,71.50108109445499
STU_014195,63.190406249590296
STU_014196,81.80016441331692
STU_014197,60.756589505649906
STU_014198,70.45210964902927
STU_014199,57.507052831945856
STU_014200,76.4158189189308
STU_014201,77.76724279034673
STU_014202,82.40900092687701
STU_014203,58.57328802817564
STU_014204,86.18327906528448
STU_014205,68.2424940784497
STU_014206,74.40397090712273
STU_014207,76.31026562074328
STU_014208,72.48510582659199
STU_014209,72.13555699019871
STU_014210,97.32155203126352
STU_014211,81.29468696713074
STU_014212,99.16465532140658
STU_014213,77.68085694345012
STU_014214,63.12813196046563
STU_014215,71.52688576089881
STU_014216,70.46007404077733
STU_014217,88.86240389945486
STU_014218,99.73544943365032
STU_014219,65.76687076165473
STU_014220,77.26223535617083
STU_014221,86.65833134282724
STU_014222,78.7048530639964
STU_014223,89.33220707539371
STU_014224,93.05110783717059
STU_014225,72.88668375146824
STU_014226,57.3652252246347
STU_014227,70.89155621446717
STU_014228,58.30375709156186
STU_014229,90.5385588410279
STU_014230,92.45499429161632
STU_014231,77.90616219789715
STU_014232,77.04941165217068
STU_014233,55.097588365575305
STU_014234,99.87292191445826
STU_014235,76.78445614821713
STU_014236,71.58601403426032
STU_014237,91.3447579575139
STU_014238,46.86664554419663
STU_014239,90.05657813088558
STU_014240,69.71003482844294
STU_014241,82.90792051946477
STU_014242,91.70983329427943
STU_014243,65.45893229141376
STU_014244,80.2008204134803
STU_014245,79.23643559712768
STU_014246,76.04201845932675
STU_014247,63.41609727425029
STU_014248,91.06935558219722
STU_014249,77.52465948773245
STU_014250,82.13051010939785
STU_014251,75.4127333114715
STU_014252,60.38657899292808
STU_014253,90.12879729532989
STU_014254,68.13309525475
STU_014255,96.69648403991413
STU_014256,68.33311963540552
STU_014257,70.58443149418653
STU_014258,88.74205389680208
STU_014259,65.52849054791616
STU_014260,84.46445243507443
STU_014261,83.58428905864824
STU_014262,76.56362125180587
STU_014263,59.63225274540582
STU_014264,88.7581357476734
STU_014265,67.83936451559973
STU_014266,84.9979001815482
STU_014267,95.65873240143004
STU_014268,91.88133132276116
STU_014269,73.28861503930419
STU_014270,70.45482389805696
STU_014271,59.64046097483663
STU_014272,71.2309673856187
STU_014273,72.29985194721048
STU_014274,64.13567610752072
STU_014275,86.05853630843204
STU_014276,66.94809267749925
STU_014277,93.53784727989196
STU_014278,58.34485050000821
STU_014279,95.37633870003178
STU_014280,53.04882055618651
STU_014281,87.807000552156
STU_014282,69.87452713780601
STU_014283,55.02396167143335
STU_014284,83.10692798265842
STU_014285,94.32491264967467
STU_014286,64.5380371733377
STU_014287,82.7861017585264
STU_014288,49.308677058995855
STU_014289,72.01676309310432
STU_014290,78.64052242022247
STU_014291,65.64172306566563
STU_014292,74.3733790614075
STU_014293,73.40694622887924
STU_014294,61.938322613231755
STU_014295,67.44080471358302
STU_014296,69.60094190697819
STU_014297,63.809045496801005
STU_014298,78.21293403510867
STU_014299,80.20395941882751
STU_014300,91.30527513888714
STU_014301,57.265704330700544
STU_014302,99.79202556481233
STU_014303,90.90106945787082
STU_014304,62.76717761771006
STU_014305,80.27724359791601
STU_014306,74.10910931167427
STU_014307,99.76856802169297
STU_014308,71.94524619657021
STU_014309,91.8253273843628
STU_014310,71.1946118173015
STU_014311,99.7411263631279
STU_014312,74.40615202587536
STU_014313,70.60735789100895
STU_014314,64.26420368562282
STU_014315,81.74058713659561
STU_014316,73.77228541621906
STU_014317,69.72763122986709
STU_014318,79.13016511860819
STU_014319,60.0509833717004
STU_014320,75.75051713397087
STU_014321,63.32768794039304
STU_014322,95.74587278315175
STU_014323,86.5101196393189
STU_014324,81.2849632078881
STU_014325,85.3685225171817
STU_014326,82.78089015730353
STU_014327,66.11992336223378
STU_014328,52.218209282174904
STU_014329,94.33633649839298
STU_014330,54.499756716522974
STU_014331,62.47902748107322
STU_014332,59.8555540505636
STU_014333,73.19778834976793
STU_014334,97.3028333507149
STU_014335,78.79539539533216
STU_014336,92.71085049039766
STU_014337,80.147011106071
STU_014338,63.20752598618939
STU_014339,63.54355539860087
STU_014340,62.55389355786927
STU_014341,93.71019760616406
STU_014342,56.36630753291813
STU_014343,71.83319924657022
STU_014344,46.714607344121106
STU_014345,74.53752254933096
STU_014346,88.22910476092284
STU_014347,65.532055696105
STU_014348,71.29956024349596
STU_014349,64.58753261517745
STU_014350,69.05025022020601
STU_014351,73.40453241155285
STU_014352,92.8639338441981
STU_014353,90.48102279144243
STU_014354,90.89770976777334
STU_014355,64.71125719661886
STU_014356,51.47655546250873
STU_014357,85.80042473381639
STU_014358,55.211852792458444
STU_014359,74.81546181134698
STU_014360,55.39428771055495
STU_014361,65.80677129113255
STU_014362,99.66645395330757
STU_014363,45.98508968680966
STU_014364,77.41218397695641
STU_014365,62.47427647081846
STU_014366,73.06860073943292
STU_014367,70.3631080809561
STU_014368,90.2881340264891
STU_014369,89.40783392390148
STU_014370,95.76890999997403
STU_014371,75.65375391801808
STU_014372,85.65522230965072
STU_014373,64.63190683290908
STU_014374,83.78204711013915
STU_014375,80.20143427297654
STU_014376,93.209609500168
STU_014377,82.87717010392909
STU_014378,99.15654277873688
STU_014379,79.67873655784427
STU_014380,84.19891614771046
STU_014381,45.8792548568044
STU_014382,77.66278196186582
STU_014383,72.36844799750601
STU_014384,88.08417169869436
STU_014385,91.376231982293
STU_014386,60.12658673983756
STU_014387,78.95686099812957
STU_014388,66.67757723228772
STU_014389,74.0311706835441
STU_014390,67.01487917835252
STU_014391,45.74329616504963
STU_014392,88.31631323946642
STU_014393,89.801640897754
STU_014394,73.09393956075928
STU_014395,97.67047946944092
STU_014396,92.39737219307807
STU_014397,80.53451679963547
STU_014398,99.59048771100134
STU_014399,73.32479710924143
STU_014400,95.61146086345116
STU_014401,83.086123468891
STU_014402,77.7560962383555
STU_014403,77.75028234367343
STU_014404,78.76720356837515
STU_014405,64.76523569099157
STU_014406,79.46542031183199
STU_014407,99.02174202105847
STU_014408,63.321182543507476
STU_014409,57.23293196939571
STU_014410,73.81775465963253
STU_014411,65.7779776092031
STU_014412,72.96035865636654
STU_014413,82.9189744662315
STU_014414,64.62820405078378
STU_014415,68.35818331439873
STU_014416,77.30816065585489
STU_014417,92.05611014849872
STU_014418,91.36458808128589
STU_014419,54.845937236716665
STU_014420,91.54436687980827
STU_014421,96.6165175464642
STU_014422,67.66495255069258
STU_014423,93.3038059531604
STU_014424,78.04121851892984
STU_014425,97.52185729386142
STU_014426,70.46442969046224
STU_014427,88.23369595180675
STU_014428,92.55002787485347
STU_014429,93.76775040127538
STU_014430,52.34497478490452
STU_014431,55.557311066193165
STU_014432,75.74887335531
STU_014433,66.99741596130781
STU_014434,77.44876249898175
STU_014435,95.91454576169266
STU_014436,55.94468188002884
STU_014437,70.58330761308278
STU_014438,74.59574727973126
STU_014439,82.29348351376652
STU_014440,47.868576152545245
STU_014441,62.56579216652557
STU_014442,76.80927829692537
STU_014443,53.396070457138535
STU_014444,49.52772178324619
STU_014445,71.15765509610885
STU_014446,67.49011860373454
STU_014447,97.09288979849703
STU_014448,61.5469082420867
STU_014449,55.487169304265166
STU_014450,65.41067564268914
STU_014451,88.56162122552712
STU_014452,89.41573948038697
STU_014453,99.21505854996695
STU_014454,88.33467692787616
STU_014455,89.30770065105321
STU_014456,83.03279797800607
STU_014457,60.972594819257225
STU_014458,63.24320479680298
STU_014459,75.36265929527124
STU_014460,99.60813956230709
STU_014461,94.03651153944449
STU_014462,81.84083553415154
STU_014463,84.8106108016144
STU_014464,72.83831644339419
STU_014465,95.16889440462327
STU_014466,67.34766426686346
STU_014467,78.73418024357534
STU_014468,73.07955128399934
STU_014469,82.6688321483426
STU_014470,75.55099497029931
STU_014471,84.10374996241262
STU_014472,64.66260558954318
STU_014473,66.53910893449655
STU_014474,86.58446705404722
STU_014475,62.68722968394833
STU_014476,71.56673011680823
STU_014477,94.88519901762437
STU_014478,80.75044086120099
STU_014479,97.24976881996324
STU_014480,76.9053007208814
STU_014481,90.37836366548581
STU_014482,52.83850644093551
STU_014483,94.41748023325599
STU_014484,46.749069348556475
STU_014485,77.24148103688474
STU_014486,90.11917725458164
STU_014487,83.5325148294419
STU_014488,71.68527388668545
STU_014489,45.53944640804583
STU_014490,91.60347691354858
STU_014491,84.21300138624561
STU_014492,78.30687240623746
STU_014493,63.406903382946425
STU_014494,86.46965831045836
STU_014495,69.1662184091526
STU_014496,67.55503146728628
STU_014497,64.34052422557129
STU_014498,87.57322298148108
STU_014499,82.09376128416874
STU_014500,66.66851955052879
STU_014501,63.80855472053203
STU_014502,70.49531557594153
STU_014503,74.58302940017583
STU_014504,99.61150313606569
STU_014505,73.3919019991584
STU_014506,76.1235619667549
STU_014507,71.33323534622818
STU_014508,63.32708758867844
STU_014509,76.14148638366234
STU_014510,60.695481805173415
STU_014511,83.43277681662525
STU_014512,74.07633035971634
STU_014513,82.03980920534104
STU_014514,82.65048948300046
STU_014515,73.21047611272613
STU_014516,81.69705181572547
STU_014517,80.59777288280429
STU_014518,80.12898527583823
STU_014519,59.900326453658195
STU_014520,75.74137951948056
STU_014521,96.422100301691
STU_014522,67.34321924958238
STU_014523,96.05801142087468
STU_014524,92.15796792197506
STU_014525,72.05611870190677
STU_014526,78.13012929527014
STU_014527,43.366676853691345
STU_014528,64.17846549434076
STU_014529,84.95464767691607
STU_014530,66.92668215333431
STU_014531,75.77375683822265
STU_014532,97.03536936640201
STU_014533,99.1931007641112
STU_014534,96.64677117686229
STU_014535,95.3048314796678
STU_014536,88.64829051280117
STU_014537,76.82374224268344
STU_014538,62.30064839513227
STU_014539,68.9757107983882
STU_014540,51.766003665630265
STU_014541,89.33919312440854
STU_014542,52.02031353226888
STU_014543,88.6054864270379
STU_014544,67.73166274301101
STU_014545,62.81655191146855
STU_014546,55.50230534742029
STU_014547,61.7459740838017
STU_014548,93.20244786851657
STU_014549,97.48804492306289
STU_014550,79.58712471211194
STU_014551,69.54325986360699
STU_014552,67.00680700630585
STU_014553,83.33050531751074
STU_014554,76.36220052029515
STU_014555,67.55289136547549
STU_014556,96.67005485283818
STU_014557,75.2565120910547
STU_014558,55.242987998803585
STU_014559,80.23355942260991
STU_014560,98.5347969850505
STU_014561,75.53065461137501
STU_014562,67.36465082303246
STU_014563,75.46072375960736
STU_014564,98.8857415372295
STU_014565,66.8853803588411
STU_014566,88.16776706876843
STU_014567,70.36043610048478
STU_014568,69.19347120994179
STU_014569,75.85651166356948
STU_014570,54.82496459726076
STU_014571,65.43068473769362
STU_014572,72.64323154176837
STU_014573,78.80416447147695
STU_014574,64.18565043424091
STU_014575,57.495643835974434
STU_014576,69.27474036910183
STU_014577,56.520118440897875
STU_014578,64.04222825976109
STU_014579,79.69286097681456
STU_014580,88.72066939481506
STU_014581,89.31516718038975
STU_014582,82.1042700359574
STU_014583,69.4566080985598
STU_014584,79.02347896689912
STU_014585,70.45310910941444
STU_014586,88.49955895099225
STU_014587,58.26541786172878
STU_014588,81.67600080374118
STU_014589,53.54275649669233
STU_014590,64.16763977574584
STU_014591,88.9940083982261
STU_014592,75.22899077044721
STU_014593,94.52772433329693
STU_014594,97.69710184294259
STU_014595,48.46544599936661
STU_014596,99.9079883225427
STU_014597,71.64539795526194
STU_014598,59.45194611166054
STU_014599,78.51502558293858
STU_014600,56.6197879963764
STU_014601,76.28572739085864
STU_014602,93.53183898251359
STU_014603,52.10728902277253
STU_014604,85.26561259410221
STU_014605,99.45205918227003
STU_014606,54.23107620046933
STU_014607,82.83349921130689
STU_014608,57.7865036626292
STU_014609,78.80790664239282
STU_014610,81.47738497893965
STU_014611,81.58983371415229
STU_014612,58.44257288030853
STU_014613,69.84388738437804
STU_014614,91.65226878575956
STU_014615,75.34481421690715
STU_014616,97.48935330748346
STU_014617,61.089299653014066
STU_014618,84.34391589371663
STU_014619,77.69863056781938
STU_014620,85.13350505269575
STU_014621,61.90384089523201
STU_014622,96.54347930908119
STU_014623,74.8573577608484
STU_014624,82.99287894636683
STU_014625,69.67078196353022
STU_014626,89.969755080808
STU_014627,63.15023681137184
STU_014628,59.42640723689168
STU_014629,80.73295620414817
STU_014630,71.98662281184868
STU_014631,62.0876105996049
STU_014632,66.86983560755041
STU_014633,69.40750635332614
STU_014634,93.96534342456306
STU_014635,58.09476349618516
STU_014636,46.017105400643715
STU_014637,90.3188788567585
STU_014638,65.41142174945952
STU_014639,76.91163206933984
STU_014640,69.41480917176852
STU_014641,62.22208430297777
STU_014642,97.43420423394295
STU_014643,54.165380358660315
STU_014644,92.919254996042
STU_014645,76.85694709318395
STU_014646,91.05328601125349
STU_014647,90.5541734508933
STU_014648,71.66222520233626
STU_014649,91.97497061118736
STU_014650,70.42381755081627
STU_014651,62.75122551725292
STU_014652,93.84321554613965
STU_014653,76.43184358353395
STU_014654,85.90962480437517
STU_014655,50.10243749351257
STU_014656,67.95254198101361
STU_014657,53.65993771869652
STU_014658,76.90472244908312
STU_014659,72.36034458124092
STU_014660,71.84885955657398
STU_014661,48.27290279389718
STU_014662,71.4656431694422
STU_014663,72.52735259744306
STU_014664,54.27068807734844
STU_014665,77.7852864938457
STU_014666,95.34332563235493
STU_014667,78.4658700073014
STU_014668,55.85755937315051
STU_014669,78.82317314887175
STU_014670,97.79722059731516
STU_014671,78.34456404230806
STU_014672,84.942204975398
STU_014673,93.62669993495618
STU_014674,95.37550227492805
STU_014675,83.17236722632255
STU_014676,74.91222043498509
STU_014677,63.893592701409204
STU_014678,68.04643987346279
STU_014679,61.19571211550466
STU_014680,43.53996842930739
STU_014681,92.3631571127213
STU_014682,45.30499445274562
STU_014683,67.74221238297494
STU_014684,61.62578407073505
STU_014685,66.33967367010257
STU_014686,79.69296860786517
STU_014687,88.01499218778204
STU_014688,95.65508125033108
STU_014689,64.81310707547003
STU_014690,60.21610689239199
STU_014691,83.61901774172287
STU_014692,93.81158647689605
STU_014693,69.2529308806532
STU_014694,75.91850637669492
STU_014695,99.20426102196066
STU_014696,42.53574111450639
STU_014697,78.84832522362066
STU_014698,91.69011035896503
STU_014699,68.01593420306001
STU_014700,90.70645978420825
STU_014701,68.42403927915002
STU_014702,88.29310762676901
STU_014703,78.72617237183789
STU_014704,96.40196675423128
STU_014705,81.1870196509158
STU_014706,85.86767461033186
STU_014707,95.64109349788038
STU_014708,98.89255269347808
STU_014709,80.04672895155986
STU_014710,53.55467691132996
STU_014711,73.5188319523887
STU_014712,77.7469474594852
STU_014713,41.2336266754014
STU_014714,81.26984620266259
STU_014715,76.63275835815386
STU_014716,62.352458481475665
STU_014717,58.33970962938196
STU_014718,64.79790809546064
STU_014719,94.59595589464054
STU_014720,81.34244303683238
STU_014721,54.036968591253355
STU_014722,66.99743303027508
STU_014723,95.39316899227575
STU_014724,91.36139378745929
STU_014725,71.41966592691878
STU_014726,66.59119050593327
STU_014727,59.512479896493005
STU_014728,94.49096648317202
STU_014729,81.19750281639455
STU_014730,53.78131103766731
STU_014731,63.981641444715464
STU_014732,83.81608901183506
STU_014733,74.7090813721774
STU_014734,61.66897812948455
STU_014735,99.8244990942778
STU_014736,77.91855460463837
STU_014737,75.25179839490296
STU_014738,72.89500186294396
STU_014739,86.08873237495415
STU_014740,76.057552511932
STU_014741,80.16787867770176
STU_014742,95.85270803753204
STU_014743,99.26296603685816
STU_014744,68.66173584623303
STU_014745,81.16520321837874
STU_014746,44.93570735801327
STU_014747,75.42415461627257
STU_014748,99.53686913307686
STU_014749,93.89477165044397
STU_014750,80.8947175014348
STU_014751,94.6017865917957
STU_014752,78.92322680187668
STU_014753,59.701546621441
STU_014754,99.71380609942587
STU_014755,66.57467876591843
STU_014756,66.8648214985891
STU_014757,72.45936815145025
STU_014758,99.77959213409079
STU_014759,67.42190750939045
STU_014760,76.6186470290202
STU_014761,75.91857479345595
STU_014762,99.87587252795848
STU_014763,82.15267525958085
STU_014764,99.64746078772163
STU_014765,74.94109615609091
STU_014766,81.48237949160239
STU_014767,70.09506681563981
STU_014768,65.52202324365933
STU_014769,97.4821647373419
STU_014770,79.80901766221493
STU_014771,75.5344110224568
STU_014772,70.68147277373859
STU_014773,85.44827803421457
STU_014774,93.98429832201455
STU_014775,76.49791863391096
STU_014776,76.75346112566093
STU_014777,77.66049947965385
STU_014778,78.75754374993355
STU_014779,78.00521353335996
STU_014780,58.805705539210436
STU_014781,84.92611071967738
STU_014782,85.7256108131611
STU_014783,94.19716439195491
STU_014784,92.95790450100408
STU_014785,81.74958536487448
STU_014786,79.5101417277181
STU_014787,75.91045097276293
STU_014788,96.69262448245803
STU_014789,74.8015920943067
STU_014790,80.11774036995183
STU_014791,66.5912383911236
STU_014792,56.16577097896289
STU_014793,66.79810383905954
STU_014794,62.33671944521271
STU_014795,78.78032363395843
STU_014796,78.73550427702833
STU_014797,72.22712854331553
STU_014798,88.99043644831531
STU_014799,92.91538546566996
STU_014800,86.89157495579812
STU_014801,92.09569206501618
STU_014802,58.475659725028024
STU_014803,87.86242684764318
STU_014804,79.86971452613534
STU_014805,73.36737754649907
STU_014806,73.55953135764659
STU_014807,65.11433319686495
STU_014808,70.265464581803
STU_014809,53.175200391084914
STU_014810,96.31746534198058
STU_014811,98.42779821864221
STU_014812,74.24519562496204
STU_014813,61.699879331327196
STU_014814,69.07393837650419
STU_014815,54.64530072562587
STU_014816,79.6110368448985
STU_014817,86.16880009851906
STU_014818,47.54496924111565
STU_014819,81.07785372993665
STU_014820,70.70688440510267
STU_014821,57.95726615042189
STU_014822,98.65879244210143
STU_014823,63.52220253915988
STU_014824,92.69065405934641
STU_014825,77.10807189963583
STU_014826,92.23651885139243
STU_014827,57.13499411573933
STU_014828,76.51549956747687
STU_014829,76.20167800372394
STU_014830,84.54817181394239
STU_014831,84.14783991546176
STU_014832,64.41535681466713
STU_014833,64.72897893867085
STU_014834,81.62545866024246
STU_014835,75.97215183543867
STU_014836,85.41150182932677
STU_014837,70.75273522363256
STU_014838,74.51984271426757
STU_014839,81.54854945631709
STU_014840,77.93093815630031
STU_014841,98.87904874196784
STU_014842,52.57814977720365
STU_014843,70.71245959483234
STU_014844,95.09452157266821
STU_014845,67.0713004226255
STU_014846,84.14725611302228
STU_014847,79.39481998794403
STU_014848,56.18259441370344
STU_014849,58.19057389563383
STU_014850,69.94766316910636
STU_014851,84.07074066025886
STU_014852,80.67620520462094
STU_014853,74.01358258092668
STU_014854,63.51695212502969
STU_014855,76.05462342861804
STU_014856,72.55036456902081
STU_014857,80.89336319619306
STU_014858,64.85578981610479
STU_014859,86.72865747950141
STU_014860,45.16760984097665
STU_014861,86.989479289986
STU_014862,96.66952749186564
STU_014863,66.18642830910642
STU_014864,76.98307299896857
STU_014865,69.64474791948317
STU_014866,68.6270074703973
STU_014867,71.620182850671
STU_014868,99.82641819886584
STU_014869,99.46875711825365
STU_014870,72.72482622204151
STU_014871,76.32845794405476
STU_014872,80.58799666517399
STU_014873,64.99237437375795
STU_014874,65.79952708280297
STU_014875,82.95937569784545
STU_014876,54.769058439595625
STU_014877,66.96844506713227
STU_014878,62.30774788616769
STU_014879,79.90169597964874
STU_014880,83.75512406394078
STU_014881,76.54818723340651
STU_014882,71.10488333166208
STU_014883,78.73766144953326
STU_014884,67.61380747666732
STU_014885,81.85422693747739
STU_014886,65.65196950166846
STU_014887,76.3208116780491
STU_014888,86.49502626744534
STU_014889,70.04846650458023
STU_014890,92.70558365459587
STU_014891,71.59896730322387
STU_014892,87.70166039715087
STU_014893,62.74730441184232
STU_014894,72.68324075524583
STU_014895,57.757355979773486
STU_014896,78.82167663172902
STU_014897,77.25570983131945
STU_014898,81.54411732917839
STU_014899,57.783380975209546
STU_014900,98.84609893592284
STU_014901,83.74290196325488
STU_014902,80.20820278118501
STU_014903,87.48977549012709
STU_014904,76.18837471992248
STU_014905,92.66853899141856
STU_014906,79.0121425100403
STU_014907,52.557713103278374
STU_014908,79.18830864131077
STU_014909,83.23805967560159
STU_014910,74.70175429043763
STU_014911,98.25817121036988
STU_014912,80.9518053219085
STU_014913,74.35313143367178
STU_014914,48.61374795502284
STU_014915,60.889915267559005
STU_014916,67.827150914584
STU_014917,98.2777303075999
STU_014918,86.5422087252074
STU_014919,53.18604974915628
STU_014920,92.66869715004773
STU_014921,62.71686745519568
STU_014922,52.99402666625873
STU_014923,71.63942870488444
STU_014924,85.36709653967928
STU_014925,99.3054819606545
STU_014926,82.00409727803397
STU_014927,75.47736451053308
STU_014928,58.16302189973446
STU_014929,80.8101370774989
STU_014930,82.6998075976287
STU_014931,89.63969033802712
STU_014932,60.70251511795132
STU_014933,77.95352710078193
STU_014934,67.29742189790696
STU_014935,77.47039545939978
STU_014936,83.35938150211038
STU_014937,82.11632112363529
STU_014938,99.79837089808929
STU_014939,78.59014770769379
STU_014940,93.74139022338501
STU_014941,62.67761130245832
STU_014942,94.159011299866
STU_014943,61.92304574439124
STU_014944,71.27406597180986
STU_014945,60.84463595831417
STU_014946,67.37196352979288
STU_014947,67.75483326361697
STU_014948,87.64896556189673
STU_014949,63.215507088841406
STU_014950,93.49347371777704
STU_014951,72.91603384262973
STU_014952,76.18438877856529
STU_014953,96.45021337022564
STU_014954,93.61632728185654
STU_014955,96.37040713948713
STU_014956,82.01289559903228
STU_014957,77.9272564703576
STU_014958,70.26457859444838
STU_014959,51.14613745018647
STU_014960,98.03640237347358
STU_014961,92.58333581794798
STU_014962,48.46247333637017
STU_014963,75.13783825062413
STU_014964,95.9790944806332
STU_014965,80.37295162444104
STU_014966,70.38761465430687
STU_014967,53.17725267053778
STU_014968,94.4751166221146
STU_014969,80.82301832702832
STU_014970,71.75831018703269
STU_014971,69.80316952569999
STU_014972,90.27898490653817
STU_014973,74.31193065822296
STU_014974,70.72117737043608
STU_014975,69.681028307363
STU_014976,88.86647117609097
STU_014977,82.29585810311639
STU_014978,90.88170296949914
STU_014979,93.64597544898257
STU_014980,63.17789285092564
STU_014981,98.58436218760221
STU_014982,64.20505656207584
STU_014983,90.78878735875301
STU_014984,62.23477689197385
STU_014985,65.79867846499359
STU_014986,50.81719844410072
STU_014987,90.58247914855046
STU_014988,64.94520953657876
STU_014989,98.15061712612712
STU_014990,87.96020717399878
STU_014991,99.07573862669058
STU_014992,72.76570754172542
STU_014993,58.39245854638944
STU_014994,85.95903818723053
STU_014995,87.03543936960796
STU_014996,71.10739895965344
STU_014997,79.68270810187454
STU_014998,82.85638449950841
STU_014999,97.58465775784104
STU_015000,69.97858314460944
STU_015001,56.793231432880376
STU_015002,65.93920992780194
STU_015003,61.80451877945359
STU_015004,65.12711005236548
STU_015005,59.62373825433657
STU_015006,62.537936891907634
STU_015007,90.04514930138905
STU_015008,73.06406472436933
STU_015009,75.80331290869537
STU_015010,74.45655831199772
STU_015011,53.134265605532505
STU_015012,97.77319260218835
STU_015013,63.79536211932597
STU_015014,58.79988175520701
STU_015015,84.66572621813134
STU_015016,88.64794240012581
STU_015017,88.97262991569215
STU_015018,74.29940504657806
STU_015019,86.53465892588162
STU_015020,61.725430979552925
STU_015021,75.75725638335463
STU_015022,61.80400490776461
STU_015023,77.01075498378586
STU_015024,69.74388407947947
STU_015025,81.94936514574476
STU_015026,70.87600263618646
STU_015027,83.98210152044271
STU_015028,75.7040100749798
STU_015029,75.38950257540361
STU_015030,92.04385171193994
STU_015031,77.45657701868228
STU_015032,71.73110695684565
STU_015033,78.54959214631543
STU_015034,67.91401847270183
STU_015035,80.95301409711749
STU_015036,71.5230325758403
STU_015037,80.8733507483933
STU_015038,90.55994072071852
STU_015039,64.38569860451511
STU_015040,77.59600869956677
STU_015041,82.73359438711913
STU_015042,45.92505645131145
STU_015043,83.08451687466004
STU_015044,87.81493437198935
STU_015045,89.93684604146144
STU_015046,66.26352927494385
STU_015047,83.01786244523166
STU_015048,68.06089187371384
STU_015049,72.80197926333605
STU_015050,59.01722671873006
STU_015051,68.69519694448512
STU_015052,62.92145921070323
STU_015053,67.69480190045621
STU_015054,93.72228909663576
STU_015055,83.63273611777296
STU_015056,60.33925436879407
STU_015057,98.11436846439385
STU_015058,57.6136080541141
STU_015059,98.33586040533424
STU_015060,76.20727444305896
STU_015061,74.38302406688335
STU_015062,71.91466131813286
STU_015063,69.02514479220513
STU_015064,60.25042615317932
STU_015065,93.45610149941209
STU_015066,85.06952385826288
STU_015067,70.7264764713347
STU_015068,64.71612477579849
STU_015069,73.95723846279537
STU_015070,71.86247314195009
STU_015071,74.83383241250169
STU_015072,99.97053400916352
STU_015073,66.52241340366359
STU_015074,66.95555705432503
STU_015075,94.95172992634832
STU_015076,71.96711725091458
STU_015077,65.62543306617438
STU_015078,68.28640435175649
STU_015079,99.89960693380783
STU_015080,63.86476224900672
STU_015081,98.21343111964954
STU_015082,61.06768157810683
STU_015083,81.13477399982091
STU_015084,63.58094074778295
STU_015085,76.66305694181969
STU_015086,66.56225544008352
STU_015087,58.4220742826042
STU_015088,91.0115917055969
STU_015089,78.83966314596398
STU_015090,88.17611293866878
STU_015091,75.01336918149906
STU_015092,77.00127026214786
STU_015093,96.00925017273755
STU_015094,68.79153132812877
STU_015095,74.56121297136042
STU_015096,90.17228552843576
STU_015097,79.6889636765747
STU_015098,69.68596467393013
STU_015099,57.358623500434724
STU_015100,83.21612450928998
STU_015101,78.59963541373475
STU_015102,78.79199426541442
STU_015103,98.72909460420735
STU_015104,74.9449424971632
STU_015105,92.58865224760329
STU_015106,71.58851217117177
STU_015107,74.04047356042742
STU_015108,76.85092844685089
STU_015109,78.87232663970175
STU_015110,83.1476627260688
STU_015111,60.55491785889032
STU_015112,82.43301110557738
STU_015113,66.54474273278214
STU_015114,84.64149117380344
STU_015115,62.18732428701711
STU_015116,89.74047268261933
STU_015117,64.76071872097188
STU_015118,52.49185169753252
STU_015119,84.32961384220599
STU_015120,86.44422986594061
STU_015121,62.0401433114327
STU_015122,99.86976771783688
STU_015123,67.21058325908132
STU_015124,85.71824844539809
STU_015125,75.94615042225544
STU_015126,73.1803839392995
STU_015127,93.71034508323307
STU_015128,77.77420091624472
STU_015129,69.28757970200962
STU_015130,71.77399408445889
STU_015131,82.4665508682418
STU_015132,88.3079680505746
STU_015133,94.56668756783708
STU_015134,83.14868009403381
STU_015135,85.6826746515337
STU_015136,76.59852494300935
STU_015137,71.32196835273032
STU_015138,70.7076281246153
STU_015139,81.6605283036914
STU_015140,96.59959463611133
STU_015141,68.4238334898457
STU_015142,74.2118454599441
STU_015143,99.38022239964661
STU_015144,82.73074937203718
STU_015145,60.641529579537426
STU_015146,96.52039884639271
STU_015147,77.97016443513867
STU_015148,70.8499583760346
STU_015149,66.65097484011406
STU_015150,46.93096705020639
STU_015151,52.54280469380276
STU_015152,73.64924336468209
STU_015153,59.005216753583525
STU_015154,83.25873741778648
STU_015155,84.68627752946676
STU_015156,75.16368256661644
STU_015157,60.93836291250146
STU_015158,95.26011561096475
STU_015159,51.545326406799035
STU_015160,86.66937254601389
STU_015161,60.442705702774234
STU_015162,80.75692311079854
STU_015163,81.02448087215956
STU_015164,41.48929202888522
STU_015165,87.55277232095771
STU_015166,96.70195890882016
STU_015167,82.58336378989496
STU_015168,60.54644922367326
STU_015169,92.43045175052616
STU_015170,74.6497812251252
STU_015171,90.40046021448443
STU_015172,61.6744754621511
STU_015173,75.01894932604777
STU_015174,96.97550829745603
STU_015175,74.34975015672597
STU_015176,99.50197053428218
STU_015177,77.13485228590909
STU_015178,64.67855778657352
STU_015179,74.87752486602535
STU_015180,62.47445600545914
STU_015181,81.00676583746824
STU_015182,81.3802302477528
STU_015183,84.38542362615652
STU_015184,69.94265748766935
STU_015185,81.93946558777984
STU_015186,75.24795949873766
STU_015187,58.70323277266154
STU_015188,68.77654294025106
STU_015189,90.14796789970379
STU_015190,96.25735552302638
STU_015191,81.58278102092878
STU_015192,99.63982258113296
STU_015193,79.44494937571932
STU_015194,88.289788517243
STU_015195,84.8266336912958
STU_015196,78.91326278712452
STU_015197,73.45676965643577
STU_015198,81.87768357979118
STU_015199,71.81258706284547
STU_015200,72.16870433775742
STU_015201,79.85393305570095
STU_015202,66.09779506876204
STU_015203,62.20193471087241
STU_015204,81.90426626022855
STU_015205,80.28705399235777
STU_015206,72.84294865677492
STU_015207,88.98423117087216
STU_015208,76.03708101233056
STU_015209,83.84731893695172
STU_015210,88.38339487306042
STU_015211,43.999994252432494
STU_015212,96.70697081445256
STU_015213,70.91388655195033
STU_015214,96.38983394661774
STU_015215,78.12147781451804
STU_015216,95.82294797766448
STU_015217,57.25846720129536
STU_015218,73.62916332356443
STU_015219,74.91193853713744
STU_015220,45.928858502316274
STU_015221,85.67589130418705
STU_015222,61.928175820272145
STU_015223,87.4642071809277
STU_015224,73.42086964811844
STU_015225,72.44697863879925
STU_015226,68.73904898831486
STU_015227,64.17319481485956
STU_015228,81.8578289253885
STU_015229,73.13245563874605
STU_015230,74.85317039125158
STU_015231,99.06921370907205
STU_015232,82.50223605551082
STU_015233,89.14934396484985
STU_015234,71.9712651583269
STU_015235,70.15498762467033
STU_015236,97.98979401993823
STU_015237,79.52212884348273
STU_015238,82.0338111605993
STU_015239,94.7120923859196
STU_015240,65.59863186925773
STU_015241,45.52044640088667
STU_015242,53.40542798095335
STU_015243,76.96859469682937
STU_015244,77.21732988371645
STU_015245,67.4272392775051
STU_015246,99.22075394485137
STU_015247,78.95971488896674
STU_015248,79.97840919433517
STU_015249,68.09481599312383
STU_015250,87.794636365195
STU_015251,66.23884739284935
STU_015252,91.14716210091575
STU_015253,88.69222410823092
STU_015254,99.38446900847919
STU_015255,60.11856680159586
STU_015256,62.149020353609814
STU_015257,74.41009787787536
STU_015258,94.5285307676756
STU_015259,84.64688711518335
STU_015260,96.23887262407257
STU_015261,83.58959903050321
STU_015262,88.45222880993902
STU_015263,89.03441071000792
STU_015264,79.42183947773954
STU_015265,96.58861042069557
STU_015266,69.27785537963791
STU_015267,78.86219900537853
STU_015268,55.94937165553469
STU_015269,60.54236027228432
STU_015270,73.60709736878498
STU_015271,74.0466496840636
STU_015272,67.52126174676
STU_015273,87.62194615542913
STU_015274,76.05148839070847
STU_015275,44.88650924190456
STU_015276,50.14931138165769
STU_015277,72.04287601965
STU_015278,99.59785006382518
STU_015279,49.514262401728345
STU_015280,86.95724846948822
STU_015281,99.67228258257623
STU_015282,86.21427583777671
STU_015283,83.24812564101217
STU_015284,76.36124058836972
STU_015285,42.240889676420366
STU_015286,87.68550111790859
STU_015287,77.23992651415018
STU_015288,78.12258028388368
STU_015289,61.07811523549445
STU_015290,77.58028286390274
STU_015291,77.40024394590247
STU_015292,66.8474034093553
STU_015293,60.48119100239995
STU_015294,82.1684255775443
STU_015295,77.46778941648304
STU_015296,66.70486058940045
STU_015297,86.64355708973974
STU_015298,96.60278052689327
STU_015299,69.81760841169975
STU_015300,87.21416143586956
STU_015301,73.6477729416381
STU_015302,82.62213381702725
STU_015303,66.61669161582506
STU_015304,60.47383905443395
STU_015305,68.0950660627655
STU_015306,81.60445308026472
STU_015307,99.14091963972726
STU_015308,58.51283436364016
STU_015309,69.86381679332885
STU_015310,81.8682743624431
STU_015311,60.5615101200125
STU_015312,82.13089824457064
STU_015313,60.17070171967499
STU_015314,83.42835122765055
STU_015315,71.4527051700605
STU_015316,91.79853895726622
STU_015317,72.60714445532395
STU_015318,81.9037863315805
STU_015319,70.84135625572924
STU_015320,72.126894743904
STU_015321,61.970747960796814
STU_015322,96.80191487524783
STU_015323,80.19694836115463
STU_015324,69.96544711827617
STU_015325,81.69757451336923
STU_015326,56.042534514109434
STU_015327,76.72104722180075
STU_015328,72.6725635519419
STU_015329,71.25881589755105
STU_015330,75.44034892454792
STU_015331,60.99043272574941
STU_015332,99.76578280801562
STU_015333,69.11194972630928
STU_015334,77.92620141277598
STU_015335,97.14039119511139
STU_015336,91.64143778059176
STU_015337,66.34982839057865
STU_015338,64.83077494319582
STU_015339,64.14638469552112
STU_015340,92.68700299256724
STU_015341,80.6824687623306
STU_015342,99.44216982164579
STU_015343,82.44415703254819
STU_015344,96.15158504390368
STU_015345,99.71058339717027
STU_015346,87.3412165524151
STU_015347,95.6739058849763
STU_015348,73.8581917643516
STU_015349,81.43089219828141
STU_015350,88.01346231760223
STU_015351,99.86655879504967
STU_015352,82.16226713468566
STU_015353,75.32777562624452
STU_015354,57.30905160318784
STU_015355,58.39397492205222
STU_015356,61.86371847715927
STU_015357,69.12790165311682
STU_015358,81.86773801455001
STU_015359,86.25696459288191
STU_015360,92.40450706225738
STU_015361,80.09579392853863
STU_015362,72.94739788946922
STU_015363,77.27490448440173
STU_015364,93.63306929226405
STU_015365,76.88260638477195
STU_015366,93.81251516640714
STU_015367,82.04864237980152
STU_015368,75.70410112647943
STU_015369,99.09840967266558
STU_015370,95.54629537692657
STU_015371,57.72980274924745
STU_015372,61.050474633375536
STU_015373,86.90962539380642
STU_015374,88.2586051911575
STU_015375,67.94901616963116
STU_015376,71.75935403439905
STU_015377,91.03900445833581
STU_015378,73.609982122354
STU_015379,94.37420748755532
STU_015380,88.84584932868441
STU_015381,94.42060277450263
STU_015382,84.26864637101934
STU_015383,57.790310716328726
STU_015384,77.30914486023389
STU_015385,59.03278840778967
STU_015386,76.09402573050234
STU_015387,66.66430564777308
STU_015388,77.2954200350223
STU_015389,98.65804282305984
STU_015390,44.017086189082306
STU_015391,79.36400926654345
STU_015392,90.98259597326044
STU_015393,91.5017006160189
STU_015394,75.99983042758393
STU_015395,79.36083303086691
STU_015396,72.09650870557212
STU_015397,97.4461374711187
STU_015398,71.65368697604444
STU_015399,98.15691121600594
STU_015400,90.9193422630562
STU_015401,90.25149514444428
STU_015402,73.81025955956301
STU_015403,57.350539342248815
STU_015404,80.0409502662576
STU_015405,81.5823827346409
STU_015406,85.18985396130884
STU_015407,86.1557440816798
STU_015408,34.58600924503451
STU_015409,78.40610433053426
STU_015410,66.75886359807855
STU_015411,72.61233374328981
STU_015412,70.84687035496128
STU_015413,78.19800268637394
STU_015414,71.770137580348
STU_015415,65.9775049389248
STU_015416,87.63369845410628
STU_015417,57.141040157253606
STU_015418,87.07964989929704
STU_015419,54.00736949745587
STU_015420,62.36044247735816
STU_015421,94.87422339278518
STU_015422,76.10493311939413
STU_015423,84.3568101156297
STU_015424,99.52468445233998
STU_015425,90.59631376222472
STU_015426,61.79113154611521
STU_015427,58.010200997181244
STU_015428,75.24227701733588
STU_015429,78.91670393073963
STU_015430,36.24267345934456
STU_015431,65.67314431616984
STU_015432,80.30867477805111
STU_015433,70.0788683849513
STU_015434,64.07124035610866
STU_015435,65.86828224844052
STU_015436,76.67887971808294
STU_015437,70.14357216129191
STU_015438,93.05106476346069
STU_015439,75.84297126998953
STU_015440,76.41398329744922
STU_015441,67.11383644979284
STU_015442,88.06067595606243
STU_015443,63.166351772382114
STU_015444,78.24753568781678
STU_015445,65.2455415910323
STU_015446,70.15951124447969
STU_015447,46.9594850179425
STU_015448,45.66077836985499
STU_015449,80.94256659748336
STU_015450,91.56766494246631
STU_015451,79.05361091728318
STU_015452,80.99017127500642
STU_015453,97.30319802539432
STU_015454,79.42640879396092
STU_015455,51.09113313243131
STU_015456,76.40932932088953
STU_015457,67.14487422858403
STU_015458,65.23629908612492
STU_015459,48.026659949549085
STU_015460,99.92154292322118
STU_015461,99.72927204473348
STU_015462,73.22338579131674
STU_015463,81.59942747305986
STU_015464,58.924803343787744
STU_015465,49.42165680312756
STU_015466,87.50657529632133
STU_015467,88.4734184304601
STU_015468,54.81140118253571
STU_015469,64.38418963049352
STU_015470,94.14494437692264
STU_015471,73.52903424779396
STU_015472,91.41321368218615
STU_015473,89.0241983244056
STU_015474,99.03656171774296
STU_015475,76.37276894358484
STU_015476,81.16508510917072
STU_015477,53.47245646573893
STU_015478,49.69499439996619
STU_015479,96.86675780307914
STU_015480,67.16184023277289
STU_015481,81.88869905349767
STU_015482,63.458629176844696
STU_015483,91.55623175814941
STU_015484,67.94732710776464
STU_015485,66.73431577369978
STU_015486,72.88969736061593
STU_015487,63.914110533996705
STU_015488,76.72501637604532
STU_015489,83.11329234617685
STU_015490,92.3567491450599
STU_015491,82.46753468047919
STU_015492,62.48428335746472
STU_015493,65.13256131965686
STU_015494,63.35848002925739
STU_015495,89.51089286702486
STU_015496,65.74619005315024
STU_015497,55.76450724814309
STU_015498,69.89959798044025
STU_015499,38.34998812830724
STU_015500,76.87113895932413
STU_015501,89.46008410000965
STU_015502,48.25207140415379
STU_015503,87.9871730332423
STU_015504,84.99291981828519
STU_015505,76.57135709529605
STU_015506,74.77966572119414
STU_015507,99.50209580132599
STU_015508,99.51070794107326
STU_015509,87.66720239871287
STU_015510,85.82782782342568
STU_015511,89.02765258836098
STU_015512,81.20744233429829
STU_015513,81.64820490286189
STU_015514,82.0891012622036
STU_015515,77.06737024112617
STU_015516,75.39438558096094
STU_015517,96.06322333630693
STU_015518,72.68102706969589
STU_015519,52.501726578487265
STU_015520,75.42631162617573
STU_015521,91.03990213978267
STU_015522,64.26659219542252
STU_015523,67.36904591306414
STU_015524,34.32219805813163
STU_015525,79.59522230364203
STU_015526,75.31956568050396
STU_015527,71.55590965521202
STU_015528,71.50530814388097
STU_015529,86.37304873478413
STU_015530,88.60578448697571
STU_015531,86.14328402086039
STU_015532,77.81981205179531
STU_015533,53.10654847234194
STU_015534,94.36816378417481
STU_015535,76.7603814667645
STU_015536,79.09312192332322
STU_015537,69.40565232570184
STU_015538,90.1068361873471
STU_015539,66.39001995612159
STU_015540,67.40667715676132
STU_015541,73.63499440741145
STU_015542,92.516314940679
STU_015543,81.01478674197149
STU_015544,97.71909066809235
STU_015545,71.77677225429716
STU_015546,76.30081918083532
STU_015547,53.47215819541164
STU_015548,60.596927192723065
STU_015549,95.73372981089075
STU_015550,94.04866344640095
STU_015551,77.60445968740655
STU_015552,73.19763059668222
STU_015553,47.709525736652736
STU_015554,84.0195229912881
STU_015555,82.28589599655592
STU_015556,93.45390554809534
STU_015557,78.29241427161134
STU_015558,87.1778352314899
STU_015559,89.3828045158882
STU_015560,80.81123871397824
STU_015561,84.72947131853059
STU_015562,82.8455051111896
STU_015563,67.39809338407227
STU_015564,70.5595544580885
STU_015565,66.98079426834451
STU_015566,69.79287373245464
STU_015567,73.81501073441635
STU_015568,72.13303328493967
STU_015569,74.48134971493748
STU_015570,96.62495392743926
STU_015571,60.45365835253659
STU_015572,78.30040070863771
STU_015573,84.75765878921196
STU_015574,63.78665032137238
STU_015575,75.21106154782115
STU_015576,69.64900354265468
STU_015577,71.5328536640557
STU_015578,79.91601947488184
STU_015579,72.42441894842776
STU_015580,73.7872294882284
STU_015581,82.83782374104878
STU_015582,76.39502691158819
STU_015583,93.49892453935773
STU_015584,88.35140314229005
STU_015585,88.82203536100639
STU_015586,91.1671396404922
STU_015587,53.44798656878847
STU_015588,73.02032613832154
STU_015589,79.70756752539266
STU_015590,60.45617969994716
STU_015591,54.8901806184475
STU_015592,88.19355060573841
STU_015593,64.23477464819894
STU_015594,93.0990496692541
STU_015595,97.02389645199315
STU_015596,81.62949316680503
STU_015597,93.44014452214338
STU_015598,76.76497561843193
STU_015599,51.053587991441226
STU_015600,67.02592289538457
STU_015601,49.97366946239288
STU_015602,62.219691932435566
STU_015603,80.10843697072207
STU_015604,83.02698413897939
STU_015605,57.41275711080782
STU_015606,79.9883810718889
STU_015607,66.40686732948308
STU_015608,73.04943288776819
STU_015609,71.57495896058381
STU_015610,67.84434012956977
STU_015611,85.8540781487476
STU_015612,81.97500093661421
STU_015613,94.19299678933467
STU_015614,64.27036034641048
STU_015615,70.14845173863303
STU_015616,79.87978017911172
STU_015617,65.40301691471701
STU_015618,86.85272152748067
STU_015619,58.22748764042433
STU_015620,70.78317880289617
STU_015621,72.46058914470493
STU_015622,79.2760890904591
STU_015623,89.66576720634833
STU_015624,80.30305120986225
STU_015625,81.88333906225165
STU_015626,58.53112217391288
STU_015627,99.92758251873224
STU_015628,77.40419629700938
STU_015629,66.00539696971724
STU_015630,73.67311678894306
STU_015631,66.3520962835376
STU_015632,89.88223922014889
STU_015633,87.47318315911329
STU_015634,70.48064959004994
STU_015635,98.70435032387597
STU_015636,69.46664479725773
STU_015637,50.87527837218336
STU_015638,73.30756142151026
STU_015639,97.95699639416569
STU_015640,67.44160947091204
STU_015641,59.274172805830304
STU_015642,99.69621502017762
STU_015643,83.62776979115164
STU_015644,96.53856139419626
STU_015645,54.56078466726497
STU_015646,99.42734975615204
STU_015647,71.36342664270907
STU_015648,59.97416486289963
STU_015649,77.26787094772916
STU_015650,66.76174078027393
STU_015651,52.113877526457486
STU_015652,97.58841524933652
STU_015653,73.55196839392977
STU_015654,63.723323066676514
STU_015655,99.91475124826624
STU_015656,68.55215239683383
STU_015657,75.95932195135234
STU_015658,71.41757975783945
STU_015659,72.63514779191837
STU_015660,90.35699217135323
STU_015661,40.888064968546416
STU_015662,69.07198622737046
STU_015663,85.06438330351146
STU_015664,55.879116937731126
STU_015665,83.67013773630578
STU_015666,80.7889583397716
STU_015667,96.33919780480701
STU_015668,85.54841917308099
STU_015669,80.8443183528893
STU_015670,64.47121775225325
STU_015671,87.19209269986484
STU_015672,90.16258445593364
STU_015673,79.95020662617384
STU_015674,79.45551850726662
STU_015675,88.78157120692192
STU_015676,49.76688758783338
STU_015677,82.31570065784018
STU_015678,99.48070847158343
STU_015679,75.944815487482
STU_015680,76.17799952932313
STU_015681,80.18960891527199
STU_015682,87.43702076788432
STU_015683,64.61081950150245
STU_015684,61.84989280696877
STU_015685,80.70738740574191
STU_015686,69.65542065125705
STU_015687,86.06175510475327
STU_015688,77.9014234984933
STU_015689,63.64432851016052
STU_015690,62.199298200779026
STU_015691,98.19887237347267
STU_015692,90.22636334605858
STU_015693,77.06232257418209
STU_015694,97.10359429233327
STU_015695,94.84894547493238
STU_015696,48.636702225122136
STU_015697,62.452791815941836
STU_015698,89.00823871635129
STU_015699,97.35211653606993
STU_015700,83.60634366630563
STU_015701,68.66378705623762
STU_015702,88.51508329172775
STU_015703,92.22076882546375
STU_015704,76.80080114220677
STU_015705,83.33480456740872
STU_015706,61.16736992423111
STU_015707,76.41542272696628
STU_015708,54.24703784264361
STU_015709,62.07507605499809
STU_015710,69.15591237890779
STU_015711,74.6977196250491
STU_015712,88.68235166576551
STU_015713,82.59156570194347
STU_015714,71.99591910253984
STU_015715,87.31385243235505
STU_015716,59.95882387440455
STU_015717,64.01237545361009
STU_015718,69.19459859250209
STU_015719,58.294003145239635
STU_015720,58.65338866330477
STU_015721,57.691019568941414
STU_015722,69.25486996946356
STU_015723,72.63909778071259
STU_015724,99.45978184331017
STU_015725,92.03521226249858
STU_015726,78.03873584098335
STU_015727,65.4496277992908
STU_015728,79.51832142381552
STU_015729,94.95707609863675
STU_015730,67.31664103797979
STU_015731,77.17030119054479
STU_015732,56.1755790564262
STU_015733,64.79524588046799
STU_015734,66.2368679716394
STU_015735,54.18603809872795
STU_015736,91.35236434818032
STU_015737,73.67095144505751
STU_015738,63.736763243250905
STU_015739,76.56117166806894
STU_015740,96.08009383709131
STU_015741,63.213490790108594
STU_015742,69.4559160652866
STU_015743,90.72170704383436
STU_015744,64.08317965578706
STU_015745,87.2219434824257
STU_015746,68.60888925705122
STU_015747,95.16515742244817
STU_015748,51.34638713407003
STU_015749,86.88083900482874
STU_015750,59.475179425948475
STU_015751,86.12953178404183
STU_015752,71.17770359689524
STU_015753,79.58012336202287
STU_015754,78.49674519967725
STU_015755,91.57920402336302
STU_015756,80.64391660731059
STU_015757,88.4735489934165
STU_015758,99.77306913471108
STU_015759,84.59345312352531
STU_015760,60.501350217841676
STU_015761,91.36615856052416
STU_015762,67.49857932494396
STU_015763,64.65502179151588
STU_015764,77.34745898911117
STU_015765,82.92264731522178
STU_015766,78.78113170242588
STU_015767,83.75384304627501
STU_015768,77.3645804181636
STU_015769,85.63243289506772
STU_015770,64.65163218164065
STU_015771,96.31756788341849
STU_015772,59.416082005853625
STU_015773,53.345407266444624
STU_015774,98.9333960013414
STU_015775,83.0379969594442
STU_015776,64.4972396197034
STU_015777,66.54078896020768
STU_015778,61.313379285217664
STU_015779,55.23193931553102
STU_015780,81.11419370641497
STU_015781,74.16313330856438
STU_015782,86.98279104004419
STU_015783,65.17847215834314
STU_015784,76.21513078454393
STU_015785,70.73938139147123
STU_015786,74.04429255259907
STU_015787,80.62294010066461
STU_015788,78.59817798612782
STU_015789,50.38132962785995
STU_015790,63.40060737339655
STU_015791,71.1227260871612
STU_015792,79.4240707697761
STU_015793,90.78039553328117
STU_015794,90.25659579712959
STU_015795,62.882803632150505
STU_015796,89.59017712736183
STU_015797,81.23898571396944
STU_015798,89.57495908058496
STU_015799,90.16388376748476
STU_015800,67.08321486622964
STU_015801,76.78525744519433
STU_015802,57.78572581678476
STU_015803,72.48087525127067
STU_015804,77.69331123486127
STU_015805,49.0597244984847
STU_015806,97.61807691593046
STU_015807,77.79698952904931
STU_015808,69.41608646121625
STU_015809,47.28909256524872
STU_015810,84.3509657120811
STU_015811,99.02075660697083
STU_015812,87.67231231127693
STU_015813,94.38468675887425
STU_015814,68.37635830123625
STU_015815,61.13945133902442
STU_015816,91.3145083732244
STU_015817,70.82715440796007
STU_015818,69.15072547529924
STU_015819,53.099128754683406
STU_015820,66.31394822362029
STU_015821,76.93020532612213
STU_015822,64.80114245433734
STU_015823,74.97951507872096
STU_015824,83.06431452977138
STU_015825,49.542141677713886
STU_015826,54.96031502360822
STU_015827,64.47864360424896
STU_015828,72.79438523543703
STU_015829,85.94025479950751
STU_015830,92.90544135099618
STU_015831,73.75238688703223
STU_015832,96.20692702764514
STU_015833,92.63869506480576
STU_015834,41.2452506551786
STU_015835,79.37791860198661
STU_015836,79.86448330462883
STU_015837,73.91482154940742
STU_015838,71.03407673776714
STU_015839,89.05063098605945
STU_015840,67.66439077500766
STU_015841,56.537402382340645
STU_015842,91.81329514026376
STU_015843,86.63038778256617
STU_015844,91.75664107355277
STU_015845,66.66634571403495
STU_015846,63.0189641870586
STU_015847,73.75839978800677
STU_015848,86.25080358222901
STU_015849,98.21858207582244
STU_015850,54.862248600461236
STU_015851,71.19002084085969
STU_015852,62.1730564646282
STU_015853,76.04513060133152
STU_015854,92.06807299978901
STU_015855,93.68906619206031
STU_015856,73.68957931209172
STU_015857,82.8580995998934
STU_015858,62.88625985599533
STU_015859,71.10276870887296
STU_015860,70.1467316634433
STU_015861,71.26663540952629
STU_015862,67.19055596646103
STU_015863,95.8527682827133
STU_015864,53.272382965193046
STU_015865,59.51701274299558
STU_015866,73.92185550384819
STU_015867,37.411259987929554
STU_015868,68.23184784828811
STU_015869,91.87457738789134
STU_015870,74.92973917238236
STU_015871,74.4436458863201
STU_015872,45.787297503974706
STU_015873,97.02402160596591
STU_015874,71.8956887889018
STU_015875,85.14048763019946
STU_015876,63.841774699911426
STU_015877,96.60965335727406
STU_015878,84.17680083759222
STU_015879,97.15498029864314
STU_015880,79.97610797011097
STU_015881,97.40578772065744
STU_015882,68.98280101378924
STU_015883,78.00036698734516
STU_015884,86.96439643635169
STU_015885,60.12075780056525
STU_015886,92.09100086336366
STU_015887,99.15339016971934
STU_015888,62.72246013198932
STU_015889,88.64741966170669
STU_015890,94.54607471947523
STU_015891,89.3880350601525
STU_015892,55.35844727234691
STU_015893,56.32810621811838
STU_015894,51.94353068870505
STU_015895,60.6982736969333
STU_015896,67.50701211340831
STU_015897,91.45784556236805
STU_015898,77.40797599786055
STU_015899,90.08721622004882
STU_015900,69.30691588763705
STU_015901,70.88560400804953
STU_015902,75.59970480133259
STU_015903,84.70358723719795
STU_015904,79.45429580681575
STU_015905,90.89267237519863
STU_015906,71.04831158971055
STU_015907,99.84096218684479
STU_015908,65.1502043724903
STU_015909,74.35913740465969
STU_015910,77.4836033822962
STU_015911,61.367034555062254
STU_015912,79.39841497611351
STU_015913,67.00235796896872
STU_015914,66.52172898848595
STU_015915,87.30899318567305
STU_015916,62.469355704153
STU_015917,48.82218011765087
STU_015918,78.91085570295164
STU_015919,87.68140257246418
STU_015920,80.033519009951
STU_015921,93.58432050552932
STU_015922,52.787402185386846
STU_015923,92.35708943781404
STU_015924,75.81400908298392
STU_015925,69.90212126946544
STU_015926,80.34097799845551
STU_015927,73.63466454722291
STU_015928,76.46157175950242
STU_015929,88.79802538325995
STU_015930,57.169740974975056
STU_015931,58.2932181493499
STU_015932,76.48336379900122
STU_015933,77.87725805528353
STU_015934,72.05031543671325
STU_015935,99.80455240010181
STU_015936,99.64721300203689
STU_015937,81.18157054934983
STU_015938,80.71960312795215
STU_015939,66.39929640802808
STU_015940,94.24043949765505
STU_015941,65.20456929559101
STU_015942,89.49277884713042
STU_015943,81.90208424162358
STU_015944,98.54377312912312
STU_015945,73.18574052413828
STU_015946,75.2727517252697
STU_015947,72.66213529141295
STU_015948,69.51547947386474
STU_015949,57.52353520692452
STU_015950,97.35964326827329
STU_015951,71.3482150634477
STU_015952,70.6381820145611
STU_015953,61.72610009237384
STU_015954,79.61757105685143
STU_015955,77.4490178255869
STU_015956,80.12374443958791
STU_015957,54.388929295499736
STU_015958,69.95069569945063
STU_015959,91.2377254847047
STU_015960,71.5758228627049
STU_015961,89.6226048721472
STU_015962,85.65434348511371
STU_015963,76.9633143740069
STU_015964,64.03186176702442
STU_015965,87.00375713340091
STU_015966,54.79140883167385
STU_015967,79.34586800799644
STU_015968,79.9060740028733
STU_015969,66.83106763628437
STU_015970,78.4303932497441
STU_015971,63.801309366831866
STU_015972,84.81162778174502
STU_015973,64.71469373514138
STU_015974,88.99777638805827
STU_015975,52.547530177873384
STU_015976,50.57737835684151
STU_015977,62.44581070181833
STU_015978,68.91049894532597
STU_015979,85.22971543793335
STU_015980,86.39812833930259
STU_015981,97.21976340683183
STU_015982,94.7118775234993
STU_015983,83.85626732962149
STU_015984,88.86230347942211
STU_015985,72.01427840153016
STU_015986,45.26561671448216
STU_015987,72.94343919278245
STU_015988,59.537772518678366
STU_015989,80.02227904099178
STU_015990,58.30090339280909
STU_015991,73.01969729751639
STU_015992,43.46499352682621
STU_015993,75.28656754488628
STU_015994,74.09269534560707
STU_015995,98.7095983600851
STU_015996,80.66493912042225
STU_015997,66.41374306947309
STU_015998,81.95340145173063
STU_015999,86.08754743194194
STU_016000,81.4280404474449
STU_016001,90.42301368009207
STU_016002,87.97089309277351
STU_016003,94.55572714553226
STU_016004,88.33816090273082
STU_016005,44.62966250466605
STU_016006,63.847332576532
STU_016007,83.18445645866532
STU_016008,90.21830968064748
STU_016009,52.40286625938218
STU_016010,71.61756802115232
STU_016011,84.82235227879296
STU_016012,71.11976367604598
STU_016013,69.17101605088382
STU_016014,98.46857807340169
STU_016015,49.71601938240016
STU_016016,96.53906162767214
STU_016017,77.60636826578349
STU_016018,82.05741140877569
STU_016019,72.16567779005085
STU_016020,92.64816506217451
STU_016021,99.90598239025871
STU_016022,66.77207212977086
STU_016023,99.78113504768122
STU_016024,73.96150435522652
STU_016025,91.61518477168883
STU_016026,53.65275505845068
STU_016027,61.840354441502015
STU_016028,69.45552258411365
STU_016029,75.479209799297
STU_016030,97.19431957403754
STU_016031,94.29786519123142
STU_016032,85.82209254592695
STU_016033,85.70447758308913
STU_016034,79.21190266200408
STU_016035,66.78463673898891
STU_016036,99.7625226059522
STU_016037,78.19798299656793
STU_016038,71.34209720283087
STU_016039,69.94182568709381
STU_016040,92.73909285473732
STU_016041,94.93160256579094
STU_016042,77.13085295967753
STU_016043,81.77540026006899
STU_016044,94.20044265745119
STU_016045,83.82926853819396
STU_016046,62.389368188934284
STU_016047,90.21227636143576
STU_016048,69.44011999140506
STU_016049,74.4529270143813
STU_016050,70.15739870878389
STU_016051,80.78841323158966
STU_016052,95.70489602966636
STU_016053,79.36555612201516
STU_016054,67.22678308357449
STU_016055,81.17846198998588
STU_016056,73.29126242427222
STU_016057,77.82143977829759
STU_016058,76.77233087271223
STU_016059,70.41733499410866
STU_016060,75.18977085567792
STU_016061,48.56746506957943
STU_016062,69.2742533596222
STU_016063,77.78026978859702
STU_016064,61.795244236790126
STU_016065,76.21965257828684
STU_016066,83.31463291472417
STU_016067,59.73750368040751
STU_016068,99.36608654583966
STU_016069,78.89453025233779
STU_016070,70.71098833362177
STU_016071,64.23281285636034
STU_016072,85.82165662577466
STU_016073,77.780740463814
STU_016074,87.25581603943431
STU_016075,98.38869434564447
STU_016076,61.6294555981669
STU_016077,63.300402725634
STU_016078,84.25893296569558
STU_016079,87.82554674586063
STU_016080,78.33011043922816
STU_016081,63.97826979886899
STU_016082,85.07338614167065
STU_016083,98.63012307403342
STU_016084,72.0370350575874
STU_016085,50.42347944819243
STU_016086,95.79146740688313
STU_016087,73.19351111024099
STU_016088,74.33803642038477
STU_016089,87.10743837760151
STU_016090,89.44090160877698
STU_016091,61.656247507100886
STU_016092,70.50600738667598
STU_016093,77.55381734625168
STU_016094,76.0292566472337
STU_016095,74.95949137806944
STU_016096,87.90073113086032
STU_016097,69.31868245005458
STU_016098,59.493374173350816
STU_016099,84.47409604197702
STU_016100,75.2722116590526
STU_016101,57.982311861217894
STU_016102,77.43256693478887
STU_016103,54.891030662188506
STU_016104,81.5012675529488
STU_016105,62.10748372861245
STU_016106,61.73046494499665
STU_016107,76.63113052765678
STU_016108,68.88805430403788
STU_016109,66.83166971778861
STU_016110,63.52676851165154
STU_016111,86.94954560876239
STU_016112,81.4659679974282
STU_016113,57.26524120194698
STU_016114,71.7163125260565
STU_016115,88.01495609361865
STU_016116,96.16063428085371
STU_016117,81.3569979129436
STU_016118,66.7798714575572
STU_016119,82.52781450252212
STU_016120,87.15666038427443
STU_016121,68.30520143465489
STU_016122,73.2151446860911
STU_016123,87.3968738305833
STU_016124,96.0810028953092
STU_016125,91.2507145451642
STU_016126,79.83413580539509
STU_016127,85.30414829783993
STU_016128,95.68626952769566
STU_016129,66.11685649147105
STU_016130,97.53135105426277
STU_016131,84.8600412929346
STU_016132,69.78612216306334
STU_016133,73.05979355258978
STU_016134,75.1892912159881
STU_016135,59.79152417348668
STU_016136,91.30097683349386
STU_016137,80.77766967379601
STU_016138,76.15586110595135
STU_016139,98.04265857752067
STU_016140,85.79641920420886
STU_016141,89.2799589892322
STU_016142,82.03615564836471
STU_016143,53.251548521662414
STU_016144,77.51638710255779
STU_016145,76.59637008911119
STU_016146,86.15304571671771
STU_016147,87.67127409048021
STU_016148,64.16038035136953
STU_016149,54.03784328767084
STU_016150,94.88144813294309
STU_016151,59.91829860307348
STU_016152,77.24403444803326
STU_016153,69.21830216117732
STU_016154,81.67915034565894
STU_016155,83.57796764180306
STU_016156,64.39732936848259
STU_016157,77.17219382729502
STU_016158,97.88712606808959
STU_016159,61.372491124154536
STU_016160,77.21131539181928
STU_016161,75.55489116865067
STU_016162,95.8335935459416
STU_016163,75.30484058554134
STU_016164,61.33769812776772
STU_016165,95.69412839929012
STU_016166,64.24256214233334
STU_016167,84.77560316534655
STU_016168,87.23545046119372
STU_016169,90.8516003086396
STU_016170,84.52870881916282
STU_016171,75.40121967099469
STU_016172,61.73296888347819
STU_016173,70.97120363746296
STU_016174,59.59085563003701
STU_016175,92.03800026826877
STU_016176,75.61863006849961
STU_016177,86.54713841716068
STU_016178,81.54502023272852
STU_016179,80.25725503675324
STU_016180,55.34402236106915
STU_016181,94.46625175287252
STU_016182,52.89115456901794
STU_016183,76.96417879711579
STU_016184,72.17375072717394
STU_016185,99.72339994598457
STU_016186,48.48090628740459
STU_016187,95.79706288794262
STU_016188,76.77377592039417
STU_016189,84.4304115070425
STU_016190,82.6780993415124
STU_016191,56.18801657765667
STU_016192,57.95723059469937
STU_016193,79.07516243576737
STU_016194,91.48970075542547
STU_016195,84.25794701233667
STU_016196,55.957431211702065
STU_016197,96.84676145568037
STU_016198,71.61243919713027
STU_016199,78.38962855185383
STU_016200,64.54467483585375
STU_016201,69.0724328291744
STU_016202,63.09870131456386
STU_016203,68.27561698451552
STU_016204,62.55696678665615
STU_016205,54.490665463787366
STU_016206,71.26605398936334
STU_016207,51.15924379819501
STU_016208,69.98395680117899
STU_016209,68.87456055509762
STU_016210,57.75287569526927
STU_016211,71.93087491622632
STU_016212,67.83798359065676
STU_016213,92.36372500326456
STU_016214,55.37374211464362
STU_016215,70.11010148769955
STU_016216,59.24658637854867
STU_016217,72.35026194676115
STU_016218,99.40569727199929
STU_016219,81.73322299475527
STU_016220,89.31580348927618
STU_016221,66.18907296922148
STU_016222,66.65418491312556
STU_016223,65.31006055837103
STU_016224,98.11194993170335
STU_016225,82.0982854109057
STU_016226,88.3110594558334
STU_016227,78.48524401857105
STU_016228,73.7929475702677
STU_016229,64.6096677187805
STU_016230,65.93680405704582
STU_016231,95.46670338028827
STU_016232,98.56370695927112
STU_016233,50.46833204982987
STU_016234,87.37741521229839
STU_016235,58.56194827629771
STU_016236,75.73850785737613
STU_016237,70.19120527959467
STU_016238,87.88110245296451
STU_016239,67.7608245779654
STU_016240,92.78733905022938
STU_016241,86.52774608261947
STU_016242,71.98681568873587
STU_016243,77.34856993016102
STU_016244,78.16598058251718
STU_016245,71.82853839103417
STU_016246,67.19525273932122
STU_016247,69.4882264577551
STU_016248,72.27840057949442
STU_016249,64.55198763890408
STU_016250,89.90172289209016
STU_016251,53.254034568170894
STU_016252,88.08104691904748
STU_016253,87.09278567850495
STU_016254,84.20644393127327
STU_016255,70.45069784513431
STU_016256,44.45017963979311
STU_016257,82.63402680827085
STU_016258,81.78832941840055
STU_016259,71.63728673095656
STU_016260,72.7032868464449
STU_016261,95.4236990445768
STU_016262,80.87812883093734
STU_016263,54.92682130865403
STU_016264,53.20288928612937
STU_016265,97.99230066981141
STU_016266,89.94883686835783
STU_016267,70.53123583166688
STU_016268,81.1398875713906
STU_016269,94.48535804995338
STU_016270,69.44210812001617
STU_016271,71.2985847550444
STU_016272,83.85278469633452
STU_016273,77.32303424708053
STU_016274,58.79825139017319
STU_016275,72.71905892235687
STU_016276,60.81538783739592
STU_016277,86.32519673538718
STU_016278,84.36430369659499
STU_016279,80.63870052447157
STU_016280,77.27841119508594
STU_016281,80.73428037978397
STU_016282,68.83837920732238
STU_016283,67.35295303491145
STU_016284,87.83167929236039
STU_016285,61.685394298972085
STU_016286,59.65995198192361
STU_016287,87.67230412042093
STU_016288,90.43058428528637
STU_016289,74.23985439962325
STU_016290,63.791189621989005
STU_016291,75.07567381347077
STU_016292,73.03161494642966
STU_016293,80.74069219950087
STU_016294,69.63581845785261
STU_016295,84.79227806861203
STU_016296,70.56331540351843
STU_016297,86.76354959623322
STU_016298,49.059318081566346
STU_016299,67.79255562855208
STU_016300,67.49987675705746
STU_016301,55.89356666180305
STU_016302,68.52862902400801
STU_016303,76.8134397036531
STU_016304,85.88973760749982
STU_016305,91.54147180054906
STU_016306,79.8261582315978
STU_016307,67.40167765701437
STU_016308,63.4081172862911
STU_016309,88.63262817643331
STU_016310,78.24244303793095
STU_016311,60.33287712790964
STU_016312,65.4767773637592
STU_016313,99.2039184028842
STU_016314,89.2041603640659
STU_016315,60.17399731047102
STU_016316,96.14405053023356
STU_016317,84.64325405548274
STU_016318,74.37979687004518
STU_016319,65.44578133367023
STU_016320,68.70485414433718
STU_016321,63.523329108267404
STU_016322,96.02509857020988
STU_016323,71.4290540943351
STU_016324,52.22000765346631
STU_016325,76.21153343814409
STU_016326,77.29539097032986
STU_016327,82.56967138277159
STU_016328,71.87603245661123
STU_016329,67.15889091974134
STU_016330,70.26122351421233
STU_016331,79.8997944223446
STU_016332,85.96928673347068
STU_016333,88.81203452785414
STU_016334,63.12641193196901
STU_016335,73.92079847318612
STU_016336,67.44315355845151
STU_016337,62.229314604435984
STU_016338,75.50622438721828
STU_016339,77.2513386487137
STU_016340,87.2755347898875
STU_016341,86.81743839410782
STU_016342,74.00052691104733
STU_016343,71.27150137044099
STU_016344,92.16741474573884
STU_016345,85.06018317527901
STU_016346,85.91900637771631
STU_016347,53.44971311138224
STU_016348,64.65274389281528
STU_016349,86.57388466909481
STU_016350,60.76906133311081
STU_016351,71.94566476149058
STU_016352,78.32416205376478
STU_016353,72.27131019562965
STU_016354,49.33661684753537
STU_016355,74.8002442059356
STU_016356,69.39347916898501
STU_016357,62.71287097676331
STU_016358,76.85605350304154
STU_016359,88.33159517029546
STU_016360,78.09519601562252
STU_016361,71.83850052093968
STU_016362,76.12875427060916
STU_016363,72.21648581659687
STU_016364,70.99342048733813
STU_016365,76.98539558251316
STU_016366,70.28886074010184
STU_016367,78.36430152370637
STU_016368,56.930528235230824
STU_016369,74.43885491771528
STU_016370,43.183404758088166
STU_016371,63.181622458310876
STU_016372,91.43288809926652
STU_016373,83.93685486077204
STU_016374,72.35410702057894
STU_016375,76.63296932697997
STU_016376,92.21427669704403
STU_016377,57.486514073577894
STU_016378,85.07531608700232
STU_016379,63.81454087608982
STU_016380,85.83692731941561
STU_016381,60.74193749767687
STU_016382,76.47239349368087
STU_016383,53.29437133912115
STU_016384,92.75368721016254
STU_016385,92.09740082056888
STU_016386,70.37975171984372
STU_016387,72.35777479776172
STU_016388,59.53946489638035
STU_016389,76.26498920828156
STU_016390,79.1108088219964
STU_016391,99.3776022199771
STU_016392,83.29847717886906
STU_016393,78.20789456645369
STU_016394,96.20175031231643
STU_016395,60.09064904455533
STU_016396,91.8112305160677
STU_016397,68.58966825609437
STU_016398,59.95007823202096
STU_016399,67.18048073016166
STU_016400,83.27279099475709
STU_016401,74.07204247097178
STU_016402,95.48134916844938
STU_016403,64.07119383132637
STU_016404,67.27840141445148
STU_016405,68.97544239585633
STU_016406,66.32482191857092
STU_016407,93.5535212189306
STU_016408,89.69315823705816
STU_016409,51.13614648342104
STU_016410,62.80169341281505
STU_016411,54.13671580158295
STU_016412,50.599235170034035
STU_016413,66.82401585490207
STU_016414,86.98227173578533
STU_016415,85.66129110553948
STU_016416,79.3794666122251
STU_016417,79.95006235834492
STU_016418,99.17056613910069
STU_016419,72.63444687698441
STU_016420,64.39192778837395
STU_016421,63.8918108134123
STU_016422,66.21031269394312
STU_016423,98.84707915704817
STU_016424,67.53481481406325
STU_016425,81.64486874394223
STU_016426,76.2269611834198
STU_016427,74.431966329374
STU_016428,99.733412862954
STU_016429,74.84099596369248
STU_016430,86.104922030153
STU_016431,96.64434654336694
STU_016432,49.431835034502534
STU_016433,59.467935595990646
STU_016434,58.890349651455224
STU_016435,79.16364446031253
STU_016436,93.59233850292658
STU_016437,79.26086501702066
STU_016438,78.20409259221691
STU_016439,75.84397123238281
STU_016440,64.06933305452372
STU_016441,92.95485785483399
STU_016442,95.63712211011114
STU_016443,70.18928718605093
STU_016444,76.79175722689281
STU_016445,75.06355687470632
STU_016446,65.5821140444081
STU_016447,63.89353588104376
STU_016448,70.24641259577822
STU_016449,76.72732359554648
STU_016450,70.79949506678433
STU_016451,89.7717811294128
STU_016452,87.88780713800551
STU_016453,61.51370243512399
STU_016454,66.53241101399406
STU_016455,47.8088001485141
STU_016456,72.77603352981254
STU_016457,89.65561198786736
STU_016458,75.58471116891681
STU_016459,77.71456268048158
STU_016460,78.53144859934835
STU_016461,56.10586976333295
STU_016462,85.2397030152031
STU_016463,81.99671605284574
STU_016464,78.68040451559139
STU_016465,84.13935905436459
STU_016466,70.1238333359739
STU_016467,81.01100958373553
STU_016468,65.31760638109363
STU_016469,54.76307879817037
STU_016470,89.06759540010816
STU_016471,57.89475101117377
STU_016472,83.94067363612481
STU_016473,74.59349199249965
STU_016474,69.39391136973981
STU_016475,99.26936101605773
STU_016476,95.53824582324631
STU_016477,92.51082083933778
STU_016478,86.70852763641852
STU_016479,65.51133847616524
STU_016480,79.79677297940619
STU_016481,73.75410218259321
STU_016482,63.160622587235686
STU_016483,86.65431681122243
STU_016484,70.26053469351467
STU_016485,68.30588345242961
STU_016486,86.76440216497386
STU_016487,70.87185523352355
STU_016488,80.05375909167176
STU_016489,97.16631137305069
STU_016490,67.48727580074697
STU_016491,89.41629986201141
STU_016492,90.16089658744849
STU_016493,88.2729783735211
STU_016494,73.49826060990392
STU_016495,45.95239519987176
STU_016496,83.27208504887055
STU_016497,45.45333363942363
STU_016498,62.506872329822656
STU_016499,76.0316604890519
STU_016500,71.18534194191031
STU_016501,73.76813030065485
STU_016502,73.27188924451906
STU_016503,55.56533725295287
STU_016504,78.29872559217901
STU_016505,96.01593952063357
STU_016506,74.12449630489797
STU_016507,66.25879070642526
STU_016508,87.16472014570073
STU_016509,40.89324391202607
STU_016510,72.55128224942209
STU_016511,68.13405597447698
STU_016512,67.34409787842237
STU_016513,53.14988705045711
STU_016514,89.28501991192911
STU_016515,61.833531455554066
STU_016516,56.733807955161694
STU_016517,80.16844980026661
STU_016518,78.32344090700971
STU_016519,82.95441457402626
STU_016520,58.6195360529224
STU_016521,99.8466636615309
STU_016522,51.87435432803044
STU_016523,70.76134076384704
STU_016524,67.55155755452206
STU_016525,44.615349548992924
STU_016526,99.88351164255704
STU_016527,55.88812767308858
STU_016528,66.93452966560623
STU_016529,71.48570300475342
STU_016530,83.13488577433839
STU_016531,96.64373503382146
STU_016532,99.01781601551733
STU_016533,77.66683987899624
STU_016534,87.87244615150084
STU_016535,64.09828564548559
STU_016536,84.47904232851026
STU_016537,81.89454700506369
STU_016538,65.73973412590473
STU_016539,68.59336697840337
STU_016540,78.73449844665132
STU_016541,99.79454435245309
STU_016542,56.759013556561406
STU_016543,61.642625832226116
STU_016544,92.583014747168
STU_016545,92.56707954537342
STU_016546,64.61283621040099
STU_016547,99.95889353437471
STU_016548,94.74574403140709
STU_016549,83.98986475313902
STU_016550,66.94316611244402
STU_016551,80.03161706678173
STU_016552,88.34622001874793
STU_016553,67.6767667534443
STU_016554,89.95406514729865
STU_016555,69.62418789278706
STU_016556,78.91266542935386
STU_016557,71.58608699358439
STU_016558,75.72207578398907
STU_016559,83.60748037162384
STU_016560,62.57409211311163
STU_016561,84.03856425713192
STU_016562,77.54439496454478
STU_016563,75.60367117360616
STU_016564,69.93974342374455
STU_016565,78.16036076250234
STU_016566,87.01349187558986
STU_016567,73.63015866882395
STU_016568,71.06528799529971
STU_016569,57.83537542033505
STU_016570,66.66622441588895
STU_016571,89.88852277275268
STU_016572,58.32005535536482
STU_016573,54.91808944206893
STU_016574,97.96315141484186
STU_016575,65.05352042354437
STU_016576,83.3768004527482
STU_016577,90.77802523133164
STU_016578,85.02031780017398
STU_016579,87.77690087504246
STU_016580,85.9536579011151
STU_016581,97.83361210363695
STU_016582,64.21349230071303
STU_016583,84.37891038200118
STU_016584,97.65464688288756
STU_016585,87.07621319554633
STU_016586,77.91207689665019
STU_016587,73.81514339804022
STU_016588,69.67769957943173
STU_016589,69.43526429189325
STU_016590,74.40859350023607
STU_016591,58.37621381087193
STU_016592,81.22997914832749
STU_016593,84.8844871768099
STU_016594,42.20710488604683
STU_016595,75.87246522312417
STU_016596,87.67389624209106
STU_016597,53.62756908326638
STU_016598,82.55366617813678
STU_016599,45.445886625145846
STU_016600,46.53110382439671
STU_016601,79.54581888356826
STU_016602,56.60922177649044
STU_016603,51.97789696579879
STU_016604,87.46883605489478
STU_016605,92.35102918947045
STU_016606,69.51233569281328
STU_016607,42.596753271225055
STU_016608,85.64030828228886
STU_016609,79.01146890293748
STU_016610,87.85518689769526
STU_016611,57.6647115015316
STU_016612,95.61813574358088
STU_016613,81.20055449597885
STU_016614,67.2246386050553
STU_016615,93.4130188741791
STU_016616,88.17269779300909
STU_016617,92.4963817712282
STU_016618,73.56011567419714
STU_016619,89.47263958781059
STU_016620,55.382807880000755
STU_016621,81.29767958336693
STU_016622,76.36563249217892
STU_016623,76.02589325935338
STU_016624,98.04247261904926
STU_016625,79.22373320733755
STU_016626,58.3215428311035
STU_016627,99.49052649883438
STU_016628,87.4977978247282
STU_016629,54.34121099399948
STU_016630,71.68535542498205
STU_016631,65.06499551930605
STU_016632,62.88934978738928
STU_016633,76.20046767674592
STU_016634,65.6902604588428
STU_016635,93.03905931005333
STU_016636,83.73203901417028
STU_016637,66.72574690283894
STU_016638,68.23179085938825
STU_016639,64.85626250214077
STU_016640,99.75460686713458
STU_016641,83.61536400798053
STU_016642,58.58209921188311
STU_016643,70.25881980464028
STU_016644,77.72617627749713
STU_016645,84.44359413305266
STU_016646,83.92075028339708
STU_016647,67.0002031001403
STU_016648,75.70212810565326
STU_016649,87.7805706242614
STU_016650,89.9446732607658
STU_016651,83.74080544149437
STU_016652,86.5988182028367
STU_016653,81.14506271968511
STU_016654,94.55950369530332
STU_016655,71.65542909117264
STU_016656,77.44614590906644
STU_016657,80.50355086607141
STU_016658,90.96175863044024
STU_016659,75.42046141471361
STU_016660,91.4956004937631
STU_016661,72.57628552210713
STU_016662,69.6150093482282
STU_016663,89.28446323602678
STU_016664,67.80780193336527
STU_016665,77.52743897248504
STU_016666,66.70646918334077
STU_016667,69.71776768312125
STU_016668,93.55443783229717
STU_016669,72.32785949159936
STU_016670,85.69221692467809
STU_016671,97.65152913644951
STU_016672,86.9233544676492
STU_016673,65.01892400662516
STU_016674,78.24698127769175
STU_016675,76.1634402294539
STU_016676,99.46152808008173
STU_016677,91.57577168680535
STU_016678,91.6912497839727
STU_016679,91.46244971506576
STU_016680,61.10252492182309
STU_016681,97.32405948949787
STU_016682,86.5100105454747
STU_016683,72.86584542035595
STU_016684,69.05081757761772
STU_016685,77.27416504236669
STU_016686,74.43414866159131
STU_016687,95.97065210247756
STU_016688,57.47999361938841
STU_016689,71.43866309036888
STU_016690,53.821601516928055
STU_016691,78.83943876880483
STU_016692,73.28694271119531
STU_016693,67.36319069688838
STU_016694,87.09836691848005
STU_016695,76.47818867082279
STU_016696,75.45798947095949
STU_016697,73.20968220865532
STU_016698,82.22838034194169
STU_016699,63.52287059224206
STU_016700,72.1482927670289
STU_016701,78.67731545152729
STU_016702,82.74564337174235
STU_016703,89.46931189402127
STU_016704,83.33193583011158
STU_016705,89.8998760592098
STU_016706,73.47645509757055
STU_016707,81.96628172767186
STU_016708,90.23716997160622
STU_016709,44.52449304260111
STU_016710,76.44992060499986
STU_016711,58.605498041005134
STU_016712,48.01099458740565
STU_016713,96.26018960594722
STU_016714,97.28988439332184
STU_016715,66.10054159998694
STU_016716,69.99153976170413
STU_016717,89.5527284550254
STU_016718,52.85913539423693
STU_016719,89.05009462404456
STU_016720,96.17705243884936
STU_016721,79.34556115824793
STU_016722,74.55640937124178
STU_016723,68.41313229493826
STU_016724,75.75463409101161
STU_016725,67.09463486876398
STU_016726,60.40453459100713
STU_016727,69.20856139289161
STU_016728,57.69853563329792
STU_016729,76.04364636044843
STU_016730,84.93400072611996
STU_016731,63.15047021929717
STU_016732,89.64661049985824
STU_016733,86.24144741876263
STU_016734,59.875454604496824
STU_016735,84.4228218611209
STU_016736,60.39298185990744
STU_016737,67.8663063951933
STU_016738,76.73969461992411
STU_016739,80.14359188254421
STU_016740,70.58952229862362
STU_016741,77.96209616141107
STU_016742,91.08630540051499
STU_016743,72.55914050370657
STU_016744,59.0321811697484
STU_016745,62.84927276202009
STU_016746,52.103420385120685
STU_016747,82.77953186992511
STU_016748,79.59965071068012
STU_016749,53.5983979913527
STU_016750,88.89067285085761
STU_016751,87.96814287355107
STU_016752,63.02548935202614
STU_016753,74.70088188480496
STU_016754,99.67405088261248
STU_016755,75.55025680635507
STU_016756,77.18855592488357
STU_016757,81.28900985541354
STU_016758,53.366626702383364
STU_016759,98.49680089434739
STU_016760,70.8033322113355
STU_016761,77.51974259221997
STU_016762,71.4472123051192
STU_016763,79.85824739123905
STU_016764,65.87002142616754
STU_016765,88.34330000157487
STU_016766,91.0353301168582
STU_016767,82.20656771698148
STU_016768,89.20283908403883
STU_016769,45.834613912143645
STU_016770,53.894098283841444
STU_016771,66.5888898685529
STU_016772,93.0105702991768
STU_016773,69.72716566961667
STU_016774,82.5909336529909
STU_016775,71.04220612977247
STU_016776,94.11127764500701
STU_016777,49.058735069656635
STU_016778,77.06695906131267
STU_016779,72.57740526369753
STU_016780,85.36572405611358
STU_016781,49.83838412938398
STU_016782,82.7510262546055
STU_016783,67.55722518389513
STU_016784,96.17390399731346
STU_016785,91.95027165862362
STU_016786,68.00119949876607
STU_016787,66.89374683279074
STU_016788,90.22206030711234
STU_016789,75.66376518541509
STU_016790,81.70375443371066
STU_016791,69.70486804754213
STU_016792,74.15116212353331
STU_016793,80.33298087217881
STU_016794,73.91599566834165
STU_016795,72.47191530528042
STU_016796,86.78003810840039
STU_016797,65.20892383853037
STU_016798,73.83881208603012
STU_016799,91.40889900719297
STU_016800,65.11256470461055
STU_016801,60.63371793602938
STU_016802,63.85784637356758
STU_016803,92.58092237976908
STU_016804,92.7180463165212
STU_016805,55.917407321123946
STU_016806,81.34039780210041
STU_016807,77.56347394175012
STU_016808,86.23202981001569
STU_016809,86.84570776940829
STU_016810,48.22860904331702
STU_016811,78.44350195785685
STU_016812,69.57554388560342
STU_016813,78.51657170067188
STU_016814,88.68455897611658
STU_016815,68.40652652630445
STU_016816,71.97266788010874
STU_016817,99.52619055628492
STU_016818,52.54327482133243
STU_016819,88.23656392376975
STU_016820,82.12406036679904
STU_016821,78.79020937086969
STU_016822,75.18787964452652
STU_016823,99.9516111479746
STU_016824,79.09200708753431
STU_016825,81.28758519683466
STU_016826,71.44970507823044
STU_016827,76.833071624912
STU_016828,70.85621982225507
STU_016829,82.2714091681565
STU_016830,72.28420553844524
STU_016831,87.75759643176701
STU_016832,65.94246208658191
STU_016833,62.47208789024073
STU_016834,90.59013369952837
STU_016835,77.13508707364747
STU_016836,82.01346698889213
STU_016837,98.53478929632763
STU_016838,91.5544295642598
STU_016839,69.70814027912465
STU_016840,79.12190222224461
STU_016841,96.72600069231964
STU_016842,73.62025294093965
STU_016843,67.83803542717583
STU_016844,86.47747698954356
STU_016845,68.80368915246065
STU_016846,64.98855002853296
STU_016847,71.41704609555134
STU_016848,60.246997058093044
STU_016849,74.1232385908309
STU_016850,75.50044937361184
STU_016851,66.89187756471901
STU_016852,87.23112526207754
STU_016853,88.04743983864078
STU_016854,84.97313484811998
STU_016855,77.45375585222688
STU_016856,98.40813319159105
STU_016857,64.30237315399671
STU_016858,56.43538020717673
STU_016859,99.05843522660592
STU_016860,99.35278320517536
STU_016861,76.43106631679767
STU_016862,89.80115928502124
STU_016863,97.94622622971828
STU_016864,51.07597068395283
STU_016865,85.40905074948908
STU_016866,71.52383752598155
STU_016867,94.10825530003537
STU_016868,76.61322305581754
STU_016869,87.45460423285903
STU_016870,64.10607149802765
STU_016871,58.23344754455154
STU_016872,78.56065357231056
STU_016873,93.52491255347195
STU_016874,70.11054852506987
STU_016875,81.91033026207744
STU_016876,57.61009072834665
STU_016877,99.86188107890982
STU_016878,55.03800535334214
STU_016879,90.68455214831424
STU_016880,87.8479336289216
STU_016881,66.11003633872673
STU_016882,76.86362918010812
STU_016883,91.14594436229768
STU_016884,75.00956658458685
STU_016885,91.81447963384588
STU_016886,81.7676894405243
STU_016887,67.36639768949651
STU_016888,88.48792619053205
STU_016889,76.03932352130369
STU_016890,72.03498608378973
STU_016891,65.67002373457376
STU_016892,83.66760655820985
STU_016893,64.27126910179516
STU_016894,79.47285318799229
STU_016895,71.79165672569117
STU_016896,65.70418179844528
STU_016897,49.57510012305683
STU_016898,99.80928484060075
STU_016899,78.51602291317309
STU_016900,96.43300911701621
STU_016901,78.39851938587981
STU_016902,95.60871051741657
STU_016903,75.49955102330267
STU_016904,83.9323076941152
STU_016905,81.02794974895734
STU_016906,70.10249183483428
STU_016907,84.32259252340174
STU_016908,69.3099351280272
STU_016909,86.15557560770227
STU_016910,68.15032978127735
STU_016911,74.12925722872649
STU_016912,68.92630238385824
STU_016913,58.26029369055748
STU_016914,90.14284865398926
STU_016915,91.46303171415977
STU_016916,77.36332474641314
STU_016917,85.75467922656043
STU_016918,47.72650512506759
STU_016919,68.38567543327004
STU_016920,69.8555869015744
STU_016921,75.80816573899891
STU_016922,72.50854903670682
STU_016923,91.20462930088307
STU_016924,54.72778704479934
STU_016925,77.88731052718678
STU_016926,77.87943143818157
STU_016927,59.18301022082049
STU_016928,82.13189080866294
STU_016929,67.0176807830422
STU_016930,97.1440939955832
STU_016931,47.50424808556828
STU_016932,87.21755500015652
STU_016933,87.81404060779849
STU_016934,65.71480832165554
STU_016935,74.1321498592231
STU_016936,62.29131034893361
STU_016937,70.3132226848897
STU_016938,90.2002185603326
STU_016939,94.05525812366314
STU_016940,92.8396886731414
STU_016941,61.42973539188266
STU_016942,79.5802505893472
STU_016943,74.51365839393117
STU_016944,79.91554516163694
STU_016945,93.82288804067556
STU_016946,83.35263492448092
STU_016947,75.06432625553006
STU_016948,75.60080740895275
STU_016949,63.11307405137897
STU_016950,69.28549811160843
STU_016951,96.7155880840677
STU_016952,57.515499662790496
STU_016953,61.747955568250305
STU_016954,70.9396345661333
STU_016955,86.07921317853604
STU_016956,91.32324560591177
STU_016957,63.223254786184704
STU_016958,77.03300234192514
STU_016959,98.15944815143516
STU_016960,80.63535334531039
STU_016961,65.10091104719194
STU_016962,76.85959492435575
STU_016963,97.99653324742377
STU_016964,90.71137785578142
STU_016965,90.62948802810908
STU_016966,74.69117306758235
STU_016967,91.20102304478911
STU_016968,97.04449331651394
STU_016969,62.54040965953803
STU_016970,75.22751713301903
STU_016971,64.61680724820825
STU_016972,96.07561580307545
STU_016973,68.51083050302735
STU_016974,76.84295066608641
STU_016975,59.6605656083655
STU_016976,70.9674417904547
STU_016977,90.18788720289567
STU_016978,68.02592171053978
STU_016979,58.77078131991698
STU_016980,83.43491085827776
STU_016981,58.83286051023995
STU_016982,74.26306842323098
STU_016983,60.8813872660817
STU_016984,65.31260642215243
STU_016985,99.75936262082976
STU_016986,85.66915452138036
STU_016987,82.0813243892544
STU_016988,74.3336069564021
STU_016989,88.57374227417165
STU_016990,73.59713504414717
STU_016991,64.45295724539564
STU_016992,82.15163189653107
STU_016993,74.43831888215084
STU_016994,62.97117139765834
STU_016995,66.94422556011313
STU_016996,93.92751892175053
STU_016997,79.99303921078909
STU_016998,92.17333396526597
STU_016999,98.74128812457913
STU_017000,86.93415362291213
STU_017001,87.4375623171797
STU_017002,95.23721011857276
STU_017003,97.2062037154403
STU_017004,67.65213604528421
STU_017005,85.58686206643705
STU_017006,87.92892035363886
STU_017007,75.82678117935689
STU_017008,79.42045184460648
STU_017009,85.40330421055265
STU_017010,73.93248563493867
STU_017011,49.39350103292536
STU_017012,58.28817093821381
STU_017013,99.59256931223197
STU_017014,79.05556014434804
STU_017015,79.78158954123248
STU_017016,91.63683722200696
STU_017017,65.21273015371153
STU_017018,75.6264048780302
STU_017019,53.919935420277326
STU_017020,70.89913261157132
STU_017021,79.10814205476797
STU_017022,71.13424949838165
STU_017023,63.33456819260046
STU_017024,62.53578020835897
STU_017025,64.60024405356526
STU_017026,77.73788915163698
STU_017027,80.42188539520617
STU_017028,72.17197822174361
STU_017029,88.82065935075784
STU_017030,88.30862005000039
STU_017031,57.501359672495795
STU_017032,94.64294965924213
STU_017033,88.58880685152965
STU_017034,73.95420888784165
STU_017035,70.80433591189404
STU_017036,90.01489175570029
STU_017037,96.02089285758458
STU_017038,97.76987014985471
STU_017039,87.60981856525328
STU_017040,98.52142147069995
STU_017041,60.65894092228792
STU_017042,89.09822454433538
STU_017043,74.24156544392721
STU_017044,95.98465116175394
STU_017045,85.71086996325718
STU_017046,82.24659716605186
STU_017047,97.23924850242909
STU_017048,66.98177436104466
STU_017049,85.15833874927216
STU_017050,65.66624982798605
STU_017051,77.90114099390763
STU_017052,96.93070131951202
STU_017053,77.99389857102125
STU_017054,90.71182614726088
STU_017055,81.81662456504522
STU_017056,78.9797271721508
STU_017057,95.87086745002263
STU_017058,80.3471878279858
STU_017059,60.347557748072546
STU_017060,65.4454984363613
STU_017061,96.00800131175382
STU_017062,59.646053393179116
STU_017063,76.46337081092327
STU_017064,65.73202665219522
STU_017065,93.93318430731115
STU_017066,59.96228745867069
STU_017067,96.60625219487156
STU_017068,68.42348674255824
STU_017069,78.99489852297106
STU_017070,80.64917657120688
STU_017071,78.82848309057368
STU_017072,74.78104989913889
STU_017073,92.21471006764793
STU_017074,87.33045200101242
STU_017075,92.39832599484618
STU_017076,55.94431896429907
STU_017077,89.65207354847601
STU_017078,65.1058868335567
STU_017079,61.04775277777197
STU_017080,53.159928209499796
STU_017081,73.13428091490493
STU_017082,85.40005646250721
STU_017083,69.50386395692102
STU_017084,47.48508234571479
STU_017085,65.66837068396444
STU_017086,89.7391806044206
STU_017087,70.48461134309584
STU_017088,92.77344637494464
STU_017089,64.10234738684522
STU_017090,84.07836013602466
STU_017091,65.24587280299335
STU_017092,90.4541061283074
STU_017093,51.51615269101019
STU_017094,80.25147493350111
STU_017095,52.64153795432271
STU_017096,62.662321294459105
STU_017097,61.67114079938935
STU_017098,43.69464292332969
STU_017099,75.39159224332676
STU_017100,83.51867805587283
STU_017101,79.07307834226813
STU_017102,78.16451744110284
STU_017103,78.4467816931561
STU_017104,84.02977672234346
STU_017105,66.15153383452243
STU_017106,61.59928670643316
STU_017107,44.427913185992026
STU_017108,82.6876459479798
STU_017109,68.02331826995456
STU_017110,68.90166793353413
STU_017111,87.29193322568264
STU_017112,86.38525805391991
STU_017113,59.96208322113242
STU_017114,77.7941858978653
STU_017115,76.44848034080701
STU_017116,99.77694372800227
STU_017117,48.63538247039827
STU_017118,85.5021961842213
STU_017119,83.69775653740106
STU_017120,87.54102014392163
STU_017121,72.64180416510402
STU_017122,99.71386052879846
STU_017123,63.08189587104053
STU_017124,71.60924169106744
STU_017125,72.56487949716987
STU_017126,78.62916376543447
STU_017127,57.5601506543546
STU_017128,70.23314869963252
STU_017129,62.77791847915548
STU_017130,73.29385933846201
STU_017131,70.58341169011652
STU_017132,75.00899576646688
STU_017133,78.85778242452446
STU_017134,98.4558404033013
STU_017135,58.91854865995958
STU_017136,79.17056070468385
STU_017137,58.86690221299155
STU_017138,77.31873530866189
STU_017139,93.81225807644861
STU_017140,76.54219202421515
STU_017141,87.81226760079426
STU_017142,94.53899965498698
STU_017143,50.90028525924216
STU_017144,88.5031171579671
STU_017145,89.496066254949
STU_017146,94.00954620323023
STU_017147,98.1094191888615
STU_017148,72.6061156153578
STU_017149,68.70536849826328
STU_017150,57.80679494781458
STU_017151,78.73747442475394
STU_017152,76.36260583306444
STU_017153,83.03825836674312
STU_017154,78.52057763504189
STU_017155,54.90611217644495
STU_017156,59.710024777947496
STU_017157,71.82274701268076
STU_017158,90.23078122788607
STU_017159,62.26509676471212
STU_017160,53.52116980224564
STU_017161,80.81688115444524
STU_017162,73.61905469515806
STU_017163,76.71792975603654
STU_017164,91.24534397112657
STU_017165,65.3042221980165
STU_017166,71.19584563973349
STU_017167,66.72573897569947
STU_017168,77.86037611013641
STU_017169,91.42755296058807
STU_017170,85.19368237568246
STU_017171,95.69379228960074
STU_017172,72.5912630960392
STU_017173,53.24575699254063
STU_017174,57.33944318474062
STU_017175,99.57464085805012
STU_017176,84.2954813018749
STU_017177,70.58824065368893
STU_017178,85.8928198334622
STU_017179,86.96221787888385
STU_017180,74.5275753824241
STU_017181,84.08109809802161
STU_017182,65.36633056421047
STU_017183,97.60970701064915
STU_017184,85.4971903035844
STU_017185,95.23434354062944
STU_017186,61.96853005940298
STU_017187,88.95254223731209
STU_017188,77.23934713117484
STU_017189,56.89272392686527
STU_017190,90.50293868356272
STU_017191,70.00215637446031
STU_017192,62.8365640666721
STU_017193,55.805915561055144
STU_017194,88.7185703366031
STU_017195,68.2901128135854
STU_017196,80.94250246047568
STU_017197,80.49027647575394
STU_017198,71.16511888687405
STU_017199,74.51368938937901
STU_017200,62.523910964524454
STU_017201,72.74892755593285
STU_017202,86.74752737679333
STU_017203,73.19154873027608
STU_017204,63.75918762481612
STU_017205,89.89091387237448
STU_017206,76.80718738711937
STU_017207,97.86508396515217
STU_017208,63.02052506650843
STU_017209,58.88731143092099
STU_017210,34.31697145745182
STU_017211,85.50183252994238
STU_017212,95.92984403629707
STU_017213,90.07421847861312
STU_017214,83.0849648845444
STU_017215,61.172536037506426
STU_017216,57.74253094030426
STU_017217,99.92469316188459
STU_017218,70.63825690955892
STU_017219,96.17642386693205
STU_017220,78.49468657609872
STU_017221,68.10903798516696
STU_017222,68.84554749874584
STU_017223,70.86934675566015
STU_017224,87.74767374934048
STU_017225,90.2248476715719
STU_017226,76.41609142607629
STU_017227,68.53820848704521
STU_017228,85.52565150096436
STU_017229,64.93772102198358
STU_017230,93.60098874325752
STU_017231,66.04498828404076
STU_017232,70.41284285118672
STU_017233,72.39455869498784
STU_017234,87.48266963832984
STU_017235,79.87091702004481
STU_017236,57.24157231874814
STU_017237,93.79008160346373
STU_017238,77.91269594026332
STU_017239,52.98716867330668
STU_017240,92.73635197999113
STU_017241,70.12089066230666
STU_017242,45.135208857739244
STU_017243,84.62558986928752
STU_017244,75.68185343746927
STU_017245,86.49229564109694
STU_017246,84.2986684114753
STU_017247,53.41715379783476
STU_017248,65.02885071150885
STU_017249,61.009421801761576
STU_017250,58.75090430814656
STU_017251,90.9096677669262
STU_017252,61.6347102016683
STU_017253,86.15585675323862
STU_017254,46.96307629126241
STU_017255,53.80223671817682
STU_017256,49.75291762033004
STU_017257,81.60021670362676
STU_017258,75.20971663732006
STU_017259,68.26991302993719
STU_017260,67.15697501888604
STU_017261,56.63893929223582
STU_017262,69.32665913697706
STU_017263,77.27539971684374
STU_017264,66.45936020395774
STU_017265,89.43830022719442
STU_017266,51.04028478738607
STU_017267,65.80579781819519
STU_017268,69.88802483948628
STU_017269,66.32293375678145
STU_017270,80.97519211283763
STU_017271,76.5124330536716
STU_017272,57.5383423175811
STU_017273,89.41930167975607
STU_017274,89.60202505357138
STU_017275,68.56164287371644
STU_017276,55.12144579711527
STU_017277,79.64854328803435
STU_017278,92.82503803413496
STU_017279,73.1763443380004
STU_017280,82.48472573511827
STU_017281,68.71310339569541
STU_017282,73.98730793665435
STU_017283,82.89530939568755
STU_017284,85.9659375054716
STU_017285,85.59551330278508
STU_017286,70.10111402079421
STU_017287,62.6296963192836
STU_017288,59.12288052325812
STU_017289,74.96651307015692
STU_017290,90.77546330212574
STU_017291,83.7627702374993
STU_017292,62.33595058902266
STU_017293,69.96776197909409
STU_017294,64.0779976558007
STU_017295,70.19581573797171
STU_017296,72.10339138200615
STU_017297,95.24216534180343
STU_017298,65.57255631833237
STU_017299,69.05807482416324
STU_017300,56.223312243957906
STU_017301,60.357960709519695
STU_017302,76.0005048376695
STU_017303,94.1490277853818
STU_017304,88.49799147607811
STU_017305,78.2326245452971
STU_017306,84.40623539840304
STU_017307,99.68107199637234
STU_017308,94.35670699822842
STU_017309,91.40478685124313
STU_017310,61.093128391297206
STU_017311,74.48310441816022
STU_017312,69.27102660969652
STU_017313,91.48618502258542
STU_017314,77.73659431648052
STU_017315,84.28017037951491
STU_017316,74.00116073882002
STU_017317,81.93781681247381
STU_017318,39.09759129160194
STU_017319,65.58466916533348
STU_017320,89.82854445545917
STU_017321,82.90824134625916
STU_017322,77.44227789387085
STU_017323,79.78328656340773
STU_017324,90.7516359257865
STU_017325,83.60610758920406
STU_017326,72.389751254596
STU_017327,86.54385254218653
STU_017328,80.34494545551645
STU_017329,38.79791564693704
STU_017330,91.10719030282318
STU_017331,75.57547525320669
STU_017332,69.03582321052896
STU_017333,64.8990633775324
STU_017334,82.04017529448674
STU_017335,82.29499463176137
STU_017336,62.875483801632996
STU_017337,77.52464445597053
STU_017338,80.8420213896283
STU_017339,98.78444755329481
STU_017340,78.79362563751322
STU_017341,88.07001439996365
STU_017342,64.10824516583425
STU_017343,82.32610835689727
STU_017344,62.55485205674877
STU_017345,68.6966750836582
STU_017346,60.57469465973401
STU_017347,93.30563231148474
STU_017348,73.40236989451219
STU_017349,80.37437297483689
STU_017350,52.89119382486862
STU_017351,61.030729078932474
STU_017352,57.169586404796405
STU_017353,58.95713652475152
STU_017354,84.7919503700161
STU_017355,58.78469551580581
STU_017356,69.69124158686851
STU_017357,57.16649656186935
STU_017358,63.28336819940661
STU_017359,86.69345242373305
STU_017360,98.59077822955052
STU_017361,97.58184487177604
STU_017362,65.5052474634031
STU_017363,90.92088140947318
STU_017364,88.86626949979677
STU_017365,89.07015887318408
STU_017366,89.687953295073
STU_017367,99.70688827827232
STU_017368,64.4694883104795
STU_017369,54.67086389158551
STU_017370,81.16058139260058
STU_017371,83.77740032213092
STU_017372,88.0042536604318
STU_017373,63.0344739615949
STU_017374,48.52979525435289
STU_017375,84.74189246300949
STU_017376,74.93518258373638
STU_017377,69.01097239537035
STU_017378,80.52434397225458
STU_017379,63.50192787459545
STU_017380,61.94196652136827
STU_017381,55.50816115656181
STU_017382,83.54340635699921
STU_017383,79.89635986230732
STU_017384,69.05207165453157
STU_017385,68.67594256056591
STU_017386,72.97612851559359
STU_017387,82.47976709402138
STU_017388,67.17525291941882
STU_017389,82.2631504722552
STU_017390,74.87220380296674
STU_017391,76.53732761476954
STU_017392,65.12952690109066
STU_017393,63.620963925979396
STU_017394,70.56662946173378
STU_017395,56.442772440271874
STU_017396,80.55290330599485
STU_017397,76.2111312975519
STU_017398,82.15198409199066
STU_017399,88.948425377512
STU_017400,43.28399560591508
STU_017401,42.70113432473425
STU_017402,93.78657277126209
STU_017403,61.38325893984794
STU_017404,76.93620821778043
STU_017405,63.554696364464405
STU_017406,66.12294388604846
STU_017407,65.28637136030672
STU_017408,82.26336200626122
STU_017409,77.66975271865218
STU_017410,76.49858747724662
STU_017411,62.74572531322393
STU_017412,79.87433031500271
STU_017413,81.67632423361147
STU_017414,79.18096000781367
STU_017415,54.55211868724194
STU_017416,64.6688891132921
STU_017417,78.86454161983613
STU_017418,91.16086309223891
STU_017419,68.62500545010437
STU_017420,80.74058714191264
STU_017421,80.673086346434
STU_017422,80.24348472146397
STU_017423,73.9902550225724
STU_017424,56.09105149850005
STU_017425,76.58129074055896
STU_017426,67.50472712295155
STU_017427,78.53013480560233
STU_017428,71.64200282557243
STU_017429,59.061260242213166
STU_017430,99.31873265311182
STU_017431,68.24455658583213
STU_017432,96.84968712212259
STU_017433,84.84557702035104
STU_017434,72.47947669454982
STU_017435,80.62494268953256
STU_017436,70.25510499604988
STU_017437,81.11271826897423
STU_017438,99.49124292480506
STU_017439,60.06797375037522
STU_017440,87.65766284060496
STU_017441,47.57956341262676
STU_017442,77.90245410998776
STU_017443,87.06061426673557
STU_017444,77.42276284467604
STU_017445,94.54758341830028
STU_017446,88.07026894882969
STU_017447,65.52496171736291
STU_017448,77.62609140164741
STU_017449,85.96233121549972
STU_017450,83.47694812777658
STU_017451,70.46508914644286
STU_017452,79.66395617914262
STU_017453,92.19112486649217
STU_017454,53.621273309540854
STU_017455,89.30647797375194
STU_017456,79.75722388965036
STU_017457,66.64227066380042
STU_017458,61.3347581131696
STU_017459,78.02465471694433
STU_017460,67.4204008307071
STU_017461,88.76478127092874
STU_017462,77.92372164939806
STU_017463,92.44291670556032
STU_017464,75.99260351347893
STU_017465,85.16743730402598
STU_017466,73.23153225645527
STU_017467,53.199119839092006
STU_017468,83.43275302903044
STU_017469,95.51345685209921
STU_017470,87.72319059454121
STU_017471,88.23361009409881
STU_017472,67.53631614092468
STU_017473,97.24615714474893
STU_017474,35.62238266239075
STU_017475,59.79070574123049
STU_017476,69.08825906828446
STU_017477,62.17027802326022
STU_017478,50.75690880737106
STU_017479,78.52308118099589
STU_017480,98.61983492980778
STU_017481,91.79434149830844
STU_017482,81.5833772554008
STU_017483,88.4709730783332
STU_017484,85.09196941546566
STU_017485,91.24155703044487
STU_017486,72.70580871878067
STU_017487,90.84100375039367
STU_017488,55.00820682297334
STU_017489,59.22601064740985
STU_017490,94.54835013982117
STU_017491,69.97879405587403
STU_017492,56.32982098607746
STU_017493,75.84366922311168
STU_017494,77.09697275119117
STU_017495,51.68274167275189
STU_017496,78.7786290214089
STU_017497,91.93363442670665
STU_017498,59.076540245606054
STU_017499,86.32035831514486
STU_017500,87.30095619456009
STU_017501,75.30224201532967
STU_017502,87.30412831500561
STU_017503,71.73674039117505
STU_017504,82.42194492335477
STU_017505,79.99313530883711
STU_017506,78.25682894874696
STU_017507,51.25624361565852
STU_017508,63.367877414559345
STU_017509,84.18794544697715
STU_017510,97.84837576389472
STU_017511,74.04933008362364
STU_017512,73.0777753612553
STU_017513,77.33501344405325
STU_017514,73.69335930698408
STU_017515,80.51514878825355
STU_017516,97.51263870434893
STU_017517,82.41294061988555
STU_017518,84.34925320311497
STU_017519,87.49129468753574
STU_017520,99.12724372462861
STU_017521,58.75994300662798
STU_017522,76.11967187864843
STU_017523,80.25012648783493
STU_017524,57.952136635311675
STU_017525,69.16266177213612
STU_017526,77.58149610355528
STU_017527,80.16818842529472
STU_017528,72.27763544846516
STU_017529,99.41831737148767
STU_017530,82.34064405213408
STU_017531,94.45081795851311
STU_017532,60.43771919305536
STU_017533,62.48371753232106
STU_017534,55.65160715001325
STU_017535,75.17754754460276
STU_017536,88.33618187809962
STU_017537,96.51853860220794
STU_017538,94.51544568671149
STU_017539,75.35328918504933
STU_017540,95.6497749711427
STU_017541,48.533445357267965
STU_017542,72.59893319980641
STU_017543,80.51957507507692
STU_017544,96.29510705142653
STU_017545,68.06836295446038
STU_017546,67.87016340172387
STU_017547,94.1378834461398
STU_017548,79.32538582312657
STU_017549,99.24634981870278
STU_017550,77.4130807630865
STU_017551,96.61018649873193
STU_017552,49.10756019124116
STU_017553,85.73573209310523
STU_017554,55.68963255069302
STU_017555,69.37118168440384
STU_017556,70.1248912476297
STU_017557,50.12808186505583
STU_017558,51.5655153916954
STU_017559,86.41198080003332
STU_017560,69.68510602129577
STU_017561,96.29960384768856
STU_017562,60.19012467018077
STU_017563,64.81303095919418
STU_017564,71.20518136115095
STU_017565,71.55038848764332
STU_017566,84.2105959118048
STU_017567,64.47986140528913
STU_017568,69.34392264535177
STU_017569,71.78153350357358
STU_017570,99.33764782991273
STU_017571,93.52619075398908
STU_017572,78.92234505019496
STU_017573,72.25957610676701
STU_017574,84.63740447149307
STU_017575,90.98018553874616
STU_017576,93.35026536338631
STU_017577,63.07530821508787
STU_017578,78.27527591173109
STU_017579,75.6804923902542
STU_017580,77.04916121854498
STU_017581,74.14016390861337
STU_017582,76.12615758147183
STU_017583,93.88809013438961
STU_017584,59.89399024008074
STU_017585,50.980012359467636
STU_017586,81.72094829597367
STU_017587,60.46315047470638
STU_017588,67.56545409210224
STU_017589,95.28676796976112
STU_017590,73.92142956458423
STU_017591,91.02209003231002
STU_017592,65.5116729732873
STU_017593,59.80452433440564
STU_017594,56.30615018427456
STU_017595,94.50464544841017
STU_017596,74.31589215011346
STU_017597,93.17964787801158
STU_017598,41.538297496935996
STU_017599,64.08253139502862
STU_017600,77.13777728493142
STU_017601,66.81606975175447
STU_017602,66.04472558504527
STU_017603,89.7485796387715
STU_017604,82.34828204871965
STU_017605,68.41040264597436
STU_017606,94.35220575029484
STU_017607,77.20604622364814
STU_017608,94.63448002718015
STU_017609,75.46307470808631
STU_017610,75.6667074808665
STU_017611,74.11996395431868
STU_017612,97.32004357479047
STU_017613,81.0910001642532
STU_017614,90.4023974664549
STU_017615,66.6899564379992
STU_017616,89.61948347616567
STU_017617,90.55366505887275
STU_017618,42.514318515147835
STU_017619,64.71440144104656
STU_017620,73.45820443631766
STU_017621,81.7606168821086
STU_017622,98.33176031354128
STU_017623,58.16720441641522
STU_017624,68.96260068279432
STU_017625,68.26570226331228
STU_017626,51.86891429511473
STU_017627,56.443266213964094
STU_017628,74.70906058876824
STU_017629,71.03429412404617
STU_017630,59.71997232826159
STU_017631,51.33446837826837
STU_017632,79.32560402384667
STU_017633,73.20468204522933
STU_017634,82.28710277444245
STU_017635,80.09209897170332
STU_017636,71.18792730145933
STU_017637,94.1382439072446
STU_017638,62.737637278869315
STU_017639,86.7761121511711
STU_017640,97.34304420789928
STU_017641,99.51364006372373
STU_017642,58.4950455686917
STU_017643,64.36127071349789
STU_017644,78.7060820337737
STU_017645,78.57614706996348
STU_017646,71.08585655149986
STU_017647,58.74067719607755
STU_017648,88.61239725879283
STU_017649,96.76962170727187
STU_017650,97.03768907125502
STU_017651,67.97335532003305
STU_017652,72.89793090474217
STU_017653,99.6052663844388
STU_017654,74.90239758983105
STU_017655,82.92958996124221
STU_017656,86.6596199670199
STU_017657,46.99837732910338
STU_017658,67.59211392441985
STU_017659,99.74053485515572
STU_017660,77.57898512926386
STU_017661,78.3956933084944
STU_017662,65.07244482559398
STU_017663,76.01477434749526
STU_017664,79.22002218001447
STU_017665,71.96038147400648
STU_017666,76.20463720205257
STU_017667,72.93756365072358
STU_017668,75.65704886707798
STU_017669,70.37375865013716
STU_017670,47.119502079816066
STU_017671,69.90097954946569
STU_017672,56.90809607768612
STU_017673,72.0705446211156
STU_017674,71.29385153502912
STU_017675,69.12455525883838
STU_017676,68.6962738845508
STU_017677,79.50725289571247
STU_017678,81.2562802822442
STU_017679,90.05693578622726
STU_017680,66.68842244342531
STU_017681,84.16481805107536
STU_017682,70.1473314655452
STU_017683,75.06136478931366
STU_017684,84.67778507960665
STU_017685,70.5847468975459
STU_017686,61.47467014189341
STU_017687,71.30198585791054
STU_017688,71.57963438275418
STU_017689,89.96734130742452
STU_017690,66.15568916139222
STU_017691,71.49727347301042
STU_017692,72.99583421031554
STU_017693,67.12357401280373
STU_017694,78.50076399247813
STU_017695,96.92790625286855
STU_017696,86.65862931952407
STU_017697,39.91456293934117
STU_017698,50.684900921166246
STU_017699,96.41779812466729
STU_017700,49.91744606693516
STU_017701,53.5582661475582
STU_017702,85.01910207748696
STU_017703,79.60515755546305
STU_017704,62.42351280002945
STU_017705,56.47530875734563
STU_017706,79.92505798959951
STU_017707,50.157961181370425
STU_017708,97.24605732278883
STU_017709,88.19414805339797
STU_017710,83.79944462600658
STU_017711,99.84763176461766
STU_017712,71.32093386507795
STU_017713,70.64303692418139
STU_017714,85.16537353671532
STU_017715,67.13083402455558
STU_017716,55.04126798409244
STU_017717,73.28125370838788
STU_017718,94.59221099328873
STU_017719,70.66142176093652
STU_017720,72.2343011502225
STU_017721,78.57906026620044
STU_017722,99.81896939589807
STU_017723,72.0231122433795
STU_017724,75.922856015081
STU_017725,93.45967876291233
STU_017726,92.42324847693118
STU_017727,82.62525882353864
STU_017728,84.37550688913338
STU_017729,66.51257260310844
STU_017730,57.36217944397766
STU_017731,54.48994448094162
STU_017732,78.6092472783977
STU_017733,62.76707983726142
STU_017734,69.90771473339122
STU_017735,62.38305041274427
STU_017736,71.84876656661709
STU_017737,60.45356852475581
STU_017738,94.50681101218251
STU_017739,84.79125434142921
STU_017740,77.79645041966697
STU_017741,87.6268851613251
STU_017742,84.69535243767368
STU_017743,86.52945377879607
STU_017744,86.1529272745129
STU_017745,87.31643446482104
STU_017746,83.55549594169818
STU_017747,68.11827766897393
STU_017748,64.37451344727002
STU_017749,64.60537212264973
STU_017750,83.68697123575652
STU_017751,80.73049671208585
STU_017752,77.95834313120265
STU_017753,97.59720025144489
STU_017754,90.81347744110481
STU_017755,89.26009550937145
STU_017756,82.75226440155811
STU_017757,49.93048259337269
STU_017758,63.47704677078673
STU_017759,82.38557368810677
STU_017760,94.79907259104999
STU_017761,63.48098681549794
STU_017762,99.92496211133782
STU_017763,93.79981323908032
STU_017764,50.021620898744054
STU_017765,91.53284747249754
STU_017766,77.74192844101907
STU_017767,61.8166718690314
STU_017768,62.02078691253506
STU_017769,89.37356753361189
STU_017770,76.36725526189313
STU_017771,54.12239038632178
STU_017772,70.31589192482386
STU_017773,58.291308495279246
STU_017774,99.84203537353426
STU_017775,79.55966866702461
STU_017776,89.26340240481152
STU_017777,79.68976464255053
STU_017778,83.02974033877715
STU_017779,51.00269522503725
STU_017780,70.8853108316019
STU_017781,81.31376553788164
STU_017782,74.85424153860701
STU_017783,66.6158695626223
STU_017784,77.13797964400116
STU_017785,91.30748889483922
STU_017786,74.62688627481765
STU_017787,85.18579273046177
STU_017788,77.74702053272054
STU_017789,85.89884209837652
STU_017790,54.01320476139563
STU_017791,91.89196199422878
STU_017792,66.58660935174768
STU_017793,66.71229339276339
STU_017794,64.45279003812138
STU_017795,69.11405504773467
STU_017796,80.30630957413172
STU_017797,92.12324318941896
STU_017798,95.17429905157242
STU_017799,99.79708063911683
STU_017800,89.6935357482507
STU_017801,73.60345136294342
STU_017802,95.49820378119854
STU_017803,63.565161680916844
STU_017804,77.92878792622379
STU_017805,71.90897814962833
STU_017806,65.59202947567965
STU_017807,96.49436597041823
STU_017808,68.00160342559589
STU_017809,87.85381185647185
STU_017810,99.61031682133228
STU_017811,71.70794441683782
STU_017812,84.20659420023883
STU_017813,82.77722443035222
STU_017814,65.51888911499763
STU_017815,62.72828931856414
STU_017816,58.44102656701422
STU_017817,52.442185638540636
STU_017818,92.01274302370604
STU_017819,88.12309949702332
STU_017820,86.79441329978081
STU_017821,74.12182792977376
STU_017822,91.5027125651965
STU_017823,96.6577995321766
STU_017824,55.45164231538236
STU_017825,77.20866070179359
STU_017826,81.17201812556075
STU_017827,87.39039058444867
STU_017828,57.69357605840066
STU_017829,64.8423940411387
STU_017830,64.77319197105449
STU_017831,87.67162369291549
STU_017832,85.28632889771126
STU_017833,56.55881476090792
STU_017834,79.68973074587865
STU_017835,66.69446044212394
STU_017836,79.63133009479307
STU_017837,67.43516875223085
STU_017838,65.8851669396276
STU_017839,95.60346791199406
STU_017840,69.0900723302428
STU_017841,95.64740758880995
STU_017842,79.62879090557658
STU_017843,85.46620503278608
STU_017844,62.40411120576158
STU_017845,97.83103722470484
STU_017846,91.44378654611526
STU_017847,47.34124591826991
STU_017848,61.232806196467365
STU_017849,54.66149394770376
STU_017850,68.18547999760128
STU_017851,60.86928363712106
STU_017852,88.16039904948641
STU_017853,75.59626879173257
STU_017854,98.38070516248266
STU_017855,47.65227388358893
STU_017856,82.35108836747429
STU_017857,82.45388823246401
STU_017858,77.26484731272137
STU_017859,65.10328881542836
STU_017860,81.09714093147932
STU_017861,84.18027342231798
STU_017862,68.96513540248392
STU_017863,91.0621712657049
STU_017864,78.814918906934
STU_017865,69.84353043935789
STU_017866,79.20430703418174
STU_017867,66.6177846427191
STU_017868,98.7091846341981
STU_017869,62.75086236653249
STU_017870,82.37670080314857
STU_017871,97.68283062953523
STU_017872,70.99874751916536
STU_017873,96.09813841708765
STU_017874,78.5569007882199
STU_017875,72.855083225024
STU_017876,70.67473891382238
STU_017877,49.288070613716656
STU_017878,93.33726073920981
STU_017879,53.69373688718488
STU_017880,94.30803630647324
STU_017881,71.98344322442647
STU_017882,73.86418456040053
STU_017883,93.08998392264269
STU_017884,61.03527466567188
STU_017885,64.75175687765596
STU_017886,80.57790070375766
STU_017887,55.37159173191124
STU_017888,64.42531895720255
STU_017889,99.7680077795087
STU_017890,99.44717210106185
STU_017891,78.24132128492491
STU_017892,52.74930195473813
STU_017893,83.13199776509552
STU_017894,61.11181227632993
STU_017895,68.82951557745997
STU_017896,77.76883071075741
STU_017897,60.63108801084927
STU_017898,85.56414774087574
STU_017899,81.18573132291672
STU_017900,70.72685661353466
STU_017901,90.68342286332603
STU_017902,66.64527556112913
STU_017903,71.23630796811509
STU_017904,80.60346451019694
STU_017905,75.9445999579637
STU_017906,72.69825188365306
STU_017907,75.25439544638738
STU_017908,68.15629781566224
STU_017909,68.13820218243237
STU_017910,72.92994056135888
STU_017911,59.334970276681844
STU_017912,94.68314309040053
STU_017913,92.37005083814847
STU_017914,68.33746048813964
STU_017915,72.47087239861463
STU_017916,77.44087898534485
STU_017917,81.65243378498806
STU_017918,80.95347810813917
STU_017919,91.27992048824512
STU_017920,79.58170800427695
STU_017921,86.25858075370957
STU_017922,75.63163596416176
STU_017923,65.52664846741382
STU_017924,75.26562186385127
STU_017925,71.4363898670926
STU_017926,74.40876137591916
STU_017927,99.65551195246354
STU_017928,87.15868885203582
STU_017929,89.805420322461
STU_017930,78.83780113294819
STU_017931,60.64742449583069
STU_017932,98.62213990712274
STU_017933,98.47006217953123
STU_017934,91.266287494984
STU_017935,81.83325027518205
STU_017936,53.83512301401187
STU_017937,81.64909068325653
STU_017938,64.29845407862562
STU_017939,91.18828158890682
STU_017940,75.64930312110488
STU_017941,67.43943944967006
STU_017942,70.99815723289365
STU_017943,54.13763552639368
STU_017944,65.09637623394494
STU_017945,89.95096638058436
STU_017946,61.80455153481729
STU_017947,59.95049602191807
STU_017948,75.521059767481
STU_017949,54.914696666821186
STU_017950,53.1367051694897
STU_017951,65.61530421466432
STU_017952,94.7912499674415
STU_017953,71.19940975172523
STU_017954,99.6712502907349
STU_017955,66.1745762977583
STU_017956,71.62753886163028
STU_017957,66.49837419074451
STU_017958,45.68268157607088
STU_017959,86.4374964516375
STU_017960,80.71785108304825
STU_017961,90.35713589766927
STU_017962,59.84396395736471
STU_017963,65.15418449977527
STU_017964,48.815148322084895
STU_017965,97.01371605197767
STU_017966,75.9464139742533
STU_017967,76.46046572444081
STU_017968,97.61529661209124
STU_017969,76.71230276844418
STU_017970,50.80219689565295
STU_017971,56.1405000987468
STU_017972,70.2366170209012
STU_017973,66.55746210297552
STU_017974,81.65472302040965
STU_017975,61.47799158471831
STU_017976,69.12848875440241
STU_017977,92.65109279142871
STU_017978,65.09211603087363
STU_017979,68.83828638970782
STU_017980,59.702983060338816
STU_017981,96.89495224076964
STU_017982,67.99369164916689
STU_017983,82.00643209208457
STU_017984,69.99913326886968
STU_017985,64.74136479278276
STU_017986,66.63209704389769
STU_017987,78.69205358690319
STU_017988,61.04959501331919
STU_017989,76.64964839248921
STU_017990,72.65234257360308
STU_017991,78.73839384997402
STU_017992,45.129008175764454
STU_017993,98.856096973994
STU_017994,88.95526375945485
STU_017995,76.76020170455607
STU_017996,58.661613232393094
STU_017997,74.27033238973912
STU_017998,84.90071267750963
STU_017999,89.47481853595134
STU_018000,96.6512559766783
STU_018001,76.67075801185777
STU_018002,49.600919834530735
STU_018003,71.60444965167584
STU_018004,79.1057325453682
STU_018005,76.86476023174265
STU_018006,67.61082746872637
STU_018007,98.78792650485892
STU_018008,91.84567472157735
STU_018009,87.40186897359743
STU_018010,83.36780560802438
STU_018011,87.20471751199229
STU_018012,70.70006742120886
STU_018013,84.49529537103402
STU_018014,70.22207077202596
STU_018015,78.5926677355804
STU_018016,79.93434883772248
STU_018017,81.23727063919296
STU_018018,97.75690674108745
STU_018019,64.53720074584561
STU_018020,77.60543414927955
STU_018021,67.17755787756967
STU_018022,93.84657371025656
STU_018023,84.62004605221207
STU_018024,43.67638888030882
STU_018025,78.12835359045505
STU_018026,71.16701982233204
STU_018027,83.07994968376576
STU_018028,98.98273727239223
STU_018029,71.92918315006042
STU_018030,88.57245671963554
STU_018031,89.09538192860256
STU_018032,70.31160459603315
STU_018033,91.10239747373603
STU_018034,73.45030825593282
STU_018035,94.13162760445068
STU_018036,76.93463515820628
STU_018037,41.14590496038543
STU_018038,64.0060994983947
STU_018039,83.47307558965419
STU_018040,74.79383477747606
STU_018041,63.82901025494719
STU_018042,62.45948315854683
STU_018043,88.50912065561076
STU_018044,78.14176936180921
STU_018045,72.95608580477455
STU_018046,85.07889420143371
STU_018047,54.3907020635674
STU_018048,98.23892348474209
STU_018049,86.20074756194826
STU_018050,84.50200900476615
STU_018051,62.651316429379435
STU_018052,65.40754395871316
STU_018053,66.53667325336522
STU_018054,42.75947125201611
STU_018055,99.85712807103769
STU_018056,38.17495864787905
STU_018057,61.245641979427646
STU_018058,92.13747434349685
STU_018059,95.18359533273127
STU_018060,61.50957694008821
STU_018061,78.27772919498894
STU_018062,84.91059075171201
STU_018063,73.05548825044147
STU_018064,85.00471968451248
STU_018065,87.64071135333697
STU_018066,92.82188536076849
STU_018067,92.7052480840389
STU_018068,80.17017995212046
STU_018069,77.78759802945842
STU_018070,79.92219434545274
STU_018071,96.8112956546608
STU_018072,84.38087975662026
STU_018073,57.29027859966382
STU_018074,73.07909649666364
STU_018075,70.50689448228653
STU_018076,66.36014608797737
STU_018077,54.649696259013
STU_018078,71.31011126507444
STU_018079,81.90548039820709
STU_018080,90.64041242509717
STU_018081,74.64281392252693
STU_018082,80.32173241480012
STU_018083,95.03531191371839
STU_018084,64.2577705066515
STU_018085,71.82390208386992
STU_018086,87.697551156831
STU_018087,74.8799785576177
STU_018088,62.61224877716301
STU_018089,55.022345032894535
STU_018090,65.12966321878697
STU_018091,80.5428881601948
STU_018092,71.16227136916919
STU_018093,65.77934720762238
STU_018094,74.40862606884068
STU_018095,79.68169467908902
STU_018096,58.32796339726733
STU_018097,88.64863565239153
STU_018098,62.93564383925689
STU_018099,71.89990242885128
STU_018100,91.50456178034733
STU_018101,78.93557617393597
STU_018102,55.37954078077049
STU_018103,98.22168126274244
STU_018104,59.89712215169932
STU_018105,59.091217532394346
STU_018106,74.62161355637119
STU_018107,78.16199495365294
STU_018108,72.62238051482642
STU_018109,86.65565797972175
STU_018110,77.06553466977536
STU_018111,77.48702388954845
STU_018112,67.79757449266417
STU_018113,56.315528212522466
STU_018114,92.10983615000441
STU_018115,74.62427065432587
STU_018116,63.83849013313204
STU_018117,84.612346186265
STU_018118,72.42228039990833
STU_018119,97.26022194668485
STU_018120,63.06444343318171
STU_018121,98.66094301615902
STU_018122,80.19966248546193
STU_018123,72.33940731701217
STU_018124,83.08389559083705
STU_018125,67.6273739613298
STU_018126,46.304140928512524
STU_018127,69.3127052874691
STU_018128,48.865849747038794
STU_018129,82.5114140880286
STU_018130,93.09019364730626
STU_018131,72.74048830417223
STU_018132,98.93829128884443
STU_018133,78.94430468767877
STU_018134,99.92955491231476
STU_018135,99.65593658200201
STU_018136,47.777973064973274
STU_018137,65.10106081667487
STU_018138,96.0641373070734
STU_018139,80.82984764629853
STU_018140,48.95333882984319
STU_018141,69.97686244147846
STU_018142,79.990650177286
STU_018143,57.267975621175026
STU_018144,58.89353426135446
STU_018145,77.36416569719495
STU_018146,52.6282719028249
STU_018147,87.03367024092174
STU_018148,75.85256536182638
STU_018149,61.77902279462441
STU_018150,80.3663104356346
STU_018151,68.80116377012138
STU_018152,56.303774616885036
STU_018153,82.80916091914744
STU_018154,64.00229205641406
STU_018155,90.37063649368132
STU_018156,98.97753619725664
STU_018157,51.27998266823877
STU_018158,64.51487874658358
STU_018159,68.5391163970736
STU_018160,62.481159103457294
STU_018161,85.03861034422232
STU_018162,64.58639673847921
STU_018163,98.43988051195333
STU_018164,73.6468454232257
STU_018165,52.24562615467782
STU_018166,79.99328519347024
STU_018167,73.65916779384935
STU_018168,79.54165379493564
STU_018169,66.01780130228471
STU_018170,46.201082510000894
STU_018171,64.95035185369272
STU_018172,83.41372958391541
STU_018173,68.87355752090964
STU_018174,82.96577630924207
STU_018175,76.12905882374059
STU_018176,79.41048058495466
STU_018177,76.29785378406415
STU_018178,72.3024628021331
STU_018179,66.35493765170601
STU_018180,93.83734471142802
STU_018181,75.66040291220725
STU_018182,74.70619619544706
STU_018183,75.48028858375906
STU_018184,59.73163497791186
STU_018185,61.82499211274462
STU_018186,93.13299998854447
STU_018187,61.222594746515995
STU_018188,89.48419415352214
STU_018189,75.85230936833804
STU_018190,67.03139002919787
STU_018191,80.63633022885851
STU_018192,74.48857332460778
STU_018193,78.51640930016339
STU_018194,71.68594527297725
STU_018195,81.75472042967895
STU_018196,55.78009463822013
STU_018197,90.9533731988997
STU_018198,78.14794430793333
STU_018199,74.1600455620343
STU_018200,86.16430102613614
STU_018201,69.47007980951014
STU_018202,40.992144792211846
STU_018203,79.75546400466659
STU_018204,73.02087476151527
STU_018205,68.11560812547154
STU_018206,70.60556699320658
STU_018207,78.76955012262889
STU_018208,77.5448361047637
STU_018209,57.5995030744117
STU_018210,84.74167471022713
STU_018211,99.5861081518079
STU_018212,72.54138610487394
STU_018213,54.777145406731904
STU_018214,80.00685822917907
STU_018215,73.9255284110634
STU_018216,76.81616229193375
STU_018217,57.17021469216264
STU_018218,74.57778698291331
STU_018219,86.70885892156986
STU_018220,79.41215986956901
STU_018221,95.57894521203619
STU_018222,88.77863288132023
STU_018223,85.81821263458173
STU_018224,84.42474297676733
STU_018225,72.38560151221107
STU_018226,78.84843643450081
STU_018227,76.83821433382192
STU_018228,80.84956016820831
STU_018229,71.47379875892085
STU_018230,84.2124489189593
STU_018231,71.78564651322358
STU_018232,59.48163845353676
STU_018233,59.276429758435874
STU_018234,93.34934539125659
STU_018235,82.4070022906396
STU_018236,98.82845819157794
STU_018237,56.55549009561993
STU_018238,69.06867904414231
STU_018239,89.66034223844886
STU_018240,56.33370662075407
STU_018241,92.55688582047809
STU_018242,72.81655619637189
STU_018243,78.57336672160181
STU_018244,95.33281499256057
STU_018245,68.90473446354974
STU_018246,74.03139959187193
STU_018247,55.27550468112413
STU_018248,74.63249066283707
STU_018249,71.83343516346721
STU_018250,72.35078712564317
STU_018251,70.00097092601683
STU_018252,94.81104330147986
STU_018253,55.35754172759981
STU_018254,88.2125849181563
STU_018255,74.49145300244388
STU_018256,91.97614162214037
STU_018257,77.01147213970066
STU_018258,83.15768990044538
STU_018259,84.78043393587839
STU_018260,85.63726985759595
STU_018261,75.19569435283803
STU_018262,55.78659926410602
STU_018263,78.43639117516034
STU_018264,77.60836764289317
STU_018265,80.58642107684076
STU_018266,87.87797024536212
STU_018267,70.03011161600307
STU_018268,83.38954445356879
STU_018269,64.7339375920262
STU_018270,64.32796254687209
STU_018271,68.74494990158736
STU_018272,46.60893501464579
STU_018273,98.61383958743491
STU_018274,65.36108765272151
STU_018275,89.0315794439527
STU_018276,85.12629271322885
STU_018277,82.52204776717616
STU_018278,78.1468341291372
STU_018279,53.89261265690901
STU_018280,83.73101903877935
STU_018281,98.6351581731513
STU_018282,69.15565775145195
STU_018283,60.48203493027978
STU_018284,69.85471660386133
STU_018285,93.03841995916909
STU_018286,64.7966045271288
STU_018287,93.61364668641302
STU_018288,64.80367744451556
STU_018289,90.01343635916976
STU_018290,67.47606205998613
STU_018291,72.53926542345062
STU_018292,79.52269572798414
STU_018293,75.44356221073424
STU_018294,83.68332410913976
STU_018295,48.25850977206136
STU_018296,88.48430827331751
STU_018297,77.30974296546228
STU_018298,98.29228121340206
STU_018299,61.83767538661505
STU_018300,83.42492115859588
STU_018301,62.76414481313013
STU_018302,66.2407831737572
STU_018303,99.3159973929503
STU_018304,63.425848678972066
STU_018305,55.4488527953032
STU_018306,60.620266618078176
STU_018307,75.48911930627789
STU_018308,84.41549953129598
STU_018309,69.48936119639156
STU_018310,92.42932384762629
STU_018311,66.38817743958765
STU_018312,71.65644268408684
STU_018313,84.88564606309978
STU_018314,68.44221733865541
STU_018315,96.88631365251265
STU_018316,71.59641288184338
STU_018317,90.52386690616211
STU_018318,55.536354899167456
STU_018319,57.65687912095041
STU_018320,87.4115113889886
STU_018321,90.14362097518818
STU_018322,76.97137745165031
STU_018323,99.89878246593679
STU_018324,58.38183351747051
STU_018325,77.74337305546906
STU_018326,76.53276274297741
STU_018327,86.731966417502
STU_018328,72.47634380186037
STU_018329,72.31362770968278
STU_018330,50.35832701851709
STU_018331,84.17308560022745
STU_018332,91.72706895833755
STU_018333,59.674707583224176
STU_018334,86.16165726061689
STU_018335,57.130927677756745
STU_018336,76.9723565409823
STU_018337,70.38609247564408
STU_018338,70.35108318143102
STU_018339,82.97729641262916
STU_018340,87.15475523378642
STU_018341,65.33953730906927
STU_018342,59.56960583816637
STU_018343,59.51592875805146
STU_018344,86.37518961213071
STU_018345,71.83267879549878
STU_018346,70.6511174712736
STU_018347,73.1392463318764
STU_018348,99.05576556262776
STU_018349,77.76406795237821
STU_018350,84.71899700598024
STU_018351,77.13206365253711
STU_018352,88.33790551855789
STU_018353,80.99146610470486
STU_018354,98.80936191948163
STU_018355,70.51097025940882
STU_018356,72.41676008665527
STU_018357,68.76362957687438
STU_018358,77.45260337113959
STU_018359,99.40209093315679
STU_018360,91.99201470121615
STU_018361,46.45406803308218
STU_018362,71.23459148504
STU_018363,44.95619842655988
STU_018364,91.66452436895278
STU_018365,93.90625002952586
STU_018366,58.77863467579924
STU_018367,79.259087156563
STU_018368,64.74028472370092
STU_018369,82.05562177725132
STU_018370,55.9432648417131
STU_018371,86.35852790807681
STU_018372,89.03233018403365
STU_018373,58.32715931586441
STU_018374,75.06925073961955
STU_018375,66.68694680605975
STU_018376,80.28817839370588
STU_018377,90.17681261946478
STU_018378,94.088434090541
STU_018379,50.046224940709095
STU_018380,82.49523053068847
STU_018381,72.05316345271831
STU_018382,90.16805377772067
STU_018383,89.27662403614673
STU_018384,63.10696606356413
STU_018385,97.25922024630967
STU_018386,76.3542913992784
STU_018387,84.06999335547098
STU_018388,96.60407589585938
STU_018389,61.45041558104676
STU_018390,52.384125245182005
STU_018391,78.68619464001213
STU_018392,99.56492202592746
STU_018393,78.4737328688595
STU_018394,82.52599625511678
STU_018395,77.84491061669887
STU_018396,60.25200655266842
STU_018397,66.41058891142602
STU_018398,80.88264569853544
STU_018399,99.82793100491949
STU_018400,72.43597905235362
STU_018401,82.42699379376094
STU_018402,75.12809564685882
STU_018403,88.13363090981804
STU_018404,85.83365962382518
STU_018405,86.65847061978188
STU_018406,65.94068948917104
STU_018407,98.51157532768073
STU_018408,86.40881409471706
STU_018409,59.3944989477277
STU_018410,94.14655107356518
STU_018411,72.33139793304122
STU_018412,75.19518539199785
STU_018413,95.03283048749574
STU_018414,99.54511910976024
STU_018415,74.3230089530459
STU_018416,81.8371787143447
STU_018417,60.331907367761886
STU_018418,96.68776730408837
STU_018419,76.80465211939537
STU_018420,88.5105259845299
STU_018421,93.4732648297547
STU_018422,90.52008326248138
STU_018423,82.90794855830327
STU_018424,55.95510692394739
STU_018425,94.94410542600082
STU_018426,77.23855462208292
STU_018427,82.50956853949475
STU_018428,73.83967269964387
STU_018429,94.33900943814498
STU_018430,62.6837596440581
STU_018431,79.159720507299
STU_018432,96.24227180199395
STU_018433,70.53891342212683
STU_018434,77.94322259277101
STU_018435,65.54867420857161
STU_018436,74.76774033259107
STU_018437,87.76889376948947
STU_018438,64.5216342406134
STU_018439,99.84491052478009
STU_018440,79.09884702410389
STU_018441,71.08350411114516
STU_018442,76.57279067718281
STU_018443,57.24113834947346
STU_018444,67.9516806440165
STU_018445,96.1578436219809
STU_018446,79.18769276713627
STU_018447,93.86899084887904
STU_018448,64.31518653899461
STU_018449,97.78344180480167
STU_018450,68.84289984323377
STU_018451,68.30062178964246
STU_018452,57.07859982004442
STU_018453,66.27012882359605
STU_018454,50.79452712481567
STU_018455,51.647242636800335
STU_018456,75.01262881268613
STU_018457,57.916818633711415
STU_018458,73.73483147417735
STU_018459,60.26693723722166
STU_018460,69.9306246615962
STU_018461,94.77991766412256
STU_018462,52.50874761224866
STU_018463,79.98758843596042
STU_018464,64.23434675245002
STU_018465,80.0218205743092
STU_018466,60.62331133161791
STU_018467,86.9909391161369
STU_018468,74.38730586287843
STU_018469,78.40322324458509
STU_018470,89.03654284642396
STU_018471,85.8401652377735
STU_018472,58.7157720865394
STU_018473,81.1134318661115
STU_018474,89.57763082693648
STU_018475,76.05239488023363
STU_018476,77.33456799293944
STU_018477,44.701235587306705
STU_018478,99.81267694635034
STU_018479,91.967670033529
STU_018480,87.8996138180298
STU_018481,72.66469656800179
STU_018482,63.78566749441349
STU_018483,89.96674197026724
STU_018484,85.64547741099264
STU_018485,66.67000260230917
STU_018486,72.6943621336313
STU_018487,58.512921780462406
STU_018488,78.72442756435801
STU_018489,58.17179807935979
STU_018490,72.2921209411234
STU_018491,82.88057588846205
STU_018492,77.58403918777995
STU_018493,85.52351403723895
STU_018494,78.32144404086546
STU_018495,84.05979906730289
STU_018496,65.42041004949289
STU_018497,93.87435600796454
STU_018498,66.5783451138502
STU_018499,67.03599588252922
STU_018500,77.48550630832528
STU_018501,99.8197962050975
STU_018502,67.76736395011405
STU_018503,45.2367566259648
STU_018504,99.34802456837495
STU_018505,72.31108309149053
STU_018506,81.5509734047724
STU_018507,74.31424919335873
STU_018508,82.0721775140145
STU_018509,57.7451454271123
STU_018510,81.98346186689065
STU_018511,74.44290336395778
STU_018512,82.36843869737652
STU_018513,78.88438816148499
STU_018514,61.44115529680797
STU_018515,66.51257245310316
STU_018516,61.453066032768334
STU_018517,83.23253737103909
STU_018518,59.91196930572238
STU_018519,57.544619679022254
STU_018520,90.90840766914295
STU_018521,73.4661514938547
STU_018522,85.27336822964804
STU_018523,84.71777649780148
STU_018524,92.06010200411353
STU_018525,74.09923907326217
STU_018526,60.643639795181045
STU_018527,87.34425446477692
STU_018528,89.48966463934411
STU_018529,76.92584210275012
STU_018530,75.90916990984316
STU_018531,88.68631127156297
STU_018532,66.86115261522207
STU_018533,69.16663950948544
STU_018534,62.90057730630339
STU_018535,88.17245859390549
STU_018536,99.37225032736762
STU_018537,84.17073465266847
STU_018538,72.62515297476011
STU_018539,58.84875434939002
STU_018540,78.822452127557
STU_018541,66.4576388716574
STU_018542,93.84916406899472
STU_018543,70.73515122435101
STU_018544,76.17306632543051
STU_018545,70.42314019424715
STU_018546,94.76657367591386
STU_018547,72.94115812470915
STU_018548,91.58847854122904
STU_018549,85.59769549143178
STU_018550,81.29657932090923
STU_018551,72.75647088046215
STU_018552,65.19704908381352
STU_018553,65.61918549243126
STU_018554,62.20549556845886
STU_018555,56.95355426791748
STU_018556,80.86055799376007
STU_018557,62.06080359518542
STU_018558,65.31660216668541
STU_018559,68.20774471793322
STU_018560,78.12367889484489
STU_018561,77.1813118065181
STU_018562,81.81568412565898
STU_018563,75.5313650039334
STU_018564,83.90911980567918
STU_018565,61.981667694984424
STU_018566,69.42052060716684
STU_018567,91.1923760289749
STU_018568,81.4774678411693
STU_018569,83.54170827280072
STU_018570,72.68346507952528
STU_018571,88.92763399036754
STU_018572,59.763875314570726
STU_018573,84.6141576619865
STU_018574,73.42504710541681
STU_018575,71.52859705080527
STU_018576,76.37442813696462
STU_018577,68.96836276384494
STU_018578,80.42311612069254
STU_018579,51.8391622494245
STU_018580,99.14552553117011
STU_018581,71.22614325144548
STU_018582,80.12377462175127
STU_018583,95.18467686592788
STU_018584,85.81936416620584
STU_018585,70.41985346495792
STU_018586,91.54025646257276
STU_018587,96.5200947111488
STU_018588,52.65377038658354
STU_018589,83.3092255986545
STU_018590,72.96600859455509
STU_018591,89.67779776033188
STU_018592,43.471620009514595
STU_018593,86.69735412749517
STU_018594,65.12441719474225
STU_018595,73.49781202074783
STU_018596,59.98177151989567
STU_018597,73.30649974875391
STU_018598,64.85073487052244
STU_018599,56.92282387875401
STU_018600,85.04978988417565
STU_018601,64.34391323242303
STU_018602,69.36055544166831
STU_018603,71.01163360202074
STU_018604,75.90497157649283
STU_018605,44.7908545774646
STU_018606,71.54026290649924
STU_018607,92.11941230623376
STU_018608,93.04841550918442
STU_018609,87.64856618430558
STU_018610,99.86368261297865
STU_018611,65.3640529404948
STU_018612,75.29503516078017
STU_018613,83.51747470989622
STU_018614,75.34561115502959
STU_018615,54.39507433038542
STU_018616,81.50169255506356
STU_018617,71.3926957225902
STU_018618,63.671967040777105
STU_018619,71.56729636786747
STU_018620,91.28721638866901
STU_018621,58.161967856760995
STU_018622,78.18564011995426
STU_018623,71.82040520958292
STU_018624,77.85048196075394
STU_018625,84.04451617735904
STU_018626,69.21970869819155
STU_018627,69.99431465230245
STU_018628,62.09993852422171
STU_018629,68.80244533783065
STU_018630,63.393622260397805
STU_018631,93.51631644345727
STU_018632,92.53278869657586
STU_018633,70.42603167292623
STU_018634,63.249924980301145
STU_018635,72.20901736243059
STU_018636,78.3238037845617
STU_018637,69.2656741798443
STU_018638,98.97582160087589
STU_018639,91.12200202646254
STU_018640,72.36052225016442
STU_018641,56.32111569464645
STU_018642,80.95559311513337
STU_018643,63.75769859080389
STU_018644,61.68480368157714
STU_018645,94.64219259215125
STU_018646,66.24954369325393
STU_018647,99.3074069162757
STU_018648,54.12693134158141
STU_018649,55.09491414649422
STU_018650,75.19524963166953
STU_018651,64.26159816797566
STU_018652,88.33166280437058
STU_018653,80.85998366128122
STU_018654,80.38808222170115
STU_018655,64.95826210865641
STU_018656,71.64541996251663
STU_018657,91.67255317968932
STU_018658,85.16202776430137
STU_018659,82.33757846747176
STU_018660,72.27337942844525
STU_018661,56.52031544594383
STU_018662,62.453284149997124
STU_018663,79.09019699068295
STU_018664,45.88476669975688
STU_018665,68.20811912664446
STU_018666,63.45803434348653
STU_018667,64.16109044277351
STU_018668,48.92698609421292
STU_018669,75.82949537292833
STU_018670,72.858468405291
STU_018671,60.78793717638572
STU_018672,78.65095058795887
STU_018673,58.67589786345012
STU_018674,66.79387392731867
STU_018675,74.80982400764401
STU_018676,67.13707659244363
STU_018677,69.67075930615468
STU_018678,88.04655146076203
STU_018679,88.71525879599452
STU_018680,60.414470445988236
STU_018681,82.45804021033035
STU_018682,89.28991980763577
STU_018683,76.2285800988722
STU_018684,85.85343122496826
STU_018685,70.62485792531074
STU_018686,87.3809890272771
STU_018687,77.00176586745089
STU_018688,67.85547015510507
STU_018689,87.61558769360639
STU_018690,71.7664772739517
STU_018691,68.60285950675083
STU_018692,74.20512028782863
STU_018693,72.42086254815489
STU_018694,85.40384134678308
STU_018695,78.74648039265782
STU_018696,67.52678634663336
STU_018697,79.5349853412097
STU_018698,92.69265971286666
STU_018699,62.80016549030995
STU_018700,99.94804643110251
STU_018701,69.66303466279724
STU_018702,83.13417431779953
STU_018703,72.10630008528304
STU_018704,91.09656751769522
STU_018705,71.52602217462663
STU_018706,92.64243871951379
STU_018707,64.35630021287344
STU_018708,69.88921397588146
STU_018709,95.92852347394881
STU_018710,82.43637845668204
STU_018711,61.689402350663414
STU_018712,92.68664459867779
STU_018713,72.77685164500457
STU_018714,77.84508137871151
STU_018715,99.0697688494636
STU_018716,66.56680460474266
STU_018717,73.51176329248199
STU_018718,61.97299438664432
STU_018719,85.31209907268956
STU_018720,76.15063763005327
STU_018721,90.56641256572952
STU_018722,58.41350086528056
STU_018723,59.727179166460445
STU_018724,69.23527905784837
STU_018725,77.3079742884737
STU_018726,67.99158923976024
STU_018727,87.09123376991836
STU_018728,75.05013823930344
STU_018729,93.0994432934807
STU_018730,85.49003863535623
STU_018731,64.56078398475503
STU_018732,76.26239688675942
STU_018733,94.93148441976365
STU_018734,76.72644097769441
STU_018735,76.52672995972642
STU_018736,59.453157781557266
STU_018737,75.6260757914918
STU_018738,73.55349055913351
STU_018739,81.0524393637194
STU_018740,68.7995899125263
STU_018741,46.93188035437397
STU_018742,97.08727792393279
STU_018743,62.35676972453124
STU_018744,99.56576193269805
STU_018745,76.80873728844604
STU_018746,67.53437257512982
STU_018747,91.1656465836607
STU_018748,54.32694336146419
STU_018749,56.94380171293159
STU_018750,84.59775882556386
STU_018751,88.11851761435085
STU_018752,57.287637818707935
STU_018753,59.74974479149404
STU_018754,92.14353228105217
STU_018755,90.4386663120863
STU_018756,70.30048494633724
STU_018757,88.85206544596157
STU_018758,89.6055245346532
STU_018759,94.94598500367567
STU_018760,70.73267647156925
STU_018761,72.58268246590717
STU_018762,83.15133531320855
STU_018763,64.61987450994465
STU_018764,82.2346829483198
STU_018765,77.21950733653898
STU_018766,64.9148654700686
STU_018767,83.37792959623724
STU_018768,76.35935043697395
STU_018769,50.938345048384
STU_018770,83.15568148831571
STU_018771,69.02667580536833
STU_018772,92.82943751653465
STU_018773,78.74298880424024
STU_018774,61.69513725835542
STU_018775,82.17859822752385
STU_018776,86.94604455164969
STU_018777,52.56417469844051
STU_018778,98.94743944223069
STU_018779,92.23502656728915
STU_018780,62.445811006876745
STU_018781,92.72849993657402
STU_018782,97.77168615888036
STU_018783,83.49527009433558
STU_018784,82.33103810603431
STU_018785,83.83157241172461
STU_018786,76.64116021845712
STU_018787,54.56490323459766
STU_018788,65.65403093244934
STU_018789,73.40608476603958
STU_018790,90.51843216817029
STU_018791,71.89642370079328
STU_018792,60.23861681580831
STU_018793,62.182703030763925
STU_018794,61.57164775462056
STU_018795,96.9151907524876
STU_018796,55.79990117918257
STU_018797,63.09838676401968
STU_018798,63.58912198671364
STU_018799,82.27364240886475
STU_018800,85.2717423414066
STU_018801,85.72947775737416
STU_018802,67.21134731797383
STU_018803,68.35600999290932
STU_018804,55.001631495811786
STU_018805,64.7642741810617
STU_018806,84.71108422772816
STU_018807,75.68075895247088
STU_018808,62.11794638846506
STU_018809,85.87789543259701
STU_018810,80.91241041519743
STU_018811,51.22458308435908
STU_018812,84.81628727479543
STU_018813,70.77058218437088
STU_018814,44.408213105895726
STU_018815,87.44856281837909
STU_018816,66.26275959281138
STU_018817,67.4184618265603
STU_018818,86.70306282469603
STU_018819,69.92692126036732
STU_018820,92.93798542138917
STU_018821,80.38336699291986
STU_018822,75.98201857651057
STU_018823,96.74386350021598
STU_018824,65.10266371579709
STU_018825,70.88366016241042
STU_018826,71.32042014098842
STU_018827,73.88248094137805
STU_018828,69.95440640322505
STU_018829,56.82062750203887
STU_018830,85.73657347263767
STU_018831,87.87086120663358
STU_018832,84.16906069373391
STU_018833,59.613334786736964
STU_018834,52.82358355150428
STU_018835,63.87828847276073
STU_018836,80.54264545817898
STU_018837,71.10748155440483
STU_018838,61.53762759091448
STU_018839,86.20803617132736
STU_018840,83.8983939297745
STU_018841,90.22607433112685
STU_018842,77.50607338869983
STU_018843,75.37338810659759
STU_018844,66.77406199216259
STU_018845,80.88550031276529
STU_018846,98.99156141072687
STU_018847,98.44920459240154
STU_018848,78.59718961624395
STU_018849,70.38170764198941
STU_018850,77.28430460120475
STU_018851,62.525656473897854
STU_018852,55.14863028566905
STU_018853,62.853046229142734
STU_018854,72.72975060128462
STU_018855,76.75534261155013
STU_018856,64.05367595640955
STU_018857,87.88380773951525
STU_018858,82.9684166660891
STU_018859,94.93877895790648
STU_018860,72.53706642098868
STU_018861,75.61141252974018
STU_018862,95.29947596703752
STU_018863,68.44455656053032
STU_018864,60.33120091603736
STU_018865,77.96064026199598
STU_018866,74.72328067093979
STU_018867,66.5199799724982
STU_018868,79.13706580641104
STU_018869,73.74667383288786
STU_018870,89.08571493256261
STU_018871,97.4419393526195
STU_018872,81.8983582467514
STU_018873,73.7838651751052
STU_018874,87.9684427225663
STU_018875,98.61425888447093
STU_018876,65.86724681542428
STU_018877,60.1681136115277
STU_018878,94.9173234643199
STU_018879,85.63436955280127
STU_018880,78.46912390468268
STU_018881,63.76951507758001
STU_018882,71.65093601377689
STU_018883,74.07857502715584
STU_018884,93.97068891669507
STU_018885,56.17907803065352
STU_018886,88.41902989229206
STU_018887,66.40202366613826
STU_018888,90.20330007388142
STU_018889,61.017590870333116
STU_018890,43.804607166749854
STU_018891,73.04373903834642
STU_018892,79.43909254022941
STU_018893,82.94871668205703
STU_018894,99.01399626527504
STU_018895,76.16961221279942
STU_018896,85.76573537922165
STU_018897,71.61472927943943
STU_018898,66.71262947815568
STU_018899,70.46519266871786
STU_018900,74.2532757904668
STU_018901,79.48953907360168
STU_018902,96.65135393201669
STU_018903,86.1320175546029
STU_018904,79.08466969922125
STU_018905,64.19857633874128
STU_018906,79.31464218452534
STU_018907,75.57914029996104
STU_018908,70.3605917440168
STU_018909,76.94451589649526
STU_018910,71.36995871977771
STU_018911,60.06139906974062
STU_018912,84.42851979149279
STU_018913,67.01369757820365
STU_018914,68.71506549238707
STU_018915,81.73004550044494
STU_018916,62.42790756647668
STU_018917,83.66893020754279
STU_018918,92.29150728356146
STU_018919,80.3617892266235
STU_018920,56.763641092174
STU_018921,75.61022001955979
STU_018922,65.06593315299008
STU_018923,99.51080971818035
STU_018924,66.09239776722063
STU_018925,72.69380008061957
STU_018926,82.7052526769017
STU_018927,74.99847149588348
STU_018928,71.9295853240763
STU_018929,71.73631269282566
STU_018930,55.331752200633616
STU_018931,63.01533881096782
STU_018932,49.18011980856128
STU_018933,73.35029172707333
STU_018934,78.73895079254157
STU_018935,69.15657061273568
STU_018936,70.81808461340947
STU_018937,86.0678496350952
STU_018938,82.74146239881884
STU_018939,67.2082342448
STU_018940,80.8011867256473
STU_018941,88.04082691278415
STU_018942,56.815559083270436
STU_018943,77.79684907740727
STU_018944,75.31246478804098
STU_018945,77.44597186820778
STU_018946,80.79384231140727
STU_018947,69.13015732942532
STU_018948,70.0126298880061
STU_018949,71.5452893458077
STU_018950,84.32851087440562
STU_018951,67.6576677474813
STU_018952,62.70307892023715
STU_018953,72.60117349740652
STU_018954,77.73447027491014
STU_018955,77.9282674837997
STU_018956,56.97937877581099
STU_018957,74.26245197149845
STU_018958,83.45719630558428
STU_018959,80.19684679631418
STU_018960,73.26131650467306
STU_018961,65.33481921196977
STU_018962,79.5570090954761
STU_018963,92.99794107013383
STU_018964,66.01347877517335
STU_018965,87.36721692082276
STU_018966,94.1931281182713
STU_018967,94.8262452892098
STU_018968,76.9110410790734
STU_018969,76.12097748147644
STU_018970,89.5764536149509
STU_018971,59.72881329646172
STU_018972,77.9646576434006
STU_018973,87.21452896489158
STU_018974,58.934560216348146
STU_018975,85.90286822431011
STU_018976,73.3868455919577
STU_018977,89.4121966217314
STU_018978,85.46895357704624
STU_018979,56.45772624086568
STU_018980,74.79506267735384
STU_018981,55.62582996073206
STU_018982,76.40193715154562
STU_018983,75.1382716915927
STU_018984,72.56845238054538
STU_018985,77.67147223268844
STU_018986,80.17575270837236
STU_018987,81.59255097747905
STU_018988,70.51065855653331
STU_018989,83.59594092303544
STU_018990,84.72200289289682
STU_018991,62.89211418664668
STU_018992,80.6041986922435
STU_018993,80.47886180341933
STU_018994,85.72265770264582
STU_018995,94.46682879788528
STU_018996,64.12857148883401
STU_018997,70.9534206556147
STU_018998,77.59076107005865
STU_018999,93.0765487129175
STU_019000,74.55276743547644
STU_019001,61.37060110328192
STU_019002,73.73738630528308
STU_019003,92.23257387252664
STU_019004,79.43837132011586
STU_019005,95.38588141078712
STU_019006,93.59195031882889
STU_019007,99.91801582043645
STU_019008,76.31002473227682
STU_019009,99.42449874639675
STU_019010,47.195985196898604
STU_019011,81.04154683579681
STU_019012,74.68621143381114
STU_019013,58.593438497985275
STU_019014,99.90150975538236
STU_019015,53.28543696555976
STU_019016,63.85829748845325
STU_019017,95.82237170366035
STU_019018,73.33130486768448
STU_019019,72.18803732779102
STU_019020,98.26077874692174
STU_019021,46.47100460099463
STU_019022,71.32777121134356
STU_019023,89.65320592151178
STU_019024,75.19970994019302
STU_019025,95.25679024877601
STU_019026,98.50907291695356
STU_019027,76.68831557658271
STU_019028,57.724680382839196
STU_019029,59.76243628274882
STU_019030,71.83360041047577
STU_019031,80.84658462083917
STU_019032,82.09365408183861
STU_019033,77.25180086048698
STU_019034,69.35741764238475
STU_019035,83.83040523664633
STU_019036,93.49498035306726
STU_019037,86.8030648885637
STU_019038,67.30170873947266
STU_019039,80.87845435642873
STU_019040,71.11758082706413
STU_019041,77.81833453104518
STU_019042,79.19333180194803
STU_019043,86.09587124498051
STU_019044,85.75894165528149
STU_019045,74.22006812395307
STU_019046,63.04545377331548
STU_019047,47.174913420459745
STU_019048,85.20793255007587
STU_019049,55.450734230932014
STU_019050,88.26830844487874
STU_019051,62.53806717044221
STU_019052,71.08653072188562
STU_019053,78.3730268113178
STU_019054,73.68594825827736
STU_019055,49.388819995617936
STU_019056,83.88271808597129
STU_019057,79.65359814452378
STU_019058,84.36230385714506
STU_019059,49.00439086498845
STU_019060,65.32062499869815
STU_019061,49.39758008425199
STU_019062,86.39943609420541
STU_019063,73.38714155548877
STU_019064,61.78642870669867
STU_019065,95.8243298897483
STU_019066,60.577448348593705
STU_019067,79.95144158719737
STU_019068,64.75565096801245
STU_019069,59.900421029280764
STU_019070,73.39735102854536
STU_019071,62.98825450013987
STU_019072,99.68835923440778
STU_019073,62.72163730968166
STU_019074,66.39790001219912
STU_019075,60.86247369504328
STU_019076,59.075604521070275
STU_019077,96.73127512361262
STU_019078,95.59571770297455
STU_019079,89.01204532944597
STU_019080,55.049478005162534
STU_019081,83.40660347557403
STU_019082,86.05409635920705
STU_019083,60.81561813037784
STU_019084,55.21013769150058
STU_019085,59.65495552002713
STU_019086,50.63246729910379
STU_019087,76.27059839114094
STU_019088,70.9680113663555
STU_019089,86.57631228840108
STU_019090,92.44233683294154
STU_019091,78.69135599248585
STU_019092,83.84980166109612
STU_019093,73.64150821491933
STU_019094,86.49515794708513
STU_019095,75.72097456687331
STU_019096,82.16414477565112
STU_019097,85.17010237200935
STU_019098,58.56475136574133
STU_019099,67.23511869654268
STU_019100,68.89134453152272
STU_019101,60.29651134496759
STU_019102,75.48194783902898
STU_019103,87.02463546521608
STU_019104,64.31252118282026
STU_019105,65.55989693990948
STU_019106,60.85167129382364
STU_019107,87.26987170099028
STU_019108,70.28284655322172
STU_019109,99.04931834317169
STU_019110,94.46785195721924
STU_019111,77.40316854254979
STU_019112,99.17100240256146
STU_019113,82.9049227973026
STU_019114,97.74042644634191
STU_019115,85.27407324600887
STU_019116,86.59870675671644
STU_019117,61.9213898394601
STU_019118,80.04377668197803
STU_019119,74.72829440684147
STU_019120,62.636010514535755
STU_019121,95.99776465131154
STU_019122,83.06605702895926
STU_019123,68.52062486639605
STU_019124,96.45614517005659
STU_019125,72.94923056215626
STU_019126,72.20170539440275
STU_019127,73.35540213869322
STU_019128,91.71223093371987
STU_019129,60.86238963470468
STU_019130,59.43539647253855
STU_019131,79.67156473189726
STU_019132,90.58547460642902
STU_019133,54.64996588767496
STU_019134,65.85635453281931
STU_019135,99.03332068159408
STU_019136,93.23906412556258
STU_019137,59.2368540980786
STU_019138,90.12104290832262
STU_019139,88.11919119346408
STU_019140,81.83110802956378
STU_019141,95.09180811464161
STU_019142,83.95814157034812
STU_019143,78.84473019876967
STU_019144,76.5809729080388
STU_019145,65.79720824157486
STU_019146,93.71656769588539
STU_019147,72.68932224260053
STU_019148,98.2459232769198
STU_019149,76.78523829095283
STU_019150,76.46405376265588
STU_019151,95.62087224247276
STU_019152,45.322808354990244
STU_019153,65.6945813811906
STU_019154,93.24068745201123
STU_019155,99.81096524656289
STU_019156,82.95105029201191
STU_019157,92.24670087729282
STU_019158,50.961407113455124
STU_019159,69.53642096802585
STU_019160,63.65679243364376
STU_019161,60.66978937919467
STU_019162,62.87777092276482
STU_019163,72.59150417672475
STU_019164,71.03632854776905
STU_019165,75.60852353905986
STU_019166,94.92747815910607
STU_019167,90.1063168535352
STU_019168,84.13256728062517
STU_019169,73.5041165057655
STU_019170,86.62545138956088
STU_019171,76.27923383193817
STU_019172,81.62189892575324
STU_019173,80.84509669131516
STU_019174,58.69664063086942
STU_019175,74.3729246638986
STU_019176,76.4192624656499
STU_019177,97.07223745041196
STU_019178,37.790847898621166
STU_019179,79.11659269528118
STU_019180,72.5603107025558
STU_019181,94.7992044791751
STU_019182,56.63214254680226
STU_019183,96.12716715399897
STU_019184,90.81906118493862
STU_019185,96.17686704206787
STU_019186,98.29526342280198
STU_019187,73.3038955165051
STU_019188,98.81549022797782
STU_019189,90.49869571038408
STU_019190,73.08261909006264
STU_019191,64.70689356367181
STU_019192,98.34934333491262
STU_019193,66.76867582050947
STU_019194,72.49348929412699
STU_019195,81.79638804750908
STU_019196,82.1865408006463
STU_019197,91.9906041818372
STU_019198,74.45333892257305
STU_019199,99.51151869537105
STU_019200,65.74525845172764
STU_019201,88.64053492661434
STU_019202,78.33961468996577
STU_019203,52.89676344093216
STU_019204,61.42572007289184
STU_019205,81.47577545788761
STU_019206,46.05574605260374
STU_019207,67.99498405143493
STU_019208,69.4794387512703
STU_019209,73.65793176614312
STU_019210,58.442075628318676
STU_019211,64.42057621930883
STU_019212,70.24354592407275
STU_019213,70.0267356544645
STU_019214,72.43286652141444
STU_019215,98.66576232289927
STU_019216,67.45619197115124
STU_019217,73.45818503675198
STU_019218,50.185344926266396
STU_019219,80.97406820209778
STU_019220,75.50885677928213
STU_019221,64.53970411907605
STU_019222,82.17629806013005
STU_019223,75.37080743451148
STU_019224,96.36019599114593
STU_019225,54.501764275009876
STU_019226,56.48362529355667
STU_019227,64.21777012790967
STU_019228,59.15673825168917
STU_019229,76.61839361053762
STU_019230,65.42279381703474
STU_019231,89.12487871958982
STU_019232,91.35792038491724
STU_019233,57.681592620407
STU_019234,66.26388427537935
STU_019235,80.15675100847275
STU_019236,77.06181929170066
STU_019237,76.39825920274619
STU_019238,74.38004165642812
STU_019239,84.0564115064354
STU_019240,81.68386629666601
STU_019241,95.9172018695017
STU_019242,68.81679840379662
STU_019243,87.15018763948626
STU_019244,76.27766923886878
STU_019245,52.88951199956326
STU_019246,58.69714043720707
STU_019247,93.19778244752814
STU_019248,84.72844782087458
STU_019249,95.26089157974604
STU_019250,60.00017030744466
STU_019251,95.47743373211524
STU_019252,72.0658294215248
STU_019253,61.5537702899357
STU_019254,47.210166505305
STU_019255,66.92504582937725
STU_019256,92.83790746493793
STU_019257,64.4639254346927
STU_019258,51.138976099028994
STU_019259,71.25973497181255
STU_019260,80.37890041868886
STU_019261,67.11850497787333
STU_019262,87.27327612089317
STU_019263,72.18627632099879
STU_019264,71.90077177917115
STU_019265,88.96501050511242
STU_019266,83.35469994089289
STU_019267,55.841293911048524
STU_019268,69.9045046445264
STU_019269,79.02829488038165
STU_019270,87.47913202389898
STU_019271,51.60352449480694
STU_019272,66.51000045961557
STU_019273,97.78473306915771
STU_019274,99.36742580090183
STU_019275,99.46808351817789
STU_019276,58.649857100653655
STU_019277,98.23113231231258
STU_019278,84.82437521537489
STU_019279,76.64353681852009
STU_019280,63.444078256223825
STU_019281,86.67972233806191
STU_019282,61.44427691675284
STU_019283,99.71532207012365
STU_019284,82.48323020177997
STU_019285,76.44365352080632
STU_019286,92.84988972100825
STU_019287,76.84647338262658
STU_019288,61.7867113996147
STU_019289,89.08988279333803
STU_019290,80.28199669921477
STU_019291,74.19938222134722
STU_019292,80.16182758759825
STU_019293,64.15567169492812
STU_019294,75.36970392991094
STU_019295,61.88822789710012
STU_019296,66.76913236503847
STU_019297,81.11445628664333
STU_019298,88.75616265033989
STU_019299,92.27722531514142
STU_019300,81.26298531360057
STU_019301,69.68805108452426
STU_019302,80.27975059813298
STU_019303,66.27487472152157
STU_019304,92.98386092604238
STU_019305,69.43117926613888
STU_019306,57.39784404577305
STU_019307,61.50613780494925
STU_019308,52.245897309492676
STU_019309,69.54926251523287
STU_019310,91.43332914034217
STU_019311,88.30064829626944
STU_019312,70.87199339620281
STU_019313,83.8428300173698
STU_019314,87.01289085876434
STU_019315,73.04978458073137
STU_019316,92.12884694919507
STU_019317,75.06279121395659
STU_019318,84.440714589984
STU_019319,90.20951842986008
STU_019320,98.98529382873156
STU_019321,73.63983777328076
STU_019322,86.95402913286898
STU_019323,70.17485832591993
STU_019324,93.65875134389447
STU_019325,73.5714727873562
STU_019326,94.87589156554928
STU_019327,94.93563370974286
STU_019328,94.85139288981514
STU_019329,91.25933660784312
STU_019330,77.56766373302645
STU_019331,73.21417765668065
STU_019332,70.2833747707828
STU_019333,87.39017996679306
STU_019334,60.39538922796159
STU_019335,66.17257027206901
STU_019336,67.1617189041039
STU_019337,96.93004797923803
STU_019338,63.555885705594804
STU_019339,90.97796607948943
STU_019340,98.4618659450945
STU_019341,75.06883651471972
STU_019342,60.92593271666672
STU_019343,70.34063085098613
STU_019344,63.744422266977736
STU_019345,66.80114045398685
STU_019346,75.6498193623019
STU_019347,53.01742572970028
STU_019348,93.27539898961268
STU_019349,81.082732279324
STU_019350,59.3273716611463
STU_019351,91.10826469889396
STU_019352,81.11873935687937
STU_019353,84.52316438866892
STU_019354,67.39610499836587
STU_019355,76.16662414021832
STU_019356,56.15826205921078
STU_019357,57.00338726842307
STU_019358,77.27223998805192
STU_019359,85.04041683156566
STU_019360,61.40656163872383
STU_019361,83.63964667632499
STU_019362,58.36146490159419
STU_019363,70.07217321726903
STU_019364,74.23312396947259
STU_019365,87.79386667761861
STU_019366,96.61891480280877
STU_019367,99.66142347465565
STU_019368,75.20970168984712
STU_019369,76.94629304525401
STU_019370,71.62771073716229
STU_019371,82.42992546361936
STU_019372,69.69311457696719
STU_019373,61.83445697209812
STU_019374,67.43081767226371
STU_019375,81.22996211380847
STU_019376,93.71850926696811
STU_019377,92.18535782990585
STU_019378,66.70169283097749
STU_019379,54.57864565580684
STU_019380,90.40629951179118
STU_019381,64.44396452642202
STU_019382,67.48183222233999
STU_019383,84.63621181499235
STU_019384,61.60814717378759
STU_019385,84.45214954780822
STU_019386,69.19587028509768
STU_019387,56.977558233890214
STU_019388,66.06127796175548
STU_019389,98.8114056588146
STU_019390,43.77995513574183
STU_019391,77.90537726279234
STU_019392,77.87433769025807
STU_019393,76.24020401970627
STU_019394,73.4371573278429
STU_019395,78.63797382583458
STU_019396,98.25120846818407
STU_019397,71.71948340681487
STU_019398,57.520736017746756
STU_019399,56.99759674059939
STU_019400,95.80621920302315
STU_019401,63.608766083589515
STU_019402,63.481668267398895
STU_019403,84.04364796791714
STU_019404,87.75164651754284
STU_019405,79.21062229623618
STU_019406,73.31769235864903
STU_019407,63.76426922593295
STU_019408,82.77746177101588
STU_019409,74.65590692964437
STU_019410,72.62323110345575
STU_019411,86.30409491157718
STU_019412,57.417148166552835
STU_019413,73.20550858361241
STU_019414,70.14386853710387
STU_019415,87.46711290780851
STU_019416,82.20560643278347
STU_019417,92.3817434439318
STU_019418,92.7225123563814
STU_019419,71.66682821988618
STU_019420,72.3351290782829
STU_019421,82.63381087927718
STU_019422,77.72524399442855
STU_019423,72.86570008008393
STU_019424,93.54364307481111
STU_019425,60.612508388066956
STU_019426,79.96335169941113
STU_019427,86.82816333310275
STU_019428,93.7915856188115
STU_019429,69.0922331920683
STU_019430,84.33741109774098
STU_019431,50.92720568248272
STU_019432,76.83251760080319
STU_019433,61.37117199972292
STU_019434,51.55581228405558
STU_019435,98.6520343186042
STU_019436,57.53092642425456
STU_019437,95.03277965004565
STU_019438,82.29115595217311
STU_019439,53.845240239010494
STU_019440,64.82668772508157
STU_019441,80.37837296765414
STU_019442,74.02571013981904
STU_019443,59.45946303794689
STU_019444,96.85727043711847
STU_019445,92.2224017652658
STU_019446,48.84522565335665
STU_019447,77.55096603765358
STU_019448,68.18695929338575
STU_019449,60.45495889908001
STU_019450,68.78163037767315
STU_019451,68.09783775512072
STU_019452,85.0817915265529
STU_019453,81.73247461335615
STU_019454,73.6945206338793
STU_019455,70.81520124285322
STU_019456,70.40276593253554
STU_019457,64.3985947099956
STU_019458,69.84811455130867
STU_019459,61.791878820443046
STU_019460,89.36652438416657
STU_019461,96.01857827854347
STU_019462,99.07324118526705
STU_019463,66.70649023965375
STU_019464,77.20688579934995
STU_019465,66.03669329602965
STU_019466,67.95752155504324
STU_019467,71.67427499421845
STU_019468,85.85235896501672
STU_019469,73.23736662374668
STU_019470,94.5750750630163
STU_019471,98.04931455295312
STU_019472,86.20727665020505
STU_019473,90.67120889330147
STU_019474,62.87151104663529
STU_019475,60.62635755260537
STU_019476,94.47191543630014
STU_019477,65.98722565650414
STU_019478,71.25358421002207
STU_019479,72.33030524166733
STU_019480,92.21473365772208
STU_019481,69.74771187404711
STU_019482,71.72275542713294
STU_019483,70.26675491459494
STU_019484,82.52098368259607
STU_019485,58.81480040258291
STU_019486,37.73199546806565
STU_019487,66.72599248173024
STU_019488,93.95285058304292
STU_019489,63.768641034432214
STU_019490,74.82229350544334
STU_019491,57.276700612654885
STU_019492,73.39107304046925
STU_019493,62.12347810806078
STU_019494,59.81702067993443
STU_019495,92.95007268653637
STU_019496,93.66197553752343
STU_019497,53.311343233190655
STU_019498,90.0428691185966
STU_019499,91.6955135243496
STU_019500,88.8556391298127
STU_019501,86.26093665443912
STU_019502,62.18775507163914
STU_019503,68.23963524628412
STU_019504,94.79680498621349
STU_019505,60.35366358834702
STU_019506,79.73215054348509
STU_019507,91.54247231913362
STU_019508,97.3995783935293
STU_019509,97.9725796252005
STU_019510,90.90035041998743
STU_019511,53.608723147339404
STU_019512,78.96815294755169
STU_019513,65.36563306606996
STU_019514,56.09865261894842
STU_019515,61.530204349266825
STU_019516,85.9075917266973
STU_019517,62.97151006247384
STU_019518,65.3124884349394
STU_019519,66.45793058068293
STU_019520,83.24450520493
STU_019521,64.50757945472354
STU_019522,73.70693167452099
STU_019523,95.51501659002184
STU_019524,81.85479480020149
STU_019525,88.12173035783414
STU_019526,72.96728815719244
STU_019527,72.04629253784395
STU_019528,70.77832831469766
STU_019529,91.9829221890496
STU_019530,95.3262606560678
STU_019531,90.51313497118858
STU_019532,44.58662377274689
STU_019533,76.6615844014103
STU_019534,73.09319294673624
STU_019535,70.9366411922622
STU_019536,64.22347294854808
STU_019537,52.20674026965771
STU_019538,75.04018265443509
STU_019539,67.96839212528198
STU_019540,60.219971858210954
STU_019541,77.32143620836212
STU_019542,99.5584954620648
STU_019543,99.80892999787977
STU_019544,73.59646586203517
STU_019545,89.6350693699815
STU_019546,55.89756870744303
STU_019547,66.19161111268801
STU_019548,87.73935654281559
STU_019549,87.87536589730706
STU_019550,96.2209740325313
STU_019551,77.43971710133943
STU_019552,68.86495240511022
STU_019553,73.39060049406277
STU_019554,60.39403940647659
STU_019555,99.43847658319316
STU_019556,72.12625016769908
STU_019557,99.1922257574777
STU_019558,57.42915453782008
STU_019559,87.35960999578423
STU_019560,77.07947773153316
STU_019561,42.488587448692286
STU_019562,95.05943169372453
STU_019563,74.05255735025965
STU_019564,68.95348288379967
STU_019565,60.45111052477429
STU_019566,80.91523325008319
STU_019567,82.45107853722959
STU_019568,68.64634731082732
STU_019569,63.795874955998926
STU_019570,69.94886589824523
STU_019571,45.9863472005326
STU_019572,64.22658975619858
STU_019573,68.76124597499427
STU_019574,78.9961782938983
STU_019575,80.5252800269881
STU_019576,92.782074966453
STU_019577,65.93038201533648
STU_019578,62.78128074079943
STU_019579,72.72337731447249
STU_019580,66.57851496310509
STU_019581,99.49876798297879
STU_019582,78.2495621950244
STU_019583,70.29446110857008
STU_019584,66.25395736095284
STU_019585,84.19935684287806
STU_019586,73.39099726282258
STU_019587,90.59452729157316
STU_019588,77.89729025963366
STU_019589,63.749556876159986
STU_019590,99.29947283594296
STU_019591,91.73786329318222
STU_019592,72.16340817657769
STU_019593,67.29741708885035
STU_019594,94.4201516737983
STU_019595,74.63391139162482
STU_019596,95.45142320750529
STU_019597,68.85154632390956
STU_019598,75.99216367517616
STU_019599,66.2305273786327
STU_019600,99.2530985328303
STU_019601,80.23163613686145
STU_019602,76.46984727801501
STU_019603,96.81450406195464
STU_019604,93.91688981972025
STU_019605,74.92824668812105
STU_019606,83.71155065872625
STU_019607,58.149110133545065
STU_019608,71.52295065889764
STU_019609,90.6853613040806
STU_019610,61.2355904916758
STU_019611,69.69626910111356
STU_019612,58.23037886858073
STU_019613,55.98327340206866
STU_019614,63.21025599688497
STU_019615,94.96945241569674
STU_019616,67.88973479105235
STU_019617,76.23656675285142
STU_019618,60.773508618803575
STU_019619,88.02329876386818
STU_019620,75.12964279750457
STU_019621,73.4130712516851
STU_019622,79.58464433786547
STU_019623,72.990892315662
STU_019624,99.09153488360987
STU_019625,34.33467145875943
STU_019626,88.51678109822564
STU_019627,94.1925961998642
STU_019628,71.33985297220755
STU_019629,78.79707093614438
STU_019630,96.33416615382163
STU_019631,60.1766973717399
STU_019632,96.44735700280344
STU_019633,91.95608922771214
STU_019634,88.197098941637
STU_019635,76.12352447392223
STU_019636,61.269319538470654
STU_019637,81.27313832836604
STU_019638,65.0602307374491
STU_019639,65.86156224666485
STU_019640,82.66043136694228
STU_019641,94.00357521144103
STU_019642,79.52584811494819
STU_019643,88.96849972466529
STU_019644,74.27131489787912
STU_019645,73.72893243594345
STU_019646,70.46416394060414
STU_019647,77.77277464112933
STU_019648,54.701839380166646
STU_019649,59.766405836018414
STU_019650,67.71506556353376
STU_019651,73.14832769603103
STU_019652,71.48102389989958
STU_019653,71.31910575904655
STU_019654,53.85274076787374
STU_019655,60.02309238845267
STU_019656,47.70507401903451
STU_019657,73.2741194407882
STU_019658,68.93880050496256
STU_019659,78.23573808881224
STU_019660,66.60433664373804
STU_019661,78.36866406744298
STU_019662,68.85093491722962
STU_019663,76.24701323943428
STU_019664,63.73483638785919
STU_019665,88.54743897516545
STU_019666,90.5247745073471
STU_019667,73.76281501189891
STU_019668,53.20257951093484
STU_019669,61.749155681333335
STU_019670,87.08829670924285
STU_019671,51.9599609751423
STU_019672,82.76048045158369
STU_019673,76.363366510328
STU_019674,80.8297123709341
STU_019675,77.40799339275368
STU_019676,81.97894319733032
STU_019677,89.56858975010519
STU_019678,99.69582965856083
STU_019679,93.06920565974303
STU_019680,84.79599238304921
STU_019681,94.50405745094506
STU_019682,93.72655873162164
STU_019683,68.6039108228671
STU_019684,67.74899726488047
STU_019685,93.49205123545667
STU_019686,84.59776363565479
STU_019687,64.27627355171663
STU_019688,79.9238449719328
STU_019689,65.80265317656213
STU_019690,78.545740699298
STU_019691,61.62305924274911
STU_019692,54.21256288829406
STU_019693,98.50094044981381
STU_019694,80.2267656192935
STU_019695,56.13195410388685
STU_019696,65.39926994638735
STU_019697,94.00367602401755
STU_019698,94.32163635899293
STU_019699,80.50025768649982
STU_019700,84.78207877251593
STU_019701,73.29538478487777
STU_019702,77.00079883645952
STU_019703,82.81545182524555
STU_019704,74.9380067033449
STU_019705,58.86563621989956
STU_019706,91.87502333154666
STU_019707,60.06389870147299
STU_019708,78.64565481860451
STU_019709,72.57857654536753
STU_019710,62.64980924894829
STU_019711,97.21504428959722
STU_019712,48.36583247623727
STU_019713,92.18761410541302
STU_019714,61.35233702858001
STU_019715,87.5245741839166
STU_019716,84.72964708034398
STU_019717,96.44174728147962
STU_019718,68.76499845195752
STU_019719,94.38184453495492
STU_019720,96.27677220368807
STU_019721,54.90939715974412
STU_019722,73.43655485767503
STU_019723,77.08031914976206
STU_019724,72.2537416468694
STU_019725,90.42885751970121
STU_019726,60.05443280184565
STU_019727,91.68100525771868
STU_019728,78.87149662599214
STU_019729,67.18610161905528
STU_019730,71.68539631842323
STU_019731,61.84611581571598
STU_019732,88.79149841854664
STU_019733,78.07850034695637
STU_019734,76.41984372241066
STU_019735,86.81089900658795
STU_019736,98.35387910602697
STU_019737,96.65297837567263
STU_019738,87.14469313307495
STU_019739,68.67734845424832
STU_019740,71.74440002603004
STU_019741,99.43128084443225
STU_019742,79.27184910290535
STU_019743,85.42792141831504
STU_019744,73.7602675319774
STU_019745,84.17223150941507
STU_019746,95.1121669146888
STU_019747,77.9262444907196
STU_019748,58.65285836512102
STU_019749,65.03513782987937
STU_019750,72.92522821012223
STU_019751,73.66965990612704
STU_019752,61.10373527519886
STU_019753,93.97063532323823
STU_019754,70.7532334814275
STU_019755,83.17881431680871
STU_019756,51.75239290583809
STU_019757,88.9048954939411
STU_019758,59.26507063946404
STU_019759,75.08493830197881
STU_019760,79.99300443626052
STU_019761,68.1127276779676
STU_019762,86.78844332968629
STU_019763,71.56566848205955
STU_019764,60.737632087390764
STU_019765,90.29779853810194
STU_019766,65.01809892120559
STU_019767,53.34938178182361
STU_019768,80.27617324587749
STU_019769,62.326994468249765
STU_019770,78.33671228627713
STU_019771,93.62662919946588
STU_019772,70.20873854805251
STU_019773,88.94647794031843
STU_019774,47.42517893359867
STU_019775,87.47205881494898
STU_019776,56.01997221052899
STU_019777,72.16633315729715
STU_019778,74.87113511467683
STU_019779,73.2442856125103
STU_019780,86.65147399012116
STU_019781,52.598955553194685
STU_019782,76.05302149554493
STU_019783,66.22754492490307
STU_019784,81.3260088963153
STU_019785,77.65154414867251
STU_019786,52.25877203449545
STU_019787,73.37925504004335
STU_019788,72.18137897199067
STU_019789,80.19151577255693
STU_019790,63.542036218426134
STU_019791,52.534627990366296
STU_019792,80.20569610897095
STU_019793,65.96251380414873
STU_019794,87.29016719824301
STU_019795,73.0378448682163
STU_019796,84.30968502119387
STU_019797,43.166887158702565
STU_019798,92.04442269153917
STU_019799,81.06867986732809
STU_019800,52.16052340913515
STU_019801,77.8565304606429
STU_019802,95.15704952781627
STU_019803,66.80035263954609
STU_019804,77.50787185865359
STU_019805,73.14189221633353
STU_019806,60.77347532578277
STU_019807,59.23928378053212
STU_019808,67.09535027159467
STU_019809,96.18155327742801
STU_019810,64.01555078251019
STU_019811,66.99968519605012
STU_019812,86.37267679553378
STU_019813,75.52366266668014
STU_019814,82.47636748081226
STU_019815,89.47912150926948
STU_019816,73.27223123124355
STU_019817,94.35759008934237
STU_019818,68.13046328297665
STU_019819,97.33505312457753
STU_019820,54.3168639924892
STU_019821,83.65070202768783
STU_019822,62.45885973537651
STU_019823,78.95118290268422
STU_019824,99.59759359077273
STU_019825,77.95996414993691
STU_019826,84.04366564978491
STU_019827,80.89169382877401
STU_019828,83.09236239481515
STU_019829,74.24811804700231
STU_019830,97.23684792104957
STU_019831,86.44124032851602
STU_019832,90.31336722477079
STU_019833,71.59579131465361
STU_019834,72.16047306140739
STU_019835,68.3454619479011
STU_019836,86.54085633269312
STU_019837,75.40535543427032
STU_019838,75.72537786642891
STU_019839,81.51856898583912
STU_019840,62.80406303945463
STU_019841,66.95399553525243
STU_019842,70.59746943226526
STU_019843,67.61483383669285
STU_019844,72.93755400411463
STU_019845,74.82449626866264
STU_019846,96.38509889152107
STU_019847,98.84767005758528
STU_019848,67.65730912934703
STU_019849,93.51223018760356
STU_019850,76.78535659346274
STU_019851,99.20274679466084
STU_019852,61.21177696590752
STU_019853,88.86100018676134
STU_019854,80.40848926782093
STU_019855,76.21269860258263
STU_019856,68.16961538988288
STU_019857,84.34569906603193
STU_019858,97.93843039209801
STU_019859,94.38158971027883
STU_019860,86.35475100317373
STU_019861,62.95066533707423
STU_019862,68.66034869463087
STU_019863,77.06765022151961
STU_019864,80.05960248415172
STU_019865,92.03426751354417
STU_019866,92.18437380462589
STU_019867,76.90300766278875
STU_019868,79.31457677917332
STU_019869,72.35515014125119
STU_019870,74.43324791996747
STU_019871,93.29930063850199
STU_019872,99.82159224938957
STU_019873,77.44769649300656
STU_019874,51.524272530903524
STU_019875,78.46696112877959
STU_019876,99.0585034799075
STU_019877,65.22041684878658
STU_019878,61.93935614562099
STU_019879,90.93413555737138
STU_019880,54.013979181317666
STU_019881,70.05216529316019
STU_019882,91.15832287602042
STU_019883,61.80632084580732
STU_019884,67.19563422915802
STU_019885,80.41610098030841
STU_019886,74.54041297879017
STU_019887,99.65586551452563
STU_019888,59.95306450087847
STU_019889,84.68053402975009
STU_019890,78.20925366544597
STU_019891,76.72243385407127
STU_019892,66.01635854212996
STU_019893,94.23726680595286
STU_019894,58.876179851343096
STU_019895,75.81377766194825
STU_019896,82.49680708211942
STU_019897,80.10416224401949
STU_019898,72.1361458309667
STU_019899,80.92134021975968
STU_019900,85.1060883566207
STU_019901,65.90548286561372
STU_019902,74.48144609791865
STU_019903,85.30270399782617
STU_019904,67.05137393249808
STU_019905,77.2676684622833
STU_019906,70.6929429613957
STU_019907,59.443069896931725
STU_019908,51.45063758076118
STU_019909,65.44262237707761
STU_019910,96.55105456996716
STU_019911,98.94041982827468
STU_019912,64.57437097576809
STU_019913,77.85291902727745
STU_019914,56.90678356232141
STU_019915,77.14966223032121
STU_019916,63.15522202322251
STU_019917,63.18941605017956
STU_019918,95.5828934060485
STU_019919,70.47944134736267
STU_019920,95.68858198883777
STU_019921,67.77039926570788
STU_019922,97.32083054608592
STU_019923,58.454717419774234
STU_019924,98.76312137555509
STU_019925,88.69124949273487
STU_019926,68.49548180945933
STU_019927,79.96759102310841
STU_019928,79.8015660925411
STU_019929,85.16745315198415
STU_019930,69.47540455223545
STU_019931,97.67858448658947
STU_019932,85.11907986014246
STU_019933,59.93401863062597
STU_019934,88.97292197074049
STU_019935,51.621183493449664
STU_019936,86.0137927060527
STU_019937,83.15003199021936
STU_019938,67.7628689926665
STU_019939,87.65841041039312
STU_019940,86.23630507275264
STU_019941,71.50430165293812
STU_019942,72.04086831697212
STU_019943,82.49377666019694
STU_019944,96.38049706844832
STU_019945,79.29188171836343
STU_019946,90.10451013821317
STU_019947,74.74871175714699
STU_019948,87.62120109081923
STU_019949,80.17727963111693
STU_019950,72.1434367162745
STU_019951,65.37497120380837
STU_019952,54.65394710576449
STU_019953,67.20310901937876
STU_019954,82.5078775174056
STU_019955,65.22664215516686
STU_019956,58.21548578010126
STU_019957,79.12299879368234
STU_019958,76.30629825410348
STU_019959,76.29807178663509
STU_019960,65.90927543313731
STU_019961,69.35860146495996
STU_019962,80.04792989888782
STU_019963,61.483517985571496
STU_019964,70.57788604505856
STU_019965,63.940921657962285
STU_019966,84.42760715029183
STU_019967,97.61200380239683
STU_019968,73.89112850797656
STU_019969,54.292551879881856
STU_019970,94.24286438262328
STU_019971,91.70178904978613
STU_019972,74.22395202704247
STU_019973,78.29795782864642
STU_019974,89.1410265623451
STU_019975,74.47158828208234
STU_019976,75.16865116788503
STU_019977,67.64983944531936
STU_019978,55.37413312055986
STU_019979,55.42658145360045
STU_019980,61.3008599014708
STU_019981,99.68500703996065
STU_019982,76.8068636207918
STU_019983,88.0856623629872
STU_019984,96.71246257923303
STU_019985,83.3458734649403
STU_019986,95.84591560441064
STU_019987,83.60322817802904
STU_019988,66.93398572550234
STU_019989,68.77012604000413
STU_019990,77.81341406751548
STU_019991,84.94098219977876
STU_019992,86.46237421662315
STU_019993,86.16014250671068
STU_019994,51.077855816845144
STU_019995,77.53600253552449
STU_019996,62.11059538739647
STU_019997,83.08629396650839
STU_019998,53.568229997909484
STU_019999,92.63912343070129
STU_020000,74.28821004323356
