student_id,career_success_score
STU_010001,56.01817770518282
STU_010002,75.12829329931398
STU_010003,73.76676208520259
STU_010004,97.81661601070437
STU_010005,77.3402840952963
STU_010006,74.6813102635457
STU_010007,74.78807137579693
STU_010008,77.93212921842498
STU_010009,70.82476247293313
STU_010010,56.69815551899179
STU_010011,94.10773131725341
STU_010012,78.88975128131787
STU_010013,82.55467502109008
STU_010014,91.29775864140437
STU_010015,51.64931053228508
STU_010016,69.05091424899734
STU_010017,58.18254698963328
STU_010018,57.408587423363294
STU_010019,86.05959272163608
STU_010020,70.42563326758592
STU_010021,84.84094993368919
STU_010022,95.58774302975117
STU_010023,94.06747788614874
STU_010024,67.68795001861889
STU_010025,80.58660024248852
STU_010026,87.28241327122882
STU_010027,75.97179812886375
STU_010028,87.10595564266666
STU_010029,97.17976538512826
STU_010030,62.17537506709476
STU_010031,63.94241578079122
STU_010032,90.77142919433396
STU_010033,56.21882351643711
STU_010034,88.51829672394227
STU_010035,79.14973614349985
STU_010036,66.57602988234765
STU_010037,64.66779490887961
STU_010038,90.26533001295871
STU_010039,64.8629785413986
STU_010040,82.83145160588359
STU_010041,91.52973394418564
STU_010042,61.59893895486304
STU_010043,85.07186104595286
STU_010044,71.53566935355488
STU_010045,81.9233041973705
STU_010046,58.12346982466183
STU_010047,67.81400419992659
STU_010048,84.20407138573631
STU_010049,49.72908258189625
STU_010050,61.07705505637324
STU_010051,74.56055485422347
STU_010052,65.43850156268904
STU_010053,61.15935340039876
STU_010054,69.7357609190769
STU_010055,64.06730072754215
STU_010056,61.70643948913474
STU_010057,63.5863920154695
STU_010058,99.40249223386462
STU_010059,88.36792213462041
STU_010060,73.46418678023666
STU_010061,38.95115752463162
STU_010062,76.96743974553428
STU_010063,64.26799236699038
STU_010064,88.1670278133543
STU_010065,54.70155526336289
STU_010066,59.74979713819066
STU_010067,91.38921505330288
STU_010068,58.42325865811739
STU_010069,66.68477469600893
STU_010070,59.059946294086316
STU_010071,95.30240053409477
STU_010072,66.89787591064339
STU_010073,96.05897433736907
STU_010074,56.720049802472616
STU_010075,76.86116101303188
STU_010076,96.32166995175547
STU_010077,84.75207164615985
STU_010078,86.12024949615417
STU_010079,80.91109269184088
STU_010080,80.84116341333694
STU_010081,61.48854079421305
STU_010082,77.67194358330265
STU_010083,78.67248301641911
STU_010084,77.75402599048385
STU_010085,72.85895205186982
STU_010086,78.69143943586414
STU_010087,72.46461198972804
STU_010088,66.1748759094175
STU_010089,85.05685235303042
STU_010090,77.47084198948718
STU_010091,55.293171073398454
STU_010092,70.37006999785619
STU_010093,62.727316687661485
STU_010094,91.07045874086575
STU_010095,55.214494663149
STU_010096,81.77239954608208
STU_010097,70.36637099593094
STU_010098,84.28879868719278
STU_010099,69.17544759536862
STU_010100,71.2940435311986
STU_010101,77.8565011205681
STU_010102,64.03559422752988
STU_010103,90.4756784598448
STU_010104,54.256550279999885
STU_010105,97.47947063139759
STU_010106,49.25524806808887
STU_010107,81.43634083791501
STU_010108,77.87902717534261
STU_010109,69.2552354723227
STU_010110,79.13155151882262
STU_010111,88.98127408062746
STU_010112,82.09497455941195
STU_010113,68.71487740392209
STU_010114,82.05760314419933
STU_010115,80.35820838027311
STU_010116,90.51843805716294
STU_010117,80.50822942794419
STU_010118,90.50305485915533
STU_010119,70.02939904778307
STU_010120,69.455389271284
STU_010121,79.99230149999283
STU_010122,75.01087931938346
STU_010123,94.18702809471893
STU_010124,73.236548845465
STU_010125,86.57934265434827
STU_010126,70.85423680357876
STU_010127,56.76562337093786
STU_010128,91.12468977864512
STU_010129,82.52899351401902
STU_010130,72.7190030755705
STU_010131,62.52858446594195
STU_010132,72.38780279864002
STU_010133,75.18406235798261
STU_010134,67.15099668264574
STU_010135,41.35663492538106
STU_010136,70.49352084730593
STU_010137,61.10324752293208
STU_010138,78.26432303599213
STU_010139,78.80323082822105
STU_010140,85.86596609969472
STU_010141,61.155075379294345
STU_010142,86.79198000850369
STU_010143,73.61632395001162
STU_010144,74.5243148915832
STU_010145,94.82416039310199
STU_010146,78.89282507600623
STU_010147,53.2325012255791
STU_010148,54.8685042114242
STU_010149,61.28948999488274
STU_010150,92.13609411115098
STU_010151,71.3724527143203
STU_010152,85.61594861120378
STU_010153,73.7033015174527
STU_010154,81.02389579923923
STU_010155,63.80772294451417
STU_010156,94.43231116569783
STU_010157,99.85184478759766
STU_010158,71.71026199156577
STU_010159,86.76988263128237
STU_010160,64.70774975927404
STU_010161,95.16783941068043
STU_010162,99.87368850708009
STU_010163,79.83817435860558
STU_010164,74.20742276646484
STU_010165,73.82907633030419
STU_010166,89.28676445987878
STU_010167,85.14564978319464
STU_010168,76.91234026290601
STU_010169,71.79383764689993
STU_010170,88.16640133546957
STU_010171,71.09937926496329
STU_010172,99.54073638916016
STU_010173,70.30507867615268
STU_010174,76.72137603237532
STU_010175,76.8117890689908
STU_010176,67.98111256017293
STU_010177,90.95424919617021
STU_010178,83.05381432131645
STU_010179,81.3680880297828
STU_010180,78.93453172910164
STU_010181,75.24403667495373
STU_010182,73.21982164971052
STU_010183,77.19654974168114
STU_010184,83.85061271782335
STU_010185,63.97689198455414
STU_010186,85.84778489476199
STU_010187,63.48029460062917
STU_010188,89.97977327218453
STU_010189,74.89552874895215
STU_010190,58.97093613577425
STU_010191,45.8142365033292
STU_010192,83.68313243465578
STU_010193,60.138222231227644
STU_010194,83.77892651490029
STU_010195,83.56810729414563
STU_010196,68.69215653795018
STU_010197,76.37136028841817
STU_010198,82.38296460016943
STU_010199,96.77116391026348
STU_010200,72.62653729230126
STU_010201,98.89464994083676
STU_010202,79.41214324979471
STU_010203,71.73859631182846
STU_010204,93.74767762013096
STU_010205,84.50832266271192
STU_010206,90.52037266778612
STU_010207,49.41235604332828
STU_010208,71.52440978230395
STU_010209,63.31184697816251
STU_010210,87.40761526546908
STU_010211,74.83450397822627
STU_010212,92.65711529361431
STU_010213,89.77428834672631
STU_010214,65.39434740856106
STU_010215,68.6004296598961
STU_010216,58.90508425097478
STU_010217,82.79890969621371
STU_010218,57.545090353669394
STU_010219,82.45982418365384
STU_010220,68.40458012422602
STU_010221,80.22230655187064
STU_010222,56.018815379384684
STU_010223,76.39850441316173
STU_010224,99.89043197631835
STU_010225,60.781942192250426
STU_010226,86.36174703152626
STU_010227,57.453410228727506
STU_010228,90.83329081599489
STU_010229,75.71077405471911
STU_010230,61.09445812770839
STU_010231,52.487478157016135
STU_010232,94.50365702958064
STU_010233,58.84420415992517
STU_010234,81.16474194882234
STU_010235,49.062242243288225
STU_010236,90.90243574104821
STU_010237,83.11357101047699
STU_010238,74.827921360553
STU_010239,49.64973515990986
STU_010240,71.8046848399884
STU_010241,81.22897389668987
STU_010242,78.67659084073448
STU_010243,64.49581789784833
STU_010244,89.42914662647627
STU_010245,58.267284023980004
STU_010246,46.742272431941956
STU_010247,93.84313683504344
STU_010248,83.9966571968968
STU_010249,68.38474858516408
STU_010250,96.78086340414565
STU_010251,76.92943753173581
STU_010252,99.87120895385743
STU_010253,62.35433906557044
STU_010254,97.13227761492575
STU_010255,67.38568299728253
STU_010256,61.01394225743972
STU_010257,75.25629047155333
STU_010258,81.26159407618117
STU_010259,80.30008499899557
STU_010260,61.89012874764083
STU_010261,63.186554375807724
STU_010262,53.53641256488709
STU_010263,56.698724025501235
STU_010264,99.75514068603516
STU_010265,69.54364903962403
STU_010266,80.36864849702806
STU_010267,63.2735972816691
STU_010268,84.33859377749266
STU_010269,76.07166343674767
STU_010270,90.51912266173855
STU_010271,83.39428196403023
STU_010272,63.12662030784926
STU_010273,78.73384807007164
STU_010274,63.31016361903537
STU_010275,89.35453021306952
STU_010276,62.63847688641712
STU_010277,81.79328043260492
STU_010278,84.15408652191181
STU_010279,65.02876631920567
STU_010280,66.69592378407778
STU_010281,60.488951481337104
STU_010282,65.76486058707658
STU_010283,83.4175121687648
STU_010284,66.73744861960935
STU_010285,57.89469446151301
STU_010286,77.75873587520985
STU_010287,91.91779604030009
STU_010288,62.17556176113476
STU_010289,53.896756526425435
STU_010290,83.18839006763648
STU_010291,46.53015932774173
STU_010292,84.92260417145307
STU_010293,64.98327615688154
STU_010294,59.96289553361606
STU_010295,69.55306058025815
STU_010296,83.08900269404947
STU_010297,83.79476464578869
STU_010298,94.85283036124291
STU_010299,89.06222014708891
STU_010300,61.900205989130505
STU_010301,78.46166615770683
STU_010302,83.14925805524823
STU_010303,71.58198470452568
STU_010304,57.62784399465365
STU_010305,79.14355277436051
STU_010306,62.68677134959916
STU_010307,65.33130767305816
STU_010308,75.93814543183491
STU_010309,70.06491020704576
STU_010310,56.43392074913674
STU_010311,64.3941293946173
STU_010312,77.04590295709258
STU_010313,77.30275344299372
STU_010314,84.48878259609981
STU_010315,87.78290908702066
STU_010316,90.69864543626474
STU_010317,86.04159152955317
STU_010318,72.1846824462994
STU_010319,90.86994859658941
STU_010320,97.8479805591113
STU_010321,67.9635556860805
STU_010322,93.31874268582767
STU_010323,73.27101268680138
STU_010324,92.61473259781306
STU_010325,93.80800963538746
STU_010326,78.64740737136147
STU_010327,66.16322841253827
STU_010328,82.94094526085904
STU_010329,93.69800132151266
STU_010330,84.90994839072275
STU_010331,97.58376688055407
STU_010332,63.20793810314864
STU_010333,99.9686378479004
STU_010334,73.2648576112599
STU_010335,92.32916325596378
STU_010336,54.799088696680215
STU_010337,62.4125895588439
STU_010338,82.50717494518437
STU_010339,77.99900923078049
STU_010340,62.1023931312044
STU_010341,96.13698144704429
STU_010342,59.385037019291296
STU_010343,59.39640430130625
STU_010344,78.22071897972907
STU_010345,81.6494554639319
STU_010346,87.54995451619742
STU_010347,52.073305484864775
STU_010348,61.33951818644228
STU_010349,86.91569465395429
STU_010350,82.72569047404387
STU_010351,72.09592706279679
STU_010352,70.64578664754161
STU_010353,94.63874974720738
STU_010354,74.16598054936114
STU_010355,77.3998236305443
STU_010356,87.19501687684252
STU_010357,93.9343326565249
STU_010358,78.48267973787938
STU_010359,62.0694144485558
STU_010360,69.56356748852778
STU_010361,98.29700378568265
STU_010362,73.94340603159893
STU_010363,76.74511928400798
STU_010364,96.25890970259704
STU_010365,84.9506659114212
STU_010366,96.1415801790028
STU_010367,70.81226628158876
STU_010368,64.77712984144866
STU_010369,90.7176244331145
STU_010370,84.43230230837926
STU_010371,69.70457444030572
STU_010372,76.16449878369355
STU_010373,71.08186882850612
STU_010374,83.42145538001671
STU_010375,98.09382190617796
STU_010376,53.625118414464396
STU_010377,77.39926482797796
STU_010378,76.8247441628017
STU_010379,69.75874774621505
STU_010380,62.008319035182794
STU_010381,70.1142964848719
STU_010382,91.40436640312267
STU_010383,79.7706021987308
STU_010384,92.68452854432003
STU_010385,80.38823598022071
STU_010386,62.97213905715033
STU_010387,61.414510681658655
STU_010388,96.2018149191536
STU_010389,70.87732509392926
STU_010390,55.89411371340796
STU_010391,62.30584558390104
STU_010392,76.04524010683639
STU_010393,81.11144245202732
STU_010394,75.17741183125543
STU_010395,76.48688313670496
STU_010396,80.62870449186764
STU_010397,87.17834558906803
STU_010398,87.28124815183115
STU_010399,61.941088255055405
STU_010400,72.83750494755208
STU_010401,49.172783944830684
STU_010402,68.82504549990486
STU_010403,76.87900918568289
STU_010404,87.05354341124533
STU_010405,81.08451448115062
STU_010406,74.56737921309704
STU_010407,93.44988836518391
STU_010408,66.37957828927308
STU_010409,96.69007743264038
STU_010410,66.20172851538692
STU_010411,90.68567252151873
STU_010412,96.00703394952792
STU_010413,86.70597246173332
STU_010414,84.96161085457253
STU_010415,88.21577508545633
STU_010416,82.04381960631281
STU_010417,99.26766891479492
STU_010418,72.51765467481906
STU_010419,94.20944318888192
STU_010420,87.62485716458944
STU_010421,83.36918003943168
STU_010422,72.72529630532529
STU_010423,74.06022927738933
STU_010424,52.26823564284309
STU_010425,54.38035524717577
STU_010426,74.31517285267492
STU_010427,62.21741134735817
STU_010428,72.72590122199429
STU_010429,52.71731530267448
STU_010430,86.70172839981734
STU_010431,49.523081619951625
STU_010432,71.08478952518671
STU_010433,73.88771838264338
STU_010434,89.5296274728143
STU_010435,61.137854301576716
STU_010436,77.46702568936117
STU_010437,51.75531503722192
STU_010438,99.58391952514648
STU_010439,68.16738681995412
STU_010440,89.15371577464123
STU_010441,57.523849647458064
STU_010442,71.85088380278128
STU_010443,81.85542766054762
STU_010444,68.10232261004465
STU_010445,71.74714402328783
STU_010446,45.54785500664778
STU_010447,80.10675450601497
STU_010448,73.47007679512355
STU_010449,70.28679025952005
STU_010450,62.65316716689555
STU_010451,91.93082364851108
STU_010452,81.82543373704499
STU_010453,70.97608765413456
STU_010454,67.10475855408498
STU_010455,48.50451354934491
STU_010456,85.14601897363383
STU_010457,74.71629039406739
STU_010458,86.40593029232224
STU_010459,75.93523911738818
STU_010460,68.83862882687858
STU_010461,68.18911347142017
STU_010462,56.67109691583139
STU_010463,85.8717217460346
STU_010464,88.23829069709024
STU_010465,53.419059863465804
STU_010466,66.67122340558804
STU_010467,78.2225164239347
STU_010468,71.27042130072009
STU_010469,79.63931680054947
STU_010470,68.35043695757156
STU_010471,97.65002749723854
STU_010472,54.746222399455164
STU_010473,87.01734347143659
STU_010474,84.65726325659489
STU_010475,79.1988928092488
STU_010476,64.28113004249525
STU_010477,70.2281643010778
STU_010478,95.59199877359455
STU_010479,60.43931090903689
STU_010480,69.36042913390011
STU_010481,61.92932829287098
STU_010482,74.81759595012343
STU_010483,93.62674027579186
STU_010484,73.90397434017369
STU_010485,47.469061011543104
STU_010486,72.01497230187283
STU_010487,94.47080771934748
STU_010488,82.79185892793976
STU_010489,82.42301988342798
STU_010490,82.42053207537975
STU_010491,72.01503658854016
STU_010492,74.20535682533543
STU_010493,79.80536721405653
STU_010494,59.17032502619376
STU_010495,39.787933919914835
STU_010496,97.37845943985064
STU_010497,64.68825327476478
STU_010498,72.87849187579359
STU_010499,66.3579172113007
STU_010500,69.84709649647496
STU_010501,75.78832894482801
STU_010502,66.73261982639384
STU_010503,78.51599949763548
STU_010504,69.0724075149295
STU_010505,61.29327096477147
STU_010506,87.89519535094959
STU_010507,66.96652552403637
STU_010508,62.91543341810472
STU_010509,80.23325986050958
STU_010510,48.34124838994509
STU_010511,59.15007475847932
STU_010512,71.86216142007746
STU_010513,93.42555097507764
STU_010514,74.38110254128316
STU_010515,85.05509332341552
STU_010516,82.18837439216921
STU_010517,98.56752481155534
STU_010518,50.77648126405157
STU_010519,86.97566784911521
STU_010520,87.01087026951308
STU_010521,97.75744311145255
STU_010522,72.21027848959328
STU_010523,83.64735293172765
STU_010524,89.00344670911926
STU_010525,68.41343634847152
STU_010526,56.613448524118624
STU_010527,86.66982278418897
STU_010528,83.72437963895806
STU_010529,48.32728269664942
STU_010530,75.36720260537811
STU_010531,66.04567564815406
STU_010532,58.56665134731632
STU_010533,83.19508469080773
STU_010534,79.08850631491282
STU_010535,86.69632280606
STU_010536,77.1508006248507
STU_010537,76.34674284545576
STU_010538,77.27428121003344
STU_010539,61.31850601580342
STU_010540,48.287695462456696
STU_010541,87.40387918021668
STU_010542,99.87723388671876
STU_010543,81.98151955950183
STU_010544,73.78155591249286
STU_010545,82.17332584358834
STU_010546,69.73410379196156
STU_010547,78.03630482493828
STU_010548,99.87398681640624
STU_010549,64.55069835204726
STU_010550,79.75878198169428
STU_010551,58.50050148700934
STU_010552,96.23491235125329
STU_010553,98.04254295789224
STU_010554,87.87575313875075
STU_010555,75.50003201343871
STU_010556,60.21366124574769
STU_010557,77.41138672982851
STU_010558,77.98975400207293
STU_010559,76.37675763662187
STU_010560,77.23251976843797
STU_010561,97.41959882834101
STU_010562,58.12912420642982
STU_010563,63.409594216144626
STU_010564,62.70504260440945
STU_010565,89.8278114489332
STU_010566,60.05669517019204
STU_010567,73.14019621023463
STU_010568,79.60153193514303
STU_010569,95.6961340473182
STU_010570,55.258093713739285
STU_010571,94.26795824825821
STU_010572,72.48290746146688
STU_010573,95.5031345974775
STU_010574,70.54468424057303
STU_010575,64.16408118007132
STU_010576,52.204162331497805
STU_010577,64.3461338211233
STU_010578,70.57976802736785
STU_010579,82.02745218050015
STU_010580,60.877848641076326
STU_010581,49.29946928161142
STU_010582,77.46947918423704
STU_010583,76.72871187143292
STU_010584,94.3715559322099
STU_010585,77.26346472397816
STU_010586,99.5570483832594
STU_010587,73.57846473122183
STU_010588,70.8007874534809
STU_010589,98.94956410905
STU_010590,88.34834901919217
STU_010591,72.35883580508032
STU_010592,96.72587929581118
STU_010593,85.05206520942923
STU_010594,50.33556076453605
STU_010595,81.47124111431243
STU_010596,74.3680713337518
STU_010597,60.50939573281809
STU_010598,93.21465155890164
STU_010599,66.57420278249822
STU_010600,72.1183730618449
STU_010601,83.28683667699809
STU_010602,69.14939171263168
STU_010603,79.29770842877969
STU_010604,73.1025675199879
STU_010605,62.23677869505663
STU_010606,94.20032520722897
STU_010607,85.9913784585568
STU_010608,64.46796814682422
STU_010609,77.83308450167777
STU_010610,77.98529298497412
STU_010611,88.39891731867536
STU_010612,57.520891636554964
STU_010613,94.67960502583986
STU_010614,99.97043838500977
STU_010615,89.64149025633633
STU_010616,90.43383812921854
STU_010617,55.938926632592924
STU_010618,80.9512355676888
STU_010619,99.33590064863417
STU_010620,66.01350935908953
STU_010621,67.46962661387921
STU_010622,56.847746065771666
STU_010623,86.5734104455488
STU_010624,61.22410947790435
STU_010625,68.35575381092919
STU_010626,89.72585689333292
STU_010627,90.20427286679808
STU_010628,59.943716218782875
STU_010629,81.7506196769481
STU_010630,78.59689941682029
STU_010631,93.55838932018699
STU_010632,66.89729145173911
STU_010633,76.04762620285625
STU_010634,75.7823439024463
STU_010635,62.97168211597406
STU_010636,81.86604798247566
STU_010637,63.27959810426678
STU_010638,73.19009008711421
STU_010639,68.11160126300302
STU_010640,57.49728574035629
STU_010641,67.64695732915982
STU_010642,97.3470636787608
STU_010643,89.44801041867355
STU_010644,73.48874522998366
STU_010645,81.1321565288437
STU_010646,96.58114949771661
STU_010647,68.84807007686257
STU_010648,73.25758731970906
STU_010649,75.30401506256945
STU_010650,85.7737227121963
STU_010651,80.68300600135723
STU_010652,68.54992176121782
STU_010653,86.5416957277306
STU_010654,88.7670467800981
STU_010655,88.88784419836492
STU_010656,76.19074883503451
STU_010657,79.27299217499619
STU_010658,73.47896781514197
STU_010659,94.98243023048005
STU_010660,91.42698542061535
STU_010661,69.85340036366374
STU_010662,96.72060285057566
STU_010663,70.78775868891813
STU_010664,73.46311189820184
STU_010665,62.00757405645953
STU_010666,96.0628426682967
STU_010667,89.33806265034383
STU_010668,68.10861364105264
STU_010669,74.6913735206169
STU_010670,89.07063065912192
STU_010671,63.67569851135114
STU_010672,56.556351217877136
STU_010673,87.26709462449232
STU_010674,98.61397648176828
STU_010675,93.34597131679104
STU_010676,79.80248751615862
STU_010677,77.46130783274441
STU_010678,74.91770941860648
STU_010679,69.79154197120333
STU_010680,91.42274342469557
STU_010681,86.15100295615522
STU_010682,51.13230436783279
STU_010683,72.68833931721824
STU_010684,76.39602459257861
STU_010685,85.25507366365879
STU_010686,78.67278743684354
STU_010687,62.53783963453223
STU_010688,98.28927546906795
STU_010689,85.93094773503778
STU_010690,99.7693115234375
STU_010691,75.35350498674956
STU_010692,89.53715393908848
STU_010693,75.19007674931463
STU_010694,69.24138357424431
STU_010695,60.76827504575968
STU_010696,53.210249036134
STU_010697,69.85237055085969
STU_010698,91.37737594831168
STU_010699,80.73954501586519
STU_010700,92.46886811221015
STU_010701,83.91895266227195
STU_010702,67.25979193236486
STU_010703,98.00421372596563
STU_010704,99.71838607788087
STU_010705,80.23084061797243
STU_010706,94.31047187214097
STU_010707,77.61520399299764
STU_010708,78.14128129222188
STU_010709,63.81815797153023
STU_010710,56.12826257061898
STU_010711,99.55739212036133
STU_010712,49.73436222916087
STU_010713,90.73522851671345
STU_010714,64.87864196132209
STU_010715,81.34958293157067
STU_010716,51.27425171876604
STU_010717,86.98066065631028
STU_010718,77.98569828365916
STU_010719,82.74818658640748
STU_010720,52.01318588089905
STU_010721,67.70658359809599
STU_010722,99.81341323852538
STU_010723,72.15074093161542
STU_010724,82.15295719553268
STU_010725,66.81074058103283
STU_010726,66.705620810522
STU_010727,46.36627385761126
STU_010728,71.89403015638032
STU_010729,94.81325206955222
STU_010730,95.01165504568624
STU_010731,70.95600492475282
STU_010732,72.7679013008214
STU_010733,98.94349804568519
STU_010734,83.95385855585161
STU_010735,69.41763187189659
STU_010736,66.96874236502333
STU_010737,66.33323528958738
STU_010738,65.98003132931301
STU_010739,71.57743463536735
STU_010740,66.6605341904098
STU_010741,83.39994742462699
STU_010742,65.38205265758619
STU_010743,97.29094322056
STU_010744,76.72992169855489
STU_010745,65.75895450101939
STU_010746,70.82135379100912
STU_010747,87.58397363279455
STU_010748,74.5577288111076
STU_010749,84.3699848427787
STU_010750,78.66685616645178
STU_010751,72.58932099196917
STU_010752,64.55916422081712
STU_010753,75.98644842617995
STU_010754,85.13077221455299
STU_010755,60.911959500659236
STU_010756,90.78915523282977
STU_010757,56.66393791173449
STU_010758,82.2469125148145
STU_010759,90.9331981083775
STU_010760,83.75308690364957
STU_010761,75.01557815795036
STU_010762,74.36525891915636
STU_010763,62.47504254202757
STU_010764,52.71589880658308
STU_010765,85.25152720879144
STU_010766,60.80027374764083
STU_010767,72.14429392943751
STU_010768,54.913924815645984
STU_010769,88.71225535248232
STU_010770,68.98710870843676
STU_010771,44.91574832889938
STU_010772,69.28438798897848
STU_010773,86.53309162438998
STU_010774,86.04511981420193
STU_010775,93.86735042777147
STU_010776,42.47706452090031
STU_010777,78.91840651221251
STU_010778,54.65842490198384
STU_010779,64.13989245388434
STU_010780,82.6266022473344
STU_010781,78.56901753243247
STU_010782,84.10683306386485
STU_010783,49.4588678773945
STU_010784,70.95763919079289
STU_010785,83.03899758761648
STU_010786,81.61133626215032
STU_010787,72.01194655719519
STU_010788,70.99259380697194
STU_010789,96.4012407368287
STU_010790,60.47970763633492
STU_010791,58.032309984822106
STU_010792,94.63294772300314
STU_010793,83.61930910748043
STU_010794,59.524990777691045
STU_010795,78.91419086155874
STU_010796,80.82439242944477
STU_010797,56.405344097124576
STU_010798,61.32494747963351
STU_010799,87.85689314590167
STU_010800,65.54107522012373
STU_010801,63.90331417843819
STU_010802,84.18681775506585
STU_010803,80.84564601579322
STU_010804,53.234740693969954
STU_010805,71.39912913388379
STU_010806,84.32591702674537
STU_010807,95.85686372539038
STU_010808,67.31551030670406
STU_010809,99.91279678344728
STU_010810,84.89933861398663
STU_010811,75.63922971087808
STU_010812,80.95274020693589
STU_010813,95.63816252505528
STU_010814,68.35262411418341
STU_010815,86.9633009767918
STU_010816,99.73093795776367
STU_010817,88.26481864387092
STU_010818,86.01095788747557
STU_010819,80.35462502747859
STU_010820,94.99340578600314
STU_010821,98.97119289169603
STU_010822,61.08969213736396
STU_010823,92.58710076404478
STU_010824,88.07532706690998
STU_010825,83.90117015101859
STU_010826,82.31731065672952
STU_010827,58.66538703521616
STU_010828,72.72855116954837
STU_010829,70.63677888801504
STU_010830,75.4455248233928
STU_010831,91.98042035052731
STU_010832,97.0885873460154
STU_010833,82.70911528987361
STU_010834,70.24503584316608
STU_010835,81.56423072589172
STU_010836,85.04597033788806
STU_010837,78.67989989918215
STU_010838,90.1316231599099
STU_010839,67.4602598715847
STU_010840,80.88688461710882
STU_010841,86.87932094702484
STU_010842,89.18539517485672
STU_010843,73.14931074046251
STU_010844,51.817827925319435
STU_010845,92.44078728680718
STU_010846,80.25371868985216
STU_010847,99.89978561401367
STU_010848,73.22574402162732
STU_010849,75.54922401931972
STU_010850,61.28488985406315
STU_010851,95.78475858551622
STU_010852,63.213814849469316
STU_010853,89.38974921762045
STU_010854,89.26782683769876
STU_010855,67.4607001152097
STU_010856,55.907460964555085
STU_010857,65.75075600941972
STU_010858,51.246080601634695
STU_010859,66.20742590856254
STU_010860,94.23624258060283
STU_010861,76.90603837293992
STU_010862,65.91388108326662
STU_010863,80.63909887362243
STU_010864,90.08918559548229
STU_010865,78.48800836946708
STU_010866,94.09584439464263
STU_010867,52.762341370604986
STU_010868,65.5426038818471
STU_010869,81.27291881709324
STU_010870,62.33145636837293
STU_010871,86.4536934719086
STU_010872,86.01091256748498
STU_010873,46.02075476458427
STU_010874,64.73241014806474
STU_010875,83.47657731888467
STU_010876,67.01278836964694
STU_010877,74.0012334832967
STU_010878,77.18181970797723
STU_010879,66.77318249997565
STU_010880,82.83826575859689
STU_010881,97.66839968894331
STU_010882,76.39461105513391
STU_010883,81.42826166187515
STU_010884,61.2060068347402
STU_010885,66.72004507597262
STU_010886,97.66681597227509
STU_010887,57.161696165904026
STU_010888,85.14155188026103
STU_010889,94.8979774417415
STU_010890,79.51529756197088
STU_010891,98.05866553461061
STU_010892,83.08560674440986
STU_010893,72.82610569492537
STU_010894,84.00010180647917
STU_010895,66.8042510100874
STU_010896,72.8220918584029
STU_010897,66.65396598995471
STU_010898,82.41781799192847
STU_010899,60.09078773189185
STU_010900,68.17196310695556
STU_010901,61.50592695866068
STU_010902,90.82322888499341
STU_010903,56.41452192974829
STU_010904,74.72742850566912
STU_010905,67.22559101691165
STU_010906,52.2886388485865
STU_010907,96.88058520679039
STU_010908,86.65942586026947
STU_010909,86.60640382798407
STU_010910,83.47317382071193
STU_010911,80.76831910911343
STU_010912,90.89386945625935
STU_010913,77.6011083671622
STU_010914,91.676272498674
STU_010915,74.89203134743211
STU_010916,68.79506686205451
STU_010917,81.60511322151814
STU_010918,78.1180300683843
STU_010919,89.06187836376304
STU_010920,70.62903248136905
STU_010921,78.76647533180034
STU_010922,78.93880593860261
STU_010923,90.44398344848621
STU_010924,94.836273387689
STU_010925,66.28757741628468
STU_010926,93.54627855481912
STU_010927,61.78189127762182
STU_010928,74.95840657028191
STU_010929,67.82756107334694
STU_010930,91.15376777988511
STU_010931,70.92518085598537
STU_010932,88.42810197480063
STU_010933,72.89734701673967
STU_010934,88.66770784312737
STU_010935,70.58206661443413
STU_010936,64.43444436542947
STU_010937,73.19107385708475
STU_010938,61.90828288519116
STU_010939,81.37963266882761
STU_010940,47.23338902258479
STU_010941,97.06029185349237
STU_010942,80.2697618898741
STU_010943,54.79750026932024
STU_010944,59.68160455383889
STU_010945,76.15205374739953
STU_010946,84.68846540419088
STU_010947,74.79681793054428
STU_010948,93.40043371564965
STU_010949,97.20639998042316
STU_010950,64.08260522713081
STU_010951,72.35715361061689
STU_010952,60.65967778991734
STU_010953,85.19963490098465
STU_010954,53.49019867636834
STU_010955,61.52294562831627
STU_010956,98.85310774837612
STU_010957,87.4407979316101
STU_010958,69.84708794708679
STU_010959,87.41815534736966
STU_010960,84.56220229550725
STU_010961,74.88604169591618
STU_010962,91.46344638835777
STU_010963,72.82072258508214
STU_010964,77.52455673000391
STU_010965,65.51252524336748
STU_010966,54.723354047573416
STU_010967,67.83858831072588
STU_010968,66.00076970131006
STU_010969,57.30327671581504
STU_010970,85.79141409094767
STU_010971,70.43796702834372
STU_010972,73.32614647689053
STU_010973,75.70790915743682
STU_010974,66.82541603259995
STU_010975,78.54476988618143
STU_010976,82.90104555282144
STU_010977,86.71969230749437
STU_010978,97.01523535723484
STU_010979,73.43818817583144
STU_010980,79.08732173622627
STU_010981,91.88015146612088
STU_010982,71.894523392205
STU_010983,71.15044670060061
STU_010984,75.61575760119439
STU_010985,53.42251687297156
STU_010986,91.23049355846337
STU_010987,91.04565934872028
STU_010988,67.31191011132077
STU_010989,85.67939042020308
STU_010990,78.1636887103203
STU_010991,60.15091311073618
STU_010992,82.5680985138211
STU_010993,74.30600000090394
STU_010994,82.35410372005612
STU_010995,98.63141444093239
STU_010996,60.26947586949682
STU_010997,67.80419195693933
STU_010998,68.46102224369247
STU_010999,68.91658247469523
STU_011000,77.23990807044004
STU_011001,60.96614437196726
STU_011002,77.86134700268668
STU_011003,62.47975742121215
STU_011004,83.09170082877287
STU_011005,72.33686644956818
STU_011006,82.16136068339627
STU_011007,67.44052399999902
STU_011008,80.2417888374828
STU_011009,96.43796260081922
STU_011010,98.05118702828345
STU_011011,65.0290609029872
STU_011012,82.89623514442513
STU_011013,55.025552761495874
STU_011014,66.39782851011876
STU_011015,97.00205159864757
STU_011016,63.09754212139617
STU_011017,75.8987160953213
STU_011018,88.50275738532653
STU_011019,62.792581341162276
STU_011020,91.12868888628974
STU_011021,64.61007238760706
STU_011022,84.43316864201404
STU_011023,73.08706926957998
STU_011024,77.1569783899986
STU_011025,68.07277975696792
STU_011026,77.40209415307828
STU_011027,73.372857880798
STU_011028,91.88987205461154
STU_011029,80.34911488786739
STU_011030,60.28848582562767
STU_011031,58.57157663687532
STU_011032,62.75375724885826
STU_011033,55.85472490923855
STU_011034,74.84896108776431
STU_011035,88.92522433217835
STU_011036,97.42906362385759
STU_011037,93.37001887158067
STU_011038,86.57896128544596
STU_011039,59.67562973230156
STU_011040,77.49339444169762
STU_011041,55.08827677232671
STU_011042,61.14656488338744
STU_011043,65.19953874418562
STU_011044,62.52741735497615
STU_011045,97.33325847605573
STU_011046,80.55432722323198
STU_011047,81.13358486275874
STU_011048,64.51623933347358
STU_011049,81.8502488868971
STU_011050,75.72246563815588
STU_011051,90.35969652933439
STU_011052,99.75091705322265
STU_011053,51.43236430571852
STU_011054,71.94548646815812
STU_011055,62.33146418057416
STU_011056,57.19197510005132
STU_011057,91.73107943524084
STU_011058,99.92417068481446
STU_011059,98.98518382146955
STU_011060,69.55761182751088
STU_011061,62.652092621381485
STU_011062,62.10155141507365
STU_011063,87.24676824031846
STU_011064,71.8236406132223
STU_011065,72.95147237482048
STU_011066,72.30567133923861
STU_011067,88.90024555164884
STU_011068,96.08220785404359
STU_011069,93.69683353136361
STU_011070,67.86344612037675
STU_011071,89.7907258137702
STU_011072,93.38513634329173
STU_011073,73.30645372429676
STU_011074,91.10945329190201
STU_011075,69.05546127926696
STU_011076,97.6154343638011
STU_011077,74.01189035654102
STU_011078,70.68665651461512
STU_011079,66.86812963186985
STU_011080,60.971261894035536
STU_011081,87.22394011358942
STU_011082,53.18379838110971
STU_011083,96.31651154191565
STU_011084,74.27234489113833
STU_011085,89.92102884837425
STU_011086,64.06838064415963
STU_011087,74.41246489338278
STU_011088,76.86974003960786
STU_011089,90.31042861017026
STU_011090,92.30333255557696
STU_011091,81.77873558821724
STU_011092,65.57839658347802
STU_011093,78.9953762970836
STU_011094,59.96285087091205
STU_011095,80.78882182430267
STU_011096,59.326645584477994
STU_011097,90.04658528207688
STU_011098,89.86366171140033
STU_011099,85.84362275231365
STU_011100,59.8280616658152
STU_011101,61.12942982326763
STU_011102,79.73892991462482
STU_011103,66.30028835954835
STU_011104,95.27386280465666
STU_011105,74.90279642589053
STU_011106,83.59488419642108
STU_011107,56.95548003471026
STU_011108,81.50584014805791
STU_011109,94.47053543097411
STU_011110,99.69283447265624
STU_011111,75.48393393457778
STU_011112,76.61218834147493
STU_011113,82.6034419916123
STU_011114,92.50438565684993
STU_011115,93.99277168603456
STU_011116,84.76135362464336
STU_011117,70.84832343918964
STU_011118,72.22344714045036
STU_011119,79.40028213420044
STU_011120,78.07600538435202
STU_011121,76.09754395259476
STU_011122,60.406082655842496
STU_011123,98.72221743113923
STU_011124,62.5727922106305
STU_011125,99.76612396240235
STU_011126,87.32035543250558
STU_011127,76.843740679931
STU_011128,65.77783656767645
STU_011129,87.85632858351494
STU_011130,60.58441671764227
STU_011131,87.56249948740287
STU_011132,73.11450987796465
STU_011133,82.9807651738388
STU_011134,58.01937671864726
STU_011135,57.99022062229532
STU_011136,93.55275138261601
STU_011137,76.3097269211282
STU_011138,99.93167266845703
STU_011139,73.13535457727902
STU_011140,86.55036804657917
STU_011141,53.52152756783464
STU_011142,93.98127156913638
STU_011143,82.29720336120693
STU_011144,66.29614484682102
STU_011145,63.78064415247161
STU_011146,65.84295424483778
STU_011147,94.73798106673505
STU_011148,93.45220397075875
STU_011149,90.87065419775257
STU_011150,81.2880238937946
STU_011151,96.29374199194952
STU_011152,63.996375489927246
STU_011153,74.79780734769426
STU_011154,74.36098627547631
STU_011155,67.48651213841951
STU_011156,74.61849732927773
STU_011157,57.36919643956864
STU_011158,70.25811635755733
STU_011159,67.99326972168853
STU_011160,53.761141906803104
STU_011161,90.09159322361162
STU_011162,70.82863532793112
STU_011163,72.0845134219368
STU_011164,86.17614813446477
STU_011165,74.91886116125322
STU_011166,74.95405090546569
STU_011167,68.66570229310366
STU_011168,81.68234620892143
STU_011169,87.64390294248696
STU_011170,61.37521285605104
STU_011171,72.44542042794531
STU_011172,97.67265263557067
STU_011173,92.87596762891368
STU_011174,71.77017745125156
STU_011175,64.18184507180177
STU_011176,81.68081851604845
STU_011177,73.11599284843427
STU_011178,91.40995593184347
STU_011179,85.33198266920084
STU_011180,68.92493259117848
STU_011181,82.17486051925088
STU_011182,94.88365035464834
STU_011183,56.34063226692487
STU_011184,80.61867499032458
STU_011185,78.77527028308992
STU_011186,46.74707158759853
STU_011187,83.792251816082
STU_011188,79.59189079170389
STU_011189,46.19480313482053
STU_011190,80.51769607339497
STU_011191,95.47823562156637
STU_011192,80.08628767114229
STU_011193,70.23811060011892
STU_011194,89.82962511453873
STU_011195,82.25864838260225
STU_011196,89.77393404259692
STU_011197,98.64875632155307
STU_011198,76.17803889283942
STU_011199,92.19773486973712
STU_011200,73.04154453673712
STU_011201,53.12364184399626
STU_011202,61.61898968487654
STU_011203,79.45596084614704
STU_011204,88.79039654394973
STU_011205,87.53187065211208
STU_011206,82.44663058003371
STU_011207,59.22928986101385
STU_011208,72.69629356189833
STU_011209,78.51376983104004
STU_011210,72.44996768951216
STU_011211,78.56018472463538
STU_011212,73.71254785345518
STU_011213,85.21853529138603
STU_011214,56.65589535119926
STU_011215,93.50602940681573
STU_011216,59.89250810394031
STU_011217,99.79032135009766
STU_011218,65.30838088156942
STU_011219,86.04221275928514
STU_011220,66.5352343925694
STU_011221,79.89886132817617
STU_011222,89.69800289321252
STU_011223,66.13939993638837
STU_011224,99.76692064875868
STU_011225,47.02786677196396
STU_011226,84.4525628098396
STU_011227,62.17076087991351
STU_011228,96.604803483508
STU_011229,84.09115972124573
STU_011230,80.69149484426407
STU_011231,93.60950814085857
STU_011232,84.9174527361038
STU_011233,70.6747205258366
STU_011234,79.99254428748483
STU_011235,97.29531969151374
STU_011236,66.13799809435584
STU_011237,64.181459520902
STU_011238,67.2324451459527
STU_011239,81.81813068524997
STU_011240,89.11296301638438
STU_011241,98.762609674862
STU_011242,64.71035182329723
STU_011243,65.1574114403436
STU_011244,53.251228895118096
STU_011245,72.61359450992548
STU_011246,74.00727207507754
STU_011247,86.82407283974442
STU_011248,68.40697660559402
STU_011249,70.14326655416662
STU_011250,70.59397956148048
STU_011251,73.29569363773851
STU_011252,76.44406071306672
STU_011253,77.87359997670117
STU_011254,99.60882959713987
STU_011255,87.64591718468495
STU_011256,79.35675217333853
STU_011257,51.284446351660165
STU_011258,79.14239560399764
STU_011259,79.91282757707152
STU_011260,99.88828659057617
STU_011261,63.55373483714824
STU_011262,87.57835632474027
STU_011263,56.92136416022957
STU_011264,47.624266733455215
STU_011265,76.60527639998568
STU_011266,77.41119084724528
STU_011267,89.72679836291312
STU_011268,68.26134863586066
STU_011269,92.88999606148117
STU_011270,75.36780710884597
STU_011271,79.40472133181765
STU_011272,88.19611153657772
STU_011273,74.85430228075681
STU_011274,84.03731173648819
STU_011275,73.37144124192204
STU_011276,81.80956646224311
STU_011277,73.55469648374603
STU_011278,71.20595938375347
STU_011279,99.25421905829182
STU_011280,78.27800095774677
STU_011281,69.12077915137439
STU_011282,91.9811319079086
STU_011283,77.69067259187125
STU_011284,56.32625957072581
STU_011285,94.45610468455396
STU_011286,79.69735552116
STU_011287,74.02681645784864
STU_011288,73.33011687346537
STU_011289,63.7345266809547
STU_011290,67.48527171184884
STU_011291,83.08754839494102
STU_011292,42.35004694598349
STU_011293,93.86070160285689
STU_011294,74.60750974444903
STU_011295,79.31774784428814
STU_011296,97.7268266565703
STU_011297,71.62931155610949
STU_011298,57.44489816498879
STU_011299,82.22471238854965
STU_011300,91.86190685156768
STU_011301,99.78712768554688
STU_011302,72.45422695261325
STU_011303,81.46373879119622
STU_011304,85.44029508267346
STU_011305,74.27666518557824
STU_011306,72.58495350435967
STU_011307,61.34363678775178
STU_011308,51.73302928942579
STU_011309,80.45748647200023
STU_011310,52.2609996294385
STU_011311,87.16762947814973
STU_011312,67.26069667319626
STU_011313,87.54625414135091
STU_011314,60.782570797723025
STU_011315,82.60816033729034
STU_011316,59.05185089864555
STU_011317,75.14307452308701
STU_011318,61.185816807362926
STU_011319,88.2971843151861
STU_011320,57.13429382207772
STU_011321,89.89281487469306
STU_011322,64.21977095436152
STU_011323,48.84497290543784
STU_011324,61.93679907788641
STU_011325,56.52277818402392
STU_011326,80.22854890855174
STU_011327,80.44190377524134
STU_011328,86.82455928193247
STU_011329,60.96044732535998
STU_011330,53.33324635897058
STU_011331,57.748163383513045
STU_011332,92.56383648364982
STU_011333,63.791268748199634
STU_011334,86.17993886042878
STU_011335,66.326333902696
STU_011336,60.05681806004774
STU_011337,82.86926951503985
STU_011338,93.6489354933067
STU_011339,71.26959761242166
STU_011340,72.33797974499284
STU_011341,99.35927751744507
STU_011342,84.67546130307187
STU_011343,83.11543064105567
STU_011344,42.09311014929577
STU_011345,66.09902503892039
STU_011346,72.54960488309717
STU_011347,99.56318130493165
STU_011348,80.69122018090114
STU_011349,99.82824478149413
STU_011350,67.85986790293808
STU_011351,75.00751091582052
STU_011352,80.23639204078185
STU_011353,69.27414427974219
STU_011354,92.7524601906603
STU_011355,67.43803721978455
STU_011356,84.00930991173905
STU_011357,68.99055964530581
STU_011358,95.49447371866266
STU_011359,99.80625915527344
STU_011360,99.98955307006835
STU_011361,67.53613576734297
STU_011362,78.36769536127989
STU_011363,99.88650283813476
STU_011364,89.99363196974744
STU_011365,66.92850477920543
STU_011366,87.02287292761076
STU_011367,72.24439430318311
STU_011368,84.23904804808532
STU_011369,69.24875347768173
STU_011370,83.6262758794775
STU_011371,67.57591786725895
STU_011372,94.5177370510432
STU_011373,64.98595013635214
STU_011374,76.47446551855207
STU_011375,88.04495767907589
STU_011376,48.892574241135264
STU_011377,99.87280502319337
STU_011378,85.97703127539603
STU_011379,84.47572404037851
STU_011380,73.82139246957156
STU_011381,60.98735669176939
STU_011382,81.18784159472807
STU_011383,94.88881296302772
STU_011384,70.29251716725807
STU_011385,80.6751272027019
STU_011386,68.58749868905367
STU_011387,55.18195123073524
STU_011388,60.9494405746493
STU_011389,58.01571630809711
STU_011390,89.43788206420052
STU_011391,55.9795942325278
STU_011392,72.55429370160121
STU_011393,72.86482671053454
STU_011394,80.63507043792728
STU_011395,84.30651397768264
STU_011396,89.55504052045693
STU_011397,66.97609255596069
STU_011398,99.90750579833986
STU_011399,73.58283171076296
STU_011400,70.51493730041481
STU_011401,73.12982799619026
STU_011402,76.01016807447623
STU_011403,80.0553856541002
STU_011404,99.7129280090332
STU_011405,82.75404527622443
STU_011406,85.36368933238181
STU_011407,97.97781619994716
STU_011408,74.03521278167231
STU_011409,86.04452434289175
STU_011410,73.0525032194902
STU_011411,95.86087803825012
STU_011412,72.82924957520659
STU_011413,62.77916750879804
STU_011414,91.29951548703949
STU_011415,74.24131472090728
STU_011416,97.64673102550066
STU_011417,78.48788812904169
STU_011418,60.19378794134194
STU_011419,71.7396093759648
STU_011420,92.6153963491407
STU_011421,91.46233265827865
STU_011422,75.12914488477482
STU_011423,62.907612020215026
STU_011424,71.6733886201613
STU_011425,68.77817044092035
STU_011426,99.84355697631835
STU_011427,64.45562052221482
STU_011428,92.36987218638062
STU_011429,73.85322831357306
STU_011430,73.34277498770376
STU_011431,77.29942483527564
STU_011432,68.21187704516657
STU_011433,94.8155700931965
STU_011434,95.15306571564773
STU_011435,71.44085951775168
STU_011436,90.1233451942551
STU_011437,61.68307303855004
STU_011438,66.1126975654102
STU_011439,75.05303005977969
STU_011440,69.41100705262625
STU_011441,75.48734625465357
STU_011442,74.54730483328517
STU_011443,70.84856956546936
STU_011444,75.7270642023695
STU_011445,68.54225364487124
STU_011446,58.713645521751374
STU_011447,92.44579929515331
STU_011448,62.088454587039124
STU_011449,70.33280877436223
STU_011450,79.7481810872387
STU_011451,81.99034969237549
STU_011452,73.72184807694556
STU_011453,74.26160691871016
STU_011454,64.59007919619569
STU_011455,50.5030457923126
STU_011456,91.30012449992532
STU_011457,68.67488696560483
STU_011458,97.80427921179687
STU_011459,72.1641332588351
STU_011460,83.79725021525127
STU_011461,77.70785475036568
STU_011462,83.24796281898395
STU_011463,79.98890890699204
STU_011464,74.75003852177791
STU_011465,66.00744357391399
STU_011466,81.4317957972761
STU_011467,72.65613081733508
STU_011468,61.971755152081236
STU_011469,71.44206681337135
STU_011470,96.12756911623967
STU_011471,60.29651715340847
STU_011472,69.78715764265245
STU_011473,77.73324895000498
STU_011474,90.61538723134507
STU_011475,87.40383113340889
STU_011476,97.16620943941265
STU_011477,99.52815261481156
STU_011478,49.29432050926403
STU_011479,65.07682167856152
STU_011480,99.07678604125977
STU_011481,71.6723937216107
STU_011482,59.02170290088084
STU_011483,96.35867551008275
STU_011484,74.73998210862128
STU_011485,76.57805902137909
STU_011486,58.48620779211159
STU_011487,78.25330414765966
STU_011488,73.75001318170321
STU_011489,73.38030023670763
STU_011490,82.92500412271698
STU_011491,57.151674422963055
STU_011492,80.92593297139535
STU_011493,96.19209880991133
STU_011494,85.14628955316572
STU_011495,83.04905922286238
STU_011496,94.7490084897579
STU_011497,73.4805287116565
STU_011498,75.15243657859538
STU_011499,80.57371179656893
STU_011500,75.16014177429477
STU_011501,64.23576212288214
STU_011502,49.48015888305714
STU_011503,88.21942492703096
STU_011504,59.84408118614324
STU_011505,71.11009895322644
STU_011506,56.67718039008943
STU_011507,69.09816424445788
STU_011508,83.86212562026589
STU_011509,67.94685440167628
STU_011510,81.02188670628031
STU_011511,97.43002101989634
STU_011512,50.75458484459146
STU_011513,79.43960910397765
STU_011514,80.58206656938964
STU_011515,65.58543877368699
STU_011516,80.84218189666859
STU_011517,88.39836855781492
STU_011518,98.67861628651858
STU_011519,61.91175138446237
STU_011520,45.69174831090409
STU_011521,48.58059370925086
STU_011522,99.91108932495118
STU_011523,75.51725368075226
STU_011524,87.22930963994789
STU_011525,99.60607524537542
STU_011526,87.32265287528193
STU_011527,89.32557780701737
STU_011528,87.28779235769062
STU_011529,82.09836704356378
STU_011530,63.33843715210143
STU_011531,77.52402476227212
STU_011532,74.36465767173253
STU_011533,75.18187898901373
STU_011534,75.90992993634738
STU_011535,68.06379484855665
STU_011536,57.178135321108634
STU_011537,53.25293457814436
STU_011538,70.77308232731113
STU_011539,70.64610150430146
STU_011540,77.16456749548247
STU_011541,80.69733028950884
STU_011542,61.39619912861349
STU_011543,80.9273934047586
STU_011544,84.43569255120941
STU_011545,92.1349941673438
STU_011546,59.787603164524505
STU_011547,94.01750053279746
STU_011548,82.05433504041261
STU_011549,61.64924784518192
STU_011550,81.19341879015744
STU_011551,75.12157185779785
STU_011552,54.192245537426444
STU_011553,75.7515757539719
STU_011554,81.88337604554525
STU_011555,84.79463851243439
STU_011556,99.86615982055665
STU_011557,58.06252855880918
STU_011558,99.95780334472656
STU_011559,94.05050270577631
STU_011560,96.81270936599431
STU_011561,66.81615740393309
STU_011562,99.21187330313614
STU_011563,96.107685712391
STU_011564,57.260337386999716
STU_011565,74.9729183062694
STU_011566,71.34347840540568
STU_011567,61.467782309030895
STU_011568,57.764834978283425
STU_011569,76.5515138962231
STU_011570,99.29342651367188
STU_011571,76.57122745365662
STU_011572,87.26833268017302
STU_011573,72.8389524121809
STU_011574,67.19349475605999
STU_011575,71.7372227214747
STU_011576,78.37018861982604
STU_011577,63.92011262615309
STU_011578,66.68418714114772
STU_011579,72.92213955272685
STU_011580,94.42501785169122
STU_011581,60.32627830988896
STU_011582,85.01625894369742
STU_011583,66.30222696048625
STU_011584,86.59999670881649
STU_011585,85.39052153254406
STU_011586,81.79688288780979
STU_011587,94.50555467094586
STU_011588,93.08671735414387
STU_011589,84.6713559617196
STU_011590,68.88163551551385
STU_011591,62.80627432237657
STU_011592,95.30997588453765
STU_011593,76.2963837496477
STU_011594,98.41195199995636
STU_011595,91.67231574417377
STU_011596,73.96956016513047
STU_011597,68.6924631832532
STU_011598,79.8133003343976
STU_011599,63.05243803184128
STU_011600,59.214602492852364
STU_011601,72.3526012941266
STU_011602,90.06088800792185
STU_011603,63.651852588924946
STU_011604,83.67574193369845
STU_011605,84.10177282584917
STU_011606,64.2529334726237
STU_011607,95.37002930101002
STU_011608,89.30945250493988
STU_011609,64.6186925330891
STU_011610,83.09285079622634
STU_011611,54.351189552026426
STU_011612,79.52506133179017
STU_011613,67.45529993958098
STU_011614,61.660274687586856
STU_011615,92.83108830226965
STU_011616,91.82263808729348
STU_011617,69.04249409179353
STU_011618,74.94867761106728
STU_011619,80.16364173925325
STU_011620,55.56686844028737
STU_011621,71.73763890696753
STU_011622,75.366390879704
STU_011623,56.976142957466806
STU_011624,88.90882521738689
STU_011625,99.59106683439093
STU_011626,80.39740747279859
STU_011627,66.52480921881595
STU_011628,64.78825875139839
STU_011629,68.52710622107244
STU_011630,97.17573087018602
STU_011631,51.82297434348921
STU_011632,60.44834838173422
STU_011633,99.8427635192871
STU_011634,46.43873663985134
STU_011635,92.05324850779292
STU_011636,64.35129771377876
STU_011637,75.82909973087239
STU_011638,83.01544840032463
STU_011639,89.06764902030953
STU_011640,91.28410361048225
STU_011641,77.23847570414763
STU_011642,77.60547978340273
STU_011643,61.22842053297359
STU_011644,92.4673750068483
STU_011645,98.49368700410622
STU_011646,78.12388752205976
STU_011647,76.39545821563604
STU_011648,77.50026234536008
STU_011649,87.5100043125274
STU_011650,91.32240524318772
STU_011651,66.43183561196591
STU_011652,58.14744361473147
STU_011653,99.92867355346681
STU_011654,65.1929037065814
STU_011655,73.63504107653239
STU_011656,58.245845260611226
STU_011657,36.62427788371838
STU_011658,99.62493591308595
STU_011659,63.98335729329854
STU_011660,80.86403622149714
STU_011661,99.92158813476563
STU_011662,84.18118050563605
STU_011663,93.95036680808045
STU_011664,91.86870428633273
STU_011665,64.29990836957576
STU_011666,71.45245709334087
STU_011667,60.33284038897273
STU_011668,75.76560570888364
STU_011669,62.50859614752616
STU_011670,89.33811117452105
STU_011671,75.68729653291079
STU_011672,93.07562674231616
STU_011673,72.46328955125784
STU_011674,63.63696716766447
STU_011675,90.33326682383961
STU_011676,73.20501932305815
STU_011677,79.42475131962603
STU_011678,51.121363941613076
STU_011679,97.99240925423112
STU_011680,88.68457467960087
STU_011681,98.10931636790056
STU_011682,46.49444652738137
STU_011683,72.84220857433621
STU_011684,61.904522428022005
STU_011685,57.57344196335606
STU_011686,74.26301684027787
STU_011687,90.9354537268791
STU_011688,87.35555452735483
STU_011689,70.95819128073542
STU_011690,75.50040001916871
STU_011691,98.06499791168997
STU_011692,78.77425712865025
STU_011693,86.93382407766697
STU_011694,92.3401036012418
STU_011695,93.106432925086
STU_011696,91.13916602561505
STU_011697,67.28332740459362
STU_011698,71.5213370190236
STU_011699,82.26912473183901
STU_011700,61.18027148530745
STU_011701,77.57944576985719
STU_011702,85.74919031185232
STU_011703,92.84039752281248
STU_011704,83.7124217488322
STU_011705,78.94599734598607
STU_011706,92.6192597972994
STU_011707,68.85947666686761
STU_011708,72.05446750820974
STU_011709,85.09830938747007
STU_011710,81.1690368372444
STU_011711,81.75289031636744
STU_011712,55.86363773291855
STU_011713,94.3524184686548
STU_011714,77.9137542060169
STU_011715,84.13438134847571
STU_011716,83.59184799025446
STU_011717,73.37320461497268
STU_011718,85.41726310786113
STU_011719,76.48511602123014
STU_011720,98.24532066816604
STU_011721,63.16002199783742
STU_011722,65.51056890208335
STU_011723,72.3196268450124
STU_011724,92.41642325531996
STU_011725,77.385826741007
STU_011726,53.857567878239095
STU_011727,60.49016238727595
STU_011728,56.2847671792865
STU_011729,77.37251805081672
STU_011730,73.52986054238998
STU_011731,97.51773161394107
STU_011732,87.21445206589044
STU_011733,80.44801263224906
STU_011734,91.91240812761384
STU_011735,78.9213672172223
STU_011736,68.64953836321223
STU_011737,67.70583951590855
STU_011738,90.99382762152783
STU_011739,90.27460473364187
STU_011740,85.4649620667812
STU_011741,79.19340501520882
STU_011742,64.04193181804644
STU_011743,55.372009688615286
STU_011744,75.17825479006086
STU_011745,64.66145389807659
STU_011746,72.79116233751635
STU_011747,87.88657073654684
STU_011748,72.19255119148038
STU_011749,72.47641686367234
STU_011750,97.11781352842942
STU_011751,68.62181251317173
STU_011752,68.50203294887501
STU_011753,47.83284321094871
STU_011754,81.73097200017398
STU_011755,78.07679964020359
STU_011756,82.6155636723644
STU_011757,76.2547072591212
STU_011758,98.08831169301826
STU_011759,73.30714435575713
STU_011760,85.47077649143299
STU_011761,89.23661451361437
STU_011762,75.5053224160209
STU_011763,79.91026803576318
STU_011764,66.03591674955699
STU_011765,80.1921181092606
STU_011766,48.486867042231154
STU_011767,63.225997252221404
STU_011768,88.03059832117944
STU_011769,63.58932391369859
STU_011770,97.74869360027509
STU_011771,65.94065731007072
STU_011772,62.091816956397835
STU_011773,62.383133626299106
STU_011774,63.34589313659964
STU_011775,81.0148967876546
STU_011776,68.22941412786759
STU_011777,75.24140197245842
STU_011778,91.28954198219178
STU_011779,80.87108543657955
STU_011780,72.15050659270004
STU_011781,57.922442596818044
STU_011782,87.85535513440061
STU_011783,75.36495883098662
STU_011784,73.54916212738826
STU_011785,66.42828660416136
STU_011786,81.15407549206918
STU_011787,66.91203452601974
STU_011788,69.88578383694977
STU_011789,61.109746056267994
STU_011790,81.52647871822683
STU_011791,92.64857775229063
STU_011792,80.72193859623069
STU_011793,62.05611556495515
STU_011794,57.226850885384195
STU_011795,60.300534532529284
STU_011796,98.62531191154639
STU_011797,63.719427211739124
STU_011798,67.44111772443561
STU_011799,99.90526733398437
STU_011800,67.98344741014249
STU_011801,86.98799434709554
STU_011802,89.82848457230156
STU_011803,69.15927259106968
STU_011804,70.43298350846474
STU_011805,67.67130929101407
STU_011806,69.51304788434638
STU_011807,83.67568256191602
STU_011808,91.47400370837866
STU_011809,92.55015729497586
STU_011810,90.80145188384543
STU_011811,91.04675864016696
STU_011812,68.53510621480758
STU_011813,72.01876576539047
STU_011814,94.43477375190642
STU_011815,68.71676562556412
STU_011816,74.4163673020362
STU_011817,96.10987180740412
STU_011818,76.45635499031694
STU_011819,73.70458873613909
STU_011820,71.89971504062308
STU_011821,73.61453535143757
STU_011822,99.67609024047852
STU_011823,71.88179565766725
STU_011824,72.58582699994378
STU_011825,80.77769546965902
STU_011826,69.5770899373859
STU_011827,74.56254093094043
STU_011828,74.05840416612193
STU_011829,74.2686696118389
STU_011830,64.8763401148888
STU_011831,65.00032248083758
STU_011832,67.84666389968478
STU_011833,64.82020747176341
STU_011834,61.887201016811424
STU_011835,78.66566918449558
STU_011836,74.91885110444304
STU_011837,72.59463565933555
STU_011838,66.84472064567944
STU_011839,89.2578785275991
STU_011840,82.53598956749963
STU_011841,78.78834512375711
STU_011842,58.72375842188766
STU_011843,56.9261338170398
STU_011844,88.37894866466823
STU_011845,67.81620919357414
STU_011846,90.07674213547241
STU_011847,72.9579429504976
STU_011848,98.16241998730301
STU_011849,74.55996545759609
STU_011850,69.26583055681684
STU_011851,92.09897203343195
STU_011852,88.86966926978897
STU_011853,84.88674032457884
STU_011854,72.73572740339132
STU_011855,88.59243528998508
STU_011856,84.57217648098012
STU_011857,79.3342526471819
STU_011858,81.93432980712407
STU_011859,74.50008056127785
STU_011860,74.54390801919692
STU_011861,67.31244603552949
STU_011862,69.66997174786002
STU_011863,98.84730073974178
STU_011864,50.269291592280524
STU_011865,84.49053492562248
STU_011866,61.37050229496825
STU_011867,85.58664981953024
STU_011868,83.79045366486818
STU_011869,73.99983837084976
STU_011870,92.98618212442523
STU_011871,64.0716287565933
STU_011872,66.74959252740189
STU_011873,81.14281960655497
STU_011874,66.48149000196192
STU_011875,59.17689454722498
STU_011876,69.86100536920404
STU_011877,92.62987226762601
STU_011878,55.358256050851985
STU_011879,78.66863310915917
STU_011880,61.28662695216467
STU_011881,57.442584597649684
STU_011882,86.02644826259422
STU_011883,55.303665490046015
STU_011884,68.11142434940834
STU_011885,60.28905195095247
STU_011886,67.98485669470303
STU_011887,77.55308486982545
STU_011888,79.34456196138404
STU_011889,42.47931851403362
STU_011890,59.64394930097597
STU_011891,85.00191080056645
STU_011892,99.91228942871095
STU_011893,91.84244048828239
STU_011894,73.11619886320027
STU_011895,93.83610904016695
STU_011896,56.89230888494116
STU_011897,70.44066457991013
STU_011898,99.76236114501953
STU_011899,59.19809714842033
STU_011900,77.98437960954345
STU_011901,77.17205851535475
STU_011902,52.00647232152613
STU_011903,73.05666073971521
STU_011904,81.38213442227246
STU_011905,70.01118751145964
STU_011906,80.37663905697941
STU_011907,86.36483643512938
STU_011908,96.46028813028028
STU_011909,49.67088750351564
STU_011910,86.82817396450933
STU_011911,72.44126613667326
STU_011912,91.75696327858026
STU_011913,72.86975340694707
STU_011914,89.88612551930466
STU_011915,83.00382584104798
STU_011916,68.07064427111334
STU_011917,86.9453452440751
STU_011918,77.68790961141717
STU_011919,99.70936813354493
STU_011920,74.57652010030586
STU_011921,71.40989447817533
STU_011922,80.4345689486242
STU_011923,63.138546604663674
STU_011924,71.07349009100298
STU_011925,39.74627289088299
STU_011926,72.32829788521704
STU_011927,71.29557184398692
STU_011928,71.84913404980679
STU_011929,79.13756444382665
STU_011930,85.22058700022554
STU_011931,88.5948495162707
STU_011932,66.29468565555234
STU_011933,53.455102385560124
STU_011934,84.06592491541429
STU_011935,56.36875110920042
STU_011936,92.33605700387514
STU_011937,68.08312090913225
STU_011938,54.292448876824864
STU_011939,94.77008089112869
STU_011940,80.3887506907011
STU_011941,81.49551698080367
STU_011942,93.20669249348916
STU_011943,71.84268144637625
STU_011944,66.91498520368674
STU_011945,75.97234721687651
STU_011946,98.62754110345301
STU_011947,84.62517253275402
STU_011948,60.528523535413285
STU_011949,80.51196560294733
STU_011950,75.89540552453761
STU_011951,94.46013671946292
STU_011952,66.98856837591694
STU_011953,54.42581649614536
STU_011954,91.04320453384358
STU_011955,60.12945140656753
STU_011956,93.59180572454049
STU_011957,61.45337897192639
STU_011958,97.20744331839008
STU_011959,77.60485616385017
STU_011960,89.99376924697776
STU_011961,93.4629606187683
STU_011962,77.64400481083464
STU_011963,91.81654792553917
STU_011964,72.04878985054096
STU_011965,75.7932496298154
STU_011966,94.01303461187143
STU_011967,53.91634359416777
STU_011968,89.66640818275118
STU_011969,56.05651394535184
STU_011970,81.85522065522676
STU_011971,51.631728604414036
STU_011972,89.50165221950613
STU_011973,66.7026355422457
STU_011974,97.32494892594632
STU_011975,73.84366959319792
STU_011976,65.79291920256651
STU_011977,84.55972059748659
STU_011978,63.84989782574391
STU_011979,76.75535039918195
STU_011980,79.51774976805926
STU_011981,79.71703891159908
STU_011982,97.1943352945288
STU_011983,68.1818817166851
STU_011984,83.50444384672193
STU_011985,80.6092084279949
STU_011986,70.98481496883305
STU_011987,58.947821458281005
STU_011988,78.3566951361503
STU_011989,72.99287938955813
STU_011990,92.94176968068061
STU_011991,63.01529719941671
STU_011992,42.70288189793305
STU_011993,74.19374875406153
STU_011994,64.16542845766173
STU_011995,74.73033863340929
STU_011996,70.50892872023633
STU_011997,89.39894915258856
STU_011998,94.50762679355583
STU_011999,99.81577606201172
STU_012000,89.20075462061337
STU_012001,90.66151622400137
STU_012002,73.06692128943124
STU_012003,77.1714707168436
STU_012004,69.37769820758407
STU_012005,77.68478421766716
STU_012006,93.00591291317248
STU_012007,62.01458949661312
STU_012008,76.5380879668006
STU_012009,71.03236741244703
STU_012010,40.35593240555902
STU_012011,60.88769305796863
STU_012012,73.1476854410682
STU_012013,70.09390441735587
STU_012014,51.72515337309288
STU_012015,66.45636361841443
STU_012016,51.46116265471167
STU_012017,77.11196939594406
STU_012018,89.15613673836349
STU_012019,97.23798961408963
STU_012020,56.3047439263412
STU_012021,66.31979476318
STU_012022,72.7420092584204
STU_012023,76.78193258730148
STU_012024,96.3945997964168
STU_012025,88.18652668062768
STU_012026,62.82140609784068
STU_012027,92.44243985320318
STU_012028,95.00580215682973
STU_012029,61.133739253296184
STU_012030,87.17311511801668
STU_012031,93.66066008214861
STU_012032,65.51633661504596
STU_012033,69.580881155886
STU_012034,96.6386234532065
STU_012035,68.92093059794763
STU_012036,68.64778682519803
STU_012037,81.746336070075
STU_012038,63.0166382389438
STU_012039,69.07355313626786
STU_012040,97.25259355552866
STU_012041,72.25667295653028
STU_012042,90.29330937525373
STU_012043,72.72560616983763
STU_012044,74.8149006884544
STU_012045,53.64027081076722
STU_012046,82.76870397539838
STU_012047,97.90452119076147
STU_012048,55.68179672052269
STU_012049,76.49527169837519
STU_012050,76.73345886214727
STU_012051,34.11023791641588
STU_012052,85.22484341906629
STU_012053,82.09436927641855
STU_012054,70.69567690910961
STU_012055,77.99708683497366
STU_012056,96.35517262283378
STU_012057,89.47211836441755
STU_012058,63.82874182802261
STU_012059,56.82957520929972
STU_012060,72.28321924443642
STU_012061,61.60976746650558
STU_012062,92.42997453531724
STU_012063,55.30807126081734
STU_012064,64.07461373203077
STU_012065,87.4470743845653
STU_012066,76.81568423607398
STU_012067,81.48758908570227
STU_012068,65.52226479608154
STU_012069,66.50947497299278
STU_012070,85.67527602164925
STU_012071,75.12402174527766
STU_012072,73.6591047141237
STU_012073,91.32153847028894
STU_012074,85.24713596887938
STU_012075,48.88963123358752
STU_012076,66.77592785425429
STU_012077,65.60433725856568
STU_012078,70.38143309272823
STU_012079,77.27880420414252
STU_012080,73.84920470226167
STU_012081,50.96094197072047
STU_012082,91.53094838579835
STU_012083,69.49616204531782
STU_012084,77.07892585504956
STU_012085,97.60337659360479
STU_012086,81.71176874140802
STU_012087,77.79768698076373
STU_012088,75.69207909925998
STU_012089,75.48157303544475
STU_012090,94.98421237488606
STU_012091,86.1803526997127
STU_012092,77.8894303854994
STU_012093,75.32694233907327
STU_012094,82.37790766236213
STU_012095,62.85390039038986
STU_012096,78.19700846816215
STU_012097,79.12119609640736
STU_012098,61.762439532115124
STU_012099,76.58961320507795
STU_012100,89.71076246932975
STU_012101,93.64579489546854
STU_012102,66.24213968772108
STU_012103,77.03861866346459
STU_012104,58.173554780259686
STU_012105,83.18197007979046
STU_012106,91.23433558471174
STU_012107,79.69678922634291
STU_012108,90.24376862739646
STU_012109,72.25256111952919
STU_012110,71.40715778366342
STU_012111,47.813878641333055
STU_012112,82.44382524139172
STU_012113,92.50748041520927
STU_012114,67.5418635558071
STU_012115,71.90888497011264
STU_012116,74.96659221739992
STU_012117,95.21028261214093
STU_012118,65.87021967454004
STU_012119,92.57957560889932
STU_012120,62.5024831155488
STU_012121,71.18242322325906
STU_012122,67.35890099510027
STU_012123,82.35640155491402
STU_012124,67.14235609460384
STU_012125,78.91327580539698
STU_012126,72.31098877876923
STU_012127,74.26637013710781
STU_012128,75.25241966642929
STU_012129,74.24846605339012
STU_012130,65.59179293514784
STU_012131,48.958146595219716
STU_012132,81.77451737988652
STU_012133,79.54713306146161
STU_012134,61.1228683344042
STU_012135,65.7707382977832
STU_012136,54.13638085366195
STU_012137,67.60857880046461
STU_012138,56.94391340485646
STU_012139,67.4855834659945
STU_012140,76.73484802279286
STU_012141,62.78236544655563
STU_012142,79.32053025040139
STU_012143,99.93707962036133
STU_012144,83.40851630562688
STU_012145,75.55001787315881
STU_012146,79.29519380219055
STU_012147,65.82911507148933
STU_012148,74.79598901657899
STU_012149,82.74825649140288
STU_012150,79.23965406112787
STU_012151,81.11248025180574
STU_012152,54.43171922572718
STU_012153,71.82772106993119
STU_012154,82.02531457747111
STU_012155,62.353801389698425
STU_012156,72.51041034567214
STU_012157,79.66496723958664
STU_012158,86.02110569200786
STU_012159,84.02354308209883
STU_012160,94.93173896152234
STU_012161,95.39463333132845
STU_012162,84.11239591578027
STU_012163,99.61097778927737
STU_012164,39.58217912583578
STU_012165,71.31382061416284
STU_012166,64.11905710542558
STU_012167,93.86757076613931
STU_012168,56.156623103584415
STU_012169,60.13981729207933
STU_012170,65.04501271405441
STU_012171,79.87590293760127
STU_012172,92.27530386363826
STU_012173,93.36081115119555
STU_012174,83.22369420330403
STU_012175,84.49360020589083
STU_012176,70.68570272792824
STU_012177,73.95052963745218
STU_012178,87.92968201981023
STU_012179,70.55234671656274
STU_012180,82.40176952120174
STU_012181,95.6667514742104
STU_012182,74.99987679524355
STU_012183,91.73622639539968
STU_012184,73.3908769860899
STU_012185,73.86139415360078
STU_012186,91.87954933345462
STU_012187,47.72218376584728
STU_012188,62.81122268768809
STU_012189,60.86988171287594
STU_012190,91.40461355858574
STU_012191,74.94061515745692
STU_012192,71.85429979428241
STU_012193,66.25549875276371
STU_012194,81.03719100389962
STU_012195,69.43880816172518
STU_012196,45.3386788150525
STU_012197,90.65939781428968
STU_012198,67.78439729912029
STU_012199,82.92484106189589
STU_012200,54.20138000521822
STU_012201,70.50346272450997
STU_012202,84.03125396085497
STU_012203,87.59540992794115
STU_012204,70.61394245820287
STU_012205,73.59495614666054
STU_012206,87.00594222313828
STU_012207,93.16153238134146
STU_012208,76.42322520650917
STU_012209,57.31104601371748
STU_012210,76.5895863973557
STU_012211,79.13607697634234
STU_012212,71.487590354064
STU_012213,84.93347337213318
STU_012214,65.73589899669436
STU_012215,63.30737197277222
STU_012216,85.8997827820456
STU_012217,94.5800885278704
STU_012218,99.60798416137695
STU_012219,69.68056932906207
STU_012220,60.58139107089825
STU_012221,79.95302695398053
STU_012222,67.22355855399408
STU_012223,63.165435326457676
STU_012224,68.6009453245441
STU_012225,91.29045252670144
STU_012226,72.67982708162535
STU_012227,74.04780809741523
STU_012228,64.93784442408774
STU_012229,83.3509419162624
STU_012230,85.7445963040627
STU_012231,63.79870344665581
STU_012232,79.61055646752519
STU_012233,82.72157492243906
STU_012234,65.69945514254104
STU_012235,68.71961131167049
STU_012236,99.77867528361159
STU_012237,68.51176752986068
STU_012238,65.07588104443003
STU_012239,73.31528580735889
STU_012240,72.62471770759127
STU_012241,91.2215201734981
STU_012242,74.77780060762721
STU_012243,49.7730206957916
STU_012244,58.29515551137757
STU_012245,74.96630157835571
STU_012246,62.03613977076748
STU_012247,56.72662080049986
STU_012248,92.53149075597682
STU_012249,84.93880600847174
STU_012250,87.11532929191239
STU_012251,70.96168761748412
STU_012252,62.73491406555986
STU_012253,56.40145086592989
STU_012254,49.20468444535095
STU_012255,81.448946671692
STU_012256,69.14348612136183
STU_012257,82.67491249644442
STU_012258,72.66908742816115
STU_012259,79.3840072413499
STU_012260,86.29248639116592
STU_012261,86.33114226511141
STU_012262,83.93129741818063
STU_012263,66.92105001228599
STU_012264,62.43842453697887
STU_012265,64.81746180776011
STU_012266,97.54540389422661
STU_012267,92.94131477541865
STU_012268,51.043495018606386
STU_012269,82.63477865550621
STU_012270,69.12752750956864
STU_012271,74.3838846666749
STU_012272,73.00448070857331
STU_012273,69.221843545622
STU_012274,62.23141282526993
STU_012275,92.38317988177167
STU_012276,70.7439083390896
STU_012277,75.33257504474017
STU_012278,66.37127593109652
STU_012279,77.0108366266858
STU_012280,72.71738372391667
STU_012281,54.943462365726965
STU_012282,94.3862430933824
STU_012283,91.80924044495893
STU_012284,66.51884181912453
STU_012285,75.6482427649373
STU_012286,76.41652701474544
STU_012287,95.83900124901871
STU_012288,80.43899786758345
STU_012289,91.85202953614633
STU_012290,83.17437523223029
STU_012291,66.33779124009646
STU_012292,78.05023576019515
STU_012293,69.26602188109877
STU_012294,88.8116609001024
STU_012295,77.40855884271667
STU_012296,78.28034434583766
STU_012297,73.68496012232285
STU_012298,69.57848262670419
STU_012299,87.71280384619385
STU_012300,54.86563602025641
STU_012301,87.55937465264978
STU_012302,80.12477567410315
STU_012303,61.51048306085875
STU_012304,49.47681969054203
STU_012305,98.8848371684092
STU_012306,70.22293010127603
STU_012307,69.85337028093835
STU_012308,86.74439285947881
STU_012309,69.42047730966276
STU_012310,73.38937136862192
STU_012311,80.17097252521475
STU_012312,57.40680478474252
STU_012313,72.68017650651971
STU_012314,99.03285689154647
STU_012315,88.36965959240575
STU_012316,73.47913722626832
STU_012317,99.69611511230468
STU_012318,82.73934653348789
STU_012319,79.40022530872163
STU_012320,61.547938119630444
STU_012321,64.28140641930537
STU_012322,92.55270298420643
STU_012323,60.32269133674133
STU_012324,86.90223421198709
STU_012325,65.74810243393622
STU_012326,73.72205530221906
STU_012327,61.132702107196025
STU_012328,61.89478104612959
STU_012329,96.22729004185878
STU_012330,89.77329425138961
STU_012331,84.31717867055448
STU_012332,67.96212176198986
STU_012333,86.23860179565392
STU_012334,73.0415886859146
STU_012335,67.41547934065179
STU_012336,91.97273134383866
STU_012337,92.8094683124286
STU_012338,64.65705956669538
STU_012339,86.17833510233709
STU_012340,64.32300129346942
STU_012341,53.821664739872205
STU_012342,90.5871481320994
STU_012343,87.87597904245794
STU_012344,60.57938858918759
STU_012345,66.35413852323666
STU_012346,71.7251985671607
STU_012347,95.22011460434024
STU_012348,78.60338008786366
STU_012349,67.51300481586951
STU_012350,81.56780296753053
STU_012351,87.48333554303264
STU_012352,85.40076553776473
STU_012353,95.6091585185255
STU_012354,57.27770344622681
STU_012355,86.70443886067152
STU_012356,84.11615779923216
STU_012357,69.44992529416618
STU_012358,97.55850866569216
STU_012359,85.166333574155
STU_012360,73.68655190130428
STU_012361,62.41414923136167
STU_012362,82.10424197243853
STU_012363,77.4775145782589
STU_012364,83.14819117689449
STU_012365,63.92678293115375
STU_012366,86.19017962844771
STU_012367,76.41366184937482
STU_012368,61.08586969880315
STU_012369,74.95253955953086
STU_012370,99.91087341308594
STU_012371,73.53721376046948
STU_012372,87.47374963592591
STU_012373,72.91425390500756
STU_012374,72.53015849451093
STU_012375,63.048521994695996
STU_012376,82.00587667822586
STU_012377,87.28457583104418
STU_012378,72.54303488280962
STU_012379,72.60241046809706
STU_012380,95.97633495083443
STU_012381,99.91286849975586
STU_012382,66.28017017062517
STU_012383,82.76850123198523
STU_012384,99.09108238692623
STU_012385,91.26276475256054
STU_012386,80.45826710749867
STU_012387,82.46737071098329
STU_012388,83.54781391132096
STU_012389,99.30925058591012
STU_012390,74.38044987623624
STU_012391,49.175159333106365
STU_012392,78.41459025995077
STU_012393,66.03552390718521
STU_012394,69.37219571866271
STU_012395,83.7484517656929
STU_012396,82.39174368546969
STU_012397,72.95605057070726
STU_012398,83.33796721405918
STU_012399,77.20188423026258
STU_012400,79.166974361428
STU_012401,91.13850796277984
STU_012402,99.89793243408204
STU_012403,47.02340914893398
STU_012404,74.80637755174725
STU_012405,61.87200504228683
STU_012406,65.06244112377114
STU_012407,93.54776242695284
STU_012408,83.42457683323534
STU_012409,67.79369764191631
STU_012410,43.81012082364531
STU_012411,92.87024106825777
STU_012412,72.29322505198289
STU_012413,55.799942866539396
STU_012414,97.95890443650524
STU_012415,88.38960838482083
STU_012416,92.5156069009723
STU_012417,56.96336952755591
STU_012418,86.79664872215133
STU_012419,70.7488554477756
STU_012420,54.248797418943894
STU_012421,68.99244555528263
STU_012422,84.6672303005104
STU_012423,78.69624745931785
STU_012424,86.08220245763138
STU_012425,51.06324641207155
STU_012426,83.6359707112671
STU_012427,66.07198440747531
STU_012428,85.98540679631449
STU_012429,57.21448456971132
STU_012430,71.96679595234029
STU_012431,68.21202204485867
STU_012432,57.393292387654185
STU_012433,53.77869451023106
STU_012434,90.94807422683076
STU_012435,66.5736114185889
STU_012436,71.3996227746895
STU_012437,90.21553618314749
STU_012438,56.657098241601645
STU_012439,77.77875954522416
STU_012440,73.21174541594044
STU_012441,94.72644503218376
STU_012442,99.69729156494141
STU_012443,63.53843451286869
STU_012444,88.60079342274852
STU_012445,69.12879080869038
STU_012446,85.77208772275631
STU_012447,92.22558008237291
STU_012448,72.93797330636826
STU_012449,80.99212387263191
STU_012450,70.9462271770578
STU_012451,84.78995665065631
STU_012452,80.15323034466468
STU_012453,96.39035798355465
STU_012454,87.01909773405055
STU_012455,73.53473018940898
STU_012456,93.20330718714447
STU_012457,66.73688250143941
STU_012458,82.41041302097102
STU_012459,56.276057955205886
STU_012460,84.4183952547968
STU_012461,74.28712798735705
STU_012462,70.1921163801666
STU_012463,83.56753122191205
STU_012464,76.26021005389974
STU_012465,75.19357360754154
STU_012466,67.61067159418629
STU_012467,75.68227410938209
STU_012468,85.9820609003421
STU_012469,88.928773291146
STU_012470,51.302976686407504
STU_012471,52.70477396681869
STU_012472,97.68838030350801
STU_012473,73.58864956862305
STU_012474,63.63024464811342
STU_012475,68.81529771592997
STU_012476,47.929566162035286
STU_012477,98.8589404974471
STU_012478,72.6825717951527
STU_012479,63.59025370157864
STU_012480,77.28806217805514
STU_012481,90.42300729588113
STU_012482,70.37612918332663
STU_012483,61.51064554144076
STU_012484,67.61479612368481
STU_012485,77.40035015215125
STU_012486,75.43261298902928
STU_012487,66.72622093266959
STU_012488,73.17443867023925
STU_012489,81.15274278781052
STU_012490,92.69137595249754
STU_012491,59.451467629847286
STU_012492,60.37961585682583
STU_012493,57.954854240325325
STU_012494,72.39122415799787
STU_012495,73.50320640798867
STU_012496,80.58087902548039
STU_012497,90.77106087870943
STU_012498,69.9551306871004
STU_012499,75.47354291951649
STU_012500,82.87237188773706
STU_012501,95.32790189720778
STU_012502,83.23671643960597
STU_012503,85.7412396778261
STU_012504,75.62727287958555
STU_012505,83.07542413998053
STU_012506,67.37840428005802
STU_012507,85.04938915169318
STU_012508,68.36085881763549
STU_012509,84.37260708504496
STU_012510,75.10468807442541
STU_012511,76.47227601933017
STU_012512,80.22717486354348
STU_012513,69.91762202605483
STU_012514,99.82628479003907
STU_012515,90.47236013819293
STU_012516,80.92033312391894
STU_012517,99.78310852050782
STU_012518,55.25439987731788
STU_012519,76.59761823262674
STU_012520,71.5207519570982
STU_012521,95.65234629450363
STU_012522,98.72639699149468
STU_012523,81.40912791723979
STU_012524,98.58735473399119
STU_012525,92.8577906913145
STU_012526,97.87622090200868
STU_012527,90.12279135645764
STU_012528,62.12989313607228
STU_012529,99.19644918963112
STU_012530,77.69188617718231
STU_012531,77.21240840168036
STU_012532,70.33000024192326
STU_012533,86.77218125922658
STU_012534,55.96819639064793
STU_012535,84.52641195639947
STU_012536,71.16997518480235
STU_012537,52.27705149591123
STU_012538,62.45067969527984
STU_012539,87.55832381860267
STU_012540,70.2215217454536
STU_012541,99.8817855834961
STU_012542,99.56832006204885
STU_012543,72.86346804152852
STU_012544,80.2745685849404
STU_012545,68.25120186291063
STU_012546,76.2769163728577
STU_012547,99.80877151489258
STU_012548,48.45518808552956
STU_012549,72.56549700027657
STU_012550,93.07855871723427
STU_012551,93.25647573250153
STU_012552,73.8823521332449
STU_012553,80.81410412370303
STU_012554,64.91912147654696
STU_012555,50.38556117817633
STU_012556,62.37617639297393
STU_012557,80.94865602448354
STU_012558,67.23291041914447
STU_012559,93.15596871272234
STU_012560,70.54834102672405
STU_012561,59.61977576579157
STU_012562,65.84519638186609
STU_012563,81.50582796229915
STU_012564,91.31159043820332
STU_012565,99.91941986083984
STU_012566,76.65793742983755
STU_012567,63.8972857860409
STU_012568,98.51953379590319
STU_012569,66.26932844878303
STU_012570,52.42732601634699
STU_012571,54.83829982396357
STU_012572,52.68857094800897
STU_012573,75.8198754210576
STU_012574,62.509683445928694
STU_012575,67.77022594728406
STU_012576,74.86725288280644
STU_012577,99.63099975585938
STU_012578,50.216454384352986
STU_012579,76.80827445984453
STU_012580,69.07755893149168
STU_012581,64.17015897057257
STU_012582,71.26207074220622
STU_012583,61.747529518963034
STU_012584,60.26265100781899
STU_012585,70.68069052028935
STU_012586,71.39701614706239
STU_012587,71.56981370861088
STU_012588,67.67657580975532
STU_012589,47.873172375935205
STU_012590,66.32140249743446
STU_012591,70.09923592556727
STU_012592,97.38705872241664
STU_012593,97.57845643915515
STU_012594,47.97397704827158
STU_012595,60.84913500712359
STU_012596,81.32416425724311
STU_012597,70.9945464676483
STU_012598,69.64334855561529
STU_012599,71.41426186208074
STU_012600,70.28553552689412
STU_012601,73.5258816067817
STU_012602,66.15219325733673
STU_012603,91.16188626173299
STU_012604,78.23238527887224
STU_012605,75.9010083977939
STU_012606,69.93744108435094
STU_012607,58.49178032207663
STU_012608,82.34331869778181
STU_012609,60.77106398831114
STU_012610,74.51252134886934
STU_012611,69.51103462062659
STU_012612,62.51403914449253
STU_012613,94.84121796440255
STU_012614,72.96033911939571
STU_012615,75.26176981002331
STU_012616,82.2926802453359
STU_012617,58.85987617469177
STU_012618,89.78403423397052
STU_012619,80.98219859129779
STU_012620,75.50688827599943
STU_012621,90.54015450463035
STU_012622,90.55129699990493
STU_012623,92.03179696236627
STU_012624,84.01280351607392
STU_012625,88.78913180925838
STU_012626,91.51878822001305
STU_012627,84.88352444337717
STU_012628,72.06819810796213
STU_012629,81.41650500923939
STU_012630,69.56821446956593
STU_012631,68.68079977616266
STU_012632,65.63001047182352
STU_012633,75.70596360687517
STU_012634,91.08623605860956
STU_012635,77.14908418463078
STU_012636,73.6686831925592
STU_012637,79.39436365062838
STU_012638,83.78765255749965
STU_012639,94.0707377539196
STU_012640,83.02070544532498
STU_012641,68.17828076243353
STU_012642,65.03203430613794
STU_012643,80.40955828152141
STU_012644,82.20599996772354
STU_012645,54.34552155183154
STU_012646,89.70618785393269
STU_012647,82.00368334590166
STU_012648,67.40039046298469
STU_012649,78.91836261985128
STU_012650,81.3994447176713
STU_012651,77.45222677699668
STU_012652,98.96589888989736
STU_012653,90.76691556714917
STU_012654,81.0537392903048
STU_012655,72.74633718977219
STU_012656,78.59645905566899
STU_012657,96.69441279538648
STU_012658,88.72422110477235
STU_012659,82.02473379854916
STU_012660,75.30845961028042
STU_012661,91.80580572801497
STU_012662,93.50553553631445
STU_012663,68.32980436972757
STU_012664,52.623660952829425
STU_012665,91.03695772899627
STU_012666,60.15058126966634
STU_012667,81.57842406264254
STU_012668,74.05401819732333
STU_012669,64.01473633496377
STU_012670,61.0403593658839
STU_012671,69.62092346620531
STU_012672,62.65328017505731
STU_012673,56.703889283159825
STU_012674,61.91054692909054
STU_012675,72.40272703873363
STU_012676,96.43987851043502
STU_012677,58.98830452589438
STU_012678,70.30122567455612
STU_012679,75.90674596625868
STU_012680,75.11542177764315
STU_012681,72.44847993127223
STU_012682,87.37089035162472
STU_012683,79.25236994484246
STU_012684,85.1789133592275
STU_012685,95.43560202823309
STU_012686,68.48588322282512
STU_012687,80.20905178652058
STU_012688,83.95973966470248
STU_012689,69.60928390045359
STU_012690,63.02362178141704
STU_012691,78.89899294127986
STU_012692,79.27092008807244
STU_012693,84.56383500644444
STU_012694,60.43664160014016
STU_012695,69.55355377835619
STU_012696,63.44858753915199
STU_012697,81.12347166691879
STU_012698,62.99004871441802
STU_012699,77.39175292918517
STU_012700,67.94589066420536
STU_012701,99.94022216796876
STU_012702,75.47278096030402
STU_012703,68.66697166243384
STU_012704,70.75037626570594
STU_012705,63.09286092120894
STU_012706,74.20944449572762
STU_012707,98.80437975708588
STU_012708,54.67010095656654
STU_012709,65.11152477060935
STU_012710,94.71113186264313
STU_012711,67.08678386646045
STU_012712,66.73323442029083
STU_012713,64.56457974399014
STU_012714,88.7191077567334
STU_012715,71.06789206840969
STU_012716,78.65863857024335
STU_012717,67.48955745961396
STU_012718,84.98138473531687
STU_012719,61.13745858483951
STU_012720,80.21309022392293
STU_012721,75.43430227706992
STU_012722,48.082560780474836
STU_012723,80.50617510075386
STU_012724,90.74811545981163
STU_012725,59.858750451953696
STU_012726,54.52562647205182
STU_012727,63.02991696688731
STU_012728,86.1717720317587
STU_012729,63.09022775419211
STU_012730,85.46168951170364
STU_012731,99.77998425591773
STU_012732,81.597839423821
STU_012733,53.667965538742834
STU_012734,84.1359544068781
STU_012735,62.275587261886294
STU_012736,99.9808448791504
STU_012737,73.14140121508245
STU_012738,77.80045427541398
STU_012739,80.6050365981009
STU_012740,88.34643039588185
STU_012741,48.16779330401424
STU_012742,67.05110870275867
STU_012743,77.69319623459846
STU_012744,80.33907946405239
STU_012745,60.774374499537785
STU_012746,83.56352114989852
STU_012747,62.68893707855452
STU_012748,92.17831049698137
STU_012749,84.52045124371608
STU_012750,68.20683559666172
STU_012751,52.21042332652461
STU_012752,73.59237847649881
STU_012753,69.37626148498126
STU_012754,59.94058935847094
STU_012755,89.5894355308418
STU_012756,61.90176359743376
STU_012757,47.541847825774184
STU_012758,88.18732149152196
STU_012759,59.01241621937584
STU_012760,76.45437536346776
STU_012761,58.65615471557493
STU_012762,86.18529995099445
STU_012763,98.29773768732038
STU_012764,96.97762602393703
STU_012765,88.22651762054645
STU_012766,62.32310750413061
STU_012767,94.85208397035845
STU_012768,87.53514392711645
STU_012769,73.88939515690208
STU_012770,53.98638759125804
STU_012771,54.68565014847037
STU_012772,99.6288917541504
STU_012773,62.72985911942031
STU_012774,75.6786816987132
STU_012775,65.23287192814023
STU_012776,78.15385674741276
STU_012777,48.600002099208616
STU_012778,71.29455297570998
STU_012779,73.66105740065285
STU_012780,72.53648416392137
STU_012781,85.27538751196568
STU_012782,52.950241703345924
STU_012783,99.06570885613331
STU_012784,51.677352093184325
STU_012785,73.37153469921783
STU_012786,50.93826714303886
STU_012787,66.07541336380825
STU_012788,92.82564020489578
STU_012789,75.58021448530656
STU_012790,98.65531419730735
STU_012791,83.7890623521154
STU_012792,69.30215269179249
STU_012793,88.96726182979793
STU_012794,74.45414546936036
STU_012795,95.02856178386136
STU_012796,67.61680675128325
STU_012797,61.1512086611001
STU_012798,98.41666320777077
STU_012799,86.59924403237576
STU_012800,50.92101538960829
STU_012801,67.63776667781536
STU_012802,71.70274147269902
STU_012803,92.36708859728304
STU_012804,59.753973128022025
STU_012805,73.379526032596
STU_012806,79.5011119726514
STU_012807,65.3275092317861
STU_012808,82.33703663968626
STU_012809,82.82939479654408
STU_012810,85.04721611815023
STU_012811,78.37633915863708
STU_012812,68.82414597275817
STU_012813,80.9946324755819
STU_012814,64.92400738797366
STU_012815,67.74689081901462
STU_012816,81.36079442340369
STU_012817,68.38501253339889
STU_012818,89.5822804430232
STU_012819,53.65699460474594
STU_012820,86.6934164275468
STU_012821,73.6333053426038
STU_012822,86.51522940225522
STU_012823,78.23329013118169
STU_012824,80.12016850711963
STU_012825,57.790050458284
STU_012826,85.64085628368224
STU_012827,60.33972654299134
STU_012828,91.93838432771642
STU_012829,70.09490628956144
STU_012830,77.45899838840643
STU_012831,66.6828168976891
STU_012832,95.99114932949868
STU_012833,89.27335580741928
STU_012834,73.0934735761076
STU_012835,70.83788940618673
STU_012836,81.92541544236141
STU_012837,63.186560194293634
STU_012838,62.605251163292394
STU_012839,65.4455006584893
STU_012840,88.98837536295935
STU_012841,70.85292655518587
STU_012842,74.2761915095098
STU_012843,81.53720532288683
STU_012844,77.56570635563133
STU_012845,63.01583800688634
STU_012846,72.2376019280857
STU_012847,75.78368468950676
STU_012848,74.38531562136899
STU_012849,87.58919480271696
STU_012850,78.08987499132735
STU_012851,84.74447045005297
STU_012852,91.47772494963434
STU_012853,61.892187513315406
STU_012854,85.8846881272419
STU_012855,81.58191633813931
STU_012856,69.59083745681663
STU_012857,98.3597923667217
STU_012858,85.87201128324004
STU_012859,63.28802144415263
STU_012860,84.79216141668718
STU_012861,66.61969741859076
STU_012862,74.96146194441994
STU_012863,95.09944881433191
STU_012864,77.74582028487704
STU_012865,65.88351395011281
STU_012866,76.01042878853004
STU_012867,89.53633285952954
STU_012868,83.80916778825983
STU_012869,64.01271675242619
STU_012870,83.91128781316382
STU_012871,87.8147728559275
STU_012872,89.66473929736604
STU_012873,62.0106850966286
STU_012874,76.58855135679124
STU_012875,71.93640394298794
STU_012876,50.38392258864445
STU_012877,78.73102197113653
STU_012878,99.27255847294141
STU_012879,78.55215090528773
STU_012880,84.89859164285093
STU_012881,97.79905831334017
STU_012882,90.39979031204798
STU_012883,63.9069235686007
STU_012884,79.38601799445243
STU_012885,76.59623345917768
STU_012886,56.78426739666195
STU_012887,74.46064936352312
STU_012888,69.09677377821284
STU_012889,68.48313558561762
STU_012890,68.65030051486023
STU_012891,71.49207982598864
STU_012892,72.15022901778926
STU_012893,86.20271751777162
STU_012894,72.30041031691194
STU_012895,94.50067080892256
STU_012896,74.25192951718338
STU_012897,75.26193853747961
STU_012898,91.9346727210085
STU_012899,82.43378880252536
STU_012900,79.5500061734058
STU_012901,70.66663309687327
STU_012902,87.84823555547237
STU_012903,63.9229139379043
STU_012904,84.44213615641242
STU_012905,61.26696502676719
STU_012906,99.12820041756316
STU_012907,51.29521757715041
STU_012908,89.49203060842345
STU_012909,66.35980606168413
STU_012910,33.14588659388662
STU_012911,83.15922070346636
STU_012912,51.526517542808534
STU_012913,60.756428895884596
STU_012914,74.26837097366072
STU_012915,55.57742771386134
STU_012916,65.0791845081364
STU_012917,94.43493304902415
STU_012918,56.76971204568868
STU_012919,97.47012403247325
STU_012920,78.76001692205118
STU_012921,58.13245443538155
STU_012922,74.07557387962561
STU_012923,62.27599593273754
STU_012924,74.23912980169303
STU_012925,74.46131065966145
STU_012926,61.01396323914737
STU_012927,87.33886048954741
STU_012928,61.12218617261354
STU_012929,62.95437167688727
STU_012930,68.73464483042339
STU_012931,88.71464034916437
STU_012932,63.440512226240955
STU_012933,70.14722972281989
STU_012934,70.1490749260956
STU_012935,66.20717247107069
STU_012936,66.2836062521133
STU_012937,72.59841894517301
STU_012938,94.55857868320996
STU_012939,48.81433906886579
STU_012940,69.11253452932897
STU_012941,54.27934279274479
STU_012942,73.31891110270834
STU_012943,72.0760590428523
STU_012944,79.84368157660319
STU_012945,90.7094553875398
STU_012946,53.19100482513538
STU_012947,73.46327380444211
STU_012948,87.34966292406106
STU_012949,98.32402516703176
STU_012950,78.3619851998426
STU_012951,87.85962562368701
STU_012952,72.98746497249772
STU_012953,81.72337244797053
STU_012954,81.3818295308445
STU_012955,88.96828088355807
STU_012956,72.59402814692214
STU_012957,66.57748070735555
STU_012958,75.29196273212295
STU_012959,80.97790738887946
STU_012960,79.41489439099999
STU_012961,80.82220083094722
STU_012962,56.93940481007827
STU_012963,67.06271920494676
STU_012964,89.78547922869232
STU_012965,76.77382351729513
STU_012966,74.78044938777239
STU_012967,70.19216058867558
STU_012968,75.83315541410462
STU_012969,76.26789207792453
STU_012970,54.981680746879164
STU_012971,77.8018270182785
STU_012972,79.32716183803726
STU_012973,52.577374561499184
STU_012974,58.16545964360263
STU_012975,55.62515680799741
STU_012976,85.00917101136534
STU_012977,78.34617642137208
STU_012978,91.72869735769761
STU_012979,66.72477267465683
STU_012980,70.78183575282068
STU_012981,89.30145806600427
STU_012982,69.6743083328705
STU_012983,97.95290700397538
STU_012984,54.69637617436126
STU_012985,64.71123842656921
STU_012986,64.35633522956773
STU_012987,51.3945759409727
STU_012988,86.02662263912131
STU_012989,97.35056681905303
STU_012990,61.77614491099342
STU_012991,70.70598802975117
STU_012992,51.63382411522605
STU_012993,99.78604583740236
STU_012994,81.09810418579558
STU_012995,63.315417539488024
STU_012996,57.852495656425425
STU_012997,86.34177551682134
STU_012998,79.60558561349859
STU_012999,91.02505884651147
STU_013000,91.6163420944413
STU_013001,99.42757782092662
STU_013002,87.83789338233242
STU_013003,77.02231104409745
STU_013004,89.31667827391178
STU_013005,74.18394314373046
STU_013006,79.16522621813036
STU_013007,77.42348707565662
STU_013008,86.03381814249582
STU_013009,86.09967796580786
STU_013010,76.72301081099269
STU_013011,52.46586262241994
STU_013012,56.217464553673764
STU_013013,91.46999450137855
STU_013014,88.94604121075133
STU_013015,82.56224673882835
STU_013016,60.19093069943996
STU_013017,92.52355164202066
STU_013018,79.21278966266706
STU_013019,87.52896180844775
STU_013020,55.16327685929164
STU_013021,71.09697350094234
STU_013022,99.68649299242074
STU_013023,78.93780214027032
STU_013024,89.36979482260077
STU_013025,71.59719809707377
STU_013026,68.81028924462292
STU_013027,72.71048128772439
STU_013028,84.86883056637957
STU_013029,74.96388478473803
STU_013030,76.39593201798226
STU_013031,66.95993149071029
STU_013032,99.88489303588867
STU_013033,69.28519358889326
STU_013034,99.66931950649806
STU_013035,93.08753858687166
STU_013036,57.58436246141495
STU_013037,89.40066705835048
STU_013038,77.92607156593074
STU_013039,86.2389986382237
STU_013040,99.21313124185103
STU_013041,79.19334113345101
STU_013042,60.520401406175665
STU_013043,94.98929680062093
STU_013044,66.19126970873677
STU_013045,87.73839705413683
STU_013046,62.94908724301362
STU_013047,68.09550332050677
STU_013048,94.22886349198768
STU_013049,83.51403797551917
STU_013050,83.32343967835669
STU_013051,91.85352888370586
STU_013052,65.98284394259574
STU_013053,72.8256827330636
STU_013054,64.71748130138448
STU_013055,87.13704416362627
STU_013056,77.86381998832329
STU_013057,53.321206954450716
STU_013058,58.71315942186463
STU_013059,90.77567193068977
STU_013060,62.226611413858905
STU_013061,57.87607864413653
STU_013062,99.4746307373047
STU_013063,83.69120292991316
STU_013064,63.250569877038245
STU_013065,50.58498959257632
STU_013066,99.85939483642579
STU_013067,78.04441482145725
STU_013068,90.1540555690953
STU_013069,98.99090715058733
STU_013070,62.76175753380816
STU_013071,82.75883944178055
STU_013072,87.56700579819112
STU_013073,72.05493646835016
STU_013074,73.8323715559165
STU_013075,50.036298622722335
STU_013076,79.78210615155092
STU_013077,91.89247525574534
STU_013078,72.29270081761908
STU_013079,86.93078769928668
STU_013080,72.5349003054902
STU_013081,77.04116431881008
STU_013082,59.15386725827014
STU_013083,63.97708503734893
STU_013084,70.07696687540403
STU_013085,78.01249634496456
STU_013086,78.57851189826161
STU_013087,66.14234769055678
STU_013088,80.86941096963922
STU_013089,64.95513743984155
STU_013090,98.84896072607958
STU_013091,61.51955708321073
STU_013092,65.12437054090823
STU_013093,85.6279115348235
STU_013094,90.8016072313151
STU_013095,73.80247424275474
STU_013096,78.21779187079974
STU_013097,82.55208082021633
STU_013098,83.20309637518602
STU_013099,60.37463193802617
STU_013100,76.1570286778839
STU_013101,83.94627007134955
STU_013102,95.31448139197073
STU_013103,73.9648869268423
STU_013104,79.54914331735509
STU_013105,60.03663375866361
STU_013106,88.98628785792484
STU_013107,55.598643586748096
STU_013108,95.36369158484294
STU_013109,88.75046127029643
STU_013110,59.10708792922675
STU_013111,99.76928024291993
STU_013112,99.44806218479056
STU_013113,76.14673076019096
STU_013114,65.32429759924773
STU_013115,78.05243116320099
STU_013116,60.502585917880715
STU_013117,65.29976466475146
STU_013118,70.53564476037768
STU_013119,80.38640839093583
STU_013120,65.09792614604726
STU_013121,90.45268404962249
STU_013122,76.40387570540194
STU_013123,94.26985508369626
STU_013124,97.41895396562226
STU_013125,88.09362811985861
STU_013126,67.60031795993224
STU_013127,70.75675114949243
STU_013128,84.76410666970554
STU_013129,75.85604737249855
STU_013130,99.25686685114427
STU_013131,49.660156173572446
STU_013132,78.77010769612554
STU_013133,97.28413767859863
STU_013134,69.12874399627674
STU_013135,68.55947366626867
STU_013136,65.84972253391975
STU_013137,82.43227814740285
STU_013138,68.62413860493388
STU_013139,78.4652217891836
STU_013140,99.8576644897461
STU_013141,77.19303291269323
STU_013142,58.32624789164731
STU_013143,73.02147545427553
STU_013144,64.28176136820454
STU_013145,58.71765685637807
STU_013146,52.26075510975637
STU_013147,80.18635046555676
STU_013148,72.56589398605276
STU_013149,85.96705141106416
STU_013150,80.58622579385681
STU_013151,76.89614894908081
STU_013152,86.46111476208162
STU_013153,69.88129963254755
STU_013154,77.49655504594416
STU_013155,98.72364584183704
STU_013156,77.16733001559598
STU_013157,72.77043455785076
STU_013158,86.33443028756326
STU_013159,82.00842711305279
STU_013160,63.414025063130296
STU_013161,63.505434022322554
STU_013162,59.31232327350399
STU_013163,88.65097080042977
STU_013164,66.71581521709493
STU_013165,69.95659389898275
STU_013166,49.01096556677777
STU_013167,93.49756780794166
STU_013168,76.51007175369168
STU_013169,76.93184076152521
STU_013170,74.70203026276724
STU_013171,80.18729923359714
STU_013172,66.13359728807055
STU_013173,85.92071566940183
STU_013174,61.320036165355674
STU_013175,52.00589033128992
STU_013176,91.86594193128292
STU_013177,63.69877452143322
STU_013178,86.19150660032837
STU_013179,71.32249879611851
STU_013180,88.80122313345254
STU_013181,85.24120455816237
STU_013182,70.41132644621918
STU_013183,80.54732979986329
STU_013184,75.10747231260567
STU_013185,69.5466498530226
STU_013186,61.032752986929
STU_013187,65.08996663351007
STU_013188,94.01324080616541
STU_013189,99.26137580417887
STU_013190,78.06014829331599
STU_013191,97.73354503185382
STU_013192,84.36678492364156
STU_013193,82.62018543075347
STU_013194,98.76180373433041
STU_013195,87.6874855168034
STU_013196,80.17652408033639
STU_013197,51.341262371910794
STU_013198,67.64122551753329
STU_013199,81.28178069410495
STU_013200,50.59214272774867
STU_013201,81.42745606087459
STU_013202,61.637996820735935
STU_013203,72.00619288100891
STU_013204,60.88016000648916
STU_013205,80.84748942675591
STU_013206,68.13057978755734
STU_013207,72.3222018329312
STU_013208,69.7151434186683
STU_013209,75.002803805219
STU_013210,52.4636782670427
STU_013211,71.10064550799041
STU_013212,58.865780583739635
STU_013213,72.92350138107902
STU_013214,95.98197611607074
STU_013215,48.410027295972654
STU_013216,99.51911697387695
STU_013217,95.6187286185691
STU_013218,68.30284353965041
STU_013219,83.50418788397579
STU_013220,98.61788744419331
STU_013221,62.875087964745575
STU_013222,64.43020324486507
STU_013223,87.82806579341073
STU_013224,70.6325235463967
STU_013225,49.729764656269296
STU_013226,79.87607743472407
STU_013227,87.26554170494637
STU_013228,67.45526995600463
STU_013229,65.20989564268349
STU_013230,72.34770373759213
STU_013231,63.586878154423125
STU_013232,67.0997532845046
STU_013233,92.77126507924811
STU_013234,66.73150242809406
STU_013235,69.25378151407082
STU_013236,91.8460521516379
STU_013237,64.12022295717962
STU_013238,76.37154297837795
STU_013239,74.50245405124568
STU_013240,62.16475831662041
STU_013241,67.59439102755647
STU_013242,71.83688522019784
STU_013243,62.478280410114266
STU_013244,74.17903247959376
STU_013245,66.22726549706117
STU_013246,68.11071011170112
STU_013247,99.57739707400165
STU_013248,94.62459491745966
STU_013249,46.33432200286836
STU_013250,74.62253604169317
STU_013251,82.96024993581568
STU_013252,87.36736264454768
STU_013253,68.43899729547095
STU_013254,96.18656713736507
STU_013255,78.16125690895859
STU_013256,70.434354717097
STU_013257,79.72015591837558
STU_013258,63.08867512642871
STU_013259,58.86176556280649
STU_013260,69.91997734590701
STU_013261,69.91430265936717
STU_013262,56.42751281286738
STU_013263,56.96387194706116
STU_013264,93.26023894070185
STU_013265,76.85585121898143
STU_013266,69.76480331991766
STU_013267,71.73995504289653
STU_013268,61.12376563068965
STU_013269,82.29421433187481
STU_013270,96.87704829953026
STU_013271,66.97138255375279
STU_013272,80.12139980388523
STU_013273,65.0050181298335
STU_013274,77.39107406680094
STU_013275,65.36761383757826
STU_013276,59.80271682098248
STU_013277,63.42709657991923
STU_013278,61.37303740639693
STU_013279,58.64388801189147
STU_013280,91.74253174926852
STU_013281,95.94706076553001
STU_013282,94.00414330646319
STU_013283,78.17008684130045
STU_013284,76.82412765199734
STU_013285,71.84297506592478
STU_013286,66.10767444604356
STU_013287,95.11038737247964
STU_013288,85.68586609925401
STU_013289,97.6160111031356
STU_013290,79.28640017559962
STU_013291,86.95198657494316
STU_013292,82.9661416651089
STU_013293,73.70666963776421
STU_013294,89.6203792305761
STU_013295,72.03816600227847
STU_013296,77.34604354421049
STU_013297,76.53555593781617
STU_013298,54.920384692996926
STU_013299,84.91454973302119
STU_013300,72.6519194667141
STU_013301,88.28794483946149
STU_013302,85.498258815856
STU_013303,90.4090543536091
STU_013304,84.53353704040867
STU_013305,70.99986564530572
STU_013306,67.08309934025348
STU_013307,77.6242337362838
STU_013308,96.75864086327582
STU_013309,70.67089727144574
STU_013310,55.452026147207135
STU_013311,91.10834100313171
STU_013312,53.392362712487866
STU_013313,66.42712802644196
STU_013314,66.99389699933505
STU_013315,68.97364841067612
STU_013316,77.07797148268867
STU_013317,74.16003149212716
STU_013318,48.1233624324051
STU_013319,71.84088713147554
STU_013320,82.46336425693434
STU_013321,79.31367392930795
STU_013322,98.89693916217298
STU_013323,96.16930423491759
STU_013324,84.93976930602854
STU_013325,79.0365074527117
STU_013326,74.6769660344757
STU_013327,75.74137545586083
STU_013328,66.12469524408841
STU_013329,83.78282676131536
STU_013330,63.01019387686402
STU_013331,71.60258417347973
STU_013332,68.47901675909665
STU_013333,59.985810664186616
STU_013334,70.37846015160733
STU_013335,64.5658333610604
STU_013336,82.37734230458608
STU_013337,53.19134997572989
STU_013338,64.93247962034938
STU_013339,72.38409867234878
STU_013340,94.4861401604327
STU_013341,74.27949994640446
STU_013342,84.33287754981271
STU_013343,69.0378677490155
STU_013344,80.02107536482838
STU_013345,65.41595065070305
STU_013346,97.18667346921194
STU_013347,79.79380083358201
STU_013348,83.92959455653335
STU_013349,99.11887957321203
STU_013350,61.57014676089645
STU_013351,83.43324853051863
STU_013352,70.24732548465039
STU_013353,62.961544248852185
STU_013354,56.63844507485278
STU_013355,88.31856669404013
STU_013356,60.94243558810028
STU_013357,65.34113933304249
STU_013358,69.98536462840586
STU_013359,74.07944193237898
STU_013360,75.10002014150035
STU_013361,70.30313806795407
STU_013362,88.56171686017785
STU_013363,74.05527829868235
STU_013364,68.4867460471191
STU_013365,83.99998052245869
STU_013366,99.45075454711915
STU_013367,82.4984439010654
STU_013368,88.55070490443833
STU_013369,54.10228024494417
STU_013370,83.08678988475017
STU_013371,70.27075092768935
STU_013372,76.54336230317506
STU_013373,74.86062131202587
STU_013374,91.61808860526142
STU_013375,90.09920693973037
STU_013376,41.19866023099706
STU_013377,79.54653233496691
STU_013378,63.471470664819876
STU_013379,79.14914933856647
STU_013380,85.76157331472831
STU_013381,97.64618945118605
STU_013382,99.82295989990234
STU_013383,60.21627583670936
STU_013384,61.43663387246035
STU_013385,63.88460234352202
STU_013386,98.66181356685604
STU_013387,54.39598493894107
STU_013388,83.7086291583347
STU_013389,65.27249691156662
STU_013390,66.65005594288695
STU_013391,86.10398445725531
STU_013392,98.38181259548554
STU_013393,69.74987280022432
STU_013394,99.82224183503595
STU_013395,61.71062705630562
STU_013396,65.72966965565533
STU_013397,99.67353591918945
STU_013398,92.59957481043351
STU_013399,60.862734214807936
STU_013400,64.70685596564056
STU_013401,99.96097335815429
STU_013402,76.47551142160015
STU_013403,94.93915449766513
STU_013404,64.41329100222461
STU_013405,79.00722581125396
STU_013406,99.77373199462892
STU_013407,71.2963153426791
STU_013408,64.86003982396315
STU_013409,60.02584457300315
STU_013410,75.04360420844162
STU_013411,62.28088041743334
STU_013412,65.86760095521588
STU_013413,76.14254111937825
STU_013414,87.10727155119288
STU_013415,74.08792619180186
STU_013416,53.76903230316657
STU_013417,77.80428173837633
STU_013418,47.04813985549223
STU_013419,62.440349037674295
STU_013420,98.33999478130835
STU_013421,99.25287628173828
STU_013422,90.98095273634864
STU_013423,55.54707359495804
STU_013424,98.22824117812075
STU_013425,79.99765585189452
STU_013426,51.61085255690456
STU_013427,69.49232248114114
STU_013428,73.6435743372763
STU_013429,93.05684082352658
STU_013430,66.07980293668217
STU_013431,62.56114789540954
STU_013432,78.41678738942113
STU_013433,94.89753787019228
STU_013434,92.92676467317798
STU_013435,94.26532982650865
STU_013436,73.46144712391441
STU_013437,72.64783933301881
STU_013438,77.02322198357825
STU_013439,89.63768598757231
STU_013440,75.45891234387472
STU_013441,95.54308274278478
STU_013442,98.54971098252682
STU_013443,67.88147473595262
STU_013444,82.72846500888716
STU_013445,80.6002691894103
STU_013446,91.84568199882159
STU_013447,88.13829871896581
STU_013448,81.71848149321099
STU_013449,74.05556967011924
STU_013450,96.53500644009401
STU_013451,70.97230348236033
STU_013452,79.55154741096199
STU_013453,81.82282305017893
STU_013454,67.2785707228337
STU_013455,97.11981969776106
STU_013456,70.64763962793772
STU_013457,65.67254148276555
STU_013458,74.14862361404462
STU_013459,59.19791352065272
STU_013460,57.853407776507964
STU_013461,76.14480676372183
STU_013462,55.56561375040505
STU_013463,82.03410777047888
STU_013464,58.24532454057187
STU_013465,63.21561488085507
STU_013466,86.59247460396182
STU_013467,60.7107972318994
STU_013468,93.02446784144149
STU_013469,77.59541007227307
STU_013470,90.58773029305632
STU_013471,80.60151393468921
STU_013472,83.23646811577018
STU_013473,64.11649138815574
STU_013474,78.74029457221286
STU_013475,88.26425709064151
STU_013476,79.15987233398033
STU_013477,65.01986775671173
STU_013478,77.49604432591796
STU_013479,70.04164493813346
STU_013480,83.6855654327506
STU_013481,77.12729196260247
STU_013482,78.41764392005557
STU_013483,79.06637476880407
STU_013484,86.4289469202796
STU_013485,94.90332094241288
STU_013486,54.05393469750253
STU_013487,80.06853631273395
STU_013488,78.32623905434943
STU_013489,73.05757597569082
STU_013490,73.94931954551593
STU_013491,85.44687501344367
STU_013492,78.07457258575329
STU_013493,64.65230630264446
STU_013494,72.68668697044356
STU_013495,83.75519692451678
STU_013496,86.29062808619346
STU_013497,48.671770472980974
STU_013498,71.2135128282301
STU_013499,83.93700903248978
STU_013500,64.91990207865298
STU_013501,86.59160693472799
STU_013502,81.09443019912365
STU_013503,71.74593107208969
STU_013504,87.31720839695302
STU_013505,71.00328223243552
STU_013506,96.5317467173201
STU_013507,63.844150042247364
STU_013508,74.71782685835987
STU_013509,87.56917814963528
STU_013510,64.49914592922741
STU_013511,81.3730644982473
STU_013512,66.24006077945822
STU_013513,50.07141685702648
STU_013514,85.59327125408319
STU_013515,70.12980226304056
STU_013516,99.9814353942871
STU_013517,81.43032138089612
STU_013518,74.25974479599479
STU_013519,99.83057022094727
STU_013520,73.30072977192724
STU_013521,63.115345176531534
STU_013522,65.18506240536118
STU_013523,96.62534205303476
STU_013524,78.40289479725203
STU_013525,71.78684959266917
STU_013526,75.39353748544218
STU_013527,65.51146775516574
STU_013528,52.831812817300936
STU_013529,97.90456200664936
STU_013530,69.56761488558973
STU_013531,95.38531992058255
STU_013532,56.47027430947532
STU_013533,72.13859902168623
STU_013534,90.61478697680175
STU_013535,96.47581410472739
STU_013536,85.82853452923433
STU_013537,75.10207767616964
STU_013538,95.71099956666576
STU_013539,69.66039891032656
STU_013540,99.82274475097657
STU_013541,64.77217071544898
STU_013542,85.8411638065594
STU_013543,71.737532582798
STU_013544,74.5368054615862
STU_013545,87.81386513672274
STU_013546,98.36694303990001
STU_013547,99.33104240497963
STU_013548,80.0794522724513
STU_013549,62.18171705352281
STU_013550,75.05225008533876
STU_013551,66.61440958012622
STU_013552,82.29514051477699
STU_013553,72.08047848553359
STU_013554,72.33197318325188
STU_013555,60.965155584245494
STU_013556,89.09528110830769
STU_013557,66.71394543552057
STU_013558,67.84376471183646
STU_013559,87.00683146527695
STU_013560,52.365297530307494
STU_013561,69.91695145987345
STU_013562,90.5967822600526
STU_013563,88.20908432140303
STU_013564,55.32359927155131
STU_013565,80.57629807991626
STU_013566,70.84634061167291
STU_013567,95.49062401435287
STU_013568,72.35737524974878
STU_013569,73.4577305756747
STU_013570,71.21457053287071
STU_013571,72.60396264172277
STU_013572,57.89124597655582
STU_013573,65.69490592089315
STU_013574,75.56880125354539
STU_013575,53.569329461849826
STU_013576,70.8174173697195
STU_013577,61.91498876382343
STU_013578,72.12971007934141
STU_013579,74.17193292906472
STU_013580,84.88204028319123
STU_013581,55.740377274291994
STU_013582,76.98984462789576
STU_013583,66.8073294892083
STU_013584,72.82794255334036
STU_013585,62.42847961681682
STU_013586,60.92751777439651
STU_013587,98.35366396285283
STU_013588,68.33878252449878
STU_013589,74.7442315851032
STU_013590,81.96717386396999
STU_013591,89.69019634985489
STU_013592,99.5760597229004
STU_013593,97.06063834006392
STU_013594,69.7051891491246
STU_013595,60.674859398900914
STU_013596,86.16914655843954
STU_013597,66.92167133287255
STU_013598,76.43412959267161
STU_013599,71.79493041742836
STU_013600,97.85099494897483
STU_013601,67.75993432297045
STU_013602,63.725695300286546
STU_013603,94.0837546704613
STU_013604,66.62151186738089
STU_013605,90.7547031293102
STU_013606,71.16520073049945
STU_013607,41.8092088547678
STU_013608,80.0750699372137
STU_013609,79.17906850521047
STU_013610,95.60128278933672
STU_013611,94.75402975815351
STU_013612,61.79246371375852
STU_013613,77.04748730619343
STU_013614,51.13196419948727
STU_013615,81.6877184064814
STU_013616,81.18486623164705
STU_013617,64.68186260115547
STU_013618,60.55271382338918
STU_013619,66.81098164676143
STU_013620,74.2292137914137
STU_013621,73.07146554936975
STU_013622,61.373587384901725
STU_013623,49.46067488790658
STU_013624,50.81732325304658
STU_013625,81.33029794993027
STU_013626,76.4491662562671
STU_013627,83.63495546709015
STU_013628,97.15105745810624
STU_013629,79.47904955087049
STU_013630,71.35447856077695
STU_013631,66.28301835847397
STU_013632,56.39885625253952
STU_013633,95.62692245637014
STU_013634,66.69040706704105
STU_013635,98.68258311902147
STU_013636,70.85111613736683
STU_013637,79.24457965225037
STU_013638,79.35226428051585
STU_013639,64.91454159394817
STU_013640,78.63400033615153
STU_013641,88.26287788134272
STU_013642,71.6760663130335
STU_013643,80.16708173235364
STU_013644,61.690514211970914
STU_013645,72.61208511117405
STU_013646,92.17084419137646
STU_013647,82.57536390881893
STU_013648,98.19275512695313
STU_013649,76.17970554741015
STU_013650,95.0619526152241
STU_013651,71.2496522212025
STU_013652,66.51671964781306
STU_013653,90.37848550949396
STU_013654,76.55708040442484
STU_013655,75.32544915110947
STU_013656,98.16937783404029
STU_013657,61.97349989207899
STU_013658,82.63425372140607
STU_013659,65.99574660737436
STU_013660,66.90738974826607
STU_013661,76.40048325215375
STU_013662,83.50395121561579
STU_013663,75.14710532692743
STU_013664,91.4343572405308
STU_013665,79.18021461714154
STU_013666,86.15829463095741
STU_013667,59.66910961513818
STU_013668,92.3874379026085
STU_013669,61.80573196845289
STU_013670,88.92729997882003
STU_013671,99.70883026123047
STU_013672,69.6487606442019
STU_013673,97.6341961369921
STU_013674,77.76970314495426
STU_013675,61.216861331576666
STU_013676,74.29618337546904
STU_013677,83.14978281874227
STU_013678,70.34916107604633
STU_013679,66.87165759827332
STU_013680,53.02409005062307
STU_013681,98.81940277049594
STU_013682,40.37013318766262
STU_013683,55.863252233983864
STU_013684,73.57291304987153
STU_013685,87.04700367211728
STU_013686,93.20567238876073
STU_013687,75.59114565251089
STU_013688,62.867730058142484
STU_013689,98.50218297483235
STU_013690,91.00157208618587
STU_013691,64.1707167180102
STU_013692,62.19769461575737
STU_013693,88.14976507867796
STU_013694,76.98613561240288
STU_013695,70.32753298434218
STU_013696,99.77517318725586
STU_013697,69.36900676479195
STU_013698,61.785458438068545
STU_013699,66.50191662485474
STU_013700,82.6824340874933
STU_013701,81.45376224538083
STU_013702,94.60892851530588
STU_013703,68.55440023738137
STU_013704,77.47902679410501
STU_013705,86.85214230711796
STU_013706,64.520229726775
STU_013707,64.73011352266276
STU_013708,57.654729327792246
STU_013709,91.75070591363277
STU_013710,78.8657812939648
STU_013711,99.38629679810585
STU_013712,75.0032469952983
STU_013713,63.9254198718253
STU_013714,67.57876106181939
STU_013715,98.702633090778
STU_013716,70.54582206816734
STU_013717,55.224754616815034
STU_013718,83.8496013889453
STU_013719,73.4830554449303
STU_013720,50.346408862437414
STU_013721,56.57170944508108
STU_013722,79.8378676016438
STU_013723,83.341129567862
STU_013724,92.56347983526209
STU_013725,70.11034610974971
STU_013726,64.48926423262321
STU_013727,67.57494958954479
STU_013728,94.5165774914767
STU_013729,90.00836602374804
STU_013730,77.93838542653592
STU_013731,92.29912014262155
STU_013732,76.48043053609334
STU_013733,84.71855070383043
STU_013734,55.58304407868334
STU_013735,72.91955494155323
STU_013736,99.83732070922852
STU_013737,82.64919368256935
STU_013738,75.15257395584571
STU_013739,71.70341245261258
STU_013740,82.06856995111086
STU_013741,76.32914395650505
STU_013742,94.2452417365059
STU_013743,94.73150666201809
STU_013744,67.61295592854466
STU_013745,92.55814499720805
STU_013746,87.6709488411174
STU_013747,96.20675895345428
STU_013748,73.00486680205968
STU_013749,96.09785410606133
STU_013750,74.36272751903212
STU_013751,75.07187115486806
STU_013752,79.29804560688616
STU_013753,85.55085149485737
STU_013754,73.39073063079508
STU_013755,68.57910526455613
STU_013756,64.0922380901245
STU_013757,99.46871523820383
STU_013758,96.22725161058084
STU_013759,57.79239245329863
STU_013760,56.60539259874084
STU_013761,97.17392834394556
STU_013762,75.58154677065723
STU_013763,76.35314132727866
STU_013764,60.21560751836937
STU_013765,63.48497899352453
STU_013766,82.47527121983842
STU_013767,87.68435560715349
STU_013768,68.23321976373899
STU_013769,55.45872272077935
STU_013770,87.80566663308467
STU_013771,97.11537758830306
STU_013772,66.49991214041117
STU_013773,69.29978472223053
STU_013774,72.61434595304658
STU_013775,75.78111313107955
STU_013776,58.767014020757856
STU_013777,75.99446785381963
STU_013778,92.96147199294903
STU_013779,97.36860451329527
STU_013780,70.40146568740812
STU_013781,58.18962538542715
STU_013782,77.50720561945711
STU_013783,88.43641251772621
STU_013784,76.49250273558127
STU_013785,68.7847029303663
STU_013786,77.34331032362657
STU_013787,98.2703200337228
STU_013788,57.472540816078805
STU_013789,85.63708481441336
STU_013790,63.65892455924478
STU_013791,84.85345048427445
STU_013792,99.8572151184082
STU_013793,71.26052269409297
STU_013794,75.08543166829861
STU_013795,79.3263154396626
STU_013796,69.52839994503475
STU_013797,86.24635725699464
STU_013798,58.13006099453588
STU_013799,78.82377436848981
STU_013800,84.71962937578124
STU_013801,99.63296813964844
STU_013802,80.48713749173399
STU_013803,72.84023449454948
STU_013804,74.00527950203346
STU_013805,85.52653338653028
STU_013806,68.27143356189775
STU_013807,77.86946467612836
STU_013808,72.75996003514089
STU_013809,76.18293039971667
STU_013810,86.07713219875171
STU_013811,67.48244204851113
STU_013812,78.9767673101282
STU_013813,69.41449240002518
STU_013814,63.298023269230136
STU_013815,77.30437008533723
STU_013816,68.25754444826703
STU_013817,80.89734852411492
STU_013818,56.619388679388166
STU_013819,85.69398781110569
STU_013820,74.61297153649284
STU_013821,72.50078252645923
STU_013822,96.30890182578764
STU_013823,90.07730607369386
STU_013824,71.29755926525829
STU_013825,62.732577433338506
STU_013826,84.87655146029098
STU_013827,79.20358858629777
STU_013828,87.08681721466013
STU_013829,79.27453753435604
STU_013830,85.56034190414618
STU_013831,80.28456029020128
STU_013832,92.0671255014218
STU_013833,83.91630461853325
STU_013834,68.63585224537417
STU_013835,79.36727870803547
STU_013836,65.80868979950314
STU_013837,96.17492078208103
STU_013838,55.4264054431801
STU_013839,58.39516511717631
STU_013840,56.19901757792914
STU_013841,99.7131489788546
STU_013842,78.71654056723176
STU_013843,76.65001378861999
STU_013844,72.87706046196642
STU_013845,92.37872213618148
STU_013846,86.79686952253817
STU_013847,40.27090607642677
STU_013848,99.92825546264649
STU_013849,57.269524667678816
STU_013850,70.32347439124834
STU_013851,65.33971398922374
STU_013852,89.87830977086848
STU_013853,68.33595167815642
STU_013854,83.1729289086241
STU_013855,75.74384136917365
STU_013856,56.19098969184822
STU_013857,76.03731254274737
STU_013858,83.11949948209562
STU_013859,80.04659059302212
STU_013860,71.60463202181816
STU_013861,69.84046375834969
STU_013862,82.55293669354711
STU_013863,84.9831948190229
STU_013864,67.0240255194486
STU_013865,89.9710073091965
STU_013866,55.75284729118051
STU_013867,73.03770095665186
STU_013868,96.16470176339939
STU_013869,73.94383160258786
STU_013870,49.17773468590356
STU_013871,69.76283692802585
STU_013872,99.05725165983905
STU_013873,68.20222413758903
STU_013874,65.47974079701419
STU_013875,60.72934680940389
STU_013876,78.81258533158783
STU_013877,54.36972786932353
STU_013878,58.60093858595809
STU_013879,62.407905295848956
STU_013880,96.55741942131651
STU_013881,71.2576728061172
STU_013882,79.95134872911065
STU_013883,68.01034589697785
STU_013884,82.30301430186799
STU_013885,90.0935565629672
STU_013886,88.58723725723166
STU_013887,73.3473927761716
STU_013888,78.65591652579967
STU_013889,78.26911653289855
STU_013890,94.8284769297388
STU_013891,93.51660287269281
STU_013892,73.94304008793
STU_013893,58.856446994451645
STU_013894,96.76536245067858
STU_013895,53.56637534748675
STU_013896,94.09371890059762
STU_013897,75.08529594630747
STU_013898,81.89563963639375
STU_013899,84.78668228299337
STU_013900,67.2741474343608
STU_013901,78.49020185325783
STU_013902,73.56588314738246
STU_013903,72.27119433422541
STU_013904,68.23312619673806
STU_013905,90.9069178495407
STU_013906,77.48759447909345
STU_013907,64.69520342062532
STU_013908,66.04166284380929
STU_013909,90.5310750762698
STU_013910,60.44479555990246
STU_013911,81.32640809871457
STU_013912,81.37918439789382
STU_013913,70.73942592327728
STU_013914,58.61157011223064
STU_013915,66.30191884962287
STU_013916,98.09134794553712
STU_013917,49.91296953817716
STU_013918,53.865411953332945
STU_013919,76.58927642795352
STU_013920,77.95322036391406
STU_013921,64.48529227000992
STU_013922,95.54905308214765
STU_013923,90.16491167704233
STU_013924,85.62964372608546
STU_013925,70.77317955817028
STU_013926,80.26099217844202
STU_013927,99.53625106811523
STU_013928,40.64695151343263
STU_013929,60.03226695287304
STU_013930,70.08772720899123
STU_013931,63.7513174519073
STU_013932,65.16229554253334
STU_013933,52.920134838298324
STU_013934,63.245380548827
STU_013935,77.35607683008573
STU_013936,88.39693824417637
STU_013937,80.9542989999189
STU_013938,75.93085895908311
STU_013939,66.95752769418223
STU_013940,63.6501666234464
STU_013941,67.17976854051783
STU_013942,99.76364288330078
STU_013943,60.71665321591664
STU_013944,88.25347039989191
STU_013945,74.49678852350019
STU_013946,98.94437214808633
STU_013947,81.21756817360841
STU_013948,79.39043192405859
STU_013949,45.17872030609017
STU_013950,88.91360676391903
STU_013951,53.0430013986767
STU_013952,97.49349834069398
STU_013953,69.90229516929493
STU_013954,45.72582021802424
STU_013955,64.20607583496641
STU_013956,78.24343697049464
STU_013957,80.1396057627334
STU_013958,73.13801317051924
STU_013959,71.24069906656752
STU_013960,78.46016541857156
STU_013961,74.21653748750995
STU_013962,60.09918030460196
STU_013963,67.5591337437429
STU_013964,76.23301233844151
STU_013965,60.490271574686886
STU_013966,69.8541848928657
STU_013967,71.52086737544238
STU_013968,95.34014718408032
STU_013969,45.991081448630304
STU_013970,88.52866264201506
STU_013971,64.33431949825942
STU_013972,73.0814869096409
STU_013973,72.4188609663243
STU_013974,94.98413088232222
STU_013975,84.93638591851277
STU_013976,69.63206122852631
STU_013977,83.42746185887208
STU_013978,96.11757856648589
STU_013979,86.66591941009952
STU_013980,75.2498034299636
STU_013981,75.03020103707667
STU_013982,69.41888753166516
STU_013983,76.85171699623521
STU_013984,68.34798033265685
STU_013985,84.1856736374873
STU_013986,70.47907504791677
STU_013987,95.28097900399234
STU_013988,69.61056319854492
STU_013989,66.6771483595283
STU_013990,66.23163285198258
STU_013991,79.75240424135409
STU_013992,76.64079764049491
STU_013993,78.94366564391352
STU_013994,77.46189732965159
STU_013995,57.34892980012977
STU_013996,73.36871742954054
STU_013997,96.1695710434445
STU_013998,62.42127225851322
STU_013999,78.35162749896261
STU_014000,75.95602553241858
STU_014001,64.91270452794708
STU_014002,60.36519226413363
STU_014003,66.92152372548142
STU_014004,61.23248205797439
STU_014005,69.85286755963251
STU_014006,67.69638186148448
STU_014007,83.28549581817082
STU_014008,60.72499125151474
STU_014009,99.56325912475586
STU_014010,70.96310274806494
STU_014011,82.55449587880784
STU_014012,94.87428805274777
STU_014013,50.45544801375294
STU_014014,90.1938665217263
STU_014015,82.36190189400332
STU_014016,64.53123600680031
STU_014017,80.62639662714975
STU_014018,76.94383812238992
STU_014019,88.54664861446818
STU_014020,85.0843969254063
STU_014021,92.57442383221684
STU_014022,70.0585410117016
STU_014023,62.98738429609123
STU_014024,77.45692382639108
STU_014025,82.0058325627738
STU_014026,74.50415220418719
STU_014027,99.93359756469727
STU_014028,87.19216142624713
STU_014029,77.59016960196547
STU_014030,75.88724574341727
STU_014031,74.71425959377885
STU_014032,74.23043534333652
STU_014033,67.39672946984558
STU_014034,91.3311631582793
STU_014035,94.82184667148839
STU_014036,50.30212750898646
STU_014037,57.426440607103984
STU_014038,84.1119818914276
STU_014039,89.04728341998344
STU_014040,73.05193755045215
STU_014041,75.09733928833543
STU_014042,65.51926639402082
STU_014043,68.48586507479479
STU_014044,99.84811706542969
STU_014045,76.28744344213453
STU_014046,65.8405169014411
STU_014047,88.31211913885731
STU_014048,62.499806437685265
STU_014049,86.64887552969887
STU_014050,74.77538923533871
STU_014051,72.75650221508388
STU_014052,80.52906397611473
STU_014053,87.04515121119033
STU_014054,86.44211297875225
STU_014055,99.91315231323242
STU_014056,77.49134888511911
STU_014057,68.47577680036974
STU_014058,76.31473584876916
STU_014059,60.46116576313149
STU_014060,78.49148948213637
STU_014061,67.3358345038734
STU_014062,87.5481362957265
STU_014063,71.07165556483116
STU_014064,67.17085038418185
STU_014065,60.69625430636202
STU_014066,40.047027174837716
STU_014067,95.03031374965349
STU_014068,68.07583464784115
STU_014069,76.50095428381313
STU_014070,75.51429360342948
STU_014071,38.91765826803108
STU_014072,70.30108415881173
STU_014073,80.07865976577901
STU_014074,73.99132769212474
STU_014075,72.1510344322221
STU_014076,67.47197669098998
STU_014077,53.804206089813135
STU_014078,53.02228803688459
STU_014079,82.83799518297099
STU_014080,87.01623755403804
STU_014081,99.88743896484375
STU_014082,79.51657811343154
STU_014083,64.02843672806105
STU_014084,74.68291338637829
STU_014085,99.70304489135742
STU_014086,61.51517731882722
STU_014087,67.82097139900492
STU_014088,75.22187423420571
STU_014089,73.62978722625566
STU_014090,67.08358988166133
STU_014091,89.41569854515546
STU_014092,68.6590824636348
STU_014093,72.21333532354869
STU_014094,62.71472659821588
STU_014095,79.59428468633091
STU_014096,84.04885488322566
STU_014097,90.58848325668181
STU_014098,69.40357888198173
STU_014099,70.13837421186614
STU_014100,64.19440121374501
STU_014101,77.04479415012561
STU_014102,84.11081737472412
STU_014103,69.92522864964371
STU_014104,91.96470990099303
STU_014105,43.58270577744498
STU_014106,70.53540692820272
STU_014107,87.20326702807868
STU_014108,80.16568557530495
STU_014109,81.84705191769456
STU_014110,84.79134097558509
STU_014111,89.21349499747787
STU_014112,60.9145911977471
STU_014113,58.56288932917636
STU_014114,64.19432026390412
STU_014115,77.414265340068
STU_014116,99.42019769154058
STU_014117,65.33171618084526
STU_014118,95.02544784822406
STU_014119,70.04770486450091
STU_014120,66.69520209557655
STU_014121,56.984379261947765
STU_014122,57.68835263643687
STU_014123,58.78922654381989
STU_014124,57.815966456003686
STU_014125,85.1286290231292
STU_014126,63.92196930774119
STU_014127,69.53968434801091
STU_014128,59.94028873874768
STU_014129,86.62051953232998
STU_014130,80.52526417080162
STU_014131,88.99074345116655
STU_014132,79.49396352574436
STU_014133,70.64761028429794
STU_014134,43.90551959402251
STU_014135,77.95478329534392
STU_014136,73.85882640375269
STU_014137,98.62916552494576
STU_014138,53.60595568543601
STU_014139,72.81621124034933
STU_014140,77.32674340920472
STU_014141,89.31335445418634
STU_014142,73.16202423459575
STU_014143,84.79387644088848
STU_014144,98.61868851603259
STU_014145,67.73909820846262
STU_014146,93.95138212150532
STU_014147,79.37463751111953
STU_014148,87.79687299009811
STU_014149,79.36380176666717
STU_014150,64.56882727729533
STU_014151,97.77872701047167
STU_014152,88.2870555966951
STU_014153,58.408812991211924
STU_014154,77.81995841025167
STU_014155,68.5244284489025
STU_014156,91.82041831635075
STU_014157,80.70786636885283
STU_014158,80.09930692259599
STU_014159,83.77913959516195
STU_014160,95.32897890942269
STU_014161,81.07113415475379
STU_014162,96.02317730512183
STU_014163,72.614327849792
STU_014164,52.77894971574156
STU_014165,96.95160372929018
STU_014166,69.65627216728797
STU_014167,77.92374353039571
STU_014168,67.79592124339428
STU_014169,52.908751516250675
STU_014170,79.75163478130408
STU_014171,84.48497676331635
STU_014172,78.74639605915742
STU_014173,68.71771210985003
STU_014174,78.97882756046326
STU_014175,82.26012364183573
STU_014176,65.25399367750009
STU_014177,75.31780734330829
STU_014178,72.76951367941633
STU_014179,85.45445835593645
STU_014180,79.20524691328563
STU_014181,75.26965329784574
STU_014182,96.79989657829765
STU_014183,64.42993545304034
STU_014184,83.07791437744942
STU_014185,76.89264897337426
STU_014186,93.653481200919
STU_014187,97.79292314381229
STU_014188,75.49188279228001
STU_014189,69.60836544612064
STU_014190,66.3990372907185
STU_014191,65.83296567558423
STU_014192,63.55499501605649
STU_014193,85.08557066030102
STU_014194,70.96011973222893
STU_014195,62.195683490278086
STU_014196,81.62778847659749
STU_014197,62.1042856020577
STU_014198,70.76453311116359
STU_014199,57.73061855050545
STU_014200,75.7283936896182
STU_014201,76.5226369431626
STU_014202,82.17884290695905
STU_014203,58.295911267634295
STU_014204,86.69993903700568
STU_014205,68.56996114592341
STU_014206,74.76260243474154
STU_014207,77.09585047457118
STU_014208,72.23380152216507
STU_014209,71.01999804138129
STU_014210,97.94396680491909
STU_014211,80.15407011829377
STU_014212,99.13912045540879
STU_014213,77.48910357559427
STU_014214,63.1210212018473
STU_014215,72.10948177598368
STU_014216,69.65220021068967
STU_014217,87.89238931539236
STU_014218,99.87495651245118
STU_014219,66.60279093603741
STU_014220,78.13655368239515
STU_014221,86.11673787982437
STU_014222,78.57212313404413
STU_014223,88.73428000792319
STU_014224,93.1119901188614
STU_014225,72.516550964884
STU_014226,57.36358748795317
STU_014227,71.167743072032
STU_014228,59.43397462847497
STU_014229,90.78942531729838
STU_014230,93.01994857142097
STU_014231,76.57234834240313
STU_014232,76.67779479968509
STU_014233,54.870050946014786
STU_014234,99.82801742553711
STU_014235,76.1351456248582
STU_014236,72.08341738782363
STU_014237,91.2284910301587
STU_014238,48.085843603536716
STU_014239,90.78416983565467
STU_014240,70.6009204664452
STU_014241,82.39806227829565
STU_014242,89.89288410122853
STU_014243,66.5419518373579
STU_014244,80.52751423093366
STU_014245,79.62557870501527
STU_014246,76.3455001224352
STU_014247,63.80404204861577
STU_014248,91.92668251904189
STU_014249,78.1914269973054
STU_014250,81.13959931828614
STU_014251,74.65415778505896
STU_014252,61.79363174888792
STU_014253,90.06003663265062
STU_014254,68.41448859348418
STU_014255,96.68986356390751
STU_014256,67.70601869050097
STU_014257,71.25090076022943
STU_014258,88.72994112581696
STU_014259,66.14203920361662
STU_014260,85.02686715747232
STU_014261,83.38669270199614
STU_014262,76.57169673098333
STU_014263,59.345122712417016
STU_014264,88.17734303595277
STU_014265,67.94869253913645
STU_014266,84.6319470311654
STU_014267,95.73597541867736
STU_014268,92.22082304677728
STU_014269,72.17629589221471
STU_014270,71.11228669115283
STU_014271,59.96740358471545
STU_014272,71.74764227088437
STU_014273,72.2023196421857
STU_014274,65.50796147962146
STU_014275,86.94608031938556
STU_014276,65.8619716755966
STU_014277,92.93467787805733
STU_014278,59.26247167801033
STU_014279,94.87325627526246
STU_014280,53.710241698533366
STU_014281,88.46149048060927
STU_014282,69.30993978919777
STU_014283,55.16576049009277
STU_014284,82.64775679599438
STU_014285,93.28552650715267
STU_014286,64.65516088367814
STU_014287,82.80372473334353
STU_014288,48.72201324553207
STU_014289,73.48916067406674
STU_014290,76.62902906747293
STU_014291,65.70850711103446
STU_014292,73.07034469879528
STU_014293,73.7574896841297
STU_014294,60.483202961917016
STU_014295,67.31425053124086
STU_014296,68.39663996811993
STU_014297,62.20344933710762
STU_014298,77.21110523729627
STU_014299,79.0602825920561
STU_014300,91.74885425885626
STU_014301,57.1000457297026
STU_014302,99.72228240966797
STU_014303,90.51628631248731
STU_014304,61.874492743829705
STU_014305,80.87798293249287
STU_014306,74.52017472949677
STU_014307,99.77831344604493
STU_014308,70.721197304297
STU_014309,92.75627886757479
STU_014310,71.082811521221
STU_014311,99.63484420776368
STU_014312,75.33887024747683
STU_014313,69.59824633639977
STU_014314,65.12264567757748
STU_014315,82.66530535398996
STU_014316,73.76329807387252
STU_014317,70.4384767658964
STU_014318,78.04077954297338
STU_014319,59.934423699889265
STU_014320,75.75925242708513
STU_014321,62.77227546363284
STU_014322,95.87712788144401
STU_014323,85.87769774634054
STU_014324,80.36158611634568
STU_014325,84.82523562122805
STU_014326,83.66496978506913
STU_014327,68.01988287119971
STU_014328,51.882628343643006
STU_014329,94.86195315826689
STU_014330,54.12721513281785
STU_014331,61.59049993639039
STU_014332,59.21981435200122
STU_014333,70.10648428838269
STU_014334,95.77958648058711
STU_014335,78.9181937282707
STU_014336,92.4175289197754
STU_014337,80.70519885479875
STU_014338,63.9349929784952
STU_014339,63.77393050891243
STU_014340,62.85937003357732
STU_014341,93.48812043186979
STU_014342,56.460663585151494
STU_014343,71.86163510454652
STU_014344,45.96994359975948
STU_014345,75.15878026482403
STU_014346,87.5541584921539
STU_014347,66.76414023350611
STU_014348,72.22149645850098
STU_014349,65.86017977976726
STU_014350,68.848744217319
STU_014351,73.89597528133365
STU_014352,92.59611675918389
STU_014353,90.71874460568787
STU_014354,90.75904191610225
STU_014355,65.02002649679476
STU_014356,50.070215315960354
STU_014357,86.142684306256
STU_014358,55.18239728409277
STU_014359,73.94120632302895
STU_014360,58.06269267495995
STU_014361,65.4202773357179
STU_014362,99.72991561889648
STU_014363,45.93849464031484
STU_014364,77.85398161513842
STU_014365,62.56310251693702
STU_014366,73.82294825353095
STU_014367,70.78368787025798
STU_014368,89.80768408338525
STU_014369,90.33182396844231
STU_014370,96.17588529629961
STU_014371,74.90029402340934
STU_014372,86.5383155131129
STU_014373,66.00102077621676
STU_014374,81.34045568629081
STU_014375,78.94051734556948
STU_014376,93.8112474492546
STU_014377,83.24910742878666
STU_014378,99.51250700087124
STU_014379,79.85182784055976
STU_014380,83.25200870164004
STU_014381,45.371906514931766
STU_014382,78.06463656713396
STU_014383,73.49259724565765
STU_014384,87.21303527378478
STU_014385,91.55152876800236
STU_014386,61.40861840882235
STU_014387,79.24206024453
STU_014388,67.8355840674482
STU_014389,74.48563136069409
STU_014390,67.49800200723612
STU_014391,45.153456331246254
STU_014392,88.59035158086027
STU_014393,89.91265601636427
STU_014394,72.57768014066913
STU_014395,97.6343170445509
STU_014396,91.81619800572865
STU_014397,78.786480754499
STU_014398,99.89433364868165
STU_014399,72.68568030787368
STU_014400,96.27813627885229
STU_014401,83.77065411443941
STU_014402,77.02134342768944
STU_014403,77.3421460464296
STU_014404,78.89581078744695
STU_014405,63.75928055843255
STU_014406,78.95220907451471
STU_014407,99.35667340486724
STU_014408,63.19087594405842
STU_014409,56.51646288592287
STU_014410,72.59122532950751
STU_014411,66.1707918264405
STU_014412,72.4832544050761
STU_014413,82.44937774108408
STU_014414,64.42481429152123
STU_014415,69.19895783119728
STU_014416,78.30145387223524
STU_014417,92.05564057511748
STU_014418,91.47859595931939
STU_014419,54.1697351986578
STU_014420,91.27554248556328
STU_014421,96.13718122559138
STU_014422,67.2459314373796
STU_014423,93.48636772110311
STU_014424,77.54802984973355
STU_014425,97.6990298313167
STU_014426,70.54064670912506
STU_014427,88.11970955591579
STU_014428,92.70425454079938
STU_014429,92.73133882206011
STU_014430,52.51204092104706
STU_014431,57.73481000355108
STU_014432,74.17998012524401
STU_014433,65.86584002167828
STU_014434,78.05524887214722
STU_014435,96.22038834188729
STU_014436,56.34107939325809
STU_014437,70.063507113117
STU_014438,75.18130306544758
STU_014439,81.34754668837093
STU_014440,47.21807409730788
STU_014441,62.801585789188906
STU_014442,76.89888123730451
STU_014443,52.820922341016995
STU_014444,51.30479228445273
STU_014445,72.11512589528178
STU_014446,67.24957538695097
STU_014447,96.28468245445907
STU_014448,62.3753349391351
STU_014449,53.517779237199335
STU_014450,66.64203195741243
STU_014451,88.65324090498491
STU_014452,90.21806092608088
STU_014453,99.90954971313477
STU_014454,88.46120333738568
STU_014455,89.83972803759335
STU_014456,83.2845319183858
STU_014457,62.22454972456275
STU_014458,63.1954870153087
STU_014459,75.57355591337824
STU_014460,99.7521827697754
STU_014461,94.0937352438097
STU_014462,82.76289952365136
STU_014463,84.81282602318774
STU_014464,72.35040940834202
STU_014465,95.24643443768434
STU_014466,66.57887698592413
STU_014467,78.29262819030868
STU_014468,72.94629929441308
STU_014469,83.13403558548251
STU_014470,76.20978736230765
STU_014471,84.16839405003552
STU_014472,65.36463417325706
STU_014473,65.0522631556768
STU_014474,85.52520958674162
STU_014475,62.31808389236464
STU_014476,69.51033216412469
STU_014477,93.45161457499297
STU_014478,81.24960783276485
STU_014479,97.38613622511811
STU_014480,76.5262387440936
STU_014481,90.35718288701082
STU_014482,51.75122629234373
STU_014483,95.02011605326464
STU_014484,47.52795325179551
STU_014485,76.5887301883068
STU_014486,89.69796969222668
STU_014487,82.59525353163987
STU_014488,72.16443572063746
STU_014489,46.2949615316369
STU_014490,91.65500395831228
STU_014491,82.55443975582023
STU_014492,78.57542089611573
STU_014493,62.51637514713352
STU_014494,86.69196473792393
STU_014495,70.23946128299144
STU_014496,67.44452064425438
STU_014497,63.72165360228655
STU_014498,87.94119246329603
STU_014499,82.02770743112977
STU_014500,66.71789953517298
STU_014501,63.225260494368044
STU_014502,70.4519708147937
STU_014503,74.88714411233403
STU_014504,99.83109130859376
STU_014505,74.04768009242895
STU_014506,76.21202818751374
STU_014507,71.83840491742065
STU_014508,62.75245445745796
STU_014509,75.35890256569368
STU_014510,60.85774859291004
STU_014511,84.02836350178069
STU_014512,74.42335072224311
STU_014513,82.32767140718038
STU_014514,82.33441287998673
STU_014515,73.36266249477825
STU_014516,81.59685613168497
STU_014517,80.76338158628673
STU_014518,79.23619883639935
STU_014519,60.228460006175645
STU_014520,76.22276014247426
STU_014521,96.8912700255788
STU_014522,66.8562472821087
STU_014523,95.9824418266677
STU_014524,90.90723757740308
STU_014525,69.71317984082667
STU_014526,78.20914667302792
STU_014527,43.60637378438139
STU_014528,65.48432610303055
STU_014529,83.98500084543102
STU_014530,66.84581131968541
STU_014531,76.11590765890693
STU_014532,96.84289830633176
STU_014533,99.48326051983126
STU_014534,95.58672596899913
STU_014535,96.09232548340358
STU_014536,88.6381086675656
STU_014537,76.84603139687673
STU_014538,61.79084439804224
STU_014539,68.26097169577537
STU_014540,52.5894434746967
STU_014541,89.6948826462411
STU_014542,51.77375463845443
STU_014543,86.75808417437592
STU_014544,66.6906237122852
STU_014545,61.61404089025813
STU_014546,55.00189768714155
STU_014547,61.444428083756
STU_014548,93.31911768987723
STU_014549,97.22747444645908
STU_014550,79.2071570223615
STU_014551,69.5264116574184
STU_014552,67.37716157515108
STU_014553,82.93168814449243
STU_014554,75.15652453972666
STU_014555,66.900062855548
STU_014556,96.0651926895002
STU_014557,75.56264530465653
STU_014558,55.597129594007214
STU_014559,79.84883402005994
STU_014560,98.62806916037972
STU_014561,75.17272218545538
STU_014562,67.90684833569918
STU_014563,75.9469126006546
STU_014564,98.40642554749957
STU_014565,66.54708643146981
STU_014566,87.83679129257447
STU_014567,70.0877089987038
STU_014568,69.00008604672672
STU_014569,76.12289956177815
STU_014570,53.77624688806746
STU_014571,65.74561317529079
STU_014572,72.63304560855825
STU_014573,78.84964013511166
STU_014574,63.619334032116015
STU_014575,58.987673667614345
STU_014576,69.77367999473944
STU_014577,56.291682120235585
STU_014578,63.12298237596005
STU_014579,79.3970183851228
STU_014580,88.85315470873957
STU_014581,89.15376626695831
STU_014582,81.80308969932386
STU_014583,70.64943974470782
STU_014584,79.73511116379562
STU_014585,71.87338480572564
STU_014586,88.25363613865213
STU_014587,57.34628520772296
STU_014588,80.83478809548217
STU_014589,53.401793773683394
STU_014590,64.12777424761526
STU_014591,90.1381858835907
STU_014592,75.58950405284705
STU_014593,94.41906971869903
STU_014594,98.20342137891858
STU_014595,49.294637196082476
STU_014596,99.92220993041992
STU_014597,71.26682703457243
STU_014598,59.991771230948665
STU_014599,78.6224501865662
STU_014600,55.61228793034345
STU_014601,76.09376524634436
STU_014602,93.88220575386283
STU_014603,52.392188256176716
STU_014604,84.99465691482419
STU_014605,99.58780670166016
STU_014606,55.41196163666327
STU_014607,82.6569139649904
STU_014608,59.1649148122239
STU_014609,79.92242106877544
STU_014610,82.3218979858956
STU_014611,81.5839107203542
STU_014612,57.73992362592245
STU_014613,69.73520716629129
STU_014614,90.90867186795185
STU_014615,75.33008117345625
STU_014616,95.76507274600084
STU_014617,61.54482721620011
STU_014618,85.52177606223208
STU_014619,78.55654000242293
STU_014620,85.35284391503771
STU_014621,61.658630680442265
STU_014622,96.34771816252251
STU_014623,72.95120163274382
STU_014624,82.32164853514459
STU_014625,70.04659999410073
STU_014626,90.77183924571358
STU_014627,63.51219636377474
STU_014628,57.90274782770515
STU_014629,80.99101806123579
STU_014630,72.02537321796144
STU_014631,61.86929409985355
STU_014632,67.78404848652247
STU_014633,69.693668133714
STU_014634,95.05679838334757
STU_014635,57.984966802930344
STU_014636,43.90939010722499
STU_014637,90.85791974173968
STU_014638,67.69293567723831
STU_014639,76.4443177001227
STU_014640,68.9191890224252
STU_014641,62.25591336195237
STU_014642,96.0578216828278
STU_014643,54.824132656276745
STU_014644,93.73753137508767
STU_014645,76.8113005368268
STU_014646,90.52738539078283
STU_014647,91.10910916603922
STU_014648,71.76669795237484
STU_014649,92.33287506167659
STU_014650,70.640868453353
STU_014651,62.46156563916901
STU_014652,92.68258460456252
STU_014653,77.24818848791419
STU_014654,85.70440594674841
STU_014655,49.8894447609441
STU_014656,67.39520095765471
STU_014657,54.08064566835381
STU_014658,76.95904538335634
STU_014659,72.03274130971475
STU_014660,71.67705568648589
STU_014661,48.980592895895356
STU_014662,71.98369701172575
STU_014663,73.06121534471754
STU_014664,52.93525229875126
STU_014665,77.72494882870018
STU_014666,94.91402647454257
STU_014667,78.3853798700534
STU_014668,55.34770225474114
STU_014669,78.07794496321648
STU_014670,98.0755609074597
STU_014671,78.11876875017617
STU_014672,84.52138933456823
STU_014673,94.41953049046583
STU_014674,95.16029644899129
STU_014675,83.34596121264735
STU_014676,75.93598397132982
STU_014677,64.40744681776536
STU_014678,67.67498582641869
STU_014679,61.23879639717723
STU_014680,45.114861643946234
STU_014681,93.02596060575823
STU_014682,45.24163409937561
STU_014683,67.7634574609425
STU_014684,61.45787646475995
STU_014685,65.12113052987536
STU_014686,80.20643811051133
STU_014687,87.41581295456439
STU_014688,95.34239126595838
STU_014689,65.04339456878073
STU_014690,60.38513342080361
STU_014691,83.39331205724648
STU_014692,92.80392033848003
STU_014693,69.7612215586401
STU_014694,76.01301457772371
STU_014695,99.72330856323242
STU_014696,42.49367871435642
STU_014697,75.28203338975227
STU_014698,91.2173678847935
STU_014699,67.5058959974262
STU_014700,91.33113419070403
STU_014701,68.512853574276
STU_014702,88.69321243865787
STU_014703,79.74035639077587
STU_014704,96.40792496381863
STU_014705,81.13354666410531
STU_014706,84.97685261986064
STU_014707,96.32225808683295
STU_014708,99.01929970995411
STU_014709,79.39942041279323
STU_014710,52.260367401640764
STU_014711,74.42816418890615
STU_014712,78.17531602139863
STU_014713,42.04467182204274
STU_014714,80.14240057255759
STU_014715,76.8190228334478
STU_014716,61.99623565416976
STU_014717,57.450205760605044
STU_014718,65.198523577059
STU_014719,94.95352353514374
STU_014720,82.40111501617355
STU_014721,53.85145811764372
STU_014722,67.47572528280253
STU_014723,95.54291847858266
STU_014724,91.62267443408761
STU_014725,71.6256340166137
STU_014726,66.15274838679511
STU_014727,58.92386618487129
STU_014728,94.77079467375398
STU_014729,81.39939991982405
STU_014730,52.86300565420416
STU_014731,63.85149437152966
STU_014732,81.16099465580578
STU_014733,75.17023680243692
STU_014734,62.26483126549515
STU_014735,99.74273681640625
STU_014736,77.43614637184488
STU_014737,75.40597957835722
STU_014738,72.58288689244367
STU_014739,85.58737569105094
STU_014740,76.73386292408634
STU_014741,79.69485956666225
STU_014742,96.40807749249683
STU_014743,99.33704246562476
STU_014744,69.18846967722888
STU_014745,82.01566410586528
STU_014746,44.41444765231027
STU_014747,73.9581262362772
STU_014748,99.48956069946288
STU_014749,93.3403795506681
STU_014750,81.0161952666447
STU_014751,94.13001447367363
STU_014752,79.34112589194979
STU_014753,59.40419133112048
STU_014754,99.55674896240234
STU_014755,66.78918823593311
STU_014756,67.57753661845774
STU_014757,73.7246666933761
STU_014758,99.7074462890625
STU_014759,68.25527782445322
STU_014760,76.47323719805507
STU_014761,76.28170396433566
STU_014762,99.88778991699219
STU_014763,83.17355432399995
STU_014764,99.8996826171875
STU_014765,75.68363620650308
STU_014766,81.30778576347265
STU_014767,68.8957804627583
STU_014768,67.17868428592061
STU_014769,97.20165593945967
STU_014770,78.79431571448801
STU_014771,74.33585520077247
STU_014772,69.89412130253955
STU_014773,85.8051736477432
STU_014774,93.1653299984676
STU_014775,77.2259083121217
STU_014776,75.75321348785522
STU_014777,77.78871282662304
STU_014778,78.22508928251489
STU_014779,78.43250613724747
STU_014780,58.7056662177613
STU_014781,84.24771582692807
STU_014782,85.86009173795082
STU_014783,92.86559502695332
STU_014784,92.93646497883532
STU_014785,82.24106205987627
STU_014786,80.72999565045828
STU_014787,76.92383570748322
STU_014788,96.5197445711259
STU_014789,75.55249914149587
STU_014790,79.28701130803492
STU_014791,64.64073092341417
STU_014792,55.539608117602086
STU_014793,66.55743329888121
STU_014794,62.67006195031368
STU_014795,79.34883948478998
STU_014796,78.25293947454546
STU_014797,71.97818768256283
STU_014798,89.13640788076674
STU_014799,92.48891034648892
STU_014800,86.1214138243599
STU_014801,91.56712383270684
STU_014802,57.78475221106997
STU_014803,88.3094773876851
STU_014804,79.57088143537516
STU_014805,74.09395872088871
STU_014806,73.96210553363437
STU_014807,64.35698360235095
STU_014808,70.31357568499793
STU_014809,52.89156440353892
STU_014810,96.40480131801039
STU_014811,99.01476990544806
STU_014812,74.28851626424851
STU_014813,61.6773335680457
STU_014814,68.48188654277185
STU_014815,53.748584796254185
STU_014816,80.29654523700398
STU_014817,85.8441835101894
STU_014818,47.5640242322128
STU_014819,79.44429781380197
STU_014820,70.34095021525074
STU_014821,57.74792130612548
STU_014822,99.10050771846977
STU_014823,64.1727566999138
STU_014824,91.55432196054431
STU_014825,78.13368029301922
STU_014826,92.48829651757615
STU_014827,57.75938976114262
STU_014828,76.81704261285562
STU_014829,76.41526584271163
STU_014830,84.06956869455382
STU_014831,83.92663444297284
STU_014832,64.78950334284974
STU_014833,63.811891988503625
STU_014834,81.45084286061689
STU_014835,76.72327205767719
STU_014836,86.15571732347098
STU_014837,72.42788468061049
STU_014838,74.67985923218157
STU_014839,83.50527992829815
STU_014840,77.49594710511457
STU_014841,99.22876892089843
STU_014842,52.75084951711995
STU_014843,69.39849641752247
STU_014844,95.66929611105869
STU_014845,66.63461911026229
STU_014846,84.86810151215045
STU_014847,78.42923921116031
STU_014848,56.8299948068008
STU_014849,59.35240201227398
STU_014850,70.28621114177972
STU_014851,84.19453115776308
STU_014852,80.59018825779151
STU_014853,72.99117530640706
STU_014854,63.39379953228084
STU_014855,75.68675811497413
STU_014856,72.41458785011403
STU_014857,81.50618504531514
STU_014858,65.4574751316664
STU_014859,87.15089741850608
STU_014860,46.946084675815825
STU_014861,86.48986571104814
STU_014862,96.57999783898248
STU_014863,66.97984468663478
STU_014864,77.16706433811605
STU_014865,68.7105795830721
STU_014866,67.96933980767419
STU_014867,71.99173835103285
STU_014868,99.73389434814453
STU_014869,99.83594968430361
STU_014870,73.20855168863812
STU_014871,76.35259595108737
STU_014872,81.79774267941565
STU_014873,65.04176015565031
STU_014874,66.5135962561859
STU_014875,83.48936988867297
STU_014876,54.38757227289214
STU_014877,66.8203849038548
STU_014878,62.281786424625096
STU_014879,79.9045429396825
STU_014880,83.75875663210512
STU_014881,76.60859758701773
STU_014882,71.63224856315998
STU_014883,78.70617904867328
STU_014884,67.82158267521491
STU_014885,83.02183332045885
STU_014886,65.50871427757524
STU_014887,76.3113917445259
STU_014888,86.70017608617579
STU_014889,69.80084101386862
STU_014890,93.22672848785217
STU_014891,71.27675868268427
STU_014892,87.67181810691191
STU_014893,61.935436482013095
STU_014894,73.59401360643525
STU_014895,58.25662252972239
STU_014896,78.60914642933928
STU_014897,77.79419880051776
STU_014898,82.27697512349353
STU_014899,57.20288866012513
STU_014900,98.78314969781151
STU_014901,84.80550206949027
STU_014902,81.49657802572386
STU_014903,88.47412159081958
STU_014904,77.07965867508989
STU_014905,92.08717688059525
STU_014906,78.7669443439037
STU_014907,52.08589908442167
STU_014908,79.61507381251454
STU_014909,83.40804264073599
STU_014910,74.04795441590258
STU_014911,98.36228794818676
STU_014912,80.59472602108207
STU_014913,75.440450874045
STU_014914,48.357804914419475
STU_014915,60.85317332870477
STU_014916,67.75503757634038
STU_014917,97.98010629239556
STU_014918,87.08067378327448
STU_014919,53.5588900925552
STU_014920,92.03751271676546
STU_014921,63.387579137954894
STU_014922,52.856785922047976
STU_014923,71.64257364236335
STU_014924,84.5236974088054
STU_014925,99.21218997105274
STU_014926,81.55898981875353
STU_014927,76.11536664996541
STU_014928,57.95948143065441
STU_014929,80.40779247147228
STU_014930,81.89550399870103
STU_014931,90.83734067438442
STU_014932,60.44818151320817
STU_014933,78.41164581473159
STU_014934,66.64124315743233
STU_014935,77.80169243656209
STU_014936,82.63087247425855
STU_014937,82.64888336850908
STU_014938,99.91890945434571
STU_014939,77.19369203832198
STU_014940,94.34512554013509
STU_014941,62.33876875257579
STU_014942,93.31072112447552
STU_014943,62.6110334604308
STU_014944,71.47507473260617
STU_014945,61.64036746654663
STU_014946,68.18170902704983
STU_014947,68.56828072391849
STU_014948,87.41611606349844
STU_014949,63.888624849494875
STU_014950,93.17327197782075
STU_014951,72.51311746960893
STU_014952,76.20561832325515
STU_014953,96.08502833400587
STU_014954,92.87557104298595
STU_014955,94.68777027752849
STU_014956,80.35753729664393
STU_014957,78.16970113539962
STU_014958,70.91957356465247
STU_014959,52.42534474120508
STU_014960,97.87137290136683
STU_014961,90.7338722950569
STU_014962,48.126616096696026
STU_014963,75.57495243533955
STU_014964,95.2411583650782
STU_014965,79.40063526419176
STU_014966,69.55028629211128
STU_014967,51.33348676723945
STU_014968,94.83693645408897
STU_014969,79.92180071511513
STU_014970,71.11482093800075
STU_014971,68.31160536288232
STU_014972,90.99121664383645
STU_014973,73.57555974270716
STU_014974,70.98221207560897
STU_014975,68.52176121507256
STU_014976,89.36469009111616
STU_014977,81.25144857078581
STU_014978,89.73124772948137
STU_014979,93.99520329299713
STU_014980,63.11744410752516
STU_014981,98.7796422345915
STU_014982,63.54707916953305
STU_014983,89.68613005893914
STU_014984,62.493718345214866
STU_014985,66.32284964527852
STU_014986,50.86541474992149
STU_014987,91.39550361612234
STU_014988,65.65638235556884
STU_014989,98.4292758998082
STU_014990,86.94411172378565
STU_014991,98.21128248272079
STU_014992,72.81830719952106
STU_014993,58.43068930238357
STU_014994,86.30935035191891
STU_014995,86.98689993011851
STU_014996,71.38555482844016
STU_014997,79.15794937358297
STU_014998,83.23304290629406
STU_014999,97.51982358928242
STU_015000,70.82802378434093
STU_015001,57.10978763244279
STU_015002,66.7999431410345
STU_015003,60.913121280457595
STU_015004,65.18665752271613
STU_015005,59.68573239053444
STU_015006,61.6369263005563
STU_015007,88.97674221695894
STU_015008,72.22472623476497
STU_015009,76.43184400430013
STU_015010,75.10766871088097
STU_015011,52.29755151649499
STU_015012,98.33044779843488
STU_015013,63.653001108395245
STU_015014,58.29572095215983
STU_015015,84.7151055002951
STU_015016,89.44015565076147
STU_015017,89.37039861275937
STU_015018,74.30107477295226
STU_015019,86.59079323832265
STU_015020,63.12052086354903
STU_015021,75.77121858097284
STU_015022,62.988218314845554
STU_015023,77.78810300919287
STU_015024,69.57393686284061
STU_015025,82.29664928929174
STU_015026,70.81335998760544
STU_015027,84.0582707966121
STU_015028,75.74121324536817
STU_015029,75.14344812922337
STU_015030,91.95700978482955
STU_015031,77.74410711625532
STU_015032,71.27582622975592
STU_015033,78.22775564993718
STU_015034,68.2348488639567
STU_015035,81.40648672771601
STU_015036,72.37837474299623
STU_015037,80.68580553373116
STU_015038,90.252511092397
STU_015039,64.72762173414702
STU_015040,78.94696561481095
STU_015041,82.74292091516796
STU_015042,46.30658419061875
STU_015043,84.01511038519828
STU_015044,87.94179029202412
STU_015045,89.45685036463091
STU_015046,66.38636821396875
STU_015047,83.78072079518763
STU_015048,68.40594698040063
STU_015049,73.20632079180693
STU_015050,58.029215025056196
STU_015051,67.40557497816445
STU_015052,62.388089067620704
STU_015053,67.82598111390215
STU_015054,93.02577448633245
STU_015055,84.11113497245472
STU_015056,60.24502696543833
STU_015057,97.9337893970697
STU_015058,57.99961363938583
STU_015059,98.52173623315855
STU_015060,75.13608667228377
STU_015061,74.49929862222116
STU_015062,71.42157232680357
STU_015063,69.19712911728533
STU_015064,60.74618805348668
STU_015065,92.9649271385811
STU_015066,84.55066882366472
STU_015067,71.0132908274407
STU_015068,64.06957904188596
STU_015069,73.52163280478877
STU_015070,72.01079828483887
STU_015071,74.86701449055744
STU_015072,99.98475570678711
STU_015073,66.76952662260592
STU_015074,67.09676140945123
STU_015075,94.63802681678057
STU_015076,72.24116797227245
STU_015077,66.79548017841525
STU_015078,68.86595274839149
STU_015079,99.91357879638673
STU_015080,64.92032881730617
STU_015081,98.93041086602823
STU_015082,60.89314465129929
STU_015083,81.78638539724898
STU_015084,64.78067822309849
STU_015085,76.79731291245523
STU_015086,66.68242921859054
STU_015087,58.2957746059584
STU_015088,91.26122035842772
STU_015089,79.19369927181845
STU_015090,88.55171918791916
STU_015091,74.69937512782224
STU_015092,76.70240669502415
STU_015093,95.49153918836048
STU_015094,68.66865416054003
STU_015095,76.0832476269137
STU_015096,89.27171458695383
STU_015097,80.27707794830314
STU_015098,67.95260314958489
STU_015099,58.466906067851006
STU_015100,84.42633552785293
STU_015101,77.63959076459697
STU_015102,79.0120271070781
STU_015103,99.09027888115277
STU_015104,75.42249649744728
STU_015105,92.37868890264433
STU_015106,71.007744700708
STU_015107,73.42052704254522
STU_015108,78.09561763870533
STU_015109,77.8015950800619
STU_015110,84.139570661014
STU_015111,59.987835650949876
STU_015112,80.41201379232979
STU_015113,66.18765478067475
STU_015114,83.7203470068072
STU_015115,61.96504388310111
STU_015116,90.36228083566112
STU_015117,65.33495087073933
STU_015118,53.91057897671646
STU_015119,83.81791735500639
STU_015120,85.65228096337913
STU_015121,60.51929278759307
STU_015122,99.85506820678711
STU_015123,66.44266203310548
STU_015124,86.20633919474241
STU_015125,76.95357066686992
STU_015126,71.64004443682194
STU_015127,92.76030607771888
STU_015128,77.67558397605356
STU_015129,68.80126243183281
STU_015130,71.1511489958358
STU_015131,82.95424031242555
STU_015132,87.37453976697095
STU_015133,94.41261216906655
STU_015134,83.25130663961424
STU_015135,85.27210903813067
STU_015136,76.83693957632752
STU_015137,72.1392516318599
STU_015138,70.48688933320656
STU_015139,82.31491855478194
STU_015140,96.87748661321089
STU_015141,67.92604298748708
STU_015142,75.60134461584455
STU_015143,99.49381309887286
STU_015144,82.96659876800086
STU_015145,60.72769486720816
STU_015146,96.27798266104264
STU_015147,78.57561092256672
STU_015148,70.51378291355192
STU_015149,65.73621013852457
STU_015150,46.447241613148414
STU_015151,53.74767640099742
STU_015152,74.48705391403885
STU_015153,59.75784859654808
STU_015154,83.111794657351
STU_015155,84.90690557742347
STU_015156,74.0444213802671
STU_015157,62.52948457081059
STU_015158,95.09739337939509
STU_015159,51.446583054013004
STU_015160,86.81390048001657
STU_015161,60.589684850506345
STU_015162,79.23765351441699
STU_015163,80.756777114917
STU_015164,40.36457506331237
STU_015165,87.46004829899516
STU_015166,97.186147277831
STU_015167,82.76790294555167
STU_015168,60.74227292885526
STU_015169,93.46478042252959
STU_015170,74.86986330100868
STU_015171,90.51616140184237
STU_015172,60.790045752820305
STU_015173,75.74076376949841
STU_015174,96.06186090847211
STU_015175,74.34640414075618
STU_015176,99.8355842590332
STU_015177,76.93846958018875
STU_015178,63.8330661389726
STU_015179,75.28874581515127
STU_015180,61.06195910212567
STU_015181,81.08274296611474
STU_015182,81.73395584388648
STU_015183,84.19535946693294
STU_015184,69.66132383184947
STU_015185,82.25686977415552
STU_015186,75.69978862894223
STU_015187,58.62840802828342
STU_015188,69.04995334950803
STU_015189,90.50920679330996
STU_015190,96.06540944481557
STU_015191,78.2815871093101
STU_015192,99.7919822692871
STU_015193,79.63128330395458
STU_015194,87.80996129095172
STU_015195,85.47291381842606
STU_015196,79.65153436440848
STU_015197,73.89051263955255
STU_015198,82.2969039801358
STU_015199,72.43962774019994
STU_015200,72.58825570447239
STU_015201,80.38597651031657
STU_015202,66.55745881047369
STU_015203,61.571810757104245
STU_015204,81.81270577910144
STU_015205,79.59324099634713
STU_015206,72.90671315444891
STU_015207,88.16526326653745
STU_015208,74.89527273205456
STU_015209,84.48076589507721
STU_015210,88.28619366436115
STU_015211,43.55612999742367
STU_015212,95.45060110948899
STU_015213,70.1624761083821
STU_015214,95.87192815283495
STU_015215,77.56132066900885
STU_015216,94.34953029448718
STU_015217,57.20722961811326
STU_015218,74.2028123639995
STU_015219,76.32111974094042
STU_015220,45.33347438810124
STU_015221,86.02840709079929
STU_015222,62.980830109932306
STU_015223,86.0447558205471
STU_015224,73.07051831199672
STU_015225,72.10411851178918
STU_015226,68.74407375403617
STU_015227,64.67397627849297
STU_015228,82.62661575351359
STU_015229,73.57642200587443
STU_015230,74.95723486077284
STU_015231,98.98102423322588
STU_015232,83.24450766372706
STU_015233,88.62941709178162
STU_015234,72.2860189311422
STU_015235,70.77416431272576
STU_015236,97.95495548888525
STU_015237,79.57813056548255
STU_015238,82.37356464066471
STU_015239,94.74380952164441
STU_015240,65.94507490025867
STU_015241,44.804045634725824
STU_015242,53.008075087439096
STU_015243,78.29127008911021
STU_015244,78.3500151384116
STU_015245,67.4104219992452
STU_015246,99.83471069335937
STU_015247,79.99959975114952
STU_015248,79.8660794319977
STU_015249,68.18400067126173
STU_015250,88.21370657873892
STU_015251,66.71587975072808
STU_015252,91.09142437728148
STU_015253,89.19494867731251
STU_015254,99.5716596816398
STU_015255,61.49401684101974
STU_015256,61.977593536874
STU_015257,74.39653435532414
STU_015258,93.06244097505896
STU_015259,85.86889673215099
STU_015260,96.04795307766813
STU_015261,84.03843750877562
STU_015262,88.39732779982258
STU_015263,87.2803924370823
STU_015264,79.92155267995165
STU_015265,96.65362054338128
STU_015266,68.93527935813223
STU_015267,78.78140501867765
STU_015268,56.59539752111435
STU_015269,60.23389177843691
STU_015270,73.7562788272972
STU_015271,73.74277484844282
STU_015272,66.61627921725326
STU_015273,88.0386629845577
STU_015274,77.09959547256148
STU_015275,45.03546393262538
STU_015276,50.48495939379737
STU_015277,72.33481704306212
STU_015278,99.68588090124807
STU_015279,49.840845108462204
STU_015280,87.74605833468434
STU_015281,99.54328002929688
STU_015282,85.80322010698771
STU_015283,83.61042932858021
STU_015284,76.7398683071372
STU_015285,41.262920666488654
STU_015286,88.30851544973916
STU_015287,76.3243462915598
STU_015288,79.26187451901515
STU_015289,60.473478379099305
STU_015290,77.5158335964052
STU_015291,77.39125580720568
STU_015292,66.91870865208107
STU_015293,60.43664819319771
STU_015294,82.21788490005648
STU_015295,76.89495366765684
STU_015296,67.18824395346533
STU_015297,85.96209458592423
STU_015298,96.60687846444159
STU_015299,68.72634932507952
STU_015300,87.18029293989477
STU_015301,74.5708760283053
STU_015302,82.72109197265206
STU_015303,66.53300338166305
STU_015304,59.176498090997825
STU_015305,67.6889854543351
STU_015306,82.10409364009357
STU_015307,98.86899882446951
STU_015308,58.52618007707618
STU_015309,69.3095607792455
STU_015310,80.83963067371869
STU_015311,61.45305969340694
STU_015312,81.34632448860698
STU_015313,60.10795496827427
STU_015314,84.34766268913111
STU_015315,71.04980832786812
STU_015316,92.14024184314671
STU_015317,72.30251280055299
STU_015318,81.63806127507993
STU_015319,71.55550463757392
STU_015320,72.0201021333236
STU_015321,62.34836313398738
STU_015322,96.5860755466276
STU_015323,80.11006521829148
STU_015324,70.65342111052952
STU_015325,81.35619279929014
STU_015326,56.271632947003624
STU_015327,76.59650422683401
STU_015328,72.8884620214164
STU_015329,70.4618304722444
STU_015330,74.37044536873307
STU_015331,60.52857838986268
STU_015332,99.83995666503907
STU_015333,68.96659231868739
STU_015334,78.71444078432171
STU_015335,96.92141124648039
STU_015336,90.21425630973322
STU_015337,66.13484888879262
STU_015338,64.65092730447083
STU_015339,65.12094769458855
STU_015340,93.60505253245552
STU_015341,80.14681952008739
STU_015342,99.94101486206054
STU_015343,81.80628312243009
STU_015344,95.84436104917816
STU_015345,99.72425231933593
STU_015346,87.73854352648146
STU_015347,95.35436741174503
STU_015348,74.89778436516771
STU_015349,81.17661395375035
STU_015350,87.73013970582612
STU_015351,99.92292404174805
STU_015352,81.86018000197467
STU_015353,76.38378463118002
STU_015354,57.818556368821284
STU_015355,58.19811547808232
STU_015356,60.92966246125049
STU_015357,70.07214646414413
STU_015358,82.01519118963668
STU_015359,84.38026916223298
STU_015360,91.25540323994942
STU_015361,79.84804179994468
STU_015362,73.19704542849905
STU_015363,77.67833906522259
STU_015364,93.11656480930539
STU_015365,76.19084640713376
STU_015366,94.32158430801849
STU_015367,82.38235480751419
STU_015368,74.83521123273736
STU_015369,99.5048583984375
STU_015370,96.02877539018712
STU_015371,56.67572454723038
STU_015372,59.829870492868096
STU_015373,85.40488791031345
STU_015374,87.62039790588662
STU_015375,68.4449101805788
STU_015376,71.96343470146262
STU_015377,91.25934916391715
STU_015378,73.09790172398354
STU_015379,95.27417834185499
STU_015380,89.25704127892146
STU_015381,94.82111053781531
STU_015382,83.42373170356161
STU_015383,58.717873115338435
STU_015384,76.55234654417464
STU_015385,58.98211753704286
STU_015386,76.07429014084093
STU_015387,66.82272964736796
STU_015388,76.8362452149208
STU_015389,99.0186554542256
STU_015390,44.41755832670722
STU_015391,79.64077652379767
STU_015392,91.43549779158005
STU_015393,90.94447934800337
STU_015394,75.95968470519392
STU_015395,80.44673100932654
STU_015396,72.7690227643878
STU_015397,97.64028579700877
STU_015398,71.79757794111427
STU_015399,97.66343755905018
STU_015400,91.40783983512665
STU_015401,89.83531354759339
STU_015402,71.59047085043011
STU_015403,57.83082763657947
STU_015404,80.85699688034381
STU_015405,81.30680836980275
STU_015406,85.07657806678415
STU_015407,86.38372299072371
STU_015408,31.649882644045718
STU_015409,77.71651565497861
STU_015410,67.90365101903234
STU_015411,72.68252698489584
STU_015412,69.85658439267218
STU_015413,77.52161367641789
STU_015414,70.53023552696325
STU_015415,66.55755540609792
STU_015416,88.34858030059348
STU_015417,58.23057835869373
STU_015418,86.48166929083638
STU_015419,54.51133044383459
STU_015420,63.756785994526595
STU_015421,94.6493798230941
STU_015422,76.46016226334645
STU_015423,84.46214737691818
STU_015424,99.80416259765624
STU_015425,90.33120262623746
STU_015426,60.905860642244505
STU_015427,58.58799388784929
STU_015428,74.67906783841909
STU_015429,78.258332638236
STU_015430,36.384012461506295
STU_015431,65.82259139349641
STU_015432,80.98612962086304
STU_015433,70.67331754222604
STU_015434,64.50644806104435
STU_015435,65.84772560872763
STU_015436,76.86320191401248
STU_015437,70.60781838099348
STU_015438,92.43175387601377
STU_015439,76.76594213763796
STU_015440,77.02032068548928
STU_015441,66.64960633351058
STU_015442,88.70938055899936
STU_015443,62.94616947831079
STU_015444,77.27691212235035
STU_015445,65.7235145784856
STU_015446,70.32048151142824
STU_015447,47.410821983265166
STU_015448,43.484119208991146
STU_015449,79.04513316583706
STU_015450,91.69256167984939
STU_015451,78.92983758273441
STU_015452,81.05481136473824
STU_015453,96.55065920667039
STU_015454,80.5053457589351
STU_015455,51.591682903426474
STU_015456,77.03116251668389
STU_015457,67.32099434142991
STU_015458,66.74291283106986
STU_015459,48.22724828545816
STU_015460,99.96443328857421
STU_015461,99.65220260620117
STU_015462,73.01794503506258
STU_015463,82.17666255265112
STU_015464,58.55235213539876
STU_015465,49.117451279465
STU_015466,88.33216223649575
STU_015467,87.70873866483845
STU_015468,57.70265572788267
STU_015469,64.01706587246424
STU_015470,94.64098092220115
STU_015471,73.63132268319369
STU_015472,91.04106139320217
STU_015473,89.64535482973318
STU_015474,99.35256619870816
STU_015475,76.53734997894975
STU_015476,81.54126059921239
STU_015477,54.30814606093066
STU_015478,50.25095840145488
STU_015479,96.42425731569857
STU_015480,66.0560966373528
STU_015481,80.38464303053013
STU_015482,62.55339578722506
STU_015483,90.10107642777527
STU_015484,67.96792509649677
STU_015485,66.62901463943149
STU_015486,73.41517187952215
STU_015487,63.30162263045819
STU_015488,76.93492512162969
STU_015489,82.97635087897169
STU_015490,90.47483024596892
STU_015491,81.63860003787715
STU_015492,62.7169667915512
STU_015493,66.67161800457325
STU_015494,64.55189096470338
STU_015495,88.48808955746793
STU_015496,66.07513410909789
STU_015497,54.6888057601647
STU_015498,69.34037558259035
STU_015499,38.03940568409373
STU_015500,75.09954301443085
STU_015501,90.43448029501762
STU_015502,48.84915201283087
STU_015503,87.18203245308555
STU_015504,85.19662005614566
STU_015505,76.30821418089727
STU_015506,74.70707454674155
STU_015507,99.94086532592775
STU_015508,99.45169864230402
STU_015509,86.9308884148717
STU_015510,84.41612052062237
STU_015511,89.45486702008452
STU_015512,80.3871435109311
STU_015513,81.22897498296444
STU_015514,82.11954112532771
STU_015515,76.99917290111242
STU_015516,74.48349827397132
STU_015517,96.40234291629571
STU_015518,72.15439482118079
STU_015519,52.47682950497179
STU_015520,76.16235544699317
STU_015521,90.58676164344644
STU_015522,64.61840685522792
STU_015523,67.36993107040021
STU_015524,34.124590945142515
STU_015525,80.15985600325794
STU_015526,75.80381025410101
STU_015527,71.51170958558232
STU_015528,71.09895679052093
STU_015529,86.37697374904633
STU_015530,88.66876838396317
STU_015531,85.98446543457041
STU_015532,78.60518130372773
STU_015533,53.605460535836784
STU_015534,94.26820690505534
STU_015535,75.99068409291293
STU_015536,78.86756935565496
STU_015537,70.41083597089292
STU_015538,90.67752103687394
STU_015539,66.14573255799442
STU_015540,66.68143264309066
STU_015541,72.6919344584777
STU_015542,91.96112082137336
STU_015543,81.23976578762111
STU_015544,98.41096669979055
STU_015545,72.61388971717113
STU_015546,76.57175853844558
STU_015547,54.032065098551854
STU_015548,60.99038624364515
STU_015549,95.40337260585028
STU_015550,93.92163943665477
STU_015551,78.21710987050311
STU_015552,73.02812955089075
STU_015553,46.7739980331184
STU_015554,81.2679582442355
STU_015555,80.5630588602576
STU_015556,93.89542016763914
STU_015557,77.00947632277503
STU_015558,88.29128182262639
STU_015559,87.31667797606877
STU_015560,80.80285896020484
STU_015561,85.84690557054128
STU_015562,83.44550983257994
STU_015563,66.04767255841661
STU_015564,71.46183707459886
STU_015565,65.71353806939231
STU_015566,70.75449822649546
STU_015567,72.55144788675241
STU_015568,70.56888009985158
STU_015569,73.9429428566695
STU_015570,96.9048716632077
STU_015571,60.620058037487944
STU_015572,78.53457302010818
STU_015573,84.44067676646083
STU_015574,62.88659978167271
STU_015575,73.72432542588643
STU_015576,69.28991551201943
STU_015577,71.20099067607552
STU_015578,80.22482038913681
STU_015579,71.99868376178131
STU_015580,73.82582769081294
STU_015581,83.13769106328716
STU_015582,77.51297453245604
STU_015583,93.98828736631594
STU_015584,87.13294091488993
STU_015585,89.19259565680164
STU_015586,91.15893911588847
STU_015587,52.710385813165516
STU_015588,73.2562920246637
STU_015589,78.9257374297631
STU_015590,61.04311607783572
STU_015591,55.33591945568381
STU_015592,88.60159691677475
STU_015593,64.372681658246
STU_015594,92.58215923016729
STU_015595,95.94216883486294
STU_015596,82.11106815383758
STU_015597,93.18778144223927
STU_015598,78.79994922785097
STU_015599,51.74439961161425
STU_015600,67.96185655040871
STU_015601,49.84135941701312
STU_015602,62.0615856132322
STU_015603,80.20073294718729
STU_015604,83.10498593039873
STU_015605,57.369074815842254
STU_015606,79.85582648924085
STU_015607,66.14980546400298
STU_015608,73.25731618847058
STU_015609,71.43870710461191
STU_015610,68.16738751598407
STU_015611,85.65385148078106
STU_015612,82.60862773470227
STU_015613,94.13381050017372
STU_015614,63.482764293745376
STU_015615,70.06674714917834
STU_015616,80.62211124751705
STU_015617,64.80372801194781
STU_015618,86.29186925109775
STU_015619,57.650542594925696
STU_015620,70.78888326043419
STU_015621,71.43978325634876
STU_015622,78.90532042487715
STU_015623,89.51151696637783
STU_015624,80.86102096825041
STU_015625,82.39564672965045
STU_015626,59.30620969282438
STU_015627,99.94849395751953
STU_015628,76.62607780017623
STU_015629,66.71976875199081
STU_015630,73.15082505177277
STU_015631,66.77921235911334
STU_015632,88.69549589546551
STU_015633,87.41220973603812
STU_015634,69.99931462797127
STU_015635,98.67850968693745
STU_015636,69.25227011061075
STU_015637,48.59337375461811
STU_015638,73.04688701098506
STU_015639,97.89595465380918
STU_015640,66.95265839538385
STU_015641,58.492745712167284
STU_015642,99.81099166870118
STU_015643,83.82358982175926
STU_015644,95.53666864119165
STU_015645,54.90677996135016
STU_015646,99.73688201904298
STU_015647,71.80092923598305
STU_015648,61.10605175678636
STU_015649,78.55336631422625
STU_015650,69.68898200694147
STU_015651,51.69032419796365
STU_015652,97.38706567713808
STU_015653,74.18920162116629
STU_015654,64.95251236429311
STU_015655,99.95630950927735
STU_015656,69.04538269550784
STU_015657,76.24173781052447
STU_015658,70.83275667381017
STU_015659,72.37519002013916
STU_015660,90.02563734449495
STU_015661,39.435308959286154
STU_015662,70.15496215048822
STU_015663,86.20277342079078
STU_015664,55.6237449132112
STU_015665,82.0704243618015
STU_015666,81.67864332454968
STU_015667,96.57861754808421
STU_015668,85.7021432874799
STU_015669,79.49394254137383
STU_015670,65.25576906975422
STU_015671,86.67328051925804
STU_015672,88.90368753842071
STU_015673,81.14284424321588
STU_015674,80.08870554838835
STU_015675,88.2605469303773
STU_015676,49.86777068535639
STU_015677,83.45756496977513
STU_015678,99.822900390625
STU_015679,75.9083218621338
STU_015680,75.98683415623711
STU_015681,79.98409717527883
STU_015682,86.96121508026607
STU_015683,63.500504328090486
STU_015684,62.052919965975306
STU_015685,81.729502562579
STU_015686,69.78886571280032
STU_015687,86.69516025488366
STU_015688,78.7272634328701
STU_015689,63.88457936166925
STU_015690,62.39741641976161
STU_015691,98.4141401463323
STU_015692,90.27007994787601
STU_015693,77.83329177244681
STU_015694,97.7718877793716
STU_015695,94.92995821010224
STU_015696,48.076808368138174
STU_015697,63.63303512143537
STU_015698,88.12349654654615
STU_015699,96.84491270611676
STU_015700,82.70124916786517
STU_015701,68.48767613365197
STU_015702,88.59955350739212
STU_015703,92.04643206583279
STU_015704,78.23774426183807
STU_015705,82.51663265241272
STU_015706,62.37474824277099
STU_015707,76.98042175506558
STU_015708,53.00424099062273
STU_015709,62.78718158281021
STU_015710,68.26402063705419
STU_015711,74.34814637176083
STU_015712,88.78907900693369
STU_015713,82.73777184180503
STU_015714,73.21508199595974
STU_015715,87.09948811591423
STU_015716,60.77219197393458
STU_015717,62.982346222642576
STU_015718,70.22370837518244
STU_015719,58.379354448008556
STU_015720,57.86817491249034
STU_015721,58.84161694144025
STU_015722,68.68651260991746
STU_015723,73.37445184098681
STU_015724,99.46932373046874
STU_015725,91.56646719833768
STU_015726,77.81507572261631
STU_015727,65.27890098878703
STU_015728,79.90408059673763
STU_015729,94.69935105143838
STU_015730,68.24246566142462
STU_015731,78.05241243905866
STU_015732,55.482914813530925
STU_015733,64.80143119630327
STU_015734,65.4155908975911
STU_015735,53.58283521040511
STU_015736,92.85393326298544
STU_015737,74.51603321528192
STU_015738,63.77765089444584
STU_015739,77.01320650761883
STU_015740,94.37940536226824
STU_015741,64.2379978852191
STU_015742,69.78806119434942
STU_015743,90.88877985417663
STU_015744,64.68020688069592
STU_015745,86.50204456219646
STU_015746,68.19489814405347
STU_015747,95.19024297876868
STU_015748,51.8434321370976
STU_015749,87.64099643938917
STU_015750,58.838064379832005
STU_015751,87.03542616523212
STU_015752,70.72185572562366
STU_015753,79.12556572783107
STU_015754,79.60763796968376
STU_015755,92.02464981434491
STU_015756,80.69900971623755
STU_015757,88.30249748285095
STU_015758,99.82246093750001
STU_015759,84.5373068397709
STU_015760,60.976313874972114
STU_015761,91.65011926165413
STU_015762,67.01439517779643
STU_015763,65.61035794435644
STU_015764,77.36168748318259
STU_015765,81.96796378268039
STU_015766,79.13806881108013
STU_015767,84.6364356552731
STU_015768,77.8209964217284
STU_015769,84.19530662753417
STU_015770,65.41620597648193
STU_015771,96.24501113359284
STU_015772,58.25212883190506
STU_015773,53.80631915812606
STU_015774,99.56740859785785
STU_015775,80.12177208228098
STU_015776,63.84105299470225
STU_015777,66.06132892290437
STU_015778,61.983082177636675
STU_015779,54.92686519649152
STU_015780,81.08166213069259
STU_015781,73.90980512968002
STU_015782,86.46557005749884
STU_015783,64.8274351780759
STU_015784,76.82278772278231
STU_015785,71.55221329197911
STU_015786,74.35996852681743
STU_015787,80.98429756489335
STU_015788,78.70563509962199
STU_015789,51.14986477335326
STU_015790,63.66174430419089
STU_015791,70.70235494417334
STU_015792,79.96276244341512
STU_015793,90.78055479736487
STU_015794,90.34556835474835
STU_015795,61.95312962185557
STU_015796,89.36699504926787
STU_015797,81.50430913559111
STU_015798,89.01390054976525
STU_015799,89.64311441271566
STU_015800,65.46844734998358
STU_015801,76.61575342319455
STU_015802,57.44877209003671
STU_015803,71.54063089645872
STU_015804,78.12485358649721
STU_015805,49.52768989244352
STU_015806,97.61653857008403
STU_015807,77.04373596814902
STU_015808,68.54439687850366
STU_015809,47.92273824880547
STU_015810,85.04432989551357
STU_015811,99.62145080566407
STU_015812,85.55022984169156
STU_015813,95.05227964207207
STU_015814,67.9739619825633
STU_015815,60.83318815692263
STU_015816,91.91923006941713
STU_015817,71.16592893916487
STU_015818,69.56034498753279
STU_015819,53.695380228344916
STU_015820,66.30178032727234
STU_015821,76.46987253623286
STU_015822,64.6025806561555
STU_015823,75.01488642922546
STU_015824,82.29513267186042
STU_015825,49.92458305787787
STU_015826,55.595161567824064
STU_015827,64.19759991362145
STU_015828,72.71804465651827
STU_015829,86.7481056442888
STU_015830,92.03834919040175
STU_015831,73.88278046638337
STU_015832,94.83414650864397
STU_015833,92.46440633499745
STU_015834,41.66889971330208
STU_015835,79.73565520536917
STU_015836,81.40012443115577
STU_015837,75.51734363610947
STU_015838,71.70171562626805
STU_015839,89.25199568507344
STU_015840,67.55111393819516
STU_015841,56.54583290948763
STU_015842,91.13595582857198
STU_015843,86.63820982221273
STU_015844,92.31079527415629
STU_015845,65.87872458654945
STU_015846,63.023636262764725
STU_015847,75.15519172672306
STU_015848,87.24892588624823
STU_015849,97.17777348781647
STU_015850,55.987696405933946
STU_015851,72.08713616730196
STU_015852,61.6106508093942
STU_015853,76.28269541398947
STU_015854,92.63082665029415
STU_015855,94.26865617077299
STU_015856,73.63433867618969
STU_015857,83.0420882572085
STU_015858,62.99149649305357
STU_015859,71.06900400886974
STU_015860,69.46705546506921
STU_015861,71.73231238585345
STU_015862,67.56887402273865
STU_015863,96.12084146087201
STU_015864,53.18750722448272
STU_015865,59.7435942563054
STU_015866,73.81911069942247
STU_015867,32.91929168408339
STU_015868,70.1067577938278
STU_015869,89.31513867229505
STU_015870,75.22002184382116
STU_015871,74.33694632776626
STU_015872,47.0204674010656
STU_015873,97.81627695177949
STU_015874,71.29743978578426
STU_015875,84.12571983883157
STU_015876,63.05953773189751
STU_015877,96.84623489327242
STU_015878,84.19082436992173
STU_015879,96.87760645827692
STU_015880,80.9934391516428
STU_015881,97.85333073110871
STU_015882,68.8607772786008
STU_015883,78.85138154718997
STU_015884,87.62530849098391
STU_015885,60.756881861925955
STU_015886,93.09321941090045
STU_015887,99.16877519018149
STU_015888,62.47525552383001
STU_015889,88.17303312394039
STU_015890,94.1622272926675
STU_015891,89.70321774777082
STU_015892,54.93141507194948
STU_015893,54.23277408690582
STU_015894,51.333908423513144
STU_015895,60.64414741648109
STU_015896,69.24086194029027
STU_015897,91.03312703108566
STU_015898,77.07265535385304
STU_015899,90.44414164046088
STU_015900,69.40446882336552
STU_015901,70.94702671695961
STU_015902,75.3021810605679
STU_015903,83.87927649967104
STU_015904,79.044399180101
STU_015905,91.47956930913006
STU_015906,70.33422856469264
STU_015907,99.87962493896484
STU_015908,63.64749654643032
STU_015909,74.46693740938957
STU_015910,77.72390910067881
STU_015911,62.15507561956895
STU_015912,79.63079798258826
STU_015913,67.25895612749868
STU_015914,65.2325344736128
STU_015915,87.58021677165749
STU_015916,60.83042419000583
STU_015917,48.79891982154989
STU_015918,78.23538617665847
STU_015919,87.58757412534591
STU_015920,79.52617860633086
STU_015921,93.26025469739477
STU_015922,53.70040046314732
STU_015923,92.61386750184272
STU_015924,77.0452133731508
STU_015925,69.72168363191142
STU_015926,80.14714277284399
STU_015927,73.02086962347144
STU_015928,75.8226565489312
STU_015929,88.17817402635731
STU_015930,57.81054608336562
STU_015931,58.62433151432963
STU_015932,76.9859080019255
STU_015933,77.7162562524484
STU_015934,70.99867183402702
STU_015935,99.78851699829102
STU_015936,99.85523147583008
STU_015937,80.48718710727749
STU_015938,81.25033825868931
STU_015939,66.13582711610307
STU_015940,94.477013816121
STU_015941,65.00730795251411
STU_015942,89.22366777203781
STU_015943,82.64758612467864
STU_015944,99.21852341389656
STU_015945,72.66733661333011
STU_015946,75.5221149861888
STU_015947,72.89605753826223
STU_015948,69.253854012999
STU_015949,57.58737663395753
STU_015950,97.11122074411819
STU_015951,71.8970113225365
STU_015952,70.9596732539079
STU_015953,62.23551988458676
STU_015954,80.59151418521316
STU_015955,78.2691746944554
STU_015956,80.01728481964845
STU_015957,54.26006647347148
STU_015958,69.75494222416872
STU_015959,89.7470248710305
STU_015960,71.10261212813538
STU_015961,88.03882419241253
STU_015962,84.67723607349342
STU_015963,76.86806715451007
STU_015964,63.77775901332743
STU_015965,86.01553482554495
STU_015966,55.35182225378386
STU_015967,79.69537059713522
STU_015968,81.74202179282082
STU_015969,66.80501629092589
STU_015970,78.24571480432743
STU_015971,64.71406836437772
STU_015972,85.71602316830237
STU_015973,64.75162491442507
STU_015974,89.51856596295713
STU_015975,51.67537614149167
STU_015976,49.465074525656966
STU_015977,62.3178061204234
STU_015978,69.1534994845765
STU_015979,86.04235597576522
STU_015980,87.10374771095377
STU_015981,97.42157310172863
STU_015982,94.91217306808775
STU_015983,83.99514318102788
STU_015984,86.69678636757789
STU_015985,72.99247119219932
STU_015986,44.27897761418398
STU_015987,72.8378644894459
STU_015988,60.435811122297885
STU_015989,78.41995916722357
STU_015990,58.48246840331262
STU_015991,73.18922948079802
STU_015992,43.94942102681752
STU_015993,74.28258002173355
STU_015994,73.37194413099697
STU_015995,99.2459242210111
STU_015996,79.67815035411347
STU_015997,65.11949802073593
STU_015998,82.03198221240369
STU_015999,86.94798867486021
STU_016000,82.63338435677667
STU_016001,90.07480693347095
STU_016002,88.30750926374319
STU_016003,93.79530391029692
STU_016004,86.88201452497879
STU_016005,43.40606787563182
STU_016006,63.419075135572285
STU_016007,82.19347647927279
STU_016008,90.37957565543336
STU_016009,52.10632898535642
STU_016010,72.6035645721626
STU_016011,85.239349179121
STU_016012,70.70630211122909
STU_016013,69.97554500692206
STU_016014,98.53829365143929
STU_016015,48.740424844584695
STU_016016,96.4552337638501
STU_016017,78.66801186814892
STU_016018,81.97466106893947
STU_016019,72.23221973984471
STU_016020,93.30530627235126
STU_016021,99.8506690979004
STU_016022,67.777247572157
STU_016023,99.91055450439453
STU_016024,74.27571083057408
STU_016025,91.3153768057285
STU_016026,53.423339497434185
STU_016027,61.73881683059081
STU_016028,69.32721071293547
STU_016029,75.66238023537807
STU_016030,97.5064551298211
STU_016031,94.40638340763807
STU_016032,86.05287799809162
STU_016033,86.2746772364715
STU_016034,79.64628401702713
STU_016035,66.10355359058161
STU_016036,99.9115592956543
STU_016037,78.06777719468468
STU_016038,71.61072571690818
STU_016039,70.35579776656243
STU_016040,92.52638501840127
STU_016041,95.13932907811193
STU_016042,76.67562403856404
STU_016043,82.50220334020833
STU_016044,91.75060202613878
STU_016045,84.49165748140315
STU_016046,62.89036816346655
STU_016047,89.33518395845499
STU_016048,69.02283044355342
STU_016049,74.33780681942906
STU_016050,69.79898303978146
STU_016051,81.37502768267538
STU_016052,95.36286507823749
STU_016053,79.55322497645508
STU_016054,67.7690108136616
STU_016055,80.41610911437422
STU_016056,72.95106073914789
STU_016057,77.2977807191445
STU_016058,77.24573477492238
STU_016059,71.1783708536202
STU_016060,75.48240564653075
STU_016061,50.28115098376142
STU_016062,69.38940783004021
STU_016063,77.43808793805826
STU_016064,61.90171868141179
STU_016065,76.16999006868559
STU_016066,82.67787492364747
STU_016067,60.024779757609224
STU_016068,99.38246167250529
STU_016069,78.56680592787882
STU_016070,71.63908800577568
STU_016071,65.22652397139274
STU_016072,85.58735605565924
STU_016073,78.46941784726505
STU_016074,86.80140066659233
STU_016075,98.16626347587375
STU_016076,62.52415735039119
STU_016077,64.59930971967431
STU_016078,84.11075329724834
STU_016079,86.70352117576758
STU_016080,76.4708237328538
STU_016081,65.44628450204058
STU_016082,85.54961869753089
STU_016083,98.9381036568943
STU_016084,71.58683088638949
STU_016085,50.4672184888282
STU_016086,95.57632169047922
STU_016087,72.28046000480423
STU_016088,74.19179937713886
STU_016089,87.60811552616754
STU_016090,88.75154468201268
STU_016091,62.00841702905893
STU_016092,71.19756167460854
STU_016093,77.13059860236223
STU_016094,76.51717016813365
STU_016095,72.8945357119185
STU_016096,87.2499453591802
STU_016097,69.6031180137616
STU_016098,58.89885030525008
STU_016099,83.15945736284561
STU_016100,75.16494774030588
STU_016101,59.04770879087137
STU_016102,76.57686066320991
STU_016103,55.74114304486012
STU_016104,82.09909789147082
STU_016105,61.87545222356417
STU_016106,61.49938738851345
STU_016107,76.88133679268368
STU_016108,69.9168684297268
STU_016109,66.89257420278692
STU_016110,63.750178411228475
STU_016111,84.9065885140762
STU_016112,80.287899850229
STU_016113,57.217608491010296
STU_016114,72.1465260162327
STU_016115,86.66427478105103
STU_016116,96.83433039892226
STU_016117,81.45150141990283
STU_016118,66.88572350543669
STU_016119,83.05039767715488
STU_016120,86.10877069604763
STU_016121,68.11097539229702
STU_016122,73.73946538438035
STU_016123,87.85615356428148
STU_016124,96.13362169548455
STU_016125,90.91700256173839
STU_016126,80.61264431800346
STU_016127,85.03450180483227
STU_016128,95.37684468881751
STU_016129,65.80295648060005
STU_016130,98.3463066088794
STU_016131,85.20017356563312
STU_016132,70.42152634870007
STU_016133,74.32068246514649
STU_016134,73.58652139200987
STU_016135,59.79972094652008
STU_016136,91.67084098943005
STU_016137,79.69073166569282
STU_016138,77.0849319352873
STU_016139,98.13572790812603
STU_016140,86.10372258715867
STU_016141,89.78344860397092
STU_016142,81.58967738147152
STU_016143,54.25597968123883
STU_016144,77.22846108722678
STU_016145,77.39757479720856
STU_016146,85.5988470328106
STU_016147,87.65653789354354
STU_016148,64.71229435557983
STU_016149,53.665387483931326
STU_016150,94.8946719808794
STU_016151,57.18473725682489
STU_016152,78.53232129793072
STU_016153,68.99544399824194
STU_016154,82.35023526139105
STU_016155,83.41647514998252
STU_016156,64.56595721320639
STU_016157,77.09128120535276
STU_016158,97.75558003471538
STU_016159,60.320302308634254
STU_016160,77.12562595144183
STU_016161,73.40207366963679
STU_016162,95.60548984310677
STU_016163,75.81810934812596
STU_016164,61.533377702065835
STU_016165,96.01545354761348
STU_016166,63.2014948096236
STU_016167,81.40834681517468
STU_016168,86.76450940462266
STU_016169,91.27635190322407
STU_016170,84.06310248198454
STU_016171,75.57629264510541
STU_016172,62.128898198223645
STU_016173,69.45254251588017
STU_016174,59.52582989155031
STU_016175,92.19486799163408
STU_016176,75.22988831804096
STU_016177,86.11042500334432
STU_016178,81.27438707345436
STU_016179,80.31363884503665
STU_016180,55.88835467018878
STU_016181,94.57044398725469
STU_016182,52.95120575037997
STU_016183,76.99910877531822
STU_016184,73.48172865516064
STU_016185,99.92847442626953
STU_016186,48.26582195852632
STU_016187,96.02203661638221
STU_016188,77.45979367037773
STU_016189,84.80900185053292
STU_016190,81.25552964935554
STU_016191,55.14669867771259
STU_016192,58.53649686046086
STU_016193,79.87508218713265
STU_016194,91.14415471056816
STU_016195,84.29765753987489
STU_016196,55.79555793516117
STU_016197,96.65478345095687
STU_016198,71.70441587521887
STU_016199,78.9490221936104
STU_016200,64.98380894619406
STU_016201,67.98082425888035
STU_016202,63.09376410618455
STU_016203,68.44804568751962
STU_016204,62.03494369804962
STU_016205,53.893393456215364
STU_016206,72.07479947720358
STU_016207,51.057434272276815
STU_016208,69.81147707631612
STU_016209,69.10936374285876
STU_016210,56.77117284274429
STU_016211,71.85915020012469
STU_016212,67.79053541301633
STU_016213,93.07933514258909
STU_016214,56.318215231668574
STU_016215,70.46597442726775
STU_016216,59.55812386574826
STU_016217,72.40792625582674
STU_016218,99.2027473449707
STU_016219,81.87667549088285
STU_016220,89.96120947886222
STU_016221,65.92616482191531
STU_016222,66.37044573298627
STU_016223,64.19780574139762
STU_016224,97.57789941719315
STU_016225,84.14909626543371
STU_016226,87.69763567072823
STU_016227,78.26080255727369
STU_016228,74.17474632160973
STU_016229,63.86990373417606
STU_016230,65.81020910960645
STU_016231,95.00585631097617
STU_016232,98.87993569879058
STU_016233,49.8062772254317
STU_016234,86.99427795501953
STU_016235,58.384585581435736
STU_016236,76.30232524048209
STU_016237,69.78683527186071
STU_016238,88.20209074895615
STU_016239,67.59969092854799
STU_016240,92.93871436600816
STU_016241,86.76533305855831
STU_016242,71.7512612337442
STU_016243,76.51388015046896
STU_016244,78.84265744143887
STU_016245,72.16402968675992
STU_016246,66.71699070569223
STU_016247,70.51464473543298
STU_016248,73.09773127743031
STU_016249,65.80510131164138
STU_016250,89.79453460091639
STU_016251,50.64597882043749
STU_016252,87.99744375199812
STU_016253,86.28087579807575
STU_016254,84.32576716208024
STU_016255,70.91172836064666
STU_016256,43.29646920505692
STU_016257,83.0394312947465
STU_016258,81.91497949856738
STU_016259,72.65081608870229
STU_016260,72.99325259344079
STU_016261,96.39703650490154
STU_016262,81.28262514359518
STU_016263,55.275994494885396
STU_016264,52.05710641933834
STU_016265,97.77984074391136
STU_016266,89.72617992490927
STU_016267,71.06452548635644
STU_016268,81.49491552378224
STU_016269,95.02358776287299
STU_016270,69.5260695286656
STU_016271,70.452145229523
STU_016272,84.59271911942918
STU_016273,77.72129789697912
STU_016274,59.12287436839818
STU_016275,72.51092682103031
STU_016276,58.6333817979437
STU_016277,86.3271802273938
STU_016278,84.35743114259053
STU_016279,80.50351030907623
STU_016280,76.87603674949278
STU_016281,81.78744363175124
STU_016282,69.83020697061036
STU_016283,66.31969021765012
STU_016284,87.25046702023334
STU_016285,61.39127425301669
STU_016286,57.96892937457382
STU_016287,86.43268364909977
STU_016288,90.48684371892384
STU_016289,75.71424132158089
STU_016290,62.83489595357054
STU_016291,76.04410071962141
STU_016292,73.05332206410884
STU_016293,81.01025378410665
STU_016294,70.13503380764311
STU_016295,85.61303042703001
STU_016296,71.30464695260805
STU_016297,87.15931569126593
STU_016298,49.477249182973274
STU_016299,68.12477814202735
STU_016300,67.69065935100046
STU_016301,55.75854497649679
STU_016302,68.77020552829592
STU_016303,76.77152434408762
STU_016304,84.60474369837691
STU_016305,90.28824396514229
STU_016306,78.19281101659054
STU_016307,66.33176206931545
STU_016308,63.40580402641639
STU_016309,89.00174789826599
STU_016310,78.98527438807331
STU_016311,60.315277440612334
STU_016312,65.22034853246686
STU_016313,99.51796609404144
STU_016314,89.90724611785383
STU_016315,61.571552726775835
STU_016316,96.42469838192694
STU_016317,84.25144482767263
STU_016318,73.39778119483364
STU_016319,66.3373583822403
STU_016320,67.67329491257729
STU_016321,64.23459393613167
STU_016322,96.15390591515165
STU_016323,70.52312384733166
STU_016324,52.97077741355085
STU_016325,74.74609084087494
STU_016326,77.93290711154046
STU_016327,83.12174846613556
STU_016328,72.19805206866906
STU_016329,67.79464735313216
STU_016330,69.76092555426978
STU_016331,78.83022081030111
STU_016332,85.94794975260982
STU_016333,88.51220445875387
STU_016334,62.59579793051745
STU_016335,73.87980501575905
STU_016336,67.5037049995332
STU_016337,62.90079447519173
STU_016338,76.04376809098385
STU_016339,78.18603354273085
STU_016340,88.09780395373882
STU_016341,86.85362345298739
STU_016342,74.41411760763495
STU_016343,71.77801793108934
STU_016344,90.68433951019549
STU_016345,84.1674989842292
STU_016346,85.41625083034934
STU_016347,52.67140269690229
STU_016348,64.25431531991333
STU_016349,85.79099182162659
STU_016350,60.837520398933854
STU_016351,72.21871722273826
STU_016352,78.41150699935143
STU_016353,72.31160943098303
STU_016354,50.43364455612456
STU_016355,74.48074405181323
STU_016356,69.4453804787451
STU_016357,61.366737701747525
STU_016358,77.04737530698576
STU_016359,89.17155528983264
STU_016360,78.20718965670798
STU_016361,72.77845880741302
STU_016362,76.70752257373768
STU_016363,72.40690917406548
STU_016364,70.5791482810165
STU_016365,78.06250735276377
STU_016366,70.51031961415202
STU_016367,78.41006603453944
STU_016368,55.91901603500675
STU_016369,73.18585586470647
STU_016370,43.7041820426828
STU_016371,62.096650968709255
STU_016372,92.05065052762706
STU_016373,82.84053516245373
STU_016374,72.68010280312213
STU_016375,78.20399569254671
STU_016376,91.63830642549217
STU_016377,57.7383278873873
STU_016378,84.6720413089951
STU_016379,61.17304958296497
STU_016380,85.26323186380102
STU_016381,59.87276195124781
STU_016382,77.84984789965468
STU_016383,54.741932503567774
STU_016384,91.47986079154062
STU_016385,93.07211354089577
STU_016386,71.05635589705382
STU_016387,71.42972010868755
STU_016388,58.85748428147174
STU_016389,76.59813827813467
STU_016390,79.10917483360481
STU_016391,99.6676254272461
STU_016392,83.42155809288064
STU_016393,78.46496090015899
STU_016394,95.51653950401021
STU_016395,60.9663775601945
STU_016396,91.65097169233594
STU_016397,66.41428842331206
STU_016398,60.239565826882725
STU_016399,68.40227701252832
STU_016400,83.50434589418735
STU_016401,73.66704679375721
STU_016402,95.71515770016083
STU_016403,63.018724937623034
STU_016404,67.84195683250454
STU_016405,68.36461957054765
STU_016406,66.41754430427893
STU_016407,92.77374742554312
STU_016408,89.0915423335232
STU_016409,51.735212834441526
STU_016410,62.490496680944474
STU_016411,54.34804073729059
STU_016412,48.0051363726885
STU_016413,66.18073014511273
STU_016414,85.64649384439346
STU_016415,86.2322759048572
STU_016416,77.70156031523072
STU_016417,80.35864964070626
STU_016418,99.68610312494869
STU_016419,73.47585726965774
STU_016420,64.52471851500374
STU_016421,63.85637260922616
STU_016422,65.44303867352036
STU_016423,98.65585907243815
STU_016424,66.85590518792081
STU_016425,82.45626525778938
STU_016426,76.97316324089297
STU_016427,74.60424339573862
STU_016428,99.56760513233344
STU_016429,74.66335079292995
STU_016430,85.98412643345534
STU_016431,96.75724800894129
STU_016432,50.178109435573205
STU_016433,60.05982254692981
STU_016434,57.891297077603376
STU_016435,79.01063474828193
STU_016436,94.34327972775836
STU_016437,79.02836572282897
STU_016438,77.59410432476002
STU_016439,75.8061538719202
STU_016440,62.86335460347624
STU_016441,93.11300345840007
STU_016442,94.19000926437457
STU_016443,69.40296308721072
STU_016444,76.49265208131841
STU_016445,74.99862084133012
STU_016446,65.31901878087088
STU_016447,64.26648557448789
STU_016448,71.73413037292588
STU_016449,77.7623575150422
STU_016450,71.862480234694
STU_016451,90.30676456411547
STU_016452,87.99059183503802
STU_016453,61.864478135663646
STU_016454,66.89176620531563
STU_016455,47.864357823677466
STU_016456,72.62702638155204
STU_016457,89.2435174180003
STU_016458,75.90769580352361
STU_016459,76.97527331998307
STU_016460,79.09654809168867
STU_016461,56.55262127557355
STU_016462,85.16571876551411
STU_016463,82.98495144160972
STU_016464,79.80871491617646
STU_016465,84.75291142268853
STU_016466,69.01486241900771
STU_016467,81.50565710486427
STU_016468,64.64250127546853
STU_016469,53.51553517411254
STU_016470,87.06424310269239
STU_016471,57.48258775268229
STU_016472,82.18246082919127
STU_016473,75.29141711967002
STU_016474,68.66235604456872
STU_016475,99.34286533802091
STU_016476,94.0616635692644
STU_016477,92.49207591708966
STU_016478,87.03972045960836
STU_016479,65.14317174840193
STU_016480,78.16572128731036
STU_016481,74.00806133154161
STU_016482,63.91223674102301
STU_016483,87.09559286456607
STU_016484,69.04923992072824
STU_016485,68.24187676591562
STU_016486,87.40017662333395
STU_016487,71.27028051729076
STU_016488,80.32042770526016
STU_016489,97.67413001284999
STU_016490,66.83295294632393
STU_016491,88.61772640922489
STU_016492,89.95920862536661
STU_016493,87.71878949864784
STU_016494,74.908152226618
STU_016495,44.54085881728486
STU_016496,83.47774570181495
STU_016497,44.701108422717
STU_016498,61.88960695141057
STU_016499,74.05498284591795
STU_016500,71.46964422807811
STU_016501,74.12024908076964
STU_016502,74.50275778084253
STU_016503,57.0101179165508
STU_016504,78.6181297274448
STU_016505,95.95923499717223
STU_016506,74.22675349688456
STU_016507,66.64369103833593
STU_016508,87.27346393003651
STU_016509,41.66539572349029
STU_016510,74.24225899049836
STU_016511,67.52328639034829
STU_016512,68.32988370138584
STU_016513,53.35842992445397
STU_016514,88.36878920368086
STU_016515,61.60213851153323
STU_016516,57.46726652288284
STU_016517,80.76861461479899
STU_016518,78.6612952946759
STU_016519,82.94138473304272
STU_016520,58.17543977095727
STU_016521,99.8190414428711
STU_016522,52.707425033243815
STU_016523,70.52839112859606
STU_016524,68.57487855583722
STU_016525,43.910818813108364
STU_016526,99.91462402343751
STU_016527,55.60685255584255
STU_016528,67.63552096019306
STU_016529,72.50775251744695
STU_016530,82.5196475799192
STU_016531,97.23344377135172
STU_016532,99.55269610484527
STU_016533,75.90783060752022
STU_016534,87.33000014537478
STU_016535,63.84502262088329
STU_016536,84.6519262508576
STU_016537,81.1861867865855
STU_016538,64.76635889848849
STU_016539,69.20463614824159
STU_016540,79.60683822247013
STU_016541,99.88083267211914
STU_016542,57.13288138492857
STU_016543,60.67824499915775
STU_016544,90.65618700803773
STU_016545,93.026773307812
STU_016546,65.5436184037963
STU_016547,99.93239517211914
STU_016548,95.08062120044028
STU_016549,84.32803275604135
STU_016550,66.44396311029665
STU_016551,81.3223589951479
STU_016552,88.26198502554192
STU_016553,69.3871533747347
STU_016554,90.28438833512143
STU_016555,70.53761930738824
STU_016556,78.65660356114665
STU_016557,71.64502601613657
STU_016558,74.80181560406781
STU_016559,83.97715664978838
STU_016560,63.54488924983424
STU_016561,83.20858198531026
STU_016562,77.36972112688336
STU_016563,75.67545729821893
STU_016564,69.93278857360993
STU_016565,77.8058482229827
STU_016566,87.77315729361425
STU_016567,72.7831829488328
STU_016568,70.87290281874343
STU_016569,58.93779387895759
STU_016570,67.11628987058555
STU_016571,90.26216603846206
STU_016572,57.52733110937953
STU_016573,55.64635217375819
STU_016574,97.32894634408335
STU_016575,64.5739283946339
STU_016576,82.50233014499912
STU_016577,90.39174916046937
STU_016578,85.77852581527631
STU_016579,86.84173922860319
STU_016580,86.72319110630067
STU_016581,98.32676148419253
STU_016582,64.25508542623548
STU_016583,85.49025788711322
STU_016584,97.34339599932467
STU_016585,86.81694394329912
STU_016586,77.86918153418496
STU_016587,74.07143479455104
STU_016588,69.33661167029904
STU_016589,68.93756700713251
STU_016590,74.6840561932326
STU_016591,59.71467170536714
STU_016592,80.2991932310346
STU_016593,83.04668747398307
STU_016594,41.58917646936253
STU_016595,73.69649346700778
STU_016596,87.7037747082196
STU_016597,53.04224001316217
STU_016598,82.5024840022537
STU_016599,45.30852523098797
STU_016600,47.6434033210212
STU_016601,79.3274304391867
STU_016602,56.046395025623085
STU_016603,52.95493418426793
STU_016604,87.72637961988985
STU_016605,92.70925912792663
STU_016606,69.9779856780747
STU_016607,42.231151872524904
STU_016608,87.48388311340707
STU_016609,78.37046073862803
STU_016610,86.35731843089886
STU_016611,57.72891962500984
STU_016612,95.15008808721458
STU_016613,81.54053644494633
STU_016614,67.3173385371009
STU_016615,94.38229684148146
STU_016616,87.59866770245324
STU_016617,93.05237386572986
STU_016618,72.99055997547381
STU_016619,89.1025086469569
STU_016620,56.22589981909664
STU_016621,80.81321137669624
STU_016622,77.3580588865916
STU_016623,76.28974633349485
STU_016624,97.85287630875624
STU_016625,79.52426101363027
STU_016626,57.425730931671986
STU_016627,99.64365615844727
STU_016628,88.08284492932812
STU_016629,53.37108735788624
STU_016630,71.03760054709396
STU_016631,65.04708642002012
STU_016632,63.98937261907732
STU_016633,77.10917890532681
STU_016634,64.81845139717286
STU_016635,93.22075708640321
STU_016636,83.5268527908585
STU_016637,66.45893349397844
STU_016638,68.20885182810302
STU_016639,63.098328428990044
STU_016640,99.87712173461915
STU_016641,83.35243161074874
STU_016642,57.3338620920163
STU_016643,70.34584761685788
STU_016644,78.38872709048448
STU_016645,84.78208455613739
STU_016646,84.42842086172854
STU_016647,67.44016152361655
STU_016648,77.11784225005283
STU_016649,88.149024734359
STU_016650,90.02728003334985
STU_016651,83.95278043509603
STU_016652,87.38719949422224
STU_016653,80.26521646280834
STU_016654,94.81234979920217
STU_016655,72.15500376669809
STU_016656,76.93399146440834
STU_016657,81.20938639937603
STU_016658,91.42379453069722
STU_016659,76.81131318405852
STU_016660,92.47923417700542
STU_016661,72.28942335135687
STU_016662,69.45304656333622
STU_016663,88.29057262410666
STU_016664,67.77752985614319
STU_016665,77.49080017054412
STU_016666,65.58886535813818
STU_016667,70.407186051161
STU_016668,94.66082746413802
STU_016669,71.67255384089341
STU_016670,86.03846005640847
STU_016671,97.75583893131773
STU_016672,85.58153533514323
STU_016673,65.98692026513822
STU_016674,79.33549139555471
STU_016675,74.62153790929813
STU_016676,99.71185760498048
STU_016677,92.8744163731627
STU_016678,90.68039544083345
STU_016679,90.28513949476596
STU_016680,59.94881400916239
STU_016681,97.37084861327824
STU_016682,85.35839076498269
STU_016683,73.28967342697136
STU_016684,68.75638733340566
STU_016685,78.24299549795377
STU_016686,73.04274064779885
STU_016687,96.0563573894543
STU_016688,57.508539199533224
STU_016689,72.30788488263758
STU_016690,53.41966865331235
STU_016691,78.04769960621256
STU_016692,74.37182491980839
STU_016693,66.37615997768927
STU_016694,84.5594162893548
STU_016695,77.23045539929343
STU_016696,76.24453332672454
STU_016697,73.39305617059432
STU_016698,82.08672120186927
STU_016699,64.47737790618321
STU_016700,71.71577492255938
STU_016701,78.35251764494546
STU_016702,83.85423229318378
STU_016703,89.79783275740004
STU_016704,84.15427822488485
STU_016705,88.70244547083993
STU_016706,73.3899961490068
STU_016707,81.59860943682028
STU_016708,90.06235427065772
STU_016709,43.44131067830778
STU_016710,76.24433180493473
STU_016711,59.363251136227234
STU_016712,48.34842493756205
STU_016713,95.95292203872768
STU_016714,97.264213051572
STU_016715,66.52058481476351
STU_016716,70.76465478318542
STU_016717,89.10381762534925
STU_016718,52.762426619514414
STU_016719,89.17261579163801
STU_016720,96.13772168289182
STU_016721,78.3825454687543
STU_016722,73.34939950452605
STU_016723,69.56123578038782
STU_016724,75.87429870732362
STU_016725,67.6601265219198
STU_016726,61.17595405187345
STU_016727,69.0793227714513
STU_016728,57.16351322868508
STU_016729,77.40367678939523
STU_016730,84.00438879434554
STU_016731,63.24375609375606
STU_016732,89.22800518082414
STU_016733,85.92925556465858
STU_016734,58.90239079629674
STU_016735,83.89658035275745
STU_016736,60.3727271436846
STU_016737,67.17440655145612
STU_016738,76.48060888417382
STU_016739,80.2961331718362
STU_016740,70.47667638452054
STU_016741,78.47657150652829
STU_016742,90.7749131268645
STU_016743,72.32009496526564
STU_016744,59.95432531647947
STU_016745,62.822198115078436
STU_016746,53.198089880549084
STU_016747,83.14114726863484
STU_016748,78.61164685825557
STU_016749,54.24212389933777
STU_016750,89.2526811952742
STU_016751,88.16021805097546
STU_016752,62.759826496953806
STU_016753,74.8056365637836
STU_016754,99.91676330566406
STU_016755,75.56110463731207
STU_016756,76.32089755104799
STU_016757,80.77174897170667
STU_016758,52.5797858958422
STU_016759,98.85284785673275
STU_016760,71.61072281221716
STU_016761,77.4506988414288
STU_016762,72.51608357051379
STU_016763,80.74057657180073
STU_016764,66.43217476854048
STU_016765,87.20835227248307
STU_016766,90.83841338248264
STU_016767,82.12933396776026
STU_016768,88.43169442461733
STU_016769,46.84115058220068
STU_016770,54.97617151055008
STU_016771,65.56257767798463
STU_016772,92.82868740620721
STU_016773,69.02828249897084
STU_016774,82.78597779307086
STU_016775,69.99764395974921
STU_016776,94.15347484001789
STU_016777,49.46955214602755
STU_016778,76.62079750427493
STU_016779,73.44752629893136
STU_016780,85.26634349654053
STU_016781,49.909117102928136
STU_016782,82.56484591850234
STU_016783,66.47476324589184
STU_016784,95.50165057891732
STU_016785,92.18086142477527
STU_016786,68.83534407575954
STU_016787,67.60002828564575
STU_016788,90.31124077894792
STU_016789,74.99249018817999
STU_016790,82.88668206957043
STU_016791,69.74351371041038
STU_016792,74.31545821661261
STU_016793,80.85692894001993
STU_016794,73.62083039527656
STU_016795,72.94457456762461
STU_016796,87.16300392162535
STU_016797,65.97276204182121
STU_016798,73.89036690545616
STU_016799,91.53193091202905
STU_016800,64.517235205439
STU_016801,60.90001262811459
STU_016802,63.52094400261025
STU_016803,91.05801346690467
STU_016804,92.70419086356013
STU_016805,55.91709785175807
STU_016806,81.15524838658871
STU_016807,79.02762219101655
STU_016808,85.97798940203202
STU_016809,86.47238014494346
STU_016810,47.93579419882908
STU_016811,78.41522503919123
STU_016812,69.6463927107775
STU_016813,78.22115077518411
STU_016814,89.0687107293356
STU_016815,68.24421167966366
STU_016816,72.72063530368851
STU_016817,99.00340760050457
STU_016818,51.51787020188169
STU_016819,87.8279607131098
STU_016820,80.50476009347062
STU_016821,78.43387149768485
STU_016822,75.91673588829407
STU_016823,99.91439056396484
STU_016824,80.05033738790519
STU_016825,82.28733260193681
STU_016826,69.38859737038106
STU_016827,77.72395359446577
STU_016828,71.62990808335469
STU_016829,82.06809562807095
STU_016830,73.44120059098942
STU_016831,88.20246468135531
STU_016832,65.91461264830679
STU_016833,63.202756168893
STU_016834,88.80898826740517
STU_016835,77.56294572786972
STU_016836,82.95892660105956
STU_016837,98.67117266467977
STU_016838,90.80793667867631
STU_016839,68.49439012645809
STU_016840,79.18678361322188
STU_016841,96.84560738631924
STU_016842,74.41639505015449
STU_016843,67.59441211478418
STU_016844,87.03632574985053
STU_016845,68.92786811123935
STU_016846,65.89671123040412
STU_016847,71.70757138718241
STU_016848,60.70685139417013
STU_016849,73.23988531705712
STU_016850,75.90572265026573
STU_016851,66.31400766413262
STU_016852,87.23170262555246
STU_016853,87.56048650311931
STU_016854,86.27805337633541
STU_016855,77.84460840420846
STU_016856,98.16534849709393
STU_016857,66.08607519664531
STU_016858,56.30974568557734
STU_016859,99.23469914557718
STU_016860,99.71260604858398
STU_016861,77.42002823212637
STU_016862,90.43519332863596
STU_016863,98.50139806354164
STU_016864,49.30524007357414
STU_016865,86.46847348825271
STU_016866,70.5123226207896
STU_016867,94.69405917413715
STU_016868,76.9349390254826
STU_016869,87.48079238805923
STU_016870,64.64834170668333
STU_016871,57.9645396089993
STU_016872,78.18692542124415
STU_016873,93.50608907872083
STU_016874,70.00295918273272
STU_016875,82.61807690773921
STU_016876,57.02972117207359
STU_016877,99.79095153808595
STU_016878,56.23775536929489
STU_016879,90.43110207509062
STU_016880,87.66605460810794
STU_016881,67.76716436719789
STU_016882,76.72055720597092
STU_016883,91.21646795871817
STU_016884,73.19703313486872
STU_016885,91.36176915456105
STU_016886,82.45307749150558
STU_016887,65.75223161615762
STU_016888,88.56430130137778
STU_016889,75.85839808399642
STU_016890,71.41556054998702
STU_016891,65.8014023689015
STU_016892,83.127198853097
STU_016893,64.24532201366262
STU_016894,80.36947419858309
STU_016895,72.29685788290924
STU_016896,65.63792785479441
STU_016897,50.35280433250301
STU_016898,99.69482421875
STU_016899,79.67436968871407
STU_016900,97.31740196397872
STU_016901,78.22467507434703
STU_016902,94.00150044628413
STU_016903,77.04084081758216
STU_016904,83.12887491890174
STU_016905,80.69755767020571
STU_016906,70.20354562509573
STU_016907,83.16541200358152
STU_016908,68.66153338363226
STU_016909,85.63943777294674
STU_016910,68.91217129890897
STU_016911,73.19674447362584
STU_016912,69.33398424594169
STU_016913,58.664405383904224
STU_016914,89.51124017401028
STU_016915,91.16095096035234
STU_016916,76.58788305908637
STU_016917,85.69821013883225
STU_016918,47.807289191248415
STU_016919,69.30088515575336
STU_016920,69.21498451646839
STU_016921,75.43746042629712
STU_016922,72.35903469948013
STU_016923,90.09585322990245
STU_016924,54.860975361156854
STU_016925,78.77145985829574
STU_016926,77.33148618635309
STU_016927,58.26298678109831
STU_016928,79.67776517523599
STU_016929,66.93582868382683
STU_016930,97.13684809778151
STU_016931,46.669005766236424
STU_016932,85.4610126262883
STU_016933,87.0082071704962
STU_016934,65.01640644848703
STU_016935,74.06773210834652
STU_016936,62.601593663700015
STU_016937,70.70972299210959
STU_016938,90.1655463896411
STU_016939,94.34255525823735
STU_016940,93.11029680696419
STU_016941,60.97948500696107
STU_016942,81.01023845869695
STU_016943,74.7263720196992
STU_016944,80.6795934152831
STU_016945,92.99225817992564
STU_016946,83.3178515182075
STU_016947,74.28450495927358
STU_016948,76.6349150723723
STU_016949,63.67782992894593
STU_016950,68.85443189560264
STU_016951,97.48372242736691
STU_016952,58.37665850358948
STU_016953,61.389437758236426
STU_016954,70.40791837941283
STU_016955,86.25682742629562
STU_016956,90.3534118362953
STU_016957,63.98386638406794
STU_016958,76.74116980937552
STU_016959,97.6186464876983
STU_016960,80.63436860888814
STU_016961,65.58365511384922
STU_016962,75.16719407484035
STU_016963,97.42249269980786
STU_016964,90.13183552450384
STU_016965,90.43215566323451
STU_016966,73.9535896712727
STU_016967,90.79867236112776
STU_016968,96.95465326444027
STU_016969,62.3356667569678
STU_016970,75.95917992835064
STU_016971,63.22053465436245
STU_016972,95.18607783359386
STU_016973,66.64094338200019
STU_016974,77.74217528780052
STU_016975,58.72223393838114
STU_016976,70.17113960898402
STU_016977,90.12056415830702
STU_016978,69.36586059015576
STU_016979,59.02748372531998
STU_016980,83.66009606790777
STU_016981,59.06085525751966
STU_016982,73.95088736724145
STU_016983,60.636104499547024
STU_016984,65.68293051594452
STU_016985,99.81195068359375
STU_016986,86.53576471734672
STU_016987,82.63249190927094
STU_016988,73.75302105209607
STU_016989,89.12961509311845
STU_016990,73.45496085462786
STU_016991,64.09592918178157
STU_016992,82.67940766709197
STU_016993,74.11128335724678
STU_016994,61.9456554268609
STU_016995,67.44792218681901
STU_016996,94.24999254613736
STU_016997,80.13729905756634
STU_016998,92.48486908613518
STU_016999,98.75300557422997
STU_017000,86.93087079525952
STU_017001,87.14580902179142
STU_017002,95.24152791719737
STU_017003,97.326537591315
STU_017004,67.37679646076506
STU_017005,84.19987770038078
STU_017006,86.98885548310194
STU_017007,77.76703584858524
STU_017008,79.66385043586422
STU_017009,85.73352361202896
STU_017010,74.14930528694228
STU_017011,49.50130349196393
STU_017012,57.11412892418831
STU_017013,99.67002563476564
STU_017014,79.05543615576275
STU_017015,81.16255178600082
STU_017016,91.10827323946931
STU_017017,65.74618229300998
STU_017018,75.85110515892876
STU_017019,54.84385870042915
STU_017020,70.4893406187623
STU_017021,79.47945242197028
STU_017022,70.7724355845321
STU_017023,62.84931929419384
STU_017024,62.35144877733231
STU_017025,65.18019613021903
STU_017026,78.40314761581277
STU_017027,80.44975859368878
STU_017028,73.27168021925868
STU_017029,89.36461363389122
STU_017030,87.78704543632512
STU_017031,57.111220035014384
STU_017032,93.60392183566
STU_017033,88.83807717612343
STU_017034,73.79437988630008
STU_017035,70.84958954588232
STU_017036,89.6220734452958
STU_017037,95.41913697696776
STU_017038,97.78528425720441
STU_017039,88.32119742694385
STU_017040,98.51902904421641
STU_017041,60.003806557047525
STU_017042,88.97118124929787
STU_017043,74.91773361318579
STU_017044,96.26962013477647
STU_017045,86.29269149424846
STU_017046,82.59462213646738
STU_017047,97.28871658547965
STU_017048,67.76091333135443
STU_017049,85.57101257069706
STU_017050,65.5725208074633
STU_017051,77.79101603886915
STU_017052,97.05263474763913
STU_017053,79.07424729115536
STU_017054,90.89469954499225
STU_017055,81.73094424175892
STU_017056,79.52561953074009
STU_017057,95.99567558186894
STU_017058,79.52473194089353
STU_017059,59.95934156180732
STU_017060,65.90481906607548
STU_017061,95.22285803155518
STU_017062,60.52917843936843
STU_017063,76.3432699799081
STU_017064,64.82678303165721
STU_017065,94.448002465221
STU_017066,60.43473799751091
STU_017067,96.67077819917299
STU_017068,66.97215484500333
STU_017069,79.44116741519565
STU_017070,81.37246327254124
STU_017071,78.29265353217336
STU_017072,75.19104480946729
STU_017073,91.94821802287984
STU_017074,87.11220690216143
STU_017075,92.70049862211692
STU_017076,55.05405281344423
STU_017077,89.76455801261253
STU_017078,65.01449136973307
STU_017079,60.840692093814965
STU_017080,53.35958205204851
STU_017081,73.40790376514832
STU_017082,85.43777244414886
STU_017083,68.07781521175193
STU_017084,48.631224161025735
STU_017085,66.20686985725916
STU_017086,89.0436230728524
STU_017087,70.247509551267
STU_017088,92.47596299795941
STU_017089,62.99515064423851
STU_017090,83.94249350049702
STU_017091,65.52432706408695
STU_017092,89.81508740479212
STU_017093,51.34801318001876
STU_017094,81.38405946135762
STU_017095,53.701837621330185
STU_017096,61.4725475448109
STU_017097,62.11241040059097
STU_017098,42.88899252648615
STU_017099,75.00668737142533
STU_017100,84.08814686307844
STU_017101,79.6874291081051
STU_017102,76.78919683679291
STU_017103,79.03799728917393
STU_017104,83.82878416080504
STU_017105,67.31138508650518
STU_017106,61.05259396200338
STU_017107,44.42193960672073
STU_017108,82.87474067766757
STU_017109,69.26204163102489
STU_017110,69.11452302013555
STU_017111,85.0773414389369
STU_017112,85.96568838443409
STU_017113,58.92056330202182
STU_017114,76.87882204086567
STU_017115,77.13469709312932
STU_017116,99.72724990844728
STU_017117,49.012012636464
STU_017118,85.89808238194568
STU_017119,83.55329007996663
STU_017120,87.36922874822332
STU_017121,72.79552396973882
STU_017122,99.71635513305665
STU_017123,62.85375193916866
STU_017124,71.91358235561877
STU_017125,72.31494318854814
STU_017126,80.33909055999206
STU_017127,57.52213472592762
STU_017128,70.16448975389683
STU_017129,62.231804060217634
STU_017130,74.86438480186067
STU_017131,70.43147326532295
STU_017132,74.50454123247785
STU_017133,78.32793907438182
STU_017134,98.60151725617783
STU_017135,57.75525764173941
STU_017136,80.21089345709865
STU_017137,60.25331652825264
STU_017138,77.84983541035402
STU_017139,93.15457473278795
STU_017140,76.93939864791113
STU_017141,88.35640657839069
STU_017142,93.91660066026458
STU_017143,51.64816626168403
STU_017144,89.07117953421528
STU_017145,89.90013698259304
STU_017146,94.65097480126033
STU_017147,98.90939073761712
STU_017148,73.08777374385559
STU_017149,67.18450557942492
STU_017150,57.916095553276854
STU_017151,79.15156809313426
STU_017152,76.4787158124617
STU_017153,82.22374883015917
STU_017154,78.52006927066954
STU_017155,54.79074235751409
STU_017156,58.39689916961109
STU_017157,71.69597640203055
STU_017158,90.18750645034937
STU_017159,62.775972930578575
STU_017160,52.42621246014946
STU_017161,81.22273961244642
STU_017162,73.93927742423928
STU_017163,76.37057673997866
STU_017164,90.83036436155504
STU_017165,64.98678876239637
STU_017166,72.18427216515835
STU_017167,65.88843289006297
STU_017168,77.04662396694633
STU_017169,91.53453294006255
STU_017170,86.22752962037887
STU_017171,95.35571177650861
STU_017172,71.47566254301654
STU_017173,54.547034711994115
STU_017174,56.60278707057132
STU_017175,99.53276519775392
STU_017176,84.09678661648707
STU_017177,72.14476316694245
STU_017178,86.5158676983944
STU_017179,86.28160425050231
STU_017180,74.88779263975118
STU_017181,85.22490482167683
STU_017182,65.85079358718762
STU_017183,97.60024213117319
STU_017184,85.12647243372487
STU_017185,95.71688191164756
STU_017186,62.41538828972925
STU_017187,88.06849363617802
STU_017188,78.5408961366772
STU_017189,54.77620645174631
STU_017190,89.20086816896034
STU_017191,69.0908061802717
STU_017192,63.94989746221472
STU_017193,56.452107417782045
STU_017194,87.94852367749385
STU_017195,68.78719952398914
STU_017196,81.212683644307
STU_017197,80.30113568697512
STU_017198,70.33855796654544
STU_017199,74.32753042486844
STU_017200,61.98515473203058
STU_017201,72.53489669401675
STU_017202,86.763283749816
STU_017203,72.94167292134193
STU_017204,64.19983527942915
STU_017205,89.42222960122322
STU_017206,77.02519490396767
STU_017207,98.3407278426698
STU_017208,61.58462425918364
STU_017209,59.67381343235532
STU_017210,32.72650985662263
STU_017211,83.66997931872616
STU_017212,95.06608843243559
STU_017213,89.55252150890158
STU_017214,83.3546242662002
STU_017215,63.02881722571754
STU_017216,58.671995994685744
STU_017217,99.91387634277345
STU_017218,71.29855693012092
STU_017219,96.59231897854097
STU_017220,78.72199336473031
STU_017221,69.07256346632275
STU_017222,66.57303264686108
STU_017223,69.56064577039572
STU_017224,87.11406933158949
STU_017225,90.86590747490095
STU_017226,76.53516043532917
STU_017227,69.94519868877055
STU_017228,84.88966203543401
STU_017229,65.50601762260376
STU_017230,93.97047464480588
STU_017231,67.67344301236088
STU_017232,67.7631303832652
STU_017233,72.16236367977562
STU_017234,87.87864888861365
STU_017235,78.43583022466407
STU_017236,58.20806197941222
STU_017237,93.96861612747128
STU_017238,78.8065622089326
STU_017239,52.62911726795587
STU_017240,93.3762440765789
STU_017241,70.65456521805488
STU_017242,44.93376871244189
STU_017243,85.07406132171937
STU_017244,76.03388102893005
STU_017245,87.10348779005616
STU_017246,85.17689210941052
STU_017247,54.04442289567908
STU_017248,65.40694684984342
STU_017249,61.71529473149179
STU_017250,57.51274204173143
STU_017251,89.98457381019729
STU_017252,60.25634713450107
STU_017253,86.60561356959141
STU_017254,46.67355736925299
STU_017255,53.54646129648208
STU_017256,49.30928946498806
STU_017257,81.25090648044946
STU_017258,76.25548093061863
STU_017259,67.23155364926055
STU_017260,67.82054397110775
STU_017261,56.27561086093983
STU_017262,69.94336312246433
STU_017263,77.17357114079485
STU_017264,66.66222017604711
STU_017265,89.24751078377635
STU_017266,50.88252005962639
STU_017267,66.91949275308045
STU_017268,70.18378755751432
STU_017269,66.78268128670786
STU_017270,79.24643547655096
STU_017271,76.35679160121495
STU_017272,58.08302419373086
STU_017273,87.66368001707204
STU_017274,88.40350307175552
STU_017275,68.62799303130916
STU_017276,55.71381193022221
STU_017277,79.28008693322745
STU_017278,91.92405288427528
STU_017279,74.04660969358477
STU_017280,82.6120061133582
STU_017281,69.21760494250658
STU_017282,74.44882740125053
STU_017283,82.13136147732854
STU_017284,86.09705903913579
STU_017285,85.34271492351775
STU_017286,69.61499283498173
STU_017287,62.97072837394886
STU_017288,59.677674958474995
STU_017289,75.92511728466056
STU_017290,90.60652818818085
STU_017291,83.47372525705279
STU_017292,62.89704988323997
STU_017293,70.08346495541008
STU_017294,64.97116286905126
STU_017295,70.6734883510386
STU_017296,72.10851744096442
STU_017297,95.28726351422577
STU_017298,65.00350414615882
STU_017299,69.70698505734408
STU_017300,54.88896229357575
STU_017301,59.92185378771391
STU_017302,75.04320704294302
STU_017303,93.16761022126545
STU_017304,88.0341560252991
STU_017305,78.47352232831562
STU_017306,84.06327062416293
STU_017307,99.62699432373047
STU_017308,93.8319374071201
STU_017309,90.74039519977642
STU_017310,60.52614935473819
STU_017311,74.86073076363172
STU_017312,70.79407743289835
STU_017313,90.82632641547787
STU_017314,78.51998964626709
STU_017315,83.95380290614742
STU_017316,73.8740121772493
STU_017317,81.82662182027389
STU_017318,37.37935123795484
STU_017319,65.80074762259457
STU_017320,89.30102947648206
STU_017321,82.39343707439323
STU_017322,75.85079099917792
STU_017323,80.50668527633323
STU_017324,90.57851068643095
STU_017325,83.71804665421733
STU_017326,72.23583948018083
STU_017327,86.68405106415676
STU_017328,79.62121241808133
STU_017329,37.17364726840738
STU_017330,90.82628818843662
STU_017331,76.42718605570771
STU_017332,68.28360999738064
STU_017333,65.71649075154203
STU_017334,82.13910426511848
STU_017335,83.15608021466622
STU_017336,63.62778641745784
STU_017337,77.70445159062118
STU_017338,80.54017986817837
STU_017339,97.85577804179863
STU_017340,79.52319727383416
STU_017341,88.46549136526845
STU_017342,63.363833766330885
STU_017343,83.11835336503125
STU_017344,62.021137269914064
STU_017345,67.92726842815848
STU_017346,61.13695240685865
STU_017347,92.95096874188184
STU_017348,74.22952261441296
STU_017349,81.11422083592133
STU_017350,54.3240682672276
STU_017351,60.022467536668884
STU_017352,56.8635288640291
STU_017353,58.59661072537155
STU_017354,85.70686330847771
STU_017355,59.10359113315805
STU_017356,69.41118112439293
STU_017357,57.76957898919376
STU_017358,64.05565184901987
STU_017359,87.34062457603657
STU_017360,99.08747724218435
STU_017361,97.98693462090883
STU_017362,65.42545558850725
STU_017363,88.80938213299412
STU_017364,89.74970613033838
STU_017365,86.74133752486308
STU_017366,88.3302666265425
STU_017367,99.87345428466797
STU_017368,63.77638418491787
STU_017369,54.865234945154626
STU_017370,80.80910092209615
STU_017371,84.07693092352974
STU_017372,87.2256819447186
STU_017373,63.22835896595176
STU_017374,49.79803223882301
STU_017375,84.6828994140798
STU_017376,74.16420842835093
STU_017377,68.60941768935949
STU_017378,80.35683357232517
STU_017379,63.47765626439866
STU_017380,62.260130530772166
STU_017381,57.0139203432457
STU_017382,83.84646665264262
STU_017383,80.46013484128079
STU_017384,69.16739495753629
STU_017385,69.90952170719552
STU_017386,73.95710318810731
STU_017387,82.39907098168034
STU_017388,67.76579032505481
STU_017389,82.6743768339347
STU_017390,74.56503608124093
STU_017391,75.81274940873791
STU_017392,66.95081522585852
STU_017393,61.92116878648672
STU_017394,70.66317917313584
STU_017395,57.12281245160739
STU_017396,81.14499512762387
STU_017397,76.50968423561125
STU_017398,82.13922298968178
STU_017399,89.32633638458717
STU_017400,43.184154115266026
STU_017401,44.23229280354607
STU_017402,94.3313756362616
STU_017403,61.99129401166742
STU_017404,75.52602355114624
STU_017405,62.13026405380654
STU_017406,66.01388609683936
STU_017407,64.08441232900346
STU_017408,81.36805878089353
STU_017409,78.27465462348334
STU_017410,75.90515315667771
STU_017411,62.08824769027665
STU_017412,80.31449513092286
STU_017413,81.45981300886194
STU_017414,80.24031676604693
STU_017415,53.78300944867162
STU_017416,63.67632427739517
STU_017417,77.7996181477437
STU_017418,90.50490268801626
STU_017419,67.89514824486984
STU_017420,80.3459670477818
STU_017421,80.32953585728632
STU_017422,80.3902800570165
STU_017423,73.03059139726903
STU_017424,55.75747629622596
STU_017425,76.24651826257418
STU_017426,65.75418829343036
STU_017427,77.74445184258505
STU_017428,72.37289119082305
STU_017429,59.453907261890706
STU_017430,99.32053734092688
STU_017431,68.1635397311625
STU_017432,97.20923457437812
STU_017433,85.17666774121051
STU_017434,71.86420837016266
STU_017435,80.31768915526126
STU_017436,69.75127279577306
STU_017437,79.16818723436728
STU_017438,99.6461555480957
STU_017439,60.552950464649
STU_017440,88.1285137237096
STU_017441,48.085830415745356
STU_017442,77.05285947454998
STU_017443,86.1976657472043
STU_017444,77.99308640483753
STU_017445,94.83671937622658
STU_017446,87.99729187213349
STU_017447,64.71571882329765
STU_017448,77.50497007369039
STU_017449,85.94090158788296
STU_017450,83.25541306901161
STU_017451,70.60155944886901
STU_017452,79.41042059108796
STU_017453,91.67436449042779
STU_017454,54.77401543304577
STU_017455,90.0983987443211
STU_017456,78.65766291117995
STU_017457,66.79737488914563
STU_017458,61.774603368034064
STU_017459,79.22003462282356
STU_017460,67.36975613142116
STU_017461,88.16213945805055
STU_017462,78.59883943266941
STU_017463,92.76429591984365
STU_017464,75.74151519420492
STU_017465,84.01123157031739
STU_017466,74.12504867779597
STU_017467,53.36119125717088
STU_017468,83.89457310278688
STU_017469,95.04005991020095
STU_017470,86.86323429454282
STU_017471,87.60771525543046
STU_017472,67.63773396611117
STU_017473,98.03063221038845
STU_017474,32.56040957316341
STU_017475,59.55602309678469
STU_017476,69.21353571552753
STU_017477,63.34805548844774
STU_017478,50.38016494778721
STU_017479,78.75052913934258
STU_017480,98.53425608825987
STU_017481,91.92617032162043
STU_017482,81.94788106614888
STU_017483,88.76597630704919
STU_017484,85.6292359998176
STU_017485,91.03062575001215
STU_017486,72.1251626048465
STU_017487,90.37319817516814
STU_017488,54.977082422498825
STU_017489,59.637042076314856
STU_017490,94.3946886898108
STU_017491,69.79773028066023
STU_017492,57.07853626363627
STU_017493,77.24833380371518
STU_017494,77.01205452179258
STU_017495,51.43556050589514
STU_017496,78.4032826326288
STU_017497,90.56035034611878
STU_017498,57.984508252777786
STU_017499,86.65528630301642
STU_017500,86.19328495270089
STU_017501,75.4923212423372
STU_017502,88.03858939567934
STU_017503,70.90319432454746
STU_017504,82.76587105355365
STU_017505,81.3033714141647
STU_017506,78.63909306039159
STU_017507,52.783471711548714
STU_017508,64.72650112835524
STU_017509,84.23127092013287
STU_017510,97.53211574128629
STU_017511,73.78663394331846
STU_017512,70.27354856591572
STU_017513,77.3181007352395
STU_017514,73.21955732085684
STU_017515,79.92616629998841
STU_017516,97.58477404261615
STU_017517,83.45762042902473
STU_017518,84.30506186172893
STU_017519,87.95488160708658
STU_017520,99.21776657104493
STU_017521,58.943191006668414
STU_017522,76.11972612805327
STU_017523,80.36025788811295
STU_017524,57.89554277449524
STU_017525,69.05993687692992
STU_017526,77.86002412978108
STU_017527,79.62283534257634
STU_017528,71.60596277342842
STU_017529,99.41448287963868
STU_017530,82.89605342773389
STU_017531,94.21824133400544
STU_017532,59.960998933076084
STU_017533,63.23164974094219
STU_017534,55.52452994763682
STU_017535,74.7972439958213
STU_017536,87.45283903547033
STU_017537,96.67105817258653
STU_017538,95.23574296689986
STU_017539,74.85298681137544
STU_017540,96.00888813031371
STU_017541,50.10105071549592
STU_017542,72.0157743392883
STU_017543,81.17713796849742
STU_017544,96.61287902718615
STU_017545,68.16366508455312
STU_017546,67.87231941982053
STU_017547,94.92424388189903
STU_017548,78.5876363239718
STU_017549,99.25660934448243
STU_017550,77.47461068081694
STU_017551,97.6869945161572
STU_017552,49.19790885035971
STU_017553,84.66085558021751
STU_017554,56.68990434710433
STU_017555,69.2666850669446
STU_017556,69.71995058393836
STU_017557,51.30585726345056
STU_017558,48.90503811294518
STU_017559,83.88152559179863
STU_017560,69.73183111059217
STU_017561,97.11435106206608
STU_017562,59.030242160093366
STU_017563,65.07519644715879
STU_017564,71.10242655232949
STU_017565,70.15093361892494
STU_017566,85.02283474199658
STU_017567,64.80787597468637
STU_017568,69.13058305369766
STU_017569,72.17402122748999
STU_017570,99.83502578735352
STU_017571,92.58545060383383
STU_017572,79.65733408428666
STU_017573,72.53129294711658
STU_017574,84.41518415764762
STU_017575,90.80809753028453
STU_017576,91.08821259723899
STU_017577,63.41893479176136
STU_017578,78.50506883235391
STU_017579,76.0030557362619
STU_017580,76.53563547673058
STU_017581,74.60090594470591
STU_017582,75.88556780214142
STU_017583,93.75118685711236
STU_017584,59.72335960181003
STU_017585,50.631247272998415
STU_017586,81.58878782858295
STU_017587,62.2121489844034
STU_017588,67.87303237606832
STU_017589,94.96164604778463
STU_017590,73.6318591009597
STU_017591,89.62387440417598
STU_017592,65.94479005502043
STU_017593,59.74529940045031
STU_017594,55.028602676238236
STU_017595,94.85891659473052
STU_017596,73.03504050772354
STU_017597,93.69835860032917
STU_017598,42.24161589400096
STU_017599,64.16504515818244
STU_017600,77.30502946372312
STU_017601,67.90321299214902
STU_017602,65.32896450991973
STU_017603,89.93122423435125
STU_017604,82.20210134696214
STU_017605,67.73636686770894
STU_017606,93.08298410795916
STU_017607,77.1813824963188
STU_017608,94.46679232202882
STU_017609,76.34883130257442
STU_017610,75.54029526123121
STU_017611,74.78377049071568
STU_017612,97.01212363565901
STU_017613,80.74759563424013
STU_017614,90.34645043863836
STU_017615,66.71375110892798
STU_017616,88.25346514028945
STU_017617,90.76883751269065
STU_017618,42.97540936997926
STU_017619,64.95732138670874
STU_017620,74.41072386396469
STU_017621,82.36264197814472
STU_017622,98.17551761677231
STU_017623,56.49990939495813
STU_017624,68.73870169532734
STU_017625,67.61241132142518
STU_017626,52.04173381982473
STU_017627,54.89753655138445
STU_017628,75.44615971458288
STU_017629,70.28146141509552
STU_017630,59.88885164627293
STU_017631,50.792250446112206
STU_017632,79.25788771660083
STU_017633,73.90736170215567
STU_017634,81.8930667940166
STU_017635,78.78802582349928
STU_017636,70.99164523548251
STU_017637,93.56049691389336
STU_017638,63.347978218654596
STU_017639,87.16778021943307
STU_017640,97.36230804858528
STU_017641,99.74801254272461
STU_017642,57.986383116401825
STU_017643,63.17791396212024
STU_017644,77.9767493303282
STU_017645,78.58362372552091
STU_017646,71.23266229574116
STU_017647,58.66447938201624
STU_017648,87.9903000193756
STU_017649,96.61964339389452
STU_017650,97.34198428590716
STU_017651,67.00984868791136
STU_017652,73.78535066287263
STU_017653,99.4555450439453
STU_017654,75.41741363491246
STU_017655,83.4040368412708
STU_017656,86.29195139562628
STU_017657,48.87822413322214
STU_017658,68.66926909984846
STU_017659,99.89258117675782
STU_017660,77.79883563372712
STU_017661,78.12335873606243
STU_017662,64.67686059603514
STU_017663,76.54211899720349
STU_017664,79.22146671747696
STU_017665,72.14706148044809
STU_017666,76.37495682145492
STU_017667,72.46780891818923
STU_017668,75.86144197612882
STU_017669,71.60316247558603
STU_017670,46.447802444406065
STU_017671,68.89127031207892
STU_017672,57.50465469071071
STU_017673,72.57270639629087
STU_017674,71.79297106432406
STU_017675,69.48809778051717
STU_017676,68.23384614322335
STU_017677,80.45882230463744
STU_017678,81.57407151415254
STU_017679,90.43849666206464
STU_017680,64.8067150817355
STU_017681,84.8361325652863
STU_017682,69.95206986429046
STU_017683,75.75230459693354
STU_017684,85.45098272365658
STU_017685,70.5168471775174
STU_017686,61.736483633223344
STU_017687,71.66372668418245
STU_017688,71.87067802963409
STU_017689,90.26907750757277
STU_017690,65.59825955720194
STU_017691,72.11596177328778
STU_017692,73.09189150927656
STU_017693,66.12239343316311
STU_017694,78.73572890923002
STU_017695,96.51741298428954
STU_017696,85.63478920295961
STU_017697,40.80596930660184
STU_017698,49.81173499469602
STU_017699,96.53685719265954
STU_017700,50.53088470670159
STU_017701,52.64213371112591
STU_017702,84.79947473855799
STU_017703,80.95997678051103
STU_017704,61.9753726017118
STU_017705,56.93392709783332
STU_017706,79.4317774742438
STU_017707,50.739318474194704
STU_017708,96.7704989116439
STU_017709,89.30833178807674
STU_017710,83.9749361956759
STU_017711,99.92756958007813
STU_017712,70.60796905936175
STU_017713,70.15770421149122
STU_017714,84.73975034952525
STU_017715,69.08454065931268
STU_017716,55.921645862261
STU_017717,73.59443271266366
STU_017718,95.07749907134084
STU_017719,69.72735640097264
STU_017720,73.00057736568156
STU_017721,79.0182574645215
STU_017722,99.91859130859376
STU_017723,72.15686827395783
STU_017724,74.45488908431366
STU_017725,92.83001081257744
STU_017726,92.75722496689832
STU_017727,82.25681192259611
STU_017728,84.9519326694734
STU_017729,67.55125863871278
STU_017730,57.699720278687764
STU_017731,54.66685402523596
STU_017732,79.46613595573365
STU_017733,63.36791236780972
STU_017734,69.41388405628146
STU_017735,62.04880678523403
STU_017736,71.73743388917619
STU_017737,61.668054789762586
STU_017738,93.7196987095445
STU_017739,85.86540384560288
STU_017740,77.67654243709583
STU_017741,87.69313883767454
STU_017742,84.33954479588877
STU_017743,86.15869634573211
STU_017744,86.84949904665511
STU_017745,87.37462772030702
STU_017746,83.41790252140763
STU_017747,68.80049012577808
STU_017748,65.25431578861335
STU_017749,63.43183120353026
STU_017750,84.14009879800302
STU_017751,80.77687234426088
STU_017752,78.57889257724301
STU_017753,97.52587363981763
STU_017754,90.90706367006399
STU_017755,89.03691647926004
STU_017756,83.10097262157178
STU_017757,49.37047494930167
STU_017758,63.740178266849014
STU_017759,80.70626450681885
STU_017760,96.18390270134613
STU_017761,63.24504832169522
STU_017762,99.92120971679688
STU_017763,94.47699478721798
STU_017764,51.14504395614533
STU_017765,92.00309821836026
STU_017766,77.41633692177248
STU_017767,60.980990307516564
STU_017768,61.475680143293616
STU_017769,89.50325275430657
STU_017770,76.84295381997813
STU_017771,53.631778266158065
STU_017772,71.19071597523148
STU_017773,57.59900340643168
STU_017774,99.83079528808594
STU_017775,79.41701852582791
STU_017776,88.8613601748238
STU_017777,80.26539196191533
STU_017778,81.7734421713377
STU_017779,51.57358517162076
STU_017780,70.54999342541177
STU_017781,80.7576150481588
STU_017782,75.00830729270633
STU_017783,67.1817918467417
STU_017784,77.55909948890286
STU_017785,91.35550532202859
STU_017786,75.30428412900719
STU_017787,85.54197079284721
STU_017788,76.69205669900799
STU_017789,86.8705502469576
STU_017790,55.70546973190967
STU_017791,91.98756528940729
STU_017792,66.8125382754923
STU_017793,68.05880396146985
STU_017794,65.29898572617337
STU_017795,68.99649989430375
STU_017796,80.76154267159217
STU_017797,90.63869026403157
STU_017798,94.86454190662448
STU_017799,99.9408966064453
STU_017800,89.36167249412946
STU_017801,74.4471278509508
STU_017802,96.12592083019433
STU_017803,63.001933091966315
STU_017804,78.18079897551715
STU_017805,71.65241584475464
STU_017806,66.5515401289232
STU_017807,96.04958047091209
STU_017808,66.87736348137523
STU_017809,88.24834355057129
STU_017810,99.7326400756836
STU_017811,71.72585559847994
STU_017812,82.96219299604329
STU_017813,82.13170558703382
STU_017814,66.02984607931843
STU_017815,63.767909645790205
STU_017816,58.45429923177126
STU_017817,53.18675564776589
STU_017818,92.07116380025772
STU_017819,88.15416296778514
STU_017820,85.6594541808941
STU_017821,73.53329968192789
STU_017822,91.40918556637064
STU_017823,96.21657770488318
STU_017824,54.563097633628516
STU_017825,77.00222478726877
STU_017826,82.45642609596827
STU_017827,87.7302935203492
STU_017828,57.505677711573384
STU_017829,64.61302258554434
STU_017830,66.3196133481971
STU_017831,88.00260159682617
STU_017832,85.49036479619258
STU_017833,55.54369941632103
STU_017834,79.55501474708824
STU_017835,66.88511750890137
STU_017836,80.10485363475294
STU_017837,67.8902265265713
STU_017838,64.79551005549325
STU_017839,94.96989349077705
STU_017840,70.30625189297196
STU_017841,95.67954899869838
STU_017842,80.37423710959061
STU_017843,85.00819144940516
STU_017844,63.475984815340155
STU_017845,97.39778045766475
STU_017846,91.80765676609761
STU_017847,47.59586397742424
STU_017848,62.18154326968025
STU_017849,55.379175269567725
STU_017850,68.32452999327491
STU_017851,60.181513988983546
STU_017852,87.95357418291435
STU_017853,74.34046964412207
STU_017854,98.49597629864047
STU_017855,48.29292104716998
STU_017856,82.90483888048135
STU_017857,83.02851778761587
STU_017858,77.47940521158873
STU_017859,65.68534648448508
STU_017860,81.37832686599575
STU_017861,85.0339456815102
STU_017862,69.41707078802239
STU_017863,90.76752268845294
STU_017864,79.06514075129023
STU_017865,69.71852584048479
STU_017866,79.15567044675528
STU_017867,64.07169111651092
STU_017868,97.64616979702686
STU_017869,61.60459733397718
STU_017870,81.30631682945037
STU_017871,97.57572291896125
STU_017872,70.95987317937323
STU_017873,95.59513373386382
STU_017874,79.5223806297499
STU_017875,72.38901332608825
STU_017876,69.86234143053603
STU_017877,49.92677338774024
STU_017878,92.58650135746618
STU_017879,54.345052551727456
STU_017880,94.44129086440243
STU_017881,71.98701451193125
STU_017882,72.98824292430089
STU_017883,93.38765379182352
STU_017884,60.58431690802167
STU_017885,66.75060698905166
STU_017886,80.53244295432665
STU_017887,54.46550165297053
STU_017888,64.2523571423275
STU_017889,99.89728469848633
STU_017890,99.93876495361329
STU_017891,77.63429975258177
STU_017892,51.59866064490522
STU_017893,83.10605153574313
STU_017894,61.709327831703064
STU_017895,68.82745356266035
STU_017896,77.9992838515295
STU_017897,61.330798084734525
STU_017898,84.78194981507033
STU_017899,81.58806900761887
STU_017900,70.70370313312173
STU_017901,91.55682676534292
STU_017902,66.39439834130849
STU_017903,71.09969394895278
STU_017904,80.16199852216612
STU_017905,76.48069486793061
STU_017906,70.2640992483103
STU_017907,76.41202710459832
STU_017908,68.64438915983166
STU_017909,69.61192639107279
STU_017910,72.47428958945062
STU_017911,59.136955590406885
STU_017912,94.45472310200628
STU_017913,91.13890161816832
STU_017914,67.0646512308206
STU_017915,71.68587887208432
STU_017916,77.63717077054311
STU_017917,81.96282500963048
STU_017918,81.51067589729018
STU_017919,91.19326449994398
STU_017920,78.27831686238633
STU_017921,85.36143181638039
STU_017922,75.79070130600684
STU_017923,66.57922871734098
STU_017924,74.31462266221848
STU_017925,70.50488651381399
STU_017926,75.60406911372495
STU_017927,99.79731521606445
STU_017928,85.87432956982693
STU_017929,88.9469157265671
STU_017930,78.33778614624117
STU_017931,61.62265316138712
STU_017932,98.7877039078993
STU_017933,97.808431414375
STU_017934,91.7023133572059
STU_017935,80.87899751096369
STU_017936,53.833707362071266
STU_017937,82.85534589346611
STU_017938,63.610102158245645
STU_017939,90.8205701476596
STU_017940,75.92225016576965
STU_017941,68.35636777979946
STU_017942,70.96401794370054
STU_017943,53.50819146726086
STU_017944,64.57728595298086
STU_017945,88.69349644341742
STU_017946,61.73539722598072
STU_017947,59.772231479341656
STU_017948,75.8295507344421
STU_017949,54.95355121293032
STU_017950,54.15936743902782
STU_017951,65.81706642612615
STU_017952,94.34531097833877
STU_017953,72.12637238972044
STU_017954,99.75450005864786
STU_017955,66.29611354303199
STU_017956,71.9707152049154
STU_017957,66.33668335302843
STU_017958,46.98879997669499
STU_017959,85.50487560709635
STU_017960,80.95693834126065
STU_017961,90.99955413371578
STU_017962,59.17398320375677
STU_017963,62.99904237961859
STU_017964,47.97040238733446
STU_017965,97.07650201223237
STU_017966,76.85192693294863
STU_017967,77.2121781841972
STU_017968,98.01212223696538
STU_017969,77.05010454729748
STU_017970,50.09986073743113
STU_017971,56.87327326890349
STU_017972,70.8244276254801
STU_017973,66.6502169468277
STU_017974,82.1147027429422
STU_017975,63.3264947244428
STU_017976,68.70045542152033
STU_017977,92.234522821654
STU_017978,65.19906377883683
STU_017979,70.66252687500648
STU_017980,59.668839279417014
STU_017981,97.21643339053408
STU_017982,68.9139650327083
STU_017983,81.16961292775395
STU_017984,69.55293618216696
STU_017985,65.11358600898312
STU_017986,65.54659526932761
STU_017987,79.99764692980322
STU_017988,61.83566430725616
STU_017989,76.56718159322564
STU_017990,72.79227574833722
STU_017991,79.4187084548278
STU_017992,45.483297889179475
STU_017993,99.41685039715044
STU_017994,88.62393580686131
STU_017995,76.88592905902811
STU_017996,58.932132044537056
STU_017997,75.42354361060309
STU_017998,85.50666094637111
STU_017999,88.81024186681401
STU_018000,96.54796509049639
STU_018001,76.94904337690328
STU_018002,50.43180877728439
STU_018003,71.67184079720262
STU_018004,77.52467787836316
STU_018005,77.49527985065691
STU_018006,68.48309834938412
STU_018007,98.8162874945117
STU_018008,92.30892064181245
STU_018009,86.17694813300469
STU_018010,82.7238373514501
STU_018011,87.40490304502431
STU_018012,70.52167031965772
STU_018013,84.38712823187987
STU_018014,70.69203803404783
STU_018015,77.53737442505445
STU_018016,79.73768603845369
STU_018017,80.84413735753341
STU_018018,97.74374275781622
STU_018019,63.643430612075896
STU_018020,77.53381263015453
STU_018021,66.82848045323021
STU_018022,93.23320795357854
STU_018023,83.94113563362683
STU_018024,44.4485798756427
STU_018025,77.87187571307221
STU_018026,71.40625027675829
STU_018027,83.4112395911905
STU_018028,99.43349417375703
STU_018029,71.74206101089614
STU_018030,89.30173691341069
STU_018031,88.76122156911701
STU_018032,69.91517007651763
STU_018033,90.70316157028978
STU_018034,74.2072204543349
STU_018035,94.1038037827667
STU_018036,76.45413031149009
STU_018037,40.93601744274436
STU_018038,65.25660088394596
STU_018039,82.10487430861694
STU_018040,75.38371166820251
STU_018041,63.0516640930767
STU_018042,63.95563761562205
STU_018043,88.89700677785163
STU_018044,77.87213854695916
STU_018045,74.0390747483087
STU_018046,84.66697198166104
STU_018047,54.116221141451135
STU_018048,98.15785880408444
STU_018049,87.66229355040312
STU_018050,84.52900727623975
STU_018051,61.48835627460924
STU_018052,65.5561290410449
STU_018053,66.27759547367873
STU_018054,43.7288483897887
STU_018055,99.82259979248047
STU_018056,37.24277535586304
STU_018057,62.05130644205518
STU_018058,92.3438393747667
STU_018059,95.48063589679387
STU_018060,61.93047983716867
STU_018061,77.198822953495
STU_018062,84.5776150642768
STU_018063,72.94537927568167
STU_018064,84.66463194443298
STU_018065,86.76924452184744
STU_018066,93.44074691141381
STU_018067,92.02829107758592
STU_018068,80.88701559146061
STU_018069,78.98635080892082
STU_018070,80.51224030935303
STU_018071,96.64007717690373
STU_018072,83.27223900529562
STU_018073,57.46943126311686
STU_018074,73.98140943046108
STU_018075,71.14362930597255
STU_018076,65.63635985493165
STU_018077,53.32840146552343
STU_018078,71.00558343134908
STU_018079,82.02590789473489
STU_018080,90.60798067766427
STU_018081,75.09514328768691
STU_018082,79.90654450106582
STU_018083,95.98483269935356
STU_018084,64.97031916809902
STU_018085,71.85277621055425
STU_018086,85.87467340937104
STU_018087,75.28539334121086
STU_018088,62.88429160518753
STU_018089,56.484956700662984
STU_018090,64.77885458122383
STU_018091,80.2372778337467
STU_018092,71.2948595855699
STU_018093,65.89540863618065
STU_018094,73.73360362226308
STU_018095,79.58672643108412
STU_018096,56.727133156797294
STU_018097,86.89972240050852
STU_018098,64.38239811338838
STU_018099,71.27316905652317
STU_018100,91.75668510507259
STU_018101,79.12085935666713
STU_018102,55.4600749918482
STU_018103,98.26823571537955
STU_018104,59.098968325639
STU_018105,58.17341130525743
STU_018106,73.51770734438054
STU_018107,77.34453036029413
STU_018108,72.6873593342992
STU_018109,86.09029308699347
STU_018110,77.45838217997257
STU_018111,77.41073701813119
STU_018112,68.15427502864004
STU_018113,56.82049616688667
STU_018114,90.84431968560317
STU_018115,74.06803935270908
STU_018116,64.53982378659828
STU_018117,83.58716372019869
STU_018118,71.54120372566094
STU_018119,97.14000381842163
STU_018120,62.27899345453768
STU_018121,98.76240761056766
STU_018122,80.35886274440855
STU_018123,72.94186449990006
STU_018124,82.74120409421269
STU_018125,68.84094462700608
STU_018126,47.88715380899335
STU_018127,68.04736175832178
STU_018128,48.795295690552706
STU_018129,79.77529346677619
STU_018130,91.96281341636262
STU_018131,73.05031114860681
STU_018132,99.38401718139649
STU_018133,79.32090106325555
STU_018134,99.92216796875
STU_018135,99.86282653808594
STU_018136,48.41387083531726
STU_018137,65.70274040158091
STU_018138,95.55921608628411
STU_018139,79.09086449500356
STU_018140,48.742582353629274
STU_018141,66.42928236136319
STU_018142,80.4189780714392
STU_018143,58.514198095317205
STU_018144,57.74433581182858
STU_018145,76.35382118866276
STU_018146,50.934074983474076
STU_018147,86.35723616407145
STU_018148,76.32608294126892
STU_018149,61.977618630732984
STU_018150,81.18546692150446
STU_018151,68.07992364680055
STU_018152,56.41841259406121
STU_018153,83.38178106206547
STU_018154,63.69290243242236
STU_018155,91.24836336879383
STU_018156,99.21231564805771
STU_018157,50.33240241814576
STU_018158,64.39885647979783
STU_018159,68.07660314606755
STU_018160,62.933176046510056
STU_018161,85.71153565937809
STU_018162,63.852950878467496
STU_018163,98.71562961859073
STU_018164,73.43626617687622
STU_018165,53.75203162614951
STU_018166,79.3574053047792
STU_018167,72.61254548996027
STU_018168,79.89317309285164
STU_018169,65.3819221086031
STU_018170,46.94307159769612
STU_018171,65.14018054754692
STU_018172,83.60766813482678
STU_018173,67.67987988543247
STU_018174,83.1024929752783
STU_018175,75.86359334098113
STU_018176,79.82527588166668
STU_018177,75.96420210983733
STU_018178,72.82725794001628
STU_018179,66.96004501633574
STU_018180,93.1783516068545
STU_018181,74.08632688607757
STU_018182,75.5772626056112
STU_018183,73.81622112539763
STU_018184,59.28077733862902
STU_018185,61.977344365795226
STU_018186,93.50211702680787
STU_018187,61.92582310890773
STU_018188,89.92390532243502
STU_018189,75.79989739268237
STU_018190,67.38849935365309
STU_018191,80.65371704083778
STU_018192,75.59570884894882
STU_018193,78.02905181828984
STU_018194,73.05653263156789
STU_018195,83.19687379581394
STU_018196,56.362821759055734
STU_018197,91.211706412364
STU_018198,77.92616989036108
STU_018199,74.11234496089718
STU_018200,85.81506945642485
STU_018201,69.98518944637021
STU_018202,42.39789257798748
STU_018203,80.09299599352111
STU_018204,74.23156485309556
STU_018205,67.96173046734089
STU_018206,70.97488592380286
STU_018207,78.98523158262616
STU_018208,78.69673636344531
STU_018209,56.761217506803504
STU_018210,84.66457881414513
STU_018211,99.82733917236328
STU_018212,71.7172178648869
STU_018213,52.94216170861449
STU_018214,80.48143554189079
STU_018215,74.49248013004708
STU_018216,77.95310539155435
STU_018217,56.54836517602489
STU_018218,73.04336419173902
STU_018219,86.98674950561482
STU_018220,80.29704720637054
STU_018221,96.06306567041764
STU_018222,89.07510056270195
STU_018223,84.98082819246973
STU_018224,84.91206647083284
STU_018225,73.63154428676026
STU_018226,79.23989835625062
STU_018227,75.53951948836223
STU_018228,80.94795339145332
STU_018229,71.36869497426716
STU_018230,84.84369541694247
STU_018231,73.54068719821528
STU_018232,61.3454572009076
STU_018233,59.826612808449624
STU_018234,94.178595456127
STU_018235,82.39375202019828
STU_018236,99.60693193248555
STU_018237,55.81938769977725
STU_018238,69.77514647784226
STU_018239,89.35090275850695
STU_018240,56.394710053574954
STU_018241,92.28812536360294
STU_018242,72.59353957250921
STU_018243,79.62310982935327
STU_018244,94.5020580690917
STU_018245,69.02107578903325
STU_018246,72.40431322215014
STU_018247,55.094208741755665
STU_018248,74.78855738136852
STU_018249,71.90021902492771
STU_018250,70.86848998900182
STU_018251,69.420584072257
STU_018252,93.67255904269928
STU_018253,55.29828730961965
STU_018254,88.18805272911487
STU_018255,75.30735035784105
STU_018256,91.56896958658024
STU_018257,76.42617274301826
STU_018258,82.72575762847892
STU_018259,84.65181126952336
STU_018260,85.29468401725089
STU_018261,73.88539303625821
STU_018262,55.046459825762405
STU_018263,78.81566769213579
STU_018264,79.09407267925934
STU_018265,80.23643185636331
STU_018266,88.63102391633262
STU_018267,69.96539093075603
STU_018268,80.84790030132837
STU_018269,65.45852180935039
STU_018270,65.22330285970622
STU_018271,68.90935225128351
STU_018272,46.26810053014511
STU_018273,98.32628673274256
STU_018274,64.86273853137814
STU_018275,88.59288763166195
STU_018276,85.593749886365
STU_018277,83.11673928528275
STU_018278,77.38981782727527
STU_018279,54.07443274786466
STU_018280,84.17351835012485
STU_018281,98.33096967524773
STU_018282,70.4962443383289
STU_018283,60.69655411884584
STU_018284,70.22348896851665
STU_018285,91.84138885437109
STU_018286,64.83900576449383
STU_018287,93.38794780831404
STU_018288,65.42850106112145
STU_018289,89.41583235350723
STU_018290,67.50776015201171
STU_018291,72.29420187511234
STU_018292,79.96625197178464
STU_018293,75.3686072704167
STU_018294,83.07698305192869
STU_018295,49.2783013295832
STU_018296,87.74053233265238
STU_018297,77.63244786080008
STU_018298,98.84390470480706
STU_018299,62.060331400334626
STU_018300,83.5499233982166
STU_018301,62.21925016998149
STU_018302,66.44707695785249
STU_018303,99.5294792175293
STU_018304,62.781813556651954
STU_018305,55.75991004142186
STU_018306,60.01176176715336
STU_018307,75.3908173698852
STU_018308,84.2779282908667
STU_018309,68.27628596002461
STU_018310,92.49705471258389
STU_018311,67.20571447914085
STU_018312,71.88711469677052
STU_018313,85.31778597590788
STU_018314,69.4905530186848
STU_018315,96.27069316839348
STU_018316,71.62146283840374
STU_018317,89.58300215293872
STU_018318,55.046972291434344
STU_018319,57.98815253471952
STU_018320,87.17566340201284
STU_018321,90.34916559089015
STU_018322,76.04421927841703
STU_018323,99.93710174560547
STU_018324,57.39972154957874
STU_018325,77.82700021718549
STU_018326,73.95748478316521
STU_018327,85.60660902299426
STU_018328,72.23855357571921
STU_018329,71.5327250710143
STU_018330,47.2590873141414
STU_018331,85.35843301122574
STU_018332,91.7300289624035
STU_018333,59.97585676785107
STU_018334,86.75773069402888
STU_018335,56.33785300763418
STU_018336,76.69244426024983
STU_018337,69.44005022432978
STU_018338,70.34414410267684
STU_018339,82.66761911234487
STU_018340,87.58029163349192
STU_018341,65.34060924646855
STU_018342,59.177167909087046
STU_018343,59.51269840147454
STU_018344,83.93704298710092
STU_018345,71.25560882393546
STU_018346,69.4081486385812
STU_018347,73.09813615168079
STU_018348,98.83581768555804
STU_018349,78.52301773134617
STU_018350,84.44266393549927
STU_018351,77.92542250752189
STU_018352,87.80416266420494
STU_018353,82.31366610059325
STU_018354,99.02281657501032
STU_018355,70.64549877451267
STU_018356,72.39522972537539
STU_018357,69.71550810067788
STU_018358,77.62908946421153
STU_018359,99.5483413696289
STU_018360,92.2425335552702
STU_018361,46.34088573399674
STU_018362,70.29402389840193
STU_018363,44.94624928948572
STU_018364,91.76308972678585
STU_018365,92.74586255318124
STU_018366,58.70236544746143
STU_018367,80.71526480147068
STU_018368,64.41607880431862
STU_018369,82.10893471744754
STU_018370,57.54726819712744
STU_018371,86.89062604625985
STU_018372,88.69645081028835
STU_018373,59.27547974794673
STU_018374,74.37447474702373
STU_018375,67.52797748046655
STU_018376,80.02230292465998
STU_018377,89.76356873391947
STU_018378,93.2757329858745
STU_018379,50.69046644449809
STU_018380,82.62714742302126
STU_018381,71.69781522880697
STU_018382,90.30864587208974
STU_018383,90.37482399297741
STU_018384,63.645189795895924
STU_018385,96.88502018994791
STU_018386,76.52059498911835
STU_018387,84.21735923647026
STU_018388,96.45730771681957
STU_018389,61.946435767483464
STU_018390,52.8783656406796
STU_018391,77.53864275258258
STU_018392,99.81058807373047
STU_018393,78.20664765960694
STU_018394,81.19406810902542
STU_018395,77.56576596722567
STU_018396,61.08264373402426
STU_018397,67.54246319487427
STU_018398,80.55929509235929
STU_018399,99.76491012573243
STU_018400,72.22327560219789
STU_018401,82.97917481687838
STU_018402,76.00055915698104
STU_018403,89.10535822746971
STU_018404,86.48005904736638
STU_018405,86.1399731967349
STU_018406,66.33586176494171
STU_018407,98.80583353350013
STU_018408,86.24576631144083
STU_018409,59.431056558942956
STU_018410,94.36105606161476
STU_018411,72.27783438666037
STU_018412,74.49635079983634
STU_018413,95.23661254460498
STU_018414,99.33404693603515
STU_018415,73.33996598044999
STU_018416,82.02500995281325
STU_018417,60.44216974100048
STU_018418,96.78488014376518
STU_018419,77.81724363598613
STU_018420,88.50758200058317
STU_018421,92.91522545250714
STU_018422,90.72904086859246
STU_018423,82.64337433633266
STU_018424,55.48607645246394
STU_018425,95.08012257379204
STU_018426,75.13460866402745
STU_018427,79.61845312050608
STU_018428,73.6731934704866
STU_018429,95.06119176631009
STU_018430,62.4587341506227
STU_018431,79.4625808922853
STU_018432,95.55311430291277
STU_018433,70.66036318553469
STU_018434,77.76624637120881
STU_018435,66.69670704643971
STU_018436,75.40905029451102
STU_018437,88.2008510640753
STU_018438,63.82096812168285
STU_018439,99.8716064453125
STU_018440,79.30570881373805
STU_018441,72.02894224879262
STU_018442,76.33527792661955
STU_018443,57.7731198720773
STU_018444,67.72797117091365
STU_018445,95.76149296170968
STU_018446,79.08989488240078
STU_018447,94.87929075744677
STU_018448,65.49037074187439
STU_018449,97.59264770335835
STU_018450,69.72398391024632
STU_018451,69.07472619746076
STU_018452,56.492220904702506
STU_018453,66.54085889500779
STU_018454,52.280065249812665
STU_018455,51.14256664963267
STU_018456,73.98164533692803
STU_018457,57.839206134200566
STU_018458,73.30383066807804
STU_018459,59.09367624925152
STU_018460,69.5281664506948
STU_018461,94.19571047611672
STU_018462,53.56660307880743
STU_018463,79.88951546469195
STU_018464,64.28742541832857
STU_018465,78.37623541233862
STU_018466,60.68960710488565
STU_018467,86.9674015067767
STU_018468,74.11902798897027
STU_018469,78.75572715580233
STU_018470,89.10143426596179
STU_018471,86.27444635507824
STU_018472,59.16792109734716
STU_018473,81.24223655087664
STU_018474,89.5102218107347
STU_018475,75.97596586901804
STU_018476,77.96000779895186
STU_018477,44.45585354035738
STU_018478,99.82812271118163
STU_018479,93.13737231174125
STU_018480,86.59110662762728
STU_018481,71.80520948776962
STU_018482,62.28824454536637
STU_018483,89.35012543198025
STU_018484,87.23564844680163
STU_018485,67.73047244883819
STU_018486,72.86926481196193
STU_018487,58.38238102599132
STU_018488,77.79187255431145
STU_018489,57.58797973033572
STU_018490,72.50154356432247
STU_018491,82.7652076717495
STU_018492,75.31170822853949
STU_018493,85.743315638144
STU_018494,79.23668629501144
STU_018495,84.4709374833602
STU_018496,67.38198533503055
STU_018497,93.27818113705986
STU_018498,67.90615241916481
STU_018499,66.49572544419397
STU_018500,77.54466388604516
STU_018501,99.8288948059082
STU_018502,68.31126937785022
STU_018503,46.082008988125274
STU_018504,99.4728988647461
STU_018505,72.10312010127643
STU_018506,81.35409253217941
STU_018507,74.19009454080896
STU_018508,81.7509398693335
STU_018509,57.41982098658135
STU_018510,82.98769291177413
STU_018511,74.8965837773869
STU_018512,81.30428724774387
STU_018513,79.1088369556128
STU_018514,60.91763164255832
STU_018515,65.27433198224215
STU_018516,60.79583956983999
STU_018517,84.08145672939705
STU_018518,59.205988770142824
STU_018519,56.36312592876172
STU_018520,89.51549436999133
STU_018521,73.99788211019472
STU_018522,84.85999477620655
STU_018523,84.84518207907499
STU_018524,91.80775596993615
STU_018525,73.86870140147903
STU_018526,59.968381923745724
STU_018527,87.03253655849618
STU_018528,88.42630511885869
STU_018529,76.11362348175794
STU_018530,75.3289717536651
STU_018531,87.51646529668136
STU_018532,66.96037359867398
STU_018533,68.55893121268686
STU_018534,61.84991784769963
STU_018535,88.85448681858901
STU_018536,99.86690826416016
STU_018537,83.67221979043525
STU_018538,73.0828974421095
STU_018539,58.17068478445798
STU_018540,79.07662449365529
STU_018541,66.04531926697923
STU_018542,93.95662445569765
STU_018543,71.25546084013739
STU_018544,75.07234016161328
STU_018545,70.71780412745355
STU_018546,95.12623863101095
STU_018547,72.990904596784
STU_018548,91.07144655240353
STU_018549,86.20997548538227
STU_018550,79.92929045393987
STU_018551,73.4531564315609
STU_018552,63.4891843297988
STU_018553,65.58843079000435
STU_018554,62.65542340822225
STU_018555,59.195157282232394
STU_018556,81.136345215647
STU_018557,61.33837160373679
STU_018558,65.27228843500468
STU_018559,67.60444801643476
STU_018560,77.81387428087143
STU_018561,77.60429450779954
STU_018562,81.83902512229997
STU_018563,76.70918077433834
STU_018564,83.69221974083716
STU_018565,62.75924639473957
STU_018566,67.4990271059926
STU_018567,91.54127122679847
STU_018568,82.3479963247436
STU_018569,83.01152830144312
STU_018570,72.00250456436656
STU_018571,85.88664232282369
STU_018572,60.30779764027247
STU_018573,85.52504806022596
STU_018574,73.55635221887908
STU_018575,71.14821527866935
STU_018576,75.94151532742328
STU_018577,68.54363063208122
STU_018578,80.55543537643806
STU_018579,51.261802979707966
STU_018580,99.37875475090861
STU_018581,71.25251425875342
STU_018582,80.15082630689771
STU_018583,95.47835491169829
STU_018584,85.50293677206223
STU_018585,70.05406226082637
STU_018586,91.92985065918384
STU_018587,95.54336074392324
STU_018588,51.7438475268583
STU_018589,83.52157186759894
STU_018590,73.44529690976192
STU_018591,89.7165356819176
STU_018592,42.0920922556505
STU_018593,85.36417455276806
STU_018594,65.65785747633825
STU_018595,73.84566838005138
STU_018596,59.8709530625861
STU_018597,73.2957285261428
STU_018598,64.23543955315499
STU_018599,57.23729362873087
STU_018600,84.2559099546059
STU_018601,65.122089483519
STU_018602,70.0548708228521
STU_018603,70.93773601405304
STU_018604,75.94038272922717
STU_018605,45.062984303821054
STU_018606,70.52457927830832
STU_018607,91.17207904470652
STU_018608,93.46837101333804
STU_018609,86.79011987868225
STU_018610,99.86347045898438
STU_018611,65.57627984722325
STU_018612,75.73874483143821
STU_018613,83.54811737476456
STU_018614,75.59115803645949
STU_018615,54.50444025980574
STU_018616,81.49153231030532
STU_018617,71.30063819929319
STU_018618,63.46680454760576
STU_018619,71.15283363014507
STU_018620,91.66625655990171
STU_018621,58.33164704532402
STU_018622,78.93768042730369
STU_018623,69.76555210135267
STU_018624,78.2036837013327
STU_018625,84.3136951318505
STU_018626,69.4139404581856
STU_018627,70.39524110705284
STU_018628,61.8884411089353
STU_018629,69.47384837642946
STU_018630,62.69498584978682
STU_018631,93.1441234085273
STU_018632,90.04483138367559
STU_018633,69.93181961986582
STU_018634,62.65777248294812
STU_018635,72.37206135153093
STU_018636,77.40363300980513
STU_018637,69.50031958137257
STU_018638,99.71884349028427
STU_018639,90.77050017512101
STU_018640,71.90067905085871
STU_018641,54.76164010562715
STU_018642,81.16332761899923
STU_018643,64.29857058763687
STU_018644,61.0209503321107
STU_018645,95.35242068725559
STU_018646,65.934717598357
STU_018647,99.13402786254883
STU_018648,54.185322886707155
STU_018649,56.27702497461319
STU_018650,75.19239252177142
STU_018651,64.44414602922838
STU_018652,88.31585631246625
STU_018653,80.46867830122663
STU_018654,80.46304023805185
STU_018655,65.15098047722918
STU_018656,70.8848393747453
STU_018657,89.51109767691771
STU_018658,82.05919068709218
STU_018659,82.46472694269207
STU_018660,73.59730949371087
STU_018661,55.945102577945306
STU_018662,62.906977238788066
STU_018663,78.02532398536516
STU_018664,45.674251804091035
STU_018665,67.09572220280506
STU_018666,62.71155821087797
STU_018667,63.865851758017804
STU_018668,47.46108855179126
STU_018669,75.81553610759772
STU_018670,71.97031055483936
STU_018671,60.23684999094935
STU_018672,79.28495157642601
STU_018673,59.18794959721058
STU_018674,65.20049840822139
STU_018675,74.3874720604025
STU_018676,67.00121318715047
STU_018677,68.86186177323043
STU_018678,88.60233849772467
STU_018679,87.55270686755534
STU_018680,60.052316016268634
STU_018681,81.78777375566244
STU_018682,88.96559702056972
STU_018683,75.11508050969131
STU_018684,86.19159056097183
STU_018685,70.88188850141138
STU_018686,86.1338521455867
STU_018687,76.43667546722739
STU_018688,68.20257936530092
STU_018689,86.53854838479884
STU_018690,71.8124664064265
STU_018691,68.09167146311164
STU_018692,74.42561761433151
STU_018693,72.51647903805161
STU_018694,86.12366109712623
STU_018695,78.45978748677787
STU_018696,68.64387498852999
STU_018697,78.90087274610035
STU_018698,92.03668247027049
STU_018699,62.82249302847568
STU_018700,99.96800994873047
STU_018701,69.88426036301513
STU_018702,82.95665830462383
STU_018703,70.21941031167252
STU_018704,90.55751665105751
STU_018705,71.55616067005207
STU_018706,92.85402382329954
STU_018707,65.35463631002548
STU_018708,70.13334179649071
STU_018709,96.70197519061398
STU_018710,81.5119681754002
STU_018711,59.846742563674496
STU_018712,92.76547939211332
STU_018713,71.98299513271081
STU_018714,77.9303596719033
STU_018715,99.41230208955099
STU_018716,66.10815165461617
STU_018717,73.65726021434415
STU_018718,61.0835368721211
STU_018719,83.65680806775836
STU_018720,73.33311714646997
STU_018721,90.72677964795894
STU_018722,55.831889409549035
STU_018723,59.60003474253023
STU_018724,69.66714977305145
STU_018725,78.53773737935302
STU_018726,68.76788738756564
STU_018727,86.44622720750317
STU_018728,75.60593254387332
STU_018729,91.78007035893435
STU_018730,85.1790364902483
STU_018731,63.82221097204145
STU_018732,75.35854458861247
STU_018733,93.80103364849342
STU_018734,76.18219116442415
STU_018735,76.78620511939678
STU_018736,59.5664203019235
STU_018737,74.91114667680058
STU_018738,73.58060730465189
STU_018739,79.58421777129242
STU_018740,68.92154443417675
STU_018741,46.1916781040089
STU_018742,96.70244234870069
STU_018743,61.45819739464574
STU_018744,99.72102355957031
STU_018745,76.92323270498316
STU_018746,67.00514755151227
STU_018747,90.9301231269481
STU_018748,53.746242527470166
STU_018749,56.222553085355955
STU_018750,85.18066037078529
STU_018751,88.08291990497808
STU_018752,57.206108952400086
STU_018753,60.08185991537691
STU_018754,91.97635562325719
STU_018755,90.55730164071012
STU_018756,70.49978763458478
STU_018757,89.22615432532206
STU_018758,90.25267825623192
STU_018759,93.86768841075062
STU_018760,70.9034371805021
STU_018761,71.52211876013216
STU_018762,81.06201513835634
STU_018763,64.65557670576317
STU_018764,82.51942574755908
STU_018765,78.58468075516582
STU_018766,64.64066859611499
STU_018767,82.14212874432275
STU_018768,75.8609968741015
STU_018769,51.12183625788273
STU_018770,84.42694208714518
STU_018771,68.32565649263145
STU_018772,93.11181359078245
STU_018773,78.72582223673808
STU_018774,61.855626318648724
STU_018775,81.78649200654482
STU_018776,86.45340143676651
STU_018777,52.6370821426276
STU_018778,99.32117595532881
STU_018779,92.33039080017662
STU_018780,61.63486943477892
STU_018781,92.89072052928618
STU_018782,97.85428273293489
STU_018783,83.58371632306068
STU_018784,80.50133108244032
STU_018785,84.03048821606889
STU_018786,75.26972543794147
STU_018787,55.25371385670791
STU_018788,66.66591456140887
STU_018789,73.56998145485181
STU_018790,90.35558607838445
STU_018791,72.36763661079695
STU_018792,60.506305175763345
STU_018793,61.02750427421604
STU_018794,61.5987171822853
STU_018795,96.87824845358506
STU_018796,56.02771062153109
STU_018797,63.443853740469606
STU_018798,63.16515003672079
STU_018799,83.23798625923621
STU_018800,84.80177434026604
STU_018801,85.57431409776697
STU_018802,68.0064925060482
STU_018803,68.2389161552006
STU_018804,55.79932249406713
STU_018805,64.32409347443928
STU_018806,84.43194118777018
STU_018807,76.05804899198176
STU_018808,62.62565470332138
STU_018809,86.04657117068453
STU_018810,80.16758754819782
STU_018811,51.39279444302474
STU_018812,83.99840327296309
STU_018813,71.21898804697786
STU_018814,44.04373583043155
STU_018815,85.98247626751936
STU_018816,66.39837899968222
STU_018817,68.47801008197744
STU_018818,87.3398978148739
STU_018819,70.05505188146392
STU_018820,92.11839737444919
STU_018821,80.86971538903042
STU_018822,75.96823753579498
STU_018823,97.50578761692262
STU_018824,65.14497591768273
STU_018825,72.4908445154711
STU_018826,70.25920469049575
STU_018827,73.30095390828802
STU_018828,68.70682474059365
STU_018829,57.23530832461617
STU_018830,86.72709686395561
STU_018831,88.15071796931502
STU_018832,84.01730527249148
STU_018833,59.40413838962734
STU_018834,52.22889045545094
STU_018835,63.45134541311576
STU_018836,81.11587358839061
STU_018837,71.57244988532926
STU_018838,62.66380588821097
STU_018839,86.02501697383107
STU_018840,83.44682597963367
STU_018841,89.74214933393985
STU_018842,77.52325196607902
STU_018843,75.95963856001003
STU_018844,68.79276658266804
STU_018845,81.15285969510936
STU_018846,99.21892471313477
STU_018847,99.21997966401574
STU_018848,79.08865543096562
STU_018849,69.61493680712482
STU_018850,75.66994184353423
STU_018851,62.40770826375006
STU_018852,54.72006043048771
STU_018853,62.30319336432605
STU_018854,70.63861642092738
STU_018855,76.89937203080326
STU_018856,63.77709943844205
STU_018857,87.1617344111698
STU_018858,83.20005785376014
STU_018859,95.60043849591423
STU_018860,72.67036876920477
STU_018861,75.11310706103109
STU_018862,95.34229799276105
STU_018863,68.77624046235373
STU_018864,61.04196796678306
STU_018865,77.65132077676495
STU_018866,74.50252695107591
STU_018867,65.2012737160781
STU_018868,78.94610045944765
STU_018869,74.49885038730596
STU_018870,88.8682369107802
STU_018871,97.32708320210972
STU_018872,82.42022793072096
STU_018873,73.43935826701235
STU_018874,87.64810761353247
STU_018875,98.80444543370484
STU_018876,65.82048050823687
STU_018877,60.08670487593709
STU_018878,94.65889905877356
STU_018879,85.25651070179524
STU_018880,78.00147207454529
STU_018881,63.36458810600929
STU_018882,71.65730895951526
STU_018883,73.37841802500597
STU_018884,92.67631537241546
STU_018885,56.7137808497548
STU_018886,88.8606443276278
STU_018887,66.79420695966193
STU_018888,90.54877254887494
STU_018889,60.40821631472189
STU_018890,43.778331530953906
STU_018891,73.96608548791338
STU_018892,80.0805549919403
STU_018893,82.75852360368147
STU_018894,99.49360912818753
STU_018895,76.81864163526052
STU_018896,85.83903542209413
STU_018897,71.92703124403648
STU_018898,66.37154161182875
STU_018899,69.0198959001578
STU_018900,74.8588278060335
STU_018901,81.07679279564798
STU_018902,96.6691242245008
STU_018903,87.45132725597624
STU_018904,78.55343272178108
STU_018905,65.27585580502598
STU_018906,79.71369391695225
STU_018907,74.76425372811177
STU_018908,70.535871946687
STU_018909,77.75141939478121
STU_018910,70.7219047615625
STU_018911,58.7396075705066
STU_018912,84.70236873825314
STU_018913,67.34383931713224
STU_018914,69.89587318858126
STU_018915,81.65579957983255
STU_018916,61.328209019632254
STU_018917,83.56382313688786
STU_018918,92.53217820568872
STU_018919,79.62262863402944
STU_018920,56.97023766983932
STU_018921,73.23987952031928
STU_018922,65.42868039433112
STU_018923,99.68650269728747
STU_018924,66.10563000561827
STU_018925,73.6036026541307
STU_018926,83.06706473999364
STU_018927,75.63745617349878
STU_018928,70.76211454162924
STU_018929,71.65828976999856
STU_018930,56.36291206227745
STU_018931,61.79544750551517
STU_018932,48.54094109691461
STU_018933,73.23531884760756
STU_018934,79.32877203287524
STU_018935,69.03948263439302
STU_018936,71.5506676056389
STU_018937,85.8414733337539
STU_018938,83.55346266168883
STU_018939,67.41688686755447
STU_018940,81.58423240681071
STU_018941,88.94235189232694
STU_018942,56.38593888957922
STU_018943,78.30714413495524
STU_018944,75.38869811052427
STU_018945,76.94580791928244
STU_018946,81.13001543715104
STU_018947,69.48964494570343
STU_018948,69.47268384649855
STU_018949,71.5094122540732
STU_018950,84.7268763844375
STU_018951,66.74865859525386
STU_018952,63.1783001866103
STU_018953,71.57081043382041
STU_018954,78.43273801798001
STU_018955,77.96322432207276
STU_018956,57.11801426273307
STU_018957,73.92906809942681
STU_018958,83.24387657701607
STU_018959,80.94365990238245
STU_018960,74.40619447104768
STU_018961,66.71292895003486
STU_018962,79.88493921461551
STU_018963,93.01353131015874
STU_018964,67.6556422538942
STU_018965,87.86111095931501
STU_018966,95.17771220118416
STU_018967,96.07443454608996
STU_018968,77.01621963753395
STU_018969,76.38960368051602
STU_018970,90.6885056190432
STU_018971,58.39114748639521
STU_018972,77.34762049318321
STU_018973,87.52717282616925
STU_018974,58.72902203632617
STU_018975,84.1838314934671
STU_018976,73.80316666036907
STU_018977,89.78667526877067
STU_018978,84.9458118733576
STU_018979,58.0592751303855
STU_018980,76.16428159451354
STU_018981,55.009721891468494
STU_018982,77.03329118577103
STU_018983,74.53410154285211
STU_018984,72.74745992079632
STU_018985,76.30822172235291
STU_018986,80.2996664989196
STU_018987,81.29171053554435
STU_018988,71.56715197953545
STU_018989,82.96495920062577
STU_018990,84.50503695675638
STU_018991,63.86566629785267
STU_018992,77.92935797151993
STU_018993,80.80981347029669
STU_018994,84.24367723382508
STU_018995,95.6154164741564
STU_018996,62.71586434160879
STU_018997,71.41702705133885
STU_018998,76.80897156594489
STU_018999,91.66993026852396
STU_019000,73.86367058497325
STU_019001,60.892818869016665
STU_019002,72.54946727525592
STU_019003,90.79150166327176
STU_019004,79.88560934617118
STU_019005,94.76956675307522
STU_019006,93.34593634992365
STU_019007,99.96834564208984
STU_019008,77.08186772800718
STU_019009,99.82512359619142
STU_019010,46.243448487541315
STU_019011,81.05270062153701
STU_019012,75.59568223250841
STU_019013,58.11357831687245
STU_019014,99.965828704834
STU_019015,51.838111585831626
STU_019016,63.387212669531756
STU_019017,96.11343882408626
STU_019018,73.16748045578937
STU_019019,72.08021197180499
STU_019020,98.46780689292285
STU_019021,44.98666792392343
STU_019022,72.22764836664442
STU_019023,89.62790324930498
STU_019024,75.49172169795366
STU_019025,96.06004152162765
STU_019026,98.86194616730418
STU_019027,76.82011477235183
STU_019028,57.508966304197244
STU_019029,60.07165521713907
STU_019030,72.229949315326
STU_019031,81.56463839980506
STU_019032,83.27751801177695
STU_019033,77.58592776707602
STU_019034,68.03158063198043
STU_019035,83.67194083741204
STU_019036,94.24726856729353
STU_019037,86.47004952492867
STU_019038,67.45954907478205
STU_019039,80.17220869774832
STU_019040,72.27595838373122
STU_019041,78.77572913459744
STU_019042,79.04815045326148
STU_019043,87.1528892326572
STU_019044,85.730514841586
STU_019045,74.37972041429703
STU_019046,63.41605283585273
STU_019047,47.30834471896753
STU_019048,85.08905510440118
STU_019049,54.85427056046119
STU_019050,87.98025123088902
STU_019051,62.821317584145554
STU_019052,69.34933604672325
STU_019053,77.70203180335895
STU_019054,71.64101636873144
STU_019055,49.38762460108235
STU_019056,84.38507641368817
STU_019057,80.34078457709083
STU_019058,82.30692470902241
STU_019059,48.590825400895895
STU_019060,66.91372878313146
STU_019061,49.8629869566375
STU_019062,86.83083800216083
STU_019063,72.81169362435506
STU_019064,63.026058877102315
STU_019065,95.07801148750852
STU_019066,60.40472052186654
STU_019067,80.2874650910174
STU_019068,65.43156535485363
STU_019069,58.77422490065318
STU_019070,74.10296189981892
STU_019071,63.91277390696162
STU_019072,99.59039688110352
STU_019073,61.88081648295305
STU_019074,66.82115097871643
STU_019075,61.81383253477652
STU_019076,59.47909194922107
STU_019077,96.67621095522948
STU_019078,95.12591862623361
STU_019079,89.55429478264534
STU_019080,55.336248897155606
STU_019081,83.23465516582579
STU_019082,86.55944389128645
STU_019083,59.90761860134167
STU_019084,55.48576337463011
STU_019085,59.77320741850744
STU_019086,49.222955400216584
STU_019087,76.24514262242134
STU_019088,71.8404456353493
STU_019089,84.67068942363306
STU_019090,92.18378972008557
STU_019091,80.30214934720283
STU_019092,83.61335359427794
STU_019093,73.83289173183648
STU_019094,85.99289695897747
STU_019095,76.46013007705653
STU_019096,81.99557264326093
STU_019097,85.5346380723655
STU_019098,57.82004695442118
STU_019099,67.63116957180213
STU_019100,70.07795589647651
STU_019101,61.26187122842812
STU_019102,75.67033775993798
STU_019103,86.74452629491834
STU_019104,64.10263358150529
STU_019105,64.11715323414765
STU_019106,60.858440069827566
STU_019107,87.94667612348914
STU_019108,70.60152750938761
STU_019109,99.14665603637695
STU_019110,95.17556630757093
STU_019111,76.25975535742823
STU_019112,99.20348587036133
STU_019113,83.67504263897723
STU_019114,98.14065599824974
STU_019115,85.97889833517252
STU_019116,85.02067717323465
STU_019117,61.86971831665466
STU_019118,79.7400165550882
STU_019119,73.7394644141603
STU_019120,62.645529830487725
STU_019121,95.62258242968022
STU_019122,81.99189513381035
STU_019123,67.56298630679628
STU_019124,96.16628372612159
STU_019125,73.14269403634992
STU_019126,71.60801233187249
STU_019127,72.38455827089648
STU_019128,89.63779366286496
STU_019129,60.429708951500714
STU_019130,59.149786671332265
STU_019131,80.28043401325047
STU_019132,90.66426179782675
STU_019133,55.76279722514684
STU_019134,66.72960523260782
STU_019135,98.92671365439907
STU_019136,93.05271478287004
STU_019137,60.40347847202426
STU_019138,88.96442806193136
STU_019139,89.24367135172538
STU_019140,82.59648909831665
STU_019141,94.75330042226975
STU_019142,83.43708711168418
STU_019143,78.61723992219889
STU_019144,76.91947052571531
STU_019145,66.07627018929355
STU_019146,93.58462764206149
STU_019147,72.10862414262174
STU_019148,98.00058133656226
STU_019149,78.14356195044948
STU_019150,77.81920234782208
STU_019151,96.23019428187641
STU_019152,46.06343026858082
STU_019153,66.972977546598
STU_019154,92.77557836416199
STU_019155,99.82494888305663
STU_019156,82.3517006752071
STU_019157,91.08198666371844
STU_019158,51.787841555614186
STU_019159,70.35956860157111
STU_019160,62.015434120975414
STU_019161,59.297878332154475
STU_019162,61.333479266765195
STU_019163,72.94129333837137
STU_019164,71.68902579889848
STU_019165,75.01560754707694
STU_019166,95.0080973070441
STU_019167,89.38690858530066
STU_019168,83.97952997403874
STU_019169,72.84896939894824
STU_019170,86.53315093867343
STU_019171,74.78380649390299
STU_019172,81.32636884919226
STU_019173,81.34093571830331
STU_019174,58.73273587487993
STU_019175,74.53865704184508
STU_019176,76.75785079626199
STU_019177,96.69413075172673
STU_019178,34.83246334017306
STU_019179,77.1341170380127
STU_019180,70.42641610280504
STU_019181,95.48485551003436
STU_019182,56.024454089985
STU_019183,96.16594994123301
STU_019184,89.72059827313268
STU_019185,94.62384810312987
STU_019186,98.10082960159482
STU_019187,73.67541341053271
STU_019188,98.81402661151242
STU_019189,89.50405026429871
STU_019190,73.92631375885608
STU_019191,64.36036144628082
STU_019192,98.28848679040067
STU_019193,67.24023615685371
STU_019194,72.1764747187031
STU_019195,82.14792292365584
STU_019196,82.38766543221269
STU_019197,92.51412056243757
STU_019198,73.68451770160573
STU_019199,99.75126571655274
STU_019200,66.49995654954456
STU_019201,86.2525344359455
STU_019202,78.84666253230131
STU_019203,54.069207905283925
STU_019204,61.36193179173726
STU_019205,81.2896302355026
STU_019206,46.77127224092642
STU_019207,68.47550093596968
STU_019208,70.09387144031379
STU_019209,73.18847065866501
STU_019210,58.91231195660383
STU_019211,64.57131794704897
STU_019212,71.053550487623
STU_019213,69.55736732507451
STU_019214,72.47723044389546
STU_019215,99.44523158765739
STU_019216,67.2214581441184
STU_019217,74.35192560484444
STU_019218,48.78018206409295
STU_019219,81.29061849636136
STU_019220,75.21472299414285
STU_019221,63.954579395019636
STU_019222,82.7710442429466
STU_019223,76.16256959381333
STU_019224,96.29801873164976
STU_019225,54.54933487487132
STU_019226,56.05590300219329
STU_019227,63.68412983863295
STU_019228,59.0579732701451
STU_019229,76.20655072083292
STU_019230,65.33293797959087
STU_019231,87.69465073129838
STU_019232,91.41233075706553
STU_019233,57.42847404931427
STU_019234,66.40883958139864
STU_019235,80.08600787288273
STU_019236,78.02914918300229
STU_019237,75.82770919744418
STU_019238,74.50885585418766
STU_019239,84.91055434109902
STU_019240,81.63262721804388
STU_019241,96.4925633804078
STU_019242,68.12250311553629
STU_019243,88.06507086462412
STU_019244,76.33212404175366
STU_019245,51.76338327135568
STU_019246,58.436846103080505
STU_019247,93.21852523380082
STU_019248,84.51755237277727
STU_019249,94.79707195912695
STU_019250,60.238386505974475
STU_019251,94.91290608924614
STU_019252,72.32989628439645
STU_019253,61.35413452130645
STU_019254,47.49748316775179
STU_019255,66.2423352755551
STU_019256,92.14107038744936
STU_019257,64.14269794166292
STU_019258,51.81793934143913
STU_019259,71.98460874643747
STU_019260,81.50413751731179
STU_019261,66.28378838739239
STU_019262,86.99059509303623
STU_019263,72.83533566003211
STU_019264,71.55232501538146
STU_019265,89.38335931981752
STU_019266,83.78411158049778
STU_019267,55.746877826040944
STU_019268,69.92458633830387
STU_019269,79.97117521656766
STU_019270,87.5612545614685
STU_019271,50.40769951838999
STU_019272,66.12165557292582
STU_019273,97.19322356118982
STU_019274,99.37635348006818
STU_019275,99.93867492675781
STU_019276,58.393485390710524
STU_019277,98.7347892316009
STU_019278,85.12331798905888
STU_019279,76.37337078546408
STU_019280,62.076241994546734
STU_019281,86.36224089843978
STU_019282,61.37306419806774
STU_019283,99.74881057739259
STU_019284,82.25334288663782
STU_019285,76.3233018639016
STU_019286,92.98147461980702
STU_019287,76.90094510643107
STU_019288,63.39899629211051
STU_019289,89.01879631623876
STU_019290,80.2834729435984
STU_019291,74.83243574212564
STU_019292,80.02008803971667
STU_019293,63.94796741539768
STU_019294,74.42445148013435
STU_019295,62.22370918084842
STU_019296,67.0238314119913
STU_019297,81.08248477067558
STU_019298,89.06535325061094
STU_019299,91.6793349490409
STU_019300,81.31201008549911
STU_019301,69.59775154863729
STU_019302,81.10051474416281
STU_019303,66.42064923736439
STU_019304,92.45752467806761
STU_019305,70.31649077103008
STU_019306,55.73762054582858
STU_019307,61.68278720232241
STU_019308,50.619386696682156
STU_019309,69.54864035665028
STU_019310,91.87233816662621
STU_019311,89.2108329485973
STU_019312,69.63800769916628
STU_019313,84.46360420133314
STU_019314,87.11615661893505
STU_019315,73.28322779379222
STU_019316,92.713621741135
STU_019317,75.3346327192589
STU_019318,83.93501746122934
STU_019319,88.95478766532203
STU_019320,98.7171394199133
STU_019321,73.0094026004885
STU_019322,87.25455033086601
STU_019323,70.26274664887556
STU_019324,92.6122890201683
STU_019325,73.99858310064866
STU_019326,95.17760380904177
STU_019327,95.62051537708246
STU_019328,95.0695987371345
STU_019329,90.74810085760805
STU_019330,77.3400879980689
STU_019331,72.33132782647354
STU_019332,69.86162999960953
STU_019333,86.67453107093479
STU_019334,59.78849408179686
STU_019335,66.1376468742551
STU_019336,67.03328307087303
STU_019337,96.47492126418697
STU_019338,63.56138130540777
STU_019339,90.22533067429629
STU_019340,99.38464772272621
STU_019341,75.57454664431404
STU_019342,61.210589392773656
STU_019343,70.29067093855298
STU_019344,63.22535331483904
STU_019345,67.09704845455838
STU_019346,75.26408422603924
STU_019347,53.026436929880745
STU_019348,93.18025037848707
STU_019349,80.98291303252182
STU_019350,58.523978473022325
STU_019351,91.45653981927256
STU_019352,81.10346849990171
STU_019353,84.46689514895286
STU_019354,67.79603343699716
STU_019355,76.62893195592359
STU_019356,56.28618491003936
STU_019357,57.535365180231906
STU_019358,78.61727599114866
STU_019359,85.066642215217
STU_019360,61.38343114981073
STU_019361,84.48773053169911
STU_019362,59.14119154873634
STU_019363,69.92734067517314
STU_019364,73.88076990221073
STU_019365,86.79017886552072
STU_019366,96.48046680227644
STU_019367,99.91557159423829
STU_019368,75.88336472605224
STU_019369,77.59678220226236
STU_019370,70.95465607969962
STU_019371,82.9837418701126
STU_019372,70.14453966386267
STU_019373,61.94235224984313
STU_019374,67.49550899416889
STU_019375,81.34977530082463
STU_019376,94.06962533733957
STU_019377,92.31657056302143
STU_019378,67.09615378868355
STU_019379,54.84080841674748
STU_019380,90.55380662699169
STU_019381,65.01733350218156
STU_019382,67.03956349004463
STU_019383,84.91774662737856
STU_019384,61.18965819263922
STU_019385,85.0676119791043
STU_019386,68.7211483296
STU_019387,56.580093546428955
STU_019388,65.72141255376408
STU_019389,98.88699081836081
STU_019390,43.28267283326298
STU_019391,77.91410594407245
STU_019392,78.39157646420854
STU_019393,75.86176969065838
STU_019394,72.59417631269325
STU_019395,79.1845415125
STU_019396,98.5822895666904
STU_019397,71.95039989790922
STU_019398,57.77209053286835
STU_019399,56.80948137660588
STU_019400,96.02408729798788
STU_019401,65.16360042500486
STU_019402,63.85883450915614
STU_019403,84.9846716597818
STU_019404,87.5101193984289
STU_019405,79.63669481237838
STU_019406,73.0458108152612
STU_019407,63.371787981763
STU_019408,82.2128220207282
STU_019409,73.94104306532468
STU_019410,71.78899230732245
STU_019411,83.79125769778653
STU_019412,58.49339140400146
STU_019413,71.8321449151556
STU_019414,69.7267986753018
STU_019415,86.25854696562627
STU_019416,82.28588660162305
STU_019417,91.44862061514493
STU_019418,93.51950024674295
STU_019419,72.59418052150512
STU_019420,72.99806655196846
STU_019421,83.38685030429761
STU_019422,78.39633357882778
STU_019423,72.28203335035032
STU_019424,93.76655133392606
STU_019425,59.71107086092628
STU_019426,79.98726719447949
STU_019427,86.62528995186827
STU_019428,94.1129803076132
STU_019429,69.99971031248624
STU_019430,82.95938010564677
STU_019431,50.72161877888493
STU_019432,76.63731509472508
STU_019433,61.28304469254013
STU_019434,51.786864300306846
STU_019435,98.88128791931317
STU_019436,57.814391358271216
STU_019437,95.69308593205318
STU_019438,82.7739590614805
STU_019439,54.25145527766125
STU_019440,66.52669574884317
STU_019441,81.49907928182738
STU_019442,73.41295242599213
STU_019443,59.05496458591351
STU_019444,96.7175531246438
STU_019445,91.55403386825253
STU_019446,48.52988293390037
STU_019447,76.72568792395987
STU_019448,68.53419322009303
STU_019449,61.09273707781816
STU_019450,69.34866681919897
STU_019451,67.27604091969064
STU_019452,84.95553933550755
STU_019453,81.85663464217168
STU_019454,73.03938086829582
STU_019455,70.35968090153463
STU_019456,70.28351811401109
STU_019457,65.91851372986481
STU_019458,68.59452751083815
STU_019459,60.314858348667215
STU_019460,89.83537830491011
STU_019461,94.33045940696132
STU_019462,99.72655831065697
STU_019463,66.44402737403084
STU_019464,76.48528341757469
STU_019465,66.8982780398947
STU_019466,68.47405061957642
STU_019467,71.5590119572839
STU_019468,86.28283647814659
STU_019469,73.47034295624829
STU_019470,92.85498980694183
STU_019471,98.06077332600864
STU_019472,87.00951935269444
STU_019473,90.1943578427101
STU_019474,61.430802566725625
STU_019475,60.49360618826259
STU_019476,94.89272892740479
STU_019477,65.32408701765556
STU_019478,70.4514312940622
STU_019479,72.93540312366895
STU_019480,91.89283220827005
STU_019481,69.45614163245307
STU_019482,70.37659433160239
STU_019483,71.27526183276402
STU_019484,82.95047179473937
STU_019485,58.11358038278952
STU_019486,34.819501463873664
STU_019487,67.92055211128644
STU_019488,94.31299066944321
STU_019489,63.9094717458555
STU_019490,75.06496297918525
STU_019491,56.97850540000837
STU_019492,72.86139305793353
STU_019493,61.25576881733572
STU_019494,58.7430298930686
STU_019495,93.06368369171037
STU_019496,93.21509754766281
STU_019497,53.799767330822164
STU_019498,91.15846690653507
STU_019499,92.5571398677545
STU_019500,88.81536635021209
STU_019501,86.29589208530308
STU_019502,62.78496528176356
STU_019503,69.83081342660252
STU_019504,94.53435072104058
STU_019505,59.892613572484784
STU_019506,80.46499728628433
STU_019507,91.25426034073777
STU_019508,97.63253357099079
STU_019509,98.50625062870625
STU_019510,91.62984327911163
STU_019511,53.91707996833679
STU_019512,80.21023864276664
STU_019513,65.00268244768084
STU_019514,56.04105653927904
STU_019515,59.92068226547816
STU_019516,85.31577685986917
STU_019517,63.489558019083454
STU_019518,65.5584093233606
STU_019519,66.20165204126512
STU_019520,84.37184343777768
STU_019521,63.68822389864067
STU_019522,73.7836488158505
STU_019523,95.6120961865437
STU_019524,81.48814416016015
STU_019525,87.10776336886627
STU_019526,72.31766140052338
STU_019527,72.99112709015857
STU_019528,70.70318643280966
STU_019529,91.95379272670216
STU_019530,93.41745919363665
STU_019531,91.27024225143339
STU_019532,44.48995420101255
STU_019533,76.76522455510786
STU_019534,72.73578142527236
STU_019535,70.99010108184896
STU_019536,65.34492043846686
STU_019537,52.83946860994166
STU_019538,73.77225751863119
STU_019539,68.3849574881896
STU_019540,60.21878324606147
STU_019541,77.46968242163003
STU_019542,99.71867599487305
STU_019543,99.97121124267579
STU_019544,73.82313752792844
STU_019545,90.4542611410173
STU_019546,55.89971210932978
STU_019547,66.53637874299648
STU_019548,87.77149991322693
STU_019549,87.60539380903984
STU_019550,97.50986499194916
STU_019551,78.76415343991107
STU_019552,69.94542947221738
STU_019553,72.03616330408005
STU_019554,61.42450676595966
STU_019555,99.69368847768047
STU_019556,71.77125380486171
STU_019557,99.1646697998047
STU_019558,56.6474329549996
STU_019559,87.32929113569645
STU_019560,76.67846920948271
STU_019561,42.01066683409012
STU_019562,94.7376774331269
STU_019563,74.34121008579842
STU_019564,67.37659348045062
STU_019565,60.09883297231748
STU_019566,81.3113938136369
STU_019567,83.18873937114519
STU_019568,69.47340877866321
STU_019569,64.14972168008481
STU_019570,70.71764290324812
STU_019571,44.786206443738294
STU_019572,65.1948403409271
STU_019573,68.97640154944494
STU_019574,77.61405251132567
STU_019575,80.88598596739516
STU_019576,93.35830120084474
STU_019577,65.19737437694354
STU_019578,64.22502045085005
STU_019579,70.77957053315262
STU_019580,66.29537991661425
STU_019581,99.42870496678134
STU_019582,74.85876957751955
STU_019583,71.26387568047646
STU_019584,66.19005189697516
STU_019585,84.90354907040322
STU_019586,72.68154551682622
STU_019587,89.16336589956441
STU_019588,77.60159356854697
STU_019589,64.0645550094022
STU_019590,99.40202846555272
STU_019591,91.40736565134604
STU_019592,72.6750234190318
STU_019593,65.92585063947988
STU_019594,94.71723951987674
STU_019595,73.79117487527793
STU_019596,95.38430694744443
STU_019597,69.38940467936524
STU_019598,76.97639664313482
STU_019599,66.67700416617167
STU_019600,99.29525896089606
STU_019601,79.77859377352688
STU_019602,76.57925488296424
STU_019603,95.62051527492056
STU_019604,93.57832818555255
STU_019605,74.12990030189911
STU_019606,83.2532025362418
STU_019607,58.00196311711133
STU_019608,71.96802860011545
STU_019609,90.689807621825
STU_019610,60.12360267432419
STU_019611,68.77711979719697
STU_019612,57.705675184555446
STU_019613,55.99027587300219
STU_019614,61.429432604058235
STU_019615,94.70862474844944
STU_019616,67.52116867451869
STU_019617,75.91850486524184
STU_019618,62.235877741875115
STU_019619,88.17939682814117
STU_019620,75.89763535411772
STU_019621,73.40353874247432
STU_019622,80.65600482548949
STU_019623,73.13870155671728
STU_019624,98.6882837288812
STU_019625,32.096736387681375
STU_019626,86.64007305516446
STU_019627,94.43792088975954
STU_019628,71.73368659140078
STU_019629,78.47625914711253
STU_019630,95.80014495147786
STU_019631,60.80287802515894
STU_019632,95.54326288493318
STU_019633,92.66678397962858
STU_019634,87.69817215990537
STU_019635,76.70407177538647
STU_019636,62.89161058100972
STU_019637,80.64634193201252
STU_019638,66.28771695524696
STU_019639,65.77455811217715
STU_019640,82.89415472445154
STU_019641,93.30810092023208
STU_019642,80.00796890536914
STU_019643,89.0278239198131
STU_019644,74.08107659301504
STU_019645,73.67686432427763
STU_019646,71.19039275741513
STU_019647,77.64512006561513
STU_019648,55.67418705438544
STU_019649,58.77932581573792
STU_019650,67.69220778607894
STU_019651,72.68388768288226
STU_019652,71.86048722286705
STU_019653,70.05008022000308
STU_019654,53.88525443760526
STU_019655,60.15244065245989
STU_019656,48.891567352349476
STU_019657,71.04261444181688
STU_019658,68.69083188160815
STU_019659,79.23560277369518
STU_019660,67.64145336792213
STU_019661,77.9280957970054
STU_019662,69.24132805464882
STU_019663,76.64659546639817
STU_019664,64.61999627570326
STU_019665,88.10701154384763
STU_019666,91.13406631532328
STU_019667,74.9376202478613
STU_019668,52.51393695368053
STU_019669,61.40048555446168
STU_019670,87.379044406074
STU_019671,52.920757346924034
STU_019672,83.51508782920676
STU_019673,76.1022700813649
STU_019674,80.58991035369394
STU_019675,77.91092472788867
STU_019676,80.48607162826153
STU_019677,87.51104337004122
STU_019678,99.8041961669922
STU_019679,92.63390928216131
STU_019680,84.7337038865659
STU_019681,94.54532797096243
STU_019682,93.07797123805022
STU_019683,68.89299743574988
STU_019684,68.10853778432318
STU_019685,93.5977410334878
STU_019686,84.14328682530342
STU_019687,63.25043793513465
STU_019688,80.44128694197958
STU_019689,66.3313166290562
STU_019690,79.03017261162708
STU_019691,60.45156205716335
STU_019692,55.67055416774606
STU_019693,98.73879138648515
STU_019694,80.65989442453784
STU_019695,55.293086811709415
STU_019696,65.9690021906657
STU_019697,93.64708602536368
STU_019698,93.49088205755629
STU_019699,80.6173547537456
STU_019700,84.31436758659763
STU_019701,71.52837760815794
STU_019702,76.65076173876412
STU_019703,82.24149188454348
STU_019704,75.19339043523009
STU_019705,59.30838744019599
STU_019706,91.64835938317265
STU_019707,60.241009351938416
STU_019708,78.07150494095796
STU_019709,72.19138751285831
STU_019710,62.55125765359497
STU_019711,97.80504537412608
STU_019712,47.72582233738825
STU_019713,92.18359715664639
STU_019714,62.21596832375744
STU_019715,89.16474007974995
STU_019716,84.74674481125112
STU_019717,96.67244259598866
STU_019718,69.17775979922457
STU_019719,95.95711379477387
STU_019720,95.6297135234972
STU_019721,55.03570806399359
STU_019722,72.92597378138699
STU_019723,78.07284594685748
STU_019724,72.26410297006187
STU_019725,90.47599581832222
STU_019726,60.265344210988985
STU_019727,91.71625168298678
STU_019728,78.57965638682843
STU_019729,68.11589267734202
STU_019730,72.09788548238585
STU_019731,61.60594187745373
STU_019732,89.51290011040405
STU_019733,76.93766672850167
STU_019734,75.23784620118315
STU_019735,86.69105848895524
STU_019736,98.66363056943364
STU_019737,96.89015366518355
STU_019738,88.61194291565943
STU_019739,68.93588716904547
STU_019740,71.40992735288398
STU_019741,99.7933578491211
STU_019742,77.2728686084453
STU_019743,85.09421921656985
STU_019744,73.79524830068726
STU_019745,84.36039543481104
STU_019746,94.86896266072748
STU_019747,77.9491419025865
STU_019748,59.561090232962705
STU_019749,64.08324026399079
STU_019750,73.53484591569693
STU_019751,73.19610999908605
STU_019752,60.192673987670865
STU_019753,93.80813493605368
STU_019754,69.78317562430716
STU_019755,83.6995212429112
STU_019756,50.62563116312519
STU_019757,87.64588371719441
STU_019758,59.20201885210047
STU_019759,75.06237155112481
STU_019760,80.28433219497046
STU_019761,67.6546111991799
STU_019762,86.9011067788206
STU_019763,71.7975486774373
STU_019764,60.10115019958724
STU_019765,89.60056934471135
STU_019766,64.48649604810468
STU_019767,51.14030509412886
STU_019768,79.84117245238036
STU_019769,62.27720853104491
STU_019770,78.2009836589055
STU_019771,93.15902116655244
STU_019772,69.28325180851837
STU_019773,88.75577255892821
STU_019774,48.47895563999259
STU_019775,87.34555313004867
STU_019776,55.95965954996312
STU_019777,73.44051280506434
STU_019778,74.36592488555917
STU_019779,72.6888686726631
STU_019780,84.48437982816688
STU_019781,53.34281334676878
STU_019782,74.89760656647391
STU_019783,64.72154890778907
STU_019784,80.58864635551232
STU_019785,77.44768065996799
STU_019786,51.48454631107519
STU_019787,74.5275512356619
STU_019788,72.85072772751712
STU_019789,80.14938919331762
STU_019790,64.34069134335698
STU_019791,51.542443343385884
STU_019792,80.31645325865466
STU_019793,65.90634982643301
STU_019794,87.17907776900603
STU_019795,73.13016660317142
STU_019796,84.52703670015052
STU_019797,43.508268642122175
STU_019798,91.7037452293045
STU_019799,80.55625460394313
STU_019800,52.28465949666135
STU_019801,77.86818591711474
STU_019802,94.41624775450896
STU_019803,67.30058008503462
STU_019804,78.52095424178322
STU_019805,71.83035314594184
STU_019806,59.6911692758309
STU_019807,59.198587121518386
STU_019808,65.93358200435391
STU_019809,96.47456024395171
STU_019810,64.38773601233507
STU_019811,67.66773609741618
STU_019812,86.92612206329963
STU_019813,74.92200292207036
STU_019814,81.73758865257892
STU_019815,87.29423253244343
STU_019816,73.65197836667583
STU_019817,94.53268472283372
STU_019818,67.90681007056172
STU_019819,96.97121779245876
STU_019820,56.147620379446096
STU_019821,82.92360478784809
STU_019822,63.71757439209831
STU_019823,79.48749043262393
STU_019824,99.53676147460938
STU_019825,77.50231269799971
STU_019826,83.87905994906947
STU_019827,81.42331215790927
STU_019828,83.01196600039941
STU_019829,74.10326780324668
STU_019830,96.68828870662571
STU_019831,86.6898019743584
STU_019832,90.36967887231393
STU_019833,72.43344633330011
STU_019834,71.88205442189943
STU_019835,68.89678966453411
STU_019836,86.7134770505312
STU_019837,75.51818914198881
STU_019838,77.25561215656282
STU_019839,81.22500908622597
STU_019840,63.13056899952565
STU_019841,65.65109940673392
STU_019842,69.62990182044179
STU_019843,67.37195204915088
STU_019844,72.89350022577821
STU_019845,75.30828291535053
STU_019846,96.6645659028259
STU_019847,99.4699271402122
STU_019848,68.13504793193154
STU_019849,93.85339956876933
STU_019850,76.66019972183823
STU_019851,99.0750932160112
STU_019852,62.31594210382903
STU_019853,87.53832354637477
STU_019854,80.1988975954201
STU_019855,76.86823322282808
STU_019856,68.21716193336925
STU_019857,84.21926781576968
STU_019858,98.64970630133328
STU_019859,95.46054517543837
STU_019860,86.41366249671321
STU_019861,62.2302469505597
STU_019862,68.9354939444328
STU_019863,76.59146341229469
STU_019864,80.99778398198885
STU_019865,91.20560459130348
STU_019866,92.03976893925466
STU_019867,76.33815256445418
STU_019868,80.02052774239209
STU_019869,72.36233058231872
STU_019870,75.00971045728508
STU_019871,93.53139098509627
STU_019872,99.78045196533203
STU_019873,76.25066990170438
STU_019874,51.73087746017912
STU_019875,78.66683297357181
STU_019876,99.25573827401529
STU_019877,65.48807236529684
STU_019878,62.01335763207146
STU_019879,90.67346471383881
STU_019880,53.431405945773854
STU_019881,70.79155359347904
STU_019882,92.38109319248282
STU_019883,61.347303312740905
STU_019884,67.40199137675602
STU_019885,80.92854709885134
STU_019886,74.33019229604902
STU_019887,99.92865676879883
STU_019888,58.75908743885943
STU_019889,85.48869954041896
STU_019890,78.39675057852514
STU_019891,75.25359091866792
STU_019892,66.63424379897533
STU_019893,94.39205412926451
STU_019894,59.0125734582911
STU_019895,76.80175619144435
STU_019896,82.4783215390572
STU_019897,79.51007098373678
STU_019898,72.8171463013355
STU_019899,82.07327385177008
STU_019900,84.17383989209196
STU_019901,67.21060546643872
STU_019902,74.01038197534353
STU_019903,85.39696043738077
STU_019904,67.75843479530624
STU_019905,78.24492248014943
STU_019906,71.34739865961981
STU_019907,59.061723902460294
STU_019908,52.100928295051546
STU_019909,65.58096301621111
STU_019910,96.33217994556122
STU_019911,99.73461749257291
STU_019912,64.6108050439787
STU_019913,78.12519339490302
STU_019914,58.37411312924276
STU_019915,76.84166825549998
STU_019916,64.02628728765407
STU_019917,63.84089884180403
STU_019918,94.97354025456266
STU_019919,69.53702350669968
STU_019920,94.18004377150676
STU_019921,69.21520196402602
STU_019922,97.2562722124826
STU_019923,57.778516214264535
STU_019924,98.83752902499688
STU_019925,88.78576971365109
STU_019926,68.94545872844603
STU_019927,80.02755641888022
STU_019928,79.49338101936465
STU_019929,84.50286497735928
STU_019930,68.29609654075935
STU_019931,98.34376515920162
STU_019932,85.35733139163891
STU_019933,58.22018315721679
STU_019934,89.1642397244273
STU_019935,52.26513804438942
STU_019936,86.54164295166174
STU_019937,83.45752438594175
STU_019938,68.27980828041575
STU_019939,87.33495088161217
STU_019940,85.6405536573471
STU_019941,71.89497472732
STU_019942,71.4668029028906
STU_019943,83.48139814495433
STU_019944,96.73737466440294
STU_019945,80.28697230658354
STU_019946,90.41080323437063
STU_019947,75.07378395927253
STU_019948,87.62930225449941
STU_019949,79.65148713332695
STU_019950,72.5064071920093
STU_019951,65.70011245378822
STU_019952,55.85212744368292
STU_019953,66.60635204198522
STU_019954,82.61014117806116
STU_019955,63.382377127516904
STU_019956,58.17708358279948
STU_019957,79.66639598661456
STU_019958,77.11020894381505
STU_019959,77.73343005855916
STU_019960,65.47108469353711
STU_019961,70.04206433177032
STU_019962,79.73097351669065
STU_019963,60.16007734312656
STU_019964,69.91645018771116
STU_019965,64.68863100314482
STU_019966,83.2155790954521
STU_019967,97.18816000124606
STU_019968,74.35778073758354
STU_019969,54.50121934015955
STU_019970,93.88677544180194
STU_019971,92.04658226364688
STU_019972,72.75578340946132
STU_019973,78.2217393415888
STU_019974,90.52733149400522
STU_019975,75.69500082199943
STU_019976,75.59100480630487
STU_019977,67.33190154055806
STU_019978,55.73696234333819
STU_019979,55.02052795899986
STU_019980,60.44496562593139
STU_019981,99.68324508666993
STU_019982,75.6888255613317
STU_019983,88.2831984258745
STU_019984,97.23776600502867
STU_019985,83.77458284391953
STU_019986,95.79948465079686
STU_019987,83.91090619853571
STU_019988,66.93499269246433
STU_019989,69.44492010692666
STU_019990,77.99860392936532
STU_019991,84.45691820167337
STU_019992,85.453272857657
STU_019993,86.84766529948493
STU_019994,51.308169758332085
STU_019995,78.36802063894777
STU_019996,61.89748841514359
STU_019997,82.62156993191161
STU_019998,53.04713202911309
STU_019999,92.08028281452506
STU_020000,75.16523726870024
