student_id,career_success_score
STU_010001,57.45052574201146
STU_010002,79.0012828009293
STU_010003,75.29393062370805
STU_010004,98.01909844946007
STU_010005,78.34127838303432
STU_010006,71.016630174114
STU_010007,73.54430545419783
STU_010008,74.71766041191441
STU_010009,68.60001572468477
STU_010010,58.762799837331514
STU_010011,94.51659852587215
STU_010012,78.55460568506496
STU_010013,80.41371380294795
STU_010014,92.01304512138766
STU_010015,50.48313025700142
STU_010016,69.05544607818172
STU_010017,57.7463149416121
STU_010018,58.47826485914646
STU_010019,88.01194075722961
STU_010020,70.31357950692238
STU_010021,85.60444802371578
STU_010022,96.66672697615891
STU_010023,92.19084211274361
STU_010024,66.46138533019835
STU_010025,78.14404993633771
STU_010026,90.98720119892147
STU_010027,77.07852393864772
STU_010028,87.22039531098378
STU_010029,98.79177878158023
STU_010030,60.94994133624288
STU_010031,62.59809980269881
STU_010032,91.02718699001863
STU_010033,56.21126326749609
STU_010034,87.72893869151125
STU_010035,78.52679629702206
STU_010036,66.45444945360754
STU_010037,70.42429734771378
STU_010038,90.53298569747551
STU_010039,63.35416757633793
STU_010040,82.67653541015869
STU_010041,90.03612479923466
STU_010042,63.1701618069459
STU_010043,84.35429479565514
STU_010044,72.99797795909338
STU_010045,80.05585156766563
STU_010046,57.72802240323092
STU_010047,70.08962766077146
STU_010048,81.00656506690171
STU_010049,50.22934412697032
STU_010050,61.295617403117625
STU_010051,74.23920853445438
STU_010052,65.67522797293259
STU_010053,62.61866219303551
STU_010054,69.26986304098811
STU_010055,66.22213733154109
STU_010056,60.667204892096635
STU_010057,65.0070128374285
STU_010058,99.20741666065905
STU_010059,88.2456449511928
STU_010060,71.18624711010906
STU_010061,39.847545066180935
STU_010062,79.4653592059655
STU_010063,68.56245065274493
STU_010064,90.64105089373477
STU_010065,56.18870699188895
STU_010066,58.28106921565785
STU_010067,90.9703609152956
STU_010068,56.98270962247993
STU_010069,67.26435143509967
STU_010070,63.70136465534128
STU_010071,95.47208958630225
STU_010072,67.65976257470568
STU_010073,93.69347903301835
STU_010074,60.06822980921231
STU_010075,76.56522097639316
STU_010076,93.72948207455536
STU_010077,84.14589261073519
STU_010078,87.55397522532739
STU_010079,77.89664784560308
STU_010080,80.9332367205651
STU_010081,61.71088798124063
STU_010082,76.84822488625628
STU_010083,77.98399215846092
STU_010084,84.63420254198772
STU_010085,73.43658022136401
STU_010086,78.30250241551015
STU_010087,71.22712701789953
STU_010088,66.30019723529784
STU_010089,86.87430091652365
STU_010090,76.41770674291811
STU_010091,55.43911782469516
STU_010092,70.87390847259798
STU_010093,62.36075903293933
STU_010094,89.12378571896714
STU_010095,57.39932739369185
STU_010096,83.11275493573692
STU_010097,68.60037991640945
STU_010098,82.74550813899624
STU_010099,67.56114768620834
STU_010100,70.10018493781678
STU_010101,78.08977394331761
STU_010102,62.83868478664115
STU_010103,88.0212042088917
STU_010104,55.013829374542055
STU_010105,95.68746840296664
STU_010106,53.60731211781409
STU_010107,80.56336046903394
STU_010108,79.39219569725415
STU_010109,71.2800798500013
STU_010110,80.13237308364295
STU_010111,89.50978725740764
STU_010112,79.76277621815372
STU_010113,69.71890346127512
STU_010114,85.08413670216083
STU_010115,77.49317512415217
STU_010116,90.4635190881612
STU_010117,79.15259126864058
STU_010118,91.27368170115645
STU_010119,68.75696100989457
STU_010120,69.93789676808208
STU_010121,80.73510267749703
STU_010122,75.29441421783642
STU_010123,91.52272412503794
STU_010124,74.4195867478921
STU_010125,84.79968876103416
STU_010126,74.00831818240488
STU_010127,57.440699765817385
STU_010128,90.36143534049442
STU_010129,80.61211976605915
STU_010130,75.44369527878675
STU_010131,63.37836723234466
STU_010132,70.30893476210261
STU_010133,72.42376644338015
STU_010134,66.79070161759157
STU_010135,43.63898387860988
STU_010136,71.96868329950723
STU_010137,61.98168578639063
STU_010138,76.78604630969348
STU_010139,79.51406287993927
STU_010140,91.27702459096909
STU_010141,62.31630829968738
STU_010142,87.28476404387021
STU_010143,73.86163221989054
STU_010144,76.09215408147509
STU_010145,92.80975421852071
STU_010146,79.64984152768167
STU_010147,50.03181145084068
STU_010148,55.54058826614846
STU_010149,59.498220360592896
STU_010150,91.0778334599068
STU_010151,69.67290070309946
STU_010152,81.92997361385778
STU_010153,71.14655628692528
STU_010154,80.24145679933395
STU_010155,63.76129382186464
STU_010156,92.34878834435267
STU_010157,100.0
STU_010158,69.65656556242399
STU_010159,83.05596067688009
STU_010160,64.72037716547223
STU_010161,93.67510233620683
STU_010162,99.04932179156896
STU_010163,76.26349884372536
STU_010164,70.90052277458392
STU_010165,74.19779880844229
STU_010166,88.01870806981641
STU_010167,84.94505493876474
STU_010168,76.50915096597737
STU_010169,74.19657349805483
STU_010170,86.95039763431777
STU_010171,70.37925710773914
STU_010172,99.65413971878914
STU_010173,68.90271573439352
STU_010174,75.41493064186068
STU_010175,77.16730617959921
STU_010176,66.98009466872966
STU_010177,91.66702084099319
STU_010178,81.04558126868177
STU_010179,82.27481997533445
STU_010180,77.01704540240944
STU_010181,79.08024740272653
STU_010182,77.81007311928695
STU_010183,78.7309328130778
STU_010184,85.12299900963815
STU_010185,65.23145616175779
STU_010186,89.42067332899659
STU_010187,65.63311799300651
STU_010188,89.9655304262574
STU_010189,74.12380064228134
STU_010190,60.72963786035934
STU_010191,49.253806518100255
STU_010192,87.88426840426057
STU_010193,64.28830283060866
STU_010194,87.69972249487537
STU_010195,84.75814849321817
STU_010196,69.2505249214961
STU_010197,77.42927079530868
STU_010198,84.40732963418121
STU_010199,96.76553609361324
STU_010200,70.73656736338759
STU_010201,99.58412057638157
STU_010202,78.5230259209531
STU_010203,72.77723856011222
STU_010204,93.79975215532485
STU_010205,83.03915312466273
STU_010206,91.41895442911283
STU_010207,50.29781391521753
STU_010208,72.70627035328803
STU_010209,65.93642692119809
STU_010210,90.09356215361316
STU_010211,73.73737172477755
STU_010212,90.89135239072449
STU_010213,89.42205431927624
STU_010214,66.48044276113338
STU_010215,68.76135117212456
STU_010216,60.05521427806734
STU_010217,82.26623822589606
STU_010218,58.025214599230395
STU_010219,82.51843723702459
STU_010220,68.96191142878592
STU_010221,82.3707420877057
STU_010222,55.73688395189467
STU_010223,79.76694974124254
STU_010224,99.89036138006048
STU_010225,60.18825834152291
STU_010226,86.22737012710334
STU_010227,56.6169365956671
STU_010228,84.4844566680251
STU_010229,76.23693639127515
STU_010230,61.15347353388489
STU_010231,54.55032499864848
STU_010232,93.24080658047524
STU_010233,59.66869699757126
STU_010234,79.3503800505509
STU_010235,48.62036448730831
STU_010236,92.99681767678041
STU_010237,81.84382165251552
STU_010238,73.97024675184134
STU_010239,52.8352474890041
STU_010240,73.27736584291489
STU_010241,80.85091639582691
STU_010242,77.63374314661719
STU_010243,63.63873851206785
STU_010244,88.03730700867092
STU_010245,59.19361066571932
STU_010246,47.30044412256377
STU_010247,94.86475491213585
STU_010248,88.48663254252038
STU_010249,67.66079806726582
STU_010250,97.25237760134499
STU_010251,75.26241058713748
STU_010252,100.0
STU_010253,63.709616526929025
STU_010254,96.85126510969602
STU_010255,68.20265891619817
STU_010256,61.62024167101981
STU_010257,73.71667398508482
STU_010258,81.88821843411588
STU_010259,79.90344180074442
STU_010260,64.51136057554406
STU_010261,63.12149859814058
STU_010262,56.50365236206542
STU_010263,60.019521518900014
STU_010264,100.0
STU_010265,69.08942427486296
STU_010266,81.17864616922841
STU_010267,66.41734826247077
STU_010268,83.06640023015807
STU_010269,76.54894510309055
STU_010270,89.8934888182019
STU_010271,85.11752137153314
STU_010272,65.00739854470937
STU_010273,81.64014255007898
STU_010274,63.06937784149386
STU_010275,90.95104409286105
STU_010276,63.14257373283556
STU_010277,82.26486202851471
STU_010278,82.08253745604995
STU_010279,62.84413423764961
STU_010280,66.20561523823311
STU_010281,60.66549732851273
STU_010282,69.51158323181329
STU_010283,83.32491439342905
STU_010284,68.41124773792856
STU_010285,58.17847442700936
STU_010286,79.0742276178098
STU_010287,93.4992955124276
STU_010288,62.37688672459666
STU_010289,56.91440837012139
STU_010290,82.52160403297341
STU_010291,45.392981824513
STU_010292,87.65769572813052
STU_010293,65.68252707084855
STU_010294,58.32149359851279
STU_010295,69.05514355820485
STU_010296,82.68144976845184
STU_010297,84.67323606186687
STU_010298,94.88292199566256
STU_010299,89.15439377158987
STU_010300,59.15450120746861
STU_010301,77.83197161819588
STU_010302,79.60484778860233
STU_010303,70.20383114649724
STU_010304,61.69575565537417
STU_010305,81.1000105435217
STU_010306,61.049587952491876
STU_010307,65.3632749638758
STU_010308,76.11531149754714
STU_010309,70.91875481999921
STU_010310,56.2593547324737
STU_010311,64.35143927644936
STU_010312,77.12108836278911
STU_010313,78.03957652017449
STU_010314,84.80203107665122
STU_010315,87.09171533664491
STU_010316,92.44341241304062
STU_010317,86.64467038301716
STU_010318,73.80006096774729
STU_010319,88.50012031866024
STU_010320,98.15132205460364
STU_010321,65.64506847359141
STU_010322,92.91830761348984
STU_010323,73.01190017279256
STU_010324,94.22215347990382
STU_010325,91.124712438756
STU_010326,78.98063968200287
STU_010327,64.91316116808645
STU_010328,81.29350228318071
STU_010329,92.48749007504134
STU_010330,84.31908072533318
STU_010331,96.0246173696342
STU_010332,62.54685202845777
STU_010333,100.0
STU_010334,71.01332182575706
STU_010335,91.85740766233059
STU_010336,54.89605978552085
STU_010337,62.83400266890011
STU_010338,87.07121798537615
STU_010339,78.0310381740606
STU_010340,61.838690507879775
STU_010341,94.15434366580041
STU_010342,60.621433206964866
STU_010343,62.53650110395881
STU_010344,76.87337582488476
STU_010345,81.94657296072963
STU_010346,88.99611922589726
STU_010347,52.17122019286575
STU_010348,59.64809460611163
STU_010349,83.44468654220015
STU_010350,82.34346172536613
STU_010351,68.99202678974552
STU_010352,70.32051369169005
STU_010353,94.7248289424636
STU_010354,73.33805309542213
STU_010355,76.13583891088646
STU_010356,85.7158857232624
STU_010357,91.59387539308477
STU_010358,77.02246988843287
STU_010359,62.06418352299045
STU_010360,69.11702589825754
STU_010361,96.77432844543674
STU_010362,73.87516883158976
STU_010363,78.06744569558796
STU_010364,95.25922769045766
STU_010365,83.4070977166551
STU_010366,94.35580145069628
STU_010367,68.93560185525759
STU_010368,64.8694096026036
STU_010369,90.72950860697425
STU_010370,77.7995804292797
STU_010371,65.42389002657545
STU_010372,77.4594675351147
STU_010373,70.83618092496963
STU_010374,85.29453880658536
STU_010375,98.47560708247276
STU_010376,55.73559170060503
STU_010377,76.22658305793885
STU_010378,78.17517641599798
STU_010379,69.59786391015871
STU_010380,63.09384576686685
STU_010381,79.25788579346883
STU_010382,89.0026761410788
STU_010383,79.24122659692256
STU_010384,93.9464265599326
STU_010385,78.59373321150673
STU_010386,62.79167146079641
STU_010387,60.41711517080638
STU_010388,96.89215805280435
STU_010389,74.04445359325487
STU_010390,55.1974832025399
STU_010391,63.46126942485498
STU_010392,75.04767391044035
STU_010393,80.12118954890306
STU_010394,75.48503720963437
STU_010395,74.3242076202639
STU_010396,77.61011362802654
STU_010397,84.71158938014116
STU_010398,85.64442297553603
STU_010399,60.35517778682525
STU_010400,73.8921098237771
STU_010401,48.39799104829642
STU_010402,67.34499626585747
STU_010403,77.55860637209054
STU_010404,86.7030007152044
STU_010405,82.22306560234215
STU_010406,75.85543169558767
STU_010407,91.73450650386049
STU_010408,67.42775730073211
STU_010409,95.65313180056941
STU_010410,66.55542977767809
STU_010411,89.07889119856165
STU_010412,94.38437592889198
STU_010413,84.73980733485158
STU_010414,82.71254958280201
STU_010415,87.46861690460256
STU_010416,81.98991719007606
STU_010417,98.90857238057538
STU_010418,71.36800929094503
STU_010419,94.81003326089274
STU_010420,86.88346169345277
STU_010421,84.89218311616061
STU_010422,71.56451349831993
STU_010423,74.58979613240908
STU_010424,52.92679473615961
STU_010425,54.74343753082594
STU_010426,72.36864254438827
STU_010427,62.276871148174294
STU_010428,70.26193130641403
STU_010429,53.93119740286716
STU_010430,89.05035136546952
STU_010431,49.10843976784055
STU_010432,74.70204521837255
STU_010433,73.45687924216064
STU_010434,86.41582087994418
STU_010435,60.27867091182765
STU_010436,77.69317748794842
STU_010437,50.84333647850627
STU_010438,99.83266658561678
STU_010439,66.12989124811878
STU_010440,89.33729841047797
STU_010441,58.23840797274001
STU_010442,73.2358637036274
STU_010443,82.03855448642071
STU_010444,70.45695281931825
STU_010445,72.72345995277557
STU_010446,46.62948918603429
STU_010447,80.38241770495027
STU_010448,73.9080001321357
STU_010449,69.09033776668274
STU_010450,62.753329595185114
STU_010451,92.82424883081327
STU_010452,81.54190168982745
STU_010453,69.72983644460746
STU_010454,66.29962104795563
STU_010455,49.1909031259802
STU_010456,81.28891537161078
STU_010457,71.91238412500078
STU_010458,82.26428466494487
STU_010459,77.72153214117645
STU_010460,68.50237827384267
STU_010461,70.40799921933548
STU_010462,55.096121869188075
STU_010463,87.93764188153318
STU_010464,87.26775456656725
STU_010465,55.385065985856855
STU_010466,67.6119383945884
STU_010467,80.72488350760725
STU_010468,71.91118943434529
STU_010469,79.7889554442373
STU_010470,71.68615634967153
STU_010471,98.3506167056766
STU_010472,54.9736277879946
STU_010473,85.17996400030441
STU_010474,85.73555392223017
STU_010475,80.16585200109624
STU_010476,62.49622926465223
STU_010477,71.56654663434172
STU_010478,92.99355879916848
STU_010479,62.95751381748136
STU_010480,70.51638050519516
STU_010481,64.6356474585373
STU_010482,76.00406913329506
STU_010483,90.1401266428367
STU_010484,74.23297512557073
STU_010485,47.93471640820762
STU_010486,71.55202344269819
STU_010487,92.68834244084424
STU_010488,79.98679522313269
STU_010489,80.7134875999057
STU_010490,82.39226758115373
STU_010491,71.73730337814416
STU_010492,74.76708891663449
STU_010493,78.76484785214666
STU_010494,59.28002844172468
STU_010495,40.044061184994526
STU_010496,97.25752527482481
STU_010497,65.71068377574598
STU_010498,73.0401849041674
STU_010499,68.90928649660492
STU_010500,71.5285530164056
STU_010501,75.9369218160601
STU_010502,67.22188192450712
STU_010503,77.8394126283731
STU_010504,71.06953212840313
STU_010505,60.80135455228221
STU_010506,89.81087177243224
STU_010507,68.28275668148477
STU_010508,64.27927021358767
STU_010509,80.1022732677074
STU_010510,50.70289524163905
STU_010511,60.11782516842803
STU_010512,72.17764308036097
STU_010513,92.07026715604306
STU_010514,73.11732955206118
STU_010515,88.95920780325726
STU_010516,81.52233512153578
STU_010517,99.42053336163926
STU_010518,52.807006405129684
STU_010519,82.72606419624583
STU_010520,85.52625182712066
STU_010521,98.54493674860181
STU_010522,73.16535283097949
STU_010523,80.48888953915672
STU_010524,88.69124975867193
STU_010525,66.56281788137667
STU_010526,52.60173061795787
STU_010527,85.6456175873655
STU_010528,82.1649979110419
STU_010529,49.64450496942976
STU_010530,74.55661799636356
STU_010531,65.88306762079719
STU_010532,58.42964150015587
STU_010533,84.4635187061586
STU_010534,78.77642529511097
STU_010535,85.92872536020656
STU_010536,77.45180796266042
STU_010537,78.80505519270778
STU_010538,79.58246034773526
STU_010539,59.88597473724339
STU_010540,50.27147977271826
STU_010541,85.36701092212246
STU_010542,99.59061059258858
STU_010543,81.91979390892276
STU_010544,72.42005472610812
STU_010545,80.52427248302132
STU_010546,70.7680052905242
STU_010547,76.97792494558297
STU_010548,100.0
STU_010549,62.898512006049025
STU_010550,78.67583806669487
STU_010551,57.045890129195314
STU_010552,96.73808271789763
STU_010553,97.37340220824362
STU_010554,86.88588588937267
STU_010555,76.07339734199695
STU_010556,61.2164010843353
STU_010557,76.21814483216072
STU_010558,75.99179563698283
STU_010559,78.81289923074206
STU_010560,77.10760183317501
STU_010561,97.35477004836446
STU_010562,56.52079542408538
STU_010563,65.11116776798596
STU_010564,61.98418882533787
STU_010565,91.96204591028827
STU_010566,60.07071584326722
STU_010567,72.28230326513007
STU_010568,75.52882131365715
STU_010569,94.28519874916586
STU_010570,55.02803361651876
STU_010571,91.55816467122959
STU_010572,71.81673016662853
STU_010573,96.05843205008405
STU_010574,67.88214503603592
STU_010575,63.74769607439974
STU_010576,51.43604591117058
STU_010577,63.520378853900006
STU_010578,70.50219767067033
STU_010579,86.45865613742609
STU_010580,61.219279644210076
STU_010581,50.891416550561964
STU_010582,76.70393818132436
STU_010583,77.82702184981468
STU_010584,91.93699646774724
STU_010585,77.72879132253695
STU_010586,99.85225532663442
STU_010587,70.78884328197228
STU_010588,71.66576193447565
STU_010589,99.87539065884988
STU_010590,87.60777724040292
STU_010591,72.11122827102999
STU_010592,93.98451689285308
STU_010593,82.24919186530171
STU_010594,53.138159310986616
STU_010595,80.80254226127113
STU_010596,75.46828720953076
STU_010597,61.94376559808445
STU_010598,94.09399397767169
STU_010599,69.08744528660337
STU_010600,72.53971832370259
STU_010601,79.62424852981826
STU_010602,67.71263431059026
STU_010603,79.86859209987836
STU_010604,74.98377061838043
STU_010605,63.820474122519514
STU_010606,95.58756041765267
STU_010607,84.86771615885864
STU_010608,66.28367829984592
STU_010609,78.3379222494481
STU_010610,75.98511461889127
STU_010611,85.34301381525498
STU_010612,59.52956703633828
STU_010613,92.66294869400869
STU_010614,100.0
STU_010615,89.09558456720191
STU_010616,88.425798988026
STU_010617,55.4141549880583
STU_010618,82.3127307983027
STU_010619,98.5777587156982
STU_010620,67.4022229259609
STU_010621,65.93577276855639
STU_010622,56.760886326511226
STU_010623,88.13527130474657
STU_010624,58.72118333185349
STU_010625,67.45549266771505
STU_010626,90.25190701746173
STU_010627,91.93175355541464
STU_010628,58.88980635071067
STU_010629,80.09079405947209
STU_010630,77.30063263349271
STU_010631,91.79694175627284
STU_010632,64.57961503976841
STU_010633,74.91158962990612
STU_010634,78.86850063464524
STU_010635,59.915476882000476
STU_010636,78.97562818628681
STU_010637,64.13250094875966
STU_010638,77.41490413350745
STU_010639,67.24588436528542
STU_010640,56.773503578347345
STU_010641,65.43798665956062
STU_010642,97.77702490373568
STU_010643,86.99328188645688
STU_010644,74.17071810608763
STU_010645,83.83634714435746
STU_010646,95.72608737810951
STU_010647,66.91757270267496
STU_010648,73.01464073272223
STU_010649,73.5224728305347
STU_010650,84.48293815275755
STU_010651,80.05468039302838
STU_010652,68.11678659455623
STU_010653,86.45127915392213
STU_010654,87.42777232995657
STU_010655,87.09332669975852
STU_010656,74.81814737161558
STU_010657,77.05582859595197
STU_010658,74.32525923951742
STU_010659,93.83663506097575
STU_010660,92.20744151431524
STU_010661,68.2508607790674
STU_010662,94.87102314201843
STU_010663,69.32528319282918
STU_010664,72.21030173893011
STU_010665,63.06257875449555
STU_010666,95.18155530854678
STU_010667,92.25372988284293
STU_010668,72.91517203146628
STU_010669,73.1607959429613
STU_010670,88.6215381315964
STU_010671,64.23423518927709
STU_010672,55.04824097427364
STU_010673,89.04658058966488
STU_010674,98.99779374272383
STU_010675,94.11560998455789
STU_010676,83.94847287812102
STU_010677,76.98008343204594
STU_010678,78.0070357144049
STU_010679,70.37734036126693
STU_010680,93.1359313430192
STU_010681,82.75825080671837
STU_010682,51.17965112802183
STU_010683,73.93232933655332
STU_010684,76.24953731366398
STU_010685,82.65854510205955
STU_010686,80.66153937798092
STU_010687,63.733656484178184
STU_010688,98.59734188102841
STU_010689,84.58816543434502
STU_010690,99.96596745536237
STU_010691,74.72541229728554
STU_010692,86.153133964945
STU_010693,76.19069672960228
STU_010694,70.61797177623531
STU_010695,60.77054108996765
STU_010696,52.69954741701747
STU_010697,67.77425186743181
STU_010698,88.52585321214438
STU_010699,81.03728250897913
STU_010700,93.46142108113395
STU_010701,82.81459873082392
STU_010702,66.92128100976731
STU_010703,97.01248025300089
STU_010704,99.75995106874
STU_010705,79.95634197332308
STU_010706,94.72751143176396
STU_010707,77.98994020442044
STU_010708,77.53170473232399
STU_010709,63.009630516175974
STU_010710,59.77049090763029
STU_010711,99.82786085056104
STU_010712,49.488081093737684
STU_010713,85.79920378595405
STU_010714,67.91425912983765
STU_010715,80.26865400323747
STU_010716,48.75397864703315
STU_010717,85.56890833538883
STU_010718,78.85699467703162
STU_010719,81.8229033715443
STU_010720,51.11998350812622
STU_010721,66.69315334995423
STU_010722,99.93226120898615
STU_010723,70.00764100951717
STU_010724,82.7778415625213
STU_010725,67.18608119322903
STU_010726,67.19881031425614
STU_010727,49.388153912689305
STU_010728,72.73276937651545
STU_010729,93.98920670617039
STU_010730,92.66155977038663
STU_010731,72.13597624613021
STU_010732,73.88366692139041
STU_010733,97.59570494102957
STU_010734,83.93675311405079
STU_010735,69.90271505602624
STU_010736,67.20228488315766
STU_010737,68.92394902248782
STU_010738,68.58657568934228
STU_010739,72.43644458926136
STU_010740,67.15616741841822
STU_010741,85.49352111210581
STU_010742,65.70809946220395
STU_010743,98.08066225586958
STU_010744,75.8202751344086
STU_010745,67.55615877189388
STU_010746,69.79778868702378
STU_010747,86.3462306502345
STU_010748,73.0909871787499
STU_010749,83.80570951763342
STU_010750,78.04666436557233
STU_010751,71.11913338170953
STU_010752,62.01850392613805
STU_010753,74.95130849291132
STU_010754,85.74811491718278
STU_010755,59.15952557599566
STU_010756,92.55883560290512
STU_010757,57.22912867371372
STU_010758,83.26105642010248
STU_010759,87.6593832471795
STU_010760,81.68158653568864
STU_010761,77.17185798843055
STU_010762,74.18208142543035
STU_010763,61.51774615252353
STU_010764,50.78815161666486
STU_010765,86.65126510618875
STU_010766,62.437696636354474
STU_010767,72.25261313722652
STU_010768,56.79265446919656
STU_010769,87.59501510085153
STU_010770,70.69304414338137
STU_010771,49.51557250411807
STU_010772,67.92727872209083
STU_010773,86.89415865231128
STU_010774,85.07463604768066
STU_010775,91.0221792453147
STU_010776,41.96542081254199
STU_010777,78.02538617411895
STU_010778,55.67177539213479
STU_010779,62.755036962043235
STU_010780,82.26794303132559
STU_010781,78.16992124979832
STU_010782,82.91798748240957
STU_010783,51.41985359851798
STU_010784,69.25294545820694
STU_010785,84.28238660205727
STU_010786,85.46059211232138
STU_010787,69.96341932790152
STU_010788,68.53175240207398
STU_010789,94.29573565073638
STU_010790,60.075523091627005
STU_010791,57.851796921494
STU_010792,95.36034434901566
STU_010793,82.14554558367897
STU_010794,58.20377220130566
STU_010795,76.87966581354256
STU_010796,82.64926755178976
STU_010797,56.620465337584314
STU_010798,62.81153885254554
STU_010799,87.7080109270188
STU_010800,66.09492661105045
STU_010801,65.79879083162304
STU_010802,84.09987826713174
STU_010803,79.96386192707266
STU_010804,53.202634326528525
STU_010805,70.70458387308348
STU_010806,80.81130055437905
STU_010807,93.56437816606578
STU_010808,67.22487393052702
STU_010809,99.67820911794536
STU_010810,81.66356246839075
STU_010811,74.16264893267595
STU_010812,77.7093096144749
STU_010813,93.46851097447436
STU_010814,68.95203909605378
STU_010815,85.62024468855302
STU_010816,99.99722156000868
STU_010817,88.67730342804286
STU_010818,86.17327696642967
STU_010819,79.88737104391907
STU_010820,93.07335662623876
STU_010821,97.88129575407214
STU_010822,60.15449699705749
STU_010823,89.71870165109125
STU_010824,90.67208605388777
STU_010825,83.29513248669382
STU_010826,82.04099506956953
STU_010827,58.87054515678414
STU_010828,74.09605181381473
STU_010829,74.26193170361002
STU_010830,76.99716452219363
STU_010831,90.57302857452187
STU_010832,96.10594692886201
STU_010833,81.82657885233607
STU_010834,71.66883482978076
STU_010835,78.79186827303425
STU_010836,86.08100942329722
STU_010837,82.343465682477
STU_010838,87.14724939125918
STU_010839,68.68994340365374
STU_010840,78.68786321572746
STU_010841,85.08189483832385
STU_010842,86.56786708697581
STU_010843,74.71190784184839
STU_010844,53.2412022365964
STU_010845,91.67365412024033
STU_010846,76.91796629714695
STU_010847,98.41750230882724
STU_010848,72.90952739295204
STU_010849,74.98585607291834
STU_010850,61.5473752011999
STU_010851,95.96632280809706
STU_010852,62.55343395565666
STU_010853,86.44102915866134
STU_010854,89.48119681692341
STU_010855,64.99309302401798
STU_010856,56.770370235366606
STU_010857,67.36272547967351
STU_010858,51.68163599997784
STU_010859,70.71729859874719
STU_010860,90.56732551824209
STU_010861,77.45450022755864
STU_010862,67.34364538866447
STU_010863,83.06163509600839
STU_010864,91.95820386942036
STU_010865,80.49232227500278
STU_010866,92.91404461632402
STU_010867,51.955438491026484
STU_010868,64.59279336108844
STU_010869,78.16723204608112
STU_010870,62.01373822279041
STU_010871,83.81392347244451
STU_010872,84.30649726014697
STU_010873,45.55895555615215
STU_010874,63.99426106064117
STU_010875,83.22156434588946
STU_010876,68.3244545186981
STU_010877,73.66009253552025
STU_010878,77.1162060518435
STU_010879,65.45572891615387
STU_010880,80.58107684747101
STU_010881,99.07619924980084
STU_010882,75.0918590789577
STU_010883,78.88517214107688
STU_010884,61.17721485584052
STU_010885,65.8392160822858
STU_010886,96.08941129286143
STU_010887,58.30884097523022
STU_010888,83.51578652092743
STU_010889,91.3068189345793
STU_010890,81.51649347986732
STU_010891,97.37292012349654
STU_010892,84.12085185904161
STU_010893,72.51982894359521
STU_010894,85.94184074715464
STU_010895,65.42210151905375
STU_010896,68.2403934900847
STU_010897,65.94788847290516
STU_010898,80.53259503118498
STU_010899,60.62664470076503
STU_010900,66.2145202450929
STU_010901,61.139318274434004
STU_010902,88.99019074779812
STU_010903,55.92073899796467
STU_010904,75.63716367013123
STU_010905,68.00393144896407
STU_010906,52.037235336717885
STU_010907,95.95831628705402
STU_010908,84.18747758951346
STU_010909,86.81372934244467
STU_010910,81.94450116514463
STU_010911,81.23582562990504
STU_010912,90.68544798380553
STU_010913,74.09790288265819
STU_010914,90.044384591108
STU_010915,73.4898632972837
STU_010916,70.41930267402003
STU_010917,82.42834078202074
STU_010918,77.22424755770714
STU_010919,88.22131366653736
STU_010920,68.71657078088501
STU_010921,80.32756622804875
STU_010922,80.90788099940647
STU_010923,90.68809034834896
STU_010924,95.66028057780093
STU_010925,67.22918983270552
STU_010926,93.64009045208033
STU_010927,61.32212349394133
STU_010928,74.01524986051267
STU_010929,67.84874695099225
STU_010930,88.50043264075178
STU_010931,68.98969229687233
STU_010932,88.5789529798335
STU_010933,71.21381901843749
STU_010934,86.7399213370727
STU_010935,70.15465790922146
STU_010936,64.01822467713893
STU_010937,73.61368750801965
STU_010938,63.704929678741124
STU_010939,80.23196222930791
STU_010940,50.886280404783975
STU_010941,99.16131831058665
STU_010942,79.06647310331928
STU_010943,55.56574743294824
STU_010944,58.73575746472555
STU_010945,76.04906712694769
STU_010946,86.46775844306899
STU_010947,74.54911768407149
STU_010948,94.92071230763241
STU_010949,96.80227594008468
STU_010950,65.84755391585979
STU_010951,70.43616370122837
STU_010952,59.6923156220826
STU_010953,81.7502239029975
STU_010954,52.531774774256284
STU_010955,62.859540985617464
STU_010956,98.43056753303836
STU_010957,85.36320828141909
STU_010958,71.14071650480432
STU_010959,86.39853847137644
STU_010960,83.12898286196908
STU_010961,76.2949236327772
STU_010962,91.96233028396213
STU_010963,73.4229461058577
STU_010964,76.38101796899628
STU_010965,67.87561241405245
STU_010966,55.90937128409338
STU_010967,64.93913605616069
STU_010968,64.49651290058785
STU_010969,58.94778983805633
STU_010970,86.29948288991636
STU_010971,69.458236850959
STU_010972,74.53270520870093
STU_010973,76.95629745424297
STU_010974,66.70692259556397
STU_010975,74.26219321678316
STU_010976,84.3466338662084
STU_010977,85.63490211347441
STU_010978,96.76923979195806
STU_010979,71.99769712378786
STU_010980,78.2213147261104
STU_010981,92.05580251282856
STU_010982,73.90798558636922
STU_010983,67.10666476187012
STU_010984,76.07312504372328
STU_010985,54.24748896180788
STU_010986,89.04029265623119
STU_010987,89.11314329254337
STU_010988,67.02150129453295
STU_010989,84.06185088897689
STU_010990,78.2109631463306
STU_010991,59.20605179197905
STU_010992,82.89436661453058
STU_010993,72.01561345406644
STU_010994,83.27859451288136
STU_010995,97.9532577413357
STU_010996,60.33555852480174
STU_010997,67.64057330408671
STU_010998,69.4189807782324
STU_010999,73.28381815458917
STU_011000,78.07200449306778
STU_011001,59.98761961148941
STU_011002,78.58710287008698
STU_011003,64.3549702388294
STU_011004,82.44955482046484
STU_011005,71.1655662128347
STU_011006,81.53332402167614
STU_011007,66.33632809693195
STU_011008,82.27125447212266
STU_011009,96.3847870294812
STU_011010,97.44201384571237
STU_011011,64.4773816774222
STU_011012,86.67327257526162
STU_011013,55.48279010289936
STU_011014,71.27223054488812
STU_011015,98.51108553412729
STU_011016,62.426598087931815
STU_011017,78.37708548052481
STU_011018,86.8933243037347
STU_011019,63.240945376200045
STU_011020,88.86820867950374
STU_011021,66.22894693170997
STU_011022,83.63142955925706
STU_011023,73.27022359644512
STU_011024,74.96791667437128
STU_011025,69.27289166981635
STU_011026,74.52232943965703
STU_011027,72.11290118050448
STU_011028,90.53797882046582
STU_011029,78.15314542285563
STU_011030,59.448112374987446
STU_011031,59.35411539875955
STU_011032,63.80123766165762
STU_011033,58.46821085099268
STU_011034,71.2719348262268
STU_011035,90.62322928993018
STU_011036,96.05673168067077
STU_011037,91.08577989304031
STU_011038,85.88002531344071
STU_011039,61.997048331994954
STU_011040,76.31211439252344
STU_011041,55.185274436812755
STU_011042,62.018421971591806
STU_011043,67.29704496773681
STU_011044,62.34299116531313
STU_011045,98.04947455357726
STU_011046,82.69691542175585
STU_011047,81.86281459872247
STU_011048,65.73134825219967
STU_011049,79.81620466192983
STU_011050,77.25725662838391
STU_011051,87.73223538586878
STU_011052,100.0
STU_011053,51.84487510122814
STU_011054,73.16401547349543
STU_011055,61.168279078279916
STU_011056,57.38633536986336
STU_011057,91.16782737590322
STU_011058,99.96506050946327
STU_011059,97.5932128445056
STU_011060,69.88644760758433
STU_011061,61.49436532175548
STU_011062,63.69315826312092
STU_011063,91.04692837491964
STU_011064,74.14548316693494
STU_011065,71.49814168736586
STU_011066,73.69772668854236
STU_011067,86.5395490441215
STU_011068,94.72020929143355
STU_011069,93.91857562978157
STU_011070,67.18856204381959
STU_011071,89.43256269487892
STU_011072,91.88341195078208
STU_011073,72.14585168483444
STU_011074,88.53540285235238
STU_011075,69.63907613539862
STU_011076,97.62712718438073
STU_011077,73.34125700978073
STU_011078,71.38033218350202
STU_011079,68.0015370314592
STU_011080,60.52016628661214
STU_011081,86.99074645549899
STU_011082,51.370124808041794
STU_011083,95.75976505113789
STU_011084,72.05160444364384
STU_011085,88.98581711204194
STU_011086,63.68953540669568
STU_011087,75.96212335093423
STU_011088,76.02134879492289
STU_011089,92.29206396692925
STU_011090,94.2995060825433
STU_011091,79.40951802927204
STU_011092,67.57045601487418
STU_011093,80.11593893847603
STU_011094,62.931099911333924
STU_011095,79.98098544414806
STU_011096,59.417613749529224
STU_011097,88.47775800549715
STU_011098,86.24237352802696
STU_011099,83.29499775520613
STU_011100,60.56805193202345
STU_011101,62.455878688390925
STU_011102,79.14711780848776
STU_011103,65.4992718515475
STU_011104,93.48174190011878
STU_011105,74.2826300095706
STU_011106,85.25865376774601
STU_011107,57.96401643648778
STU_011108,80.12894617567252
STU_011109,96.13631624189932
STU_011110,99.46264320392974
STU_011111,79.71316414440275
STU_011112,73.89361316019566
STU_011113,81.00055129338722
STU_011114,92.25494415217261
STU_011115,94.39156293778049
STU_011116,88.34134394327668
STU_011117,70.74553640451262
STU_011118,73.47903797975158
STU_011119,79.16228107075413
STU_011120,79.51224087856986
STU_011121,79.44167934870983
STU_011122,60.07956047514378
STU_011123,99.0156048839307
STU_011124,62.87012832407211
STU_011125,99.95388609914667
STU_011126,86.80344402513418
STU_011127,76.1929046767483
STU_011128,67.21725519439902
STU_011129,86.21587388358003
STU_011130,63.72948224491809
STU_011131,84.99610563695842
STU_011132,75.83155946222936
STU_011133,83.39261736034499
STU_011134,63.390127284440375
STU_011135,62.52195280163532
STU_011136,95.84007595267127
STU_011137,75.76930704512424
STU_011138,100.0
STU_011139,72.36597326148129
STU_011140,85.40988287793998
STU_011141,51.86336430314256
STU_011142,95.26525199933214
STU_011143,83.26744732056059
STU_011144,68.09222395581759
STU_011145,65.4341894499783
STU_011146,65.5971130698539
STU_011147,94.40203560780668
STU_011148,91.60363106223535
STU_011149,92.01125009984601
STU_011150,78.66977553228027
STU_011151,95.49323649798441
STU_011152,66.81730737174608
STU_011153,72.85850718182678
STU_011154,73.26137215032661
STU_011155,67.76460251870756
STU_011156,73.01225565630327
STU_011157,60.45746378758354
STU_011158,70.4103604146318
STU_011159,67.23449334604652
STU_011160,54.390344623772535
STU_011161,89.29265295187383
STU_011162,71.31727697093143
STU_011163,72.44349762326563
STU_011164,88.54396979872138
STU_011165,73.96958195417383
STU_011166,72.29023915827732
STU_011167,70.60620950586744
STU_011168,80.79396669282112
STU_011169,85.54731808950578
STU_011170,61.209457504239424
STU_011171,72.03741512862837
STU_011172,99.04862942309074
STU_011173,91.49538828118142
STU_011174,69.65316682475122
STU_011175,65.2824736065626
STU_011176,83.12637025409227
STU_011177,73.13556672723502
STU_011178,92.2645346726149
STU_011179,85.95812465912128
STU_011180,68.53971117231384
STU_011181,80.54846081968336
STU_011182,92.30616804051002
STU_011183,56.547396800249814
STU_011184,79.35136166926823
STU_011185,76.8434119307843
STU_011186,46.10552481784464
STU_011187,86.30370860994913
STU_011188,82.55081069421422
STU_011189,48.14472621141401
STU_011190,81.23542868593564
STU_011191,92.85872344799607
STU_011192,78.83029195599306
STU_011193,66.24161856081622
STU_011194,87.32245615011267
STU_011195,80.5918070575138
STU_011196,92.19657634720994
STU_011197,99.11475754089795
STU_011198,76.22694591731889
STU_011199,89.23486726044308
STU_011200,71.63320377379631
STU_011201,58.98757410905773
STU_011202,63.647674501082676
STU_011203,80.83872253782978
STU_011204,86.32847092533092
STU_011205,85.77724661217805
STU_011206,83.30773481322673
STU_011207,60.056626161223306
STU_011208,70.26256263722695
STU_011209,80.37607923466192
STU_011210,70.2273362958768
STU_011211,78.04359990185209
STU_011212,72.3619988518894
STU_011213,85.36882554919221
STU_011214,59.17330371240721
STU_011215,94.24202397903561
STU_011216,60.55356661179111
STU_011217,99.91360747191555
STU_011218,61.2687285967869
STU_011219,85.78830764973858
STU_011220,64.47905114614268
STU_011221,78.68792231589586
STU_011222,91.94275758534539
STU_011223,65.77018071545427
STU_011224,98.95385978981994
STU_011225,48.32852439083496
STU_011226,84.500209304268
STU_011227,64.77367635579924
STU_011228,96.24328621223215
STU_011229,83.40610855106986
STU_011230,84.4434481223382
STU_011231,91.11144408445254
STU_011232,83.9512215561254
STU_011233,70.70394485551617
STU_011234,79.94864463427399
STU_011235,97.67182460393676
STU_011236,65.26210464817765
STU_011237,65.74940673895122
STU_011238,70.29571589329083
STU_011239,80.6370782862271
STU_011240,90.91604052587005
STU_011241,98.4688931649265
STU_011242,62.48075545825182
STU_011243,65.70673386601942
STU_011244,55.57598321881565
STU_011245,73.01623331055383
STU_011246,71.2861227585162
STU_011247,86.31187574294643
STU_011248,67.64495794912143
STU_011249,65.94529465957677
STU_011250,71.75439187454634
STU_011251,71.74546220918329
STU_011252,74.45484420774791
STU_011253,77.59648554624114
STU_011254,99.65760783809125
STU_011255,90.77070850353859
STU_011256,80.77195471409493
STU_011257,54.97639235794922
STU_011258,80.58985587581282
STU_011259,82.906236805171
STU_011260,100.0
STU_011261,64.2116131240314
STU_011262,90.01122179264225
STU_011263,57.475762867670745
STU_011264,48.76388925926048
STU_011265,76.5582258738467
STU_011266,77.61020156704527
STU_011267,88.63728024701581
STU_011268,67.40024072660509
STU_011269,91.28121460811559
STU_011270,74.03185201587223
STU_011271,80.48605641322636
STU_011272,88.04677028007018
STU_011273,72.44682851557178
STU_011274,82.38243378089172
STU_011275,72.85262127314463
STU_011276,80.78745754668189
STU_011277,73.69075085552743
STU_011278,70.52444901722748
STU_011279,99.96339059912674
STU_011280,76.78791777871078
STU_011281,71.64759948712127
STU_011282,90.75783647931077
STU_011283,80.23465080036405
STU_011284,55.32391463182165
STU_011285,95.37639729231114
STU_011286,78.5478675741182
STU_011287,74.10152936020717
STU_011288,76.27823305375613
STU_011289,64.44543377470828
STU_011290,65.08784815435456
STU_011291,83.99567773276942
STU_011292,42.08840769506076
STU_011293,96.3168714206962
STU_011294,75.74997071095927
STU_011295,79.8990914650514
STU_011296,97.23670721160437
STU_011297,69.0579989840709
STU_011298,55.692752686649285
STU_011299,83.6061796900547
STU_011300,90.98035829344616
STU_011301,100.0
STU_011302,71.38179025405535
STU_011303,79.58630306003803
STU_011304,83.58608901440783
STU_011305,76.60841889925021
STU_011306,70.26178633004388
STU_011307,63.90803033609281
STU_011308,51.738284917885
STU_011309,79.87117084802816
STU_011310,53.266674414941185
STU_011311,86.48328069148707
STU_011312,69.31002273791096
STU_011313,86.01752343824295
STU_011314,61.581367241006035
STU_011315,81.90809196300631
STU_011316,59.0327200295596
STU_011317,77.73379945468284
STU_011318,62.2341928714783
STU_011319,89.04345615836512
STU_011320,55.86353676611582
STU_011321,90.43633216799512
STU_011322,66.66556506619123
STU_011323,49.73149939866735
STU_011324,63.35546282904177
STU_011325,56.62790950632767
STU_011326,80.43446133847922
STU_011327,78.964353725243
STU_011328,88.04723276886743
STU_011329,61.15329626059287
STU_011330,53.37536510271464
STU_011331,56.29604039602939
STU_011332,92.32348560918493
STU_011333,63.197166964496276
STU_011334,82.32585601537536
STU_011335,67.93857603611455
STU_011336,60.79391302983491
STU_011337,83.85519480674962
STU_011338,94.70402674275059
STU_011339,73.99328292280885
STU_011340,71.27260419451488
STU_011341,99.4320717471013
STU_011342,83.1165276926177
STU_011343,80.68008273520704
STU_011344,43.17129331142893
STU_011345,64.45518183505008
STU_011346,72.48578074960317
STU_011347,100.0
STU_011348,77.60362214679265
STU_011349,100.0
STU_011350,68.26125937241585
STU_011351,74.48990007488854
STU_011352,78.82758429424068
STU_011353,67.62903868162726
STU_011354,91.16921097241602
STU_011355,65.32497949569299
STU_011356,86.4796206354732
STU_011357,72.05437573266676
STU_011358,95.29846895716705
STU_011359,100.0
STU_011360,100.0
STU_011361,65.18914714998208
STU_011362,79.1637986989802
STU_011363,99.93776747888757
STU_011364,90.58846738251493
STU_011365,66.80525630599927
STU_011366,86.98782445098156
STU_011367,71.6586045916997
STU_011368,83.07710245526448
STU_011369,68.2254135220804
STU_011370,84.87024095052712
STU_011371,68.07698687199698
STU_011372,95.34288107607179
STU_011373,65.18650786790694
STU_011374,73.82702986594269
STU_011375,86.24364916172641
STU_011376,49.2824526996925
STU_011377,99.79678554725825
STU_011378,82.53272456138298
STU_011379,87.29464999687703
STU_011380,71.41549452088424
STU_011381,62.85658708303808
STU_011382,80.46809361215075
STU_011383,93.03734391527784
STU_011384,68.52221938939937
STU_011385,78.41505784189404
STU_011386,69.62160989479142
STU_011387,56.560284182282786
STU_011388,63.23468605827316
STU_011389,59.99820902503032
STU_011390,90.93365281764201
STU_011391,60.127947902219375
STU_011392,74.55248329617861
STU_011393,77.39448143991976
STU_011394,80.97976704525462
STU_011395,83.71138717881738
STU_011396,87.77584440942826
STU_011397,65.9302053317843
STU_011398,100.0
STU_011399,72.10519128894788
STU_011400,68.64202660162114
STU_011401,74.46701286729319
STU_011402,75.19221668889779
STU_011403,78.14500213745073
STU_011404,100.0
STU_011405,82.62919460174359
STU_011406,84.94322136203296
STU_011407,97.81809169099193
STU_011408,72.82968223100895
STU_011409,86.25748306467877
STU_011410,70.97505186148189
STU_011411,94.51805861863508
STU_011412,70.79981997985983
STU_011413,62.29920286761882
STU_011414,89.69492142951675
STU_011415,73.8804433368115
STU_011416,98.08698671045325
STU_011417,77.4369407581974
STU_011418,60.9500394697506
STU_011419,72.50279768571345
STU_011420,92.32303937904089
STU_011421,92.75232150958851
STU_011422,74.59559374321084
STU_011423,62.04584436633262
STU_011424,68.50392904515367
STU_011425,66.71868182873689
STU_011426,99.3855958119176
STU_011427,64.38579976520094
STU_011428,89.259631381717
STU_011429,71.50086240024567
STU_011430,71.69202406516467
STU_011431,75.69630357033682
STU_011432,71.57097179923488
STU_011433,93.98209997369494
STU_011434,95.50872867143644
STU_011435,71.79204783578498
STU_011436,87.46029506120135
STU_011437,64.07810184372754
STU_011438,66.46883257528322
STU_011439,76.67755728573759
STU_011440,69.64435417078437
STU_011441,75.82600973037118
STU_011442,76.3480232701878
STU_011443,70.52928466359795
STU_011444,74.19872544739502
STU_011445,68.2441162340842
STU_011446,59.337892091406715
STU_011447,90.95397537345247
STU_011448,62.76326457940435
STU_011449,70.29964400569318
STU_011450,81.69752154403746
STU_011451,83.86792843300285
STU_011452,76.73203012226485
STU_011453,77.98038385896263
STU_011454,66.4676576688621
STU_011455,54.76040866783814
STU_011456,92.17209174093617
STU_011457,66.3265192601427
STU_011458,97.31230999167602
STU_011459,72.20149541251864
STU_011460,84.01949676441251
STU_011461,75.8397283835314
STU_011462,81.69621561842504
STU_011463,81.01262160538357
STU_011464,76.61534918203239
STU_011465,64.26558659721529
STU_011466,79.25003718380546
STU_011467,70.0785224359314
STU_011468,62.524872844891505
STU_011469,71.37631700074792
STU_011470,97.762135962989
STU_011471,59.553737421817914
STU_011472,69.85160086406839
STU_011473,77.49615050423996
STU_011474,88.03167243492379
STU_011475,86.5776621346116
STU_011476,97.35593300639641
STU_011477,99.16133849475898
STU_011478,51.425182852254096
STU_011479,64.78850710955977
STU_011480,99.49984644199786
STU_011481,72.36983019382802
STU_011482,61.97374733062489
STU_011483,96.63615178831674
STU_011484,72.02608441452247
STU_011485,73.32576629150199
STU_011486,57.927048800523465
STU_011487,80.67220114445223
STU_011488,73.12263135376796
STU_011489,75.79173508816254
STU_011490,85.12560327896034
STU_011491,57.824816299159735
STU_011492,81.28435446327211
STU_011493,95.08898758523168
STU_011494,84.84305563340743
STU_011495,83.95722075307783
STU_011496,94.39320679731243
STU_011497,73.29489114281702
STU_011498,74.83027217509655
STU_011499,80.36732994196996
STU_011500,72.6598560468976
STU_011501,67.13681557702816
STU_011502,49.254260553441426
STU_011503,86.14214794073709
STU_011504,62.928155884357665
STU_011505,70.34255222686345
STU_011506,56.76159444300979
STU_011507,68.699882093936
STU_011508,84.05716611696418
STU_011509,69.50529481792343
STU_011510,80.59231279936789
STU_011511,97.54109623411176
STU_011512,51.510273197932314
STU_011513,80.00423626831086
STU_011514,80.3508198065353
STU_011515,69.71170628963344
STU_011516,81.45984554213001
STU_011517,88.85495483676186
STU_011518,98.59540149537611
STU_011519,64.59083169305298
STU_011520,48.69729101170992
STU_011521,51.85362455904959
STU_011522,100.0
STU_011523,72.49097595796093
STU_011524,83.68745534726295
STU_011525,97.56652499403589
STU_011526,86.57834600940448
STU_011527,86.12904642572275
STU_011528,86.54791861013578
STU_011529,81.88427042706319
STU_011530,62.9897653714075
STU_011531,76.95680678706506
STU_011532,75.11298671721315
STU_011533,75.66922200303634
STU_011534,76.1606344326605
STU_011535,68.59042937419947
STU_011536,57.002817145412834
STU_011537,57.99452598842406
STU_011538,71.49599199096357
STU_011539,70.43162865590409
STU_011540,76.24142237663999
STU_011541,79.83993031037795
STU_011542,61.1585295958742
STU_011543,80.82717007460364
STU_011544,86.59946457751506
STU_011545,88.89528841310639
STU_011546,59.35736185477627
STU_011547,93.86326723237525
STU_011548,80.8888088202619
STU_011549,62.65731671650511
STU_011550,79.64489930605734
STU_011551,77.1352057419616
STU_011552,55.91135719088647
STU_011553,77.9331323504263
STU_011554,80.91828079578247
STU_011555,84.23573692947328
STU_011556,99.87996999356838
STU_011557,56.53989844889706
STU_011558,99.86073556073433
STU_011559,93.25330119199998
STU_011560,92.65989216608375
STU_011561,67.24834060213215
STU_011562,100.0
STU_011563,94.67540601568476
STU_011564,57.444512608963876
STU_011565,74.2871620176821
STU_011566,72.56642153295748
STU_011567,62.896083274876496
STU_011568,58.41734877783785
STU_011569,75.67370689242861
STU_011570,99.7707147606458
STU_011571,74.17645113983733
STU_011572,84.17592699093386
STU_011573,72.88764178577378
STU_011574,65.11312845529716
STU_011575,72.13184448022221
STU_011576,76.7143365874296
STU_011577,63.73746927360369
STU_011578,66.65980224736543
STU_011579,71.85380074213387
STU_011580,92.21835430390587
STU_011581,62.21081863195793
STU_011582,84.36813618850934
STU_011583,66.38730185619714
STU_011584,87.85862604018305
STU_011585,85.36696088578822
STU_011586,81.65860579992113
STU_011587,95.32356939927308
STU_011588,90.81320799446175
STU_011589,83.21496432420753
STU_011590,67.25693507233312
STU_011591,64.54126088278912
STU_011592,94.68954397884585
STU_011593,76.40756143398231
STU_011594,97.84183471846228
STU_011595,95.00564266163826
STU_011596,70.2612674128961
STU_011597,68.74146551180182
STU_011598,78.65809309436247
STU_011599,64.72943757509064
STU_011600,62.916759683121434
STU_011601,70.56678030509416
STU_011602,88.88561861005344
STU_011603,65.30790796147514
STU_011604,83.34827478254238
STU_011605,82.2401675421861
STU_011606,64.64590335054359
STU_011607,94.40467641136647
STU_011608,85.54204998087695
STU_011609,63.451215993528585
STU_011610,83.29674582594188
STU_011611,55.1971581591997
STU_011612,81.80737792542011
STU_011613,68.45148713588499
STU_011614,62.25749659683312
STU_011615,92.22542685607677
STU_011616,94.06898357253445
STU_011617,69.92011787242683
STU_011618,73.98170749036609
STU_011619,79.52410390354545
STU_011620,56.09699745627737
STU_011621,73.09666599929245
STU_011622,76.60413114819866
STU_011623,59.56669212905281
STU_011624,87.70531689701401
STU_011625,99.41081712823812
STU_011626,77.5492157281447
STU_011627,67.50732764327608
STU_011628,66.55120224315345
STU_011629,67.92928486414719
STU_011630,94.54189784873367
STU_011631,50.158936479241376
STU_011632,62.10771789731939
STU_011633,100.0
STU_011634,47.54838475008638
STU_011635,91.22945490213499
STU_011636,64.9726258205044
STU_011637,76.2783166595074
STU_011638,81.93331884134207
STU_011639,87.2497356477847
STU_011640,91.7552519058924
STU_011641,77.17912127559246
STU_011642,79.14038056196765
STU_011643,60.94317843362559
STU_011644,90.44224673285824
STU_011645,97.94298711012965
STU_011646,79.50623376237087
STU_011647,77.6582363215995
STU_011648,82.11056592178653
STU_011649,90.84500331719482
STU_011650,93.89055542727723
STU_011651,66.78702124192878
STU_011652,57.33829450328214
STU_011653,100.0
STU_011654,67.09451558220985
STU_011655,74.48094198935863
STU_011656,59.016740523607226
STU_011657,40.438763479956876
STU_011658,99.87454394524381
STU_011659,63.93347832407138
STU_011660,78.9041605631902
STU_011661,99.05674312065388
STU_011662,81.92282443303935
STU_011663,94.65410465695643
STU_011664,89.0545763634961
STU_011665,62.96948052021929
STU_011666,70.92931978837778
STU_011667,60.9081593829765
STU_011668,76.82435722859648
STU_011669,61.88784299402571
STU_011670,87.74797044642426
STU_011671,75.68251378244952
STU_011672,93.54930613731698
STU_011673,73.62407813704549
STU_011674,60.77715409087428
STU_011675,91.38666216438804
STU_011676,74.3266637768025
STU_011677,78.03641603955755
STU_011678,49.114238566728005
STU_011679,97.62136005102445
STU_011680,88.22403968953381
STU_011681,97.51021891637764
STU_011682,51.22344021956769
STU_011683,71.6481456300963
STU_011684,61.33496203820073
STU_011685,56.783822384488815
STU_011686,73.65776789325747
STU_011687,90.13615343216452
STU_011688,85.78693349358234
STU_011689,69.9224930882942
STU_011690,77.16344502062982
STU_011691,98.93408014528949
STU_011692,78.49968031805366
STU_011693,85.27193291764259
STU_011694,92.52029024159604
STU_011695,91.77435382535192
STU_011696,90.1764531380775
STU_011697,64.5837478838051
STU_011698,70.43418186197805
STU_011699,80.19108271217252
STU_011700,62.67398972111052
STU_011701,76.90741779453836
STU_011702,87.55416996929885
STU_011703,92.47861729710678
STU_011704,86.32096546850467
STU_011705,78.74914695440567
STU_011706,94.51213782720663
STU_011707,67.09200230234059
STU_011708,72.9589249409482
STU_011709,82.23061549404014
STU_011710,81.45993640623449
STU_011711,82.27438779281857
STU_011712,53.187699892316076
STU_011713,96.0348034212461
STU_011714,73.55624108215082
STU_011715,83.3799642144517
STU_011716,86.11282761763655
STU_011717,74.27698242305144
STU_011718,86.8742225909002
STU_011719,76.79274589248541
STU_011720,98.28308023096562
STU_011721,63.080529517045186
STU_011722,67.4683562569661
STU_011723,71.97819255158515
STU_011724,90.35189785909226
STU_011725,75.69311392962376
STU_011726,55.55210825567403
STU_011727,61.15415448772707
STU_011728,56.07207297335577
STU_011729,77.96642238450616
STU_011730,72.97401193287178
STU_011731,97.36450696029489
STU_011732,85.45082302787107
STU_011733,78.68118852314802
STU_011734,88.9246699784913
STU_011735,73.1846382828969
STU_011736,68.91825645751354
STU_011737,68.61830278466698
STU_011738,91.67674130285197
STU_011739,94.13954134105492
STU_011740,86.30524646108361
STU_011741,81.08707647559191
STU_011742,62.59945496933166
STU_011743,57.45981762349645
STU_011744,74.0980237188284
STU_011745,64.5245512105722
STU_011746,74.26919099948474
STU_011747,89.20857365293908
STU_011748,74.0303346346245
STU_011749,73.50472459416717
STU_011750,95.02089091448099
STU_011751,68.63063066127063
STU_011752,73.50502800102785
STU_011753,50.164052058363325
STU_011754,83.71253018295975
STU_011755,79.71086695224538
STU_011756,81.19926160174354
STU_011757,74.46706625053817
STU_011758,97.2025540256403
STU_011759,73.14868084984765
STU_011760,86.0681797108326
STU_011761,89.31840386878832
STU_011762,76.02169734390091
STU_011763,79.9375475733737
STU_011764,68.12965358653825
STU_011765,80.2352725579952
STU_011766,50.1009373779459
STU_011767,65.28197011211486
STU_011768,89.00458350533285
STU_011769,66.57366730654259
STU_011770,97.26293897104924
STU_011771,64.98749114376086
STU_011772,63.377081778450005
STU_011773,62.074139620830906
STU_011774,60.923419717786885
STU_011775,77.9899888172445
STU_011776,70.63894165428549
STU_011777,73.09523091740223
STU_011778,93.04452161946035
STU_011779,77.83184236527919
STU_011780,69.58449733513392
STU_011781,57.25162403750002
STU_011782,87.92963187878105
STU_011783,75.37809804766249
STU_011784,72.63274371281706
STU_011785,68.41027037843463
STU_011786,82.17775282649754
STU_011787,65.48712225279982
STU_011788,70.62851478018985
STU_011789,60.537717195985955
STU_011790,79.6448166060446
STU_011791,93.67266759568284
STU_011792,80.74304011320244
STU_011793,61.767139567285
STU_011794,57.513642594915595
STU_011795,59.13082488106555
STU_011796,98.76378426846816
STU_011797,63.25531017497907
STU_011798,67.0767156489665
STU_011799,99.92792342926441
STU_011800,68.37928572560395
STU_011801,85.35788372683137
STU_011802,90.09956554547679
STU_011803,71.30930774134748
STU_011804,68.43708065126813
STU_011805,67.59021264830042
STU_011806,69.14382069096222
STU_011807,83.24083896992532
STU_011808,90.5068249855436
STU_011809,92.24450304655088
STU_011810,86.98494814210771
STU_011811,88.76954801568334
STU_011812,68.36287614156653
STU_011813,70.75525973579798
STU_011814,92.12815434336858
STU_011815,72.78196904612125
STU_011816,74.8693574991223
STU_011817,96.6399293714327
STU_011818,75.06514807918393
STU_011819,72.87096904261068
STU_011820,72.56064201550392
STU_011821,72.28507257149285
STU_011822,100.0
STU_011823,70.3298861133222
STU_011824,71.95632821140876
STU_011825,80.19223729981604
STU_011826,68.86915006107152
STU_011827,74.02099320425569
STU_011828,75.82415253850193
STU_011829,73.40018718880765
STU_011830,65.6559583618739
STU_011831,65.06143169734074
STU_011832,69.74146561261925
STU_011833,64.19748661823677
STU_011834,62.34504309555161
STU_011835,77.51577156464711
STU_011836,73.0684257895694
STU_011837,74.154794721769
STU_011838,67.6158097528595
STU_011839,88.1854250736637
STU_011840,80.5920455110062
STU_011841,78.84015348551686
STU_011842,58.44093613999114
STU_011843,57.41855823921436
STU_011844,87.85080563191792
STU_011845,66.1294086882804
STU_011846,91.97366115521228
STU_011847,73.49607173106435
STU_011848,97.78824422005877
STU_011849,72.77850310871156
STU_011850,68.66559417534145
STU_011851,90.06269830485796
STU_011852,87.48185262492564
STU_011853,84.05123089893819
STU_011854,71.44496339467507
STU_011855,86.69319305535652
STU_011856,84.71191490889929
STU_011857,77.05573644187385
STU_011858,79.88009364951238
STU_011859,73.44206152491738
STU_011860,75.13048021796325
STU_011861,70.2212518388157
STU_011862,72.312682653401
STU_011863,98.56770864660122
STU_011864,51.24036891011566
STU_011865,86.39974296085238
STU_011866,62.918003873021405
STU_011867,85.0353134574614
STU_011868,80.63702818454571
STU_011869,74.43805259097502
STU_011870,93.75386377193107
STU_011871,65.30881420361106
STU_011872,66.66319816148457
STU_011873,80.96687775037947
STU_011874,67.5677456444019
STU_011875,59.96079893298797
STU_011876,68.46719528126201
STU_011877,95.15494726662234
STU_011878,54.17683920807937
STU_011879,76.99272691420624
STU_011880,62.60975081457251
STU_011881,57.76249584179823
STU_011882,86.01090190428522
STU_011883,56.57097368312314
STU_011884,70.45020324817446
STU_011885,61.49501815162663
STU_011886,68.45220821106236
STU_011887,76.52425257275277
STU_011888,79.23777186369755
STU_011889,43.824920263904204
STU_011890,61.560108220954575
STU_011891,85.66459841805721
STU_011892,99.46194839676306
STU_011893,89.77586897043389
STU_011894,73.52625393682274
STU_011895,91.79689628500762
STU_011896,55.346856109827186
STU_011897,71.34428195526675
STU_011898,100.0
STU_011899,58.8357729657625
STU_011900,74.54571461475372
STU_011901,72.7890310632723
STU_011902,54.53459214070753
STU_011903,72.77514315493315
STU_011904,81.64286765583138
STU_011905,72.91319507262449
STU_011906,82.91980808880858
STU_011907,86.37581655839716
STU_011908,98.05738148775876
STU_011909,47.711380841421956
STU_011910,86.25641799244684
STU_011911,72.52518559560062
STU_011912,91.57604959456954
STU_011913,72.95964997163644
STU_011914,90.63578056778536
STU_011915,81.66827731341412
STU_011916,69.88708679116203
STU_011917,83.27444971496172
STU_011918,77.47893877531196
STU_011919,100.0
STU_011920,74.2516736994188
STU_011921,73.81697558820127
STU_011922,82.26636560263572
STU_011923,64.80761997463799
STU_011924,72.68624453121171
STU_011925,39.15918951743114
STU_011926,72.0555486137169
STU_011927,68.92093048225561
STU_011928,70.73969832710108
STU_011929,78.5140089356433
STU_011930,84.44624678943096
STU_011931,89.76135475115673
STU_011932,67.78194871408807
STU_011933,54.49944292331139
STU_011934,84.97329794855392
STU_011935,59.77004117645969
STU_011936,93.13987988709182
STU_011937,66.88846640541149
STU_011938,53.95975735683628
STU_011939,92.69556618614268
STU_011940,78.67349881639569
STU_011941,78.8948325623711
STU_011942,91.49164156405833
STU_011943,69.86527041765909
STU_011944,67.1676615451446
STU_011945,78.47119143727191
STU_011946,97.3533375635966
STU_011947,83.5042049353402
STU_011948,60.09545190423633
STU_011949,80.06261712024019
STU_011950,74.94375907995557
STU_011951,95.8238657112251
STU_011952,66.28187282941627
STU_011953,54.589163235400115
STU_011954,93.31073882799633
STU_011955,60.2891933481484
STU_011956,93.65026998545423
STU_011957,62.869300537603635
STU_011958,96.36376775013392
STU_011959,76.03539634890355
STU_011960,87.0056238612741
STU_011961,90.9717999929436
STU_011962,76.94694667877879
STU_011963,89.96177576524656
STU_011964,74.29050377573246
STU_011965,75.72486290609578
STU_011966,94.58291145474536
STU_011967,55.62273177080087
STU_011968,88.26289254281392
STU_011969,59.54801526530065
STU_011970,81.5109846891007
STU_011971,51.75244284909432
STU_011972,87.31040524467603
STU_011973,67.09631498851972
STU_011974,96.92435673417259
STU_011975,73.49548579039738
STU_011976,66.88723848241078
STU_011977,83.2845570906783
STU_011978,72.21355933520121
STU_011979,77.53351993311003
STU_011980,81.3742337002503
STU_011981,78.91995625686818
STU_011982,97.55584221336382
STU_011983,68.67465218411886
STU_011984,81.16022405988814
STU_011985,76.81564236482684
STU_011986,70.08896996112905
STU_011987,59.33750013487784
STU_011988,82.60866766315226
STU_011989,77.25097842441772
STU_011990,93.2276088145087
STU_011991,62.62212452039448
STU_011992,44.162127183801005
STU_011993,75.93915119374014
STU_011994,66.41836012874064
STU_011995,77.07469416747459
STU_011996,70.83904962271242
STU_011997,88.79725507167286
STU_011998,92.83495212574903
STU_011999,99.80757625978353
STU_012000,84.59885970361977
STU_012001,89.91329445834425
STU_012002,71.27812656508833
STU_012003,77.51291431096475
STU_012004,70.94284171848666
STU_012005,76.33925459099892
STU_012006,94.2684543306537
STU_012007,59.3689212655706
STU_012008,75.93277530473664
STU_012009,73.35952006064211
STU_012010,43.047879257846475
STU_012011,59.899237434398785
STU_012012,74.70793718883225
STU_012013,72.0675530498465
STU_012014,50.4619632850846
STU_012015,64.34486873774962
STU_012016,52.70223450955545
STU_012017,78.3867962463383
STU_012018,84.56123081634475
STU_012019,94.9480303627926
STU_012020,55.500797994591615
STU_012021,66.20979016611317
STU_012022,72.41563301174128
STU_012023,78.02951059562155
STU_012024,96.92883904178805
STU_012025,85.48613213986212
STU_012026,65.05781775244355
STU_012027,91.97631614817047
STU_012028,95.61374367862217
STU_012029,60.88187172398999
STU_012030,82.41431078697339
STU_012031,91.44487729923347
STU_012032,64.25660108296944
STU_012033,68.85222332619793
STU_012034,98.01927515733468
STU_012035,67.39417085299964
STU_012036,71.1071060311148
STU_012037,79.32140546544717
STU_012038,63.75819038253713
STU_012039,68.02442054612203
STU_012040,97.56978706243851
STU_012041,73.41147932833788
STU_012042,87.49310955691942
STU_012043,73.56892020227083
STU_012044,76.91379881642064
STU_012045,53.60357763533021
STU_012046,88.92101574651218
STU_012047,97.8101347102296
STU_012048,57.317993058217716
STU_012049,78.59837025390748
STU_012050,75.25211516852966
STU_012051,35.86794754480892
STU_012052,86.99914164911883
STU_012053,81.59261969543161
STU_012054,70.90889617633067
STU_012055,76.18403057313526
STU_012056,95.45712462703946
STU_012057,89.83374698000361
STU_012058,64.89379457368415
STU_012059,58.69731717387977
STU_012060,74.60501042165892
STU_012061,60.21095992093122
STU_012062,91.42820972493425
STU_012063,55.2309353983086
STU_012064,64.33324187631293
STU_012065,85.36884883694246
STU_012066,79.26386959185788
STU_012067,83.17800405511944
STU_012068,65.02426230095075
STU_012069,65.74138335273187
STU_012070,89.14859024504678
STU_012071,73.96210123555804
STU_012072,74.91121799248168
STU_012073,91.88024668751476
STU_012074,83.51316704383134
STU_012075,52.068411162001794
STU_012076,64.08294465724835
STU_012077,65.95129985083317
STU_012078,70.46857602377365
STU_012079,82.41944477127795
STU_012080,71.82903370468837
STU_012081,51.25859568266756
STU_012082,89.07658437774691
STU_012083,69.18548389749004
STU_012084,77.1150058968171
STU_012085,98.8404091223131
STU_012086,81.50770837739961
STU_012087,78.52389221254569
STU_012088,75.033198191586
STU_012089,74.69311925662213
STU_012090,95.2974016507928
STU_012091,84.25549921574834
STU_012092,73.23121957630623
STU_012093,72.59405694917254
STU_012094,81.88114270487536
STU_012095,62.50054944420687
STU_012096,75.36482048441428
STU_012097,80.30119711645399
STU_012098,64.8043364291405
STU_012099,75.68374954840573
STU_012100,88.5085437727741
STU_012101,92.6959859319124
STU_012102,63.44039713334274
STU_012103,76.2353116530327
STU_012104,58.45271043936606
STU_012105,83.53242004642404
STU_012106,88.98912068203005
STU_012107,80.10872624461228
STU_012108,89.21217046772426
STU_012109,72.38625698726139
STU_012110,68.95482952521989
STU_012111,48.157628308277864
STU_012112,82.87660530625001
STU_012113,93.00916987067122
STU_012114,68.81097649862022
STU_012115,73.73748572687077
STU_012116,75.02993870345921
STU_012117,93.35218518537528
STU_012118,67.20812758871122
STU_012119,92.62673348512536
STU_012120,63.345702811270094
STU_012121,70.5564571823291
STU_012122,67.67655357263315
STU_012123,82.71075008643194
STU_012124,62.775958243799515
STU_012125,78.1396634491038
STU_012126,74.6758061684449
STU_012127,74.8843202521867
STU_012128,75.01910020641174
STU_012129,75.30209123561845
STU_012130,66.73819545636992
STU_012131,48.937121453923695
STU_012132,81.0744192608218
STU_012133,78.28993856471442
STU_012134,62.06379597292296
STU_012135,65.99045273812735
STU_012136,56.43913031103217
STU_012137,66.92196332044841
STU_012138,56.148417332547226
STU_012139,67.53240136850003
STU_012140,76.54228396242317
STU_012141,63.35685821690601
STU_012142,81.1286371009422
STU_012143,98.80485253346792
STU_012144,83.77327894202564
STU_012145,77.81848644743836
STU_012146,77.7712712693655
STU_012147,67.46313024477891
STU_012148,74.42589405362155
STU_012149,83.62117696968849
STU_012150,80.4449877585849
STU_012151,79.60181671124427
STU_012152,54.757908289812676
STU_012153,70.50943577423958
STU_012154,80.9493232577723
STU_012155,62.26448481278829
STU_012156,73.73544439079235
STU_012157,80.27546076534699
STU_012158,83.1097892165074
STU_012159,82.3049976529467
STU_012160,92.24366521659002
STU_012161,92.87548233848045
STU_012162,81.23789422442917
STU_012163,99.66962369360706
STU_012164,42.36831143982289
STU_012165,69.79408978759315
STU_012166,61.66385517721417
STU_012167,92.67545351371669
STU_012168,55.781954704433545
STU_012169,62.471052746336674
STU_012170,65.1670504483098
STU_012171,81.43922002645667
STU_012172,94.24288119189819
STU_012173,92.55346258150433
STU_012174,82.22504415593241
STU_012175,87.43167892249853
STU_012176,69.99125798537075
STU_012177,73.28939666583388
STU_012178,85.54063730123316
STU_012179,69.67336509537206
STU_012180,81.6035184699644
STU_012181,95.6769336517548
STU_012182,73.29329610487102
STU_012183,92.21338458973602
STU_012184,70.95983937078515
STU_012185,72.98233934986452
STU_012186,92.83446068149988
STU_012187,48.258552587953105
STU_012188,65.98055505596297
STU_012189,60.50872780632926
STU_012190,92.17237724169334
STU_012191,78.5739322661866
STU_012192,73.96340590716363
STU_012193,66.49008202803242
STU_012194,80.4469759568821
STU_012195,73.03946755349705
STU_012196,46.25944571924765
STU_012197,90.45492514566536
STU_012198,69.78583300601004
STU_012199,85.31926994625952
STU_012200,57.172419245547886
STU_012201,67.52075290818105
STU_012202,83.5240945373295
STU_012203,85.09199847944032
STU_012204,71.99769310939054
STU_012205,72.45060737621378
STU_012206,88.25517736229224
STU_012207,91.04154417198714
STU_012208,78.19890830306059
STU_012209,60.345721335572875
STU_012210,77.867583602064
STU_012211,80.46549588889808
STU_012212,71.8170395124672
STU_012213,86.94949554435681
STU_012214,63.97325494613811
STU_012215,63.21957470988435
STU_012216,89.79696826434578
STU_012217,94.1962775317992
STU_012218,100.0
STU_012219,68.11954590479034
STU_012220,61.79130484734723
STU_012221,82.09967385981409
STU_012222,70.33944338443897
STU_012223,64.56315533917346
STU_012224,70.61829661785296
STU_012225,92.03059715841262
STU_012226,72.24103394991695
STU_012227,74.66503039659868
STU_012228,65.17412292095449
STU_012229,81.85136310816638
STU_012230,82.4020489982416
STU_012231,60.92725258460383
STU_012232,79.01778060543234
STU_012233,82.2365812344821
STU_012234,67.0291632486909
STU_012235,68.86965483480984
STU_012236,99.67278053601189
STU_012237,65.96098538671838
STU_012238,65.18063649879697
STU_012239,73.26598889245842
STU_012240,71.44129605879604
STU_012241,92.5696317609277
STU_012242,76.18454149130946
STU_012243,51.18710404802842
STU_012244,61.80508433159996
STU_012245,78.61472607480012
STU_012246,62.23154225617512
STU_012247,57.75377590533745
STU_012248,93.02499734952036
STU_012249,82.49344584326502
STU_012250,86.69385164523669
STU_012251,71.44379103679302
STU_012252,62.00159174858295
STU_012253,56.796656753627865
STU_012254,48.913157333104145
STU_012255,81.31316121366426
STU_012256,68.88190324706784
STU_012257,84.43064840349464
STU_012258,71.5034880586359
STU_012259,78.34278955714147
STU_012260,84.50025256213013
STU_012261,89.51152544439057
STU_012262,83.67025354668718
STU_012263,67.57994871189348
STU_012264,63.30750294244075
STU_012265,64.40983428814735
STU_012266,98.85091799039918
STU_012267,92.24418145175812
STU_012268,52.21197596308803
STU_012269,83.42784612286324
STU_012270,68.42555198799184
STU_012271,76.12543786958022
STU_012272,72.48843521783407
STU_012273,71.99633791327167
STU_012274,63.389809149922044
STU_012275,95.47579946884059
STU_012276,69.04186974190489
STU_012277,74.3319812126737
STU_012278,64.27842661075604
STU_012279,76.84152077933535
STU_012280,71.78152439420376
STU_012281,57.22938385849602
STU_012282,93.20053336469627
STU_012283,92.51328706062412
STU_012284,66.40129456445754
STU_012285,75.25700172378589
STU_012286,75.72294315647949
STU_012287,95.25508705486715
STU_012288,79.58912487329204
STU_012289,91.62593701133086
STU_012290,82.14035061324302
STU_012291,65.44670569710068
STU_012292,77.0224941159183
STU_012293,68.47638446384121
STU_012294,88.38025563802798
STU_012295,77.33434527688303
STU_012296,78.65794599729041
STU_012297,76.5556587084547
STU_012298,67.9078995577365
STU_012299,91.23856378343677
STU_012300,56.71504359088995
STU_012301,88.16991753611157
STU_012302,78.36122078215627
STU_012303,64.00118306103303
STU_012304,47.55728656150433
STU_012305,98.73949774595911
STU_012306,70.70265204589029
STU_012307,70.47981378442783
STU_012308,86.60356210860849
STU_012309,69.60248013846417
STU_012310,73.28457645761958
STU_012311,82.26093737205383
STU_012312,56.2237288779678
STU_012313,71.25040519826933
STU_012314,99.31263317673694
STU_012315,87.72236097797946
STU_012316,75.78919223099984
STU_012317,99.71646575819577
STU_012318,80.80589837529571
STU_012319,77.16981699452047
STU_012320,62.765743257418535
STU_012321,64.18153776411424
STU_012322,91.5311257280367
STU_012323,62.03056823619067
STU_012324,89.39118507142582
STU_012325,66.6688460570592
STU_012326,75.74152050259838
STU_012327,64.05313570489825
STU_012328,62.81749035147621
STU_012329,96.23854821881653
STU_012330,90.97025515633453
STU_012331,83.92514917283168
STU_012332,68.89759857439813
STU_012333,84.27595991386337
STU_012334,71.65436296669637
STU_012335,66.80743027938273
STU_012336,93.10357606350223
STU_012337,90.7418416577073
STU_012338,65.85266423670535
STU_012339,85.20055395154368
STU_012340,63.40664356910784
STU_012341,55.45237235743551
STU_012342,91.25850811026699
STU_012343,86.04249764736372
STU_012344,61.75431276651338
STU_012345,68.9267224858817
STU_012346,68.62937334546359
STU_012347,95.86066115216445
STU_012348,76.2220048058623
STU_012349,67.47598442954624
STU_012350,81.24167100946204
STU_012351,85.96894532975699
STU_012352,86.68361304000396
STU_012353,95.42740403850979
STU_012354,57.794338487315535
STU_012355,83.60672597827906
STU_012356,83.54000747835097
STU_012357,71.18911959786887
STU_012358,98.31134597484689
STU_012359,84.01171688301312
STU_012360,74.55736069197133
STU_012361,64.17126602600885
STU_012362,82.50723396007237
STU_012363,77.12433481876553
STU_012364,82.06351938484039
STU_012365,65.07666637761817
STU_012366,87.35479676791564
STU_012367,75.99161711733161
STU_012368,60.33899258245843
STU_012369,77.6688065487705
STU_012370,99.95663894612491
STU_012371,72.60085867425451
STU_012372,84.76368685990982
STU_012373,72.98948798329118
STU_012374,71.70261520308694
STU_012375,62.28821787643926
STU_012376,81.35258777267725
STU_012377,83.4598775520203
STU_012378,72.65991033092686
STU_012379,72.46418617914509
STU_012380,97.17084392808411
STU_012381,99.8061226268646
STU_012382,66.46339661125677
STU_012383,81.9045398308081
STU_012384,98.01235549657372
STU_012385,86.78472863243206
STU_012386,79.38318629053374
STU_012387,81.9690125326174
STU_012388,80.84807568114142
STU_012389,97.6506392514784
STU_012390,72.46741649522167
STU_012391,52.93543047115876
STU_012392,80.92730717135603
STU_012393,66.52123254682665
STU_012394,69.54318858068771
STU_012395,82.52785359090423
STU_012396,79.58630476389482
STU_012397,72.92439875581668
STU_012398,81.79209525034565
STU_012399,77.95341821947565
STU_012400,79.2533690881803
STU_012401,90.93275682361303
STU_012402,99.97581759540535
STU_012403,47.26815272016384
STU_012404,73.00772394266771
STU_012405,61.09958719852264
STU_012406,65.87333468360491
STU_012407,95.61660619523052
STU_012408,80.59233960165797
STU_012409,65.63929160829908
STU_012410,43.41656629600863
STU_012411,93.02109315305103
STU_012412,72.99550571958474
STU_012413,58.04553941090572
STU_012414,99.1731542686715
STU_012415,88.08077217817623
STU_012416,92.45252997089952
STU_012417,56.53884972180104
STU_012418,85.60261035242007
STU_012419,71.22114700710284
STU_012420,55.21373014953488
STU_012421,69.20331531963637
STU_012422,84.87963792106112
STU_012423,83.24840822767382
STU_012424,82.83208027490154
STU_012425,52.64022902309021
STU_012426,83.40280575324823
STU_012427,64.14989507305751
STU_012428,87.07553638491615
STU_012429,56.55895670127125
STU_012430,72.02247893739789
STU_012431,67.68044355214428
STU_012432,61.266169671318224
STU_012433,55.40874501236566
STU_012434,90.10849178430091
STU_012435,67.39478540727733
STU_012436,71.53029083199382
STU_012437,89.80725928535634
STU_012438,55.63153354581078
STU_012439,76.38959487865148
STU_012440,78.49506385723151
STU_012441,93.95221057361064
STU_012442,99.52368198463694
STU_012443,64.1569544040074
STU_012444,88.82887397635497
STU_012445,67.56106678770527
STU_012446,85.12810481541264
STU_012447,92.8316151381362
STU_012448,70.49263600906335
STU_012449,79.6168489701372
STU_012450,72.81469330088323
STU_012451,84.73970264846662
STU_012452,80.30113222241718
STU_012453,96.56381301307619
STU_012454,86.49999893058468
STU_012455,74.47253340464863
STU_012456,94.14952931583409
STU_012457,65.75963770735706
STU_012458,80.78380379704707
STU_012459,59.0736315992732
STU_012460,85.55455135101161
STU_012461,74.24039479289593
STU_012462,69.58217681487638
STU_012463,83.28693847890614
STU_012464,76.38175286655068
STU_012465,74.32760978605253
STU_012466,68.52069603881498
STU_012467,73.90692861527437
STU_012468,85.33299168657894
STU_012469,89.58132503143257
STU_012470,52.60738427221675
STU_012471,53.477935340608575
STU_012472,98.04798503301885
STU_012473,72.08291850556407
STU_012474,66.03880276734694
STU_012475,69.55846573042385
STU_012476,48.68378696425617
STU_012477,97.72337333834244
STU_012478,71.68898463419755
STU_012479,62.84840741073212
STU_012480,75.5864081691054
STU_012481,91.13844792009073
STU_012482,65.90726049397324
STU_012483,62.4117747400276
STU_012484,66.93860378908684
STU_012485,74.2802087095915
STU_012486,74.02016929128897
STU_012487,67.22645374305827
STU_012488,72.64012673350967
STU_012489,80.27987750060558
STU_012490,92.62456210185368
STU_012491,60.86271043781785
STU_012492,61.9919394202677
STU_012493,58.57249365905907
STU_012494,74.19668389921674
STU_012495,74.46788092252802
STU_012496,77.33381792967883
STU_012497,88.5138069921144
STU_012498,69.86539056213464
STU_012499,76.8121991148655
STU_012500,80.97791235801564
STU_012501,95.75640372744084
STU_012502,81.46409866252942
STU_012503,83.9966470370221
STU_012504,77.33207615231883
STU_012505,81.26724194592612
STU_012506,68.0125590998701
STU_012507,87.52876946901365
STU_012508,68.30239462234871
STU_012509,82.5736595542904
STU_012510,75.6062805594444
STU_012511,75.24985551843059
STU_012512,77.44880130599694
STU_012513,69.06959500602514
STU_012514,100.0
STU_012515,89.1973928575456
STU_012516,79.01993940054169
STU_012517,99.92694757919101
STU_012518,53.69597273889902
STU_012519,75.3369020764089
STU_012520,70.19941192270957
STU_012521,93.30588839123996
STU_012522,97.7418406034291
STU_012523,81.2565446282739
STU_012524,97.72265063617976
STU_012525,90.53185506167162
STU_012526,98.19810544039998
STU_012527,87.99024144756355
STU_012528,61.623572343949604
STU_012529,99.4496293929169
STU_012530,74.83633831936868
STU_012531,76.5590413686448
STU_012532,71.03486312810293
STU_012533,88.58976273547279
STU_012534,54.966350360664975
STU_012535,86.57224320946973
STU_012536,73.44189596091599
STU_012537,53.155731444195446
STU_012538,62.8040654551189
STU_012539,89.56168250250113
STU_012540,70.87862766272151
STU_012541,99.58237149784864
STU_012542,98.95129426900401
STU_012543,70.90275422785571
STU_012544,78.02019259220188
STU_012545,67.69650653618312
STU_012546,78.87459451812774
STU_012547,100.0
STU_012548,50.832052816291295
STU_012549,73.91473696115534
STU_012550,88.1671269738037
STU_012551,94.18651581071576
STU_012552,73.892678261839
STU_012553,79.89297590022444
STU_012554,66.0223446295739
STU_012555,51.691217258435024
STU_012556,62.531771702969635
STU_012557,79.21971751951321
STU_012558,67.73026372071756
STU_012559,89.84659148795902
STU_012560,72.42953136373859
STU_012561,58.95952263675993
STU_012562,66.8846220249763
STU_012563,80.72607924258006
STU_012564,90.55356757863936
STU_012565,99.5749144148474
STU_012566,75.07130196549986
STU_012567,65.46061105130603
STU_012568,98.75395277462864
STU_012569,65.30564337438005
STU_012570,51.29169473561685
STU_012571,55.57611841964794
STU_012572,55.85976482678113
STU_012573,76.34075477066642
STU_012574,64.68324008965563
STU_012575,70.79990970822305
STU_012576,71.47806437387862
STU_012577,99.69641614262655
STU_012578,50.115588435089094
STU_012579,76.04223546076969
STU_012580,74.00958241343176
STU_012581,62.73883126887847
STU_012582,72.28320605784778
STU_012583,62.230228324744886
STU_012584,61.747027045918536
STU_012585,73.73931129175692
STU_012586,71.85146964620428
STU_012587,71.318573164203
STU_012588,67.33891086041993
STU_012589,47.343317059714494
STU_012590,64.93880646129662
STU_012591,71.60947500945828
STU_012592,97.59438817997889
STU_012593,95.59996122529142
STU_012594,49.7664883660816
STU_012595,62.426547575066905
STU_012596,83.52456099333779
STU_012597,69.31054779432317
STU_012598,71.4615713922314
STU_012599,73.19148365959336
STU_012600,71.55010855754917
STU_012601,69.95801727161681
STU_012602,64.69092900134208
STU_012603,91.72224874237794
STU_012604,73.33062018791517
STU_012605,72.77636492256038
STU_012606,69.60882223285495
STU_012607,58.93623603738154
STU_012608,79.9599201855223
STU_012609,66.06661697665342
STU_012610,76.85155233900105
STU_012611,69.63238286646055
STU_012612,64.10608225885017
STU_012613,95.21334461864635
STU_012614,72.50993584034865
STU_012615,75.29203865211936
STU_012616,83.45311094647475
STU_012617,60.06470831351665
STU_012618,90.75485319697924
STU_012619,81.81447385551245
STU_012620,75.3691478374758
STU_012621,90.31408746027371
STU_012622,91.01337190656201
STU_012623,90.72256035949107
STU_012624,81.51852511658483
STU_012625,88.02261858360386
STU_012626,91.7011443967132
STU_012627,82.27638789914356
STU_012628,72.54914421933987
STU_012629,82.65109990159843
STU_012630,68.17993717346626
STU_012631,69.19046174359752
STU_012632,65.85047152663196
STU_012633,80.47038218421191
STU_012634,90.27237476873098
STU_012635,79.8793954075069
STU_012636,74.00196446385118
STU_012637,78.07523996833619
STU_012638,81.75300927439108
STU_012639,94.60601469686657
STU_012640,83.63254341593756
STU_012641,67.33374300133016
STU_012642,65.14743045327116
STU_012643,78.85153266660204
STU_012644,81.78042401191303
STU_012645,56.49609051328265
STU_012646,88.82177363141255
STU_012647,83.57751274707599
STU_012648,67.76603095075271
STU_012649,78.72047361194764
STU_012650,84.42222812137858
STU_012651,79.53543590989632
STU_012652,99.57205400463512
STU_012653,89.31512551238077
STU_012654,80.38684603993835
STU_012655,70.55142614764287
STU_012656,77.69503056119565
STU_012657,95.89521434221516
STU_012658,85.77705462167961
STU_012659,81.18612505699635
STU_012660,73.72130514733925
STU_012661,88.06575602168456
STU_012662,95.06071938010871
STU_012663,68.76196334574013
STU_012664,52.689953286926084
STU_012665,89.43778187362778
STU_012666,59.37156199617699
STU_012667,85.3946223464887
STU_012668,75.93361418664846
STU_012669,65.10402343831063
STU_012670,62.94058463317269
STU_012671,69.90629671608605
STU_012672,62.69608708751697
STU_012673,58.57235787867742
STU_012674,63.31726107402392
STU_012675,72.66451457161513
STU_012676,95.58680591430848
STU_012677,60.67957008385625
STU_012678,71.30645406202522
STU_012679,78.7206565525894
STU_012680,79.2092597962583
STU_012681,74.00407370563701
STU_012682,87.52386033963018
STU_012683,77.24554575379355
STU_012684,85.08352560203912
STU_012685,94.68319075165044
STU_012686,68.85493209602488
STU_012687,80.77798551348836
STU_012688,85.48221386347184
STU_012689,71.49737113098388
STU_012690,62.80492907639783
STU_012691,80.08618409395123
STU_012692,80.43207517866746
STU_012693,86.39019753039635
STU_012694,62.53741132607969
STU_012695,71.2708438012594
STU_012696,63.652380905972464
STU_012697,82.24050411677038
STU_012698,62.72780398399101
STU_012699,76.2752369154941
STU_012700,66.92792870847406
STU_012701,99.97058158435155
STU_012702,73.06034142115442
STU_012703,67.68332047128018
STU_012704,71.09931260735743
STU_012705,63.24000108316724
STU_012706,73.78460439532927
STU_012707,98.00955003842981
STU_012708,56.1794670040093
STU_012709,68.22621267566565
STU_012710,93.48078026939052
STU_012711,69.82876563976919
STU_012712,64.3958892082408
STU_012713,64.97264113742108
STU_012714,87.05187603291388
STU_012715,70.08694431234177
STU_012716,78.86431191522797
STU_012717,68.5832440292388
STU_012718,83.29596231173615
STU_012719,66.64573947031764
STU_012720,80.28520517937243
STU_012721,74.5926416073676
STU_012722,50.701222520634886
STU_012723,80.16290463555461
STU_012724,87.31825925005266
STU_012725,60.35739890652221
STU_012726,54.052197608573735
STU_012727,63.31683098501985
STU_012728,87.21182979270364
STU_012729,62.90181403316538
STU_012730,86.84555473093144
STU_012731,99.0825607557806
STU_012732,79.56171061062719
STU_012733,51.73163568191008
STU_012734,84.5061293722503
STU_012735,64.08039079911852
STU_012736,100.0
STU_012737,73.01071087652909
STU_012738,81.76300775104312
STU_012739,76.82869983139577
STU_012740,85.70466082317301
STU_012741,52.18557108825412
STU_012742,66.31328068774562
STU_012743,78.18608651625962
STU_012744,79.73707328813188
STU_012745,61.10698900232765
STU_012746,83.17262370220989
STU_012747,62.65281552571368
STU_012748,91.14507002374083
STU_012749,84.11958928325818
STU_012750,68.40684745740388
STU_012751,52.96733594092217
STU_012752,72.94288855147337
STU_012753,69.64526864694317
STU_012754,59.09286438019317
STU_012755,87.99424228674877
STU_012756,60.947766287473314
STU_012757,47.75319838888146
STU_012758,90.60958906485283
STU_012759,57.35532649276047
STU_012760,76.90025461224819
STU_012761,56.66345106752239
STU_012762,84.90341388675853
STU_012763,97.73537393987998
STU_012764,95.83378803257533
STU_012765,88.26454242526883
STU_012766,62.54945051911403
STU_012767,96.1490796186218
STU_012768,83.61231355721068
STU_012769,70.63472265833177
STU_012770,54.37225033202523
STU_012771,54.482759748973294
STU_012772,99.38684273318827
STU_012773,61.099255868184
STU_012774,77.40837658304
STU_012775,62.92102391282014
STU_012776,77.40791892224759
STU_012777,48.66071016504764
STU_012778,71.88687142860088
STU_012779,73.81833906302579
STU_012780,70.4988941453497
STU_012781,85.37751021353574
STU_012782,53.31242583803592
STU_012783,98.41988815158118
STU_012784,53.804913919569984
STU_012785,72.16232213062271
STU_012786,52.917784517071205
STU_012787,66.90749183986878
STU_012788,91.76526997211357
STU_012789,76.26523393725584
STU_012790,99.03132079492025
STU_012791,82.37604079733416
STU_012792,67.28877632272324
STU_012793,88.08533671712442
STU_012794,74.78507549567475
STU_012795,92.21226942356479
STU_012796,68.63202535079972
STU_012797,59.644559899659455
STU_012798,98.12433720327306
STU_012799,82.7461475720551
STU_012800,50.037241587996036
STU_012801,67.35133152913549
STU_012802,70.58884034043164
STU_012803,91.36732010045176
STU_012804,65.42248206168982
STU_012805,73.99050240310086
STU_012806,78.53306493389259
STU_012807,61.62253735930132
STU_012808,81.94195484468025
STU_012809,84.56161442640655
STU_012810,86.06446180211952
STU_012811,78.89283961262173
STU_012812,66.6535592438687
STU_012813,80.15986014045154
STU_012814,65.42008072369732
STU_012815,68.57797345143833
STU_012816,80.74984130390212
STU_012817,66.46619691892613
STU_012818,89.48397113472066
STU_012819,54.56221824545264
STU_012820,85.06327264511576
STU_012821,72.54590818966301
STU_012822,88.08027950169523
STU_012823,79.29552829164973
STU_012824,80.08013889440763
STU_012825,60.30685732326923
STU_012826,85.48169078059765
STU_012827,61.6963133630305
STU_012828,89.37130755366235
STU_012829,72.97727960717481
STU_012830,79.27299872255583
STU_012831,64.64702495618323
STU_012832,97.27811292154908
STU_012833,88.54463529774819
STU_012834,72.47015567890791
STU_012835,69.25875636024395
STU_012836,80.5813448438837
STU_012837,63.63465355787723
STU_012838,62.4345584044415
STU_012839,65.73706043509992
STU_012840,89.50138191182057
STU_012841,69.84164247094387
STU_012842,74.42851384517307
STU_012843,79.08865051851629
STU_012844,77.84557113049132
STU_012845,62.535958844557626
STU_012846,73.24675167967143
STU_012847,76.33316273198542
STU_012848,76.54715893845913
STU_012849,88.52183312250267
STU_012850,78.85628333890092
STU_012851,83.88730407678237
STU_012852,87.9521371870727
STU_012853,60.28675132863957
STU_012854,86.21005068519679
STU_012855,81.06612285587983
STU_012856,68.9688580148707
STU_012857,99.32268180719798
STU_012858,84.90188964417362
STU_012859,63.6923518359513
STU_012860,85.9320287602483
STU_012861,68.04564833335138
STU_012862,77.96207980785353
STU_012863,94.36982380246548
STU_012864,77.73059443510442
STU_012865,66.08351085229762
STU_012866,74.7015132381062
STU_012867,89.68110082321833
STU_012868,80.78892124535905
STU_012869,64.83194004537036
STU_012870,83.46766885809427
STU_012871,89.90195271315604
STU_012872,88.33209886710281
STU_012873,60.808321382737944
STU_012874,77.50934229578476
STU_012875,71.78840009626984
STU_012876,51.78393587002303
STU_012877,78.52669687476363
STU_012878,98.18255620259177
STU_012879,78.05203797369258
STU_012880,82.99390367902627
STU_012881,98.8379400496726
STU_012882,89.00509749165565
STU_012883,62.1872703382264
STU_012884,79.60723605358386
STU_012885,75.53431930887236
STU_012886,57.409964365388554
STU_012887,72.50776647684236
STU_012888,70.7160635861714
STU_012889,68.17419072880375
STU_012890,67.02193748331308
STU_012891,73.36846429757915
STU_012892,71.9132515758854
STU_012893,86.92199021790519
STU_012894,73.38803005918588
STU_012895,95.44933149994499
STU_012896,72.24953088878058
STU_012897,76.87969814514909
STU_012898,87.86245605587868
STU_012899,80.62310306370695
STU_012900,78.40936362580359
STU_012901,68.07528795894197
STU_012902,86.49355639370043
STU_012903,66.05509158546855
STU_012904,84.6429842303749
STU_012905,60.854226485053324
STU_012906,99.03131769005878
STU_012907,49.54237264664677
STU_012908,87.93215190358887
STU_012909,65.17804598049263
STU_012910,34.76082870486556
STU_012911,81.75120258946899
STU_012912,51.95813792057271
STU_012913,59.43128284846238
STU_012914,72.54928808772723
STU_012915,57.25080758088919
STU_012916,67.94485734490418
STU_012917,96.83373493448981
STU_012918,56.724616717433975
STU_012919,97.43314637695099
STU_012920,81.85454990981364
STU_012921,59.694468709937
STU_012922,76.9765199832201
STU_012923,64.5108500796874
STU_012924,73.26830043422069
STU_012925,73.25333975131687
STU_012926,62.01139682540159
STU_012927,86.73432103629423
STU_012928,63.71465938829275
STU_012929,63.92855747916917
STU_012930,68.37396096455011
STU_012931,87.40118324886802
STU_012932,64.58996242379236
STU_012933,69.8659122822479
STU_012934,70.61329103505528
STU_012935,65.10327252478785
STU_012936,65.48733606445037
STU_012937,74.05258627149159
STU_012938,90.20115869349266
STU_012939,49.70125289708048
STU_012940,68.02101888161795
STU_012941,56.07616890331276
STU_012942,73.18225932454412
STU_012943,71.06182744356579
STU_012944,79.02617395447719
STU_012945,89.61769871147192
STU_012946,54.27585608821323
STU_012947,73.16690076626375
STU_012948,87.51824844417396
STU_012949,99.51267439268686
STU_012950,77.3698759721848
STU_012951,88.58406657195854
STU_012952,73.1268366260024
STU_012953,81.05594007552904
STU_012954,80.86682656438182
STU_012955,86.02490870231578
STU_012956,71.7743123597584
STU_012957,67.28464963472052
STU_012958,74.42142849679207
STU_012959,80.565716767686
STU_012960,81.2033556029566
STU_012961,82.59146601572395
STU_012962,56.085096848786456
STU_012963,67.64814809648297
STU_012964,88.29382089316364
STU_012965,74.86424820838097
STU_012966,75.42604619360067
STU_012967,73.1049595270273
STU_012968,73.14458440738758
STU_012969,75.43662654186716
STU_012970,54.792042998270134
STU_012971,75.98426534978017
STU_012972,78.88134566361418
STU_012973,53.78932138566622
STU_012974,57.561901960643254
STU_012975,54.31145228110131
STU_012976,83.18748796182255
STU_012977,78.40698684018693
STU_012978,90.10689606374186
STU_012979,67.98255932452196
STU_012980,70.48381852410638
STU_012981,91.58745388841918
STU_012982,67.70562703294277
STU_012983,97.01921190298037
STU_012984,56.04201277278252
STU_012985,67.06007596018996
STU_012986,62.59120225298975
STU_012987,52.64110200019492
STU_012988,90.03542068518064
STU_012989,96.87241132394865
STU_012990,61.41006149484474
STU_012991,68.91768133121514
STU_012992,51.758074603079294
STU_012993,100.0
STU_012994,78.87137888350007
STU_012995,62.61520232390542
STU_012996,57.45049775167068
STU_012997,84.19862563967759
STU_012998,77.62435979551474
STU_012999,92.44913831005456
STU_013000,88.94619899833565
STU_013001,100.0
STU_013002,83.85830259267148
STU_013003,76.38172218286466
STU_013004,88.81225189748997
STU_013005,75.48488931987416
STU_013006,76.47728230606943
STU_013007,73.82328202873906
STU_013008,84.9191797649894
STU_013009,85.82523825983841
STU_013010,74.706396299723
STU_013011,54.13732808941518
STU_013012,59.51714458729763
STU_013013,88.01340264750809
STU_013014,88.23355427079223
STU_013015,82.85981115097438
STU_013016,60.40455952605366
STU_013017,91.79609461278605
STU_013018,81.0126306129241
STU_013019,88.57685518826688
STU_013020,60.29550677213838
STU_013021,69.83096691800405
STU_013022,98.53652112241359
STU_013023,78.6023814630938
STU_013024,85.3941041834306
STU_013025,70.24323263539372
STU_013026,69.90232257787031
STU_013027,72.55385556540233
STU_013028,83.67810086830121
STU_013029,74.91366725849916
STU_013030,76.48716957877917
STU_013031,67.06205978528277
STU_013032,100.0
STU_013033,70.86561975446999
STU_013034,98.21099229795237
STU_013035,94.9179836336786
STU_013036,59.134424564420506
STU_013037,87.9948821548158
STU_013038,76.79713402721231
STU_013039,85.46923178608982
STU_013040,98.74743758544417
STU_013041,77.93329731007465
STU_013042,62.29441915008255
STU_013043,95.97962125425856
STU_013044,69.07433923539386
STU_013045,84.49042640458413
STU_013046,63.76099958129507
STU_013047,71.15321867696652
STU_013048,93.40990966202249
STU_013049,84.44823464999479
STU_013050,81.34787868866128
STU_013051,91.89234115081489
STU_013052,68.41723371666059
STU_013053,70.63501406031254
STU_013054,64.8241174355939
STU_013055,87.84066572630682
STU_013056,82.16122739016528
STU_013057,53.536302955843524
STU_013058,60.911785009644134
STU_013059,90.38716533161039
STU_013060,63.91355624034278
STU_013061,56.97688269187539
STU_013062,99.65593462898067
STU_013063,84.14058126153236
STU_013064,60.977161068007064
STU_013065,51.911565804400524
STU_013066,99.95857802633716
STU_013067,80.15524095298778
STU_013068,89.12558110470346
STU_013069,98.4352214976312
STU_013070,62.545928059252056
STU_013071,81.11815737931988
STU_013072,84.91940439210433
STU_013073,71.4667025444752
STU_013074,69.12920264031543
STU_013075,51.73565354450082
STU_013076,76.83163959446594
STU_013077,90.59006675452167
STU_013078,71.14570085659957
STU_013079,87.42265149457756
STU_013080,73.00346197034332
STU_013081,73.26749100722881
STU_013082,58.014388135838615
STU_013083,64.10556518689816
STU_013084,71.00244469785677
STU_013085,79.19205922883623
STU_013086,81.14951315671266
STU_013087,65.53560983653358
STU_013088,81.3641322600912
STU_013089,63.51034436081568
STU_013090,98.69100198074872
STU_013091,60.977332959814646
STU_013092,65.36645020123406
STU_013093,84.29250488715269
STU_013094,88.82194580040473
STU_013095,73.66897014438122
STU_013096,77.91152789999418
STU_013097,82.875192001721
STU_013098,83.9322442134687
STU_013099,59.547174272112116
STU_013100,76.72677016404505
STU_013101,83.01956882579398
STU_013102,96.26419845520131
STU_013103,72.68853809694973
STU_013104,78.40157343959999
STU_013105,59.46664874422877
STU_013106,90.51337198730425
STU_013107,57.73374884218627
STU_013108,95.10739124170107
STU_013109,84.96838627169312
STU_013110,59.45504421391343
STU_013111,100.0
STU_013112,97.26809260381893
STU_013113,76.20038343439512
STU_013114,64.1624023442835
STU_013115,75.4000658347587
STU_013116,58.674722925620244
STU_013117,66.46861736911318
STU_013118,71.42992063420459
STU_013119,82.28682586414838
STU_013120,64.17956227054468
STU_013121,91.39259984029502
STU_013122,74.5917930092979
STU_013123,95.14329460125231
STU_013124,95.90445394866651
STU_013125,88.10033949306248
STU_013126,66.23001708837624
STU_013127,71.21143431476267
STU_013128,83.9955913506006
STU_013129,77.52357061798675
STU_013130,98.70612893051099
STU_013131,51.498650243213284
STU_013132,81.107285254256
STU_013133,98.94025237723477
STU_013134,69.57580418844185
STU_013135,71.53414795545962
STU_013136,69.3380299320544
STU_013137,84.64175995337263
STU_013138,73.68256159200435
STU_013139,78.2873462213599
STU_013140,99.97669315155626
STU_013141,76.19445552552278
STU_013142,59.5506851892101
STU_013143,73.7317386313871
STU_013144,64.12530315152233
STU_013145,60.22145739188687
STU_013146,53.83121891481035
STU_013147,78.75675808209213
STU_013148,72.4022541750544
STU_013149,84.69137839216003
STU_013150,80.05089267929458
STU_013151,76.43003890898335
STU_013152,85.09257756587037
STU_013153,69.79250286224897
STU_013154,80.09182596304953
STU_013155,97.91065929394003
STU_013156,76.24216165256409
STU_013157,73.63206302372426
STU_013158,87.69768571266069
STU_013159,79.00477438323394
STU_013160,65.02977585423659
STU_013161,63.25288033237465
STU_013162,59.43527436170374
STU_013163,88.4428277309329
STU_013164,68.53209903632967
STU_013165,69.82400232285032
STU_013166,50.19591678274166
STU_013167,94.18067756344166
STU_013168,74.51714310832935
STU_013169,74.78759882512199
STU_013170,74.45691963108148
STU_013171,81.60986252383375
STU_013172,66.06510959239236
STU_013173,85.25669847930988
STU_013174,60.51448898650734
STU_013175,52.83369094034781
STU_013176,92.8215480640839
STU_013177,62.20154191991294
STU_013178,89.04887190860123
STU_013179,69.0246912179161
STU_013180,87.95915192524328
STU_013181,82.41740653806949
STU_013182,68.61861568560536
STU_013183,77.50047744791236
STU_013184,74.83598386895646
STU_013185,68.97784984155871
STU_013186,58.7239443078887
STU_013187,66.5796916140118
STU_013188,94.57254876211235
STU_013189,98.39927486134309
STU_013190,77.29617496672071
STU_013191,95.64838311012231
STU_013192,82.88901876534824
STU_013193,81.96454344290319
STU_013194,98.42523966901196
STU_013195,85.33189118906884
STU_013196,78.11094463944198
STU_013197,51.308594372270846
STU_013198,67.7473330973491
STU_013199,81.0830485530484
STU_013200,49.12579086318765
STU_013201,78.81842275909709
STU_013202,61.83210833203555
STU_013203,74.24256187915213
STU_013204,62.546007267854705
STU_013205,80.97199948174257
STU_013206,65.27905745994207
STU_013207,70.051478442996
STU_013208,68.93320081807619
STU_013209,76.26447057583404
STU_013210,55.51401937379171
STU_013211,72.5035908366314
STU_013212,57.72290078432573
STU_013213,75.01743641115246
STU_013214,94.83883197178805
STU_013215,48.81020790651873
STU_013216,99.96900099267518
STU_013217,93.78836226919836
STU_013218,68.99877989493848
STU_013219,86.16815282315245
STU_013220,98.47247001428357
STU_013221,65.81286370917017
STU_013222,67.37920236428026
STU_013223,89.52823505060483
STU_013224,70.36101318180489
STU_013225,50.054477113529884
STU_013226,81.31715705446234
STU_013227,88.80714702817677
STU_013228,65.94637169076447
STU_013229,65.56156076530787
STU_013230,72.31291348445689
STU_013231,62.223737796098874
STU_013232,67.64160074946318
STU_013233,90.1002748595092
STU_013234,64.32907013770462
STU_013235,69.49896812948319
STU_013236,91.65041240113281
STU_013237,66.45104645480072
STU_013238,75.07663067706197
STU_013239,72.12761419643854
STU_013240,61.73163055679102
STU_013241,64.87524875157004
STU_013242,75.20234210828376
STU_013243,63.34292719304784
STU_013244,69.69316324775374
STU_013245,66.63139122432752
STU_013246,68.94661959020516
STU_013247,98.92668587851685
STU_013248,91.18979220875066
STU_013249,46.77721309179787
STU_013250,76.72565859178921
STU_013251,83.75832639610242
STU_013252,85.40953873552671
STU_013253,63.16415349315645
STU_013254,97.8996428848805
STU_013255,75.86593455665444
STU_013256,67.18509701894726
STU_013257,77.81637417630365
STU_013258,65.5381819162027
STU_013259,58.97540708778364
STU_013260,71.76168252140567
STU_013261,70.3636915988983
STU_013262,55.188936775699204
STU_013263,56.67982115133154
STU_013264,94.61334393167527
STU_013265,74.65969719753292
STU_013266,70.25251089207003
STU_013267,72.80002833141293
STU_013268,60.544963329635465
STU_013269,81.08290313383249
STU_013270,97.03404035728177
STU_013271,66.87216971475763
STU_013272,80.50901505979179
STU_013273,67.1319076867019
STU_013274,73.99996218807821
STU_013275,66.5727093657259
STU_013276,61.51450105435825
STU_013277,63.537190416611914
STU_013278,61.85291662952106
STU_013279,57.860406076140976
STU_013280,93.6904855949812
STU_013281,94.47982856425236
STU_013282,93.24209568683659
STU_013283,77.12128916634427
STU_013284,76.77008823325072
STU_013285,71.30794073099756
STU_013286,66.4062503049231
STU_013287,96.88512028841461
STU_013288,83.71930770363771
STU_013289,97.36127274945127
STU_013290,77.30425232450199
STU_013291,85.03461221355313
STU_013292,87.00429552533922
STU_013293,71.09304246760419
STU_013294,86.6834163541411
STU_013295,71.60127438875641
STU_013296,80.01080599168239
STU_013297,75.33569680429896
STU_013298,53.92169412670145
STU_013299,84.09179709526104
STU_013300,73.50921951672414
STU_013301,88.30285158246521
STU_013302,85.93565831690228
STU_013303,88.56661922410835
STU_013304,82.00573896571937
STU_013305,69.53282320174893
STU_013306,67.93077090475022
STU_013307,77.1854868148425
STU_013308,95.63538604935701
STU_013309,68.41408710933842
STU_013310,60.00386384345137
STU_013311,90.55532807796185
STU_013312,53.95903927252672
STU_013313,66.09251057052384
STU_013314,73.80538397335938
STU_013315,72.51084873390066
STU_013316,79.13030419864121
STU_013317,72.22320460666663
STU_013318,48.95502920751207
STU_013319,71.4516510840007
STU_013320,80.55192770416127
STU_013321,76.40553729074603
STU_013322,99.70443994542615
STU_013323,94.5655145651177
STU_013324,84.2274636253095
STU_013325,77.32804681169813
STU_013326,77.75171009039666
STU_013327,74.93036130137054
STU_013328,69.24792810663192
STU_013329,86.92772507132581
STU_013330,63.50101603439751
STU_013331,75.62238730719255
STU_013332,67.33152609205726
STU_013333,61.263203395930056
STU_013334,69.16146404873419
STU_013335,64.08882796974301
STU_013336,82.07642904617761
STU_013337,50.59370906865801
STU_013338,65.87617018093579
STU_013339,72.28212928958769
STU_013340,94.00250756954772
STU_013341,73.9882028093513
STU_013342,88.54316987121567
STU_013343,68.42491094415827
STU_013344,78.50052874063664
STU_013345,63.62886525590847
STU_013346,97.63565568023127
STU_013347,77.15293703501315
STU_013348,82.95447433727958
STU_013349,99.39579586628955
STU_013350,62.079840921655034
STU_013351,81.38524127004904
STU_013352,70.98827737565497
STU_013353,61.29649453196387
STU_013354,56.999034288612435
STU_013355,85.16113704197645
STU_013356,63.4137209533336
STU_013357,68.49982218437225
STU_013358,70.12113182641575
STU_013359,72.17707122388774
STU_013360,72.88351469640058
STU_013361,71.35622312410302
STU_013362,90.76531483531421
STU_013363,74.44524889724335
STU_013364,69.70234597114776
STU_013365,85.84674609856603
STU_013366,98.97239178375659
STU_013367,81.45136434828888
STU_013368,87.13448665778351
STU_013369,53.92542725282361
STU_013370,80.25272964948186
STU_013371,68.64376084427981
STU_013372,77.72717739392681
STU_013373,75.4670265955609
STU_013374,91.94540409052895
STU_013375,86.98032802702696
STU_013376,42.69357399671607
STU_013377,79.64459032800342
STU_013378,66.02050035331676
STU_013379,80.44633739635105
STU_013380,86.84135820738547
STU_013381,96.80420057208738
STU_013382,98.84913716031039
STU_013383,59.61069779286072
STU_013384,63.93701426134488
STU_013385,62.87034419063888
STU_013386,98.73600171691646
STU_013387,55.19293870416716
STU_013388,80.89881733571661
STU_013389,66.08977056599775
STU_013390,66.32712907644459
STU_013391,86.24867545809718
STU_013392,97.9490472980984
STU_013393,69.86597056369307
STU_013394,98.63644397836451
STU_013395,62.13780465746917
STU_013396,66.06422213777333
STU_013397,99.91925251269858
STU_013398,91.5224452492551
STU_013399,59.17992338731035
STU_013400,63.670035074732965
STU_013401,100.0
STU_013402,73.86768158398873
STU_013403,93.94266339092869
STU_013404,62.5541905349926
STU_013405,78.53775655053276
STU_013406,99.93496802344502
STU_013407,70.29868222526903
STU_013408,63.11557249719929
STU_013409,61.66058404672265
STU_013410,75.44061858610502
STU_013411,63.614421589757214
STU_013412,66.32677378028345
STU_013413,77.30822484014054
STU_013414,83.95859334990908
STU_013415,74.03317922251281
STU_013416,56.80276579147456
STU_013417,79.28828248429166
STU_013418,49.51820800122785
STU_013419,62.80295626295538
STU_013420,98.7751077268677
STU_013421,99.46855957441574
STU_013422,90.85933656060584
STU_013423,55.14025312757384
STU_013424,97.60346861421762
STU_013425,79.02377315322026
STU_013426,50.92844713825595
STU_013427,68.07672633301223
STU_013428,72.97239494940028
STU_013429,92.47861528049316
STU_013430,65.7128759893763
STU_013431,64.46741032819872
STU_013432,78.76339983497107
STU_013433,92.7711808074244
STU_013434,92.19986786431764
STU_013435,90.4131158651915
STU_013436,75.01719175505534
STU_013437,73.55214226898939
STU_013438,76.48688280146419
STU_013439,90.3287551447452
STU_013440,75.23894798087088
STU_013441,95.12372081233926
STU_013442,98.71287280037703
STU_013443,69.77798930291694
STU_013444,83.54977772089771
STU_013445,80.26758006354723
STU_013446,93.23687591812448
STU_013447,87.07993358727114
STU_013448,82.50381146859122
STU_013449,74.63050507139293
STU_013450,95.45039026423831
STU_013451,71.88702177019906
STU_013452,79.68171778902114
STU_013453,79.17227933664347
STU_013454,66.76700249507697
STU_013455,98.11468291120147
STU_013456,71.9077821874263
STU_013457,68.87624613712202
STU_013458,74.96273003369505
STU_013459,60.93609035621971
STU_013460,59.5869393244469
STU_013461,76.89622630061838
STU_013462,55.259390196260966
STU_013463,81.18266997021271
STU_013464,61.00307596518384
STU_013465,64.8751811445297
STU_013466,88.52135285635005
STU_013467,60.293159461738554
STU_013468,91.76973873365661
STU_013469,75.50922751161612
STU_013470,90.45611582071336
STU_013471,82.80223113536968
STU_013472,81.96493580225425
STU_013473,65.10577660388259
STU_013474,80.06471819746537
STU_013475,86.82756061652533
STU_013476,77.2813636951349
STU_013477,64.62790064495707
STU_013478,77.39697865784996
STU_013479,70.8186250899784
STU_013480,81.81024665361949
STU_013481,75.42015750997099
STU_013482,76.42810023680187
STU_013483,77.6833587204281
STU_013484,85.76805778484987
STU_013485,92.48375306520212
STU_013486,54.73772510603372
STU_013487,81.68663888781995
STU_013488,78.55087134219983
STU_013489,72.5283801603593
STU_013490,78.54137759770578
STU_013491,83.1473684750903
STU_013492,77.36745597994431
STU_013493,63.83994202852293
STU_013494,72.01731040317745
STU_013495,82.72098090720186
STU_013496,85.14112782979153
STU_013497,48.5425447310318
STU_013498,71.6961864727121
STU_013499,84.54090524030808
STU_013500,65.5325757108374
STU_013501,85.38649963378143
STU_013502,80.43822506409299
STU_013503,70.0575021009097
STU_013504,87.2455071106622
STU_013505,70.01652169772125
STU_013506,96.46471700840348
STU_013507,62.47659871246407
STU_013508,77.22040447312278
STU_013509,87.92391683541416
STU_013510,65.05286047288548
STU_013511,81.88725704555848
STU_013512,71.1368890597575
STU_013513,49.722932251072564
STU_013514,87.12161322470509
STU_013515,69.63402330975246
STU_013516,100.0
STU_013517,80.33377248570504
STU_013518,73.08219504499979
STU_013519,99.97639487910769
STU_013520,73.29990555510275
STU_013521,64.82350826569396
STU_013522,62.05376536215262
STU_013523,94.66270678140184
STU_013524,75.63807268524297
STU_013525,70.72980470777901
STU_013526,78.35887503094843
STU_013527,66.78315241752077
STU_013528,57.539210588586336
STU_013529,97.76844507281066
STU_013530,72.33288184649234
STU_013531,96.55998541756702
STU_013532,57.79930293810108
STU_013533,72.64396145436574
STU_013534,92.8121731456241
STU_013535,95.42154382069154
STU_013536,87.49167357620468
STU_013537,75.54432034175575
STU_013538,97.53050732526856
STU_013539,67.57623747824033
STU_013540,100.0
STU_013541,68.05384782791059
STU_013542,84.84805504250033
STU_013543,72.09936997508558
STU_013544,75.65868970997221
STU_013545,87.3484939131904
STU_013546,99.0180750341284
STU_013547,98.18354746102891
STU_013548,79.17788170736088
STU_013549,61.678556731395176
STU_013550,72.4416845413642
STU_013551,66.3626716324086
STU_013552,80.69504913468711
STU_013553,71.71094972420862
STU_013554,70.4489120090804
STU_013555,58.989481197261725
STU_013556,88.41827676632437
STU_013557,65.31314277739436
STU_013558,67.51419933397946
STU_013559,82.56717780377137
STU_013560,51.96348152976723
STU_013561,69.72282632230682
STU_013562,91.3736555086747
STU_013563,85.42759670680117
STU_013564,58.607080332113625
STU_013565,83.44759671030423
STU_013566,70.97446131235631
STU_013567,96.47833149644217
STU_013568,72.1730244513085
STU_013569,73.90678573401297
STU_013570,70.83342218294636
STU_013571,71.44575293339723
STU_013572,58.05662556311958
STU_013573,64.8861434915768
STU_013574,75.73373807035576
STU_013575,54.166089343734484
STU_013576,69.2411678548593
STU_013577,61.90660727219863
STU_013578,71.12893322576323
STU_013579,75.05076227104902
STU_013580,85.08611206031279
STU_013581,56.37498751507265
STU_013582,77.4592351213262
STU_013583,68.82485163077214
STU_013584,72.2105528385503
STU_013585,62.014645377416755
STU_013586,61.18819153346317
STU_013587,98.65263317199356
STU_013588,69.71168886410838
STU_013589,75.22057837637925
STU_013590,78.532682710268
STU_013591,90.86264107843334
STU_013592,99.53086599002197
STU_013593,95.32974772019342
STU_013594,68.96680413679825
STU_013595,60.72228525626259
STU_013596,83.92970076861423
STU_013597,67.03723088136711
STU_013598,74.88178163737304
STU_013599,70.97067879172045
STU_013600,98.2440628233333
STU_013601,68.65966005345445
STU_013602,63.13447296984607
STU_013603,95.13388133860181
STU_013604,66.37692348400451
STU_013605,89.52255227478564
STU_013606,72.41444290343478
STU_013607,43.23309038082473
STU_013608,82.06662568671649
STU_013609,78.16251691916881
STU_013610,94.10516879612143
STU_013611,96.42243091338567
STU_013612,61.16945167308501
STU_013613,73.23728901758481
STU_013614,52.49668730137689
STU_013615,85.05158337205106
STU_013616,83.77719236113182
STU_013617,64.83455612258903
STU_013618,61.61058203801156
STU_013619,67.21486305899397
STU_013620,74.04044634182131
STU_013621,72.65220458423298
STU_013622,61.25586653436601
STU_013623,51.2175535252662
STU_013624,51.505948847696146
STU_013625,80.99523007794241
STU_013626,79.44332847033475
STU_013627,87.04314067512145
STU_013628,96.75283332809516
STU_013629,83.6405576380618
STU_013630,73.35219013315458
STU_013631,65.69957860117927
STU_013632,56.88409567279894
STU_013633,97.46829512344988
STU_013634,67.61552425548825
STU_013635,99.81389561531972
STU_013636,70.17192308422808
STU_013637,76.54984844075196
STU_013638,80.81063395248411
STU_013639,65.61947257481475
STU_013640,77.48351638022773
STU_013641,90.64786545260141
STU_013642,73.523596186987
STU_013643,81.69792755704917
STU_013644,61.66947453703173
STU_013645,73.67230703431312
STU_013646,92.96001230243415
STU_013647,79.23774417971144
STU_013648,99.45715315637108
STU_013649,76.37014365568115
STU_013650,93.40195121230117
STU_013651,70.32674807877558
STU_013652,67.95872501845274
STU_013653,92.5961252875444
STU_013654,76.21469359472177
STU_013655,76.43410901857871
STU_013656,98.05877095625837
STU_013657,57.75219202199076
STU_013658,82.64454558348297
STU_013659,67.0494246628989
STU_013660,65.98542923589316
STU_013661,76.3680147519992
STU_013662,82.57840004935824
STU_013663,74.55836210164804
STU_013664,90.57066383107073
STU_013665,78.24108891179254
STU_013666,83.87814154182767
STU_013667,59.4715093911243
STU_013668,89.80038056893378
STU_013669,62.86593445204649
STU_013670,85.82323153139163
STU_013671,100.0
STU_013672,69.06886274817114
STU_013673,96.71466268052286
STU_013674,74.02854166768091
STU_013675,59.45624999588331
STU_013676,74.70325510468192
STU_013677,84.06493655162679
STU_013678,69.52262954871088
STU_013679,68.2103451964246
STU_013680,53.378999324030005
STU_013681,98.91888244118522
STU_013682,41.797272702911734
STU_013683,57.85798412432913
STU_013684,73.48929294988326
STU_013685,87.52911054552173
STU_013686,94.3994376791512
STU_013687,72.8553648847128
STU_013688,64.82226197738672
STU_013689,97.05410957351081
STU_013690,90.45733652923684
STU_013691,63.8697379259995
STU_013692,61.59394393916716
STU_013693,86.76246316331691
STU_013694,77.50356267329214
STU_013695,71.55256845710606
STU_013696,99.08887363992994
STU_013697,70.18162453992908
STU_013698,63.312332587352714
STU_013699,66.69898235260621
STU_013700,79.82614747328442
STU_013701,80.80488233405225
STU_013702,94.12905840461869
STU_013703,67.53606935919524
STU_013704,76.20738189619217
STU_013705,87.79303333557621
STU_013706,72.64964828233974
STU_013707,68.83730743908266
STU_013708,60.19926790804055
STU_013709,90.6834122356185
STU_013710,80.89981399424711
STU_013711,98.83927558739029
STU_013712,71.70864205192254
STU_013713,61.48941196644313
STU_013714,65.91150097506728
STU_013715,97.40811129267433
STU_013716,69.79372836488415
STU_013717,56.327405560819855
STU_013718,83.87577433228293
STU_013719,74.69935949474294
STU_013720,51.37082206742016
STU_013721,57.68941594960806
STU_013722,82.29891108523516
STU_013723,85.0176971738709
STU_013724,90.4378840478503
STU_013725,74.37535291060381
STU_013726,64.30107769092764
STU_013727,69.24228272964115
STU_013728,95.97990551726734
STU_013729,91.69197431356065
STU_013730,79.27827613678862
STU_013731,93.62786407269621
STU_013732,75.99617601721437
STU_013733,83.23892170033815
STU_013734,56.81900838629349
STU_013735,68.50495986214816
STU_013736,99.69060787784503
STU_013737,76.32098319402496
STU_013738,75.407049399676
STU_013739,71.06587583147406
STU_013740,84.34380352539414
STU_013741,77.31336272788408
STU_013742,94.16875168332675
STU_013743,93.20112835400028
STU_013744,71.63490737817386
STU_013745,93.83285340723964
STU_013746,85.66387280439437
STU_013747,94.69724813427648
STU_013748,72.43524240403994
STU_013749,94.45957936640151
STU_013750,76.1000294761055
STU_013751,75.18982473971099
STU_013752,77.37767381444762
STU_013753,82.68088605457396
STU_013754,71.84041284419504
STU_013755,64.68081490991759
STU_013756,64.33953250365296
STU_013757,99.48353031921684
STU_013758,93.40987246140912
STU_013759,55.83858867452229
STU_013760,57.47552565682432
STU_013761,97.60748134627588
STU_013762,80.74113647081826
STU_013763,75.59678616534843
STU_013764,59.912082094205175
STU_013765,63.89032482969256
STU_013766,82.43045297439465
STU_013767,90.35974375153643
STU_013768,67.57017102752772
STU_013769,55.99295599487189
STU_013770,90.03773982398671
STU_013771,95.48958252375243
STU_013772,64.95791564681302
STU_013773,67.28573932482504
STU_013774,75.00265324242991
STU_013775,73.74727963794285
STU_013776,58.75584165480275
STU_013777,76.61057277466291
STU_013778,92.73567819565834
STU_013779,95.84355939828183
STU_013780,69.63302762151523
STU_013781,59.792437622691864
STU_013782,78.43802757266116
STU_013783,87.7790209665299
STU_013784,74.95497764297828
STU_013785,69.23095702420105
STU_013786,76.673073833744
STU_013787,98.76776488468886
STU_013788,54.11565305757853
STU_013789,83.93792682798244
STU_013790,62.998098239682434
STU_013791,85.23651730947388
STU_013792,99.98818378561407
STU_013793,73.10829245963616
STU_013794,69.77896065769923
STU_013795,77.33608323548913
STU_013796,68.87516707990173
STU_013797,86.12609994177488
STU_013798,60.417617980202266
STU_013799,77.5285287563851
STU_013800,82.71896461124392
STU_013801,99.7468762748861
STU_013802,78.4919217097745
STU_013803,70.68695868135954
STU_013804,77.95864173239896
STU_013805,80.7443482022533
STU_013806,67.48943357702191
STU_013807,82.88281107873311
STU_013808,73.14157988186938
STU_013809,73.76650488561766
STU_013810,86.46509640855552
STU_013811,66.17858299353202
STU_013812,78.45649369395387
STU_013813,69.32391703339721
STU_013814,66.09969441607923
STU_013815,75.7191938041838
STU_013816,69.89000867523808
STU_013817,81.95285370331047
STU_013818,57.835800586514196
STU_013819,89.91499171475442
STU_013820,74.0218412898553
STU_013821,71.20761184999955
STU_013822,93.35509686030805
STU_013823,84.13232865506339
STU_013824,69.04073441061561
STU_013825,61.61934160993215
STU_013826,85.20558036352679
STU_013827,73.51529989999413
STU_013828,87.03512421187446
STU_013829,81.35774396103031
STU_013830,85.3791540758668
STU_013831,80.04140646953354
STU_013832,92.7319800084943
STU_013833,83.61596852586732
STU_013834,68.17195945681875
STU_013835,79.24133259697788
STU_013836,65.47504542180954
STU_013837,98.4589351506166
STU_013838,56.6188335641415
STU_013839,59.76352375383612
STU_013840,55.3297904815811
STU_013841,99.18759239379483
STU_013842,75.0172611168804
STU_013843,74.79405664367157
STU_013844,71.96826251142332
STU_013845,93.48099820907665
STU_013846,86.18660179365509
STU_013847,42.694236502686245
STU_013848,100.0
STU_013849,56.10411298562454
STU_013850,69.1045191707898
STU_013851,66.88421839344117
STU_013852,90.9267940508628
STU_013853,69.38647093772533
STU_013854,80.87959612651663
STU_013855,76.54282410041338
STU_013856,55.58096765257772
STU_013857,74.90543877835215
STU_013858,81.52290712576709
STU_013859,78.87345764141656
STU_013860,69.21618549078116
STU_013861,71.58884646033239
STU_013862,82.10697709209161
STU_013863,84.47544059359478
STU_013864,67.03594208414563
STU_013865,89.20507785953751
STU_013866,59.213119177518266
STU_013867,72.75230596208017
STU_013868,94.0219320800764
STU_013869,72.31495485074787
STU_013870,48.09291764983573
STU_013871,70.80311760516582
STU_013872,99.43667738226769
STU_013873,68.43753813077663
STU_013874,68.80459562718096
STU_013875,60.31521099296903
STU_013876,79.40084513908499
STU_013877,53.48962966865207
STU_013878,58.147405977819034
STU_013879,63.30063837241139
STU_013880,95.2549850769814
STU_013881,68.22239635962129
STU_013882,78.48551486741881
STU_013883,68.06763212576067
STU_013884,80.76075402519685
STU_013885,89.49392828155106
STU_013886,87.40780015635588
STU_013887,72.22552204702751
STU_013888,79.41363005603534
STU_013889,76.85835520189974
STU_013890,93.36637757127227
STU_013891,94.58584790755319
STU_013892,71.52376764334504
STU_013893,59.80383344590658
STU_013894,94.2456742961504
STU_013895,54.9882827956789
STU_013896,93.85542226309227
STU_013897,73.45092609580799
STU_013898,78.8952478958099
STU_013899,83.04833876247659
STU_013900,66.25728838912453
STU_013901,74.2778425502024
STU_013902,74.98848608093665
STU_013903,70.74040477247333
STU_013904,66.87931871915451
STU_013905,91.53657747980668
STU_013906,80.06201137363449
STU_013907,67.07950203941056
STU_013908,65.3530106904869
STU_013909,91.38943084470722
STU_013910,62.84670972455245
STU_013911,82.05756930966272
STU_013912,80.5760433638876
STU_013913,72.20744068057343
STU_013914,60.09208621261429
STU_013915,65.24300815424797
STU_013916,98.17154164129582
STU_013917,52.027779156531054
STU_013918,58.720714432462515
STU_013919,78.18858867028626
STU_013920,78.50257110375595
STU_013921,63.676915542645965
STU_013922,96.71343617763361
STU_013923,87.92719057790957
STU_013924,85.45932541407427
STU_013925,69.39592619033812
STU_013926,79.62008593327715
STU_013927,99.56809410527813
STU_013928,43.322321005247254
STU_013929,60.121439839471634
STU_013930,71.39885761602984
STU_013931,65.09707376095751
STU_013932,65.76924837058243
STU_013933,55.23589563664448
STU_013934,67.01451594139405
STU_013935,76.69081405023492
STU_013936,87.43467597653284
STU_013937,81.16665052692139
STU_013938,76.637575873398
STU_013939,67.98921442792386
STU_013940,64.1947871258333
STU_013941,65.31339109366377
STU_013942,100.0
STU_013943,60.857916248154396
STU_013944,87.01974869998172
STU_013945,76.11692625961841
STU_013946,98.53698740248214
STU_013947,79.5407381897705
STU_013948,78.54950652435599
STU_013949,45.846243338692545
STU_013950,88.32883176498527
STU_013951,54.106317963324834
STU_013952,95.81475302088583
STU_013953,69.88384440699879
STU_013954,45.93183160338586
STU_013955,67.1579775638071
STU_013956,74.68890675517889
STU_013957,78.7798454777575
STU_013958,72.72592025160633
STU_013959,70.94431638413971
STU_013960,76.56594274589341
STU_013961,77.61849831971082
STU_013962,61.00059058037301
STU_013963,65.74283585148038
STU_013964,75.60287232303011
STU_013965,61.631369713222774
STU_013966,69.09987713952634
STU_013967,68.15293294844258
STU_013968,94.81824226174842
STU_013969,46.50006510237479
STU_013970,86.36172540326943
STU_013971,67.19935306111384
STU_013972,73.05124374747847
STU_013973,70.80786281671354
STU_013974,93.87603991499672
STU_013975,84.43208678946031
STU_013976,69.5885241065547
STU_013977,83.62121783576136
STU_013978,95.70284105935205
STU_013979,85.4114418717835
STU_013980,75.61167161189378
STU_013981,74.41479628574584
STU_013982,71.62320118984495
STU_013983,79.43643214191286
STU_013984,69.35052085991434
STU_013985,86.47898209152011
STU_013986,71.92506152202563
STU_013987,96.12300421604394
STU_013988,64.97152992646565
STU_013989,65.60508855414147
STU_013990,63.90476410790235
STU_013991,80.17548546344912
STU_013992,78.17734584663685
STU_013993,78.85685656838506
STU_013994,76.74704759859327
STU_013995,58.3310424751091
STU_013996,73.15176433952786
STU_013997,96.82524168577787
STU_013998,60.252361606895235
STU_013999,74.66653185089588
STU_014000,77.24395857100217
STU_014001,67.30625352394846
STU_014002,59.93893958225544
STU_014003,67.22614385303663
STU_014004,66.56641300407429
STU_014005,71.16918590382414
STU_014006,72.60129385367046
STU_014007,82.00863154423011
STU_014008,59.06744266812687
STU_014009,99.89557064743832
STU_014010,72.09785859160867
STU_014011,80.67430728361535
STU_014012,93.8953410940455
STU_014013,50.62073794660601
STU_014014,92.34956085997794
STU_014015,81.38626772624514
STU_014016,63.14329126820685
STU_014017,81.9224616023761
STU_014018,77.72602569540925
STU_014019,88.74794019259623
STU_014020,83.49096201139861
STU_014021,93.53736431985828
STU_014022,69.67306060297204
STU_014023,62.766035556346395
STU_014024,77.5776753790948
STU_014025,79.26664044638694
STU_014026,78.86871203727355
STU_014027,100.0
STU_014028,88.4612203278981
STU_014029,74.9375532701151
STU_014030,75.36689028644756
STU_014031,74.46965143883813
STU_014032,77.68401946536301
STU_014033,65.95072951402416
STU_014034,94.08531203645094
STU_014035,96.4704249450582
STU_014036,51.37604288147948
STU_014037,63.28969900611518
STU_014038,87.1609459187513
STU_014039,88.96591913712884
STU_014040,77.25890345525036
STU_014041,73.48821263822666
STU_014042,66.6626980727999
STU_014043,68.0134773308517
STU_014044,100.0
STU_014045,72.78525997141506
STU_014046,65.8664512482202
STU_014047,87.20534524708518
STU_014048,60.99095723176576
STU_014049,84.71744965647932
STU_014050,76.28747125451139
STU_014051,71.72385022103461
STU_014052,79.97259777953983
STU_014053,86.60630238867883
STU_014054,85.81743772846413
STU_014055,100.0
STU_014056,80.12003420267762
STU_014057,68.47575342481959
STU_014058,76.28376696948173
STU_014059,63.31367937534223
STU_014060,79.42735889010125
STU_014061,66.96622544948752
STU_014062,87.9779639549468
STU_014063,70.64572218880406
STU_014064,68.35032366175244
STU_014065,60.12143254620291
STU_014066,40.60863428769142
STU_014067,93.60223777934459
STU_014068,68.27023844145141
STU_014069,76.31312832175693
STU_014070,73.78047539866174
STU_014071,39.86172315105721
STU_014072,72.3416630035745
STU_014073,77.99788242328601
STU_014074,73.48981261695229
STU_014075,74.24947245755361
STU_014076,68.79656326117404
STU_014077,52.920274976019265
STU_014078,55.172661832987814
STU_014079,86.99634883603265
STU_014080,84.9261387284335
STU_014081,100.0
STU_014082,78.64199141593099
STU_014083,64.43813850907186
STU_014084,73.28154738669578
STU_014085,99.99954727958908
STU_014086,62.028104143176456
STU_014087,71.31517280601454
STU_014088,75.47922992670667
STU_014089,79.04199785416465
STU_014090,66.49220871573024
STU_014091,87.80111711013362
STU_014092,66.96586247592492
STU_014093,71.84365604616418
STU_014094,62.6045011749226
STU_014095,78.09148509871957
STU_014096,81.40534583382548
STU_014097,86.13535791762524
STU_014098,69.02199048312991
STU_014099,70.25984841002148
STU_014100,64.40063142744863
STU_014101,76.39423752679679
STU_014102,86.89027716949761
STU_014103,69.780293816136
STU_014104,90.53930187813026
STU_014105,43.65514152031848
STU_014106,70.66886930198334
STU_014107,83.53730583367634
STU_014108,78.4980783661116
STU_014109,81.76551646278287
STU_014110,83.1045320010727
STU_014111,91.78229026543897
STU_014112,61.281099894435584
STU_014113,60.532041742814464
STU_014114,65.06319634857174
STU_014115,77.91055273233832
STU_014116,99.07087514581177
STU_014117,65.90191833631275
STU_014118,93.36376542094405
STU_014119,69.61866934235323
STU_014120,68.20379809688133
STU_014121,60.72297989764078
STU_014122,59.178826674064
STU_014123,58.638891430985
STU_014124,59.14654566519947
STU_014125,84.41477900141716
STU_014126,63.81184113024611
STU_014127,68.55172938931352
STU_014128,62.46425066083735
STU_014129,86.47874912500026
STU_014130,81.93861106757612
STU_014131,91.41855925269235
STU_014132,77.25098332908524
STU_014133,67.21851914326768
STU_014134,44.9168197498754
STU_014135,76.36794969368547
STU_014136,74.1612771816298
STU_014137,99.28206693246437
STU_014138,55.56666248742445
STU_014139,73.3670416870745
STU_014140,79.47816461441789
STU_014141,88.63720749912748
STU_014142,69.9468728421503
STU_014143,89.13030842636348
STU_014144,97.84483830768198
STU_014145,64.68690072940109
STU_014146,93.46471549516812
STU_014147,77.86803462386652
STU_014148,86.52128516744519
STU_014149,75.7532773754063
STU_014150,64.70564147738023
STU_014151,96.77673963483284
STU_014152,84.21381376324746
STU_014153,57.03951432425066
STU_014154,77.82092630456353
STU_014155,65.24819798630985
STU_014156,90.11048656914916
STU_014157,81.852641885493
STU_014158,81.09931148377528
STU_014159,84.73613967341463
STU_014160,94.19230392210238
STU_014161,78.73648407120332
STU_014162,95.754015280862
STU_014163,70.05753821286432
STU_014164,52.611137076964496
STU_014165,95.54172399409968
STU_014166,69.01385620361388
STU_014167,77.98686499747174
STU_014168,67.0900423835925
STU_014169,54.22893775924812
STU_014170,78.07772227355301
STU_014171,83.49653539604378
STU_014172,75.60989306194267
STU_014173,69.83846458922258
STU_014174,79.6588338725637
STU_014175,81.40450212338308
STU_014176,65.1437893525662
STU_014177,76.32388117733794
STU_014178,69.83220677932039
STU_014179,83.60670717324078
STU_014180,78.73969695589263
STU_014181,74.93412562321738
STU_014182,96.7750210767201
STU_014183,63.67899548304656
STU_014184,81.62916061300423
STU_014185,74.66881246784834
STU_014186,93.86662186912476
STU_014187,98.09110282063222
STU_014188,77.19390299435818
STU_014189,72.41357033411853
STU_014190,66.28205777657278
STU_014191,66.33806572193818
STU_014192,62.15711557918624
STU_014193,83.2092710966121
STU_014194,72.48166027609696
STU_014195,61.56548938824274
STU_014196,81.3890286174261
STU_014197,62.70990373809775
STU_014198,71.55741877955228
STU_014199,58.409758527278356
STU_014200,79.49209838089581
STU_014201,78.71172456245996
STU_014202,81.09732253598096
STU_014203,56.57098683400569
STU_014204,85.75028738533047
STU_014205,66.76909599691118
STU_014206,74.70905515971893
STU_014207,81.65471119326652
STU_014208,72.89361337749047
STU_014209,71.81450691062795
STU_014210,97.61874497481094
STU_014211,79.81578361428703
STU_014212,97.41003214793078
STU_014213,78.4315902530346
STU_014214,61.009585557337935
STU_014215,70.43919065644445
STU_014216,68.26661612758718
STU_014217,88.79124785420038
STU_014218,99.83543632073398
STU_014219,66.56293600247032
STU_014220,81.4633389232651
STU_014221,86.62519490929081
STU_014222,77.89108397835673
STU_014223,86.59523745498933
STU_014224,89.52247177114876
STU_014225,73.26963524620844
STU_014226,58.261234508812436
STU_014227,73.32556428777724
STU_014228,61.03966711953025
STU_014229,90.95599343565968
STU_014230,94.09931038487355
STU_014231,75.5244106064637
STU_014232,76.14817192310302
STU_014233,55.00898149360971
STU_014234,100.0
STU_014235,76.20901597365211
STU_014236,73.51493881586781
STU_014237,91.01271818289493
STU_014238,49.73689420955861
STU_014239,87.54908185165647
STU_014240,71.72249944001433
STU_014241,80.97974202277602
STU_014242,86.12849021020571
STU_014243,67.59507113302541
STU_014244,82.22721479723174
STU_014245,78.82197536903135
STU_014246,74.88821697912998
STU_014247,62.50800343258469
STU_014248,93.18527394816668
STU_014249,77.98149097264879
STU_014250,79.98689510275692
STU_014251,73.09912631710475
STU_014252,61.567697071599596
STU_014253,89.0031317517979
STU_014254,67.98435585677228
STU_014255,93.80069675780373
STU_014256,68.70837566324857
STU_014257,72.18688232356735
STU_014258,89.56732847437044
STU_014259,67.22644956737204
STU_014260,84.63228302945092
STU_014261,83.85431838198383
STU_014262,74.57754487624413
STU_014263,58.50390399459683
STU_014264,84.80814029936572
STU_014265,66.82225442490792
STU_014266,86.97371546258114
STU_014267,97.45319820630215
STU_014268,92.29532072488045
STU_014269,74.82140613924427
STU_014270,69.64096610616525
STU_014271,58.73730255791339
STU_014272,72.56248174931483
STU_014273,73.95734890972199
STU_014274,66.23386233585562
STU_014275,89.5694645471853
STU_014276,67.2042613345609
STU_014277,94.73872991700065
STU_014278,61.1790657672593
STU_014279,93.67029166610834
STU_014280,57.65277058451099
STU_014281,89.83017227762417
STU_014282,70.50816230949243
STU_014283,54.71402378762566
STU_014284,81.83581922125816
STU_014285,95.66502851772358
STU_014286,63.05192162262693
STU_014287,84.25037513973163
STU_014288,50.02424360226556
STU_014289,73.2463503473215
STU_014290,79.17441681899503
STU_014291,66.29792794788848
STU_014292,71.44894824648124
STU_014293,74.14628903644947
STU_014294,60.144908147271195
STU_014295,68.91601513722456
STU_014296,68.60261897088502
STU_014297,65.25257081466113
STU_014298,81.02416641493113
STU_014299,82.62260504710704
STU_014300,90.27118127931168
STU_014301,56.668539359106774
STU_014302,100.0
STU_014303,87.43318613136535
STU_014304,62.20577860531675
STU_014305,78.87479674537363
STU_014306,74.33945151310365
STU_014307,99.9330785295767
STU_014308,69.04177642204915
STU_014309,93.08657459843573
STU_014310,71.29767583584044
STU_014311,99.95046564727463
STU_014312,73.43214083886288
STU_014313,67.94161933318917
STU_014314,65.05232722531201
STU_014315,81.75534288600761
STU_014316,72.91478585859521
STU_014317,68.47960809071816
STU_014318,82.8341775752412
STU_014319,59.58225692452412
STU_014320,76.68659761963346
STU_014321,63.17045906254894
STU_014322,95.72140621347076
STU_014323,81.36049292589203
STU_014324,76.64543925398868
STU_014325,82.69674225569452
STU_014326,84.8134366272178
STU_014327,67.83029261704361
STU_014328,50.533148577923996
STU_014329,93.63976448912958
STU_014330,54.831382560752374
STU_014331,62.99877161781865
STU_014332,59.490890235773804
STU_014333,75.00460130486938
STU_014334,94.19794986563966
STU_014335,79.31320597040894
STU_014336,92.3477814423535
STU_014337,78.66063857476203
STU_014338,63.83147207716771
STU_014339,63.035335077237306
STU_014340,64.36997628541272
STU_014341,95.36655357275474
STU_014342,55.1562017789181
STU_014343,71.43138169351506
STU_014344,48.09655001252591
STU_014345,74.80865194494294
STU_014346,86.14139430574855
STU_014347,66.26463232754459
STU_014348,71.94654742123309
STU_014349,66.4487833965002
STU_014350,69.77349741248554
STU_014351,71.82581917419182
STU_014352,94.42393432848806
STU_014353,88.06359615075239
STU_014354,89.21424368955249
STU_014355,65.05386865335599
STU_014356,50.13914716678862
STU_014357,86.24885683635091
STU_014358,58.2883117007202
STU_014359,75.70904969085909
STU_014360,60.92680730489828
STU_014361,66.62487528862457
STU_014362,99.86985124274455
STU_014363,48.59620603104571
STU_014364,75.72987295620837
STU_014365,65.06115428819912
STU_014366,73.81956761256838
STU_014367,71.05510278999171
STU_014368,88.28328867082183
STU_014369,91.34549350571702
STU_014370,93.95816166476804
STU_014371,75.804201346338
STU_014372,85.45469524344638
STU_014373,68.3878993219747
STU_014374,79.31507700395846
STU_014375,78.53356560451085
STU_014376,91.21329682424772
STU_014377,84.94740813496122
STU_014378,99.68720123972258
STU_014379,81.3631481862138
STU_014380,81.26318422599918
STU_014381,46.07660958404887
STU_014382,79.29456199307606
STU_014383,73.99105742183181
STU_014384,85.1897061090628
STU_014385,91.87984191463813
STU_014386,61.42544971092735
STU_014387,78.21551559563022
STU_014388,69.70700413120699
STU_014389,74.8836550867272
STU_014390,67.88311107455485
STU_014391,45.12387324454967
STU_014392,89.97546507967317
STU_014393,88.40786896294047
STU_014394,72.68016779672288
STU_014395,97.71917523088209
STU_014396,91.0169681040485
STU_014397,76.6732926262923
STU_014398,99.66732544797756
STU_014399,72.06258719945055
STU_014400,95.23861588944118
STU_014401,84.95385630921706
STU_014402,76.7571255711907
STU_014403,75.92980079495447
STU_014404,79.3729353009992
STU_014405,64.03116895568799
STU_014406,78.11819044780518
STU_014407,99.05705388183347
STU_014408,66.28930764643027
STU_014409,57.53230121056957
STU_014410,73.6177905971102
STU_014411,66.94560503480845
STU_014412,74.78015419890171
STU_014413,79.5527238957936
STU_014414,63.39301157461587
STU_014415,68.68443204565375
STU_014416,79.9900153980719
STU_014417,91.85741571443867
STU_014418,89.5081021814245
STU_014419,54.55807004727231
STU_014420,89.13121999609798
STU_014421,94.53661267134113
STU_014422,65.79001345917983
STU_014423,93.71357229216461
STU_014424,75.30026285077292
STU_014425,94.87034082878392
STU_014426,71.01067466570727
STU_014427,89.819514957367
STU_014428,91.84070399820602
STU_014429,90.61497574987797
STU_014430,52.79214662922672
STU_014431,59.8333431288901
STU_014432,77.72346900809474
STU_014433,69.67194717254496
STU_014434,77.40171538725849
STU_014435,96.18051328668591
STU_014436,56.290577519708165
STU_014437,73.25470768526937
STU_014438,74.37115209818327
STU_014439,80.20936800353175
STU_014440,49.186617860691285
STU_014441,63.0255578821473
STU_014442,79.37997772399297
STU_014443,52.26982550287076
STU_014444,51.67166423381686
STU_014445,73.52340850529575
STU_014446,68.6961818728591
STU_014447,96.74228020715952
STU_014448,63.18461882705196
STU_014449,54.36441485077091
STU_014450,65.92069007677497
STU_014451,86.72369925339919
STU_014452,89.63479859850773
STU_014453,100.0
STU_014454,88.09987300028013
STU_014455,89.40298494881436
STU_014456,83.01069326530012
STU_014457,62.53679060518736
STU_014458,62.25489113426494
STU_014459,76.27095042062857
STU_014460,99.86260120355685
STU_014461,95.31992808770299
STU_014462,83.04476233777115
STU_014463,88.72472355221439
STU_014464,70.99096742710286
STU_014465,96.32699495053129
STU_014466,64.10298318432804
STU_014467,77.95942583293115
STU_014468,72.46479401153816
STU_014469,82.81130254399095
STU_014470,75.94652365358168
STU_014471,84.60585592293722
STU_014472,64.33921579136044
STU_014473,64.20887036286271
STU_014474,81.62189169434494
STU_014475,63.38745852187118
STU_014476,76.64129004529386
STU_014477,95.3135881944364
STU_014478,81.04510533158464
STU_014479,97.63369139826597
STU_014480,77.09491262922742
STU_014481,90.92965991076355
STU_014482,50.11079722067508
STU_014483,94.0240356991383
STU_014484,47.91488132681408
STU_014485,73.78073835147134
STU_014486,89.49662544168139
STU_014487,79.36054089307783
STU_014488,71.10134297330379
STU_014489,48.77020365339416
STU_014490,90.29666549946946
STU_014491,79.50762735917078
STU_014492,80.55684128202658
STU_014493,60.95759325164451
STU_014494,86.75103694803886
STU_014495,70.45599193571493
STU_014496,66.02253682916725
STU_014497,64.59140475208852
STU_014498,87.95532936997861
STU_014499,79.72395052136388
STU_014500,64.97912769005207
STU_014501,60.51856399114797
STU_014502,69.83634597830837
STU_014503,74.68082254384659
STU_014504,99.75947630783108
STU_014505,73.91186265089505
STU_014506,75.10828004688507
STU_014507,70.65029420001963
STU_014508,65.9561593095149
STU_014509,75.12749091627416
STU_014510,62.588897097050975
STU_014511,82.73086640846562
STU_014512,75.47993688656334
STU_014513,81.77744621237338
STU_014514,80.24415647606334
STU_014515,71.98326850208664
STU_014516,83.3493766332084
STU_014517,81.46111491353031
STU_014518,76.42484231654942
STU_014519,61.91267974920604
STU_014520,76.52069333762466
STU_014521,96.42602534208848
STU_014522,67.26999568138541
STU_014523,96.5268871343787
STU_014524,87.52656374681114
STU_014525,68.91970854033752
STU_014526,77.12834567598075
STU_014527,44.55950496728857
STU_014528,65.35479580905779
STU_014529,81.95374902569151
STU_014530,67.73237614040094
STU_014531,77.90945557173532
STU_014532,96.79088047414392
STU_014533,98.67971823627903
STU_014534,93.2749596005018
STU_014535,94.34939066222378
STU_014536,90.21777132705908
STU_014537,77.04564850264194
STU_014538,61.613355757242445
STU_014539,67.63201317655714
STU_014540,52.724613616280976
STU_014541,90.54938146468282
STU_014542,52.70633200255118
STU_014543,86.4018460439651
STU_014544,65.10466732014858
STU_014545,63.777737047956094
STU_014546,56.02335867032171
STU_014547,61.99394688615034
STU_014548,94.69875458861027
STU_014549,96.33116204439179
STU_014550,80.65309697115102
STU_014551,70.14466537154891
STU_014552,67.3823437330125
STU_014553,82.06080417761066
STU_014554,74.04296219556798
STU_014555,66.76605963916461
STU_014556,95.18039244688569
STU_014557,75.3959072355124
STU_014558,56.57701047734523
STU_014559,77.28606093549689
STU_014560,98.50541729163068
STU_014561,74.52568996083501
STU_014562,68.03235329043967
STU_014563,76.70797585899437
STU_014564,99.07978809617629
STU_014565,73.14898420913204
STU_014566,86.7517311234444
STU_014567,68.66514501284033
STU_014568,69.63291972973703
STU_014569,74.42167187498072
STU_014570,55.88703818117868
STU_014571,65.78169808583222
STU_014572,76.02818618049471
STU_014573,78.74343340189417
STU_014574,66.43412404450375
STU_014575,62.29894319601165
STU_014576,68.7475442861553
STU_014577,55.77747174713133
STU_014578,63.2255034729219
STU_014579,80.32281885306647
STU_014580,91.4062878669574
STU_014581,89.74398924644146
STU_014582,81.85464082696392
STU_014583,71.1674383585133
STU_014584,78.46708735886422
STU_014585,70.81825908369859
STU_014586,89.3575697375896
STU_014587,58.09696377793503
STU_014588,75.87193289844802
STU_014589,54.11396696466503
STU_014590,63.84286348076095
STU_014591,92.50791397044203
STU_014592,75.51726602070357
STU_014593,91.73729749370067
STU_014594,97.45225567918455
STU_014595,50.761181549191406
STU_014596,100.0
STU_014597,72.67811075138158
STU_014598,60.374976703278705
STU_014599,78.57737256027833
STU_014600,54.72072008696889
STU_014601,75.19729673437632
STU_014602,93.09364647480697
STU_014603,53.88554838374344
STU_014604,80.66652067975868
STU_014605,100.0
STU_014606,55.832153053522134
STU_014607,83.00492965280966
STU_014608,60.796171117944155
STU_014609,81.66830055789192
STU_014610,80.39276507820952
STU_014611,79.28574329049565
STU_014612,54.77878195980815
STU_014613,69.0836562070988
STU_014614,93.82484838940704
STU_014615,75.16805696348582
STU_014616,92.48735696213211
STU_014617,62.416910727936646
STU_014618,84.4837424119231
STU_014619,77.21029674070049
STU_014620,85.64578979136601
STU_014621,61.17586882651343
STU_014622,97.47803639257418
STU_014623,71.0562711454085
STU_014624,79.43172890143538
STU_014625,69.17440757108398
STU_014626,88.69112588384084
STU_014627,63.612197103398685
STU_014628,57.670144667714
STU_014629,80.33923104681507
STU_014630,72.59216430559721
STU_014631,62.79677522439346
STU_014632,67.99048381143247
STU_014633,68.25363729521294
STU_014634,94.24194902172674
STU_014635,55.60683867599178
STU_014636,47.648008472663264
STU_014637,92.64267974702427
STU_014638,68.4833069744995
STU_014639,76.52099939280096
STU_014640,71.33195984955702
STU_014641,62.740208332774394
STU_014642,95.91435804748106
STU_014643,57.74330224230151
STU_014644,93.42881944980658
STU_014645,77.6703594194644
STU_014646,86.31027560777572
STU_014647,90.79894551196331
STU_014648,68.27172902093751
STU_014649,89.69469704725307
STU_014650,70.08771175838196
STU_014651,61.40656542004272
STU_014652,95.31473271937878
STU_014653,76.47493538882858
STU_014654,86.07064479846959
STU_014655,51.633473782577724
STU_014656,67.31128768331604
STU_014657,55.675194826588566
STU_014658,76.80265789476235
STU_014659,68.68915400844591
STU_014660,71.45502572415107
STU_014661,50.907296472816526
STU_014662,72.63262956345457
STU_014663,73.04429792951277
STU_014664,54.11051367994855
STU_014665,77.01086286743839
STU_014666,96.0251601339655
STU_014667,78.38732634325112
STU_014668,54.197582786627265
STU_014669,76.58887803533821
STU_014670,97.813501503712
STU_014671,76.26075011549462
STU_014672,82.2427395628894
STU_014673,92.18217871409601
STU_014674,93.39295212663458
STU_014675,81.30949099584079
STU_014676,75.43635059626857
STU_014677,64.34346263630255
STU_014678,66.43663897140316
STU_014679,60.14971760113109
STU_014680,44.85434660429126
STU_014681,92.5707062684432
STU_014682,48.28455034395249
STU_014683,67.03703990683258
STU_014684,61.624888465814735
STU_014685,65.3238131358534
STU_014686,79.17062291238992
STU_014687,85.90297372437097
STU_014688,92.6352818777804
STU_014689,65.26843512931953
STU_014690,61.52171293689912
STU_014691,81.71434015896838
STU_014692,95.57748886807408
STU_014693,71.07829576324285
STU_014694,76.07051007958695
STU_014695,99.30773293329733
STU_014696,44.97763607880441
STU_014697,78.19470801708624
STU_014698,90.23246649871423
STU_014699,67.28462967293504
STU_014700,93.4719044545812
STU_014701,71.25521261115037
STU_014702,89.24747005775556
STU_014703,81.06300615683531
STU_014704,96.61908524194932
STU_014705,80.77698345972824
STU_014706,82.93773012013102
STU_014707,98.16078822913346
STU_014708,99.23695125374255
STU_014709,78.21434307209702
STU_014710,52.08116809779618
STU_014711,76.12314204505738
STU_014712,78.3567428439355
STU_014713,43.22981101602571
STU_014714,81.06843820998954
STU_014715,78.78382903079438
STU_014716,60.715790342216934
STU_014717,57.87402127221624
STU_014718,66.72021976728571
STU_014719,93.4488397295111
STU_014720,80.9418865238362
STU_014721,53.964209666895265
STU_014722,67.85198759547569
STU_014723,97.12544642621404
STU_014724,91.01875128251766
STU_014725,70.08535480171227
STU_014726,66.72244959651849
STU_014727,59.92442007181577
STU_014728,93.63155942116919
STU_014729,79.00416528478834
STU_014730,54.73595706074431
STU_014731,63.74728225055222
STU_014732,83.16862469933218
STU_014733,75.98673668786957
STU_014734,64.71818347419463
STU_014735,100.0
STU_014736,75.2077957986487
STU_014737,73.63769614696162
STU_014738,71.37718522086507
STU_014739,85.86760920844324
STU_014740,76.1038573633439
STU_014741,79.54634695395274
STU_014742,95.11222817651051
STU_014743,99.28019888198523
STU_014744,68.05922029401577
STU_014745,82.11569290221411
STU_014746,44.66248965600768
STU_014747,77.45427273644864
STU_014748,99.80998575006814
STU_014749,92.01898712125066
STU_014750,82.30863957450894
STU_014751,94.73702440034177
STU_014752,76.47844710807306
STU_014753,59.744114526354295
STU_014754,99.91862606342343
STU_014755,64.84557028330917
STU_014756,66.89841709633336
STU_014757,75.53705566211106
STU_014758,99.99632554950702
STU_014759,69.92955907034582
STU_014760,75.98093458857721
STU_014761,76.39613446724897
STU_014762,100.0
STU_014763,80.96073516719956
STU_014764,100.0
STU_014765,73.49094543664053
STU_014766,81.78073014323758
STU_014767,69.85753534484577
STU_014768,69.37536591271902
STU_014769,98.34246985810663
STU_014770,78.2029568109372
STU_014771,75.69434301870194
STU_014772,68.78217637487543
STU_014773,85.68793787583036
STU_014774,92.67118814100112
STU_014775,78.4528713958459
STU_014776,75.43224916066146
STU_014777,76.77072914590866
STU_014778,78.73133505509742
STU_014779,78.30749006024116
STU_014780,58.14714229609767
STU_014781,82.34375711560466
STU_014782,85.5822739296491
STU_014783,90.07741219977534
STU_014784,90.03673529038979
STU_014785,79.33297237634224
STU_014786,82.62401945225947
STU_014787,75.57571720150003
STU_014788,95.99721117040785
STU_014789,74.81581464365851
STU_014790,76.84110416190892
STU_014791,63.17464699529458
STU_014792,55.33038156984696
STU_014793,68.5952553312238
STU_014794,62.374021892081316
STU_014795,78.6188960797592
STU_014796,77.96363389154769
STU_014797,71.82086408464879
STU_014798,89.75376984496029
STU_014799,90.2422874579363
STU_014800,85.52529013520068
STU_014801,91.929267842607
STU_014802,54.769589685157634
STU_014803,88.91255523498917
STU_014804,79.16148631745546
STU_014805,75.19133851357938
STU_014806,77.31175724996379
STU_014807,66.28767384863755
STU_014808,69.19154906564255
STU_014809,55.05525371455104
STU_014810,97.07785975435249
STU_014811,99.25748757419944
STU_014812,73.51864671193731
STU_014813,62.19220781691746
STU_014814,68.85330295442571
STU_014815,57.236199178431676
STU_014816,79.40186997820996
STU_014817,83.03164273444246
STU_014818,46.99154359895485
STU_014819,75.99744481876421
STU_014820,70.28149818885032
STU_014821,58.30474574611591
STU_014822,99.2726306587924
STU_014823,66.3971678308992
STU_014824,91.66834399118201
STU_014825,76.80303886684405
STU_014826,92.79073860677238
STU_014827,59.13810425199527
STU_014828,74.11539014840811
STU_014829,75.58113032474601
STU_014830,80.97405414218363
STU_014831,81.00032389883341
STU_014832,63.866987323415906
STU_014833,62.003107116980274
STU_014834,81.38628902303321
STU_014835,75.76741897624666
STU_014836,84.69245445441277
STU_014837,75.88849514051246
STU_014838,73.77682819257413
STU_014839,84.43784544094592
STU_014840,75.41787818541806
STU_014841,99.69764198931699
STU_014842,55.467207557157295
STU_014843,70.90801767437448
STU_014844,93.64206747368726
STU_014845,65.75528419020954
STU_014846,87.44628272347602
STU_014847,76.66734219523742
STU_014848,58.63515988094068
STU_014849,60.319761548605086
STU_014850,67.73589694701735
STU_014851,82.20378609165311
STU_014852,78.645196677862
STU_014853,77.18839998763931
STU_014854,65.28499176593634
STU_014855,74.75250635934253
STU_014856,72.92639338852752
STU_014857,81.51044358269768
STU_014858,66.23917153789054
STU_014859,85.96287285753726
STU_014860,50.599691552247194
STU_014861,84.67150481610828
STU_014862,95.13135267168872
STU_014863,65.24620146525854
STU_014864,75.28339521653473
STU_014865,67.94615053478442
STU_014866,66.19346023135012
STU_014867,72.00603957637679
STU_014868,100.0
STU_014869,99.6666329783165
STU_014870,73.77437624497125
STU_014871,74.65808819162636
STU_014872,81.7904626367488
STU_014873,66.28639959500185
STU_014874,65.23043970465211
STU_014875,81.51529732424099
STU_014876,56.99201474774999
STU_014877,66.50090918288181
STU_014878,62.792887544662065
STU_014879,79.71878702537423
STU_014880,88.81007767105896
STU_014881,78.06721972437035
STU_014882,71.22203607337771
STU_014883,75.75949624426886
STU_014884,64.55480744838793
STU_014885,83.14440363411404
STU_014886,66.18405513200634
STU_014887,76.35980441379147
STU_014888,86.8084615266344
STU_014889,68.13247927996386
STU_014890,93.87393522426754
STU_014891,71.2251990198495
STU_014892,89.22357972507837
STU_014893,62.53871199646139
STU_014894,73.84017563585459
STU_014895,57.68294878305243
STU_014896,78.92527601267383
STU_014897,77.06230198503683
STU_014898,82.76849029607999
STU_014899,57.409504432679995
STU_014900,98.1824570982615
STU_014901,85.95968118838032
STU_014902,82.9144390162525
STU_014903,88.47063393476918
STU_014904,75.71541809624101
STU_014905,89.21579635562948
STU_014906,78.1947360541111
STU_014907,51.46286916417937
STU_014908,79.78197515086217
STU_014909,83.33302687276287
STU_014910,74.41574742864994
STU_014911,99.36314765391799
STU_014912,77.9287445004079
STU_014913,76.59521971364404
STU_014914,49.30773913968133
STU_014915,61.35146097246258
STU_014916,69.26561351123351
STU_014917,98.57449355082868
STU_014918,84.7442535996784
STU_014919,52.082634042925015
STU_014920,93.20045985833708
STU_014921,63.59947659633296
STU_014922,55.091709892021115
STU_014923,71.50708890776198
STU_014924,81.50518343177858
STU_014925,99.63723816420665
STU_014926,83.77126448700909
STU_014927,76.86494418139849
STU_014928,58.447641833909124
STU_014929,78.92473987489038
STU_014930,80.94762866791655
STU_014931,92.50775727362843
STU_014932,59.478066723517394
STU_014933,76.07603211532006
STU_014934,64.24845771543119
STU_014935,76.86791541496589
STU_014936,86.10685366193421
STU_014937,84.88729399351885
STU_014938,99.95640763529383
STU_014939,83.54473353858307
STU_014940,95.07906693799407
STU_014941,63.657516595100375
STU_014942,94.2189463434494
STU_014943,62.68877118599027
STU_014944,72.03276328087574
STU_014945,64.35114397235282
STU_014946,66.94141925344752
STU_014947,71.81445310511313
STU_014948,84.97055185581766
STU_014949,67.16422547270939
STU_014950,93.76237835674614
STU_014951,73.55271879005136
STU_014952,74.93601341035576
STU_014953,97.18523316047153
STU_014954,92.45418510089156
STU_014955,91.74442438245185
STU_014956,81.61368558247767
STU_014957,78.71147609459263
STU_014958,71.70832490896
STU_014959,52.897789789151865
STU_014960,97.48236610006435
STU_014961,94.70426283862903
STU_014962,48.024562732479964
STU_014963,75.66857284592534
STU_014964,95.19870279735439
STU_014965,77.40644553512679
STU_014966,71.08081352315915
STU_014967,56.443796984214025
STU_014968,95.81723735919613
STU_014969,80.84163850136451
STU_014970,71.10394281372456
STU_014971,68.19805260675102
STU_014972,87.83138596052584
STU_014973,71.1820320370322
STU_014974,71.78860401395164
STU_014975,70.4186491983315
STU_014976,91.71354193193866
STU_014977,80.36676425990268
STU_014978,91.3526613399032
STU_014979,94.53881934771059
STU_014980,62.64493175682762
STU_014981,98.69813234518031
STU_014982,62.6871257305292
STU_014983,91.37148730138507
STU_014984,64.86254552152484
STU_014985,66.66814082497606
STU_014986,50.12687280470546
STU_014987,89.7888676640361
STU_014988,67.28179848266727
STU_014989,96.08053719590669
STU_014990,87.98611607957365
STU_014991,97.51259731538286
STU_014992,73.06524588990933
STU_014993,61.987204377664725
STU_014994,84.7739923646889
STU_014995,84.92395092214915
STU_014996,74.06853599979625
STU_014997,78.47775934582683
STU_014998,82.02661881701759
STU_014999,97.19003841357092
STU_015000,69.36778009673415
STU_015001,57.19708736576381
STU_015002,68.45157933809273
STU_015003,62.97340401357475
STU_015004,66.08991344902739
STU_015005,60.576501099359916
STU_015006,60.90438385463257
STU_015007,93.4169769592952
STU_015008,68.43690623133188
STU_015009,76.35316020473905
STU_015010,76.11106380047339
STU_015011,53.28373391189546
STU_015012,98.5046214997195
STU_015013,62.49052363065694
STU_015014,57.52235399723686
STU_015015,82.09068778734354
STU_015016,90.1697547334623
STU_015017,88.61891819570343
STU_015018,73.85840077814068
STU_015019,85.68043015146512
STU_015020,64.06436851675097
STU_015021,75.66559839905572
STU_015022,64.10176388660838
STU_015023,79.71577811496994
STU_015024,70.73048380734194
STU_015025,82.80090613043507
STU_015026,68.30134303965586
STU_015027,84.67634505174911
STU_015028,75.29688278740507
STU_015029,76.06309814213908
STU_015030,90.72325333606368
STU_015031,77.7877629411376
STU_015032,70.82523262770988
STU_015033,77.48481928110877
STU_015034,67.98491642269015
STU_015035,81.21301431988883
STU_015036,72.71647644309007
STU_015037,78.94164507615089
STU_015038,88.69106624607531
STU_015039,63.9026021613778
STU_015040,79.53807814488582
STU_015041,84.56397617443727
STU_015042,45.99542033419362
STU_015043,84.9888990358556
STU_015044,87.44707507621641
STU_015045,87.90067835896251
STU_015046,65.06215518515566
STU_015047,83.35556370268753
STU_015048,68.51310816326533
STU_015049,72.79353414480215
STU_015050,59.96184820813119
STU_015051,69.68198757244011
STU_015052,64.27607823298752
STU_015053,67.30976169982434
STU_015054,93.20674687259387
STU_015055,86.12630062045247
STU_015056,61.71450755975873
STU_015057,97.88219587404187
STU_015058,56.61609492724647
STU_015059,96.78565981061456
STU_015060,72.0980596740417
STU_015061,73.81258609073801
STU_015062,71.66949757693897
STU_015063,69.66311258261837
STU_015064,59.650346721508036
STU_015065,91.07173841501161
STU_015066,85.86160089748321
STU_015067,69.24742905902967
STU_015068,67.7557579812632
STU_015069,72.219176662266
STU_015070,72.42456102751838
STU_015071,76.42719369470149
STU_015072,100.0
STU_015073,66.79903294684249
STU_015074,67.09387965395288
STU_015075,91.56936771073045
STU_015076,71.62727390855648
STU_015077,67.2877343394021
STU_015078,68.78869915701918
STU_015079,100.0
STU_015080,66.53426055116701
STU_015081,98.85373355911648
STU_015082,59.58341406756365
STU_015083,82.80323260630651
STU_015084,63.22582338494753
STU_015085,78.67798687427504
STU_015086,68.63699477037628
STU_015087,58.38055512172406
STU_015088,90.4897831622539
STU_015089,81.67237828630296
STU_015090,89.38204347306682
STU_015091,73.61071069080603
STU_015092,74.32985001027026
STU_015093,96.75610354587198
STU_015094,70.12441996394784
STU_015095,78.72659454301115
STU_015096,86.20614502984319
STU_015097,78.85942172675242
STU_015098,66.61816613684172
STU_015099,59.90630843999064
STU_015100,85.40329665030298
STU_015101,77.85813135478072
STU_015102,77.87814087640503
STU_015103,98.06618361672723
STU_015104,73.0439795654407
STU_015105,91.09807130473547
STU_015106,72.86071477580033
STU_015107,77.24549827052151
STU_015108,80.200971790551
STU_015109,76.363877282017
STU_015110,84.72854080307322
STU_015111,61.51783861405478
STU_015112,84.11966382071242
STU_015113,66.86612449804784
STU_015114,83.85523609629706
STU_015115,61.12368512501394
STU_015116,87.18914153614429
STU_015117,64.04033571767684
STU_015118,52.98478857354726
STU_015119,82.44770148650697
STU_015120,83.48372912064997
STU_015121,60.98434055281576
STU_015122,100.0
STU_015123,65.59172748352591
STU_015124,85.95495092227308
STU_015125,75.67487563815389
STU_015126,75.77888290618841
STU_015127,93.46312532286211
STU_015128,77.06992600051447
STU_015129,67.87456123353752
STU_015130,71.10745353519064
STU_015131,82.58368484795146
STU_015132,84.15381718439235
STU_015133,95.34940218681305
STU_015134,79.73439654259417
STU_015135,83.21075505090147
STU_015136,76.76087514659775
STU_015137,70.79416115700451
STU_015138,70.19984256976365
STU_015139,81.55498981624663
STU_015140,98.91351964259843
STU_015141,68.54489618682342
STU_015142,76.06269897255957
STU_015143,99.60047379012366
STU_015144,80.34668725561708
STU_015145,60.48432355675541
STU_015146,97.58023595999495
STU_015147,77.16002564094944
STU_015148,72.2818598788776
STU_015149,68.14269137107618
STU_015150,47.73769334569299
STU_015151,55.192435580879454
STU_015152,74.43735201924372
STU_015153,60.894431240590905
STU_015154,83.20152395575515
STU_015155,85.09460685725472
STU_015156,73.25669080389926
STU_015157,63.93327848784206
STU_015158,94.75055547199567
STU_015159,52.57639148120886
STU_015160,85.40874958658765
STU_015161,61.094225578413656
STU_015162,82.97939345933983
STU_015163,79.66762196537316
STU_015164,40.014192206815075
STU_015165,87.1813738209561
STU_015166,96.26867953574998
STU_015167,81.85903023291146
STU_015168,62.09701727870143
STU_015169,92.76142257209221
STU_015170,75.00608908101407
STU_015171,86.37349662732882
STU_015172,58.39918146766914
STU_015173,76.96021593086672
STU_015174,97.5467293345521
STU_015175,72.09629063028036
STU_015176,99.53912527925291
STU_015177,74.70444565983993
STU_015178,62.341185267810886
STU_015179,78.32425405574095
STU_015180,63.425143581958636
STU_015181,78.72375573922781
STU_015182,81.49140659234794
STU_015183,82.09786726804408
STU_015184,71.4817827505189
STU_015185,80.9452724900774
STU_015186,75.62698498220284
STU_015187,57.926807890570345
STU_015188,67.56671863957416
STU_015189,88.61667851250121
STU_015190,96.30037560995433
STU_015191,77.92318714819231
STU_015192,99.87382249498883
STU_015193,78.8019843211386
STU_015194,83.76534187531995
STU_015195,84.70842269281273
STU_015196,81.38248416417196
STU_015197,74.17810263889771
STU_015198,82.00892626259183
STU_015199,70.04532730892615
STU_015200,72.20887398479209
STU_015201,79.59660809438044
STU_015202,65.1290435436874
STU_015203,59.48892223127713
STU_015204,79.90891282804182
STU_015205,77.47126972000268
STU_015206,75.7876203659631
STU_015207,91.51529993684527
STU_015208,74.24978481249019
STU_015209,84.87204922253551
STU_015210,85.96788796372444
STU_015211,43.640473291231054
STU_015212,94.31981024255946
STU_015213,70.01898082840503
STU_015214,96.43957783445467
STU_015215,79.6993417972714
STU_015216,93.42259618685071
STU_015217,57.13515688430738
STU_015218,74.20769211465344
STU_015219,75.80687244509693
STU_015220,46.12000284272583
STU_015221,85.50548585972108
STU_015222,67.07128954366232
STU_015223,84.93711324911325
STU_015224,69.8675889092521
STU_015225,70.54216780966586
STU_015226,69.81934130311778
STU_015227,66.27821411782838
STU_015228,83.12800984022964
STU_015229,73.72898676671622
STU_015230,76.39124772266403
STU_015231,99.11222939502842
STU_015232,82.96963602569059
STU_015233,88.22728211052944
STU_015234,72.75875671900005
STU_015235,72.86097974586173
STU_015236,99.24225548086756
STU_015237,78.5531699461947
STU_015238,81.26871904352483
STU_015239,91.76586745041001
STU_015240,64.65062425782259
STU_015241,47.64319163384601
STU_015242,54.26360165650736
STU_015243,80.20995578782959
STU_015244,79.65958445204987
STU_015245,68.79185913761731
STU_015246,99.99544358952006
STU_015247,79.82554550467489
STU_015248,77.2812241105286
STU_015249,68.58399915102137
STU_015250,86.31406615680717
STU_015251,68.60148991063042
STU_015252,89.48031224445842
STU_015253,88.00031015164834
STU_015254,99.15187419078933
STU_015255,61.783515709740385
STU_015256,62.72242965593867
STU_015257,73.81741640665872
STU_015258,90.77457376578127
STU_015259,85.0255290000001
STU_015260,95.93704095573551
STU_015261,84.68158868455632
STU_015262,86.86213362545294
STU_015263,83.22465959143666
STU_015264,77.2778074605395
STU_015265,95.87459762082749
STU_015266,71.50904939403665
STU_015267,77.56370310904134
STU_015268,58.19199394312034
STU_015269,63.13506879357669
STU_015270,75.99137553466085
STU_015271,72.49728259551688
STU_015272,65.33112141721227
STU_015273,86.16812789153376
STU_015274,73.95788829156753
STU_015275,46.79586526520469
STU_015276,50.952743737860715
STU_015277,72.6092654555485
STU_015278,98.63410495355143
STU_015279,50.13500216869416
STU_015280,87.27388455411592
STU_015281,100.0
STU_015282,83.08929604461039
STU_015283,81.14777019779748
STU_015284,77.6962387290307
STU_015285,44.577563778592136
STU_015286,89.5546128336679
STU_015287,76.00109777581841
STU_015288,76.78599565121951
STU_015289,61.22696229860152
STU_015290,78.65298613311884
STU_015291,75.54566021967275
STU_015292,65.5183290114575
STU_015293,60.45237741536318
STU_015294,82.65746797200924
STU_015295,74.93637720545496
STU_015296,68.0252252533127
STU_015297,86.98670136181565
STU_015298,97.21864178925237
STU_015299,72.16717606029619
STU_015300,83.42318717504159
STU_015301,73.37957133747717
STU_015302,80.7770975167599
STU_015303,65.51457231604306
STU_015304,61.030441001688075
STU_015305,68.05632278544519
STU_015306,80.3813983845237
STU_015307,98.41724156928484
STU_015308,57.79360263521646
STU_015309,66.1593106665552
STU_015310,77.67763461087357
STU_015311,62.51585700151338
STU_015312,83.36034030482433
STU_015313,60.24264839248686
STU_015314,82.9403934791269
STU_015315,70.03774128257757
STU_015316,92.79086717678246
STU_015317,71.90181809790417
STU_015318,82.16138056608594
STU_015319,69.97389601070732
STU_015320,69.87770069529206
STU_015321,63.19152757576373
STU_015322,98.17130198032011
STU_015323,78.40667640740368
STU_015324,72.26200882223063
STU_015325,81.14887492489424
STU_015326,55.63989605214124
STU_015327,75.79930607280224
STU_015328,73.97445416671042
STU_015329,70.90060815708476
STU_015330,72.1401092625117
STU_015331,63.82164472253209
STU_015332,100.0
STU_015333,67.65068670267455
STU_015334,78.00190751878823
STU_015335,96.03195805972098
STU_015336,92.27922780516484
STU_015337,67.6212500683195
STU_015338,65.55300314467317
STU_015339,66.28024699350902
STU_015340,92.69755536041855
STU_015341,79.53743854624715
STU_015342,99.5764723078326
STU_015343,77.35517858307348
STU_015344,91.73069961219454
STU_015345,100.0
STU_015346,88.62448415869548
STU_015347,96.07169652737537
STU_015348,74.70156422645722
STU_015349,80.58757277343057
STU_015350,85.88753775368573
STU_015351,100.0
STU_015352,78.99663325917366
STU_015353,75.96868656619105
STU_015354,57.28717011958251
STU_015355,57.34784289108234
STU_015356,60.57494810683686
STU_015357,68.60414300379912
STU_015358,82.14989785061078
STU_015359,80.37581368322125
STU_015360,93.88684741099891
STU_015361,77.49718875164534
STU_015362,70.90540943582354
STU_015363,76.41875057926407
STU_015364,93.60826314137088
STU_015365,73.84260125998289
STU_015366,90.22314391541548
STU_015367,81.62302212431702
STU_015368,72.1714621775744
STU_015369,99.74521693361604
STU_015370,97.38036554058147
STU_015371,56.96503855120237
STU_015372,57.33452241124351
STU_015373,82.31862719857574
STU_015374,87.1014251450428
STU_015375,71.90384246025054
STU_015376,71.40036645215486
STU_015377,90.11010887371377
STU_015378,72.79532306214855
STU_015379,93.02667349462513
STU_015380,88.91932081597994
STU_015381,94.84318352526671
STU_015382,80.6454277280333
STU_015383,58.06068007031318
STU_015384,76.24715180673607
STU_015385,58.125095800584205
STU_015386,74.79544407269415
STU_015387,68.61922763281706
STU_015388,76.21585721092751
STU_015389,98.1133785296341
STU_015390,46.41379041074573
STU_015391,79.14330114637644
STU_015392,88.43340437807734
STU_015393,87.96821819643219
STU_015394,75.62071727367288
STU_015395,80.94491686945693
STU_015396,70.79811568851542
STU_015397,96.88950195520113
STU_015398,73.54369738177158
STU_015399,97.34420741138808
STU_015400,90.1524813133397
STU_015401,88.0952834111166
STU_015402,69.065897522106
STU_015403,57.19648271589557
STU_015404,81.52019765030485
STU_015405,80.06211393711756
STU_015406,86.27661562630018
STU_015407,86.70189376376963
STU_015408,37.575494578131355
STU_015409,78.01469455867924
STU_015410,69.43166159413555
STU_015411,73.1740903611619
STU_015412,70.44990313645354
STU_015413,76.14025331339073
STU_015414,69.71643528675796
STU_015415,67.52302011478062
STU_015416,87.91827808872642
STU_015417,59.92798834555779
STU_015418,87.49482679728902
STU_015419,55.17983130986396
STU_015420,64.19578697375397
STU_015421,94.52770668009174
STU_015422,76.02715027138757
STU_015423,83.27798744122407
STU_015424,99.89987288288687
STU_015425,90.3115470518367
STU_015426,62.77112031771021
STU_015427,58.794787734662876
STU_015428,76.34626268215999
STU_015429,77.80208291596375
STU_015430,39.158004489440415
STU_015431,66.64276198270781
STU_015432,79.31512329116256
STU_015433,68.90620224418612
STU_015434,64.11468379915107
STU_015435,69.51718649816064
STU_015436,74.41711235656302
STU_015437,71.55943078873453
STU_015438,95.43783362191897
STU_015439,78.28253092690251
STU_015440,75.53356537637106
STU_015441,68.08390407623054
STU_015442,88.66383313682252
STU_015443,62.89819984801567
STU_015444,80.26180660582028
STU_015445,66.31868555671784
STU_015446,68.98314269769591
STU_015447,46.2955744994927
STU_015448,43.89596809426924
STU_015449,84.34542105098282
STU_015450,93.36323617166767
STU_015451,78.86087005308555
STU_015452,80.23686788551089
STU_015453,95.93322510460223
STU_015454,79.34622450935639
STU_015455,51.25966966354474
STU_015456,79.91690465816674
STU_015457,68.36073776254413
STU_015458,66.81729068520221
STU_015459,50.77030945437198
STU_015460,100.0
STU_015461,100.0
STU_015462,71.51429631346087
STU_015463,85.48587107941863
STU_015464,59.26498995555474
STU_015465,52.159228815258956
STU_015466,86.88378089923557
STU_015467,85.15485765532597
STU_015468,58.951439277056025
STU_015469,64.82589501716006
STU_015470,94.10064387969433
STU_015471,74.1100744027135
STU_015472,92.37902256151317
STU_015473,88.73048512629818
STU_015474,98.86251562066678
STU_015475,76.16963965764153
STU_015476,80.25187181361846
STU_015477,55.631358377230846
STU_015478,52.47975961547745
STU_015479,97.38909039391007
STU_015480,72.78537801122881
STU_015481,75.84962123605582
STU_015482,62.841307003672
STU_015483,87.63720589430986
STU_015484,66.7811835417035
STU_015485,67.62344346110115
STU_015486,70.65756894765322
STU_015487,61.23051273847834
STU_015488,78.9982922473505
STU_015489,81.98130820651434
STU_015490,88.68516508613838
STU_015491,87.1011713867289
STU_015492,64.00829555569305
STU_015493,69.49290849074387
STU_015494,65.84627653073107
STU_015495,88.90844222043114
STU_015496,69.05225263208916
STU_015497,54.66063834899093
STU_015498,71.46330679479479
STU_015499,37.470547259675044
STU_015500,77.27133383501106
STU_015501,91.98045626386082
STU_015502,50.86991776021513
STU_015503,88.12748507291788
STU_015504,84.44940027281926
STU_015505,77.687191401187
STU_015506,75.0799313835666
STU_015507,99.90308666727267
STU_015508,99.40072736359534
STU_015509,85.48035624558722
STU_015510,80.099833129243
STU_015511,90.18781906164205
STU_015512,79.05320967558782
STU_015513,80.89825353915916
STU_015514,82.04185963700246
STU_015515,77.24176150580888
STU_015516,75.15747776572522
STU_015517,95.37097251031756
STU_015518,73.193499672156
STU_015519,53.94032010044607
STU_015520,77.85426075628575
STU_015521,91.79235910111684
STU_015522,64.71897376067626
STU_015523,69.667250135069
STU_015524,37.172014022706115
STU_015525,78.64280913660829
STU_015526,75.59124530618213
STU_015527,72.95296569338991
STU_015528,71.75927263903017
STU_015529,85.12535344043678
STU_015530,86.63511494704096
STU_015531,85.00547395555915
STU_015532,77.55686774851613
STU_015533,54.03655741902088
STU_015534,93.10025691082161
STU_015535,74.70909737514872
STU_015536,78.11729953325705
STU_015537,70.11195603844365
STU_015538,90.37263312025894
STU_015539,66.37655727212673
STU_015540,68.42715411820899
STU_015541,74.57676188774201
STU_015542,89.7152105913628
STU_015543,80.84213401510593
STU_015544,97.38976360472407
STU_015545,73.27424147625838
STU_015546,75.66515505638064
STU_015547,53.72578377913641
STU_015548,62.77446653059844
STU_015549,94.05289282285409
STU_015550,94.74874404566324
STU_015551,80.70036863421564
STU_015552,72.93182385474071
STU_015553,51.040237701158894
STU_015554,85.74022942069742
STU_015555,86.42690380860597
STU_015556,94.12401202684278
STU_015557,73.20485441064572
STU_015558,86.94828805837483
STU_015559,83.88695159972404
STU_015560,78.59016564704356
STU_015561,84.8829297726317
STU_015562,81.44933967780133
STU_015563,68.54139975435731
STU_015564,69.57158701240286
STU_015565,64.632186646469
STU_015566,71.13582327309246
STU_015567,72.97128332037539
STU_015568,74.2133425967591
STU_015569,71.73031610224467
STU_015570,96.41929139139768
STU_015571,58.02404750559235
STU_015572,79.1031620528221
STU_015573,83.28970721671952
STU_015574,63.05628828642023
STU_015575,76.20566664458858
STU_015576,69.8764905801802
STU_015577,71.99453492829218
STU_015578,78.54861585961821
STU_015579,71.71201837703055
STU_015580,76.14346803513763
STU_015581,80.59214983973915
STU_015582,76.86248114569823
STU_015583,92.74081247496568
STU_015584,87.90377918275217
STU_015585,89.2643106016522
STU_015586,88.15069037977248
STU_015587,51.214685642685374
STU_015588,73.73936171437498
STU_015589,76.7771659269851
STU_015590,61.280896921304496
STU_015591,55.03290505252163
STU_015592,88.38661577994782
STU_015593,64.32494851433194
STU_015594,89.0804745584001
STU_015595,95.5675337974705
STU_015596,84.05526549119986
STU_015597,93.76917249850325
STU_015598,80.77814975458165
STU_015599,52.66942162223066
STU_015600,68.28586008757307
STU_015601,51.80565320911505
STU_015602,62.79417739324174
STU_015603,80.14570242303888
STU_015604,83.79133346065939
STU_015605,56.854326311734255
STU_015606,78.64593298795519
STU_015607,67.11517570892676
STU_015608,73.43304009218967
STU_015609,69.7425661226661
STU_015610,68.13355436991213
STU_015611,88.6583448948597
STU_015612,82.45271740967519
STU_015613,94.31371559873844
STU_015614,63.007655252161506
STU_015615,69.69165005889724
STU_015616,82.35014314552495
STU_015617,66.9393809355972
STU_015618,84.41970392783942
STU_015619,57.54871147067021
STU_015620,70.64829434209967
STU_015621,72.83177123106083
STU_015622,81.03440294268867
STU_015623,88.83761375099047
STU_015624,80.84897989780642
STU_015625,82.3654003347282
STU_015626,60.811777807207605
STU_015627,100.0
STU_015628,75.85276686091497
STU_015629,65.21473861612284
STU_015630,72.53489619568995
STU_015631,68.26825927518159
STU_015632,91.01220234899944
STU_015633,87.68231551309296
STU_015634,72.44591382708595
STU_015635,98.76929164671563
STU_015636,70.18297114555602
STU_015637,47.83196849552449
STU_015638,74.97556469598679
STU_015639,98.77585713466354
STU_015640,66.77443743609427
STU_015641,60.174232027081075
STU_015642,99.50466819809425
STU_015643,81.15611945891736
STU_015644,93.76483333340859
STU_015645,53.4407214611859
STU_015646,99.99044057256336
STU_015647,70.90436798631136
STU_015648,60.919337968081386
STU_015649,80.36236356842504
STU_015650,69.80202448493944
STU_015651,50.3290913544374
STU_015652,97.6999418870137
STU_015653,74.04936754820969
STU_015654,64.20762843866476
STU_015655,100.0
STU_015656,71.5912994292761
STU_015657,76.3840632617472
STU_015658,71.48568855770537
STU_015659,74.20873597528396
STU_015660,90.33359264897513
STU_015661,40.925694916297914
STU_015662,73.4485407338133
STU_015663,86.91681672474382
STU_015664,56.07131439141728
STU_015665,80.17331417082161
STU_015666,83.11899468188614
STU_015667,94.70712300320409
STU_015668,84.03841288392485
STU_015669,74.1939006290236
STU_015670,65.08142160296939
STU_015671,84.23233566434406
STU_015672,87.252390796678
STU_015673,82.56445610968674
STU_015674,78.28134503047787
STU_015675,88.38358209504287
STU_015676,51.01768894375908
STU_015677,84.90362256723135
STU_015678,99.73688936364101
STU_015679,76.12748437226146
STU_015680,77.90956161339369
STU_015681,80.56438690485251
STU_015682,84.88713414986734
STU_015683,61.6540049643359
STU_015684,61.9292537368126
STU_015685,80.98275384001384
STU_015686,71.80863282463022
STU_015687,87.72546291234181
STU_015688,76.41544112008276
STU_015689,64.97728424986036
STU_015690,67.46789431587618
STU_015691,98.25515790103003
STU_015692,86.14406593982122
STU_015693,76.2101938466808
STU_015694,95.96662950274603
STU_015695,93.78580677720794
STU_015696,46.92608150818117
STU_015697,65.37497116318406
STU_015698,90.94922102495008
STU_015699,95.40953673800415
STU_015700,81.21452582841052
STU_015701,68.64300943311797
STU_015702,89.91519652379371
STU_015703,90.94304048110249
STU_015704,80.2471801708796
STU_015705,83.40022583378193
STU_015706,61.991222310140884
STU_015707,84.60398948401989
STU_015708,52.76745712325666
STU_015709,64.10208455551603
STU_015710,68.43639108616313
STU_015711,74.14230596829525
STU_015712,87.6689332421538
STU_015713,80.91358341012045
STU_015714,74.29889794291496
STU_015715,85.69341469887678
STU_015716,62.45743492274771
STU_015717,68.12734929949237
STU_015718,69.98166591479979
STU_015719,59.14352721013004
STU_015720,60.419733382635634
STU_015721,58.490047763935
STU_015722,68.15923196797709
STU_015723,73.57459906902093
STU_015724,99.41393847042156
STU_015725,90.51420567032785
STU_015726,77.22919272184873
STU_015727,64.51591257539415
STU_015728,79.93281983974545
STU_015729,93.88214011206568
STU_015730,70.35092776580747
STU_015731,79.26414226015176
STU_015732,55.185390983323764
STU_015733,67.37824368813315
STU_015734,64.18624333997519
STU_015735,53.990006920288835
STU_015736,92.92354765546838
STU_015737,70.28109535165828
STU_015738,66.61528732613274
STU_015739,77.08995717945052
STU_015740,90.02603386818502
STU_015741,63.44635281714483
STU_015742,72.09759599694569
STU_015743,90.80907220412364
STU_015744,65.28134113881792
STU_015745,88.41483474190655
STU_015746,70.59999275784534
STU_015747,95.23822086051072
STU_015748,52.08799328215499
STU_015749,87.81890979231292
STU_015750,56.83374312135465
STU_015751,89.96273718231461
STU_015752,68.76754657645819
STU_015753,79.32101009930304
STU_015754,78.04876752940714
STU_015755,93.38731559076865
STU_015756,79.54033141951915
STU_015757,87.8530367367476
STU_015758,99.90125692514565
STU_015759,84.47686151623303
STU_015760,63.03224022407955
STU_015761,93.66982228224138
STU_015762,65.38878574997675
STU_015763,66.1096897449713
STU_015764,76.73780677855783
STU_015765,79.60837936822585
STU_015766,81.56149252231083
STU_015767,87.51937895288924
STU_015768,79.43903433835835
STU_015769,84.13667973856612
STU_015770,65.22944909210999
STU_015771,95.1242826582268
STU_015772,58.648890049314275
STU_015773,54.161878438885296
STU_015774,98.33093208412392
STU_015775,84.44067190391034
STU_015776,64.51287196853265
STU_015777,65.95995719158446
STU_015778,64.01437128434125
STU_015779,56.57110028971107
STU_015780,80.04936825795946
STU_015781,73.73452336846742
STU_015782,82.95736888091542
STU_015783,62.919577852117555
STU_015784,76.28218809678908
STU_015785,72.81619066065397
STU_015786,73.53695407149283
STU_015787,82.72810474577875
STU_015788,80.22075997339867
STU_015789,52.265430307028346
STU_015790,65.42619650166694
STU_015791,68.35650466515641
STU_015792,79.0563490061235
STU_015793,88.66942403019057
STU_015794,87.1851205945772
STU_015795,63.72362316123207
STU_015796,88.47657672315637
STU_015797,82.13969605409021
STU_015798,84.62906522045331
STU_015799,91.69943382825099
STU_015800,67.5346377008195
STU_015801,77.52763022237016
STU_015802,58.83637418767776
STU_015803,71.44621637318008
STU_015804,80.64632937462227
STU_015805,51.608510532312295
STU_015806,97.37103927072927
STU_015807,76.81301869006899
STU_015808,66.67163234754545
STU_015809,48.40471353886363
STU_015810,84.01093776454147
STU_015811,100.0
STU_015812,80.75074017109525
STU_015813,93.02957936538931
STU_015814,68.75466401492872
STU_015815,61.112375133773654
STU_015816,91.33760390451711
STU_015817,70.0713485851172
STU_015818,68.31783433453433
STU_015819,55.02236891338386
STU_015820,66.75011315395177
STU_015821,75.49934575590561
STU_015822,64.2031898968364
STU_015823,73.75508123303027
STU_015824,82.61556968010359
STU_015825,50.900308057751815
STU_015826,53.877716956333316
STU_015827,66.26306884301901
STU_015828,73.48388385843214
STU_015829,85.2053784176358
STU_015830,90.78695151373503
STU_015831,74.63455593825957
STU_015832,94.59467205240588
STU_015833,88.26527609978784
STU_015834,43.89643381918454
STU_015835,78.33770380224647
STU_015836,79.99235683429501
STU_015837,79.00097436640765
STU_015838,72.70790150020639
STU_015839,88.96319760891028
STU_015840,68.86301751625837
STU_015841,54.66733762860669
STU_015842,94.55649393926618
STU_015843,84.64676224840693
STU_015844,90.12481586067311
STU_015845,64.98743037168941
STU_015846,65.92692284716236
STU_015847,77.75033245054324
STU_015848,88.31701239567414
STU_015849,95.81719751258888
STU_015850,56.87621452681762
STU_015851,71.96388299833967
STU_015852,63.00939308105225
STU_015853,75.46897469924991
STU_015854,91.29110410220353
STU_015855,95.6087080806138
STU_015856,75.25965539463343
STU_015857,82.43394853272433
STU_015858,65.32337768979114
STU_015859,71.32580868413025
STU_015860,70.92490356378627
STU_015861,67.14859116623461
STU_015862,66.74054965759777
STU_015863,96.27108680194488
STU_015864,50.822498828791346
STU_015865,59.19622802853982
STU_015866,75.2284272563653
STU_015867,37.184973142766296
STU_015868,71.83242122456018
STU_015869,91.20510398383291
STU_015870,76.19639473129402
STU_015871,73.17844271196896
STU_015872,48.10358557499751
STU_015873,95.59907355046039
STU_015874,70.17808425263368
STU_015875,81.55690622128182
STU_015876,62.38070731898762
STU_015877,98.39135166655154
STU_015878,81.32481722759287
STU_015879,94.38186612762236
STU_015880,81.5293886943176
STU_015881,97.515002154128
STU_015882,68.11315448930489
STU_015883,78.99936829832978
STU_015884,86.56238081371268
STU_015885,58.96863043116779
STU_015886,92.70111807119521
STU_015887,99.67289771458036
STU_015888,61.58052189288681
STU_015889,87.96280081875561
STU_015890,92.31008817591561
STU_015891,90.28966364456947
STU_015892,54.761029686631716
STU_015893,55.79383305699645
STU_015894,52.050814011468745
STU_015895,63.51415757947457
STU_015896,70.73705443147615
STU_015897,89.71223026177823
STU_015898,77.28267122358861
STU_015899,90.5160914909861
STU_015900,69.56968406371263
STU_015901,72.41712898599869
STU_015902,72.60390563492717
STU_015903,82.82436625726207
STU_015904,78.89620931234205
STU_015905,91.32470944868041
STU_015906,70.47716237634282
STU_015907,100.0
STU_015908,63.595804216252475
STU_015909,73.3501740748633
STU_015910,75.31344549387283
STU_015911,61.1909164809438
STU_015912,82.9796232338206
STU_015913,66.43874563805639
STU_015914,68.70273130727088
STU_015915,87.56387692378973
STU_015916,62.29147299859717
STU_015917,50.44348242072016
STU_015918,75.23398918296589
STU_015919,88.98613455804811
STU_015920,78.33856987536157
STU_015921,93.27829557686925
STU_015922,55.67232283862961
STU_015923,91.39231107021357
STU_015924,76.03628513462621
STU_015925,69.3464373026729
STU_015926,79.79259630341738
STU_015927,76.78864658698602
STU_015928,74.08898275534423
STU_015929,85.38016285726442
STU_015930,58.88823307559248
STU_015931,57.39857882238064
STU_015932,75.21023104873174
STU_015933,76.97317982015824
STU_015934,70.79055892286517
STU_015935,100.0
STU_015936,99.97825900110121
STU_015937,78.03451067706375
STU_015938,80.03854502865731
STU_015939,65.65426677192973
STU_015940,94.28193335358759
STU_015941,63.43488664152489
STU_015942,85.54078253018771
STU_015943,80.47961423847096
STU_015944,98.05758208702926
STU_015945,76.01359250042003
STU_015946,76.19634723798592
STU_015947,73.31787734057082
STU_015948,72.450341570577
STU_015949,58.380871017683106
STU_015950,96.07198305117993
STU_015951,72.19475022107665
STU_015952,72.71007603317238
STU_015953,63.04727989398056
STU_015954,80.15875692696729
STU_015955,78.21720029022784
STU_015956,82.44275871297722
STU_015957,56.712206794806434
STU_015958,70.50266092096413
STU_015959,91.50054930006246
STU_015960,69.85416795911661
STU_015961,84.5775590391432
STU_015962,82.72251334483936
STU_015963,77.63847416020512
STU_015964,64.63083955803671
STU_015965,87.13801455857003
STU_015966,55.423346041613016
STU_015967,80.41359966923068
STU_015968,84.70420932796623
STU_015969,69.10019061217136
STU_015970,80.13049093382219
STU_015971,64.45992344316485
STU_015972,84.98345343003976
STU_015973,64.56938258372915
STU_015974,88.14727177515132
STU_015975,53.78271700296709
STU_015976,51.08066821943361
STU_015977,63.287717505278366
STU_015978,68.32630687204309
STU_015979,87.08652207494512
STU_015980,85.04037823076179
STU_015981,97.20976890449269
STU_015982,93.42070928399067
STU_015983,79.7696842769895
STU_015984,83.47891407023917
STU_015985,73.44489787162026
STU_015986,46.2641054614092
STU_015987,76.16731856156575
STU_015988,63.321167775820726
STU_015989,82.14477478887156
STU_015990,59.05297070891592
STU_015991,70.7772492459155
STU_015992,44.995734255938764
STU_015993,76.68626336223579
STU_015994,75.19303942977254
STU_015995,99.06851647446763
STU_015996,77.3751049740711
STU_015997,69.41126649283079
STU_015998,80.99666857284501
STU_015999,85.85637119937716
STU_016000,83.26354429242971
STU_016001,90.61801385657286
STU_016002,87.55088826737045
STU_016003,92.30978693981703
STU_016004,84.9796655110685
STU_016005,45.7204580862072
STU_016006,62.80858994784536
STU_016007,83.3999630047197
STU_016008,89.12847788176798
STU_016009,51.683120852009814
STU_016010,74.41308725832192
STU_016011,84.97246802168772
STU_016012,69.93432716131
STU_016013,68.02697336402146
STU_016014,98.63464020094345
STU_016015,50.82864649150193
STU_016016,95.67488629109477
STU_016017,80.15631839246902
STU_016018,81.32478552515596
STU_016019,71.31194452873982
STU_016020,93.21413032369608
STU_016021,100.0
STU_016022,67.73845961766443
STU_016023,99.87757865139085
STU_016024,73.10484132183939
STU_016025,88.00834029852909
STU_016026,53.13884402215406
STU_016027,62.256185931284435
STU_016028,70.39321542595366
STU_016029,78.35780374614039
STU_016030,99.77968910535154
STU_016031,94.79310767843018
STU_016032,83.84132316700905
STU_016033,85.92161674555304
STU_016034,79.7536407736705
STU_016035,66.76816163373617
STU_016036,100.0
STU_016037,76.88926749283556
STU_016038,72.1733348570444
STU_016039,69.71390202068183
STU_016040,91.12603904144771
STU_016041,94.61021535058195
STU_016042,74.06713678946774
STU_016043,82.29461549347624
STU_016044,93.49083526025763
STU_016045,82.60013080961139
STU_016046,61.648171935257416
STU_016047,88.37924670972879
STU_016048,71.24728366783218
STU_016049,74.57327338146895
STU_016050,71.37829320407346
STU_016051,82.67573952733537
STU_016052,96.59253362876824
STU_016053,78.66846589254628
STU_016054,67.75546393383814
STU_016055,76.68581226098127
STU_016056,71.0172060656185
STU_016057,77.62601092919695
STU_016058,77.69102920256603
STU_016059,68.1101765601929
STU_016060,75.1268346596096
STU_016061,53.09844552940816
STU_016062,69.95993810533308
STU_016063,76.06773020991297
STU_016064,62.00248993928441
STU_016065,77.3762440956155
STU_016066,81.60851124606889
STU_016067,59.180899934261014
STU_016068,99.61650757762754
STU_016069,76.8004531479494
STU_016070,71.30190058255737
STU_016071,64.80802009682932
STU_016072,86.71755537497036
STU_016073,78.8514213527803
STU_016074,86.10165694878344
STU_016075,99.68762140071931
STU_016076,63.516362081040185
STU_016077,66.2834311676306
STU_016078,82.44911298265957
STU_016079,83.42978000661051
STU_016080,82.84999577593096
STU_016081,67.33062224113038
STU_016082,86.24989854054112
STU_016083,98.99985683188669
STU_016084,72.45457783617813
STU_016085,53.057809444588315
STU_016086,96.06241792852612
STU_016087,70.51116992699136
STU_016088,74.1726285742921
STU_016089,86.87013472906906
STU_016090,86.03967908013225
STU_016091,64.19464886475778
STU_016092,73.8927385181153
STU_016093,78.1478709784455
STU_016094,76.68068091075588
STU_016095,71.75578723231442
STU_016096,87.81589666077475
STU_016097,69.97298348821393
STU_016098,57.370201148893145
STU_016099,84.14371338586447
STU_016100,76.71844648330692
STU_016101,60.18828796104793
STU_016102,80.87208018579429
STU_016103,55.876481746014335
STU_016104,81.39150035672273
STU_016105,64.35774803849021
STU_016106,60.89722288866055
STU_016107,79.2317869819733
STU_016108,72.21568494177424
STU_016109,66.81139429291844
STU_016110,65.74429542836086
STU_016111,85.52304129995385
STU_016112,77.37566649308512
STU_016113,58.64286941842547
STU_016114,72.01302727227555
STU_016115,85.11491149995494
STU_016116,96.5262797165822
STU_016117,80.65946586479393
STU_016118,64.66295754881281
STU_016119,81.8127657556472
STU_016120,83.68635528362373
STU_016121,67.20427360054401
STU_016122,72.37428695470498
STU_016123,86.90520618034043
STU_016124,96.07201027938268
STU_016125,87.40064513211419
STU_016126,81.70852830988689
STU_016127,83.3641300603018
STU_016128,94.30020369971575
STU_016129,67.09402361381862
STU_016130,97.41894617423608
STU_016131,81.18658952357733
STU_016132,69.75575321176585
STU_016133,74.6053601636884
STU_016134,73.92390870626534
STU_016135,60.51855479310941
STU_016136,90.05590781063225
STU_016137,77.62452371037202
STU_016138,79.36499060226463
STU_016139,98.83898814756975
STU_016140,85.35575067374074
STU_016141,89.22348570766273
STU_016142,85.09781017724937
STU_016143,54.38982632750798
STU_016144,77.92629867384504
STU_016145,76.52247936451239
STU_016146,86.23664929556548
STU_016147,89.10193763889272
STU_016148,65.73724245668966
STU_016149,54.203393137901706
STU_016150,95.1200510047711
STU_016151,56.3300795824578
STU_016152,79.76150621742747
STU_016153,69.86508447891002
STU_016154,82.39631456549427
STU_016155,82.49453573491363
STU_016156,65.91822969471008
STU_016157,76.98447643795643
STU_016158,98.7600428547582
STU_016159,61.380510033860496
STU_016160,81.21907537415069
STU_016161,71.09427156834221
STU_016162,93.40732543013385
STU_016163,75.39206745563165
STU_016164,64.56040401735663
STU_016165,94.14209329580093
STU_016166,63.38058681633296
STU_016167,86.25314886649633
STU_016168,86.62601947008386
STU_016169,89.63742510481578
STU_016170,84.08973260794815
STU_016171,75.29021041401903
STU_016172,62.63071524961269
STU_016173,71.59314532990052
STU_016174,61.32062733340433
STU_016175,92.23082070566724
STU_016176,75.40231206438885
STU_016177,83.71547609518845
STU_016178,79.34889638572312
STU_016179,80.31338317158787
STU_016180,57.21070061989453
STU_016181,94.48375480725659
STU_016182,53.58281345206866
STU_016183,76.28948676231354
STU_016184,75.65125112176332
STU_016185,99.95440593051924
STU_016186,48.507252544042544
STU_016187,93.46572856254005
STU_016188,77.88584755987195
STU_016189,82.70938126199866
STU_016190,77.06072258169826
STU_016191,57.17034284725766
STU_016192,60.60815455570251
STU_016193,80.1425358956489
STU_016194,92.95587127098852
STU_016195,83.6267180701075
STU_016196,56.252874606649556
STU_016197,97.29459294814063
STU_016198,69.98661940494057
STU_016199,78.99810066342454
STU_016200,65.06039412849991
STU_016201,66.94092681540187
STU_016202,64.1744830820449
STU_016203,69.77786717856011
STU_016204,62.69613996181815
STU_016205,56.990840932213985
STU_016206,72.16510439616735
STU_016207,52.38712421494206
STU_016208,68.50986858519138
STU_016209,70.1281060634183
STU_016210,55.97238626463022
STU_016211,72.73767767962431
STU_016212,67.90739498202561
STU_016213,91.79680406372142
STU_016214,55.52127243068992
STU_016215,69.575840752683
STU_016216,62.10531028256035
STU_016217,71.56517195289629
STU_016218,100.0
STU_016219,79.64352536905703
STU_016220,91.6902909051867
STU_016221,64.9944260096881
STU_016222,66.71595427981345
STU_016223,65.5004199103106
STU_016224,98.50387981632932
STU_016225,82.68388739022335
STU_016226,91.29953600581692
STU_016227,82.22166542340733
STU_016228,73.84135904153945
STU_016229,63.83609517870861
STU_016230,64.91559809125633
STU_016231,94.92886860711069
STU_016232,97.80573117960596
STU_016233,49.64677777529414
STU_016234,85.97216622249526
STU_016235,55.995874109249485
STU_016236,76.98286809414913
STU_016237,68.33315063223786
STU_016238,88.96802272893622
STU_016239,68.84616728921499
STU_016240,92.316141753979
STU_016241,85.14325823254406
STU_016242,69.46365016485515
STU_016243,71.80560660211918
STU_016244,76.59958154836839
STU_016245,68.98820789199108
STU_016246,65.1153241320007
STU_016247,71.33583291921259
STU_016248,74.21308904756644
STU_016249,65.11265840992041
STU_016250,88.70934387184012
STU_016251,53.299585233848006
STU_016252,88.8294216981524
STU_016253,84.89289983059889
STU_016254,85.49660062241398
STU_016255,70.27234300776303
STU_016256,44.51760044279534
STU_016257,81.91709764535312
STU_016258,81.42607040863686
STU_016259,71.85228572401209
STU_016260,72.56453266886436
STU_016261,96.95738118308847
STU_016262,82.3721668672737
STU_016263,57.73161062704935
STU_016264,55.83803120236159
STU_016265,98.94121677286789
STU_016266,91.10419103268165
STU_016267,72.01076802411015
STU_016268,81.44522782996657
STU_016269,93.16014539906166
STU_016270,68.56967390128679
STU_016271,72.5037382152479
STU_016272,85.35922046635928
STU_016273,76.51860703073075
STU_016274,60.573823401654394
STU_016275,70.50769422067931
STU_016276,62.99874180333096
STU_016277,84.8056103644445
STU_016278,85.61747038023083
STU_016279,81.31159840405209
STU_016280,74.22164398393205
STU_016281,83.16735782977833
STU_016282,70.32267410395269
STU_016283,66.10367279775417
STU_016284,86.36785118715407
STU_016285,61.37669200216975
STU_016286,57.86634502260017
STU_016287,91.2641362047043
STU_016288,92.32928180242297
STU_016289,74.26644155180705
STU_016290,63.89007287147905
STU_016291,76.79026991688936
STU_016292,74.9690367867625
STU_016293,79.57333449287893
STU_016294,70.6505648362965
STU_016295,85.61376722669502
STU_016296,69.58642911434131
STU_016297,86.22756607642026
STU_016298,53.60160467858806
STU_016299,70.11436008456693
STU_016300,65.52262398438478
STU_016301,53.03120614597808
STU_016302,67.68380391160213
STU_016303,78.3600679231324
STU_016304,87.95786318704423
STU_016305,85.52191185051167
STU_016306,77.67116662347738
STU_016307,63.793144677743484
STU_016308,62.60608271252258
STU_016309,87.60887449300789
STU_016310,77.20816504236474
STU_016311,59.038392999586065
STU_016312,64.64574894284495
STU_016313,99.69746242316315
STU_016314,89.28585544306848
STU_016315,62.5034320644909
STU_016316,96.09444933260974
STU_016317,81.42174800913475
STU_016318,70.79029587440766
STU_016319,65.90098967397773
STU_016320,69.73139320890517
STU_016321,64.58074184914112
STU_016322,96.53054419289208
STU_016323,73.15371232986006
STU_016324,53.10030368555218
STU_016325,73.3285242330442
STU_016326,80.17905730981765
STU_016327,84.84274993296965
STU_016328,71.99496479705815
STU_016329,68.96390309462706
STU_016330,70.79649370138978
STU_016331,77.1388376642372
STU_016332,85.34070313362378
STU_016333,85.56403335363815
STU_016334,62.34565136966019
STU_016335,73.92487863519696
STU_016336,70.68808921629085
STU_016337,65.63407026742401
STU_016338,76.05814251250797
STU_016339,80.86666151681051
STU_016340,87.71622097608065
STU_016341,89.44122469665153
STU_016342,75.47604656651518
STU_016343,74.25389155267611
STU_016344,93.36472586504601
STU_016345,80.3505698424369
STU_016346,86.13888874464133
STU_016347,50.30414754499811
STU_016348,64.79529030298269
STU_016349,88.34248649249093
STU_016350,61.44541498287524
STU_016351,70.80093831228517
STU_016352,79.08952995355386
STU_016353,72.73720887729831
STU_016354,52.62665459851515
STU_016355,75.93673833055617
STU_016356,67.61634182255865
STU_016357,63.72827441312188
STU_016358,73.98246127802737
STU_016359,90.0158526739662
STU_016360,76.62901693387356
STU_016361,72.54092903554778
STU_016362,76.34204928352449
STU_016363,71.34571240320344
STU_016364,70.81108889741343
STU_016365,78.27761918581827
STU_016366,72.15696910193282
STU_016367,82.08151755881032
STU_016368,57.243931498866786
STU_016369,77.1688014789985
STU_016370,44.902946395135174
STU_016371,59.28483300575731
STU_016372,93.6350029036648
STU_016373,82.76880666229665
STU_016374,73.17018909966484
STU_016375,78.67989923929112
STU_016376,92.05214414968252
STU_016377,57.16503099199618
STU_016378,83.71508655156597
STU_016379,54.6944461703758
STU_016380,84.22341040914394
STU_016381,60.747744397971374
STU_016382,76.76140479685986
STU_016383,56.64973793146136
STU_016384,94.80214308644221
STU_016385,93.71962448558602
STU_016386,74.41238878525698
STU_016387,72.02608427625464
STU_016388,58.0451558355196
STU_016389,78.58593008616145
STU_016390,77.66097072182646
STU_016391,99.73235778351423
STU_016392,82.15497219103581
STU_016393,75.50647791892618
STU_016394,93.79854748557088
STU_016395,61.27253760793421
STU_016396,93.83379982443458
STU_016397,63.44570249744227
STU_016398,59.80538380303648
STU_016399,70.15040971537283
STU_016400,82.98986061166383
STU_016401,71.0872489001652
STU_016402,95.257976804587
STU_016403,64.30802736825174
STU_016404,67.03300962591254
STU_016405,67.03204554775697
STU_016406,67.42363405125697
STU_016407,96.25748291041788
STU_016408,89.18619554257106
STU_016409,53.13307155822497
STU_016410,62.14867919500678
STU_016411,53.83874551937204
STU_016412,50.20258478411938
STU_016413,66.12716674520748
STU_016414,85.97501718399107
STU_016415,86.39594421399866
STU_016416,73.48422188541298
STU_016417,78.50129569302757
STU_016418,97.34037885999913
STU_016419,76.204184139998
STU_016420,62.72428480678515
STU_016421,65.4696786960331
STU_016422,70.8672507442675
STU_016423,98.35771020139696
STU_016424,66.82298254399828
STU_016425,84.02858789633683
STU_016426,77.6316406203461
STU_016427,73.32989790008216
STU_016428,99.65113146823857
STU_016429,74.22341393643042
STU_016430,83.29451463772901
STU_016431,96.796561709316
STU_016432,51.682224981211405
STU_016433,60.28444111627937
STU_016434,59.13685414367056
STU_016435,77.74099731657718
STU_016436,92.27928588205185
STU_016437,78.54445585308552
STU_016438,75.28461019727322
STU_016439,75.78537480051509
STU_016440,61.138852942481606
STU_016441,93.57851576595223
STU_016442,92.59237161852695
STU_016443,64.50818114011138
STU_016444,76.1615795246295
STU_016445,72.72353178632288
STU_016446,66.14944905760301
STU_016447,65.89336488109421
STU_016448,74.00200820079401
STU_016449,78.31585909588443
STU_016450,73.6509332920088
STU_016451,89.25572358464242
STU_016452,87.30110189648073
STU_016453,62.55549968425165
STU_016454,66.73432525748916
STU_016455,48.05278315611474
STU_016456,72.93088325752295
STU_016457,89.28699403846093
STU_016458,76.60304474131348
STU_016459,77.54498917504161
STU_016460,77.7351925832898
STU_016461,56.76398974885002
STU_016462,84.08741505134142
STU_016463,84.49247071237156
STU_016464,78.24033853794917
STU_016465,84.47707190978568
STU_016466,70.62515375053226
STU_016467,81.62039689059789
STU_016468,66.87553051916714
STU_016469,54.18073921902334
STU_016470,91.70933140864533
STU_016471,56.54269333847586
STU_016472,86.20320641845494
STU_016473,76.07250922209694
STU_016474,69.50006585352565
STU_016475,98.48092904401253
STU_016476,93.04202109544876
STU_016477,92.49594148578434
STU_016478,88.11013043032347
STU_016479,68.31225228421826
STU_016480,83.59394238779144
STU_016481,73.86264465015607
STU_016482,64.10085700829234
STU_016483,84.13499365523892
STU_016484,68.8256290020839
STU_016485,68.70457294029535
STU_016486,87.7384802907694
STU_016487,71.36499548938052
STU_016488,77.87380002771377
STU_016489,95.18380770873387
STU_016490,66.01676343090394
STU_016491,86.31988617928536
STU_016492,85.96724799922515
STU_016493,86.2825148429481
STU_016494,73.70245872552991
STU_016495,46.78056580958992
STU_016496,81.28841268194411
STU_016497,45.59256802082314
STU_016498,60.220886417169524
STU_016499,72.7425288161716
STU_016500,70.74666390572433
STU_016501,75.30387875520702
STU_016502,76.96048211422085
STU_016503,57.91749098329167
STU_016504,77.66258085847193
STU_016505,93.81499670792039
STU_016506,73.16693055326797
STU_016507,67.72885532938506
STU_016508,85.90383656103288
STU_016509,42.84844271717001
STU_016510,76.02451204579522
STU_016511,67.51769784506253
STU_016512,66.51730116194996
STU_016513,53.47869831813545
STU_016514,86.06487858821929
STU_016515,60.68264609396125
STU_016516,56.7804341789858
STU_016517,83.2342762353128
STU_016518,78.85850445212802
STU_016519,84.46929744929797
STU_016520,59.6513155693347
STU_016521,99.96973242100889
STU_016522,53.6413020675967
STU_016523,71.75297402870987
STU_016524,70.89193918527508
STU_016525,42.95053990396016
STU_016526,99.9301501410622
STU_016527,55.07287142549862
STU_016528,64.82868190520799
STU_016529,73.69766588973314
STU_016530,82.34189992881383
STU_016531,98.22950297808897
STU_016532,99.11118017919615
STU_016533,75.53061002481678
STU_016534,86.34970938900108
STU_016535,62.30786403708817
STU_016536,85.81146558960752
STU_016537,80.13192999319902
STU_016538,68.85386800603797
STU_016539,67.25007216700521
STU_016540,78.58069902530711
STU_016541,99.91076613010051
STU_016542,56.925632848796745
STU_016543,64.00649066724831
STU_016544,89.9747577729625
STU_016545,92.07189010137586
STU_016546,64.71960409500447
STU_016547,100.0
STU_016548,91.67775081611799
STU_016549,83.03732489821945
STU_016550,64.03535547456597
STU_016551,80.9683918817952
STU_016552,88.46023967385848
STU_016553,72.20468552932482
STU_016554,91.25420550352024
STU_016555,71.58007541356247
STU_016556,78.70413828946272
STU_016557,69.77400254430246
STU_016558,75.92727201372816
STU_016559,84.56483875976372
STU_016560,64.33500124086342
STU_016561,79.78037532884511
STU_016562,75.26248731250426
STU_016563,76.9114825008972
STU_016564,70.23362299951114
STU_016565,77.05335744510458
STU_016566,86.09079652197542
STU_016567,69.57607117776496
STU_016568,68.06030420637018
STU_016569,60.433521998481126
STU_016570,64.43521936490284
STU_016571,87.8573843116765
STU_016572,58.07873454490584
STU_016573,55.14332633904942
STU_016574,95.82654383624569
STU_016575,61.93620600445225
STU_016576,83.86333137649584
STU_016577,87.72088190145695
STU_016578,85.00776608146134
STU_016579,84.80909121228166
STU_016580,85.2928811366223
STU_016581,98.44638118466543
STU_016582,62.87870197441531
STU_016583,86.09445778674204
STU_016584,96.68190689814456
STU_016585,85.32823943077247
STU_016586,77.63967349047803
STU_016587,73.5932334065445
STU_016588,68.02401697614746
STU_016589,66.8089766649642
STU_016590,74.76284143916143
STU_016591,63.80768637526338
STU_016592,80.1018408233226
STU_016593,85.06025133466358
STU_016594,42.230271969305655
STU_016595,78.65244816099937
STU_016596,90.63023522752727
STU_016597,51.4079619355447
STU_016598,83.97447426567263
STU_016599,44.62586171202269
STU_016600,51.65965005462339
STU_016601,81.93755296987743
STU_016602,53.425765806150046
STU_016603,55.321313783676096
STU_016604,90.51138351843217
STU_016605,91.01961395508803
STU_016606,68.36028953632893
STU_016607,41.453421539348305
STU_016608,87.37066290827667
STU_016609,75.66177407207479
STU_016610,85.01805061588516
STU_016611,59.107386509941925
STU_016612,95.18118356752024
STU_016613,81.31440667917285
STU_016614,66.05869953182246
STU_016615,91.66486173978274
STU_016616,88.52774422902792
STU_016617,91.50847894357963
STU_016618,70.05164727304972
STU_016619,87.53722364659245
STU_016620,55.78229133697489
STU_016621,78.5833319369373
STU_016622,76.78770080785684
STU_016623,77.77001087028502
STU_016624,96.86170144895405
STU_016625,81.54703179197395
STU_016626,56.4498581406816
STU_016627,99.80559269292738
STU_016628,85.55746815810613
STU_016629,51.37669894826275
STU_016630,69.859078540329
STU_016631,64.65128288912479
STU_016632,65.33405413607849
STU_016633,81.00694882349882
STU_016634,64.7334474984715
STU_016635,94.74421161704228
STU_016636,83.92189034912819
STU_016637,66.74901403373875
STU_016638,69.22154128151297
STU_016639,67.2058651617219
STU_016640,99.99155304248399
STU_016641,85.94006577952788
STU_016642,60.15872895276146
STU_016643,68.45542122397359
STU_016644,79.6084991625804
STU_016645,89.50359542187084
STU_016646,86.06278763708964
STU_016647,68.2990543578442
STU_016648,80.08452254474582
STU_016649,86.11755882862292
STU_016650,87.90885212198656
STU_016651,82.26500655985156
STU_016652,85.06283874441547
STU_016653,77.34217604977832
STU_016654,92.49606451790909
STU_016655,72.57032454025776
STU_016656,78.93815953822035
STU_016657,78.85013334431419
STU_016658,88.58628160450307
STU_016659,76.18272493142017
STU_016660,89.9455334377395
STU_016661,74.46206418617936
STU_016662,71.21979426892399
STU_016663,91.52754423147464
STU_016664,67.1831269906072
STU_016665,80.44588355924213
STU_016666,65.36259228196002
STU_016667,69.72882857464103
STU_016668,93.32185156837298
STU_016669,73.83686343860276
STU_016670,86.01637202021351
STU_016671,97.51051744784692
STU_016672,81.93873744280832
STU_016673,64.15868726985386
STU_016674,77.95791432591686
STU_016675,78.83446878439277
STU_016676,99.38912538803874
STU_016677,91.096563563869
STU_016678,89.87925613860946
STU_016679,85.73755571948499
STU_016680,61.48760369041297
STU_016681,96.84614432049831
STU_016682,83.55045851999336
STU_016683,76.25216878911708
STU_016684,68.4400702051932
STU_016685,80.25093308113557
STU_016686,75.6966741416781
STU_016687,96.85232452697586
STU_016688,56.70877198989875
STU_016689,73.12063507788636
STU_016690,55.06314939805842
STU_016691,78.12007561210517
STU_016692,75.08395050982887
STU_016693,62.90142168735964
STU_016694,84.74794078548337
STU_016695,76.05118708229756
STU_016696,76.72768569992043
STU_016697,73.30799822534931
STU_016698,81.42349002305274
STU_016699,66.86722193901132
STU_016700,71.13478332115136
STU_016701,79.77786852085282
STU_016702,82.42268532099463
STU_016703,90.10085098035012
STU_016704,84.79841608002775
STU_016705,90.73952820209897
STU_016706,73.0065049375988
STU_016707,82.29741552546201
STU_016708,89.28608871924521
STU_016709,46.11686056429191
STU_016710,75.98469217222365
STU_016711,60.71357066337666
STU_016712,47.79607812523625
STU_016713,96.52893262282765
STU_016714,97.35697296013308
STU_016715,65.53160707791245
STU_016716,71.8775800748308
STU_016717,88.2334035335337
STU_016718,54.38908010904248
STU_016719,89.76594146538754
STU_016720,97.08596073728856
STU_016721,77.57526248877413
STU_016722,72.79281607125618
STU_016723,70.59226332786281
STU_016724,75.90133710581142
STU_016725,68.53784982767766
STU_016726,60.825488680779756
STU_016727,69.63305475606361
STU_016728,61.46174436290364
STU_016729,75.81172582986903
STU_016730,86.47970220819863
STU_016731,63.598900659210024
STU_016732,91.59523475077748
STU_016733,85.63620584147463
STU_016734,60.91534244756434
STU_016735,86.17040640312294
STU_016736,62.065286178513745
STU_016737,66.67874162452237
STU_016738,74.92862450543285
STU_016739,80.26629802894699
STU_016740,70.59092410250632
STU_016741,77.35830956508387
STU_016742,90.9059862704845
STU_016743,70.01003448962976
STU_016744,62.031182781488084
STU_016745,66.24078728823375
STU_016746,55.043893634349274
STU_016747,84.83771357760155
STU_016748,73.48040697751878
STU_016749,53.654607502307385
STU_016750,90.47341373947606
STU_016751,88.0355204259878
STU_016752,63.86516581114542
STU_016753,75.4576241918719
STU_016754,100.0
STU_016755,75.11052860232734
STU_016756,75.57306710458798
STU_016757,80.58986916961285
STU_016758,54.221382839897316
STU_016759,99.0795190934756
STU_016760,72.30639141738119
STU_016761,77.3987975353316
STU_016762,70.36371448419642
STU_016763,77.63756561882175
STU_016764,66.25548827241941
STU_016765,85.08677439534343
STU_016766,89.83759737079411
STU_016767,83.07568419457823
STU_016768,88.08145592119887
STU_016769,46.02345191897446
STU_016770,57.98782505722437
STU_016771,68.7894107880482
STU_016772,90.30137786889154
STU_016773,68.16965402019905
STU_016774,81.31890698735879
STU_016775,70.23504099259998
STU_016776,94.14593667798079
STU_016777,48.6107937467402
STU_016778,75.95691568454905
STU_016779,75.63186404856248
STU_016780,88.97584061587384
STU_016781,51.363014593277555
STU_016782,83.17107679265371
STU_016783,69.02933629723829
STU_016784,94.12683811127883
STU_016785,90.9554263749666
STU_016786,68.9241353589403
STU_016787,68.60791449698354
STU_016788,89.26254573582528
STU_016789,74.96054690557662
STU_016790,82.93132893858449
STU_016791,69.27358319689584
STU_016792,74.0525016214477
STU_016793,79.92553709205369
STU_016794,71.42400952969679
STU_016795,73.37397779892785
STU_016796,87.45381913511483
STU_016797,68.58278454224725
STU_016798,73.20888463227625
STU_016799,90.52958882265592
STU_016800,65.56553388450197
STU_016801,61.352388322543135
STU_016802,66.70092191315814
STU_016803,94.53556338931209
STU_016804,93.9556333699073
STU_016805,56.59999185065346
STU_016806,80.12032633072587
STU_016807,79.70344182959134
STU_016808,86.26735486233925
STU_016809,89.25589881598063
STU_016810,49.82347162053196
STU_016811,80.71181947764354
STU_016812,70.92412160557481
STU_016813,78.13419530195155
STU_016814,88.20958490915162
STU_016815,69.53048428557524
STU_016816,75.21483665805115
STU_016817,99.9715975297589
STU_016818,51.84675100717382
STU_016819,84.71535302740926
STU_016820,77.77818522533698
STU_016821,76.41501966049313
STU_016822,76.27609658535815
STU_016823,100.0
STU_016824,79.04172223686628
STU_016825,83.45628947518057
STU_016826,72.2831771203754
STU_016827,78.7386563890377
STU_016828,71.8417114309595
STU_016829,83.67629580360781
STU_016830,73.45103427240025
STU_016831,89.63382046723903
STU_016832,64.48727338598562
STU_016833,64.54739176614359
STU_016834,87.38753548195442
STU_016835,76.36379299202596
STU_016836,82.29117548684249
STU_016837,99.31807623101346
STU_016838,87.92460755167849
STU_016839,68.0876261874617
STU_016840,77.06145936377175
STU_016841,96.3498626546629
STU_016842,73.58215846144262
STU_016843,65.8852950181716
STU_016844,87.5101512079602
STU_016845,67.61898159442875
STU_016846,66.98795764293638
STU_016847,73.3604888648742
STU_016848,61.71244369826581
STU_016849,76.02557949408772
STU_016850,77.68089054163828
STU_016851,65.40708114305725
STU_016852,86.37182012971
STU_016853,88.66996243377305
STU_016854,87.43132938983183
STU_016855,79.01971734501493
STU_016856,98.07573594757034
STU_016857,67.6335363719104
STU_016858,58.89066640842998
STU_016859,98.24418158658077
STU_016860,99.35650497536942
STU_016861,79.66271981047281
STU_016862,88.63958842762933
STU_016863,97.81679954345746
STU_016864,49.31290765140761
STU_016865,83.25481976649577
STU_016866,70.29976161998022
STU_016867,97.11092174972539
STU_016868,78.39459212256504
STU_016869,84.49988801220678
STU_016870,67.11210923825287
STU_016871,56.00663793774598
STU_016872,77.43454654950037
STU_016873,91.34405019325845
STU_016874,67.55569078092854
STU_016875,81.53752426207909
STU_016876,57.97492675901998
STU_016877,100.0
STU_016878,56.64324763179249
STU_016879,88.49674140088645
STU_016880,86.05736776467398
STU_016881,69.5144489691159
STU_016882,77.91848383573674
STU_016883,91.91458420199837
STU_016884,76.12326516347869
STU_016885,91.91894563234708
STU_016886,79.84360156450781
STU_016887,63.6950536232726
STU_016888,88.76467158922968
STU_016889,77.23325921862263
STU_016890,68.62158781844339
STU_016891,63.210668887096006
STU_016892,81.20150688389026
STU_016893,66.03192670945526
STU_016894,80.69725457601338
STU_016895,73.82916887586236
STU_016896,68.71752327263502
STU_016897,50.341574494378484
STU_016898,100.0
STU_016899,77.45910748884172
STU_016900,95.63855142412834
STU_016901,77.7153781016263
STU_016902,92.19639781370574
STU_016903,76.49738016139256
STU_016904,80.77906376615982
STU_016905,80.19091629528111
STU_016906,68.02253085557219
STU_016907,82.91006367470462
STU_016908,67.38883556359349
STU_016909,83.82598115991105
STU_016910,68.56149957441666
STU_016911,72.72871434853822
STU_016912,70.3312850046514
STU_016913,59.43770825765641
STU_016914,89.43063691068407
STU_016915,90.60787176876163
STU_016916,77.12653528812544
STU_016917,84.96920768415208
STU_016918,47.3174672584825
STU_016919,70.56937599835183
STU_016920,68.37003578608525
STU_016921,73.66322838335554
STU_016922,70.61906021478569
STU_016923,88.14599095610286
STU_016924,56.571978223023734
STU_016925,76.15855401090516
STU_016926,81.16153587156168
STU_016927,59.83078528637622
STU_016928,87.32139350069272
STU_016929,66.66538477821283
STU_016930,97.64500757141948
STU_016931,48.10871068877672
STU_016932,88.53015501079355
STU_016933,85.83309654125263
STU_016934,66.66741728271707
STU_016935,75.71409547552085
STU_016936,68.41316194237595
STU_016937,69.67477289890031
STU_016938,88.68011197234985
STU_016939,94.43295553683532
STU_016940,92.84091544608512
STU_016941,59.431044785454404
STU_016942,83.48489002021924
STU_016943,76.51292116855191
STU_016944,85.73128388074954
STU_016945,89.94576212088526
STU_016946,87.08616383726812
STU_016947,73.65469954371498
STU_016948,77.87768182762505
STU_016949,62.98926593683639
STU_016950,68.28504589731331
STU_016951,96.66783880055222
STU_016952,58.166056971933315
STU_016953,60.30453160998886
STU_016954,72.34271985810037
STU_016955,83.86502455915864
STU_016956,87.58178634541201
STU_016957,63.72305122677322
STU_016958,77.91171401854974
STU_016959,96.85012600586234
STU_016960,79.22046009002986
STU_016961,64.86433208775902
STU_016962,73.92824427172404
STU_016963,97.48007705188868
STU_016964,89.11713944482955
STU_016965,85.8781973291744
STU_016966,70.46094582466185
STU_016967,90.75560040873884
STU_016968,98.20973442934864
STU_016969,65.19619362033555
STU_016970,75.64215615876914
STU_016971,66.45729424957034
STU_016972,97.61465970879914
STU_016973,66.26420831723664
STU_016974,75.09064425967873
STU_016975,59.041496355013635
STU_016976,71.06889254977561
STU_016977,90.5717666761017
STU_016978,67.23737660747821
STU_016979,61.33070221499183
STU_016980,83.3541477402069
STU_016981,60.628099919380325
STU_016982,76.41125925705347
STU_016983,61.329507436342986
STU_016984,66.9398667475403
STU_016985,99.97614283242117
STU_016986,87.63361132469025
STU_016987,81.43730160317229
STU_016988,71.26590217457432
STU_016989,91.07778185483167
STU_016990,73.23703550577154
STU_016991,64.01368122974239
STU_016992,82.79404413947464
STU_016993,75.60731009732284
STU_016994,62.761662058678205
STU_016995,66.38152454617332
STU_016996,94.4541415185823
STU_016997,77.3744921714347
STU_016998,92.60433026465002
STU_016999,97.06597070870157
STU_017000,86.39596603708723
STU_017001,90.95898363797738
STU_017002,92.79170535966722
STU_017003,96.2550816687255
STU_017004,66.1252233972528
STU_017005,88.3665633774304
STU_017006,87.90178459537867
STU_017007,80.01585449900944
STU_017008,79.27860855692879
STU_017009,85.80018083213305
STU_017010,74.27477817950597
STU_017011,50.741114803828964
STU_017012,57.645915141920554
STU_017013,99.98373711313799
STU_017014,79.77887228445812
STU_017015,80.29713242200918
STU_017016,91.60602024320144
STU_017017,64.51585979796513
STU_017018,74.41619298868204
STU_017019,56.07656520434777
STU_017020,68.61409863143962
STU_017021,79.82390733678592
STU_017022,70.11919588809731
STU_017023,65.4736233487576
STU_017024,62.88372851773951
STU_017025,64.66161329160528
STU_017026,76.36516201988826
STU_017027,79.80453506764978
STU_017028,73.37780201148938
STU_017029,89.50897316322263
STU_017030,86.97500569566549
STU_017031,58.2131160863882
STU_017032,94.24510188790862
STU_017033,89.01827655265069
STU_017034,73.66455587409774
STU_017035,71.43442651783351
STU_017036,88.81157764086836
STU_017037,96.15617847059056
STU_017038,97.0877074639755
STU_017039,89.46359646765794
STU_017040,96.91380901041495
STU_017041,60.53353927013635
STU_017042,88.75886149468614
STU_017043,73.65626609857046
STU_017044,94.83561529959317
STU_017045,83.41660005386444
STU_017046,82.6606288189109
STU_017047,97.41926222257199
STU_017048,66.75486976341503
STU_017049,83.39914383354291
STU_017050,63.78594555214062
STU_017051,76.71671187718863
STU_017052,98.33539847746269
STU_017053,78.25185525890583
STU_017054,89.82651545965737
STU_017055,82.32819458758958
STU_017056,79.39282315997124
STU_017057,94.23969863087068
STU_017058,76.05258946691073
STU_017059,60.98837566017916
STU_017060,66.22972914771601
STU_017061,94.97082499556785
STU_017062,61.29201028836729
STU_017063,74.68196714629663
STU_017064,66.11233771554275
STU_017065,93.83776255221423
STU_017066,62.35238842817185
STU_017067,97.173767491212
STU_017068,66.28964250840873
STU_017069,76.36205867014138
STU_017070,80.31259733483348
STU_017071,78.61411662122859
STU_017072,78.31604824697736
STU_017073,92.40293672749334
STU_017074,85.87691207143423
STU_017075,90.14271508088419
STU_017076,58.115648265673485
STU_017077,91.95649290385408
STU_017078,65.6374625153106
STU_017079,59.9762468229673
STU_017080,54.1588579490146
STU_017081,74.56477018324946
STU_017082,85.834451992438
STU_017083,66.16815144463523
STU_017084,50.05489140526032
STU_017085,68.77112436851112
STU_017086,86.24361327650652
STU_017087,67.89898944787879
STU_017088,91.4955837225828
STU_017089,61.73041771426504
STU_017090,83.63660489253833
STU_017091,66.83224126228002
STU_017092,90.95488472614204
STU_017093,51.86745135397095
STU_017094,83.32992046476392
STU_017095,55.15766537702361
STU_017096,64.53464039051258
STU_017097,65.79185733233216
STU_017098,45.04349860378048
STU_017099,73.22151504630898
STU_017100,86.03975831794472
STU_017101,81.85886261861718
STU_017102,75.08195493717032
STU_017103,78.80738942885927
STU_017104,84.50770796559948
STU_017105,67.41499969540149
STU_017106,59.48498915061444
STU_017107,48.29523648944381
STU_017108,83.37250829980559
STU_017109,68.85754725218689
STU_017110,69.25070468707227
STU_017111,85.81077647238732
STU_017112,84.63811163863062
STU_017113,56.28809119443774
STU_017114,77.253204078008
STU_017115,78.9915870625558
STU_017116,99.81285063032614
STU_017117,50.86798710674289
STU_017118,85.07607200716444
STU_017119,82.17316644458617
STU_017120,84.08976967451224
STU_017121,71.26873536447658
STU_017122,99.97769724141826
STU_017123,60.660624175258896
STU_017124,71.49057803924597
STU_017125,70.01209267149821
STU_017126,79.85666263654787
STU_017127,57.35836683895508
STU_017128,68.30646146712233
STU_017129,61.66523536834623
STU_017130,75.40781448798433
STU_017131,72.25234879996992
STU_017132,72.74486294490676
STU_017133,79.18235944014701
STU_017134,98.17702730385108
STU_017135,58.08302523404622
STU_017136,81.34619117882997
STU_017137,61.86322743263029
STU_017138,78.69291406886734
STU_017139,91.37368481877141
STU_017140,77.22967035915465
STU_017141,90.4769952945266
STU_017142,91.76017481310521
STU_017143,51.0870999851322
STU_017144,89.33632816962499
STU_017145,88.90736599276575
STU_017146,93.18566549193277
STU_017147,96.66485278845536
STU_017148,71.16916839608604
STU_017149,62.78887457385727
STU_017150,57.313819112328346
STU_017151,82.8310227868655
STU_017152,79.07594646931139
STU_017153,85.09470557662395
STU_017154,79.57184694447689
STU_017155,55.0342694841282
STU_017156,59.776382161994775
STU_017157,71.21219184879645
STU_017158,92.3250088312175
STU_017159,63.32065330335384
STU_017160,52.84403780815373
STU_017161,81.88743668151436
STU_017162,71.35303465566996
STU_017163,74.79679895706178
STU_017164,91.73173261935388
STU_017165,65.55268332243313
STU_017166,72.75173363841759
STU_017167,68.1112795593652
STU_017168,76.51851334790148
STU_017169,90.62515234454398
STU_017170,85.82259642538251
STU_017171,95.39700513518532
STU_017172,70.8025759153635
STU_017173,55.78858698960945
STU_017174,57.530518097635856
STU_017175,100.0
STU_017176,80.96942190530254
STU_017177,73.9765550656814
STU_017178,85.96748602260996
STU_017179,89.02562903213285
STU_017180,74.74083530450866
STU_017181,83.70527048683977
STU_017182,65.46040961862172
STU_017183,95.05467628703087
STU_017184,85.01322498996483
STU_017185,94.88842228944253
STU_017186,65.03693570496688
STU_017187,88.08205114630866
STU_017188,75.80593502731622
STU_017189,56.326388685085625
STU_017190,92.83076047814681
STU_017191,68.3382906084686
STU_017192,65.06850868823933
STU_017193,57.53323470198502
STU_017194,89.16544905204934
STU_017195,71.86052140728455
STU_017196,81.53853768132295
STU_017197,79.68853921947803
STU_017198,68.56575696406546
STU_017199,74.25443479806101
STU_017200,60.15268947147307
STU_017201,70.82054014483398
STU_017202,87.38072427913613
STU_017203,69.88020188181433
STU_017204,63.57228564115139
STU_017205,89.72148405193147
STU_017206,75.93458136832348
STU_017207,98.87093823118917
STU_017208,60.982639405525404
STU_017209,61.54372555742698
STU_017210,37.54773280362474
STU_017211,79.74225373931962
STU_017212,95.07215462035182
STU_017213,86.10518099531757
STU_017214,83.1513503999511
STU_017215,64.17389897610902
STU_017216,60.69014195936093
STU_017217,100.0
STU_017218,68.8044306296193
STU_017219,96.9217243586171
STU_017220,76.72716449170245
STU_017221,67.65010533290895
STU_017222,72.45197948904924
STU_017223,68.85475432292478
STU_017224,84.73167608272817
STU_017225,89.76336045655856
STU_017226,75.4824907761961
STU_017227,68.64151809316306
STU_017228,81.82419895610334
STU_017229,63.76712247931038
STU_017230,92.76002441175972
STU_017231,68.50142069731143
STU_017232,62.66797754831354
STU_017233,72.32179717296583
STU_017234,86.57898100927424
STU_017235,78.44837744583737
STU_017236,59.12726981096448
STU_017237,94.53194553995775
STU_017238,78.71144444973655
STU_017239,55.24917734884447
STU_017240,92.62513226771725
STU_017241,69.38397964900687
STU_017242,46.327564994609745
STU_017243,85.66289112434552
STU_017244,75.95470928194753
STU_017245,85.79984474130565
STU_017246,84.4606079245623
STU_017247,57.33163305550018
STU_017248,67.28135096117597
STU_017249,63.20805725320541
STU_017250,55.83273865162347
STU_017251,87.72324884530488
STU_017252,61.03724879466331
STU_017253,86.27656160417116
STU_017254,47.903282164325056
STU_017255,52.16400404431954
STU_017256,48.96208710592892
STU_017257,79.83047992460041
STU_017258,75.2549995156353
STU_017259,68.96951906660279
STU_017260,67.44341849457952
STU_017261,55.28005346419528
STU_017262,70.85973159367103
STU_017263,77.4321538988813
STU_017264,63.65976629033905
STU_017265,89.81000698446827
STU_017266,54.136128952683976
STU_017267,68.91348099633176
STU_017268,69.00283757959464
STU_017269,65.3937767408598
STU_017270,75.63026910359984
STU_017271,76.13026547928004
STU_017272,59.98791414312804
STU_017273,85.18829982283404
STU_017274,87.74286736743082
STU_017275,69.44434935273898
STU_017276,57.83577629127036
STU_017277,80.2066313368458
STU_017278,90.01410855344207
STU_017279,74.94256369174774
STU_017280,81.87902196522509
STU_017281,66.85271641148876
STU_017282,74.06767268166635
STU_017283,80.81013967023137
STU_017284,83.8880847320186
STU_017285,84.95679319646828
STU_017286,68.73774341918784
STU_017287,62.315505710229715
STU_017288,62.74234082383375
STU_017289,76.16421147564603
STU_017290,91.44663695283045
STU_017291,83.55013794918455
STU_017292,62.650684679870196
STU_017293,69.30070246255113
STU_017294,66.69765152959769
STU_017295,69.77224858511589
STU_017296,74.02201520312636
STU_017297,93.90246851540844
STU_017298,62.11165800021014
STU_017299,69.9652237441947
STU_017300,52.95276386757378
STU_017301,58.01104007087977
STU_017302,74.69560971517751
STU_017303,94.24642358110592
STU_017304,86.90818504646862
STU_017305,78.70538365755493
STU_017306,84.94818513696723
STU_017307,99.83251025540523
STU_017308,93.57121701260789
STU_017309,88.3635916225582
STU_017310,59.7417176436233
STU_017311,74.62466938810121
STU_017312,71.79125462705636
STU_017313,88.22793738876825
STU_017314,78.9209584119545
STU_017315,83.09273609425017
STU_017316,72.65774519181696
STU_017317,79.79515449312703
STU_017318,41.196748721805115
STU_017319,67.4469657332483
STU_017320,89.57105658481066
STU_017321,85.73989026130906
STU_017322,71.74334938836343
STU_017323,78.57793730839191
STU_017324,91.33178518213434
STU_017325,81.57920934869409
STU_017326,72.097081916959
STU_017327,88.09748712181528
STU_017328,79.20660588983806
STU_017329,40.030801073943366
STU_017330,91.1288369614481
STU_017331,79.16507808257484
STU_017332,67.70432589583453
STU_017333,69.3962472229413
STU_017334,81.09859018074587
STU_017335,84.88804755882953
STU_017336,63.77495204151758
STU_017337,78.83549898912278
STU_017338,79.23718233748559
STU_017339,96.37882122058963
STU_017340,78.09341130298094
STU_017341,88.72184261216283
STU_017342,64.27158649176116
STU_017343,83.4327414227576
STU_017344,64.09132948923661
STU_017345,68.9116600899741
STU_017346,62.47008787129497
STU_017347,92.98573057472775
STU_017348,75.00791350558673
STU_017349,81.34721678272005
STU_017350,56.12011317053718
STU_017351,58.829595354874755
STU_017352,55.57603095960341
STU_017353,61.855869711095835
STU_017354,85.3661829392835
STU_017355,59.040491812033025
STU_017356,67.78216768955232
STU_017357,57.76982766975982
STU_017358,64.4796327965839
STU_017359,86.31908483385243
STU_017360,99.12290637889552
STU_017361,97.09308310552808
STU_017362,65.09966180240889
STU_017363,84.37178068628205
STU_017364,87.4775590913959
STU_017365,82.0562599464329
STU_017366,91.06765385808697
STU_017367,100.0
STU_017368,63.529470510400856
STU_017369,57.533038977747594
STU_017370,79.37943135613781
STU_017371,87.32687451008084
STU_017372,88.9165255539809
STU_017373,63.513559652274196
STU_017374,50.45844143580538
STU_017375,84.39036214846116
STU_017376,73.91788392688815
STU_017377,69.39210234149289
STU_017378,83.85312711594815
STU_017379,66.44974111532787
STU_017380,62.23037906888531
STU_017381,58.84377368583236
STU_017382,83.66194378352724
STU_017383,79.18353993083443
STU_017384,67.47867816130037
STU_017385,72.54250332756624
STU_017386,73.44090476443306
STU_017387,83.67874920364648
STU_017388,68.44018023469852
STU_017389,82.46800938443022
STU_017390,75.3093691513166
STU_017391,78.1076970705868
STU_017392,68.04108596565166
STU_017393,66.80937150974185
STU_017394,73.72784017626233
STU_017395,58.70231819726408
STU_017396,80.22927648719444
STU_017397,75.15027308358775
STU_017398,82.61052408326796
STU_017399,89.05946974299384
STU_017400,42.053253755866656
STU_017401,43.876950204054666
STU_017402,93.07430361518456
STU_017403,61.73310702529557
STU_017404,81.62537679344314
STU_017405,59.35460446854103
STU_017406,63.80624191838237
STU_017407,64.77302432618836
STU_017408,79.72790458170459
STU_017409,80.5315014878053
STU_017410,76.94233723361145
STU_017411,61.89685693137188
STU_017412,80.62701110205313
STU_017413,79.92629800462295
STU_017414,84.39978295032566
STU_017415,53.99543855386585
STU_017416,62.79621187639623
STU_017417,78.37023256862122
STU_017418,87.70464615138371
STU_017419,67.49461034771277
STU_017420,81.36473032182118
STU_017421,83.32605223910605
STU_017422,79.49341229201802
STU_017423,74.18776819870061
STU_017424,57.112724051330844
STU_017425,75.98315540578521
STU_017426,66.00092560802193
STU_017427,75.8192341326213
STU_017428,72.54089882861173
STU_017429,60.702984732045934
STU_017430,98.32466503105553
STU_017431,68.85940060493661
STU_017432,96.20020509702931
STU_017433,84.57821503264006
STU_017434,69.47714378883754
STU_017435,79.00961504673079
STU_017436,70.11033550953884
STU_017437,83.62858241802763
STU_017438,99.41511468045991
STU_017439,59.720871316717606
STU_017440,88.30567508183191
STU_017441,52.21061800436667
STU_017442,80.29148995771214
STU_017443,85.93745737788488
STU_017444,78.38541019272651
STU_017445,95.14168906450375
STU_017446,85.28799073001379
STU_017447,66.9794605486212
STU_017448,77.27994894345274
STU_017449,85.19629280668366
STU_017450,83.29085570364019
STU_017451,72.12283743907076
STU_017452,78.58566015288386
STU_017453,91.72336683339358
STU_017454,56.64008805769735
STU_017455,88.64391514837658
STU_017456,76.19060460538762
STU_017457,67.5231982514832
STU_017458,63.990207315420996
STU_017459,82.23490146972986
STU_017460,68.39559780399105
STU_017461,86.6914967910929
STU_017462,79.30830396366954
STU_017463,92.09488659927274
STU_017464,74.79603586015551
STU_017465,81.06187824283371
STU_017466,73.18344434860703
STU_017467,54.34446513011
STU_017468,84.42265722934798
STU_017469,96.10965934015937
STU_017470,91.2890322830124
STU_017471,86.07924159427313
STU_017472,70.12029868774744
STU_017473,98.24788099807756
STU_017474,35.31473199294663
STU_017475,60.35646149170454
STU_017476,69.67288017138395
STU_017477,63.767468354643576
STU_017478,55.98570370654062
STU_017479,80.08389389383211
STU_017480,98.93753050083482
STU_017481,90.29383372055995
STU_017482,81.88039075048425
STU_017483,86.383834609176
STU_017484,84.9571514583175
STU_017485,89.20225438156648
STU_017486,71.7510273534013
STU_017487,86.98368333605194
STU_017488,54.89582301608322
STU_017489,59.12276520337453
STU_017490,94.3936545192405
STU_017491,70.05923236293754
STU_017492,58.07285126662066
STU_017493,77.94914865322073
STU_017494,73.52664601984044
STU_017495,53.09869763329482
STU_017496,81.9543373152043
STU_017497,90.29857678155713
STU_017498,60.47032962359111
STU_017499,86.52541352338477
STU_017500,85.70311990517088
STU_017501,79.40182349528152
STU_017502,87.84295440021155
STU_017503,71.45182924766684
STU_017504,82.46643076040337
STU_017505,81.81549684492136
STU_017506,76.29930132673316
STU_017507,55.94360288921436
STU_017508,65.56695199773796
STU_017509,84.51922031863465
STU_017510,97.81064068286385
STU_017511,73.40065407528861
STU_017512,68.04514940795696
STU_017513,77.06312991060167
STU_017514,73.09670661118287
STU_017515,77.2348624848957
STU_017516,96.94556763024502
STU_017517,82.55859487478867
STU_017518,82.52526422927734
STU_017519,84.6104591720355
STU_017520,99.3888382646661
STU_017521,58.89549722198278
STU_017522,77.91160622983202
STU_017523,78.67850537817509
STU_017524,58.76338034609921
STU_017525,68.55639050381592
STU_017526,79.41836358686253
STU_017527,75.85672313625196
STU_017528,71.28712278383496
STU_017529,99.94099633482008
STU_017530,83.285589559606
STU_017531,94.58700153883963
STU_017532,59.152183831256146
STU_017533,62.818947375835904
STU_017534,56.74208156159695
STU_017535,76.24235219523113
STU_017536,84.96752178376173
STU_017537,95.84427067219409
STU_017538,93.26938929765535
STU_017539,71.32245531899625
STU_017540,93.08549276246673
STU_017541,51.58654055492076
STU_017542,72.90824420313687
STU_017543,80.15097920316482
STU_017544,95.33403127850576
STU_017545,69.16191356318568
STU_017546,69.81470111846728
STU_017547,95.81129559420117
STU_017548,80.27690764444722
STU_017549,99.65340656531039
STU_017550,74.52167286313508
STU_017551,97.50264979128616
STU_017552,50.03627535885323
STU_017553,82.16261386951041
STU_017554,55.89534344759577
STU_017555,70.480574545998
STU_017556,64.3510426039999
STU_017557,52.00033993612437
STU_017558,53.12716085199175
STU_017559,86.43765652524954
STU_017560,72.75029173495133
STU_017561,97.87885476988598
STU_017562,59.773863026467794
STU_017563,65.16611506848396
STU_017564,69.77648204023218
STU_017565,69.80994176250995
STU_017566,84.93588673706004
STU_017567,63.998340522791764
STU_017568,68.7725515828633
STU_017569,71.28901316879316
STU_017570,99.76404738757952
STU_017571,93.0226231189351
STU_017572,83.47508179510312
STU_017573,72.03957160266226
STU_017574,82.78816595059162
STU_017575,92.1674086127415
STU_017576,93.32354295625728
STU_017577,64.67999514564266
STU_017578,78.91517261961425
STU_017579,75.73957305835643
STU_017580,77.12076283263411
STU_017581,73.8148446527253
STU_017582,76.66772542572623
STU_017583,91.4210946804308
STU_017584,61.4827581910437
STU_017585,49.607938333918156
STU_017586,83.76446362945278
STU_017587,64.40433595288286
STU_017588,67.57431427778492
STU_017589,95.40018039303868
STU_017590,73.95056854138613
STU_017591,86.89635842639166
STU_017592,66.31973638099431
STU_017593,58.52187903598275
STU_017594,55.74117017970073
STU_017595,91.10403211282355
STU_017596,71.46581623644579
STU_017597,94.04640036971705
STU_017598,45.163038785984774
STU_017599,65.5169306983903
STU_017600,80.04033570689143
STU_017601,67.83030868773668
STU_017602,68.82367322676501
STU_017603,89.45787512439205
STU_017604,82.9888152145827
STU_017605,68.18108060621063
STU_017606,93.99659145937301
STU_017607,76.44613189715126
STU_017608,94.25105075365241
STU_017609,78.96041108259917
STU_017610,74.19909487445814
STU_017611,73.11426854786819
STU_017612,97.59645269671802
STU_017613,76.90372574409633
STU_017614,88.56171229157219
STU_017615,65.11072502059797
STU_017616,86.83958353622
STU_017617,89.60294809689469
STU_017618,44.88779877685917
STU_017619,65.73013378048508
STU_017620,76.29959550196344
STU_017621,82.6052156815758
STU_017622,98.5592153974628
STU_017623,54.63725262591137
STU_017624,68.9848284142566
STU_017625,67.34428447146693
STU_017626,54.85863422689245
STU_017627,59.3254797025989
STU_017628,74.56863423477387
STU_017629,72.26137928658953
STU_017630,59.6882381177232
STU_017631,51.95926947382546
STU_017632,78.65315397710035
STU_017633,70.91392866896851
STU_017634,78.542432857103
STU_017635,76.34553518376401
STU_017636,69.08345436165386
STU_017637,91.5209044180061
STU_017638,63.87760433926661
STU_017639,86.57351260580383
STU_017640,96.28004434875686
STU_017641,99.81748673314436
STU_017642,54.89081301741406
STU_017643,60.05249899086152
STU_017644,76.40811868720576
STU_017645,78.37092169604313
STU_017646,71.92357476137211
STU_017647,58.19570350982781
STU_017648,86.59341787592143
STU_017649,94.92653696557335
STU_017650,96.03883702963356
STU_017651,63.8738049118348
STU_017652,74.38698136680532
STU_017653,100.0
STU_017654,74.5967350083276
STU_017655,84.38249981275563
STU_017656,85.14276474347668
STU_017657,51.277227414697684
STU_017658,72.22406691624761
STU_017659,100.0
STU_017660,78.22305916115386
STU_017661,78.66032633778923
STU_017662,63.66790943564213
STU_017663,78.24314524587784
STU_017664,81.06221139731805
STU_017665,71.80519830777158
STU_017666,75.9755889032295
STU_017667,72.38341871988366
STU_017668,75.62601099549576
STU_017669,73.28005546060811
STU_017670,45.8293787221905
STU_017671,68.59999637424225
STU_017672,57.31166542268363
STU_017673,73.41627806195154
STU_017674,70.10915928838801
STU_017675,68.436721209605
STU_017676,70.78643134090024
STU_017677,80.41514431556348
STU_017678,81.41588894034501
STU_017679,89.1073368324883
STU_017680,61.46871107036108
STU_017681,83.85825976547586
STU_017682,68.734010947939
STU_017683,74.9365278777283
STU_017684,84.7144913314262
STU_017685,70.87101389574747
STU_017686,63.03854193524137
STU_017687,73.03811250976985
STU_017688,73.1813190039368
STU_017689,87.33569222607554
STU_017690,66.00876266544964
STU_017691,71.08225603801105
STU_017692,72.29927830395641
STU_017693,70.41698033708062
STU_017694,79.78741577530857
STU_017695,98.01582754404741
STU_017696,86.83356088260626
STU_017697,41.73227061197265
STU_017698,52.34043967318229
STU_017699,95.35857287840648
STU_017700,52.546528043275586
STU_017701,55.060157295875186
STU_017702,88.20861585076821
STU_017703,82.41104551922061
STU_017704,64.05789888100526
STU_017705,59.35302648643171
STU_017706,80.10235855570282
STU_017707,52.18922280195636
STU_017708,96.56344189777062
STU_017709,88.03631689997938
STU_017710,82.25134064649146
STU_017711,99.85805209732719
STU_017712,67.87361222550409
STU_017713,68.39416225690894
STU_017714,83.04668230697932
STU_017715,73.63966202660555
STU_017716,58.722644129158226
STU_017717,74.5748683544841
STU_017718,93.39311622583351
STU_017719,68.9006466396601
STU_017720,72.66472537942624
STU_017721,79.20331662489532
STU_017722,100.0
STU_017723,71.35941818184054
STU_017724,73.53679263460326
STU_017725,90.64341055670297
STU_017726,93.64141814203573
STU_017727,79.80883515745525
STU_017728,82.84553364589614
STU_017729,67.22902083528399
STU_017730,58.48907390077837
STU_017731,54.68316183557022
STU_017732,82.18422605921012
STU_017733,62.735241907857194
STU_017734,70.73344293961506
STU_017735,61.706814888073936
STU_017736,71.04036076264505
STU_017737,62.92746420068838
STU_017738,93.39045429269925
STU_017739,88.01590516246088
STU_017740,75.82917703071767
STU_017741,86.05005954077501
STU_017742,82.78978535265823
STU_017743,87.6414309499166
STU_017744,83.7791055876308
STU_017745,85.83539707194417
STU_017746,82.41238693289054
STU_017747,67.43201214015559
STU_017748,69.26492123432801
STU_017749,62.256896778967125
STU_017750,82.9809304581462
STU_017751,80.90666457464047
STU_017752,80.54644687155246
STU_017753,97.67898715163297
STU_017754,90.003220909146
STU_017755,87.25265610752426
STU_017756,82.05572561833033
STU_017757,51.27856927210929
STU_017758,64.73418681220346
STU_017759,75.7445579715452
STU_017760,96.01760489901922
STU_017761,62.29849361250021
STU_017762,99.98895486968487
STU_017763,95.01672251097901
STU_017764,51.01951524051445
STU_017765,89.67131039711369
STU_017766,77.00504288713695
STU_017767,63.537997623477644
STU_017768,62.773336760539294
STU_017769,88.46044359845365
STU_017770,77.8666238382465
STU_017771,54.923160766797494
STU_017772,71.47187988851888
STU_017773,58.22659414978672
STU_017774,100.0
STU_017775,79.0043015999442
STU_017776,90.72046615667722
STU_017777,80.47960459241979
STU_017778,82.23738303769781
STU_017779,52.90463118415788
STU_017780,68.77444534905139
STU_017781,79.46515988667775
STU_017782,74.44968844829921
STU_017783,69.12279101959847
STU_017784,76.07906585911822
STU_017785,89.45721548687135
STU_017786,76.0671851166597
STU_017787,83.66454399858156
STU_017788,75.33810186607327
STU_017789,87.24535788621601
STU_017790,58.00443867753184
STU_017791,93.2971003409339
STU_017792,66.01492930525932
STU_017793,75.81879481424117
STU_017794,66.20384761770485
STU_017795,71.54129924192873
STU_017796,79.83702114581068
STU_017797,87.87812028432955
STU_017798,92.57785249222323
STU_017799,99.51996587476782
STU_017800,85.1778077529522
STU_017801,71.88486942770388
STU_017802,96.61570218552393
STU_017803,66.48488911156778
STU_017804,78.14364222277592
STU_017805,71.9186980684906
STU_017806,66.94433228053452
STU_017807,94.56913888683943
STU_017808,64.1196756967266
STU_017809,90.39741032391058
STU_017810,99.80721062414463
STU_017811,70.93254288919857
STU_017812,80.20907105193014
STU_017813,81.48812155075913
STU_017814,65.49878364688429
STU_017815,65.60956709490357
STU_017816,59.60890402675308
STU_017817,53.390842065880086
STU_017818,92.35578610602157
STU_017819,88.84261891664839
STU_017820,82.82153750283287
STU_017821,71.92439140800423
STU_017822,90.79010377338871
STU_017823,94.61900366933124
STU_017824,53.95347634400875
STU_017825,74.84492099470742
STU_017826,83.54870388399674
STU_017827,87.51626760472355
STU_017828,55.89390042298808
STU_017829,65.0662901105573
STU_017830,65.15934101604286
STU_017831,89.13034510335845
STU_017832,86.2282770803672
STU_017833,56.98773626743974
STU_017834,77.0322445499318
STU_017835,67.78843728286373
STU_017836,78.0145914166184
STU_017837,66.4708943677109
STU_017838,64.27380187765246
STU_017839,93.13323408847738
STU_017840,72.53277091696005
STU_017841,95.9091071242079
STU_017842,77.89743541603374
STU_017843,84.17034875425892
STU_017844,66.44997384899783
STU_017845,95.474271808378
STU_017846,92.50560344148033
STU_017847,47.47697781832964
STU_017848,64.49781889963832
STU_017849,57.24319052703407
STU_017850,68.42453226918497
STU_017851,58.725182679866336
STU_017852,89.54561227598813
STU_017853,74.78669058731919
STU_017854,99.0223178014291
STU_017855,48.82902188391619
STU_017856,80.38971539721095
STU_017857,81.22979826668782
STU_017858,78.22607566570167
STU_017859,66.32382598818401
STU_017860,79.9817484770946
STU_017861,84.46895524475755
STU_017862,66.56422146236734
STU_017863,87.88726272488867
STU_017864,78.73154510872914
STU_017865,67.8336657941228
STU_017866,78.23755145129776
STU_017867,63.919875773076114
STU_017868,96.12858461501557
STU_017869,64.75731782906493
STU_017870,81.79522572247782
STU_017871,98.16951631076611
STU_017872,71.08356885088949
STU_017873,93.04670318090491
STU_017874,78.8581234565014
STU_017875,73.04343895751892
STU_017876,65.72415259552157
STU_017877,50.2835687863433
STU_017878,92.4506371370985
STU_017879,55.16054806868269
STU_017880,93.68563818352919
STU_017881,71.61527090843776
STU_017882,72.60961986672376
STU_017883,92.68276456470616
STU_017884,62.75500375243128
STU_017885,68.48458345589373
STU_017886,77.22138369559232
STU_017887,52.904965333094665
STU_017888,63.236036661237634
STU_017889,99.7136757610964
STU_017890,99.69591397826463
STU_017891,76.22361666565305
STU_017892,53.11983539281734
STU_017893,84.05826365464154
STU_017894,62.19083923783142
STU_017895,69.01813783373385
STU_017896,74.58870323674086
STU_017897,59.64821213757926
STU_017898,86.7553514845903
STU_017899,80.9776821387525
STU_017900,70.953996072156
STU_017901,90.29410544947989
STU_017902,66.01893810894163
STU_017903,70.30913058639047
STU_017904,79.14799622336955
STU_017905,76.15490475673832
STU_017906,72.13187475094225
STU_017907,76.7094451198541
STU_017908,68.43592473468448
STU_017909,71.36631471159244
STU_017910,70.20749873765416
STU_017911,57.806552224036395
STU_017912,93.26662729650678
STU_017913,89.26344483635332
STU_017914,65.4908593096755
STU_017915,70.1619007593815
STU_017916,76.78971743871003
STU_017917,80.04552760957912
STU_017918,81.8406737730101
STU_017919,88.14170694006073
STU_017920,81.57203921524139
STU_017921,81.1440032798391
STU_017922,77.29759610535488
STU_017923,66.98752747139149
STU_017924,73.17688981019391
STU_017925,68.69851440585379
STU_017926,75.82221530142924
STU_017927,99.41361382765996
STU_017928,82.53124809654452
STU_017929,85.04305521605083
STU_017930,77.0882699024267
STU_017931,62.69550616204918
STU_017932,98.42960259866766
STU_017933,97.44805963026533
STU_017934,91.31923109385825
STU_017935,82.37008698310909
STU_017936,55.337509279247186
STU_017937,86.21096121284509
STU_017938,65.5235717222364
STU_017939,88.48786130269343
STU_017940,74.85634939710866
STU_017941,72.2211943685306
STU_017942,69.17300162001706
STU_017943,53.786475016642086
STU_017944,62.3040256606655
STU_017945,88.09370403645244
STU_017946,60.60146128150548
STU_017947,60.3281261156267
STU_017948,80.47852761833676
STU_017949,55.61126358947496
STU_017950,54.409000786137284
STU_017951,64.89413965530788
STU_017952,91.52490901251701
STU_017953,73.64392950135198
STU_017954,99.17812232359553
STU_017955,65.90683798744153
STU_017956,69.57419979758502
STU_017957,65.24896899919358
STU_017958,50.18797176617871
STU_017959,87.69114497947093
STU_017960,82.7160922636442
STU_017961,92.10748066589471
STU_017962,57.83051684619187
STU_017963,60.95584413343297
STU_017964,48.23446308111576
STU_017965,98.3160112765944
STU_017966,73.23681327254997
STU_017967,78.02589812890969
STU_017968,99.11684897271914
STU_017969,75.67495966858606
STU_017970,51.888143299313796
STU_017971,58.00283919022198
STU_017972,69.82883997631669
STU_017973,66.7057672134302
STU_017974,82.37474923831786
STU_017975,64.60116903376503
STU_017976,70.2194111910613
STU_017977,90.15885492480868
STU_017978,68.97390050573019
STU_017979,71.53818200188049
STU_017980,60.32715500307516
STU_017981,96.50397883629161
STU_017982,68.89769165456738
STU_017983,81.08821308606349
STU_017984,69.43627202512903
STU_017985,63.668149859652125
STU_017986,65.71937629670796
STU_017987,81.95233704091963
STU_017988,61.93342696438273
STU_017989,77.27546996712987
STU_017990,72.54525077422498
STU_017991,79.07137423925528
STU_017992,48.433781198671895
STU_017993,99.613801493301
STU_017994,88.27710458907178
STU_017995,76.73493527187286
STU_017996,59.14905091640822
STU_017997,76.17733918552867
STU_017998,85.75740027741591
STU_017999,85.9151746256514
STU_018000,95.93793306683051
STU_018001,77.77815574580126
STU_018002,51.68916379291265
STU_018003,73.30446780708078
STU_018004,75.38074569643463
STU_018005,75.1317080784037
STU_018006,70.10507380326229
STU_018007,99.22566739629507
STU_018008,89.61597115187561
STU_018009,82.94032119602753
STU_018010,80.44299439250668
STU_018011,87.22782182546294
STU_018012,70.29045373693249
STU_018013,84.71333934082759
STU_018014,71.01642971122406
STU_018015,77.35332943753747
STU_018016,81.61234121967101
STU_018017,76.67872829270416
STU_018018,96.71426838629823
STU_018019,62.87555834640211
STU_018020,77.85278020081422
STU_018021,67.88173291596694
STU_018022,95.70595353259671
STU_018023,82.31368206124381
STU_018024,45.65560002987097
STU_018025,77.2941385600662
STU_018026,70.57828105667028
STU_018027,82.30760198041808
STU_018028,99.63940464369065
STU_018029,71.03063751549166
STU_018030,88.15049281160142
STU_018031,90.27584815526666
STU_018032,69.54397273336207
STU_018033,91.0148995718234
STU_018034,73.801945108289
STU_018035,95.18274602659102
STU_018036,76.40328169761604
STU_018037,43.944411768287154
STU_018038,65.9782873349628
STU_018039,85.35416713045609
STU_018040,75.57046175130333
STU_018041,64.80195030110643
STU_018042,66.64299882892047
STU_018043,89.16345490172026
STU_018044,77.21815101983337
STU_018045,75.87554203836588
STU_018046,83.20722546225375
STU_018047,54.20666934276673
STU_018048,98.74149221942534
STU_018049,87.34735899996016
STU_018050,85.73173233480156
STU_018051,61.60416990255487
STU_018052,65.3464729024648
STU_018053,68.49221435775489
STU_018054,43.241848779204716
STU_018055,99.8569200941288
STU_018056,38.855500467657365
STU_018057,66.26183409850822
STU_018058,92.27539888444443
STU_018059,96.66830036771567
STU_018060,64.31929674829932
STU_018061,79.26471630277315
STU_018062,83.78514433694521
STU_018063,72.71335550447047
STU_018064,86.09461069687538
STU_018065,87.4387389917992
STU_018066,92.12797261605816
STU_018067,87.82443866954632
STU_018068,78.79609656234021
STU_018069,77.38407890145321
STU_018070,82.605492121488
STU_018071,96.08893209139111
STU_018072,80.42192617659371
STU_018073,58.71883818774043
STU_018074,75.90118419996476
STU_018075,71.1712007487591
STU_018076,66.1453253771753
STU_018077,51.98870359482436
STU_018078,72.95437522724461
STU_018079,81.69388808310198
STU_018080,87.64964961216845
STU_018081,74.57527986551632
STU_018082,78.85950245279489
STU_018083,96.17316374988555
STU_018084,64.50208040188119
STU_018085,73.12343168430822
STU_018086,88.5301736459893
STU_018087,72.54761401159527
STU_018088,62.837449709108924
STU_018089,57.39128443976841
STU_018090,67.27711233209752
STU_018091,80.78173423481596
STU_018092,71.0888156423712
STU_018093,70.21568056380144
STU_018094,75.9345219828339
STU_018095,78.87666801626628
STU_018096,55.356996418022774
STU_018097,90.72463836634472
STU_018098,64.32039481989625
STU_018099,73.52602428615094
STU_018100,88.58834495117844
STU_018101,79.58240562816769
STU_018102,54.849107721058544
STU_018103,98.07256237188285
STU_018104,60.97673299942895
STU_018105,58.92287440436343
STU_018106,72.85897280638099
STU_018107,76.1299144892105
STU_018108,72.42474940492694
STU_018109,87.90169892961063
STU_018110,78.40725467642841
STU_018111,76.3743131252307
STU_018112,66.13973366757224
STU_018113,57.68462556984596
STU_018114,89.84117207551655
STU_018115,72.71284751420825
STU_018116,62.62057704857794
STU_018117,87.02861769212285
STU_018118,74.77740948095274
STU_018119,96.09764216501212
STU_018120,65.0912913531022
STU_018121,98.75095884256714
STU_018122,78.55381552328112
STU_018123,72.3587947044458
STU_018124,81.01706708887036
STU_018125,69.25257650730639
STU_018126,49.10964846685191
STU_018127,67.02615437262662
STU_018128,48.637776173019425
STU_018129,83.97972764347712
STU_018130,94.10915625445233
STU_018131,75.35536661702614
STU_018132,99.83340993000112
STU_018133,78.05171677253318
STU_018134,100.0
STU_018135,99.99233198707702
STU_018136,48.852503553782086
STU_018137,64.44611109989707
STU_018138,95.25878968748657
STU_018139,76.16397066674749
STU_018140,48.90121207734897
STU_018141,71.76198520150967
STU_018142,82.66803050496249
STU_018143,57.16627974640998
STU_018144,56.5438159333531
STU_018145,74.4143737696231
STU_018146,53.108067996166355
STU_018147,88.30648431852748
STU_018148,75.5400045341436
STU_018149,63.41194894228545
STU_018150,79.45681235136438
STU_018151,66.62600366312722
STU_018152,56.620799569053915
STU_018153,82.93572156634929
STU_018154,68.01409298376609
STU_018155,92.3532842044463
STU_018156,99.12504017253767
STU_018157,48.95976867304739
STU_018158,64.1339202752987
STU_018159,72.44691219818773
STU_018160,65.99310562666118
STU_018161,86.44685225382167
STU_018162,62.163697241280275
STU_018163,98.73547593460523
STU_018164,72.96561886085053
STU_018165,54.95527195257155
STU_018166,83.2124123030591
STU_018167,72.33314015698718
STU_018168,80.09156352738893
STU_018169,64.04923569289556
STU_018170,48.99856749570737
STU_018171,63.24841057134189
STU_018172,83.44854053853372
STU_018173,67.72687481973584
STU_018174,83.89026532582419
STU_018175,74.26832424544513
STU_018176,81.34674771534694
STU_018177,76.11669812875746
STU_018178,73.14729534537655
STU_018179,66.03897046503712
STU_018180,92.96562802590482
STU_018181,77.69558291792794
STU_018182,73.43717644864856
STU_018183,78.56451322749166
STU_018184,63.92363085325857
STU_018185,63.5719116676834
STU_018186,92.80518890793796
STU_018187,63.47250060978936
STU_018188,85.77510523437662
STU_018189,73.73315205796628
STU_018190,65.74587000011795
STU_018191,78.60840991455464
STU_018192,75.41018005849817
STU_018193,75.65977754327737
STU_018194,75.27682848508839
STU_018195,82.79050014680827
STU_018196,56.75503355362865
STU_018197,91.06741167142101
STU_018198,77.94619613340994
STU_018199,76.37810106202198
STU_018200,87.09926722333991
STU_018201,71.42602898644117
STU_018202,42.44498962072375
STU_018203,77.95471923438028
STU_018204,77.62920895233181
STU_018205,68.42167640078434
STU_018206,71.74553563537228
STU_018207,78.84171700227228
STU_018208,81.68477966239028
STU_018209,57.24223326207655
STU_018210,85.33999110425745
STU_018211,99.40829170200173
STU_018212,71.43309673043663
STU_018213,53.803295613604995
STU_018214,79.48286931626384
STU_018215,76.52207498799041
STU_018216,77.16703041257229
STU_018217,56.5656522537872
STU_018218,74.15378132240512
STU_018219,84.72307290329408
STU_018220,79.90970776790572
STU_018221,95.46319950891808
STU_018222,89.77723301976778
STU_018223,81.82327847298893
STU_018224,85.31538130396302
STU_018225,72.91139418711518
STU_018226,76.62827983621551
STU_018227,73.24781361671951
STU_018228,80.22861099977277
STU_018229,72.4550568258878
STU_018230,84.18245098652275
STU_018231,73.13520305121503
STU_018232,62.51313704162693
STU_018233,63.48273268551876
STU_018234,92.7984165548055
STU_018235,80.09524257181141
STU_018236,99.15042275678806
STU_018237,55.02230286253944
STU_018238,68.80593874110323
STU_018239,87.96874579722686
STU_018240,55.78193391070286
STU_018241,92.83486942006482
STU_018242,70.86440788412791
STU_018243,79.33280578237888
STU_018244,92.85252169518844
STU_018245,67.93500480183437
STU_018246,70.97597232723189
STU_018247,54.13953630293021
STU_018248,77.83592319354075
STU_018249,69.22187396196561
STU_018250,72.33557137646088
STU_018251,72.30453929401561
STU_018252,91.47764632301931
STU_018253,54.10155090943698
STU_018254,87.13069931087782
STU_018255,74.43498083244343
STU_018256,94.38065706036987
STU_018257,76.98998104746612
STU_018258,80.88425995949984
STU_018259,82.96901476136614
STU_018260,82.91536811341079
STU_018261,71.60792421083016
STU_018262,56.44178639814024
STU_018263,78.39048075644058
STU_018264,81.23884634278009
STU_018265,78.9963879846217
STU_018266,87.31583139313155
STU_018267,74.23562875923123
STU_018268,80.07755596525793
STU_018269,67.91258870628664
STU_018270,66.44491045693928
STU_018271,69.15976261199077
STU_018272,46.56667082232478
STU_018273,98.57571768653759
STU_018274,64.70531473471716
STU_018275,86.22661957372794
STU_018276,85.54591438316604
STU_018277,83.98744283617575
STU_018278,77.24690621884125
STU_018279,52.66366537742947
STU_018280,83.60123134585847
STU_018281,97.8047554622581
STU_018282,75.86105486520984
STU_018283,60.04862723356135
STU_018284,69.1650544613031
STU_018285,91.94937353582424
STU_018286,66.44677741138476
STU_018287,89.2703783249811
STU_018288,64.8741803656572
STU_018289,86.391874785928
STU_018290,68.59835451829285
STU_018291,70.15832175458267
STU_018292,80.16710917046908
STU_018293,74.37076035626627
STU_018294,84.45420623367684
STU_018295,49.343406233575195
STU_018296,89.18119101811286
STU_018297,77.74366173357535
STU_018298,98.61913172378291
STU_018299,60.433657797008394
STU_018300,84.76158238260108
STU_018301,59.491057066362146
STU_018302,67.25491029220657
STU_018303,99.67327378847892
STU_018304,62.46500084440109
STU_018305,56.55964532784452
STU_018306,60.00429398237289
STU_018307,76.4707430312803
STU_018308,84.39104885784256
STU_018309,68.42085716110866
STU_018310,91.2372142381007
STU_018311,68.43584653188955
STU_018312,70.7242968478437
STU_018313,84.1207457854157
STU_018314,69.87013097601857
STU_018315,96.05700915692114
STU_018316,71.49598411677559
STU_018317,92.66539102529582
STU_018318,58.08699263794175
STU_018319,57.7042073612249
STU_018320,87.77627674051028
STU_018321,90.2677084464113
STU_018322,76.36450793746309
STU_018323,100.0
STU_018324,57.68496846038991
STU_018325,78.82306182376107
STU_018326,79.76759825417635
STU_018327,82.35863186447907
STU_018328,72.08719083404118
STU_018329,71.49473746497102
STU_018330,49.94466431546418
STU_018331,84.5086832656708
STU_018332,93.48577991248928
STU_018333,59.58221138783077
STU_018334,87.85396761943697
STU_018335,57.14274551028682
STU_018336,79.35531339630661
STU_018337,67.4254670633207
STU_018338,69.877868016845
STU_018339,83.8993205454913
STU_018340,86.76807203274909
STU_018341,65.6631184798753
STU_018342,60.923121059763005
STU_018343,60.105645456156594
STU_018344,89.62327310572424
STU_018345,71.53607080995208
STU_018346,69.68901699232346
STU_018347,74.39304864849635
STU_018348,99.75739633187618
STU_018349,78.8861658779706
STU_018350,85.69146879896367
STU_018351,74.6711083135568
STU_018352,85.52330437787448
STU_018353,81.13418202171246
STU_018354,98.63858370551998
STU_018355,68.86156446328485
STU_018356,72.27530251205502
STU_018357,68.54484827081532
STU_018358,78.12620034844036
STU_018359,100.0
STU_018360,90.5479743879364
STU_018361,46.082795047916605
STU_018362,72.2632588582562
STU_018363,46.369490151862095
STU_018364,92.34145495759826
STU_018365,94.55123029152679
STU_018366,60.73757343183962
STU_018367,84.39142548684453
STU_018368,62.843162549527825
STU_018369,82.6706705474461
STU_018370,57.48487244800255
STU_018371,89.34065642900595
STU_018372,85.50499595572592
STU_018373,59.805547459358074
STU_018374,72.2548723657845
STU_018375,66.77192469595906
STU_018376,80.37454320795993
STU_018377,91.1636896930364
STU_018378,94.26432730630509
STU_018379,52.23156764470405
STU_018380,84.54887540900911
STU_018381,72.67045443668808
STU_018382,91.09250780999636
STU_018383,87.31619090846061
STU_018384,64.66710880826341
STU_018385,98.36092111262508
STU_018386,75.19486277792646
STU_018387,84.01393356516354
STU_018388,95.14258511264426
STU_018389,61.64724242644007
STU_018390,53.28657299351267
STU_018391,73.07101668552671
STU_018392,100.0
STU_018393,75.1953816927107
STU_018394,79.37507445141706
STU_018395,74.71893421860506
STU_018396,61.80758651011577
STU_018397,69.55174176158377
STU_018398,84.94588872921386
STU_018399,100.0
STU_018400,69.6348730640111
STU_018401,83.89333349430385
STU_018402,78.40877390307736
STU_018403,91.03012944783438
STU_018404,87.70096242439085
STU_018405,86.83540958801778
STU_018406,67.47836189561924
STU_018407,99.22670876833045
STU_018408,87.66021827169298
STU_018409,59.14883187064078
STU_018410,92.04781884520564
STU_018411,72.92522888706738
STU_018412,72.67306773856791
STU_018413,94.08879019015868
STU_018414,99.91043457286571
STU_018415,73.64420448169446
STU_018416,80.30873291161771
STU_018417,59.953645107869164
STU_018418,95.01892529643753
STU_018419,78.27860197932443
STU_018420,89.55042594513009
STU_018421,92.91612360986326
STU_018422,88.87106988187143
STU_018423,82.58078386043393
STU_018424,62.77978570083495
STU_018425,96.40502174697997
STU_018426,79.40825237667543
STU_018427,84.02463156529707
STU_018428,72.44956859402
STU_018429,92.4987454171915
STU_018430,60.492557366810686
STU_018431,80.73191882807961
STU_018432,97.24851587631368
STU_018433,70.6319807440075
STU_018434,78.89026858053367
STU_018435,68.49722847152637
STU_018436,75.0502885651039
STU_018437,86.58899462301798
STU_018438,65.51129590248468
STU_018439,99.9751395295391
STU_018440,76.68191657278821
STU_018441,72.30679895714235
STU_018442,78.75813974780928
STU_018443,60.89862519588846
STU_018444,70.43040670392527
STU_018445,92.7979752209765
STU_018446,79.64369003271794
STU_018447,93.87661374203185
STU_018448,66.23330789143283
STU_018449,98.10434756956137
STU_018450,69.74003426594257
STU_018451,70.60324304917947
STU_018452,58.053817784304044
STU_018453,68.80525927111738
STU_018454,54.18489465607096
STU_018455,52.229798759085725
STU_018456,73.37635562765442
STU_018457,58.01816020707383
STU_018458,74.99861985252682
STU_018459,59.465952737700164
STU_018460,68.77498597935084
STU_018461,93.53139989540387
STU_018462,53.70924235945989
STU_018463,78.68236171568202
STU_018464,62.85787659911104
STU_018465,83.96477790897438
STU_018466,59.07124605065137
STU_018467,86.40826259884533
STU_018468,75.59870248756104
STU_018469,77.89038803431988
STU_018470,89.1865304530397
STU_018471,86.39837333151294
STU_018472,60.21101492108732
STU_018473,81.37248245611781
STU_018474,87.09282713301202
STU_018475,75.94445834972467
STU_018476,75.66714326046551
STU_018477,45.716665740731116
STU_018478,99.92397920172019
STU_018479,89.24409841586531
STU_018480,83.78083193673635
STU_018481,70.93894561004925
STU_018482,64.76364582645205
STU_018483,93.87210167707688
STU_018484,86.98278387443574
STU_018485,66.77907096964168
STU_018486,76.42172272425866
STU_018487,59.2122450979991
STU_018488,76.61579689862847
STU_018489,58.77491929873139
STU_018490,72.30805928867943
STU_018491,84.34008829307955
STU_018492,71.23281284457391
STU_018493,85.85342485378504
STU_018494,77.69781967006165
STU_018495,84.5890810067763
STU_018496,68.09609357715554
STU_018497,91.34577504277212
STU_018498,71.30577295514587
STU_018499,68.9347845336801
STU_018500,75.75115331332817
STU_018501,99.73990749878023
STU_018502,69.07859492704347
STU_018503,47.68132492428978
STU_018504,99.45452769158041
STU_018505,72.49394707413231
STU_018506,81.41940215140787
STU_018507,72.9188934551937
STU_018508,79.90030833227229
STU_018509,58.80769693216189
STU_018510,83.43224011147605
STU_018511,75.43858002631728
STU_018512,84.28818984031443
STU_018513,80.16347481188197
STU_018514,62.04993616378604
STU_018515,64.88108836502471
STU_018516,63.4545457825575
STU_018517,84.05467613089405
STU_018518,58.95702891858022
STU_018519,55.269885683284045
STU_018520,93.22094505548688
STU_018521,74.98348275655374
STU_018522,83.5597300154448
STU_018523,83.49070599228506
STU_018524,90.78235693138114
STU_018525,73.16170509668284
STU_018526,59.74902134627743
STU_018527,88.42196863316286
STU_018528,87.22431993591356
STU_018529,73.20086677908267
STU_018530,75.4397959807258
STU_018531,81.49182646588216
STU_018532,66.906975082385
STU_018533,68.65120000524087
STU_018534,61.28376572646974
STU_018535,92.28758378395978
STU_018536,100.0
STU_018537,82.3374759116166
STU_018538,74.0755710597011
STU_018539,58.571527911988795
STU_018540,79.25336251010852
STU_018541,68.293341407329
STU_018542,95.77562361130195
STU_018543,72.44212224580285
STU_018544,77.3764338129602
STU_018545,70.36717980246424
STU_018546,95.59628247234288
STU_018547,72.28665501383993
STU_018548,92.32085755304797
STU_018549,86.32935641075122
STU_018550,78.23981412560678
STU_018551,73.6609787677744
STU_018552,62.44629133282909
STU_018553,65.55003711184081
STU_018554,61.97267034294798
STU_018555,60.66309443777316
STU_018556,80.88574728192492
STU_018557,60.7258342364893
STU_018558,63.19210288445418
STU_018559,66.80883662778868
STU_018560,77.08695841587786
STU_018561,77.68638685224057
STU_018562,82.32745414751926
STU_018563,76.61468376328017
STU_018564,80.16462198138153
STU_018565,63.31830574808812
STU_018566,66.61982560811434
STU_018567,91.6813420321926
STU_018568,82.30412624719602
STU_018569,80.19834704168562
STU_018570,69.63253282036496
STU_018571,90.38345164541383
STU_018572,60.507112976503294
STU_018573,86.93187324163992
STU_018574,75.75575772403742
STU_018575,69.4365669529671
STU_018576,76.09950989229822
STU_018577,67.57713250325318
STU_018578,79.48966332213864
STU_018579,53.09203185333021
STU_018580,99.76593428708381
STU_018581,69.88148530342313
STU_018582,79.39302023952538
STU_018583,95.31169197895974
STU_018584,83.27577043631156
STU_018585,68.46609128259716
STU_018586,92.72201411628603
STU_018587,94.79910526199467
STU_018588,52.20071273816219
STU_018589,82.67228184291424
STU_018590,73.20514024433342
STU_018591,88.75977647929176
STU_018592,43.44349057762619
STU_018593,83.9713264704518
STU_018594,64.18869998095096
STU_018595,75.4134407566942
STU_018596,61.6787132637686
STU_018597,72.66860330586823
STU_018598,64.92485318500775
STU_018599,60.0558417541648
STU_018600,83.92921784070319
STU_018601,67.70853840856628
STU_018602,68.64499807731191
STU_018603,68.8655593990409
STU_018604,73.72586675969336
STU_018605,45.2517950497114
STU_018606,68.19433334065728
STU_018607,89.94584818799865
STU_018608,92.0487082804498
STU_018609,86.43068554507772
STU_018610,100.0
STU_018611,66.79844061036013
STU_018612,72.83052837388705
STU_018613,82.68818708456185
STU_018614,73.83211249076156
STU_018615,55.05406643585829
STU_018616,83.81476808604283
STU_018617,70.51442494017152
STU_018618,61.78313204874516
STU_018619,71.37229395992614
STU_018620,91.35606869959965
STU_018621,56.87333320720753
STU_018622,78.16656563874322
STU_018623,74.0991407192579
STU_018624,78.20369112724187
STU_018625,84.68378835311125
STU_018626,70.50599880396108
STU_018627,73.27309747313214
STU_018628,64.04324791792808
STU_018629,70.19207527814736
STU_018630,60.88483220305793
STU_018631,90.95278785294482
STU_018632,94.10078437020846
STU_018633,68.8933090269057
STU_018634,63.48680192226978
STU_018635,69.7866112360685
STU_018636,82.00626914585567
STU_018637,67.32252333460025
STU_018638,99.16307063459483
STU_018639,91.94782701491715
STU_018640,74.2381401166719
STU_018641,53.300384355357906
STU_018642,81.37463646635798
STU_018643,65.18142678720696
STU_018644,67.35434989389788
STU_018645,94.85806178730468
STU_018646,64.31474379534993
STU_018647,99.73370406745212
STU_018648,53.40558593920703
STU_018649,55.642639210372764
STU_018650,73.49334126858112
STU_018651,63.43895736323488
STU_018652,86.39018347181536
STU_018653,81.00158292193177
STU_018654,81.5249129225648
STU_018655,67.51613113755351
STU_018656,68.8714159702435
STU_018657,88.4608492209573
STU_018658,76.34563888196385
STU_018659,80.31290243651088
STU_018660,73.78880315748336
STU_018661,56.307697608447214
STU_018662,68.05612647782192
STU_018663,75.14172204259076
STU_018664,45.33719531816905
STU_018665,65.69317327721134
STU_018666,63.62361345106736
STU_018667,69.91283659042038
STU_018668,50.21757363880911
STU_018669,76.73285301342419
STU_018670,75.11125385158181
STU_018671,61.986100743410404
STU_018672,80.6877040594756
STU_018673,59.924285916800926
STU_018674,67.99797884631982
STU_018675,74.95420973982844
STU_018676,67.44603275958661
STU_018677,66.83134645481672
STU_018678,86.89802554168499
STU_018679,85.46543924115971
STU_018680,60.48328503381908
STU_018681,83.61507084085582
STU_018682,91.44201240834278
STU_018683,72.5779521969677
STU_018684,86.10564369688116
STU_018685,72.0169763573857
STU_018686,84.23429999069296
STU_018687,75.00981037026199
STU_018688,67.92563341504238
STU_018689,84.55059289502597
STU_018690,70.56718980743423
STU_018691,65.19740593822186
STU_018692,74.71693956574543
STU_018693,71.9400096609906
STU_018694,86.55085187729462
STU_018695,77.90457687546184
STU_018696,69.35137150298752
STU_018697,82.15392802314257
STU_018698,89.97897784033512
STU_018699,62.35893877210982
STU_018700,100.0
STU_018701,71.1571889782482
STU_018702,83.79918809165594
STU_018703,74.5152493948726
STU_018704,89.06160685730231
STU_018705,73.41128806538691
STU_018706,90.67801542773572
STU_018707,65.68729873021667
STU_018708,69.24053160055564
STU_018709,96.93593044530603
STU_018710,79.62718603680165
STU_018711,59.37803304652337
STU_018712,91.29300329955032
STU_018713,67.06966277600557
STU_018714,76.31948251126438
STU_018715,99.4534940328915
STU_018716,68.06206000434568
STU_018717,72.94418158474342
STU_018718,64.88926957238803
STU_018719,85.60641279069588
STU_018720,77.3933099725133
STU_018721,90.61770233687855
STU_018722,55.711107364177835
STU_018723,59.525940628586184
STU_018724,68.36768275952528
STU_018725,78.61434535637781
STU_018726,73.28009505616619
STU_018727,85.53584396066648
STU_018728,75.2681447755946
STU_018729,91.02878298545049
STU_018730,82.6849098081435
STU_018731,62.842055266942396
STU_018732,75.45241049067937
STU_018733,91.80242912699381
STU_018734,73.59679248242008
STU_018735,77.19096004891871
STU_018736,63.603998268018294
STU_018737,76.59075582792134
STU_018738,75.26835377900048
STU_018739,74.29981227039426
STU_018740,68.2692585591698
STU_018741,50.234932711292366
STU_018742,96.33842466199863
STU_018743,62.661014832157335
STU_018744,99.8920153391364
STU_018745,76.61458938180789
STU_018746,68.47336943452427
STU_018747,89.21875491232893
STU_018748,54.40314354632078
STU_018749,57.674962703852714
STU_018750,84.68698699429947
STU_018751,87.38674928811866
STU_018752,57.35905084979868
STU_018753,62.84584294982712
STU_018754,92.72955822403215
STU_018755,90.40676561148068
STU_018756,68.97977639363754
STU_018757,88.58986980769274
STU_018758,88.92533984505842
STU_018759,95.40812996319238
STU_018760,70.29467598243441
STU_018761,71.86492385991211
STU_018762,78.8846681333459
STU_018763,65.74421903085971
STU_018764,83.71535881765551
STU_018765,77.77615243798175
STU_018766,64.39362856490527
STU_018767,86.87593400788076
STU_018768,73.89215201272964
STU_018769,52.13335751564662
STU_018770,84.41974086812859
STU_018771,69.60336645781933
STU_018772,91.99936385134345
STU_018773,78.18418058655402
STU_018774,62.100282734189754
STU_018775,81.64800798600085
STU_018776,84.6529802007758
STU_018777,53.28415173487429
STU_018778,99.14970983033894
STU_018779,89.85692092792442
STU_018780,62.502315182185654
STU_018781,94.62461520309395
STU_018782,96.65767179206105
STU_018783,81.14063267294307
STU_018784,77.42393644339131
STU_018785,82.76399529299084
STU_018786,78.95023510932306
STU_018787,54.85538804749866
STU_018788,65.47648571408328
STU_018789,73.59571954835643
STU_018790,90.07269481625175
STU_018791,73.99114241105568
STU_018792,61.5488217632179
STU_018793,65.67253636455658
STU_018794,62.8920112076606
STU_018795,95.7841858244469
STU_018796,57.17972079861872
STU_018797,65.66203913536494
STU_018798,66.35539309377216
STU_018799,80.67403899665135
STU_018800,87.15980526834804
STU_018801,83.95466995326834
STU_018802,66.63022232017468
STU_018803,67.34101834729921
STU_018804,56.143037634136306
STU_018805,66.86198414893664
STU_018806,79.25083415369409
STU_018807,75.08657590680257
STU_018808,61.03810726859699
STU_018809,84.54374203006593
STU_018810,80.654448019677
STU_018811,51.65882206159905
STU_018812,82.72471495774722
STU_018813,71.7254953871534
STU_018814,46.36831079089888
STU_018815,81.62422596467988
STU_018816,67.0621107954237
STU_018817,68.07301587951403
STU_018818,88.41402725390557
STU_018819,68.78010768491109
STU_018820,89.47237679333574
STU_018821,80.79664701914827
STU_018822,74.48852784341243
STU_018823,98.89032685621441
STU_018824,66.02266617437135
STU_018825,76.18824431274513
STU_018826,70.21146047865113
STU_018827,72.87013407314981
STU_018828,69.00909435059525
STU_018829,57.73449049507364
STU_018830,86.63516820696756
STU_018831,90.90660668346435
STU_018832,80.79797342003896
STU_018833,61.243188617289334
STU_018834,55.244066142010894
STU_018835,64.67087367774957
STU_018836,83.27927167937563
STU_018837,72.50871762828535
STU_018838,62.77727372490945
STU_018839,86.93581803231127
STU_018840,84.41760155907451
STU_018841,86.65038514144581
STU_018842,76.23743128996186
STU_018843,77.24768367441963
STU_018844,70.72866458496509
STU_018845,80.63384274288873
STU_018846,99.72599610640901
STU_018847,98.19707146775883
STU_018848,78.74747564676818
STU_018849,67.98965896206089
STU_018850,71.923516564632
STU_018851,62.37313328499927
STU_018852,55.01473097493776
STU_018853,64.42739422989538
STU_018854,74.64292298041502
STU_018855,79.50701753478668
STU_018856,64.03478171023502
STU_018857,90.01229340681961
STU_018858,80.86578369475384
STU_018859,95.71547825087052
STU_018860,71.95210949857305
STU_018861,79.22716656464178
STU_018862,95.3834099933915
STU_018863,68.72578908786679
STU_018864,64.32032461175194
STU_018865,77.13781616411225
STU_018866,76.14401174398152
STU_018867,67.38933328350002
STU_018868,78.3324777692381
STU_018869,73.4588411687329
STU_018870,87.44898595857862
STU_018871,96.51649886037016
STU_018872,81.62418796918826
STU_018873,74.6834328681584
STU_018874,87.18960710485122
STU_018875,99.60624695940695
STU_018876,67.66931375519846
STU_018877,61.62544760249114
STU_018878,92.96586856998393
STU_018879,84.0905169865414
STU_018880,75.89225457035519
STU_018881,64.85750691514497
STU_018882,73.69659993285367
STU_018883,72.57141945669315
STU_018884,92.24836091112228
STU_018885,59.696485107797045
STU_018886,90.73597772136259
STU_018887,65.66750079588442
STU_018888,89.98653538116885
STU_018889,59.24172005943327
STU_018890,46.43879988638327
STU_018891,72.30736229434144
STU_018892,78.97345150284013
STU_018893,81.02612284227115
STU_018894,98.68551694795572
STU_018895,75.18541016920462
STU_018896,85.8700710354601
STU_018897,70.75820029088031
STU_018898,68.59880617649134
STU_018899,68.15747537913062
STU_018900,73.34459665395977
STU_018901,81.97505126488149
STU_018902,94.5285993574612
STU_018903,88.7451751220073
STU_018904,78.50971163477682
STU_018905,66.07417579580229
STU_018906,78.310263274641
STU_018907,71.69188599328595
STU_018908,69.16828055808938
STU_018909,78.00211514562648
STU_018910,69.46968345499391
STU_018911,56.8984100425223
STU_018912,86.39524872577229
STU_018913,67.56688191253237
STU_018914,71.27359638808306
STU_018915,77.71293757856029
STU_018916,61.776140857340536
STU_018917,82.90110895060263
STU_018918,90.40446613956416
STU_018919,76.97167904573374
STU_018920,57.615029014975335
STU_018921,68.85607476436036
STU_018922,66.3207002200786
STU_018923,99.02660057518092
STU_018924,67.342729567024
STU_018925,71.61464607569994
STU_018926,81.17307509032146
STU_018927,74.46007025689774
STU_018928,70.96175431796709
STU_018929,71.38711188766854
STU_018930,58.776561951318826
STU_018931,62.301011712147684
STU_018932,48.38007981093281
STU_018933,74.32440489134613
STU_018934,80.33673938785014
STU_018935,69.06111056046345
STU_018936,71.92906634430885
STU_018937,87.48333419343759
STU_018938,86.20518049127281
STU_018939,68.0853379217478
STU_018940,83.16503022079046
STU_018941,87.60480111298722
STU_018942,56.082165069641775
STU_018943,76.572388927053
STU_018944,74.36453185212541
STU_018945,79.99905460625544
STU_018946,82.74143358422508
STU_018947,69.1061712969452
STU_018948,68.61984256928042
STU_018949,72.00767598236607
STU_018950,83.2556988127372
STU_018951,67.7951896677548
STU_018952,64.2470121904045
STU_018953,72.58838223358963
STU_018954,81.20406035312482
STU_018955,77.52052241911274
STU_018956,59.16984695754515
STU_018957,76.37535729838605
STU_018958,85.43528260752502
STU_018959,80.93995888179269
STU_018960,75.12488634993228
STU_018961,69.30966601231826
STU_018962,78.65481425026917
STU_018963,90.15404791930445
STU_018964,68.78160565773743
STU_018965,89.17638713477744
STU_018966,93.70443388520262
STU_018967,93.70907970390198
STU_018968,76.76964156016862
STU_018969,77.2167670217016
STU_018970,87.48682057110061
STU_018971,62.963753378609454
STU_018972,79.70747096285551
STU_018973,88.2152082464381
STU_018974,61.43287504887334
STU_018975,87.18525142323628
STU_018976,74.55593721917106
STU_018977,90.07844727182558
STU_018978,83.83768551509051
STU_018979,58.840771106087814
STU_018980,77.2327067600981
STU_018981,54.22049472184486
STU_018982,81.69131976833906
STU_018983,73.94861997618874
STU_018984,72.39902224302207
STU_018985,74.68760830525807
STU_018986,80.6185176388802
STU_018987,80.17936872390284
STU_018988,69.95000541482096
STU_018989,81.07195458122624
STU_018990,83.08608938686301
STU_018991,66.26987235593161
STU_018992,81.86167278886212
STU_018993,82.51008557810987
STU_018994,84.98891585039631
STU_018995,95.25242943173384
STU_018996,61.401491355786135
STU_018997,72.79163935082771
STU_018998,79.60185719834524
STU_018999,92.13015115873151
STU_019000,74.8757165834364
STU_019001,60.188201077156464
STU_019002,77.61292479299948
STU_019003,92.79673129716468
STU_019004,77.84077417087967
STU_019005,95.43659417476734
STU_019006,93.7453123213009
STU_019007,100.0
STU_019008,76.64794466199703
STU_019009,99.97332359751132
STU_019010,44.31860033352943
STU_019011,76.21837008980583
STU_019012,73.94550627850823
STU_019013,57.70630831171129
STU_019014,100.0
STU_019015,50.249750804695694
STU_019016,64.46695452062824
STU_019017,96.49250261129609
STU_019018,71.84415622108683
STU_019019,73.5757711541066
STU_019020,98.08840164792065
STU_019021,47.328291049192444
STU_019022,74.94998001324606
STU_019023,88.35852523025778
STU_019024,77.60732316773162
STU_019025,96.21747853749494
STU_019026,99.30436689708729
STU_019027,76.25926069417912
STU_019028,58.64642432145787
STU_019029,61.95472042151948
STU_019030,73.64251556834347
STU_019031,83.61388977553318
STU_019032,83.47176486003681
STU_019033,77.38989800545725
STU_019034,66.98181671527864
STU_019035,83.21823429503337
STU_019036,95.22718535217929
STU_019037,84.39492128537267
STU_019038,66.06647691405078
STU_019039,83.36653120679594
STU_019040,73.86664238789754
STU_019041,79.01985456567905
STU_019042,80.66098477884812
STU_019043,85.96390078426607
STU_019044,84.2141409374029
STU_019045,77.38978505128401
STU_019046,62.87245070021787
STU_019047,48.69903678824454
STU_019048,87.47436795575315
STU_019049,57.050668590208105
STU_019050,87.73998783313874
STU_019051,63.214157242056466
STU_019052,74.54978352373007
STU_019053,75.96096726233937
STU_019054,69.75307172165361
STU_019055,49.12527027398537
STU_019056,83.83368442616508
STU_019057,81.07808932820531
STU_019058,80.55176761100893
STU_019059,48.76270928535959
STU_019060,66.72973072641756
STU_019061,52.23515151637736
STU_019062,86.78587151878195
STU_019063,72.90914805487327
STU_019064,63.772935885885374
STU_019065,96.82290997069522
STU_019066,60.312643716594295
STU_019067,81.11757923847479
STU_019068,64.6143874217145
STU_019069,59.87999652091847
STU_019070,73.10066216007537
STU_019071,65.51789127673183
STU_019072,100.0
STU_019073,61.72250851071982
STU_019074,67.59823840488748
STU_019075,63.13345935204666
STU_019076,59.45542664081181
STU_019077,97.01594320757832
STU_019078,96.02230691645528
STU_019079,90.08210666331824
STU_019080,55.747197729076795
STU_019081,83.46939864305517
STU_019082,87.38623129837887
STU_019083,61.54422777130173
STU_019084,56.01347584294136
STU_019085,60.05976977863982
STU_019086,52.42373284718942
STU_019087,77.29275331291615
STU_019088,74.85569498428329
STU_019089,86.51204878746543
STU_019090,92.78274494185982
STU_019091,82.38086400114253
STU_019092,90.38960426893266
STU_019093,74.31073800556524
STU_019094,82.53662234611156
STU_019095,76.56279773760981
STU_019096,81.2381034303556
STU_019097,83.91810005704225
STU_019098,56.580074660359216
STU_019099,66.15050757664649
STU_019100,72.62143628438614
STU_019101,62.087827129914004
STU_019102,76.04534153522616
STU_019103,86.09835008001588
STU_019104,63.99608528398926
STU_019105,65.60827968225914
STU_019106,61.50692285659771
STU_019107,88.54746915449593
STU_019108,70.27163546075474
STU_019109,99.47405516726502
STU_019110,94.62761786306967
STU_019111,74.39503357086906
STU_019112,99.84029932721913
STU_019113,83.35362226364457
STU_019114,98.44143870317396
STU_019115,85.54053570757482
STU_019116,86.87185906963786
STU_019117,61.365862574943336
STU_019118,77.82809434329164
STU_019119,72.84196429387409
STU_019120,62.92961160178679
STU_019121,93.12676254627667
STU_019122,81.44531324313027
STU_019123,66.72203167489647
STU_019124,95.44694604909532
STU_019125,72.29046684803951
STU_019126,73.69201548619662
STU_019127,70.43022568734223
STU_019128,88.65556004427216
STU_019129,60.1533631599512
STU_019130,59.266723808561636
STU_019131,82.00842914543362
STU_019132,85.92576780133356
STU_019133,55.79165214288004
STU_019134,65.20532029619052
STU_019135,99.46374710107666
STU_019136,92.32214202006148
STU_019137,59.86840500282688
STU_019138,88.47745574118282
STU_019139,91.34930056983623
STU_019140,83.52820239425391
STU_019141,94.92457920946177
STU_019142,82.43453799886946
STU_019143,75.60199436039044
STU_019144,76.76417181108879
STU_019145,69.39855077418812
STU_019146,92.48566778341299
STU_019147,70.05494934059996
STU_019148,98.21732563873033
STU_019149,78.19789670599911
STU_019150,80.60538540786557
STU_019151,96.28569972907506
STU_019152,46.74016494441814
STU_019153,68.08168571158134
STU_019154,91.6772952194895
STU_019155,100.0
STU_019156,82.31952196729316
STU_019157,93.21398574661622
STU_019158,52.560944709806364
STU_019159,69.79619720429032
STU_019160,62.6394901421461
STU_019161,59.718286806055005
STU_019162,60.11452251093894
STU_019163,71.95986989395048
STU_019164,71.14360719769279
STU_019165,73.46946502477104
STU_019166,93.78430144710524
STU_019167,91.42934007358943
STU_019168,82.87977763499688
STU_019169,74.89486072159939
STU_019170,83.63149037068527
STU_019171,71.27093686639502
STU_019172,81.15919787287662
STU_019173,81.4692738600455
STU_019174,61.30509643377198
STU_019175,73.12576451355122
STU_019176,75.66454257228125
STU_019177,98.02741421308785
STU_019178,34.35477540290818
STU_019179,77.74257453635232
STU_019180,77.30883653407527
STU_019181,96.90501740014147
STU_019182,56.66728350559193
STU_019183,94.53442207073172
STU_019184,86.65822219000597
STU_019185,90.95752581163943
STU_019186,98.48898217636506
STU_019187,71.75836511924973
STU_019188,99.42751763306146
STU_019189,88.46683631457981
STU_019190,74.38016002713144
STU_019191,64.69888574740456
STU_019192,98.53200344037589
STU_019193,68.43697781738322
STU_019194,75.15633576687004
STU_019195,82.46554788786264
STU_019196,83.4468176897411
STU_019197,90.39475894145006
STU_019198,70.55783584768302
STU_019199,99.97367635075439
STU_019200,66.88298599063405
STU_019201,90.51751056144097
STU_019202,80.13552953323106
STU_019203,56.289510561743555
STU_019204,63.78450046906098
STU_019205,81.96531425227705
STU_019206,50.80610923618711
STU_019207,69.30877737633907
STU_019208,72.34193743126059
STU_019209,76.14843186275331
STU_019210,61.06809718925015
STU_019211,66.25401933331807
STU_019212,70.37750613549149
STU_019213,68.16631775215195
STU_019214,76.79116724534774
STU_019215,98.53424641451947
STU_019216,64.08989849612709
STU_019217,72.41176454800286
STU_019218,52.108408919718414
STU_019219,80.99417803072211
STU_019220,71.52599715685983
STU_019221,63.46312505061955
STU_019222,81.6871138206344
STU_019223,74.68052739173699
STU_019224,93.94292972307281
STU_019225,53.76204922342066
STU_019226,57.478869020476196
STU_019227,65.36598348782032
STU_019228,60.03992097239872
STU_019229,75.41510468280883
STU_019230,66.73870685992132
STU_019231,88.34575165407645
STU_019232,90.23849915700521
STU_019233,58.185533671065684
STU_019234,64.42197972953055
STU_019235,79.07129090754017
STU_019236,80.0356619864209
STU_019237,74.92258604153203
STU_019238,73.74681589440341
STU_019239,88.5893396756515
STU_019240,82.24335378214008
STU_019241,96.33676002663493
STU_019242,67.29051456403467
STU_019243,88.98526650241563
STU_019244,75.8045811016497
STU_019245,52.469250249761416
STU_019246,60.07653978241794
STU_019247,95.41757041245545
STU_019248,83.40496598789765
STU_019249,97.30772003166017
STU_019250,60.7962442935838
STU_019251,94.02658872426295
STU_019252,71.81017146709705
STU_019253,62.88164561441831
STU_019254,48.97112488146925
STU_019255,65.09031196603597
STU_019256,94.58037533574189
STU_019257,62.07177038718227
STU_019258,52.64206592014703
STU_019259,71.73185450035807
STU_019260,82.7060044228948
STU_019261,68.41462945147508
STU_019262,85.1593803980047
STU_019263,72.29280679168991
STU_019264,72.83608838065628
STU_019265,87.0225918700949
STU_019266,83.69852019685877
STU_019267,56.55356742847147
STU_019268,68.32882788192569
STU_019269,82.00886339476232
STU_019270,85.20515184712053
STU_019271,54.158180790762174
STU_019272,67.35443680468808
STU_019273,96.89371925014666
STU_019274,99.63039143289402
STU_019275,99.78843028852967
STU_019276,59.33728007976786
STU_019277,99.3710996979382
STU_019278,87.88230407591365
STU_019279,73.78980671102464
STU_019280,64.43861301010253
STU_019281,87.6906187606049
STU_019282,61.13248580897087
STU_019283,99.66633203468652
STU_019284,82.64315197801739
STU_019285,75.22710803069229
STU_019286,93.58507923196964
STU_019287,74.54786079406809
STU_019288,65.69978742550842
STU_019289,90.26623812319356
STU_019290,79.71783830204153
STU_019291,75.21917399431723
STU_019292,78.43223944998452
STU_019293,64.41589388235691
STU_019294,76.46535102417452
STU_019295,61.52245987461974
STU_019296,67.43634706754395
STU_019297,78.64293311482936
STU_019298,88.3287642306839
STU_019299,91.80959012097716
STU_019300,80.96211625812737
STU_019301,68.50742840158453
STU_019302,87.204577407833
STU_019303,65.38385177070074
STU_019304,92.65587641508478
STU_019305,69.49089582871956
STU_019306,55.64473353971324
STU_019307,62.15832417666675
STU_019308,50.39471362860506
STU_019309,71.1295867248813
STU_019310,92.60910566081935
STU_019311,88.35626324835077
STU_019312,65.66636527064719
STU_019313,84.13182963073082
STU_019314,85.15235345295237
STU_019315,72.97519823512894
STU_019316,92.03552943096444
STU_019317,74.44507479888469
STU_019318,80.50370875912864
STU_019319,87.16179190728107
STU_019320,98.83190454444276
STU_019321,72.13296496458446
STU_019322,89.4043328182252
STU_019323,71.67560272773548
STU_019324,88.83434435806828
STU_019325,74.02061478700382
STU_019326,95.20294017857
STU_019327,93.84197480990471
STU_019328,94.9759100772348
STU_019329,90.17548616626932
STU_019330,77.46950171489985
STU_019331,71.51413946001907
STU_019332,70.74256532888414
STU_019333,84.82057444200588
STU_019334,60.64962518961795
STU_019335,67.11438386418257
STU_019336,66.54706566207022
STU_019337,98.1608517329705
STU_019338,63.295617988186024
STU_019339,89.36216325305762
STU_019340,98.89398967218341
STU_019341,73.30161349020759
STU_019342,63.78477161051708
STU_019343,71.6260099626439
STU_019344,66.0679829167542
STU_019345,67.89684774394443
STU_019346,73.67041505751473
STU_019347,51.08226774304336
STU_019348,92.34544952485922
STU_019349,81.03355169487668
STU_019350,58.5706760641999
STU_019351,90.91594129312978
STU_019352,81.03818221476666
STU_019353,85.73053195933043
STU_019354,70.0988317876764
STU_019355,75.75856702146577
STU_019356,56.84535105241756
STU_019357,60.574647413318395
STU_019358,78.17743602185527
STU_019359,84.6548470626793
STU_019360,61.94886281373576
STU_019361,87.65106328794697
STU_019362,61.40701529275466
STU_019363,67.90524813971055
STU_019364,73.4316412282566
STU_019365,89.06659239384868
STU_019366,97.41173456466674
STU_019367,99.8674469690283
STU_019368,75.58723237717633
STU_019369,76.24447536877821
STU_019370,70.52012604825782
STU_019371,81.03988966985695
STU_019372,68.28066486405314
STU_019373,60.60729602628696
STU_019374,66.59119108056865
STU_019375,80.38863549758841
STU_019376,95.89197828454198
STU_019377,92.91694135409861
STU_019378,67.47899218874969
STU_019379,55.70574820459494
STU_019380,88.4985065979158
STU_019381,65.89770141168928
STU_019382,65.83457195516564
STU_019383,84.19683009867286
STU_019384,65.6087532146449
STU_019385,84.97205217846239
STU_019386,65.95187765836287
STU_019387,57.56554502704756
STU_019388,64.30244835730856
STU_019389,99.37418467454096
STU_019390,42.168023803146184
STU_019391,76.25481440154118
STU_019392,78.17857417392332
STU_019393,74.8729952914943
STU_019394,72.4179792841417
STU_019395,78.75469186497212
STU_019396,98.3425737786105
STU_019397,71.82976998422312
STU_019398,56.9090081744957
STU_019399,57.59672770381795
STU_019400,95.14481693645325
STU_019401,67.4298540193754
STU_019402,64.55168412850153
STU_019403,88.79632279453953
STU_019404,85.57889018727721
STU_019405,76.4726755208799
STU_019406,74.88924864305902
STU_019407,63.169544375894205
STU_019408,80.44246734526226
STU_019409,75.066489466857
STU_019410,69.52004482757354
STU_019411,88.27064315817945
STU_019412,56.6453915055811
STU_019413,74.79351858737526
STU_019414,72.30137481601172
STU_019415,82.57983144105089
STU_019416,80.40258205902663
STU_019417,92.12518482492746
STU_019418,92.92444433141097
STU_019419,71.12747287846616
STU_019420,73.13639586803833
STU_019421,86.59129337610246
STU_019422,79.86770764478663
STU_019423,73.19951101250366
STU_019424,96.38398282266297
STU_019425,61.05432980255506
STU_019426,78.54482771257668
STU_019427,86.93320318921238
STU_019428,91.11918585876646
STU_019429,69.62234313982788
STU_019430,81.65857582221446
STU_019431,50.74955477208373
STU_019432,77.03652921075061
STU_019433,62.731072588502876
STU_019434,56.04937521506287
STU_019435,97.36710930192504
STU_019436,59.802213983685164
STU_019437,97.51883720468965
STU_019438,81.35365538441803
STU_019439,55.64135520012444
STU_019440,68.8446408052395
STU_019441,81.4682655730144
STU_019442,75.92123668221386
STU_019443,60.11974373036695
STU_019444,96.23384138683555
STU_019445,90.28050690946529
STU_019446,48.88538580428346
STU_019447,76.76214089414299
STU_019448,70.65670039838417
STU_019449,62.41317019555744
STU_019450,72.58660561042906
STU_019451,68.07392969482889
STU_019452,83.61092773964147
STU_019453,82.39483442427374
STU_019454,70.92181372746191
STU_019455,70.41617844417657
STU_019456,69.72466206847386
STU_019457,68.54520144041977
STU_019458,69.92627297146029
STU_019459,62.18831970430924
STU_019460,88.95332705480615
STU_019461,92.73687832244532
STU_019462,99.47033553497464
STU_019463,65.86585211596056
STU_019464,74.02528121711859
STU_019465,65.77778510811308
STU_019466,69.44688216652202
STU_019467,71.41293668584053
STU_019468,86.2744688264499
STU_019469,72.616137556492
STU_019470,91.66703135356329
STU_019471,97.29785489140303
STU_019472,85.83855396528955
STU_019473,88.57131972542449
STU_019474,66.2122707790645
STU_019475,60.769144847563396
STU_019476,93.97850672307665
STU_019477,64.60620014163987
STU_019478,69.92041287544954
STU_019479,72.86117769144026
STU_019480,92.06869802081533
STU_019481,67.54012024914884
STU_019482,68.54098490952326
STU_019483,72.50973465931328
STU_019484,82.6197315823728
STU_019485,57.79714302731911
STU_019486,39.349903740297215
STU_019487,68.70856767630548
STU_019488,94.40303341820444
STU_019489,64.73122513628567
STU_019490,75.6524887044938
STU_019491,61.84406440936606
STU_019492,73.03053536372676
STU_019493,63.454240211831234
STU_019494,63.99080546375821
STU_019495,96.51728274126512
STU_019496,93.33992037965712
STU_019497,53.1958987311086
STU_019498,89.58011280367529
STU_019499,90.93479068464056
STU_019500,87.84098308147763
STU_019501,82.92389318966559
STU_019502,61.750163103869866
STU_019503,70.3416801137952
STU_019504,95.46123055135763
STU_019505,59.854797448875985
STU_019506,81.24655090117956
STU_019507,88.35053125040116
STU_019508,96.11174900798403
STU_019509,96.38312840236193
STU_019510,93.07669706214267
STU_019511,57.17596267583162
STU_019512,82.72086606322064
STU_019513,68.10982864348625
STU_019514,57.192605822036924
STU_019515,60.48824649471216
STU_019516,81.75798124803892
STU_019517,64.63729043701639
STU_019518,66.04193906740738
STU_019519,67.40559599747132
STU_019520,84.1955106782349
STU_019521,63.92463081936784
STU_019522,75.74327089184368
STU_019523,95.64313385901491
STU_019524,81.28926702996691
STU_019525,84.329616700661
STU_019526,72.3682819423852
STU_019527,74.05296856161429
STU_019528,69.4257742621193
STU_019529,88.35292810432723
STU_019530,91.31312338738422
STU_019531,95.2325745514469
STU_019532,46.40217459435675
STU_019533,77.36061136952793
STU_019534,68.85205028637873
STU_019535,70.14742253137217
STU_019536,66.98089441639344
STU_019537,52.61268810549524
STU_019538,73.62838440729274
STU_019539,66.96696692848319
STU_019540,59.96122796338619
STU_019541,75.99780011482018
STU_019542,99.97931439188191
STU_019543,100.0
STU_019544,71.65175716414066
STU_019545,87.04248564497993
STU_019546,56.48600293883261
STU_019547,66.87296096288094
STU_019548,87.85587739483171
STU_019549,91.89331436138485
STU_019550,97.00257129536158
STU_019551,81.78227198953816
STU_019552,72.54739405920925
STU_019553,73.12493986356421
STU_019554,64.96857002143332
STU_019555,99.81563133438988
STU_019556,70.67825589916701
STU_019557,99.93626816647597
STU_019558,56.1571195442273
STU_019559,87.45816375752108
STU_019560,75.20125384076975
STU_019561,42.87984060986268
STU_019562,95.98612880307549
STU_019563,73.94839243915914
STU_019564,65.75274714712145
STU_019565,60.8506122290774
STU_019566,81.68690791224883
STU_019567,83.52991968838224
STU_019568,68.74644559837532
STU_019569,65.0573642707852
STU_019570,71.65389786787982
STU_019571,48.00454506865765
STU_019572,68.06900334333844
STU_019573,69.60678127890748
STU_019574,79.45290860747065
STU_019575,80.88656912866225
STU_019576,94.7794146851432
STU_019577,65.10699822844926
STU_019578,64.63444528423068
STU_019579,68.29197474804477
STU_019580,67.26616654320583
STU_019581,99.65521716938281
STU_019582,70.13300412490648
STU_019583,71.85684754434602
STU_019584,64.50350500124576
STU_019585,82.72279279566335
STU_019586,71.61574221787933
STU_019587,91.79467575800119
STU_019588,78.38005185121344
STU_019589,65.51917346641066
STU_019590,98.95787902978611
STU_019591,93.55181141683008
STU_019592,71.76361288989249
STU_019593,65.94880893845902
STU_019594,93.97167275152768
STU_019595,74.97114909932928
STU_019596,94.9191382706168
STU_019597,68.2610868965963
STU_019598,77.75721015668188
STU_019599,67.1188463797966
STU_019600,99.61465612829602
STU_019601,79.4593573055536
STU_019602,77.17692702008135
STU_019603,93.91511785215431
STU_019604,91.53027894787554
STU_019605,74.9528709833062
STU_019606,82.67599611073548
STU_019607,59.556593003712265
STU_019608,75.11303827620196
STU_019609,91.21369246721258
STU_019610,61.66786469263971
STU_019611,65.6002713206803
STU_019612,58.445634618199705
STU_019613,56.89598889509797
STU_019614,61.50492468337249
STU_019615,94.41953881702804
STU_019616,66.08174083221647
STU_019617,75.41343055769823
STU_019618,62.77407931809901
STU_019619,86.93377702760279
STU_019620,76.5555539298835
STU_019621,73.06590773324626
STU_019622,79.58603406599556
STU_019623,73.70613149714018
STU_019624,98.7343320848112
STU_019625,36.99951378007525
STU_019626,85.89858981921729
STU_019627,93.4439045881188
STU_019628,69.55091223899727
STU_019629,78.2215892055972
STU_019630,94.56133899161034
STU_019631,61.59938764482729
STU_019632,95.07534765749568
STU_019633,89.97522142904089
STU_019634,88.67568289377382
STU_019635,77.45599878524115
STU_019636,65.03096442046139
STU_019637,77.14973456079005
STU_019638,65.68143840253774
STU_019639,69.32698285867308
STU_019640,82.24583781573645
STU_019641,93.01855373960964
STU_019642,76.8276688838493
STU_019643,87.41932700714504
STU_019644,71.3962552904944
STU_019645,72.5083903380698
STU_019646,69.4119243909033
STU_019647,78.36350760501307
STU_019648,58.09771350328052
STU_019649,60.65529283160381
STU_019650,70.35088588260271
STU_019651,75.27186127611904
STU_019652,71.79299226617975
STU_019653,66.40099163778812
STU_019654,53.79884694684026
STU_019655,59.14806157201046
STU_019656,54.52274302931946
STU_019657,77.83486280604578
STU_019658,69.26573238652077
STU_019659,78.55650899791853
STU_019660,70.62787955267885
STU_019661,83.8808228407111
STU_019662,67.34863227846557
STU_019663,75.07984631980389
STU_019664,63.276146086378944
STU_019665,87.5686122731162
STU_019666,89.5820701471384
STU_019667,74.65772176919359
STU_019668,55.37003704889764
STU_019669,61.53369231505499
STU_019670,85.81503038439324
STU_019671,53.26291925610817
STU_019672,84.31778107547294
STU_019673,75.87017851660816
STU_019674,80.83681857529507
STU_019675,82.08017886831871
STU_019676,81.42812540661889
STU_019677,83.42199942583126
STU_019678,99.65016721010335
STU_019679,93.10543670351856
STU_019680,83.62237481241522
STU_019681,94.452389724638
STU_019682,94.17927859001634
STU_019683,68.46281439457996
STU_019684,70.49098026717635
STU_019685,94.35883272363897
STU_019686,82.46614488395281
STU_019687,65.22210412179032
STU_019688,80.14418206915863
STU_019689,64.79437517115062
STU_019690,79.19445604906954
STU_019691,61.65250593043518
STU_019692,56.17625027507337
STU_019693,98.85441519966835
STU_019694,79.03508484579021
STU_019695,56.86493453490145
STU_019696,67.10080255887314
STU_019697,94.92071328889072
STU_019698,90.49534243110097
STU_019699,83.47481849625102
STU_019700,85.02305026348215
STU_019701,77.42713760723491
STU_019702,76.45037739693129
STU_019703,80.0942806454188
STU_019704,75.77628760535605
STU_019705,59.848782348163624
STU_019706,92.29531752516101
STU_019707,59.30525688690936
STU_019708,76.36001556624184
STU_019709,73.13600248293783
STU_019710,63.451067770551546
STU_019711,98.01306403248182
STU_019712,47.52286572386137
STU_019713,93.27144520272765
STU_019714,64.13686583150496
STU_019715,90.75839494968287
STU_019716,83.66377785742432
STU_019717,96.9642458777339
STU_019718,68.06199139244494
STU_019719,94.84834942402193
STU_019720,95.04588440968266
STU_019721,54.09289005463782
STU_019722,74.56058730207849
STU_019723,81.01033395911122
STU_019724,72.50194256675027
STU_019725,87.98595556753791
STU_019726,58.371948850484614
STU_019727,91.59947858904125
STU_019728,79.36791673468926
STU_019729,68.50759741991402
STU_019730,72.45009040827416
STU_019731,61.85122985041623
STU_019732,90.49438563778469
STU_019733,72.46990324991857
STU_019734,74.96857562347283
STU_019735,84.00411539134414
STU_019736,99.34213152435652
STU_019737,96.39544672484195
STU_019738,89.11005419510403
STU_019739,69.65022804536449
STU_019740,71.39893601595169
STU_019741,99.89900429672272
STU_019742,72.06440497456995
STU_019743,82.78929379589299
STU_019744,73.78897961220886
STU_019745,84.53084863997606
STU_019746,95.04618752579958
STU_019747,78.53392334923399
STU_019748,60.25153852526523
STU_019749,64.21041940130154
STU_019750,74.00190183698771
STU_019751,72.79650295406272
STU_019752,61.703425461691694
STU_019753,91.63202792173672
STU_019754,68.86738049322803
STU_019755,82.41787540172757
STU_019756,52.78555047305743
STU_019757,87.92364394069708
STU_019758,58.904392164023164
STU_019759,74.26145858377703
STU_019760,81.13794033187841
STU_019761,66.26779761131193
STU_019762,90.18066739198647
STU_019763,71.79881426341524
STU_019764,62.198576328239994
STU_019765,91.25808783829694
STU_019766,61.98530506010813
STU_019767,49.07017308223712
STU_019768,79.34431743168238
STU_019769,63.520040127254504
STU_019770,78.51528552191267
STU_019771,95.16981483630485
STU_019772,67.8610681970529
STU_019773,90.59920011900034
STU_019774,50.61143834308368
STU_019775,88.32782942974083
STU_019776,60.92544876562799
STU_019777,74.27912594701237
STU_019778,75.68328384215967
STU_019779,75.39898738909298
STU_019780,87.79513674291334
STU_019781,52.58009552147476
STU_019782,74.02555481574447
STU_019783,62.59881920249808
STU_019784,83.88427057883439
STU_019785,77.03095921539978
STU_019786,52.49580522295544
STU_019787,72.88184452486189
STU_019788,73.73641904592846
STU_019789,80.74214364122213
STU_019790,65.56944946539062
STU_019791,51.29887059047238
STU_019792,79.41176128457309
STU_019793,69.01198257635669
STU_019794,86.48162204406898
STU_019795,74.3775211232714
STU_019796,84.93078528750118
STU_019797,44.692195655015055
STU_019798,93.87468708888846
STU_019799,77.2257188172356
STU_019800,53.80914618128907
STU_019801,79.75486032078071
STU_019802,96.16284555573777
STU_019803,65.88472059683683
STU_019804,78.46584605335174
STU_019805,69.97061712237885
STU_019806,61.31018958213602
STU_019807,59.20641235332607
STU_019808,67.19259605751667
STU_019809,94.70080558398625
STU_019810,64.38990988468066
STU_019811,65.73480844981721
STU_019812,87.27609069262898
STU_019813,74.82152878025835
STU_019814,82.85188943637658
STU_019815,89.7521767901492
STU_019816,70.57765110074939
STU_019817,91.68811277657548
STU_019818,68.24503616816503
STU_019819,95.17933276607758
STU_019820,58.80338139760161
STU_019821,86.28776506160207
STU_019822,65.7831299107714
STU_019823,79.20845697267556
STU_019824,99.89991010324647
STU_019825,76.77173902462849
STU_019826,86.54800037380991
STU_019827,82.68537986379076
STU_019828,81.95387651820563
STU_019829,71.7850117587902
STU_019830,96.8003365883637
STU_019831,85.17077274834654
STU_019832,90.74238582548597
STU_019833,72.02635435455215
STU_019834,73.19936062130535
STU_019835,66.24891426332613
STU_019836,85.30747416514103
STU_019837,74.10447081129632
STU_019838,79.90442969575844
STU_019839,81.04971022766954
STU_019840,63.32740804149151
STU_019841,64.29789293864937
STU_019842,73.66908901953656
STU_019843,66.18234670092657
STU_019844,72.44387971029498
STU_019845,74.53041988129377
STU_019846,97.0918653008658
STU_019847,99.30364713228337
STU_019848,68.20977543196915
STU_019849,93.47674976722223
STU_019850,77.39145576713247
STU_019851,97.80286079223809
STU_019852,61.53238759461799
STU_019853,92.00589206589511
STU_019854,79.11902788506308
STU_019855,76.91966886279621
STU_019856,68.98474837867332
STU_019857,81.61685735658332
STU_019858,96.93490492343348
STU_019859,93.55203607362029
STU_019860,82.73628671321364
STU_019861,61.34625466078836
STU_019862,69.75413366199024
STU_019863,75.24508537348161
STU_019864,81.1729539151118
STU_019865,91.39438203195955
STU_019866,93.3080001527869
STU_019867,75.1564583572988
STU_019868,80.61208543583979
STU_019869,71.8964218969476
STU_019870,74.00131700819549
STU_019871,92.12043410508645
STU_019872,99.98857587459977
STU_019873,74.95008475952604
STU_019874,52.995333242230515
STU_019875,77.72172756255786
STU_019876,99.10919156025281
STU_019877,63.332759814915505
STU_019878,61.511947496208734
STU_019879,90.63190994135724
STU_019880,53.74066478815968
STU_019881,71.96238332491278
STU_019882,93.68164134875202
STU_019883,59.55011859734975
STU_019884,68.45084112827217
STU_019885,79.2152903928197
STU_019886,71.2637205283097
STU_019887,99.90822521910047
STU_019888,58.98264680486699
STU_019889,84.77865384360666
STU_019890,75.62503073142865
STU_019891,76.39439579515016
STU_019892,67.24138823513785
STU_019893,93.69707198711647
STU_019894,60.83600427394835
STU_019895,77.08453023145832
STU_019896,82.58561502988307
STU_019897,76.14331574157069
STU_019898,72.7127119397795
STU_019899,82.77030296196783
STU_019900,82.70041471490552
STU_019901,66.55930064976212
STU_019902,73.49661586485193
STU_019903,84.51884965031087
STU_019904,69.1786665253858
STU_019905,77.76954043316734
STU_019906,70.60368399224937
STU_019907,62.29043921086434
STU_019908,53.144847672889526
STU_019909,63.8504478416269
STU_019910,96.0674139835902
STU_019911,99.54456495145138
STU_019912,63.87782311396213
STU_019913,77.50032282902751
STU_019914,58.309323008351996
STU_019915,78.05710404865569
STU_019916,64.7115733683994
STU_019917,63.865859677384144
STU_019918,95.30195526350596
STU_019919,69.52457417495546
STU_019920,91.64796277144703
STU_019921,69.53088141268336
STU_019922,96.84161573820487
STU_019923,58.53615375613066
STU_019924,97.61550747401986
STU_019925,88.21146918457232
STU_019926,66.57425575374646
STU_019927,81.49377811122079
STU_019928,80.2469342402211
STU_019929,86.13605013642827
STU_019930,68.4248096752185
STU_019931,97.10367535713272
STU_019932,84.93898270380983
STU_019933,58.910718904271576
STU_019934,88.96193873987625
STU_019935,53.838603256822
STU_019936,88.7115484686332
STU_019937,82.33964350414527
STU_019938,70.5081200070535
STU_019939,87.2937570673931
STU_019940,87.19208266641706
STU_019941,72.6470626771912
STU_019942,71.43763456752322
STU_019943,82.00200309430191
STU_019944,98.31343357298057
STU_019945,79.8981525263282
STU_019946,91.34252350441936
STU_019947,77.30090585749463
STU_019948,84.93603855815482
STU_019949,76.16833453672075
STU_019950,72.02223308496137
STU_019951,68.3998137063218
STU_019952,59.644672120769
STU_019953,67.95285812711076
STU_019954,82.33367827761714
STU_019955,68.66707932110573
STU_019956,55.86693628102533
STU_019957,79.29056754421613
STU_019958,76.93823035949849
STU_019959,78.83742534735391
STU_019960,65.75002855418857
STU_019961,72.25573954654644
STU_019962,80.91679520512878
STU_019963,58.929086632879795
STU_019964,68.97684243140492
STU_019965,65.61193975028132
STU_019966,81.74086195485741
STU_019967,97.49382670254612
STU_019968,73.15701788826678
STU_019969,52.93768866174961
STU_019970,91.75621128479915
STU_019971,89.99558854214143
STU_019972,71.86065685528452
STU_019973,75.56015204036723
STU_019974,88.47068247016212
STU_019975,73.85686573649477
STU_019976,75.89570961632819
STU_019977,69.03158450849051
STU_019978,55.14923262857598
STU_019979,54.74159845828436
STU_019980,59.999624210699196
STU_019981,99.91753015577979
STU_019982,74.17838406474479
STU_019983,85.3007587800368
STU_019984,97.75159844090338
STU_019985,83.20620336303224
STU_019986,95.8692300326505
STU_019987,81.4053800960309
STU_019988,66.80999229821957
STU_019989,67.68902629306334
STU_019990,78.15140463559067
STU_019991,80.7242525398811
STU_019992,88.79913214815076
STU_019993,85.65879515800759
STU_019994,50.88691624835286
STU_019995,77.74051145234807
STU_019996,58.69121675642332
STU_019997,87.5066590095816
STU_019998,54.6627313081842
STU_019999,90.50866127950336
STU_020000,74.36410735450232
