student_id,career_success_score
STU_010001,55.657839882088595
STU_010002,76.63846674371715
STU_010003,74.69414385059358
STU_010004,97.69002046450578
STU_010005,78.07554890979674
STU_010006,73.90767354463813
STU_010007,75.1210035641013
STU_010008,76.50938566608026
STU_010009,70.4232917724928
STU_010010,56.49527966419714
STU_010011,94.42889001412055
STU_010012,78.69006646922293
STU_010013,81.61348348119375
STU_010014,91.62666292168754
STU_010015,50.87429421626105
STU_010016,69.28936726670513
STU_010017,57.3324407585981
STU_010018,56.977873971770265
STU_010019,85.75976193608906
STU_010020,70.02905852626965
STU_010021,85.13126956884184
STU_010022,96.33496442477974
STU_010023,93.46563126409356
STU_010024,66.30745440344822
STU_010025,79.63566365225596
STU_010026,88.89283634289387
STU_010027,76.52069266042679
STU_010028,87.34570617229194
STU_010029,97.47411036383589
STU_010030,61.0481507862312
STU_010031,63.34909195542487
STU_010032,91.18699955321422
STU_010033,56.31605694550353
STU_010034,88.12664827658898
STU_010035,79.3013605273461
STU_010036,65.47896517265458
STU_010037,66.19753337499236
STU_010038,90.1511622738139
STU_010039,64.317961778492
STU_010040,82.93647839880802
STU_010041,91.81810044054156
STU_010042,62.922375612249056
STU_010043,85.05297074807413
STU_010044,71.89167838853979
STU_010045,80.8492118382972
STU_010046,58.43068908745343
STU_010047,68.39993710174686
STU_010048,83.39058278424767
STU_010049,50.223710857747236
STU_010050,60.28478849336993
STU_010051,74.69658352555106
STU_010052,65.06489914572388
STU_010053,60.97532049183856
STU_010054,70.39376396284904
STU_010055,65.23285073193972
STU_010056,60.97962913899727
STU_010057,63.7938337039991
STU_010058,98.6356473195348
STU_010059,88.61249112518874
STU_010060,71.99849871920034
STU_010061,39.09357742756
STU_010062,78.106456243927
STU_010063,65.99811977141945
STU_010064,89.25190791999162
STU_010065,54.16359700222742
STU_010066,59.21476379480711
STU_010067,91.87095630427582
STU_010068,57.34406998080041
STU_010069,65.55184093312879
STU_010070,60.34759774065496
STU_010071,95.05374712963422
STU_010072,66.88236422121057
STU_010073,95.45112348760544
STU_010074,57.62884525796542
STU_010075,76.83677201101483
STU_010076,95.96689759531507
STU_010077,84.77451895248124
STU_010078,86.87600154920426
STU_010079,80.03690385210405
STU_010080,80.22332394568691
STU_010081,61.30026616053584
STU_010082,77.3618786072077
STU_010083,78.71012526910111
STU_010084,81.87077681871071
STU_010085,72.8418250592629
STU_010086,78.36493437234714
STU_010087,71.98739628960146
STU_010088,66.06173302509293
STU_010089,85.76699017464236
STU_010090,77.02360709903601
STU_010091,55.11583755212361
STU_010092,70.09444708938658
STU_010093,62.70711514770798
STU_010094,90.44742927595414
STU_010095,55.75247285318315
STU_010096,82.64335536414316
STU_010097,70.03443237995327
STU_010098,83.89968393281742
STU_010099,68.8618940236571
STU_010100,71.2800530233874
STU_010101,78.05283700242978
STU_010102,63.60109117687934
STU_010103,89.9085480766843
STU_010104,54.94092086653688
STU_010105,97.21388549580914
STU_010106,49.87890072146861
STU_010107,81.08574252909617
STU_010108,77.8793203924218
STU_010109,70.39916281561514
STU_010110,79.32771989969464
STU_010111,90.15721654383901
STU_010112,81.7260760256778
STU_010113,69.29944364523408
STU_010114,82.84750885645597
STU_010115,78.98628690966825
STU_010116,90.31314420067164
STU_010117,79.2981441990295
STU_010118,90.5937102416534
STU_010119,69.33894099489657
STU_010120,69.94212840859407
STU_010121,79.67639231555398
STU_010122,74.86107316703897
STU_010123,93.4354962793775
STU_010124,73.8814357061338
STU_010125,85.58491284734568
STU_010126,71.48910463642173
STU_010127,57.360061875504215
STU_010128,91.87465923146637
STU_010129,82.06173066095917
STU_010130,74.60618388277638
STU_010131,61.80111019995877
STU_010132,71.75733108388111
STU_010133,72.77626716580245
STU_010134,66.90349703086645
STU_010135,41.131543778184934
STU_010136,70.78187160388465
STU_010137,62.247696666371404
STU_010138,77.43459592502437
STU_010139,79.14758615757007
STU_010140,88.63161289608846
STU_010141,61.37878862731519
STU_010142,86.35972054836083
STU_010143,73.85004323955589
STU_010144,75.21423832642458
STU_010145,94.80259385668387
STU_010146,78.84556272484728
STU_010147,52.061940264528076
STU_010148,54.97120857228297
STU_010149,60.46141228367492
STU_010150,91.54225347607746
STU_010151,71.03892303846045
STU_010152,84.06033270884494
STU_010153,73.40399520210715
STU_010154,80.78199237002093
STU_010155,63.07727747980535
STU_010156,94.16374579018432
STU_010157,99.90740299224854
STU_010158,71.52314341472284
STU_010159,85.73673568407166
STU_010160,64.88758188853575
STU_010161,94.79809311923879
STU_010162,99.85142376084112
STU_010163,79.31493701320728
STU_010164,72.5898883727069
STU_010165,73.80838003420715
STU_010166,89.03027173634953
STU_010167,84.89153089541412
STU_010168,77.02228563567564
STU_010169,72.10542134305275
STU_010170,87.95933188523041
STU_010171,71.21491095922558
STU_010172,99.7129602432251
STU_010173,71.25014937583674
STU_010174,76.53377328208984
STU_010175,76.63606402867849
STU_010176,68.51138374418163
STU_010177,90.80572805093554
STU_010178,82.95137905553199
STU_010179,81.52521317725717
STU_010180,78.55872537834577
STU_010181,76.56507876864404
STU_010182,74.64305804805966
STU_010183,77.80052759089467
STU_010184,83.87743062298685
STU_010185,64.70971958518018
STU_010186,86.52295911006757
STU_010187,63.381541839207586
STU_010188,90.32610549386467
STU_010189,74.73314974407953
STU_010190,58.8948827275606
STU_010191,47.85999634785505
STU_010192,85.4569953115683
STU_010193,60.80774215350222
STU_010194,85.44221596508649
STU_010195,84.06269446583067
STU_010196,68.73018754043497
STU_010197,76.50487581717819
STU_010198,83.03160047560812
STU_010199,96.6862208724703
STU_010200,71.94897360090737
STU_010201,98.99238537651858
STU_010202,79.31964571125323
STU_010203,72.63619184541534
STU_010204,94.48020676901183
STU_010205,84.26575779710586
STU_010206,90.80969672922114
STU_010207,49.9134814059714
STU_010208,72.17525253841237
STU_010209,63.4296642492842
STU_010210,88.74731556700506
STU_010211,74.11414714461183
STU_010212,92.35695515267892
STU_010213,89.87240990620306
STU_010214,65.82187396287057
STU_010215,67.58293718779521
STU_010216,59.2546428172972
STU_010217,82.72613071810547
STU_010218,57.22260812542335
STU_010219,83.09527849041304
STU_010220,68.66426158016846
STU_010221,81.45435096115524
STU_010222,55.27151193717569
STU_010223,78.80309086984812
STU_010224,99.82896743908256
STU_010225,60.91406476716179
STU_010226,86.68595385532223
STU_010227,57.74707228854012
STU_010228,88.7274886907783
STU_010229,75.96978544804844
STU_010230,61.01726782104339
STU_010231,54.203409105713384
STU_010232,94.60405318226553
STU_010233,58.89368025191116
STU_010234,80.86241405946828
STU_010235,49.00123681671245
STU_010236,91.26521794924435
STU_010237,83.6314310182882
STU_010238,74.87795634031514
STU_010239,50.00375717353149
STU_010240,72.14712039483723
STU_010241,81.06832018310953
STU_010242,78.12936018328588
STU_010243,64.70660308488019
STU_010244,88.89254218394169
STU_010245,57.80830045355948
STU_010246,46.30939540479973
STU_010247,94.25297175794296
STU_010248,86.01623610650392
STU_010249,68.36902967455728
STU_010250,97.32629207076465
STU_010251,76.39890514090277
STU_010252,99.91950559616089
STU_010253,61.84782425371378
STU_010254,96.78460966129781
STU_010255,67.61170871437344
STU_010256,61.20535319125895
STU_010257,74.67331677574474
STU_010258,81.79144447198044
STU_010259,79.80640331429191
STU_010260,62.968532179800874
STU_010261,63.176826892203046
STU_010262,54.073527200962985
STU_010263,57.529703756768384
STU_010264,99.84696292877197
STU_010265,68.07022027040475
STU_010266,80.71867018906299
STU_010267,63.166292068308
STU_010268,83.97188195111772
STU_010269,76.13631435972968
STU_010270,90.43494974915748
STU_010271,83.45236863211339
STU_010272,63.63040902739344
STU_010273,80.02001216344175
STU_010274,63.01556455295051
STU_010275,89.88405754143274
STU_010276,63.19275466306206
STU_010277,82.18309227015091
STU_010278,84.82933602094744
STU_010279,64.14331857678602
STU_010280,67.4555979402954
STU_010281,59.68265795113419
STU_010282,66.82634115369338
STU_010283,82.7431371596631
STU_010284,66.16299543574857
STU_010285,57.81254092946714
STU_010286,78.1073282202491
STU_010287,91.91632619560187
STU_010288,62.837976388405494
STU_010289,54.29469735756068
STU_010290,82.46344451243299
STU_010291,46.16185748504062
STU_010292,86.66355674175912
STU_010293,64.43056387119711
STU_010294,59.48834427665436
STU_010295,68.98029663461146
STU_010296,83.5450792619227
STU_010297,83.6967148721906
STU_010298,94.62978191520307
STU_010299,89.29083365147399
STU_010300,60.541455451662614
STU_010301,78.91051607741429
STU_010302,81.86089650582335
STU_010303,70.19445890144652
STU_010304,58.07324141921164
STU_010305,79.57136361824347
STU_010306,62.06561030776152
STU_010307,65.45565788658708
STU_010308,76.34518795172394
STU_010309,69.91787827807735
STU_010310,56.31796416990862
STU_010311,64.21659992712195
STU_010312,77.66059497059263
STU_010313,77.5291707236282
STU_010314,84.36758507068896
STU_010315,88.16035565466795
STU_010316,91.09729061763922
STU_010317,86.31518784034417
STU_010318,73.20127344004229
STU_010319,90.42076118137211
STU_010320,97.63076505692793
STU_010321,67.28886905697046
STU_010322,93.66267803599155
STU_010323,72.89615989192592
STU_010324,93.36899895719333
STU_010325,93.14480666587173
STU_010326,79.29303451887972
STU_010327,65.20812507390401
STU_010328,81.94038042571532
STU_010329,93.76075953152177
STU_010330,84.11245190184755
STU_010331,96.98095752269427
STU_010332,63.206224951486426
STU_010333,99.98039865493774
STU_010334,73.43065843227366
STU_010335,92.41962334023503
STU_010336,54.820147359241766
STU_010337,62.45707955153397
STU_010338,85.17637219543127
STU_010339,78.06717992998807
STU_010340,61.12473370790791
STU_010341,95.84250773529399
STU_010342,59.82207216761492
STU_010343,60.470776562479415
STU_010344,77.87445989778976
STU_010345,82.38292040967526
STU_010346,87.6731795995215
STU_010347,51.356522616758696
STU_010348,60.78442056388609
STU_010349,86.20438212078741
STU_010350,82.30687709767207
STU_010351,71.82080343290616
STU_010352,70.6746776429552
STU_010353,94.05506248494673
STU_010354,74.08363599437308
STU_010355,77.73356906271539
STU_010356,86.71944666899358
STU_010357,93.27585190209959
STU_010358,77.54570865661876
STU_010359,61.67507086644777
STU_010360,69.65798522136825
STU_010361,98.26238557932119
STU_010362,74.24268534500132
STU_010363,77.59243531868002
STU_010364,95.7945023686935
STU_010365,84.80711354314714
STU_010366,95.54539053765149
STU_010367,70.0053531866738
STU_010368,64.34702982269054
STU_010369,90.67727033842387
STU_010370,82.39315945714634
STU_010371,67.63008681519801
STU_010372,76.17291332150269
STU_010373,71.48703259092012
STU_010374,83.21072448852101
STU_010375,98.29127382803031
STU_010376,54.751492354683506
STU_010377,77.27846292292821
STU_010378,76.75158296129305
STU_010379,69.70480997503167
STU_010380,62.52640030626197
STU_010381,74.48041696649011
STU_010382,90.42138379199392
STU_010383,79.84701027360948
STU_010384,93.33794508617771
STU_010385,80.40752362261489
STU_010386,62.40968794087065
STU_010387,60.562968384087036
STU_010388,96.06818734390356
STU_010389,72.19919641363575
STU_010390,55.73064227577687
STU_010391,63.054385407743425
STU_010392,75.51564742174058
STU_010393,81.03440146697355
STU_010394,75.53670852831492
STU_010395,76.65677659965802
STU_010396,79.17545412359172
STU_010397,85.98654432338924
STU_010398,86.68642607816133
STU_010399,61.96466532332009
STU_010400,74.32351471902064
STU_010401,49.1535550475258
STU_010402,68.17200415685315
STU_010403,77.05058821954415
STU_010404,86.66731903264208
STU_010405,81.64639014313349
STU_010406,75.87295769310334
STU_010407,92.34638880425229
STU_010408,65.8589378652504
STU_010409,96.16750652437425
STU_010410,65.20208422909754
STU_010411,89.88626921114995
STU_010412,95.60689377195118
STU_010413,85.58817712346628
STU_010414,84.3491535327038
STU_010415,88.79716232095038
STU_010416,81.94648322636482
STU_010417,98.87250828784708
STU_010418,72.48038413309769
STU_010419,93.95666256141197
STU_010420,87.35280437060564
STU_010421,83.90207172581921
STU_010422,72.05981894135306
STU_010423,73.88267975197891
STU_010424,52.046039045244434
STU_010425,53.97568455671508
STU_010426,73.94780745354556
STU_010427,62.55506181462259
STU_010428,71.91456235217275
STU_010429,53.08820499278684
STU_010430,87.70606443668717
STU_010431,48.95271670378246
STU_010432,71.56809912352588
STU_010433,73.57925576245381
STU_010434,88.3990790697535
STU_010435,61.39762615669419
STU_010436,78.00129872561612
STU_010437,51.39101636475851
STU_010438,99.73888082504273
STU_010439,67.40533741598944
STU_010440,88.7777615658105
STU_010441,58.461779455787976
STU_010442,72.79976077538416
STU_010443,81.88425882509941
STU_010444,69.95620368892705
STU_010445,72.86525939250112
STU_010446,45.35171450452619
STU_010447,79.87953806327448
STU_010448,73.36798231238564
STU_010449,70.1340682008233
STU_010450,63.85036254084013
STU_010451,91.92957099212121
STU_010452,82.11881607009614
STU_010453,70.5092535027014
STU_010454,66.87261244540946
STU_010455,47.370966356467086
STU_010456,83.6415344202585
STU_010457,74.12173742109299
STU_010458,85.60224854532602
STU_010459,76.73673700208406
STU_010460,68.41356618028692
STU_010461,68.57192941719862
STU_010462,56.16956713085281
STU_010463,86.10737066595136
STU_010464,88.88293753840681
STU_010465,53.54277406805518
STU_010466,67.35682156233119
STU_010467,78.40119367508251
STU_010468,71.18611021728908
STU_010469,79.68679256477013
STU_010470,69.89501089786373
STU_010471,97.80522848316527
STU_010472,55.05861030007641
STU_010473,85.30014500589903
STU_010474,85.43956952190887
STU_010475,78.54693315169948
STU_010476,63.75056764610807
STU_010477,70.28698799689538
STU_010478,95.4609504830446
STU_010479,61.01995712564262
STU_010480,70.01527211897704
STU_010481,62.517802950257526
STU_010482,75.46337907237375
STU_010483,92.62290040940582
STU_010484,74.41121249293104
STU_010485,47.34884404903811
STU_010486,72.26536675032614
STU_010487,94.20856636748334
STU_010488,81.8062741452509
STU_010489,81.96422496154393
STU_010490,81.96510414484074
STU_010491,71.71116819643416
STU_010492,74.1179784390123
STU_010493,79.63720657619497
STU_010494,58.849844020648995
STU_010495,38.76980868706283
STU_010496,97.2405418344006
STU_010497,64.90752687680094
STU_010498,73.06296003818775
STU_010499,67.45330235516549
STU_010500,69.86019165322566
STU_010501,76.59133533700114
STU_010502,67.64478902437695
STU_010503,78.04445515344499
STU_010504,69.68960721460414
STU_010505,61.127830291974895
STU_010506,87.72028601943057
STU_010507,67.15828709983353
STU_010508,63.208099849051194
STU_010509,80.51678509093496
STU_010510,49.02642062036027
STU_010511,60.35263740515523
STU_010512,71.98154777241176
STU_010513,92.42234172402743
STU_010514,74.05226925036526
STU_010515,86.3034793669099
STU_010516,82.09738950727946
STU_010517,98.68267199505186
STU_010518,50.64252527886174
STU_010519,85.63354021588948
STU_010520,86.55329695597709
STU_010521,98.18567842118058
STU_010522,72.17248081923012
STU_010523,82.24470713315192
STU_010524,88.77822416914242
STU_010525,67.62276829618817
STU_010526,54.77173265557232
STU_010527,86.68950744897568
STU_010528,83.68879595310688
STU_010529,47.313573726237564
STU_010530,76.25786421983906
STU_010531,66.81541399185974
STU_010532,58.405810771762006
STU_010533,83.09998345429909
STU_010534,78.90939761184248
STU_010535,85.96933480685765
STU_010536,76.6313727633227
STU_010537,77.22145913734931
STU_010538,77.92174048437131
STU_010539,59.855172003374
STU_010540,48.24650339629579
STU_010541,88.20274007462967
STU_010542,99.84951526138101
STU_010543,81.65957027793893
STU_010544,74.11012782772715
STU_010545,81.67900640227752
STU_010546,70.4930055103246
STU_010547,78.2427330898413
STU_010548,99.91485974788665
STU_010549,64.06259886503112
STU_010550,79.17667131564862
STU_010551,57.705927122474314
STU_010552,96.89087730983645
STU_010553,98.21206782458914
STU_010554,87.46653708459836
STU_010555,75.25699742983754
STU_010556,60.79523943972484
STU_010557,76.67001205795209
STU_010558,77.2756678837819
STU_010559,77.43365250505981
STU_010560,77.00257690575417
STU_010561,97.17058119618888
STU_010562,58.052451519716946
STU_010563,63.81414405157928
STU_010564,62.86610681218367
STU_010565,91.2257420427995
STU_010566,59.51629201269819
STU_010567,73.05305444440407
STU_010568,78.1416532866082
STU_010569,95.08732465954918
STU_010570,54.09255289235223
STU_010571,93.77876447151235
STU_010572,72.22662065576596
STU_010573,95.44886792734258
STU_010574,69.90127132764557
STU_010575,64.26416559508414
STU_010576,50.83932232837672
STU_010577,63.70484469342101
STU_010578,70.47418679754928
STU_010579,84.13448399373598
STU_010580,61.04663997967644
STU_010581,49.02064308110596
STU_010582,77.1857907901462
STU_010583,76.88030620306444
STU_010584,93.83073997501431
STU_010585,76.55546892178805
STU_010586,99.58866591710228
STU_010587,72.41569284397745
STU_010588,70.66276060142917
STU_010589,99.48488077550262
STU_010590,88.40841968561038
STU_010591,72.16098130584771
STU_010592,95.95465069382169
STU_010593,84.09374191909515
STU_010594,51.507326135993466
STU_010595,80.69434480623528
STU_010596,74.96163058517519
STU_010597,60.80052736779055
STU_010598,94.023388687679
STU_010599,66.19747615251475
STU_010600,70.95603658588911
STU_010601,82.1612512982287
STU_010602,67.98314143700811
STU_010603,79.72221038937721
STU_010604,74.1653858598393
STU_010605,62.56473308041366
STU_010606,93.97298667543294
STU_010607,85.17356109443708
STU_010608,64.83405152532686
STU_010609,78.21148771160264
STU_010610,77.61766268262213
STU_010611,87.38012743920665
STU_010612,58.16319545167802
STU_010613,93.85024357498213
STU_010614,99.9815239906311
STU_010615,89.68649591247092
STU_010616,89.87347553660679
STU_010617,55.38253995144018
STU_010618,81.68738404285727
STU_010619,98.96799579739097
STU_010620,66.46440105946135
STU_010621,66.82378973348969
STU_010622,56.39784409050023
STU_010623,86.84164847105109
STU_010624,59.624011843302334
STU_010625,67.87052915680039
STU_010626,90.61718241397875
STU_010627,91.73906316463251
STU_010628,59.165665458096726
STU_010629,81.02682656076654
STU_010630,78.8618922354618
STU_010631,92.46919070639785
STU_010632,65.70799261227594
STU_010633,75.08915532337792
STU_010634,76.79757508203647
STU_010635,61.94388628807746
STU_010636,81.56436147217254
STU_010637,62.76220577776615
STU_010638,74.52940923027998
STU_010639,68.08311796913833
STU_010640,56.61129508378278
STU_010641,66.96934487697692
STU_010642,97.12766155308276
STU_010643,89.03022052017135
STU_010644,73.2251502172417
STU_010645,81.08672811602972
STU_010646,96.2915499750055
STU_010647,68.02638418512848
STU_010648,73.70449096575948
STU_010649,75.22689170073912
STU_010650,85.65875672941613
STU_010651,80.73625939496421
STU_010652,67.64194384615323
STU_010653,87.16021144190479
STU_010654,88.39220348239192
STU_010655,88.81727085340995
STU_010656,76.15292430894111
STU_010657,79.15264034751573
STU_010658,74.29720762844323
STU_010659,95.19833337656998
STU_010660,91.72203852166396
STU_010661,69.84562268408212
STU_010662,96.49289521564178
STU_010663,70.64293132429955
STU_010664,73.06969584288589
STU_010665,61.44449949066838
STU_010666,95.72303117922118
STU_010667,91.10879198471248
STU_010668,69.74988800395215
STU_010669,74.78241460218898
STU_010670,89.16891271416554
STU_010671,63.01514958925196
STU_010672,55.41488217732478
STU_010673,87.81564122172672
STU_010674,98.57391246561056
STU_010675,93.74571016970371
STU_010676,82.55397428111364
STU_010677,76.77887238013571
STU_010678,76.30718216469167
STU_010679,69.30851317288665
STU_010680,91.78781653244594
STU_010681,85.39624560520117
STU_010682,50.323389445577774
STU_010683,72.50170500015133
STU_010684,76.27531164105702
STU_010685,84.80678483491832
STU_010686,79.28904169814486
STU_010687,62.59189227416759
STU_010688,98.4032103980425
STU_010689,85.61019476330051
STU_010690,99.84904623031616
STU_010691,75.71397615238529
STU_010692,88.12252681679767
STU_010693,76.09034718368594
STU_010694,70.51532898957444
STU_010695,60.654830233729626
STU_010696,52.11360176650196
STU_010697,69.60491013804135
STU_010698,90.89624259174374
STU_010699,80.8491875543904
STU_010700,92.5030950099404
STU_010701,84.22295235825487
STU_010702,67.1095220987821
STU_010703,97.7728214055164
STU_010704,99.75671985065642
STU_010705,80.37598528680584
STU_010706,94.28533071722055
STU_010707,77.72604827389007
STU_010708,77.83896189084342
STU_010709,64.02743963764676
STU_010710,56.85302102080695
STU_010711,99.61231346213621
STU_010712,49.305456628522315
STU_010713,89.4545797966669
STU_010714,65.72312989731917
STU_010715,81.39117481900777
STU_010716,50.58640154929816
STU_010717,86.02616962011143
STU_010718,78.38458876007714
STU_010719,82.52928432663154
STU_010720,51.10697719967777
STU_010721,66.73642966257898
STU_010722,99.88338327407837
STU_010723,71.98395458636006
STU_010724,81.96414724962526
STU_010725,66.0633640217271
STU_010726,65.87728607387541
STU_010727,47.088735030417354
STU_010728,72.91282013230091
STU_010729,94.68010103974262
STU_010730,94.244991035888
STU_010731,71.79910382310905
STU_010732,73.69182216332726
STU_010733,98.42994509061515
STU_010734,84.4827196879297
STU_010735,70.29916250083909
STU_010736,67.592402359123
STU_010737,67.47240918017182
STU_010738,67.12641215864508
STU_010739,71.31898780590639
STU_010740,66.54503667403526
STU_010741,84.64430538207947
STU_010742,65.90571485928552
STU_010743,96.80330726780198
STU_010744,76.54628803374374
STU_010745,67.1360896493886
STU_010746,70.31218772271559
STU_010747,87.9341623797715
STU_010748,73.36737623141552
STU_010749,84.56505765186654
STU_010750,78.79484510101776
STU_010751,71.90320535151389
STU_010752,63.075935546226304
STU_010753,75.86169786679346
STU_010754,85.13480369357299
STU_010755,60.31846950622667
STU_010756,91.0992639595887
STU_010757,56.62503580161446
STU_010758,83.13863249652108
STU_010759,90.08139569497402
STU_010760,83.59067203524229
STU_010761,75.16735009214518
STU_010762,73.92544731702418
STU_010763,62.56544346389997
STU_010764,51.887056175987965
STU_010765,85.5939571633524
STU_010766,61.31628641600791
STU_010767,72.38720690778231
STU_010768,56.1198696891519
STU_010769,88.52206893477278
STU_010770,69.39177091697967
STU_010771,44.39735286253628
STU_010772,68.8068741557951
STU_010773,86.3649287707081
STU_010774,85.70624242702827
STU_010775,93.26399598088103
STU_010776,42.66800163164892
STU_010777,79.15428473941641
STU_010778,53.72886307624495
STU_010779,63.342969535704086
STU_010780,81.98504654832342
STU_010781,78.20009068102371
STU_010782,84.64972711610423
STU_010783,49.955994515763635
STU_010784,69.83585782997135
STU_010785,83.71429069940342
STU_010786,83.73092491386623
STU_010787,71.542410432536
STU_010788,70.43205790581655
STU_010789,96.35158224205418
STU_010790,60.97143990515079
STU_010791,58.01376646906253
STU_010792,94.33844995676006
STU_010793,83.75085290825652
STU_010794,58.31528784315275
STU_010795,78.57241755874179
STU_010796,80.67619362879866
STU_010797,55.82858253165678
STU_010798,61.41837668605946
STU_010799,87.26733305998768
STU_010800,65.42732507240139
STU_010801,63.90200353247329
STU_010802,83.72998547316627
STU_010803,80.91681706513019
STU_010804,53.07671205471575
STU_010805,70.88097390328697
STU_010806,84.02736374829277
STU_010807,95.11568094268746
STU_010808,67.39550508573495
STU_010809,99.86765508378551
STU_010810,84.395434573119
STU_010811,75.93274543117984
STU_010812,79.93443278218157
STU_010813,94.9558299152207
STU_010814,68.43466505250261
STU_010815,86.04641585026675
STU_010816,99.8318362236023
STU_010817,88.12584329953921
STU_010818,85.62751404163325
STU_010819,80.54573576631216
STU_010820,94.04221880276407
STU_010821,98.3572774424837
STU_010822,61.02985419944498
STU_010823,91.8941581714134
STU_010824,89.04855930145357
STU_010825,83.86243052977599
STU_010826,82.54120664571329
STU_010827,58.36570849906923
STU_010828,71.96250765684988
STU_010829,71.63181988120064
STU_010830,75.36191029284835
STU_010831,92.20205825774046
STU_010832,96.7599246429539
STU_010833,82.25294269228695
STU_010834,69.83214125848166
STU_010835,81.17855418758975
STU_010836,85.29498089610166
STU_010837,79.81846061535643
STU_010838,89.84432600983344
STU_010839,68.72274929600317
STU_010840,80.08395041578004
STU_010841,86.44579277077919
STU_010842,88.71728838636295
STU_010843,74.18681845609616
STU_010844,51.84810985351719
STU_010845,91.99548300791398
STU_010846,78.96115399366487
STU_010847,99.60413970412229
STU_010848,73.3828411697797
STU_010849,75.64855792989806
STU_010850,60.652105194049184
STU_010851,95.6587961946484
STU_010852,62.44981389159936
STU_010853,88.109546876594
STU_010854,88.99647057225499
STU_010855,65.59355919694259
STU_010856,56.56284288190592
STU_010857,66.37834896023148
STU_010858,50.56413816018538
STU_010859,68.16820221096862
STU_010860,94.50566708472337
STU_010861,77.19315244745924
STU_010862,66.18942865467268
STU_010863,81.76105454467657
STU_010864,91.04099155686472
STU_010865,78.73603330503897
STU_010866,93.78344508003681
STU_010867,51.70605893879156
STU_010868,65.27744022856028
STU_010869,80.35490691658629
STU_010870,61.49760049808221
STU_010871,85.02090052223511
STU_010872,85.84134167541835
STU_010873,45.75048875881576
STU_010874,64.50356794401587
STU_010875,83.6192547620166
STU_010876,67.67536876458615
STU_010877,74.06863044374543
STU_010878,77.17920277549294
STU_010879,66.26023828647888
STU_010880,82.24868921896771
STU_010881,98.57625267994612
STU_010882,76.65063633575534
STU_010883,81.70571884600417
STU_010884,60.381435536542185
STU_010885,66.10620934707276
STU_010886,97.22152664941963
STU_010887,57.750093743617214
STU_010888,84.78121507126153
STU_010889,94.08053085337795
STU_010890,80.15835223791657
STU_010891,98.0813590825317
STU_010892,82.91014402161778
STU_010893,72.92884085619654
STU_010894,85.0191832948615
STU_010895,67.04364568027759
STU_010896,71.12931307580303
STU_010897,66.29845412542858
STU_010898,82.07982415794052
STU_010899,60.51270514921171
STU_010900,67.61078097763351
STU_010901,61.091961543939576
STU_010902,90.2603453506631
STU_010903,56.382114367042604
STU_010904,74.96572500130588
STU_010905,66.8233327688043
STU_010906,51.68772354252222
STU_010907,97.25650422822855
STU_010908,85.98223949534759
STU_010909,86.73909083178847
STU_010910,83.09025080604813
STU_010911,80.65583254629955
STU_010912,91.03085509520366
STU_010913,76.97280846354576
STU_010914,91.19099620980857
STU_010915,75.1737350449026
STU_010916,68.95418665410104
STU_010917,81.85575289889132
STU_010918,77.9923107880424
STU_010919,89.01027896416699
STU_010920,69.43273570680277
STU_010921,79.7263940734594
STU_010922,80.44543971439911
STU_010923,90.59627709997974
STU_010924,95.12733775519112
STU_010925,66.25215613381566
STU_010926,93.50798924736091
STU_010927,62.30970360125084
STU_010928,74.84282379391476
STU_010929,68.69154393556519
STU_010930,90.33329427812875
STU_010931,70.44840129046955
STU_010932,88.45450727740638
STU_010933,72.23687073183683
STU_010934,87.95515269087052
STU_010935,70.37627302856819
STU_010936,64.48572624632335
STU_010937,72.58877466358307
STU_010938,61.97922399541977
STU_010939,81.43850790811662
STU_010940,47.29763849739271
STU_010941,97.81743821877974
STU_010942,80.314989052246
STU_010943,54.44805612454574
STU_010944,58.82234062463907
STU_010945,76.08577614997714
STU_010946,85.42602045391885
STU_010947,74.35738103417086
STU_010948,93.64547220711698
STU_010949,97.35452358200375
STU_010950,64.98032423722825
STU_010951,71.91251864271983
STU_010952,60.136437011553355
STU_010953,83.97215059976806
STU_010954,52.80722600606269
STU_010955,62.57462118164866
STU_010956,98.53124075597484
STU_010957,85.94974417741282
STU_010958,69.42993971350704
STU_010959,87.35695085904521
STU_010960,84.86968464571065
STU_010961,75.54799893603288
STU_010962,91.72666335229385
STU_010963,73.19870617320882
STU_010964,77.50683055860506
STU_010965,66.37833848843516
STU_010966,54.36679104922662
STU_010967,67.72889154488455
STU_010968,65.84848990399533
STU_010969,58.399717912836515
STU_010970,85.8755644134159
STU_010971,69.2982681657241
STU_010972,72.4691182818588
STU_010973,76.08373375577057
STU_010974,66.79561969820297
STU_010975,76.72025194399389
STU_010976,83.43392238946325
STU_010977,86.69674922990042
STU_010978,97.31602876528086
STU_010979,73.61879622811904
STU_010980,78.69984005716458
STU_010981,92.22881035164127
STU_010982,74.01793159729525
STU_010983,70.00703975769184
STU_010984,75.34689702481126
STU_010985,52.62587430930398
STU_010986,90.74741751812167
STU_010987,90.14253124892844
STU_010988,66.31464085971871
STU_010989,85.00571087919295
STU_010990,77.52523480851067
STU_010991,59.196207021611336
STU_010992,82.47271555255907
STU_010993,73.06030349957481
STU_010994,82.9714572875377
STU_010995,97.84614504235549
STU_010996,60.14660978757611
STU_010997,67.19564439993843
STU_010998,68.84471268292681
STU_010999,70.37236181797637
STU_011000,77.67347168844026
STU_011001,59.918182595660596
STU_011002,78.41368952828955
STU_011003,62.4230618517995
STU_011004,83.28995449806604
STU_011005,71.72883152717868
STU_011006,81.64798921174064
STU_011007,66.24786163488392
STU_011008,81.0175387802654
STU_011009,96.83830674862287
STU_011010,97.9163224849082
STU_011011,64.71088449491505
STU_011012,84.89783785516615
STU_011013,55.08700817916967
STU_011014,68.3736310776211
STU_011015,97.86780497319847
STU_011016,62.33204282903269
STU_011017,76.47561403556193
STU_011018,87.49888225255691
STU_011019,62.65100413316502
STU_011020,89.99300730685903
STU_011021,65.12222982695508
STU_011022,84.55509322815801
STU_011023,72.84218057273688
STU_011024,76.23950278154976
STU_011025,67.76630625661755
STU_011026,76.96118185157815
STU_011027,73.03262647044224
STU_011028,91.32420951964792
STU_011029,79.74696771193054
STU_011030,59.79718983127067
STU_011031,58.270489648014404
STU_011032,62.548806980405836
STU_011033,56.783473164364494
STU_011034,73.32045400292608
STU_011035,89.32489207943783
STU_011036,96.62375461826078
STU_011037,92.8383198800994
STU_011038,86.42306549629457
STU_011039,59.91570038523609
STU_011040,77.13381779584337
STU_011041,54.86463595281144
STU_011042,61.11519753652909
STU_011043,65.77013188766134
STU_011044,62.61029621682455
STU_011045,97.27448478300082
STU_011046,81.40978626473489
STU_011047,81.82730997523572
STU_011048,65.94039357896908
STU_011049,81.42457560453603
STU_011050,76.05638119069769
STU_011051,89.61450454909993
STU_011052,99.8248752560495
STU_011053,51.09817038147405
STU_011054,72.45024586757816
STU_011055,61.71781896850027
STU_011056,57.26932633405097
STU_011057,92.54055753390057
STU_011058,99.95260667800903
STU_011059,98.4187265662859
STU_011060,70.75371770129632
STU_011061,62.22829297298802
STU_011062,62.86030670347647
STU_011063,88.98618389627161
STU_011064,71.96600377253043
STU_011065,72.52550661906753
STU_011066,72.49470024697965
STU_011067,88.34514972622411
STU_011068,95.48509704519736
STU_011069,93.69179703609613
STU_011070,68.65397293734232
STU_011071,89.64733130749195
STU_011072,92.74072221343926
STU_011073,72.9245032327863
STU_011074,90.272970220858
STU_011075,69.45599776871781
STU_011076,97.74723621643068
STU_011077,74.83420250385076
STU_011078,71.65325239086069
STU_011079,66.45916042490597
STU_011080,60.603518708910784
STU_011081,87.09407227784345
STU_011082,51.12105073089232
STU_011083,95.78301897585581
STU_011084,73.2577296264858
STU_011085,89.79344394010516
STU_011086,63.60266968320603
STU_011087,74.51849465030622
STU_011088,76.83068257435119
STU_011089,90.84381777742846
STU_011090,93.55759388471255
STU_011091,81.66336587386485
STU_011092,66.35453337969032
STU_011093,78.96948875465364
STU_011094,60.34304673441885
STU_011095,81.32475615256291
STU_011096,59.34948371902201
STU_011097,89.85447868163577
STU_011098,88.7284143892921
STU_011099,84.5783435177622
STU_011100,59.229795672160456
STU_011101,61.65216269976804
STU_011102,79.88168503777109
STU_011103,66.97759352963338
STU_011104,94.0825138759286
STU_011105,74.55516649924974
STU_011106,84.16985077542607
STU_011107,56.1684874827378
STU_011108,81.42793912432714
STU_011109,95.46139449335166
STU_011110,99.3750615865144
STU_011111,76.99496041256404
STU_011112,75.71109545448782
STU_011113,82.17006141335062
STU_011114,91.85132836350581
STU_011115,93.79949267083992
STU_011116,87.16182592086128
STU_011117,70.71114240303285
STU_011118,72.12050363520791
STU_011119,79.18461242611006
STU_011120,78.75772876717343
STU_011121,77.91354044945705
STU_011122,60.06288849821542
STU_011123,99.03161190528556
STU_011124,62.88556315128514
STU_011125,99.84698870182038
STU_011126,87.17183791465858
STU_011127,77.0772360043524
STU_011128,66.17743145763468
STU_011129,87.68771999286038
STU_011130,61.78918036143083
STU_011131,86.17636185309775
STU_011132,73.40381901372372
STU_011133,82.396012941984
STU_011134,59.08015870055635
STU_011135,59.34003337759664
STU_011136,94.23906538004957
STU_011137,76.17220869977616
STU_011138,99.95729541778564
STU_011139,72.60027457819118
STU_011140,86.10920023945377
STU_011141,52.88124772376879
STU_011142,94.30480837164032
STU_011143,82.53914189999796
STU_011144,67.19392353733036
STU_011145,64.09893180657029
STU_011146,65.72669476573053
STU_011147,94.95615861735655
STU_011148,93.20553827117735
STU_011149,90.80259191317364
STU_011150,79.19583859734225
STU_011151,96.10679999084768
STU_011152,63.945371909820835
STU_011153,74.64371576610601
STU_011154,74.22763475943809
STU_011155,67.78529815206139
STU_011156,75.0293903492361
STU_011157,59.54059131206273
STU_011158,70.38286591153418
STU_011159,68.64997733756978
STU_011160,53.17299681435026
STU_011161,88.62674300538548
STU_011162,71.08010732134694
STU_011163,71.91534158661
STU_011164,86.62089033809525
STU_011165,75.09916207762112
STU_011166,74.07058418505397
STU_011167,68.93599469685563
STU_011168,82.32637149271733
STU_011169,87.21922316654266
STU_011170,60.48234306686457
STU_011171,71.64149969090045
STU_011172,98.01989077163094
STU_011173,92.24886915972797
STU_011174,70.6209027438358
STU_011175,63.756463412254156
STU_011176,82.17650124684016
STU_011177,73.3794120105758
STU_011178,91.46616693144475
STU_011179,85.3721604194378
STU_011180,68.4866764699945
STU_011181,81.7145815450849
STU_011182,94.15141993066702
STU_011183,56.53182447698184
STU_011184,79.4725232757585
STU_011185,79.1185273722095
STU_011186,45.921558614790555
STU_011187,84.20371330643918
STU_011188,80.73592224665488
STU_011189,46.65685528594579
STU_011190,80.98504511650773
STU_011191,94.39870129194207
STU_011192,80.13362287582663
STU_011193,68.26992209092475
STU_011194,89.40243015438381
STU_011195,81.08328364753265
STU_011196,90.4485930209685
STU_011197,98.80586600445963
STU_011198,76.2246069340238
STU_011199,91.18689588453546
STU_011200,72.40351137862223
STU_011201,55.34602454739989
STU_011202,61.75034518814704
STU_011203,80.1220288837174
STU_011204,87.77425597492011
STU_011205,86.64838789404297
STU_011206,82.93202711650584
STU_011207,59.56309873416913
STU_011208,71.47560678141942
STU_011209,78.67969019745598
STU_011210,71.28323526698281
STU_011211,78.9525826827467
STU_011212,73.90254303671549
STU_011213,84.73681009422899
STU_011214,56.91678734514092
STU_011215,93.62727009588778
STU_011216,60.19539921839544
STU_011217,99.86020212173462
STU_011218,64.5306397498916
STU_011219,86.31598494448625
STU_011220,66.07243795796632
STU_011221,79.40179354314817
STU_011222,90.87811164681504
STU_011223,65.8429823778454
STU_011224,99.39052073645547
STU_011225,46.501582790735014
STU_011226,85.2211406371174
STU_011227,64.1214524802038
STU_011228,96.36299181318898
STU_011229,83.54192512107932
STU_011230,82.00437662241507
STU_011231,93.06209060039359
STU_011232,84.69926838477657
STU_011233,71.53205084086727
STU_011234,80.50759805707136
STU_011235,97.43152177730744
STU_011236,66.41148921983302
STU_011237,64.14838247166007
STU_011238,68.74971916218931
STU_011239,81.84409810535662
STU_011240,89.66006513582087
STU_011241,99.05495995870405
STU_011242,63.63293422635617
STU_011243,64.79630714744883
STU_011244,53.076627478751206
STU_011245,72.10729422377557
STU_011246,72.48054792543165
STU_011247,85.93430429638391
STU_011248,68.24162611801265
STU_011249,69.03252023551583
STU_011250,71.01362968662889
STU_011251,73.34900575010077
STU_011252,76.53733216845355
STU_011253,78.3750783990175
STU_011254,98.80913888718501
STU_011255,88.68474938415771
STU_011256,80.08097670227525
STU_011257,51.85773190983451
STU_011258,79.52040483191489
STU_011259,81.08955629998579
STU_011260,99.93017911911011
STU_011261,62.96376816885186
STU_011262,88.65629903664156
STU_011263,56.03404960452296
STU_011264,48.29792034265445
STU_011265,76.65035025735494
STU_011266,78.11842146155166
STU_011267,89.31687718902946
STU_011268,67.96916656111691
STU_011269,93.10161138875173
STU_011270,74.56682607941373
STU_011271,79.7066139980812
STU_011272,88.5481841558024
STU_011273,73.66777839425123
STU_011274,82.67763690684362
STU_011275,72.79937105243829
STU_011276,81.95141405091178
STU_011277,74.09147034954442
STU_011278,71.04578558697496
STU_011279,99.61939536747899
STU_011280,77.26257891537043
STU_011281,70.16849809060193
STU_011282,91.97343653466214
STU_011283,78.73554612320726
STU_011284,55.12599074372763
STU_011285,95.36649176570003
STU_011286,79.7108957120296
STU_011287,73.74152938797772
STU_011288,74.59191049133806
STU_011289,63.588610723764475
STU_011290,67.27393782793472
STU_011291,83.43453024254984
STU_011292,41.938773837237186
STU_011293,94.22451242255826
STU_011294,75.1052904332035
STU_011295,79.69170111091174
STU_011296,97.9348465682496
STU_011297,71.19612245531383
STU_011298,56.50285662832111
STU_011299,82.31567588703393
STU_011300,91.56778812086964
STU_011301,99.8669548034668
STU_011302,73.03079168801155
STU_011303,80.69908419606054
STU_011304,85.23977872518316
STU_011305,75.14518902246661
STU_011306,72.19795588781648
STU_011307,62.11377768529012
STU_011308,51.092351077289905
STU_011309,80.46201181392195
STU_011310,51.99834492578144
STU_011311,86.94224738464983
STU_011312,68.20290452265618
STU_011313,86.93750170293974
STU_011314,60.1042877169486
STU_011315,82.49589875313592
STU_011316,58.56843424201065
STU_011317,76.50604708397888
STU_011318,61.297361932437724
STU_011319,88.84962071070395
STU_011320,57.33456212082071
STU_011321,90.34582275687882
STU_011322,64.4555223848735
STU_011323,48.709811500715645
STU_011324,61.406243246890654
STU_011325,55.735240422092396
STU_011326,80.53647181408854
STU_011327,80.80076334391008
STU_011328,87.52294624303472
STU_011329,60.8744873069261
STU_011330,52.884156701349085
STU_011331,56.808046521836104
STU_011332,92.58598753310781
STU_011333,63.68047687191968
STU_011334,84.30269141066054
STU_011335,67.44519071325058
STU_011336,59.518051895431185
STU_011337,83.46884879943758
STU_011338,94.30282365897013
STU_011339,71.91217846149468
STU_011340,71.62541319673522
STU_011341,99.00154627044171
STU_011342,84.41092048532036
STU_011343,83.25975879440514
STU_011344,41.09063240253027
STU_011345,65.01777120709995
STU_011346,72.30896873260485
STU_011347,99.70690299961592
STU_011348,79.96146204915314
STU_011349,99.89265298843384
STU_011350,67.23190355446769
STU_011351,75.20796329578889
STU_011352,80.23796349770302
STU_011353,68.65329860237074
STU_011354,92.09950936359597
STU_011355,66.92580793067768
STU_011356,84.70964397229146
STU_011357,71.09608631266592
STU_011358,95.66826435084637
STU_011359,99.8789119720459
STU_011360,99.99347066879272
STU_011361,66.19368385058084
STU_011362,78.54389151477024
STU_011363,99.83382896238818
STU_011364,90.14909335500936
STU_011365,66.90633424734187
STU_011366,87.49230571991532
STU_011367,72.19248631446881
STU_011368,84.12037232182846
STU_011369,68.33823756663756
STU_011370,82.95369622804718
STU_011371,68.20246020983166
STU_011372,95.05499921390248
STU_011373,64.96650387003416
STU_011374,75.98669745432737
STU_011375,87.67284202301684
STU_011376,48.44075996758563
STU_011377,99.92050313949585
STU_011378,85.32053736765653
STU_011379,85.89077069443663
STU_011380,72.55039185390748
STU_011381,61.61368063730936
STU_011382,80.81934048295179
STU_011383,94.91300187525587
STU_011384,70.19520992183374
STU_011385,79.96425580454955
STU_011386,68.76403563184894
STU_011387,55.002268960987905
STU_011388,60.74386284546578
STU_011389,58.79683238371529
STU_011390,90.48045333652772
STU_011391,57.278371881741805
STU_011392,73.1061340986287
STU_011393,74.68720773446344
STU_011394,80.35219331435991
STU_011395,84.34688013959237
STU_011396,90.12609155255856
STU_011397,66.12779228530505
STU_011398,99.9421911239624
STU_011399,72.80675685547192
STU_011400,69.73798427372549
STU_011401,73.77844759319987
STU_011402,75.57523873019163
STU_011403,79.92270447706358
STU_011404,99.82058000564575
STU_011405,82.59676582035056
STU_011406,85.21485410003534
STU_011407,97.84940224439973
STU_011408,73.4549080130752
STU_011409,86.9754667751121
STU_011410,71.69239685592922
STU_011411,95.4623789566174
STU_011412,71.34483812571602
STU_011413,62.781960370139856
STU_011414,91.48200099643466
STU_011415,74.92129226323492
STU_011416,97.60737327760349
STU_011417,79.29689353968925
STU_011418,60.3444886078273
STU_011419,72.72231712233761
STU_011420,92.31808011497696
STU_011421,92.26116062848388
STU_011422,74.34138883906888
STU_011423,62.264492000679816
STU_011424,70.9349871492413
STU_011425,68.66267910081305
STU_011426,99.75521222029629
STU_011427,64.26511881588023
STU_011428,90.88620978895545
STU_011429,72.66201251908342
STU_011430,73.38773286369153
STU_011431,77.088599950018
STU_011432,69.3998645901159
STU_011433,94.09011022526974
STU_011434,94.943382861691
STU_011435,71.24415483441602
STU_011436,89.158985260153
STU_011437,62.5420137345735
STU_011438,66.35141296907153
STU_011439,75.6746546046129
STU_011440,69.50514225691
STU_011441,75.60397944028819
STU_011442,74.06412277093578
STU_011443,70.49206155224712
STU_011444,75.86329425253467
STU_011445,67.96052711644087
STU_011446,58.62139487140196
STU_011447,92.35778262407428
STU_011448,62.46056152199861
STU_011449,70.0079522778419
STU_011450,80.30274359560043
STU_011451,82.72832508383037
STU_011452,75.05306170130686
STU_011453,75.4734248976578
STU_011454,65.80010777008381
STU_011455,51.7704308358895
STU_011456,91.71923279985509
STU_011457,67.25447663311708
STU_011458,97.90464976166993
STU_011459,72.2399563025942
STU_011460,83.96196326987214
STU_011461,77.04343680647865
STU_011462,82.20636656141947
STU_011463,79.95626021165742
STU_011464,75.56966544700505
STU_011465,65.655109701159
STU_011466,80.75448297313434
STU_011467,72.31675841185287
STU_011468,61.37926660268937
STU_011469,71.33876976693082
STU_011470,96.92540409826691
STU_011471,59.66017019170941
STU_011472,69.4473344507546
STU_011473,77.63986874421644
STU_011474,89.81248381336118
STU_011475,86.8305327525223
STU_011476,97.39521871914256
STU_011477,99.4420918699121
STU_011478,49.975925341715865
STU_011479,66.12796163329945
STU_011480,99.20824616601921
STU_011481,72.48464605112942
STU_011482,61.1136230801091
STU_011483,96.54178033766917
STU_011484,73.79938362119313
STU_011485,75.87624250421305
STU_011486,58.94523236919936
STU_011487,79.33633933419281
STU_011488,73.1227592412766
STU_011489,73.75245355146049
STU_011490,83.36253009398581
STU_011491,56.456122083111715
STU_011492,81.77617416080011
STU_011493,95.83062097194
STU_011494,85.40377923697267
STU_011495,83.19906185998843
STU_011496,94.66131029634965
STU_011497,73.17750153822215
STU_011498,75.3103109926301
STU_011499,80.81557067046992
STU_011500,74.70035092192165
STU_011501,65.02954936516481
STU_011502,49.009800661584144
STU_011503,88.3692900212761
STU_011504,61.22580244597526
STU_011505,71.12345564685965
STU_011506,55.88400989758699
STU_011507,68.84877487187568
STU_011508,83.5847797235568
STU_011509,68.42134055801691
STU_011510,80.89001104745998
STU_011511,97.3478251002953
STU_011512,50.91653930418158
STU_011513,79.91227216606933
STU_011514,80.38268824614477
STU_011515,66.7499318275992
STU_011516,81.23085756562045
STU_011517,88.27173691066281
STU_011518,98.6760802767602
STU_011519,63.707346697820434
STU_011520,46.199400799463305
STU_011521,48.1003751618943
STU_011522,99.94443082809448
STU_011523,73.48051395218695
STU_011524,86.40571029572158
STU_011525,99.4456743164667
STU_011526,87.02534436433383
STU_011527,89.25557914329686
STU_011528,87.27441065580572
STU_011529,82.69463199743731
STU_011530,62.81587011394674
STU_011531,77.10466132330939
STU_011532,74.75808407350698
STU_011533,75.59490115413861
STU_011534,75.73972261669675
STU_011535,68.31893295421195
STU_011536,56.73171579581975
STU_011537,55.6561883502537
STU_011538,71.27283116081874
STU_011539,70.07393304829941
STU_011540,77.02818749667057
STU_011541,80.75168121583677
STU_011542,61.014134368921276
STU_011543,80.56509645463473
STU_011544,84.88113878967417
STU_011545,91.49973732331205
STU_011546,59.234046048630795
STU_011547,94.77122481140043
STU_011548,81.53401614775655
STU_011549,61.80619503972066
STU_011550,80.91743838670517
STU_011551,75.73893767023937
STU_011552,54.65029768987457
STU_011553,76.86100996705991
STU_011554,81.83477556558915
STU_011555,84.43153842061459
STU_011556,99.86134913736898
STU_011557,57.686910977165155
STU_011558,99.9736270904541
STU_011559,93.54394610610218
STU_011560,95.48998587368729
STU_011561,67.56594945934083
STU_011562,99.3626975589336
STU_011563,95.59690981776407
STU_011564,57.175713829358344
STU_011565,74.24971971578506
STU_011566,72.0602122588426
STU_011567,61.330571353141124
STU_011568,57.96931066003535
STU_011569,76.78903131097209
STU_011570,99.55839157104492
STU_011571,76.64713143664875
STU_011572,86.05677370185515
STU_011573,72.81169739246036
STU_011574,66.47794039959183
STU_011575,71.86958760917959
STU_011576,78.63852341199949
STU_011577,63.57558632679084
STU_011578,66.39949416762168
STU_011579,72.6082848160348
STU_011580,93.90185330139167
STU_011581,59.76097413494418
STU_011582,84.04878751097147
STU_011583,65.66382771509785
STU_011584,87.32710673514381
STU_011585,84.89608120346753
STU_011586,82.4515830497673
STU_011587,94.65112599663388
STU_011588,92.47218669356158
STU_011589,85.30352823421651
STU_011590,68.26144095890656
STU_011591,62.292198759902156
STU_011592,95.1894586260653
STU_011593,76.54897129261715
STU_011594,98.36381658455406
STU_011595,92.57536552481432
STU_011596,72.9187154606642
STU_011597,68.76139245756845
STU_011598,79.45605717289789
STU_011599,63.31456884117148
STU_011600,60.57536402144422
STU_011601,71.24198389188918
STU_011602,90.4899686596306
STU_011603,64.9711520192345
STU_011604,83.94989671997001
STU_011605,83.6500489837546
STU_011606,64.53482254455395
STU_011607,94.86866164194821
STU_011608,88.82006395884468
STU_011609,64.81620463344387
STU_011610,83.18863513455949
STU_011611,54.177832474636745
STU_011612,79.58426302233971
STU_011613,68.3111680725143
STU_011614,61.8804180551837
STU_011615,92.8976919225062
STU_011616,92.17071204751994
STU_011617,68.54592161887714
STU_011618,74.97692608038234
STU_011619,80.16272003444357
STU_011620,55.43908315566427
STU_011621,72.50535769635478
STU_011622,75.80078396273787
STU_011623,57.9103141691094
STU_011624,89.29423075538705
STU_011625,99.26314240209892
STU_011626,79.24817452017678
STU_011627,66.22239236820747
STU_011628,65.078016914219
STU_011629,69.09320995846005
STU_011630,96.21400543152109
STU_011631,50.80914614687508
STU_011632,61.35196078126444
STU_011633,99.90172719955444
STU_011634,46.2731617630166
STU_011635,92.66113770091192
STU_011636,64.45355938503262
STU_011637,75.81528305113662
STU_011638,82.75112632186251
STU_011639,88.51590873238248
STU_011640,91.70679735682347
STU_011641,77.06285812165646
STU_011642,77.79490991894237
STU_011643,61.630169866899365
STU_011644,91.73011660973141
STU_011645,98.3265028280111
STU_011646,78.23414974183024
STU_011647,76.76956577147502
STU_011648,79.88805792405756
STU_011649,89.1595420149338
STU_011650,92.67406640826962
STU_011651,65.87367077102826
STU_011652,57.77132228921616
STU_011653,99.95542097091675
STU_011654,65.40714104615319
STU_011655,73.86990464149537
STU_011656,58.40470258204499
STU_011657,37.89600974280609
STU_011658,99.68706951201239
STU_011659,63.39854970985598
STU_011660,80.82267674973195
STU_011661,99.77504227741827
STU_011662,83.88894469010557
STU_011663,94.61561504746695
STU_011664,90.28903453864068
STU_011665,63.84695894549091
STU_011666,71.3389359989279
STU_011667,59.83464323579016
STU_011668,76.25956104276155
STU_011669,62.715920163933184
STU_011670,88.30279803768005
STU_011671,76.20897311251605
STU_011672,92.77436947701804
STU_011673,72.64917435426445
STU_011674,62.67162307630068
STU_011675,90.92727680235993
STU_011676,74.28857427887469
STU_011677,78.61136169378022
STU_011678,51.673672888604855
STU_011679,97.73398484816278
STU_011680,88.53592163435474
STU_011681,97.72163819838697
STU_011682,47.991200594854504
STU_011683,72.61442952816505
STU_011684,62.043257835526425
STU_011685,56.98099832559116
STU_011686,74.4325960269149
STU_011687,91.25756100017219
STU_011688,86.91558924134644
STU_011689,70.02117615516246
STU_011690,76.63536276234316
STU_011691,98.14342122082788
STU_011692,79.69843691037606
STU_011693,86.89989081232036
STU_011694,92.18647670892453
STU_011695,92.92266575336515
STU_011696,91.15381282220017
STU_011697,66.61027539872765
STU_011698,71.34558700486637
STU_011699,81.42635931113017
STU_011700,61.30107659281988
STU_011701,77.92796173414955
STU_011702,87.0528760530934
STU_011703,93.14375244794351
STU_011704,84.41574984688816
STU_011705,78.75584568804524
STU_011706,93.01324452606107
STU_011707,68.41089792339827
STU_011708,72.61167319786044
STU_011709,83.84074953602521
STU_011710,81.11570478731655
STU_011711,81.95188333983614
STU_011712,54.52170004249887
STU_011713,95.44488269661014
STU_011714,76.716751551272
STU_011715,83.6133429851838
STU_011716,84.20876623948269
STU_011717,73.86388438114844
STU_011718,86.04992826581875
STU_011719,76.30030361296971
STU_011720,98.37680037240284
STU_011721,62.89436313234373
STU_011722,65.87172410970422
STU_011723,71.93391395654008
STU_011724,91.77321445014249
STU_011725,75.95047440139528
STU_011726,53.66068648365239
STU_011727,61.417174267521375
STU_011728,56.266485345838674
STU_011729,77.96571902400736
STU_011730,73.5189661039061
STU_011731,97.34323530179712
STU_011732,86.70291996901028
STU_011733,79.44986163544772
STU_011734,91.32348493709378
STU_011735,77.16291640667708
STU_011736,68.40182834215832
STU_011737,68.54841892867728
STU_011738,91.05097203309703
STU_011739,91.72182696739212
STU_011740,85.8868417929751
STU_011741,80.02285702144624
STU_011742,64.22633991528701
STU_011743,55.57982878245584
STU_011744,74.99152263879948
STU_011745,65.02704926628276
STU_011746,73.28155247822437
STU_011747,88.51688468736783
STU_011748,72.93471016976206
STU_011749,72.32243076439653
STU_011750,96.07833250593667
STU_011751,68.83103513137564
STU_011752,70.3296226051742
STU_011753,48.69169655657885
STU_011754,82.30363486289237
STU_011755,79.11131473446662
STU_011756,82.88548648421316
STU_011757,75.57606177710156
STU_011758,97.43114153866337
STU_011759,73.06546396959635
STU_011760,85.49966635116556
STU_011761,89.32256854483423
STU_011762,76.40933186313245
STU_011763,80.41102008331275
STU_011764,66.43413119705399
STU_011765,80.07090497712687
STU_011766,48.41146586628764
STU_011767,63.22551483858303
STU_011768,88.1194768598252
STU_011769,64.16174904313064
STU_011770,97.32166467047722
STU_011771,65.91127064293468
STU_011772,62.915191387649166
STU_011773,61.86528377003185
STU_011774,62.54727378361689
STU_011775,80.09311784767388
STU_011776,69.18048564055823
STU_011777,74.55524426042595
STU_011778,91.99659145243946
STU_011779,79.57672898287626
STU_011780,70.91167458931977
STU_011781,57.661211340277006
STU_011782,87.76628613007222
STU_011783,74.73910873801155
STU_011784,73.98558921169067
STU_011785,66.77393753024752
STU_011786,81.53848797820785
STU_011787,66.82282519948973
STU_011788,70.2556252884857
STU_011789,60.06982619350252
STU_011790,80.95393929274339
STU_011791,93.31707258709397
STU_011792,80.87250633118796
STU_011793,62.04799806019969
STU_011794,58.12080866317673
STU_011795,58.869677621216
STU_011796,98.6501768233932
STU_011797,63.80474846566119
STU_011798,67.60069593704
STU_011799,99.94079208374023
STU_011800,67.89109674244347
STU_011801,87.24073854744185
STU_011802,89.84885433271103
STU_011803,69.74718575639669
STU_011804,70.63187183388499
STU_011805,67.65205571257258
STU_011806,69.15042977392571
STU_011807,83.64546607607338
STU_011808,91.08898112503479
STU_011809,92.38506057689844
STU_011810,89.11477754342309
STU_011811,90.78841022240411
STU_011812,68.76180997720184
STU_011813,71.29511464668334
STU_011814,94.22844249921602
STU_011815,70.34567214962894
STU_011816,74.70699919598525
STU_011817,96.38671149141203
STU_011818,75.87293755884761
STU_011819,73.18560600981218
STU_011820,71.98754416910045
STU_011821,73.39931652690268
STU_011822,99.79073995016026
STU_011823,71.974625653719
STU_011824,72.74420661937951
STU_011825,81.11239783501784
STU_011826,69.08846567045788
STU_011827,73.98050684696378
STU_011828,75.81790023102842
STU_011829,74.30212861568981
STU_011830,65.05190049265477
STU_011831,65.00533071316892
STU_011832,68.548353543767
STU_011833,65.73436711897676
STU_011834,62.23773376647159
STU_011835,78.43825406190032
STU_011836,74.45274502207641
STU_011837,72.60908055298144
STU_011838,67.1039819906118
STU_011839,89.09750519824577
STU_011840,81.6116713430551
STU_011841,78.36379555426538
STU_011842,58.04326729237596
STU_011843,55.902331990950444
STU_011844,87.8802007990785
STU_011845,67.00347852405307
STU_011846,90.70156129407044
STU_011847,72.7238167099144
STU_011848,98.24586415489013
STU_011849,73.97124191838148
STU_011850,69.69177662204231
STU_011851,91.26148591206942
STU_011852,89.31502647861126
STU_011853,84.35094068793651
STU_011854,72.50452243537343
STU_011855,88.11461153445684
STU_011856,84.71157517952432
STU_011857,78.89303311807524
STU_011858,80.7782096279525
STU_011859,73.37914148813984
STU_011860,74.80415039151427
STU_011861,69.36499125911087
STU_011862,70.62351916389098
STU_011863,98.15908765171271
STU_011864,50.0330275283111
STU_011865,85.00723486466603
STU_011866,61.882128087886215
STU_011867,85.08917516001517
STU_011868,82.53578948292301
STU_011869,73.94126270268694
STU_011870,93.50563270091891
STU_011871,63.19370756709474
STU_011872,67.03076725066305
STU_011873,81.11825202404764
STU_011874,66.18723774525867
STU_011875,59.60727510822126
STU_011876,70.30843572105772
STU_011877,94.06714600976237
STU_011878,55.34418411325309
STU_011879,78.24180480621366
STU_011880,61.75094260788779
STU_011881,57.03139554511223
STU_011882,86.03528040255779
STU_011883,55.72949928933546
STU_011884,70.06508063611076
STU_011885,59.74240292923936
STU_011886,68.60418684007274
STU_011887,77.04127353741355
STU_011888,79.36142021204628
STU_011889,41.385042533360405
STU_011890,60.212886558975846
STU_011891,85.40727706356697
STU_011892,99.85730726271385
STU_011893,90.85619307687583
STU_011894,73.33563919606664
STU_011895,93.72098212955743
STU_011896,57.66535942370837
STU_011897,70.43981839457277
STU_011898,99.8514757156372
STU_011899,58.591062537077235
STU_011900,76.80066199635831
STU_011901,75.96937594847896
STU_011902,53.17892096922354
STU_011903,73.58510946097778
STU_011904,81.40085969142115
STU_011905,70.27210295305889
STU_011906,80.85294544276101
STU_011907,87.13453898443007
STU_011908,96.7906263953287
STU_011909,49.70489846905231
STU_011910,87.07323000912572
STU_011911,72.80631416599707
STU_011912,92.04742617596412
STU_011913,72.72782455120247
STU_011914,90.33901631110163
STU_011915,83.13002000549331
STU_011916,67.56669791301144
STU_011917,84.98586449143417
STU_011918,77.56214734537258
STU_011919,99.81835508346558
STU_011920,73.73078901757827
STU_011921,71.73454242443992
STU_011922,80.67552648065099
STU_011923,63.284634594494406
STU_011924,71.40650629294842
STU_011925,39.30442709911411
STU_011926,72.74005486209609
STU_011927,70.80813680480823
STU_011928,71.64464229884689
STU_011929,79.18182954452672
STU_011930,85.57616929947005
STU_011931,88.70857264844399
STU_011932,66.52301998899318
STU_011933,53.35918764788812
STU_011934,85.28146323117413
STU_011935,57.81834947636365
STU_011936,92.94783439198551
STU_011937,66.72425738601824
STU_011938,53.90509423409782
STU_011939,94.0180139173458
STU_011940,80.60482751756484
STU_011941,81.11229915952308
STU_011942,93.08361979317692
STU_011943,71.08087553082075
STU_011944,67.1300467447457
STU_011945,76.34603135109175
STU_011946,98.47205817725443
STU_011947,84.87235639615265
STU_011948,60.9475294174956
STU_011949,80.84091870423421
STU_011950,75.24130653407104
STU_011951,95.09842559528894
STU_011952,66.26920337699909
STU_011953,55.02275360998798
STU_011954,92.30563749454032
STU_011955,60.59077863070269
STU_011956,93.48636009335357
STU_011957,61.677815196254855
STU_011958,96.48446928055884
STU_011959,77.28108543455687
STU_011960,89.08630911591804
STU_011961,92.8259414829732
STU_011962,76.98592462397147
STU_011963,92.11808893062742
STU_011964,72.59359504673532
STU_011965,75.90656472028179
STU_011966,94.64942486663008
STU_011967,53.557189123962026
STU_011968,88.82618605497512
STU_011969,56.99747272050405
STU_011970,81.59414082690911
STU_011971,49.849524231215824
STU_011972,88.5125620067713
STU_011973,66.59626771530735
STU_011974,97.04236267704319
STU_011975,74.06384726283187
STU_011976,65.8353378437439
STU_011977,84.32688190185696
STU_011978,66.47132740768077
STU_011979,76.87257123489769
STU_011980,80.23407281007024
STU_011981,79.76176287060221
STU_011982,97.20555244371096
STU_011983,68.85267367033848
STU_011984,82.32182512887718
STU_011985,79.36053891662436
STU_011986,70.8408514792529
STU_011987,59.437265225032526
STU_011988,80.4745407501316
STU_011989,75.05394675795574
STU_011990,93.48171339231541
STU_011991,62.01114004443394
STU_011992,41.89690574037097
STU_011993,75.41196062897139
STU_011994,64.26744660172268
STU_011995,76.52962105990107
STU_011996,70.83434537593324
STU_011997,89.08822474657359
STU_011998,93.8132569494932
STU_011999,99.88486003875732
STU_012000,87.23393652345196
STU_012001,90.11607105350578
STU_012002,73.34552657108695
STU_012003,77.12507840406684
STU_012004,69.82644938682901
STU_012005,77.43777758497794
STU_012006,93.5648028828662
STU_012007,60.95496404754315
STU_012008,76.92580824554196
STU_012009,71.6734802421099
STU_012010,40.368425297570546
STU_012011,61.40866063256836
STU_012012,74.58734825990395
STU_012013,70.30300765016102
STU_012014,51.945541816998286
STU_012015,65.43508573205662
STU_012016,50.87570422250236
STU_012017,77.00675089979318
STU_012018,87.55564383538898
STU_012019,96.51215436135956
STU_012020,56.31280340965143
STU_012021,66.75562375875879
STU_012022,72.75098837332321
STU_012023,77.28986715382246
STU_012024,96.0991277713922
STU_012025,87.43859198894467
STU_012026,63.190946981792976
STU_012027,91.77007807118319
STU_012028,94.94068877700599
STU_012029,61.089656009632336
STU_012030,85.29707110543208
STU_012031,92.81157289081892
STU_012032,64.76721115312156
STU_012033,68.65687759916653
STU_012034,97.05329078854786
STU_012035,68.10153251489967
STU_012036,70.57576776324271
STU_012037,81.20619929135606
STU_012038,62.943750410503206
STU_012039,69.24953279883354
STU_012040,97.14532216937226
STU_012041,72.10135873640299
STU_012042,89.55966232855079
STU_012043,73.06515430399844
STU_012044,76.43035592240423
STU_012045,53.080219232775534
STU_012046,85.27107472044617
STU_012047,97.71977450068339
STU_012048,55.45354412524811
STU_012049,77.57675414006249
STU_012050,76.38193513856187
STU_012051,33.7277652190395
STU_012052,85.7320045212597
STU_012053,82.47110656104186
STU_012054,71.17605880556002
STU_012055,76.94121056367756
STU_012056,95.93376680384011
STU_012057,89.77232534689824
STU_012058,64.05088397099664
STU_012059,56.3554303015558
STU_012060,73.29433221253835
STU_012061,61.54985818521061
STU_012062,92.30403973797269
STU_012063,55.12902086031189
STU_012064,62.91408318144465
STU_012065,86.36723709870661
STU_012066,76.89283766341684
STU_012067,81.66677573236308
STU_012068,65.56504607375985
STU_012069,66.73227767357977
STU_012070,88.50521751312121
STU_012071,75.42536728637114
STU_012072,73.78915986753404
STU_012073,91.41006939639479
STU_012074,85.04469658078713
STU_012075,49.791149164437584
STU_012076,65.55050477700712
STU_012077,65.3730317919813
STU_012078,70.05238279311591
STU_012079,78.85450242502264
STU_012080,73.58170326249447
STU_012081,50.315833498204995
STU_012082,91.7500125758239
STU_012083,68.74313438551508
STU_012084,77.00867776001981
STU_012085,97.72835338122216
STU_012086,81.51244997149081
STU_012087,77.66026584259595
STU_012088,75.46639226017014
STU_012089,75.30376246199371
STU_012090,95.3525100258801
STU_012091,84.99041656172041
STU_012092,76.89454636878634
STU_012093,73.89996034699793
STU_012094,81.98580514814805
STU_012095,62.8890525906511
STU_012096,77.78352620953142
STU_012097,80.02864212265597
STU_012098,63.11466870237871
STU_012099,76.76513307899594
STU_012100,88.88793252701154
STU_012101,94.10446446538924
STU_012102,64.56288581201028
STU_012103,77.22313552505204
STU_012104,57.192895860839705
STU_012105,83.621286935623
STU_012106,90.6132860062834
STU_012107,80.13257980572565
STU_012108,90.16478442278776
STU_012109,72.00602071703786
STU_012110,70.86795496799539
STU_012111,48.19320841974205
STU_012112,82.16112004658714
STU_012113,92.88942963911227
STU_012114,67.53646324580225
STU_012115,72.86132314610671
STU_012116,74.79559211965636
STU_012117,94.8200243827959
STU_012118,65.67846850361381
STU_012119,92.14202896753085
STU_012120,62.33170520413831
STU_012121,71.67847456102578
STU_012122,67.8282377090522
STU_012123,82.34868549520588
STU_012124,64.68990622184339
STU_012125,78.59636200647427
STU_012126,73.724174500273
STU_012127,74.13071419347395
STU_012128,75.4311027901216
STU_012129,74.69366039340618
STU_012130,66.19571327793301
STU_012131,48.68521993734598
STU_012132,81.60401604006464
STU_012133,79.00771537118274
STU_012134,61.20740159779902
STU_012135,65.46191309278939
STU_012136,54.55057691014464
STU_012137,67.50503736680501
STU_012138,55.84235666781497
STU_012139,67.77693775160279
STU_012140,77.42142262369597
STU_012141,63.35933229886612
STU_012142,79.33522701662132
STU_012143,99.71853219865991
STU_012144,83.84334349025472
STU_012145,75.38282621803083
STU_012146,78.99794209688261
STU_012147,66.11425668783981
STU_012148,74.87618627563397
STU_012149,82.30451621038735
STU_012150,79.37118090453245
STU_012151,80.65429043188014
STU_012152,54.739093343502304
STU_012153,71.03043420190804
STU_012154,81.82152725829444
STU_012155,62.244059796434016
STU_012156,72.97776115783077
STU_012157,79.95727557588103
STU_012158,85.12247281485057
STU_012159,83.19694086607733
STU_012160,94.35874160141032
STU_012161,95.05568877226975
STU_012162,83.47891512077727
STU_012163,99.80102862087537
STU_012164,40.48637837638177
STU_012165,71.4821139342837
STU_012166,63.614806825406944
STU_012167,93.54591621469409
STU_012168,56.02013910199968
STU_012169,61.384456335330526
STU_012170,65.2403017226375
STU_012171,80.00088126406946
STU_012172,93.47867735144006
STU_012173,93.36538573042573
STU_012174,83.58049738102366
STU_012175,86.6561598800979
STU_012176,70.54550049691267
STU_012177,73.44885543533937
STU_012178,86.99765290698403
STU_012179,70.59648873823875
STU_012180,81.57501721205549
STU_012181,95.72021800590908
STU_012182,74.69505687087232
STU_012183,92.10251295118829
STU_012184,72.20900814251404
STU_012185,73.6553738795716
STU_012186,92.52491477631312
STU_012187,47.32340156665329
STU_012188,62.98439150761254
STU_012189,60.58377057661129
STU_012190,91.30483955448142
STU_012191,75.59652233479106
STU_012192,72.72306176959557
STU_012193,65.62895992663059
STU_012194,80.53244470088421
STU_012195,71.52773423685677
STU_012196,45.19570425452736
STU_012197,90.68129891908032
STU_012198,68.29122681711416
STU_012199,84.22384787284321
STU_012200,54.10064877862367
STU_012201,69.30496546128516
STU_012202,84.38639936881368
STU_012203,87.18214554368711
STU_012204,70.85261174203023
STU_012205,74.38438397969972
STU_012206,87.02804397844054
STU_012207,92.59105123801002
STU_012208,77.48687653319782
STU_012209,57.86515322395525
STU_012210,77.03692830284014
STU_012211,79.6093129017367
STU_012212,71.95982349949819
STU_012213,85.95527062559135
STU_012214,65.92033167274046
STU_012215,63.34186139219824
STU_012216,88.02128964004729
STU_012217,94.49187212452777
STU_012218,99.7549901008606
STU_012219,69.09955924636756
STU_012220,61.20903426641968
STU_012221,80.9010036437165
STU_012222,69.12090960990434
STU_012223,63.65959905026906
STU_012224,69.50573251825514
STU_012225,92.22260189977676
STU_012226,72.65556695796639
STU_012227,73.56855086440353
STU_012228,64.7313329244005
STU_012229,83.16265941000003
STU_012230,85.16521721904425
STU_012231,62.07737916479424
STU_012232,80.05336302231422
STU_012233,82.72021994634159
STU_012234,66.36382116112622
STU_012235,69.41863856578365
STU_012236,99.58206687944983
STU_012237,68.03557076243493
STU_012238,64.61238617321726
STU_012239,72.93306230874225
STU_012240,71.99455486166534
STU_012241,91.65905155754146
STU_012242,75.34268248409373
STU_012243,50.08107592380763
STU_012244,59.57660229070201
STU_012245,76.22404285182708
STU_012246,61.90542471765808
STU_012247,56.57824393409737
STU_012248,92.5371759076844
STU_012249,83.78614435267338
STU_012250,87.03395190568267
STU_012251,70.73867145933552
STU_012252,63.04586532650087
STU_012253,56.22492875671714
STU_012254,48.72449135082766
STU_012255,81.51923239804094
STU_012256,69.35745218308352
STU_012257,83.48951461991327
STU_012258,72.21371557928775
STU_012259,78.78600392545056
STU_012260,85.23520690434225
STU_012261,87.3554274027945
STU_012262,83.25555575267059
STU_012263,67.35531753421589
STU_012264,62.517615751921696
STU_012265,65.07511790741687
STU_012266,97.77411606678976
STU_012267,92.3944504823032
STU_012268,49.93713436566772
STU_012269,82.56796542809523
STU_012270,69.67500521891895
STU_012271,74.8997310026444
STU_012272,72.86200296777412
STU_012273,70.72575233393539
STU_012274,62.2923452882497
STU_012275,94.09275883852187
STU_012276,70.37771473034098
STU_012277,75.33590735274791
STU_012278,66.30180895078561
STU_012279,77.03569019788614
STU_012280,72.27522612929404
STU_012281,55.01069903341454
STU_012282,93.95455944071769
STU_012283,91.81709583558236
STU_012284,66.68492779682154
STU_012285,75.74542000388267
STU_012286,76.6276546969783
STU_012287,96.14495116416904
STU_012288,79.86934453994766
STU_012289,91.71009995347808
STU_012290,83.22937716277569
STU_012291,65.41189769018561
STU_012292,78.08454298900187
STU_012293,68.817499004202
STU_012294,88.52862275896373
STU_012295,77.87135440414484
STU_012296,78.19491329246947
STU_012297,75.1564830800574
STU_012298,68.71666971118103
STU_012299,89.63939010319763
STU_012300,55.110856628756856
STU_012301,87.2265710406198
STU_012302,79.53876983314527
STU_012303,62.81115378573132
STU_012304,48.03348009128841
STU_012305,98.48496696541784
STU_012306,69.54791725116888
STU_012307,69.80586271143932
STU_012308,86.89682544989286
STU_012309,69.72892344821528
STU_012310,73.36344749477651
STU_012311,81.54836717717507
STU_012312,56.372618650392766
STU_012313,71.99146630926847
STU_012314,99.21812669752002
STU_012315,88.06842642389093
STU_012316,73.66538806172477
STU_012317,99.7206209208306
STU_012318,82.52524388313299
STU_012319,78.0488028598291
STU_012320,61.22074991044976
STU_012321,63.99087100534499
STU_012322,92.40043968720516
STU_012323,61.009938010825294
STU_012324,88.02565106001504
STU_012325,65.63318836800167
STU_012326,75.1646920716554
STU_012327,61.27217174042611
STU_012328,62.14757404586298
STU_012329,96.42050306176577
STU_012330,90.38432374219005
STU_012331,84.58384115159531
STU_012332,68.91363547377762
STU_012333,85.99665818737306
STU_012334,72.34753516335255
STU_012335,67.27784630518875
STU_012336,93.30221090746949
STU_012337,91.27641487519243
STU_012338,64.58122429547385
STU_012339,85.26975457228643
STU_012340,64.07363004750621
STU_012341,54.613292618309096
STU_012342,91.62510353940061
STU_012343,87.20546608625918
STU_012344,60.70861530314445
STU_012345,67.26464414077503
STU_012346,70.69656538832552
STU_012347,95.27276636550712
STU_012348,77.50514107318483
STU_012349,67.49273650909754
STU_012350,82.17968437676906
STU_012351,87.43838140954102
STU_012352,85.18846880898133
STU_012353,95.44544702854395
STU_012354,57.41101282374881
STU_012355,85.86391543507347
STU_012356,84.01693772157597
STU_012357,70.8304919313636
STU_012358,97.60387625523207
STU_012359,85.52633173748663
STU_012360,73.2229428437837
STU_012361,63.91352945090682
STU_012362,80.70166648986263
STU_012363,77.09691276958799
STU_012364,82.98797830735118
STU_012365,63.54109491068741
STU_012366,86.1827744736081
STU_012367,75.73079487644534
STU_012368,60.9636357270386
STU_012369,75.52966854032567
STU_012370,99.94429588317871
STU_012371,72.9385718068772
STU_012372,87.04720127265003
STU_012373,72.61130642210912
STU_012374,72.7828756993249
STU_012375,62.815019755027066
STU_012376,82.06983324723268
STU_012377,85.99214460734746
STU_012378,72.54768724247921
STU_012379,73.10245448150147
STU_012380,96.16084439970925
STU_012381,99.93868079185486
STU_012382,66.58286929718024
STU_012383,83.23543069858131
STU_012384,98.82577731795251
STU_012385,89.32187853577894
STU_012386,80.21960222239518
STU_012387,82.93919327477813
STU_012388,82.09251410026508
STU_012389,98.6643018137541
STU_012390,73.5299877446185
STU_012391,50.259811810470545
STU_012392,79.49713188523742
STU_012393,65.38682312170579
STU_012394,69.06763861123521
STU_012395,83.53330531671205
STU_012396,81.84464005839727
STU_012397,72.9222767027281
STU_012398,83.41900322371205
STU_012399,76.83459156359595
STU_012400,79.10917126680627
STU_012401,90.41086457988544
STU_012402,99.91115077049318
STU_012403,46.341892409485666
STU_012404,74.51509026590331
STU_012405,61.56107343217063
STU_012406,65.1081102429145
STU_012407,94.08956218506185
STU_012408,83.28423415002672
STU_012409,67.13429415965584
STU_012410,42.068923115087394
STU_012411,92.5497129947358
STU_012412,72.81951797417612
STU_012413,57.57687189674384
STU_012414,98.25371953224749
STU_012415,88.96345946081199
STU_012416,92.55886546364303
STU_012417,56.997535824234554
STU_012418,86.81682935604812
STU_012419,71.0117046941578
STU_012420,53.482799833028345
STU_012421,69.37315586226515
STU_012422,84.73863864681296
STU_012423,80.57512438000622
STU_012424,85.51062594390748
STU_012425,51.359786412871664
STU_012426,83.75718171803973
STU_012427,65.38911637744954
STU_012428,86.3659884377092
STU_012429,56.378428310237595
STU_012430,72.62383987098666
STU_012431,68.72372636100096
STU_012432,59.5686312022087
STU_012433,54.231460603977204
STU_012434,91.15648430737056
STU_012435,67.41488159816964
STU_012436,71.1507813780594
STU_012437,90.21162702749999
STU_012438,55.41719975643424
STU_012439,78.15214693440466
STU_012440,74.98960158600475
STU_012441,94.12703071734157
STU_012442,99.62958512239481
STU_012443,63.172258746783136
STU_012444,88.12018235440286
STU_012445,69.60458585638207
STU_012446,86.10929569744683
STU_012447,92.49069502731845
STU_012448,72.10408084235644
STU_012449,81.34830516001031
STU_012450,71.13933589536816
STU_012451,85.3091557758905
STU_012452,80.51245947085911
STU_012453,96.98550358931354
STU_012454,86.9869635827951
STU_012455,74.06157664250942
STU_012456,93.30177380011898
STU_012457,65.94626009168707
STU_012458,81.91268807130218
STU_012459,57.27471333999276
STU_012460,84.74039342258702
STU_012461,73.28901245444442
STU_012462,69.34273096698804
STU_012463,83.18563925291593
STU_012464,76.31681040362105
STU_012465,74.87428382021606
STU_012466,67.08085886981148
STU_012467,74.22397220717843
STU_012468,85.75198977576889
STU_012469,89.30703593571822
STU_012470,51.09918238585803
STU_012471,53.04977755686973
STU_012472,97.85541587056126
STU_012473,72.89978759202462
STU_012474,64.6386207974513
STU_012475,68.26814997982041
STU_012476,46.92861906455231
STU_012477,98.97919123800699
STU_012478,72.48842180229313
STU_012479,63.17199222159125
STU_012480,76.29516786818871
STU_012481,90.30623785540061
STU_012482,68.70557468268484
STU_012483,61.825332689811574
STU_012484,66.94060939106063
STU_012485,75.87327713828975
STU_012486,74.49019257631163
STU_012487,66.54870954348142
STU_012488,73.38523447484559
STU_012489,80.6352828855056
STU_012490,93.48277107306458
STU_012491,59.58531744266509
STU_012492,61.829639381606256
STU_012493,58.49464977603798
STU_012494,72.77567078851854
STU_012495,74.27998647580802
STU_012496,79.05402042228987
STU_012497,89.57992299036664
STU_012498,69.12894767356532
STU_012499,75.3465752776606
STU_012500,82.52887382101318
STU_012501,95.24380498626184
STU_012502,83.34132951499028
STU_012503,85.28682134441195
STU_012504,76.41570650430694
STU_012505,82.85000863148431
STU_012506,66.79858196726194
STU_012507,85.2168469074102
STU_012508,68.13414225105002
STU_012509,83.80973993376097
STU_012510,75.04339833433023
STU_012511,76.62051939458894
STU_012512,79.57929935624281
STU_012513,69.9098969029593
STU_012514,99.89142799377441
STU_012515,90.56090247678108
STU_012516,80.337626810157
STU_012517,99.85898468568821
STU_012518,54.72176123459454
STU_012519,76.21578531614001
STU_012520,71.7748255501346
STU_012521,94.95777346148063
STU_012522,98.4210682155806
STU_012523,80.99252886853509
STU_012524,97.84382201221536
STU_012525,92.04562136768926
STU_012526,98.20006878570328
STU_012527,90.0493319933671
STU_012528,62.26212241334493
STU_012529,98.83624514428988
STU_012530,75.85551154751712
STU_012531,77.62520319506254
STU_012532,69.98870653611931
STU_012533,86.54117246289292
STU_012534,55.26321852982598
STU_012535,85.16735471338124
STU_012536,71.02510155432567
STU_012537,51.92310902642551
STU_012538,63.052190355627886
STU_012539,88.76776910885397
STU_012540,70.45246785674159
STU_012541,99.81573775451574
STU_012542,99.46680245505918
STU_012543,71.62364913412539
STU_012544,79.92583359032741
STU_012545,68.33051376687523
STU_012546,77.4619331237638
STU_012547,99.88048219680786
STU_012548,48.31028600487012
STU_012549,73.46661035577127
STU_012550,90.86934704215028
STU_012551,93.27329064813588
STU_012552,73.67037991883856
STU_012553,80.87200192928509
STU_012554,65.27122849198476
STU_012555,50.164772312533124
STU_012556,60.89891585708489
STU_012557,79.83973119007462
STU_012558,67.06226028171363
STU_012559,91.72103602986088
STU_012560,70.70257534603877
STU_012561,58.82099203559823
STU_012562,66.39184480317962
STU_012563,81.21094030009336
STU_012564,91.37743679169829
STU_012565,99.9496374130249
STU_012566,76.67918949746807
STU_012567,64.00584840453658
STU_012568,98.49799011148225
STU_012569,65.81861191570763
STU_012570,51.76505536368152
STU_012571,54.46648285382221
STU_012572,52.65696374645218
STU_012573,75.76911615521641
STU_012574,63.180101540658065
STU_012575,69.21221015717647
STU_012576,74.78637768659135
STU_012577,99.52673368909547
STU_012578,50.53445320585077
STU_012579,76.74625442450854
STU_012580,71.21490626912555
STU_012581,64.2427886442915
STU_012582,71.5056148393874
STU_012583,62.145723629833626
STU_012584,60.8198077250386
STU_012585,70.6928916089757
STU_012586,71.6633275417732
STU_012587,71.4884458567281
STU_012588,67.9181755459059
STU_012589,47.42032589924166
STU_012590,66.83342079300662
STU_012591,69.82719569439475
STU_012592,97.09025644285134
STU_012593,96.94542317168947
STU_012594,47.69196988830295
STU_012595,60.999292585959225
STU_012596,81.5148267873046
STU_012597,70.00541158184652
STU_012598,70.00292962233172
STU_012599,71.55658085282857
STU_012600,70.97847743365813
STU_012601,72.15511989222662
STU_012602,65.31051469683715
STU_012603,91.94070886523576
STU_012604,77.19784347137502
STU_012605,74.54848021852224
STU_012606,69.95692038196644
STU_012607,58.61386045749549
STU_012608,81.50558727519206
STU_012609,62.93459897769735
STU_012610,75.67691420173557
STU_012611,69.7774423585591
STU_012612,62.69735444295776
STU_012613,94.60646397942335
STU_012614,72.62755009963138
STU_012615,76.14061281196635
STU_012616,83.03718673360387
STU_012617,58.61886804752638
STU_012618,90.20704964701196
STU_012619,81.71261156566705
STU_012620,75.28820509105134
STU_012621,90.60019084521574
STU_012622,90.70261477904675
STU_012623,91.79421618138565
STU_012624,83.94743827792799
STU_012625,89.07486286653382
STU_012626,91.7532949628964
STU_012627,84.58572585299945
STU_012628,72.59873272892159
STU_012629,81.64826168121478
STU_012630,69.46077119295705
STU_012631,68.40215579962818
STU_012632,65.38923230074613
STU_012633,78.45722504117138
STU_012634,90.9113207848916
STU_012635,78.82633870202315
STU_012636,73.82292312851496
STU_012637,79.14349191115068
STU_012638,82.97998159157544
STU_012639,94.53842658446527
STU_012640,82.71941506568265
STU_012641,67.56950268222445
STU_012642,65.91290316030037
STU_012643,79.5109619444097
STU_012644,81.81985868995423
STU_012645,54.88396608707496
STU_012646,89.18205680702056
STU_012647,81.91125885121474
STU_012648,67.63801887660344
STU_012649,79.38171271604045
STU_012650,82.77789401098286
STU_012651,77.77738085575129
STU_012652,99.3417086514093
STU_012653,90.16525328494603
STU_012654,81.06747049341843
STU_012655,71.89617180569348
STU_012656,78.99586472826132
STU_012657,96.54874294727023
STU_012658,87.78064574431527
STU_012659,81.3850204733548
STU_012660,75.66700601807487
STU_012661,90.52776765903204
STU_012662,94.21982100868142
STU_012663,68.2858922878911
STU_012664,52.3620417275258
STU_012665,90.73107726486444
STU_012666,60.08806580295614
STU_012667,83.69354826649423
STU_012668,74.31782803301519
STU_012669,64.24913742466426
STU_012670,61.42728006452095
STU_012671,69.29479126664168
STU_012672,61.74121963404471
STU_012673,58.10021329598153
STU_012674,63.024455943160504
STU_012675,72.06432030400498
STU_012676,96.18383132450026
STU_012677,59.58662669509627
STU_012678,70.61535846790305
STU_012679,77.50461152780474
STU_012680,76.33629803561
STU_012681,72.94037641815359
STU_012682,87.42234872297824
STU_012683,79.18104045014543
STU_012684,84.70462613988416
STU_012685,95.29457991944622
STU_012686,69.45383240268829
STU_012687,80.09643358826727
STU_012688,84.03916886213852
STU_012689,69.45914794517282
STU_012690,63.39407231912743
STU_012691,79.45385176153354
STU_012692,79.41568041142382
STU_012693,86.20109754686312
STU_012694,61.12501246339751
STU_012695,70.9719926364488
STU_012696,62.237351540258565
STU_012697,81.11938335028407
STU_012698,63.13196228686216
STU_012699,76.91028979708935
STU_012700,67.5673172954226
STU_012701,99.9493283089889
STU_012702,74.81557330593336
STU_012703,68.44302298682682
STU_012704,70.68708152424834
STU_012705,62.116476439839175
STU_012706,74.49838417839945
STU_012707,98.82280400945353
STU_012708,54.468377781414375
STU_012709,65.83113867075606
STU_012710,93.85594666957094
STU_012711,68.45457004551241
STU_012712,65.84985522859304
STU_012713,64.69332239614644
STU_012714,88.34589653376992
STU_012715,70.57311176813388
STU_012716,79.40714122873332
STU_012717,67.4840883838605
STU_012718,83.64905236925657
STU_012719,63.07619246254454
STU_012720,80.76944694016157
STU_012721,74.56152732482616
STU_012722,46.62956968102452
STU_012723,80.72997284668853
STU_012724,90.08860351783134
STU_012725,60.25583520087055
STU_012726,54.44251160619311
STU_012727,62.52575684084615
STU_012728,86.95419677348012
STU_012729,63.41160536972109
STU_012730,85.57610159700279
STU_012731,98.90527508508657
STU_012732,81.101346733005
STU_012733,53.54264703613343
STU_012734,84.26241397239262
STU_012735,62.7473779004739
STU_012736,99.988028049469
STU_012737,73.4003428104738
STU_012738,78.77609316779028
STU_012739,80.0456338752044
STU_012740,87.5927973485874
STU_012741,48.29835132253876
STU_012742,66.9506230939694
STU_012743,78.37059893678689
STU_012744,80.16491752508145
STU_012745,60.94023475870489
STU_012746,83.92282395848817
STU_012747,63.05483699597714
STU_012748,92.22814835112266
STU_012749,84.81815855242631
STU_012750,68.03219076964857
STU_012751,52.40415081007083
STU_012752,72.70589668432541
STU_012753,70.36470534229625
STU_012754,59.1188174493738
STU_012755,90.12812014125788
STU_012756,61.85370471316242
STU_012757,47.09466208327796
STU_012758,88.76618998498653
STU_012759,58.479026276978104
STU_012760,76.88040156951688
STU_012761,58.58908575222554
STU_012762,86.30049163077649
STU_012763,97.75906298688352
STU_012764,96.81860063885283
STU_012765,88.04666523943612
STU_012766,62.47402926994137
STU_012767,94.61794842731337
STU_012768,86.91096556400433
STU_012769,73.94414093414323
STU_012770,53.21081123212879
STU_012771,54.87860419413037
STU_012772,99.53020570306309
STU_012773,61.6759922428939
STU_012774,76.060247729564
STU_012775,64.08559087343012
STU_012776,78.99911843854667
STU_012777,48.46206772123374
STU_012778,71.07399796176128
STU_012779,73.83658115874107
STU_012780,71.434978316484
STU_012781,85.47458671447151
STU_012782,52.519645036610655
STU_012783,98.78433102725472
STU_012784,52.635121911488284
STU_012785,73.42820826137455
STU_012786,50.73534224147218
STU_012787,65.36857467203423
STU_012788,92.61977761521588
STU_012789,75.61264528412511
STU_012790,98.7400077299213
STU_012791,83.04913794772733
STU_012792,68.72109372477973
STU_012793,88.928490337126
STU_012794,75.0730389515924
STU_012795,93.57123722697577
STU_012796,67.89953411089948
STU_012797,60.12510246151352
STU_012798,98.55014005767627
STU_012799,84.64471715478432
STU_012800,50.21337541331272
STU_012801,67.23323834363777
STU_012802,70.97354909805028
STU_012803,92.07966681714228
STU_012804,61.365943149848775
STU_012805,73.78337669948748
STU_012806,78.91226549689
STU_012807,63.87223460874475
STU_012808,82.50315709029668
STU_012809,83.44944835572706
STU_012810,85.14840337045402
STU_012811,78.22350923565325
STU_012812,68.7830315321837
STU_012813,80.2688450492239
STU_012814,64.88034479507296
STU_012815,68.60315479676026
STU_012816,81.20159287145381
STU_012817,68.01370528880638
STU_012818,89.43597639431897
STU_012819,52.98704676604406
STU_012820,86.76240290863763
STU_012821,74.41975124912032
STU_012822,87.51379830301552
STU_012823,79.12094752120626
STU_012824,80.1361902797241
STU_012825,58.71386864108743
STU_012826,85.4977516877216
STU_012827,60.40115950898726
STU_012828,91.17469794951174
STU_012829,70.57312934925329
STU_012830,78.17898389719889
STU_012831,65.74976034042857
STU_012832,96.32979676970949
STU_012833,88.94915159887505
STU_012834,72.68224988955123
STU_012835,70.40974718954118
STU_012836,81.26394448955234
STU_012837,63.55148636854006
STU_012838,61.79131358919321
STU_012839,66.19535820928061
STU_012840,89.04525609931356
STU_012841,71.44989834347359
STU_012842,74.40643245665139
STU_012843,81.04163796322695
STU_012844,77.11725250190763
STU_012845,62.76756186511952
STU_012846,73.11961062897923
STU_012847,75.99691783151569
STU_012848,74.6336878861736
STU_012849,87.29585800029139
STU_012850,78.80462352394741
STU_012851,84.55743245462477
STU_012852,90.28034556982368
STU_012853,61.84538769072732
STU_012854,85.2907141027356
STU_012855,81.10711297307313
STU_012856,69.36954640209638
STU_012857,98.91178094727312
STU_012858,85.76686403735766
STU_012859,64.11250120507187
STU_012860,84.96947682349304
STU_012861,66.17556881535069
STU_012862,76.14504736554936
STU_012863,95.1722992716889
STU_012864,78.31164792678899
STU_012865,66.30962880552494
STU_012866,76.1794167216396
STU_012867,89.96001293459736
STU_012868,83.64099954627534
STU_012869,64.47841374811632
STU_012870,83.33821327083079
STU_012871,88.81095621891676
STU_012872,89.50290077707919
STU_012873,61.45516241185735
STU_012874,76.52228713181923
STU_012875,71.98065264744653
STU_012876,50.18208312824376
STU_012877,78.65324992697504
STU_012878,99.31171764599722
STU_012879,78.46990313405223
STU_012880,84.2615580016535
STU_012881,97.82042811769107
STU_012882,89.8182872585639
STU_012883,63.00311399622571
STU_012884,79.85440405907114
STU_012885,76.96759183183744
STU_012886,56.05822658651333
STU_012887,74.49972818820405
STU_012888,69.98664063835426
STU_012889,67.75019794054225
STU_012890,68.23811619746093
STU_012891,71.72704448561609
STU_012892,72.60406754127193
STU_012893,86.16479035139105
STU_012894,72.89847939193359
STU_012895,95.10429380431427
STU_012896,73.66106459600192
STU_012897,75.1660234335692
STU_012898,91.38947601008992
STU_012899,81.74525943696018
STU_012900,79.26065741324612
STU_012901,70.53425486834837
STU_012902,88.05990782300991
STU_012903,64.2355818424021
STU_012904,84.40848243846952
STU_012905,61.35451283014325
STU_012906,99.00220908476913
STU_012907,50.39450788732968
STU_012908,88.98170001025986
STU_012909,66.43428345284515
STU_012910,31.535858731703613
STU_012911,82.59593513554614
STU_012912,52.41086203444615
STU_012913,60.41460559696249
STU_012914,73.56967706214465
STU_012915,54.79290785079666
STU_012916,66.39630663917772
STU_012917,95.41215829650032
STU_012918,55.60470291699113
STU_012919,97.61997388913858
STU_012920,79.4881056115091
STU_012921,58.10543264882884
STU_012922,74.12009926990929
STU_012923,62.65706987700831
STU_012924,74.47351600886107
STU_012925,73.83102410992828
STU_012926,61.59637595229414
STU_012927,87.29100110107251
STU_012928,62.46612124748296
STU_012929,63.201545754172734
STU_012930,69.26911668076194
STU_012931,88.85991398901476
STU_012932,63.72243104873858
STU_012933,69.88630551032699
STU_012934,69.10106229163539
STU_012935,65.85572386951353
STU_012936,66.69664033839625
STU_012937,72.88645359893926
STU_012938,93.3066304560176
STU_012939,48.192651240140655
STU_012940,68.24047226197885
STU_012941,54.59040514261887
STU_012942,72.64055813242264
STU_012943,72.25840513680077
STU_012944,79.61621138049364
STU_012945,90.22487828697777
STU_012946,53.37035952062438
STU_012947,73.02259566573903
STU_012948,87.00232971962105
STU_012949,98.78122311383709
STU_012950,78.55454349312956
STU_012951,88.0765180236011
STU_012952,72.96748523236165
STU_012953,81.97661699540085
STU_012954,81.02578342348075
STU_012955,88.43319212796828
STU_012956,72.11324072897405
STU_012957,66.35448167639868
STU_012958,75.6005515414216
STU_012959,80.91606292972095
STU_012960,79.7764187913092
STU_012961,81.41263436581026
STU_012962,55.85656584106703
STU_012963,67.32893771097532
STU_012964,89.73350905525858
STU_012965,75.98383138230389
STU_012966,75.05872377021467
STU_012967,71.9854081524529
STU_012968,75.36949852762692
STU_012969,76.27641834050894
STU_012970,54.29429693429136
STU_012971,77.54897370199105
STU_012972,79.40527077533247
STU_012973,53.21662162008587
STU_012974,57.875503222816775
STU_012975,54.899235302021324
STU_012976,83.66522568819468
STU_012977,78.55281107730535
STU_012978,91.49411567480473
STU_012979,67.40961580741542
STU_012980,71.05800705695306
STU_012981,90.88742923784403
STU_012982,68.42658057866043
STU_012983,98.39470317788464
STU_012984,54.58725063512882
STU_012985,65.02462098463724
STU_012986,63.4791929142323
STU_012987,51.98766567385127
STU_012988,87.02866270008748
STU_012989,97.63535416837048
STU_012990,61.84321204060179
STU_012991,70.82452745037034
STU_012992,51.820748518067774
STU_012993,99.86627864837646
STU_012994,80.92880176111521
STU_012995,64.2841046522551
STU_012996,58.00325880478177
STU_012997,85.68508467478787
STU_012998,79.20747520785187
STU_012999,91.43789115258409
STU_013000,90.85225425885736
STU_013001,99.39044528370664
STU_013002,86.54728953770528
STU_013003,76.82555858808355
STU_013004,88.98586926936088
STU_013005,74.19838676508932
STU_013006,78.77968557505348
STU_013007,75.9887583135674
STU_013008,86.06289390615913
STU_013009,86.56829053060304
STU_013010,76.09154227390951
STU_013011,53.32116529012449
STU_013012,58.557352124743275
STU_013013,90.90259223000984
STU_013014,89.27560324054187
STU_013015,82.57753111330767
STU_013016,61.01889837717586
STU_013017,92.26407149153016
STU_013018,80.06702150303927
STU_013019,88.40388026260446
STU_013020,55.8525551674974
STU_013021,71.11406917412523
STU_013022,99.52114141323364
STU_013023,78.98790476951956
STU_013024,88.03037090643085
STU_013025,70.6345723004147
STU_013026,69.11706813837301
STU_013027,72.12282177579368
STU_013028,83.70714272056743
STU_013029,75.11155601467509
STU_013030,77.18920829761522
STU_013031,67.25949811487565
STU_013032,99.92329869270324
STU_013033,69.33255641108777
STU_013034,99.22544761152571
STU_013035,93.83158649981192
STU_013036,58.92300640880899
STU_013037,88.72933314442876
STU_013038,78.29962417704763
STU_013039,86.18600886691499
STU_013040,99.37223762406268
STU_013041,79.3363571634847
STU_013042,60.47496064590362
STU_013043,95.42154412006298
STU_013044,67.08097144174805
STU_013045,86.72841737296926
STU_013046,63.45429696899916
STU_013047,69.19063628247969
STU_013048,94.08892287725756
STU_013049,83.4138430511701
STU_013050,82.87995122909865
STU_013051,92.41368475638214
STU_013052,67.31235005921002
STU_013053,72.45863199903835
STU_013054,65.44016702410435
STU_013055,87.29568297145428
STU_013056,79.84443952588325
STU_013057,52.61020095952438
STU_013058,59.14703449132536
STU_013059,90.9771222124308
STU_013060,62.0361823022001
STU_013061,57.21019808325917
STU_013062,99.60367875543872
STU_013063,83.3013919488341
STU_013064,63.07664434004876
STU_013065,50.12695362285152
STU_013066,99.8137552630959
STU_013067,79.111248337481
STU_013068,90.16729082842902
STU_013069,98.8778877063591
STU_013070,62.63631901543774
STU_013071,82.6259461836182
STU_013072,87.15880104104467
STU_013073,72.13945553617333
STU_013074,71.87270017119255
STU_013075,49.24040960806677
STU_013076,79.09452273846766
STU_013077,91.86665324630596
STU_013078,71.57155184889086
STU_013079,86.91889036478122
STU_013080,73.56961268722621
STU_013081,75.6732832030013
STU_013082,57.548897769262354
STU_013083,63.00937740293824
STU_013084,70.41565441672759
STU_013085,78.38571147366764
STU_013086,79.31478071712957
STU_013087,65.1005533441008
STU_013088,80.79539066373498
STU_013089,65.12324555573231
STU_013090,98.50534663050249
STU_013091,61.39097773800587
STU_013092,65.70144421818449
STU_013093,85.38442003675229
STU_013094,89.88276767083808
STU_013095,74.57348148395478
STU_013096,78.12229475687153
STU_013097,83.42321457550948
STU_013098,83.56022230838158
STU_013099,59.464905571154425
STU_013100,76.12576257295802
STU_013101,83.65894759148577
STU_013102,95.22226278497925
STU_013103,73.07220100995396
STU_013104,78.85352724506461
STU_013105,59.6075408479074
STU_013106,89.31231017727559
STU_013107,55.82985321903672
STU_013108,95.98906820029158
STU_013109,87.44406761203467
STU_013110,59.091521777202985
STU_013111,99.85580015182495
STU_013112,99.24264583335616
STU_013113,75.9930231583426
STU_013114,65.05217020293246
STU_013115,77.45859989639933
STU_013116,59.41405325060835
STU_013117,65.2901318471274
STU_013118,70.45286585515652
STU_013119,80.84041347014393
STU_013120,64.98944013092087
STU_013121,90.22648639162723
STU_013122,76.3464088293711
STU_013123,94.58500219338758
STU_013124,96.96907141522315
STU_013125,89.11621031224067
STU_013126,67.62853726149825
STU_013127,70.78933978841935
STU_013128,84.57979076206908
STU_013129,76.45824615426255
STU_013130,98.85214240135745
STU_013131,50.62007530171513
STU_013132,79.86000167382286
STU_013133,97.91274410280022
STU_013134,70.43397161969754
STU_013135,69.12655536721967
STU_013136,67.00725577085643
STU_013137,83.83831904580131
STU_013138,70.631207941177
STU_013139,78.49204699944701
STU_013140,99.91104030609131
STU_013141,77.31895500109279
STU_013142,57.881295652565704
STU_013143,73.31957002007728
STU_013144,63.57024153840576
STU_013145,58.74068906381364
STU_013146,51.36314750658323
STU_013147,80.44794680732954
STU_013148,71.50481981870516
STU_013149,85.54403038773398
STU_013150,80.61268818345471
STU_013151,76.36184027449882
STU_013152,85.92622074896624
STU_013153,68.47298218916701
STU_013154,78.61494381915591
STU_013155,98.49869016458535
STU_013156,77.41238199601653
STU_013157,72.44742242510526
STU_013158,87.09667936007102
STU_013159,80.61684497120345
STU_013160,63.245286217825495
STU_013161,63.48405267011053
STU_013162,58.85783900015513
STU_013163,89.0472539504188
STU_013164,67.57577634183544
STU_013165,69.57000401237268
STU_013166,48.982115664325164
STU_013167,93.87586136223928
STU_013168,75.39930262220714
STU_013169,76.55594665563353
STU_013170,74.7029708280992
STU_013171,81.28959391065835
STU_013172,65.85095525638013
STU_013173,86.15522778407788
STU_013174,61.18182078353257
STU_013175,51.364312629813256
STU_013176,92.1106660862784
STU_013177,62.75645335615931
STU_013178,87.44359988774652
STU_013179,70.63095352089447
STU_013180,88.608152148641
STU_013181,84.44924600199444
STU_013182,69.72069558275535
STU_013183,80.31136812492315
STU_013184,75.32900846042897
STU_013185,69.13726995275442
STU_013186,60.583384840375984
STU_013187,66.00653073031248
STU_013188,94.29895808577581
STU_013189,99.3364474780452
STU_013190,78.47218101515017
STU_013191,97.15483352301543
STU_013192,84.73369697396124
STU_013193,82.98339422249047
STU_013194,98.25470094706635
STU_013195,86.89224761863738
STU_013196,79.81007486043369
STU_013197,50.205688641711994
STU_013198,67.31655511678221
STU_013199,80.85696209916648
STU_013200,49.74592138531
STU_013201,80.99367292943818
STU_013202,61.56201292364482
STU_013203,72.6948487278574
STU_013204,61.047143268829345
STU_013205,81.07251362854515
STU_013206,66.37318753032707
STU_013207,72.49772980095695
STU_013208,70.00677374925249
STU_013209,75.80110173736635
STU_013210,53.3252534357447
STU_013211,72.1358490703145
STU_013212,57.56133555770015
STU_013213,73.87196060965074
STU_013214,95.76952741300752
STU_013215,48.179768737798454
STU_013216,99.69590938091278
STU_013217,95.09234754878833
STU_013218,68.97855690951366
STU_013219,83.68398239491474
STU_013220,98.14527241497484
STU_013221,64.33501873774868
STU_013222,65.35804516623435
STU_013223,88.62338175883667
STU_013224,70.80256803540999
STU_013225,49.5144882879313
STU_013226,79.8593732735358
STU_013227,87.99516286017584
STU_013228,66.19146266219607
STU_013229,65.91082958151136
STU_013230,72.57133564623624
STU_013231,63.14728456317916
STU_013232,66.98406370530506
STU_013233,92.2070670851997
STU_013234,66.07842578436046
STU_013235,69.5605595317248
STU_013236,91.84190949515008
STU_013237,64.77835816498605
STU_013238,76.38974629107021
STU_013239,73.6695023971196
STU_013240,61.94530033742186
STU_013241,67.67369792208085
STU_013242,72.10045167336149
STU_013243,63.249249887326116
STU_013244,72.58474053807443
STU_013245,66.5868088952094
STU_013246,67.48855609265263
STU_013247,99.33649337541092
STU_013248,93.78515953222947
STU_013249,46.252866681917595
STU_013250,75.3374504797363
STU_013251,84.04754587555051
STU_013252,86.74790120781435
STU_013253,67.5818714634594
STU_013254,96.73875958100008
STU_013255,77.54796268323625
STU_013256,69.54968259341223
STU_013257,79.18065658427426
STU_013258,63.28460470887909
STU_013259,58.429042754042655
STU_013260,70.25824990163278
STU_013261,70.27718183119856
STU_013262,56.462370625839256
STU_013263,57.08701263620752
STU_013264,94.0697652813377
STU_013265,76.41747335862917
STU_013266,70.09069944242114
STU_013267,71.38715948918875
STU_013268,61.33867039141002
STU_013269,82.18529877373979
STU_013270,97.27404180151606
STU_013271,66.53899564775304
STU_013272,80.51935744429898
STU_013273,66.72737811028728
STU_013274,76.105705009205
STU_013275,64.80328324634313
STU_013276,60.89834844084855
STU_013277,62.99166217794733
STU_013278,60.73539855771215
STU_013279,59.333386315685914
STU_013280,91.96398574615357
STU_013281,95.20324264234759
STU_013282,94.23633217884816
STU_013283,77.66848783730053
STU_013284,76.36989389612562
STU_013285,71.21484901745862
STU_013286,65.93787521783472
STU_013287,95.16990983864261
STU_013288,84.72598776049585
STU_013289,97.37450033927766
STU_013290,78.97799698463211
STU_013291,87.013212188985
STU_013292,84.98148408259016
STU_013293,72.62808198953198
STU_013294,88.28143097445711
STU_013295,71.72827573035703
STU_013296,77.66706655664441
STU_013297,76.21743302056112
STU_013298,54.97190021733812
STU_013299,84.54130367254598
STU_013300,73.03156554653599
STU_013301,87.34119769716025
STU_013302,85.79482796804841
STU_013303,89.68178419492739
STU_013304,83.68158058374004
STU_013305,70.511590505566
STU_013306,67.54088645601658
STU_013307,77.67431198718539
STU_013308,96.43120267659023
STU_013309,70.09873423362437
STU_013310,57.41960237469919
STU_013311,91.44313023524201
STU_013312,52.732922648327985
STU_013313,66.34187740345719
STU_013314,69.84510103664174
STU_013315,70.04958933197395
STU_013316,77.66759078233616
STU_013317,73.77670454318255
STU_013318,47.20310539594527
STU_013319,71.39775304780824
STU_013320,82.40216133614652
STU_013321,78.10784134586658
STU_013322,99.43927674127087
STU_013323,96.00760665723396
STU_013324,84.904820686978
STU_013325,78.71935210082205
STU_013326,75.90236374988578
STU_013327,75.04491058798169
STU_013328,65.47305425256738
STU_013329,84.76234999370672
STU_013330,63.953230819348136
STU_013331,73.18561948954371
STU_013332,68.27998682535107
STU_013333,59.77074956247601
STU_013334,70.55455640518764
STU_013335,64.83703332234373
STU_013336,82.88998414102943
STU_013337,52.52375484917536
STU_013338,64.93668646671843
STU_013339,72.73002801404388
STU_013340,94.03554759709446
STU_013341,73.96484743538821
STU_013342,86.02046692280769
STU_013343,68.30569198405692
STU_013344,78.900435301995
STU_013345,65.50560285620935
STU_013346,96.81719626213966
STU_013347,79.33996481548701
STU_013348,83.81050433228904
STU_013349,99.00052571034954
STU_013350,61.94822724034102
STU_013351,84.03140852562473
STU_013352,70.4124906424019
STU_013353,62.26063031840196
STU_013354,56.412562069985896
STU_013355,87.3249898842748
STU_013356,61.68452683883244
STU_013357,66.32194717549115
STU_013358,70.21128107270245
STU_013359,73.66697539445668
STU_013360,74.07939728799215
STU_013361,70.08372856807159
STU_013362,89.27773803255687
STU_013363,74.22703483763729
STU_013364,68.11733220031077
STU_013365,84.57452715672218
STU_013366,99.49411402069977
STU_013367,81.65189418625815
STU_013368,88.4431479553622
STU_013369,53.90837346851984
STU_013370,82.43911589444787
STU_013371,69.24895430082644
STU_013372,77.1732696457057
STU_013373,75.28189336305499
STU_013374,92.44126347589204
STU_013375,89.4810569787954
STU_013376,40.97708754242936
STU_013377,79.55295344185163
STU_013378,63.63499152488142
STU_013379,80.06090593333595
STU_013380,86.29837250913056
STU_013381,97.71683921942542
STU_013382,99.70707994726115
STU_013383,59.65868901035303
STU_013384,61.90250715358632
STU_013385,64.06020457006113
STU_013386,98.63794774817453
STU_013387,52.95686694331857
STU_013388,83.76935146085303
STU_013389,65.36736479626305
STU_013390,66.24651398088005
STU_013391,86.30618283921166
STU_013392,97.93708797017945
STU_013393,69.00425224607937
STU_013394,99.36049077656722
STU_013395,60.58491694654706
STU_013396,65.91782795427812
STU_013397,99.79595994949341
STU_013398,92.73283518521541
STU_013399,60.92978729720613
STU_013400,64.56577788784074
STU_013401,99.97560834884644
STU_013402,75.57211709576984
STU_013403,94.62689063952094
STU_013404,64.42679188765781
STU_013405,78.1393440455696
STU_013406,99.85858249664307
STU_013407,71.04346770005967
STU_013408,63.93252486149987
STU_013409,60.1575737939482
STU_013410,74.72758714569554
STU_013411,63.16559042690977
STU_013412,65.41122190772813
STU_013413,76.13152918243603
STU_013414,86.21337916390371
STU_013415,74.37706091644671
STU_013416,54.268993678545456
STU_013417,78.90067172286533
STU_013418,48.01346704413729
STU_013419,62.51998891233538
STU_013420,98.3153523586482
STU_013421,99.52818551063538
STU_013422,91.00048035045684
STU_013423,55.73543685833424
STU_013424,98.19291269885443
STU_013425,79.53110021478429
STU_013426,51.26721232290109
STU_013427,68.3549505064824
STU_013428,73.54749745748654
STU_013429,93.53800714387137
STU_013430,65.53469459960968
STU_013431,62.49577593787522
STU_013432,78.43512694111898
STU_013433,93.92748228438705
STU_013434,92.56225016973787
STU_013435,92.7716179612424
STU_013436,73.53549206661253
STU_013437,73.4142919076282
STU_013438,76.68524050954018
STU_013439,90.0457336175175
STU_013440,75.12695066610549
STU_013441,95.6289056773972
STU_013442,98.65598483945392
STU_013443,68.39045974397474
STU_013444,82.76686878786717
STU_013445,80.90017152164175
STU_013446,92.22886475028324
STU_013447,88.5371326258644
STU_013448,82.20098744393027
STU_013449,74.18771066118819
STU_013450,96.2010490258755
STU_013451,71.08489912483746
STU_013452,78.82093418306232
STU_013453,80.98765836311956
STU_013454,67.2658032238758
STU_013455,97.84368823829722
STU_013456,71.43265763271302
STU_013457,66.36232279912304
STU_013458,74.64875080097795
STU_013459,58.73342839366719
STU_013460,57.89638754122571
STU_013461,76.17723561431156
STU_013462,55.8945328606294
STU_013463,81.93745815971778
STU_013464,59.71220568132045
STU_013465,63.06933746662014
STU_013466,87.8434224917916
STU_013467,60.02808764829311
STU_013468,92.9052259742996
STU_013469,77.05383292762838
STU_013470,90.50602717754705
STU_013471,81.51661212926085
STU_013472,83.27580847629127
STU_013473,63.58767418523883
STU_013474,79.54270328970277
STU_013475,88.04270951311369
STU_013476,78.40806260387892
STU_013477,64.64631720025228
STU_013478,77.6614448874534
STU_013479,70.35639150406655
STU_013480,82.84377716774848
STU_013481,76.64201816550354
STU_013482,78.22014846306504
STU_013483,78.85308991829211
STU_013484,86.38243416955606
STU_013485,93.71435787573186
STU_013486,54.30857990799363
STU_013487,80.58399017212938
STU_013488,78.84310692050772
STU_013489,72.67994314413343
STU_013490,75.58523120164527
STU_013491,84.31995908271206
STU_013492,78.25900146337045
STU_013493,64.43908751663672
STU_013494,72.60620006530486
STU_013495,83.51027465363168
STU_013496,86.65312032520009
STU_013497,47.591142165118455
STU_013498,71.90382353871678
STU_013499,83.71343521297703
STU_013500,64.76846348725343
STU_013501,86.60688921165993
STU_013502,80.1109920879262
STU_013503,70.99590085560011
STU_013504,87.46373100787417
STU_013505,70.52791056513408
STU_013506,96.45227699322288
STU_013507,63.98378041460005
STU_013508,75.89566803956818
STU_013509,87.82203444372954
STU_013510,64.09367812589203
STU_013511,81.72151593658364
STU_013512,68.04993768347835
STU_013513,49.95595245356632
STU_013514,85.51784401703244
STU_013515,69.93277511932
STU_013516,99.98839712142944
STU_013517,80.86640708091542
STU_013518,74.23286027082737
STU_013519,99.89410638809204
STU_013520,72.41468920073339
STU_013521,63.91106035508023
STU_013522,63.684526993101656
STU_013523,96.2189841575217
STU_013524,78.0330607084839
STU_013525,71.1406612078726
STU_013526,76.63346374809007
STU_013527,65.2921852438256
STU_013528,54.09485341498583
STU_013529,97.99804609016738
STU_013530,69.54470037259415
STU_013531,95.78738702423027
STU_013532,56.69500782914584
STU_013533,72.36898981343694
STU_013534,92.29079230751078
STU_013535,95.91409692567345
STU_013536,86.56736703433381
STU_013537,75.12911527888386
STU_013538,96.37300933866925
STU_013539,69.20263643658443
STU_013540,99.88921546936035
STU_013541,66.41856155056254
STU_013542,85.06429915014077
STU_013543,71.1179953713767
STU_013544,74.5158779763592
STU_013545,87.20687896069651
STU_013546,98.67229238373896
STU_013547,99.04614642587401
STU_013548,80.36973964803306
STU_013549,61.49250515322916
STU_013550,73.68207960640386
STU_013551,66.00506891009772
STU_013552,81.83309779898116
STU_013553,72.59002745645179
STU_013554,71.7786327615471
STU_013555,59.9857515988049
STU_013556,88.72425772747258
STU_013557,65.81096292848444
STU_013558,67.63180066408873
STU_013559,85.57018478741546
STU_013560,52.36683622849594
STU_013561,69.94867252891807
STU_013562,90.954669222136
STU_013563,86.91832438159103
STU_013564,56.93909285946216
STU_013565,81.38539826256635
STU_013566,71.38316677417507
STU_013567,95.54764276416878
STU_013568,72.39891136492199
STU_013569,73.33291228939694
STU_013570,70.87277049413748
STU_013571,72.11737673747503
STU_013572,58.015760862027705
STU_013573,65.96511655975152
STU_013574,75.82880516023567
STU_013575,52.86697884458482
STU_013576,69.55509241346178
STU_013577,61.704717429270715
STU_013578,72.00342967563321
STU_013579,74.44748687550465
STU_013580,84.89332140805342
STU_013581,55.95373063312502
STU_013582,76.6116473363085
STU_013583,67.52781503012223
STU_013584,73.31514604806327
STU_013585,62.21149046238519
STU_013586,60.55818765865081
STU_013587,98.19104322855277
STU_013588,68.71458407243308
STU_013589,75.81204881355507
STU_013590,81.55729801279361
STU_013591,90.08093323278732
STU_013592,99.70908161438028
STU_013593,96.16196905231166
STU_013594,69.11710988618245
STU_013595,60.6474784308784
STU_013596,85.57817751278571
STU_013597,66.16707142286648
STU_013598,75.41371120697045
STU_013599,71.80143824798068
STU_013600,98.00151139124289
STU_013601,67.88853385239591
STU_013602,62.8488100354018
STU_013603,94.74319907068414
STU_013604,66.80180092929038
STU_013605,89.83392620750548
STU_013606,71.72784052421696
STU_013607,41.66127655464469
STU_013608,80.37399227854246
STU_013609,79.69617826132857
STU_013610,95.31210792058758
STU_013611,95.31301531542208
STU_013612,60.973471998734674
STU_013613,75.76595107732254
STU_013614,51.09969376957812
STU_013615,83.14161293074997
STU_013616,82.19778961008838
STU_013617,64.55027484237732
STU_013618,60.40404842086352
STU_013619,67.41920833703615
STU_013620,73.84187437283465
STU_013621,73.41404013660633
STU_013622,60.55834115185907
STU_013623,49.72415534992187
STU_013624,50.27237104910227
STU_013625,81.27436577746107
STU_013626,77.34617923325064
STU_013627,85.41059654085265
STU_013628,96.96433621469627
STU_013629,80.56997390926041
STU_013630,71.97669379143181
STU_013631,66.46428752622126
STU_013632,57.116997791954724
STU_013633,95.79671677564818
STU_013634,66.48042998379097
STU_013635,98.809577237561
STU_013636,70.28166333479751
STU_013637,78.37228932065037
STU_013638,79.46803913170669
STU_013639,65.02470578995697
STU_013640,78.18035011738073
STU_013641,89.27754293171063
STU_013642,72.31386867323465
STU_013643,80.56066381614455
STU_013644,61.04110850337056
STU_013645,73.1122270949602
STU_013646,92.82090317584422
STU_013647,81.11667476701317
STU_013648,98.58594004442635
STU_013649,76.20174377859925
STU_013650,95.03609382695896
STU_013651,71.15759793644416
STU_013652,66.93690670842787
STU_013653,92.0265470467476
STU_013654,76.6489626048315
STU_013655,75.39851007196238
STU_013656,98.19679628676856
STU_013657,60.72568324319
STU_013658,82.39717488121794
STU_013659,66.37206128021043
STU_013660,66.55658533306078
STU_013661,77.25902572605928
STU_013662,83.4153845620983
STU_013663,75.03258447074315
STU_013664,91.65586174611272
STU_013665,79.15621918758612
STU_013666,85.43463756794529
STU_013667,59.00795411194868
STU_013668,90.91275046339555
STU_013669,61.77485587024552
STU_013670,87.79489200190864
STU_013671,99.81801891326904
STU_013672,69.81941383333375
STU_013673,96.55302347326034
STU_013674,76.56186190157796
STU_013675,60.227455852146846
STU_013676,75.2449329217834
STU_013677,84.0522476159264
STU_013678,70.42581224665578
STU_013679,68.66173192231102
STU_013680,52.42973336978168
STU_013681,98.47553797808217
STU_013682,41.186635455191734
STU_013683,57.408666838266775
STU_013684,72.77222618540807
STU_013685,87.5379631700623
STU_013686,93.07321245281112
STU_013687,75.35685338861364
STU_013688,62.60435689917088
STU_013689,97.29974674278165
STU_013690,90.68851450817787
STU_013691,64.56312468593353
STU_013692,61.03974589979937
STU_013693,87.62895068029769
STU_013694,76.8422232590946
STU_013695,70.6590203397202
STU_013696,99.35345000433648
STU_013697,69.91124826532466
STU_013698,61.90728786362305
STU_013699,65.45091078081632
STU_013700,82.04295053129538
STU_013701,81.83844191727883
STU_013702,94.57817527191524
STU_013703,68.2137028667517
STU_013704,77.82761459125436
STU_013705,87.78412891420152
STU_013706,65.85823996887406
STU_013707,66.52949186269254
STU_013708,59.15707998580437
STU_013709,90.9905888304013
STU_013710,79.76105986540615
STU_013711,99.10715604732306
STU_013712,73.96108255272225
STU_013713,64.35380526212705
STU_013714,67.71348565157558
STU_013715,98.33387250421669
STU_013716,70.63209470680997
STU_013717,54.54330636136176
STU_013718,84.37053495104814
STU_013719,73.48612752451672
STU_013720,50.30678490597022
STU_013721,56.74598797114706
STU_013722,80.58632149835802
STU_013723,84.28948432217283
STU_013724,91.94251912036778
STU_013725,71.22818271547419
STU_013726,64.74841879269852
STU_013727,68.75127367749175
STU_013728,95.15048321822181
STU_013729,90.8094956789788
STU_013730,78.04874661063045
STU_013731,92.89352531745624
STU_013732,76.22792187716567
STU_013733,84.6516203820947
STU_013734,55.54080584739563
STU_013735,71.18834005923168
STU_013736,99.41854870083807
STU_013737,80.73844581047535
STU_013738,74.23679828268826
STU_013739,72.31993362870487
STU_013740,82.30710285953914
STU_013741,77.59294203152629
STU_013742,94.27092669847816
STU_013743,94.17089164986227
STU_013744,69.06466606165228
STU_013745,93.2764444631869
STU_013746,87.25369743361048
STU_013747,95.57254112073812
STU_013748,72.9893211357386
STU_013749,95.1322314852496
STU_013750,75.46325529352924
STU_013751,75.3083138441008
STU_013752,79.45342768023312
STU_013753,84.87882650019836
STU_013754,72.34786557799492
STU_013755,67.29166245958254
STU_013756,64.11441749092965
STU_013757,99.54694819610029
STU_013758,95.51508005241341
STU_013759,56.96121128107615
STU_013760,56.22239627679102
STU_013761,97.08538677887964
STU_013762,78.63589827235704
STU_013763,76.45034355967621
STU_013764,59.70093129780818
STU_013765,63.92672800630504
STU_013766,82.372592645281
STU_013767,88.97173990231863
STU_013768,67.73308768962744
STU_013769,55.23590489296467
STU_013770,88.81374823829202
STU_013771,95.9569633906772
STU_013772,65.83831356701852
STU_013773,68.81745624274362
STU_013774,73.54463147883672
STU_013775,75.95069777588986
STU_013776,58.86036624720745
STU_013777,76.6772239599108
STU_013778,92.77856794469862
STU_013779,97.21916579074988
STU_013780,70.2294521022043
STU_013781,58.69773863216109
STU_013782,77.55858459563535
STU_013783,88.04639051980118
STU_013784,76.61719738653642
STU_013785,69.48530184360565
STU_013786,76.53015586916767
STU_013787,98.24566299050197
STU_013788,56.30961280704369
STU_013789,84.95164133063064
STU_013790,63.40819080272521
STU_013791,84.8570780471111
STU_013792,99.91075944900513
STU_013793,71.90800634041156
STU_013794,73.88460067070123
STU_013795,78.39615208384024
STU_013796,68.69366395558191
STU_013797,86.43961012073754
STU_013798,59.051262321573034
STU_013799,78.48079717789435
STU_013800,84.23743665996633
STU_013801,99.679397624877
STU_013802,80.52045609064572
STU_013803,72.79348653476973
STU_013804,76.02174967850563
STU_013805,84.66023757119343
STU_013806,67.99796228859887
STU_013807,79.5125340028308
STU_013808,72.75649362507819
STU_013809,76.04056576814958
STU_013810,86.01867225932783
STU_013811,65.61400715222486
STU_013812,78.04527943404878
STU_013813,69.22333689176243
STU_013814,63.80164280270294
STU_013815,76.85228535025475
STU_013816,69.11450258601016
STU_013817,81.04938801435881
STU_013818,56.64495658145611
STU_013819,88.36574183074706
STU_013820,74.8789413220594
STU_013821,72.9916685933146
STU_013822,95.54185416596255
STU_013823,87.20109876883222
STU_013824,70.75681529950123
STU_013825,61.62804915243205
STU_013826,85.26770650254807
STU_013827,76.84551927823559
STU_013828,87.40563921986214
STU_013829,79.2775101008162
STU_013830,85.37360249380993
STU_013831,80.20711562853535
STU_013832,92.78761536708896
STU_013833,83.81663172045837
STU_013834,68.86993407119041
STU_013835,79.33156729696802
STU_013836,66.21368329809589
STU_013837,97.08544119595254
STU_013838,54.93200078608537
STU_013839,58.59555398833918
STU_013840,55.4503276355842
STU_013841,99.2223115836949
STU_013842,77.3534562658752
STU_013843,76.22725060562706
STU_013844,72.93810072924921
STU_013845,92.53586072363278
STU_013846,86.25199713056517
STU_013847,39.6085380186902
STU_013848,99.95515966415405
STU_013849,56.55546521296911
STU_013850,69.94484279943849
STU_013851,65.23123805120274
STU_013852,89.93157264800035
STU_013853,68.18782234016291
STU_013854,82.57782699039436
STU_013855,75.88377437054464
STU_013856,55.85570856244806
STU_013857,75.99920788963954
STU_013858,81.75577355111731
STU_013859,80.5264345047042
STU_013860,70.49337275001383
STU_013861,70.13683218448851
STU_013862,82.61390885000571
STU_013863,84.62531757272089
STU_013864,67.3772090462059
STU_013865,90.23861482962882
STU_013866,57.07658079317454
STU_013867,73.19831832913347
STU_013868,95.54944023393855
STU_013869,73.94971538898798
STU_013870,48.190591509257295
STU_013871,70.33698854711989
STU_013872,99.38538052788186
STU_013873,68.62118986862747
STU_013874,65.29099470849975
STU_013875,59.81254396888232
STU_013876,79.10830469782195
STU_013877,53.821934913957676
STU_013878,58.31128004355989
STU_013879,61.99350086569246
STU_013880,96.34143423210185
STU_013881,71.46819885281943
STU_013882,79.97991934832768
STU_013883,67.93483563755365
STU_013884,81.37377077246262
STU_013885,90.39226198689475
STU_013886,87.61159663778758
STU_013887,73.09845623692908
STU_013888,79.22555561597297
STU_013889,78.25648187941385
STU_013890,94.6818569866868
STU_013891,93.74689010751922
STU_013892,74.26099683191414
STU_013893,58.54108115635144
STU_013894,96.14002785031904
STU_013895,53.0599737320104
STU_013896,94.56696460295794
STU_013897,75.17350744536111
STU_013898,80.88846355523559
STU_013899,84.81211842349308
STU_013900,67.4235347083281
STU_013901,77.61819564688741
STU_013902,73.91344766397542
STU_013903,72.3427381366017
STU_013904,68.31823571837535
STU_013905,91.19977784939698
STU_013906,77.95650092305567
STU_013907,65.61509665129873
STU_013908,65.23683475735827
STU_013909,90.72780537576406
STU_013910,60.288510984708296
STU_013911,81.67582117460064
STU_013912,81.68994346240156
STU_013913,70.64826699493881
STU_013914,59.27962467116055
STU_013915,66.25696274504847
STU_013916,98.0187403436546
STU_013917,50.60708940370632
STU_013918,55.922137083959626
STU_013919,76.80220854363625
STU_013920,78.386622614506
STU_013921,64.81031423869592
STU_013922,95.7066161910426
STU_013923,89.67685154034696
STU_013924,85.99251969685776
STU_013925,70.18905058341991
STU_013926,80.19968440620295
STU_013927,99.2787632796726
STU_013928,40.92042917416593
STU_013929,60.018209948124365
STU_013930,70.86022378412298
STU_013931,64.24220415192846
STU_013932,64.70672246581842
STU_013933,53.459585976480284
STU_013934,64.9981588968966
STU_013935,77.21889746258879
STU_013936,87.96729365946311
STU_013937,81.31299262753745
STU_013938,75.40591764833712
STU_013939,67.02313319650285
STU_013940,63.65129056011259
STU_013941,67.0547277042395
STU_013942,99.85227680206299
STU_013943,60.82592342100373
STU_013944,88.17849117988305
STU_013945,74.72916292560899
STU_013946,98.59562636270095
STU_013947,81.40337809677726
STU_013948,78.7923376406493
STU_013949,44.772140645817316
STU_013950,89.2576893802681
STU_013951,53.23120069690482
STU_013952,97.00918440601353
STU_013953,70.39085962638103
STU_013954,45.394501919215514
STU_013955,66.0906330548794
STU_013956,77.77087011888955
STU_013957,78.79018497167682
STU_013958,73.30056728234555
STU_013959,70.59111362653096
STU_013960,77.7504122743086
STU_013961,75.38729280814192
STU_013962,60.250237370156455
STU_013963,67.0122731496406
STU_013964,75.77733830399475
STU_013965,60.32460012641544
STU_013966,69.65519297436305
STU_013967,70.29795964806694
STU_013968,95.31747229910962
STU_013969,45.43010823157534
STU_013970,88.61031909864684
STU_013971,66.2312956186139
STU_013972,73.00635503988775
STU_013973,72.45559594924035
STU_013974,95.12621997874643
STU_013975,84.81729661263137
STU_013976,69.19383673724437
STU_013977,82.69966951177946
STU_013978,96.13443208623337
STU_013979,86.3333361362105
STU_013980,75.45993936284877
STU_013981,74.41953106959578
STU_013982,70.76946192862248
STU_013983,78.09035113573542
STU_013984,67.62557387807516
STU_013985,85.11350108377061
STU_013986,70.32200158669582
STU_013987,95.49994133080892
STU_013988,67.42311036596905
STU_013989,66.28804984577253
STU_013990,65.44798897014812
STU_013991,79.75421782648917
STU_013992,77.32149472381019
STU_013993,79.10307223316336
STU_013994,77.99588714938548
STU_013995,57.36751682847192
STU_013996,73.67843947375489
STU_013997,96.64767115964429
STU_013998,62.43618556769829
STU_013999,77.65822457557316
STU_014000,76.84796855131967
STU_014001,66.25318819858846
STU_014002,60.67788832884618
STU_014003,67.16524156507491
STU_014004,63.26846219849952
STU_014005,69.99517135687452
STU_014006,70.80692122420946
STU_014007,83.3553180366971
STU_014008,59.96636896720485
STU_014009,99.72703695297241
STU_014010,71.08271234739945
STU_014011,82.48935952669652
STU_014012,94.70610982927467
STU_014013,50.4206239194804
STU_014014,91.53624875038619
STU_014015,81.91442686260699
STU_014016,64.35354660309122
STU_014017,80.28797717144359
STU_014018,76.6983618832126
STU_014019,88.94411559105492
STU_014020,84.6344040138074
STU_014021,93.11212696608848
STU_014022,70.40653628647081
STU_014023,62.75177532093028
STU_014024,76.99127433260573
STU_014025,80.85643337443054
STU_014026,75.9129058451495
STU_014027,99.95849847793579
STU_014028,87.79640644941281
STU_014029,77.46036482261803
STU_014030,76.49438758297012
STU_014031,74.5400084503003
STU_014032,75.52107661322304
STU_014033,67.27528921373948
STU_014034,92.90443417474484
STU_014035,95.24658973194707
STU_014036,49.54372416057845
STU_014037,60.06966981320802
STU_014038,85.75602705934253
STU_014039,88.52456983436196
STU_014040,75.14730518072801
STU_014041,74.32337577936937
STU_014042,65.54204736441203
STU_014043,68.26152518117925
STU_014044,99.90507316589355
STU_014045,75.6259014947634
STU_014046,65.88215191714988
STU_014047,88.31630883097534
STU_014048,61.525655488443284
STU_014049,85.95643400298074
STU_014050,74.80957856272346
STU_014051,72.60989942619275
STU_014052,80.19694790247647
STU_014053,87.17297988295866
STU_014054,86.52157994216208
STU_014055,99.94572019577026
STU_014056,78.54013701813474
STU_014057,68.28772947552733
STU_014058,76.13824758145255
STU_014059,60.54274218045873
STU_014060,78.21327932530397
STU_014061,67.09583875518531
STU_014062,87.45717974193707
STU_014063,70.94921295107412
STU_014064,67.38763939243763
STU_014065,60.9855800787839
STU_014066,39.21858899096939
STU_014067,93.64626568834575
STU_014068,68.51891939617485
STU_014069,76.26920802770172
STU_014070,75.0278305651014
STU_014071,39.18628021948126
STU_014072,70.99354693016639
STU_014073,79.9294126968633
STU_014074,73.68222200031914
STU_014075,72.91546656262358
STU_014076,67.57148321521255
STU_014077,52.52327560849473
STU_014078,53.136195677669946
STU_014079,84.97797878776225
STU_014080,86.45325828590447
STU_014081,99.92964935302734
STU_014082,79.32275100217927
STU_014083,64.53348588201624
STU_014084,74.81742085699636
STU_014085,99.81440305709839
STU_014086,62.01729835551132
STU_014087,68.62328650196243
STU_014088,75.59657714878857
STU_014089,75.19154080608403
STU_014090,66.79078400951674
STU_014091,89.06055045362469
STU_014092,67.6429417062689
STU_014093,72.69088348872097
STU_014094,62.105152276451896
STU_014095,78.9869937887672
STU_014096,82.94055974733989
STU_014097,88.58490039697739
STU_014098,69.52244609777544
STU_014099,70.5203998334406
STU_014100,64.58567241707428
STU_014101,76.92943944586521
STU_014102,85.21493749624128
STU_014103,69.60241775211495
STU_014104,91.99506225967609
STU_014105,44.49880949993218
STU_014106,70.67209193161148
STU_014107,86.00315592683108
STU_014108,79.51783813001188
STU_014109,81.60540974183147
STU_014110,84.33075860725594
STU_014111,90.84422806951906
STU_014112,61.15959017656074
STU_014113,58.30803273264864
STU_014114,64.30453009916896
STU_014115,77.97393996509106
STU_014116,99.29457653708207
STU_014117,65.4500507549572
STU_014118,94.45201574864849
STU_014119,69.29401806015312
STU_014120,66.94773814591717
STU_014121,58.83398903501914
STU_014122,57.46536921211115
STU_014123,58.20066895252424
STU_014124,58.04706044268724
STU_014125,85.14692939800624
STU_014126,63.645227227927975
STU_014127,68.86124449531556
STU_014128,61.82260739199024
STU_014129,85.9696927791882
STU_014130,81.21242975324444
STU_014131,89.98760612611125
STU_014132,78.05189611644553
STU_014133,69.47052066135656
STU_014134,43.10025154978891
STU_014135,77.50885822950849
STU_014136,73.86822671933115
STU_014137,98.37408141075335
STU_014138,53.61298581350922
STU_014139,74.39600698924869
STU_014140,78.85395229151365
STU_014141,88.8575043277307
STU_014142,71.81806934257435
STU_014143,87.51120541970536
STU_014144,98.15018062748385
STU_014145,66.25350976129336
STU_014146,93.47630188781841
STU_014147,78.9461261241215
STU_014148,86.7174581424632
STU_014149,77.41916027003431
STU_014150,64.22296529461408
STU_014151,97.56413617993276
STU_014152,86.13579746953462
STU_014153,57.843060594210826
STU_014154,77.89245578596578
STU_014155,66.91140351655079
STU_014156,91.61385834586814
STU_014157,80.3082342337787
STU_014158,80.15476309733664
STU_014159,83.8430988156677
STU_014160,95.24498294200231
STU_014161,80.1663126884376
STU_014162,95.99205033502727
STU_014163,71.8419848363198
STU_014164,52.1183880536494
STU_014165,96.38475965603027
STU_014166,70.10113525553889
STU_014167,78.5138637149112
STU_014168,68.26129552026723
STU_014169,52.214536657590365
STU_014170,79.31415081551577
STU_014171,84.59253017069086
STU_014172,78.02019410332956
STU_014173,68.58098329189542
STU_014174,78.75144811639481
STU_014175,82.34669678893717
STU_014176,65.61154043375257
STU_014177,76.65634965207042
STU_014178,70.79742798260818
STU_014179,84.56701131655416
STU_014180,78.99760067403767
STU_014181,75.11448393214373
STU_014182,96.91740543145491
STU_014183,63.79153554022399
STU_014184,82.10838941625474
STU_014185,76.04102554108958
STU_014186,94.42337166063038
STU_014187,97.84031317041902
STU_014188,75.7204347441772
STU_014189,70.14050676830304
STU_014190,65.7382526050146
STU_014191,65.71705345609784
STU_014192,62.84204929008462
STU_014193,85.49728520727462
STU_014194,71.09207920461606
STU_014195,62.839548769249475
STU_014196,81.87004426356793
STU_014197,61.56537207796455
STU_014198,70.95890311481048
STU_014199,58.21037429347862
STU_014200,77.61914320182598
STU_014201,76.72585707887693
STU_014202,82.18342565121964
STU_014203,57.031680328165436
STU_014204,86.43553951500203
STU_014205,68.5091375204289
STU_014206,74.71020972693441
STU_014207,78.48844402895617
STU_014208,72.52422847584917
STU_014209,70.69781236856903
STU_014210,97.4117872058105
STU_014211,80.3727313335814
STU_014212,99.03611167744822
STU_014213,78.56379888871263
STU_014214,62.48970934369381
STU_014215,71.29937465714379
STU_014216,68.96119052642595
STU_014217,88.39744297821963
STU_014218,99.92184782028198
STU_014219,66.12962171108757
STU_014220,78.6943503053727
STU_014221,86.57846404852074
STU_014222,78.79488665375213
STU_014223,88.00264413593138
STU_014224,91.76576008957286
STU_014225,72.8326054292109
STU_014226,56.975804516849834
STU_014227,72.61880923247884
STU_014228,59.3670857200388
STU_014229,91.0465303852433
STU_014230,93.55971887412746
STU_014231,76.41387660600512
STU_014232,76.7715694933657
STU_014233,55.13366886175265
STU_014234,99.8925108909607
STU_014235,76.64726521854547
STU_014236,71.84559638898594
STU_014237,90.89890379061335
STU_014238,48.41981823628729
STU_014239,89.4622473950728
STU_014240,71.04044168194493
STU_014241,82.23694345922279
STU_014242,88.4691461344248
STU_014243,66.90385149843176
STU_014244,81.6162683926789
STU_014245,79.33433928007459
STU_014246,76.00668947129081
STU_014247,63.44672932609834
STU_014248,91.86582818567842
STU_014249,77.84111799741837
STU_014250,80.79470208486387
STU_014251,75.07027624408262
STU_014252,60.47440614471749
STU_014253,90.12136004240574
STU_014254,68.22438988908556
STU_014255,95.99150535832413
STU_014256,68.53373158679656
STU_014257,70.93603304088687
STU_014258,89.26322312398348
STU_014259,66.15776624466007
STU_014260,84.92547152697107
STU_014261,83.77026910052942
STU_014262,75.20815071897493
STU_014263,59.181714693382176
STU_014264,87.36824717606865
STU_014265,67.04719114123633
STU_014266,85.48721103201228
STU_014267,95.46297337088352
STU_014268,92.38701934150899
STU_014269,73.07878939741965
STU_014270,70.63952558227516
STU_014271,59.164851430354005
STU_014272,71.08314800553266
STU_014273,72.36662464908554
STU_014274,65.29124506185576
STU_014275,86.63697390719342
STU_014276,66.75126891845397
STU_014277,93.75294482168572
STU_014278,59.02171176706321
STU_014279,94.71184164311371
STU_014280,55.00549962410417
STU_014281,88.6487592264852
STU_014282,70.62321944851831
STU_014283,54.79875918104051
STU_014284,82.66269115222754
STU_014285,94.50921865721762
STU_014286,63.853853147383
STU_014287,83.03539763093188
STU_014288,48.474422213821526
STU_014289,72.53418784922889
STU_014290,78.03579480515833
STU_014291,66.73018540521382
STU_014292,72.46198543581491
STU_014293,73.81194381263018
STU_014294,61.660347750254644
STU_014295,67.6373442657441
STU_014296,68.9837387840694
STU_014297,63.13370071766289
STU_014298,79.31346292552077
STU_014299,81.50863746924921
STU_014300,91.38366225609627
STU_014301,56.375008250221775
STU_014302,99.82642650604248
STU_014303,89.804057920851
STU_014304,62.526459528532115
STU_014305,80.28266871253473
STU_014306,74.0682238262039
STU_014307,99.86144590377808
STU_014308,70.07821168860292
STU_014309,93.06182967784835
STU_014310,71.09491209315289
STU_014311,99.7717776298523
STU_014312,74.44210133269891
STU_014313,68.53832922457144
STU_014314,64.54677677803556
STU_014315,82.38605316535632
STU_014316,74.27239099095101
STU_014317,69.48741963105496
STU_014318,80.19319415655627
STU_014319,59.522306006490645
STU_014320,75.46464199128849
STU_014321,62.612919437117355
STU_014322,96.14976962934054
STU_014323,84.61702150061004
STU_014324,79.21985332837306
STU_014325,84.42161298578193
STU_014326,83.81061328547523
STU_014327,67.25979771291932
STU_014328,51.16532166541392
STU_014329,94.28585140551499
STU_014330,54.02962723658681
STU_014331,62.586083686669575
STU_014332,59.670907877291185
STU_014333,73.21592860238802
STU_014334,95.69058557369073
STU_014335,79.23766810799737
STU_014336,92.47664150776043
STU_014337,80.93646653196876
STU_014338,63.21978472719891
STU_014339,63.352666257558205
STU_014340,63.60922967795092
STU_014341,94.06294998638168
STU_014342,56.15276928771033
STU_014343,71.78939106648289
STU_014344,45.487600763335436
STU_014345,74.88302368759301
STU_014346,87.13913711259761
STU_014347,65.96593425029788
STU_014348,72.15868139372799
STU_014349,66.09310365082234
STU_014350,69.19460161476613
STU_014351,72.952906754926
STU_014352,93.05139646041164
STU_014353,90.32242375875609
STU_014354,90.42213569516983
STU_014355,64.59405452768007
STU_014356,50.12253816570909
STU_014357,85.76205746683448
STU_014358,56.398841376794294
STU_014359,74.84132661903959
STU_014360,57.76922999297962
STU_014361,65.60179335783201
STU_014362,99.8311972618103
STU_014363,47.20955642379727
STU_014364,76.22862336622255
STU_014365,63.76754300825668
STU_014366,74.22776003826412
STU_014367,71.10943457917836
STU_014368,89.35570707511636
STU_014369,90.46657571133086
STU_014370,95.85718908734394
STU_014371,75.28156919317058
STU_014372,86.38816290276849
STU_014373,66.61267586993401
STU_014374,81.5989402366614
STU_014375,79.47113334103202
STU_014376,92.90389657731987
STU_014377,83.48974436124729
STU_014378,99.07320128525029
STU_014379,80.92092442937196
STU_014380,82.306529354335
STU_014381,44.7635417283298
STU_014382,78.62477400810984
STU_014383,73.18418585446068
STU_014384,86.6645399018971
STU_014385,91.48195555707379
STU_014386,60.82414338000338
STU_014387,78.82925303752839
STU_014388,68.54966871312416
STU_014389,74.11183115976056
STU_014390,67.0945168838218
STU_014391,45.384099279415835
STU_014392,88.79938552305805
STU_014393,89.4518455973087
STU_014394,72.93929275922987
STU_014395,97.97773855819726
STU_014396,90.77578327354976
STU_014397,77.9760185230464
STU_014398,99.62138626047481
STU_014399,73.4349119882821
STU_014400,96.08105489885224
STU_014401,84.27713110585945
STU_014402,77.55616210831408
STU_014403,76.51345023874546
STU_014404,79.3325825695571
STU_014405,63.87291240701319
STU_014406,78.9380805344185
STU_014407,98.79587232633949
STU_014408,64.33825112572723
STU_014409,57.37031461798481
STU_014410,73.32123423264662
STU_014411,66.46066965562923
STU_014412,73.01009213123933
STU_014413,81.51400675010575
STU_014414,63.964648627213265
STU_014415,68.48272975682855
STU_014416,78.76605645649704
STU_014417,92.31513812486453
STU_014418,90.87469511294827
STU_014419,54.2406625689759
STU_014420,90.53095920902368
STU_014421,96.25865861899916
STU_014422,67.09562589912211
STU_014423,93.22319314836665
STU_014424,76.97443302210274
STU_014425,97.28561154555607
STU_014426,70.41798998827483
STU_014427,88.9988470217189
STU_014428,92.58417059858972
STU_014429,92.09186461895189
STU_014430,51.73866418263428
STU_014431,58.47973011949146
STU_014432,76.44311374878083
STU_014433,68.05709872792157
STU_014434,78.09526583278704
STU_014435,95.87481364934263
STU_014436,55.893919812266674
STU_014437,71.444201594339
STU_014438,75.49963063327816
STU_014439,81.42807558400285
STU_014440,47.594987223131284
STU_014441,62.67500944667133
STU_014442,78.36552383766193
STU_014443,52.7115152451734
STU_014444,50.76204634403311
STU_014445,73.01498078428642
STU_014446,68.41428497167979
STU_014447,96.37165381205341
STU_014448,62.01260301402722
STU_014449,53.62573720259721
STU_014450,66.05315154122283
STU_014451,87.80735799888882
STU_014452,89.91289484073266
STU_014453,99.94346857070923
STU_014454,89.01131857295384
STU_014455,89.13888341674893
STU_014456,82.74112981569344
STU_014457,61.04637793229076
STU_014458,62.91875326184535
STU_014459,75.79807033715917
STU_014460,99.72441064137851
STU_014461,94.4259647618081
STU_014462,83.09053547473769
STU_014463,87.11021967973556
STU_014464,72.65864554760188
STU_014465,95.66873512492825
STU_014466,67.20033378622219
STU_014467,78.49005292344866
STU_014468,73.05818938679923
STU_014469,82.47845293915148
STU_014470,75.95626896296798
STU_014471,84.43270560924361
STU_014472,65.18406580208976
STU_014473,65.073079906144
STU_014474,84.60876638980065
STU_014475,63.30557766207495
STU_014476,74.68391335983824
STU_014477,94.51753605303767
STU_014478,81.52769450172711
STU_014479,97.41766614988859
STU_014480,76.73006147028941
STU_014481,90.5061954340967
STU_014482,51.33684632540994
STU_014483,94.49831612601905
STU_014484,46.67052727167845
STU_014485,76.2019179853414
STU_014486,89.45438853289454
STU_014487,80.85452161904726
STU_014488,72.06090809148287
STU_014489,46.095351066581415
STU_014490,91.36457214376188
STU_014491,82.60135892607155
STU_014492,79.19300736444048
STU_014493,61.96787660946241
STU_014494,86.90482395785602
STU_014495,69.75153825057073
STU_014496,66.43012779157874
STU_014497,65.24943522311065
STU_014498,87.70767735107624
STU_014499,81.31440873585578
STU_014500,66.35521344678835
STU_014501,63.35213860035989
STU_014502,70.87300887326514
STU_014503,74.51112310930202
STU_014504,99.8687292698153
STU_014505,73.84143881161769
STU_014506,75.97245017309453
STU_014507,71.25162008170665
STU_014508,64.32010443368897
STU_014509,75.6371374373309
STU_014510,61.340882256632824
STU_014511,83.66744091772094
STU_014512,74.20951771891191
STU_014513,81.8692479892667
STU_014514,82.14329499118637
STU_014515,73.44060450292835
STU_014516,82.46609649522458
STU_014517,80.71522690797244
STU_014518,78.61494038735474
STU_014519,60.514995065134634
STU_014520,76.28419308022427
STU_014521,97.00048957642095
STU_014522,66.94277758301953
STU_014523,96.13870289944698
STU_014524,90.35447996716599
STU_014525,69.66062211960599
STU_014526,78.27972060946271
STU_014527,43.27729690772229
STU_014528,65.40276298249583
STU_014529,82.88610198891288
STU_014530,67.18742071640438
STU_014531,76.95408267523047
STU_014532,97.1174939423125
STU_014533,99.53102887674258
STU_014534,94.47094677087208
STU_014535,94.97031550955009
STU_014536,88.7351768677893
STU_014537,77.10614311971301
STU_014538,62.37615271445655
STU_014539,68.52564921941254
STU_014540,52.07069717934354
STU_014541,89.98454704359807
STU_014542,52.452154123400646
STU_014543,86.33085755596507
STU_014544,65.89745963205579
STU_014545,62.21710002226743
STU_014546,54.96651422335059
STU_014547,61.68564970171349
STU_014548,93.49998074014643
STU_014549,97.35944924828875
STU_014550,79.98460648706195
STU_014551,69.57842125491095
STU_014552,67.23906371216941
STU_014553,83.02806762196941
STU_014554,74.90737257209184
STU_014555,67.14029407539954
STU_014556,96.1096699656857
STU_014557,74.90003122308018
STU_014558,54.92828741512372
STU_014559,79.48830304430209
STU_014560,98.42761818770703
STU_014561,75.87403030376407
STU_014562,67.05977543986623
STU_014563,76.35690679846972
STU_014564,99.16761535650988
STU_014565,68.6041398814575
STU_014566,87.63614234775127
STU_014567,69.61964061489977
STU_014568,69.25715157839932
STU_014569,75.62424128933641
STU_014570,54.0305717187739
STU_014571,65.44279061749023
STU_014572,73.12481737762752
STU_014573,78.30248020746185
STU_014574,64.52059896708055
STU_014575,60.635239275930246
STU_014576,68.82342090513276
STU_014577,55.90444747679693
STU_014578,62.96878927686715
STU_014579,79.31546616894322
STU_014580,89.81560667425285
STU_014581,89.2305391972696
STU_014582,81.95410349279443
STU_014583,69.47995012984377
STU_014584,78.99239064424381
STU_014585,70.51488959094077
STU_014586,88.7262915969973
STU_014587,57.07228003375384
STU_014588,79.2873979135765
STU_014589,53.108940112798564
STU_014590,64.3102726099775
STU_014591,90.50873474630566
STU_014592,74.92936323744341
STU_014593,94.1286101180223
STU_014594,97.87204220606476
STU_014595,48.329174278104006
STU_014596,99.95138120651245
STU_014597,72.29703837324908
STU_014598,59.12738772541917
STU_014599,78.20306475412866
STU_014600,55.6408893639843
STU_014601,76.19683422170367
STU_014602,93.60631925446495
STU_014603,52.15053983029421
STU_014604,83.72408134752013
STU_014605,99.66369481305014
STU_014606,55.03584165418319
STU_014607,82.51351089995907
STU_014608,58.36398942427336
STU_014609,80.62824866147923
STU_014610,81.84954596727908
STU_014611,81.44657261160691
STU_014612,55.32995366267113
STU_014613,69.79423617099346
STU_014614,91.94301438516337
STU_014615,75.51194573474044
STU_014616,94.9697380218085
STU_014617,61.48310515649598
STU_014618,85.083604462078
STU_014619,78.43991358007442
STU_014620,85.70493865794556
STU_014621,61.874786518475744
STU_014622,97.10858747597857
STU_014623,73.00622589415974
STU_014624,81.03457190514686
STU_014625,69.86556408051997
STU_014626,90.14919649204558
STU_014627,63.58357678414008
STU_014628,58.19756850797124
STU_014629,80.92267080533624
STU_014630,72.93972717629086
STU_014631,61.51185217547976
STU_014632,68.1255253007236
STU_014633,69.01338151405945
STU_014634,94.51994894274426
STU_014635,57.134528694147576
STU_014636,44.52278214769444
STU_014637,91.22732823817577
STU_014638,67.51525061165401
STU_014639,76.42075326535556
STU_014640,69.49763053115824
STU_014641,62.0899303792976
STU_014642,96.39777655747136
STU_014643,55.552905879463964
STU_014644,93.25871960412928
STU_014645,77.30912784795308
STU_014646,89.12248848240492
STU_014647,90.88934388224865
STU_014648,70.29530351533593
STU_014649,91.78087047920022
STU_014650,70.42738536212269
STU_014651,62.49593951473542
STU_014652,93.6372850237842
STU_014653,77.18584618219506
STU_014654,85.92052020433772
STU_014655,49.70067723994993
STU_014656,67.0112198508308
STU_014657,53.078663114635695
STU_014658,76.94797627211022
STU_014659,70.48000599096343
STU_014660,71.53127843982558
STU_014661,48.61472450757515
STU_014662,72.21397859817769
STU_014663,73.11740990129204
STU_014664,53.51048799091298
STU_014665,77.93707001813246
STU_014666,95.24005250743197
STU_014667,78.35489058354463
STU_014668,54.950155307680774
STU_014669,77.47479434320417
STU_014670,97.79824379216387
STU_014671,77.8491732715749
STU_014672,83.71067907014773
STU_014673,93.47308128569749
STU_014674,94.14635093527116
STU_014675,83.00088712038294
STU_014676,74.99222314742283
STU_014677,63.72756568801029
STU_014678,67.01550776130307
STU_014679,60.920322742204554
STU_014680,43.30552913982605
STU_014681,92.36803173965549
STU_014682,46.96569605822586
STU_014683,67.24431595601365
STU_014684,60.73295862206962
STU_014685,65.62664503468203
STU_014686,79.45273616042259
STU_014687,87.18606725046601
STU_014688,94.79147164999978
STU_014689,64.35199659460429
STU_014690,60.78355234016024
STU_014691,82.66137297201254
STU_014692,93.97244484711842
STU_014693,70.54930514817715
STU_014694,75.72622912325042
STU_014695,99.60126514052888
STU_014696,42.47165223297302
STU_014697,77.10290555273787
STU_014698,91.34789218763311
STU_014699,67.47973371807444
STU_014700,91.4796501967463
STU_014701,69.75824465660287
STU_014702,89.14192512488981
STU_014703,79.72413039300883
STU_014704,96.28732887219392
STU_014705,81.24687987772538
STU_014706,84.51058226083765
STU_014707,96.61235299062915
STU_014708,98.96710416639843
STU_014709,79.32628864448586
STU_014710,52.54763739659844
STU_014711,74.6329833177096
STU_014712,78.6056250145244
STU_014713,40.78946763096185
STU_014714,80.87645974448563
STU_014715,76.98906862750476
STU_014716,61.84945065752138
STU_014717,58.030066242410555
STU_014718,65.47385131246105
STU_014719,93.99329312470329
STU_014720,81.7447095381601
STU_014721,53.07081335065851
STU_014722,67.46453024824244
STU_014723,95.87103813796907
STU_014724,91.81448300373486
STU_014725,71.35703407028939
STU_014726,66.77488749225171
STU_014727,58.492495550574034
STU_014728,94.3511408169013
STU_014729,79.97727289617694
STU_014730,53.3898903997739
STU_014731,64.45422717082226
STU_014732,83.06162986566888
STU_014733,75.70448558983033
STU_014734,62.03592204518131
STU_014735,99.8392105102539
STU_014736,76.56036688755289
STU_014737,74.47165902004106
STU_014738,71.8515936926668
STU_014739,85.96183740601913
STU_014740,76.71648187259487
STU_014741,80.31279867109265
STU_014742,95.86726963264145
STU_014743,99.4534933076269
STU_014744,68.8690088596812
STU_014745,81.64654679705069
STU_014746,44.15348476567523
STU_014747,76.40079025019853
STU_014748,99.6222689845081
STU_014749,93.50922901766924
STU_014750,81.31299889042491
STU_014751,94.70907552831426
STU_014752,78.77950865282043
STU_014753,59.06668334090536
STU_014754,99.66203807994589
STU_014755,65.99701890404855
STU_014756,67.70216568817662
STU_014757,73.47685697761007
STU_014758,99.81715393066406
STU_014759,69.0198268658678
STU_014760,76.6249897865463
STU_014761,76.42784790972735
STU_014762,99.92986869812012
STU_014763,81.99299078159646
STU_014764,99.93730163574219
STU_014765,75.37128972725213
STU_014766,81.71593624336646
STU_014767,69.2045639024659
STU_014768,67.0796710644163
STU_014769,97.3103175075228
STU_014770,78.79928152000409
STU_014771,74.50426793655392
STU_014772,70.65952455626703
STU_014773,85.58600423219349
STU_014774,93.2554976695376
STU_014775,78.2199668864956
STU_014776,76.02424359671373
STU_014777,77.81673675023396
STU_014778,78.70688668584444
STU_014779,78.74668409319993
STU_014780,58.4727985719693
STU_014781,84.40101838022042
STU_014782,86.29917729373284
STU_014783,92.17343456405426
STU_014784,92.75666556689558
STU_014785,81.01511340207117
STU_014786,81.38805850761928
STU_014787,76.40498193775494
STU_014788,96.32558146409971
STU_014789,75.07814263040868
STU_014790,79.43523126426692
STU_014791,64.8912936906585
STU_014792,55.26854344171066
STU_014793,66.35035332589418
STU_014794,62.270506458673836
STU_014795,79.36309065549486
STU_014796,78.20373586016626
STU_014797,71.82493660790749
STU_014798,89.52015128817919
STU_014799,91.30739938409243
STU_014800,85.91012725577656
STU_014801,92.32977123831554
STU_014802,56.13158234474258
STU_014803,88.32580008257203
STU_014804,79.64622873318181
STU_014805,73.88729701828268
STU_014806,74.7685184035039
STU_014807,65.13923419850863
STU_014808,69.68437204295742
STU_014809,53.467954654141096
STU_014810,96.32641179302763
STU_014811,98.60230168851058
STU_014812,74.35046538089539
STU_014813,61.02926863982999
STU_014814,68.4982129664967
STU_014815,55.52679209114228
STU_014816,79.89059648467051
STU_014817,85.9077897470315
STU_014818,46.617005220176665
STU_014819,78.78827527477725
STU_014820,70.09360265305519
STU_014821,57.70457025336734
STU_014822,98.553012207035
STU_014823,64.37993591043185
STU_014824,91.77693249271604
STU_014825,78.04231922838277
STU_014826,92.85104099417777
STU_014827,58.07463129198577
STU_014828,76.41768476134112
STU_014829,76.50390917410019
STU_014830,82.61183947203024
STU_014831,83.34934679033887
STU_014832,63.98488074099311
STU_014833,63.27632392590216
STU_014834,81.51753419047675
STU_014835,75.40398791301064
STU_014836,85.3901642626953
STU_014837,73.71867493678685
STU_014838,74.42835784584157
STU_014839,83.37726489602309
STU_014840,77.30968495805479
STU_014841,99.47126345068492
STU_014842,54.115605504310594
STU_014843,70.98006259404347
STU_014844,95.28300280853382
STU_014845,66.72777524180754
STU_014846,86.4479489186209
STU_014847,77.64014938444686
STU_014848,57.37265351215996
STU_014849,59.463541363225914
STU_014850,68.90021156113342
STU_014851,83.74266421259297
STU_014852,80.53661604403665
STU_014853,74.70194572268638
STU_014854,64.55940397564433
STU_014855,75.76202656397385
STU_014856,72.11801397871837
STU_014857,81.10325652049812
STU_014858,65.65555884269567
STU_014859,86.8362266490491
STU_014860,46.985142759504114
STU_014861,86.42160511926943
STU_014862,96.7671576768046
STU_014863,65.11299600557636
STU_014864,76.29730321975939
STU_014865,68.3614869423136
STU_014866,68.22253286548388
STU_014867,71.88884155129132
STU_014868,99.83368396759033
STU_014869,99.7907702967173
STU_014870,73.21576985865921
STU_014871,76.27306449121235
STU_014872,81.51325417815823
STU_014873,65.31055513062073
STU_014874,65.58002139407391
STU_014875,83.43818871167534
STU_014876,55.029722537709404
STU_014877,66.84756306813928
STU_014878,63.03074884256082
STU_014879,79.702656263586
STU_014880,84.75130270984336
STU_014881,76.83415160973524
STU_014882,71.89879420925813
STU_014883,77.22171570143675
STU_014884,66.7570793070126
STU_014885,82.50569515697028
STU_014886,65.55337057649155
STU_014887,76.41713361110101
STU_014888,86.60955798612876
STU_014889,69.69936575159097
STU_014890,93.46717118799967
STU_014891,71.8014129818816
STU_014892,88.08056436138719
STU_014893,61.72783337393133
STU_014894,73.49934759702846
STU_014895,57.75566941480189
STU_014896,78.36571177976542
STU_014897,78.16076917723359
STU_014898,81.80230091247427
STU_014899,56.93785450406296
STU_014900,99.0961234287409
STU_014901,85.01631577131316
STU_014902,82.41026872435486
STU_014903,88.139654741121
STU_014904,76.43776379258625
STU_014905,91.28951865701612
STU_014906,78.71429498129484
STU_014907,51.57759268513645
STU_014908,79.23476312343814
STU_014909,83.1346093734382
STU_014910,74.65790367410554
STU_014911,98.55732086190692
STU_014912,80.07602747945128
STU_014913,76.2707781819963
STU_014914,48.455044976383455
STU_014915,60.474483351256524
STU_014916,67.9375602069793
STU_014917,98.24465382580388
STU_014918,86.01957933695252
STU_014919,52.456751527131104
STU_014920,92.54279863276736
STU_014921,63.419142938814986
STU_014922,52.79755854937808
STU_014923,71.54269921101819
STU_014924,83.61137099190489
STU_014925,98.94861289565246
STU_014926,82.0308634604695
STU_014927,76.31213128357024
STU_014928,57.503850163159896
STU_014929,81.14966481000005
STU_014930,82.26133140731139
STU_014931,90.61541307442789
STU_014932,60.169427000471245
STU_014933,76.97219402565908
STU_014934,66.16822494386386
STU_014935,77.59358068708882
STU_014936,84.18096409037045
STU_014937,83.01376348822225
STU_014938,99.62757513742606
STU_014939,80.04249958399316
STU_014940,93.87817828661304
STU_014941,63.04114211551894
STU_014942,93.54197973976824
STU_014943,62.68181025558096
STU_014944,71.3309181893078
STU_014945,61.87845555119826
STU_014946,67.74440295549265
STU_014947,68.88103063928712
STU_014948,86.62318927787287
STU_014949,64.8097805173434
STU_014950,93.38279353031358
STU_014951,74.0311531006552
STU_014952,76.56579333729866
STU_014953,96.42576920439443
STU_014954,93.24124526317541
STU_014955,94.24093087041331
STU_014956,80.60762062024006
STU_014957,78.33315724158533
STU_014958,70.64873315318238
STU_014959,51.84366952165847
STU_014960,97.86708352400711
STU_014961,92.5678777403472
STU_014962,46.913497462488024
STU_014963,75.83339096479325
STU_014964,95.40686225222001
STU_014965,78.05432649636865
STU_014966,70.52017729297287
STU_014967,54.73358659628361
STU_014968,95.01934273806266
STU_014969,79.70637378175013
STU_014970,71.892881902866
STU_014971,68.77860354826358
STU_014972,90.03979187389015
STU_014973,72.67943932578359
STU_014974,71.37048712003276
STU_014975,68.79917803308643
STU_014976,89.9212911509115
STU_014977,80.64760322033823
STU_014978,90.92002228029736
STU_014979,94.02191009880787
STU_014980,63.20276929911923
STU_014981,98.98242625175763
STU_014982,64.09222288192592
STU_014983,91.10899864780417
STU_014984,63.583941334510655
STU_014985,66.24692428390503
STU_014986,50.36256527579325
STU_014987,90.87752548749698
STU_014988,65.77340639724412
STU_014989,98.59961324082565
STU_014990,88.13192033120968
STU_014991,98.61281714979995
STU_014992,72.50293240596578
STU_014993,59.97785061500224
STU_014994,85.84677850380041
STU_014995,86.7035792525692
STU_014996,72.53352886147442
STU_014997,79.31257464545612
STU_014998,83.06035257735317
STU_014999,97.34292203647829
STU_015000,70.18344794057685
STU_015001,57.56351927877862
STU_015002,67.54230759698714
STU_015003,61.49022259305977
STU_015004,64.94596328588649
STU_015005,59.40268103450444
STU_015006,60.73483040279293
STU_015007,90.33064026707049
STU_015008,70.82127308495784
STU_015009,76.42457628173563
STU_015010,75.1494295375811
STU_015011,52.985252447128076
STU_015012,98.11777665885558
STU_015013,63.29682107769399
STU_015014,57.98612901454061
STU_015015,83.84754816371792
STU_015016,89.78119205058135
STU_015017,88.73043336347634
STU_015018,74.79216306155624
STU_015019,86.1993347004624
STU_015020,62.85931442296143
STU_015021,75.1463683913016
STU_015022,63.77529209244592
STU_015023,78.59273348426447
STU_015024,69.44910927099825
STU_015025,82.43620621586894
STU_015026,70.74978415605565
STU_015027,83.89444071079711
STU_015028,76.06825764893182
STU_015029,75.91608374002934
STU_015030,92.20101442501227
STU_015031,77.09089206307206
STU_015032,71.37085145979663
STU_015033,77.682618788545
STU_015034,68.3509275883851
STU_015035,81.58659814479222
STU_015036,71.92504742745632
STU_015037,80.28275681649458
STU_015038,89.71880254149275
STU_015039,64.15029142313378
STU_015040,79.73334819246
STU_015041,83.45643648454245
STU_015042,45.351814275960976
STU_015043,83.87941125811228
STU_015044,88.30962012001419
STU_015045,89.68194962031454
STU_015046,65.69467401091293
STU_015047,83.74953194398186
STU_015048,68.00804379948816
STU_015049,73.01837231224252
STU_015050,59.59041328593054
STU_015051,68.60249174605715
STU_015052,62.8551577005535
STU_015053,67.1494667541964
STU_015054,93.38114748269209
STU_015055,84.83986184847224
STU_015056,59.68836627110412
STU_015057,98.16967463953847
STU_015058,57.729338640164045
STU_015059,98.26174988174213
STU_015060,72.97096471181084
STU_015061,74.53266124003716
STU_015062,71.7031374245996
STU_015063,69.10301307343019
STU_015064,60.073152789350004
STU_015065,93.02633331060412
STU_015066,85.06570453344553
STU_015067,70.06945419835705
STU_015068,65.98742825021627
STU_015069,72.9533561716712
STU_015070,72.18388178958719
STU_015071,75.1263237117686
STU_015072,99.99047231674194
STU_015073,66.40032293113427
STU_015074,67.03336197084639
STU_015075,93.23834260276126
STU_015076,71.22027183203113
STU_015077,65.84805029116805
STU_015078,68.96801094255366
STU_015079,99.9459867477417
STU_015080,65.85496853158658
STU_015081,98.74172230095215
STU_015082,60.12600910618909
STU_015083,82.25436940131527
STU_015084,64.0734902378573
STU_015085,77.54442776489039
STU_015086,67.70245975322746
STU_015087,57.62291675468095
STU_015088,91.17506859465699
STU_015089,80.27313490334663
STU_015090,88.95316519590855
STU_015091,74.92081486542804
STU_015092,75.95817062190271
STU_015093,96.53515630053681
STU_015094,68.72113799694137
STU_015095,76.50853161622912
STU_015096,88.56263375702854
STU_015097,79.83228035769292
STU_015098,67.89782121395977
STU_015099,58.16346283789295
STU_015100,84.20333320029948
STU_015101,78.32660678299044
STU_015102,78.66941874209546
STU_015103,98.55103337446667
STU_015104,74.91715531453994
STU_015105,92.13354469470522
STU_015106,71.31765683443001
STU_015107,75.3295284047166
STU_015108,78.31150344746621
STU_015109,77.26206420228999
STU_015110,83.97681799507157
STU_015111,60.8332659251367
STU_015112,83.14020932811792
STU_015113,66.36237326290544
STU_015114,83.70849459705603
STU_015115,61.123567344077436
STU_015116,89.1184025111013
STU_015117,64.91785294188928
STU_015118,53.604118639433025
STU_015119,84.08936174046835
STU_015120,85.43942719786098
STU_015121,61.561593661385075
STU_015122,99.90941762924194
STU_015123,65.99420240503248
STU_015124,86.17111434150924
STU_015125,76.47449490740738
STU_015126,74.49164226749238
STU_015127,93.3390033288934
STU_015128,77.88389810520763
STU_015129,68.92893425212122
STU_015130,71.1620929098868
STU_015131,82.86256837036451
STU_015132,85.97125826676036
STU_015133,94.88961585121369
STU_015134,81.41056994654281
STU_015135,83.83995456578516
STU_015136,77.40654351994212
STU_015137,71.19412307505627
STU_015138,70.82526683389757
STU_015139,82.0266570759666
STU_015140,96.9036434681015
STU_015141,68.9038748672885
STU_015142,75.1761784152498
STU_015143,99.11554582333312
STU_015144,82.5653958001198
STU_015145,59.71896789072348
STU_015146,96.45139549417453
STU_015147,77.94202561428565
STU_015148,71.21589552297345
STU_015149,66.94142019841131
STU_015150,46.20451643180951
STU_015151,53.454436981504536
STU_015152,74.16892491410314
STU_015153,60.05224492558594
STU_015154,83.0491781687088
STU_015155,84.60372186891469
STU_015156,73.21470083961165
STU_015157,61.8402161396547
STU_015158,95.02846981128293
STU_015159,50.85352606143884
STU_015160,87.16757197984646
STU_015161,60.766741550302854
STU_015162,81.16175552608102
STU_015163,80.939590131518
STU_015164,40.25819059470031
STU_015165,87.4974559562368
STU_015166,96.79529512874024
STU_015167,82.75898409089584
STU_015168,60.45414792446414
STU_015169,93.24118386462939
STU_015170,74.9342912624467
STU_015171,88.85042907665914
STU_015172,60.01313753662213
STU_015173,75.24890982562914
STU_015174,97.07651607227498
STU_015175,73.20385107949927
STU_015176,99.80903197499832
STU_015177,76.34172415701056
STU_015178,64.11720630522818
STU_015179,76.9654124147178
STU_015180,61.47932161929565
STU_015181,80.9572552067204
STU_015182,82.08500445796156
STU_015183,84.08498761642399
STU_015184,69.96721358279741
STU_015185,81.97518601894363
STU_015186,75.65030222444452
STU_015187,58.28639065785862
STU_015188,68.10799305493437
STU_015189,89.53274812584587
STU_015190,96.32522920100864
STU_015191,78.40205239935081
STU_015192,99.86998891830444
STU_015193,79.66899735170654
STU_015194,85.83194739637082
STU_015195,85.45218723954756
STU_015196,80.3369149100223
STU_015197,73.54077795521022
STU_015198,82.00931095405821
STU_015199,71.5734668802453
STU_015200,72.41422760331136
STU_015201,80.4829323029678
STU_015202,66.30559595531473
STU_015203,60.406386636913275
STU_015204,81.90327638884898
STU_015205,78.7247400629452
STU_015206,74.20773919888444
STU_015207,88.88042234867567
STU_015208,74.27682101344224
STU_015209,84.92806642467596
STU_015210,87.54049677376463
STU_015211,43.65131249003693
STU_015212,95.75797892717053
STU_015213,70.14931768008087
STU_015214,96.13510556932712
STU_015215,78.76472976733638
STU_015216,94.09695480759609
STU_015217,57.04408577554149
STU_015218,73.65605317530675
STU_015219,75.57187418244483
STU_015220,45.53737150666945
STU_015221,86.07872950152961
STU_015222,63.703507060130796
STU_015223,86.3354609499561
STU_015224,71.56110359082234
STU_015225,71.68991537235539
STU_015226,68.72945183722987
STU_015227,64.74138010521115
STU_015228,82.22817033972404
STU_015229,73.68537523471386
STU_015230,74.34832339963026
STU_015231,99.26050958553229
STU_015232,83.85747486659125
STU_015233,89.68130620505235
STU_015234,72.47605651487842
STU_015235,71.45681681426717
STU_015236,98.64713391857796
STU_015237,79.5445006239992
STU_015238,82.44516984267884
STU_015239,93.85076272766955
STU_015240,65.04965223984617
STU_015241,45.70074585392918
STU_015242,52.93176366228812
STU_015243,78.8226405517062
STU_015244,78.46965387110254
STU_015245,68.30084125572449
STU_015246,99.89065438197079
STU_015247,80.11559621061849
STU_015248,78.82552878235187
STU_015249,68.3562545380943
STU_015250,88.05524793941265
STU_015251,67.69300654371713
STU_015252,90.66717530875277
STU_015253,88.83622023231162
STU_015254,99.51865211334359
STU_015255,60.673064179052105
STU_015256,61.37545672754828
STU_015257,74.54774911607335
STU_015258,92.82774094856603
STU_015259,84.86745116352688
STU_015260,95.34175088387116
STU_015261,84.20555587374007
STU_015262,87.95085203400441
STU_015263,86.51791832527304
STU_015264,79.08647445732902
STU_015265,96.84686183256542
STU_015266,70.45859023812969
STU_015267,78.68775681239165
STU_015268,57.55221945937036
STU_015269,61.465528717045885
STU_015270,74.6712381834704
STU_015271,73.20423077025946
STU_015272,66.65764933290913
STU_015273,87.64011372166436
STU_015274,75.75292281911257
STU_015275,44.55294924299078
STU_015276,49.33067035508088
STU_015277,72.41920137851088
STU_015278,99.440939253897
STU_015279,49.09863530801074
STU_015280,87.20830753163983
STU_015281,99.71455001831055
STU_015282,84.51620793186675
STU_015283,83.4161010024843
STU_015284,76.75655393532077
STU_015285,41.4822664368744
STU_015286,88.36306238862056
STU_015287,76.37063982829248
STU_015288,78.4635673608671
STU_015289,61.079789936212876
STU_015290,78.36012842553761
STU_015291,76.77621907113877
STU_015292,65.98898862770739
STU_015293,59.93775920950566
STU_015294,82.36155666018169
STU_015295,76.40357157368508
STU_015296,66.39386119171762
STU_015297,86.24844290095638
STU_015298,96.91497034488322
STU_015299,70.01205482705382
STU_015300,85.99461152834317
STU_015301,74.14231139814805
STU_015302,81.54181056127844
STU_015303,66.28766293650784
STU_015304,59.80092793389379
STU_015305,68.82973942439449
STU_015306,81.79630678546589
STU_015307,99.38021247354428
STU_015308,58.08487271372999
STU_015309,68.00639403846583
STU_015310,80.83675533967215
STU_015311,60.99546578165237
STU_015312,82.020588391607
STU_015313,60.439586105339124
STU_015314,84.20410312906381
STU_015315,71.12920410421701
STU_015316,92.73619961264517
STU_015317,72.16345211969978
STU_015318,82.00556588678998
STU_015319,71.58248421237535
STU_015320,71.3510699341548
STU_015321,62.66447632696015
STU_015322,97.01309591463979
STU_015323,79.09612281652967
STU_015324,70.75775436030756
STU_015325,81.23740909769634
STU_015326,56.07020434902301
STU_015327,75.24684338000534
STU_015328,72.71991874879006
STU_015329,70.60462084833372
STU_015330,73.915847070081
STU_015331,62.509860429098666
STU_015332,99.87839185817941
STU_015333,68.48707043217263
STU_015334,78.19962303660549
STU_015335,96.47837596703543
STU_015336,91.9199078566937
STU_015337,66.85822433268847
STU_015338,64.50685391097507
STU_015339,65.60976847519217
STU_015340,93.26521757657699
STU_015341,79.85668030929159
STU_015342,99.6817951437447
STU_015343,79.8361699534213
STU_015344,95.14206140690405
STU_015345,99.80019882939095
STU_015346,88.3040889511193
STU_015347,95.83076482207537
STU_015348,74.22758916341925
STU_015349,81.12825516442129
STU_015350,87.3593018525731
STU_015351,99.95182752609253
STU_015352,80.53459642892777
STU_015353,75.68041876538337
STU_015354,57.295129072383304
STU_015355,57.94331334125167
STU_015356,60.38795657744957
STU_015357,69.8995493827907
STU_015358,81.89140385295453
STU_015359,84.00577968842661
STU_015360,93.09060667952279
STU_015361,79.10183150454026
STU_015362,72.7180162365135
STU_015363,76.43342264628268
STU_015364,93.11298703923305
STU_015365,75.48570093123678
STU_015366,93.21566809569211
STU_015367,81.60899331438378
STU_015368,74.13825954648493
STU_015369,98.68742606314777
STU_015370,95.96978028920532
STU_015371,56.7930014697494
STU_015372,58.59981112761486
STU_015373,83.70784013283686
STU_015374,87.83758173284897
STU_015375,70.22998972287004
STU_015376,72.06842452584954
STU_015377,90.83454157958946
STU_015378,73.19176056171099
STU_015379,94.76150419927396
STU_015380,89.02260310175329
STU_015381,94.67447834271277
STU_015382,82.81430096352648
STU_015383,58.19201035757929
STU_015384,76.94313817059506
STU_015385,58.66796552181397
STU_015386,75.99188137321187
STU_015387,67.75329868191015
STU_015388,77.13943834630122
STU_015389,98.96229438623368
STU_015390,44.07843968510073
STU_015391,79.79018853251029
STU_015392,90.25243353812169
STU_015393,90.17687480529011
STU_015394,76.5893977082238
STU_015395,80.60440072751419
STU_015396,71.52987198068172
STU_015397,97.35326857295193
STU_015398,72.95294921724627
STU_015399,98.13413583533237
STU_015400,91.53681404430193
STU_015401,90.00715604414016
STU_015402,70.21568677681218
STU_015403,56.66468352798593
STU_015404,80.67347137624665
STU_015405,81.3586455684229
STU_015406,86.71131667645062
STU_015407,86.37361752923442
STU_015408,33.40885116760857
STU_015409,78.11296241442213
STU_015410,68.09613589920245
STU_015411,73.1784847316291
STU_015412,70.56388612762068
STU_015413,77.506561996324
STU_015414,70.77350230051098
STU_015415,66.45575373499902
STU_015416,88.43057956809577
STU_015417,59.11564447496967
STU_015418,87.58659250970433
STU_015419,53.850579334000216
STU_015420,62.58088671101778
STU_015421,94.55095878316656
STU_015422,76.45195800240643
STU_015423,83.81994027179732
STU_015424,99.84067590353067
STU_015425,90.46043374206278
STU_015426,62.23085776250397
STU_015427,58.456100204101624
STU_015428,75.27833515969323
STU_015429,78.02063004825018
STU_015430,35.3479176283214
STU_015431,65.44394055193195
STU_015432,80.57556731484034
STU_015433,69.62003729837674
STU_015434,64.21862910549363
STU_015435,67.61845145070139
STU_015436,75.42841714360898
STU_015437,70.90974876615633
STU_015438,93.64809970494275
STU_015439,77.22806266691924
STU_015440,77.02026707000198
STU_015441,66.60350855197443
STU_015442,88.4494629348249
STU_015443,63.03840738638512
STU_015444,79.25939894980479
STU_015445,65.53125370846925
STU_015446,70.59767711291565
STU_015447,45.76377129717739
STU_015448,44.049895553940466
STU_015449,82.77100188665335
STU_015450,92.10204021890016
STU_015451,79.00330031468195
STU_015452,80.96585396248673
STU_015453,96.84585622067422
STU_015454,80.30561627053723
STU_015455,51.749614191355725
STU_015456,78.45817384949149
STU_015457,67.37842806028739
STU_015458,66.5119084091329
STU_015459,48.609758250408035
STU_015460,99.97777080535889
STU_015461,99.77498750832456
STU_015462,72.93446358846089
STU_015463,82.9166766099338
STU_015464,58.43121047406014
STU_015465,49.14734539107097
STU_015466,87.71152803091874
STU_015467,87.05613573612197
STU_015468,56.71380121719935
STU_015469,65.04362509595728
STU_015470,94.80188674992365
STU_015471,73.66158168298466
STU_015472,91.53912831728344
STU_015473,89.49235736445154
STU_015474,98.81436750690477
STU_015475,76.41191010262038
STU_015476,81.31752114671524
STU_015477,54.29598238685982
STU_015478,49.550330929129146
STU_015479,96.14460092953024
STU_015480,67.84383240989672
STU_015481,79.13236523734035
STU_015482,63.61078542021143
STU_015483,89.7579876472928
STU_015484,67.76998343263098
STU_015485,67.21959213226086
STU_015486,71.39808190735911
STU_015487,61.63452743098277
STU_015488,78.03339214652902
STU_015489,83.2753054947247
STU_015490,89.747711049491
STU_015491,83.51337556070692
STU_015492,62.64803826197385
STU_015493,66.86035783795279
STU_015494,64.19491680211942
STU_015495,87.72934392640641
STU_015496,67.23337935337761
STU_015497,54.870806106171095
STU_015498,70.77597499473625
STU_015499,37.156193648802954
STU_015500,76.99485147301525
STU_015501,90.61397862179572
STU_015502,49.1913155385472
STU_015503,88.22011470105136
STU_015504,85.25930181601944
STU_015505,76.71945581576584
STU_015506,75.29453826030647
STU_015507,99.96304082870483
STU_015508,99.5452417217578
STU_015509,86.27900304686028
STU_015510,84.04649474309447
STU_015511,89.61667900105755
STU_015512,80.08822869812121
STU_015513,81.40466588794237
STU_015514,82.30559087102216
STU_015515,77.72091489664683
STU_015516,74.95996175477426
STU_015517,96.03129937928213
STU_015518,72.42240575327824
STU_015519,52.97320271543636
STU_015520,75.94995308277934
STU_015521,91.41797890900713
STU_015522,64.69854208859354
STU_015523,68.16855127244132
STU_015524,34.743219435469236
STU_015525,80.07920613677007
STU_015526,76.35591705474442
STU_015527,72.43740729419363
STU_015528,71.81506418172881
STU_015529,85.38667337164566
STU_015530,87.62719794580565
STU_015531,86.50418046106275
STU_015532,77.45722247416178
STU_015533,53.66102539989619
STU_015534,95.05717642486135
STU_015535,75.1093381381157
STU_015536,79.40388099594779
STU_015537,69.79726708526452
STU_015538,90.85201329139142
STU_015539,66.34113071618047
STU_015540,67.4658058846396
STU_015541,74.17414823629976
STU_015542,90.96555314287193
STU_015543,81.26760863645822
STU_015544,97.89925128678175
STU_015545,72.66317332077942
STU_015546,76.12314345014933
STU_015547,53.49039632414025
STU_015548,60.44028393635932
STU_015549,95.99373267239412
STU_015550,94.1267885816637
STU_015551,78.66972319044798
STU_015552,73.49197996446664
STU_015553,48.6608788497734
STU_015554,84.77873402667414
STU_015555,83.63032027024232
STU_015556,93.33837948672016
STU_015557,75.91372277974658
STU_015558,87.9531171066594
STU_015559,86.60257633504554
STU_015560,80.3599603929433
STU_015561,85.07116935297086
STU_015562,82.76784468504638
STU_015563,66.76765076915017
STU_015564,71.29931804539615
STU_015565,65.40183003826878
STU_015566,71.10139697630206
STU_015567,72.03757643478879
STU_015568,72.84384270899903
STU_015569,73.74558151884483
STU_015570,96.9814097841091
STU_015571,59.690559295619664
STU_015572,78.5968428822132
STU_015573,84.26289986524912
STU_015574,63.37193506680089
STU_015575,75.00737548733247
STU_015576,70.01285738697922
STU_015577,70.59248357607868
STU_015578,79.25018978719591
STU_015579,72.24445350416933
STU_015580,74.52767732917269
STU_015581,83.14683672668235
STU_015582,77.23161158558926
STU_015583,92.98044574288096
STU_015584,88.05259476441137
STU_015585,89.19078789884796
STU_015586,89.12737572615094
STU_015587,51.787530147268555
STU_015588,73.591462166187
STU_015589,77.55228057898728
STU_015590,60.475660135212394
STU_015591,54.496435709275005
STU_015592,88.58633513964276
STU_015593,64.26945042262396
STU_015594,92.21220018972446
STU_015595,96.54965494009943
STU_015596,82.00940602440508
STU_015597,93.16795127336518
STU_015598,79.0756732943446
STU_015599,51.74690814816197
STU_015600,67.49899232480905
STU_015601,50.169920746835245
STU_015602,62.270153133392704
STU_015603,80.58280605548879
STU_015604,82.95854701166918
STU_015605,57.155388576541824
STU_015606,79.68536715066196
STU_015607,66.41698513412426
STU_015608,73.08515450368571
STU_015609,71.22439091199158
STU_015610,67.76323644441227
STU_015611,87.37743095147779
STU_015612,82.86765364757215
STU_015613,94.19753500651953
STU_015614,64.02944191770919
STU_015615,70.24072037878392
STU_015616,81.08105505056871
STU_015617,66.06448536749537
STU_015618,86.42802616998685
STU_015619,57.29138203246362
STU_015620,70.35344583102165
STU_015621,72.22422156405923
STU_015622,79.84931093709531
STU_015623,88.86983141418081
STU_015624,81.16476069788686
STU_015625,82.51111304054642
STU_015626,59.15150596683145
STU_015627,99.9678087234497
STU_015628,76.73478549399003
STU_015629,66.16097364072664
STU_015630,72.780684029091
STU_015631,66.76558237985029
STU_015632,89.35961599545942
STU_015633,87.0920681334756
STU_015634,70.33866448579073
STU_015635,99.29975669845626
STU_015636,69.76813836026514
STU_015637,48.01421075051736
STU_015638,73.9869271655576
STU_015639,98.24260613629929
STU_015640,67.56433712833517
STU_015641,59.11908089095945
STU_015642,99.83470439486103
STU_015643,82.78815678193712
STU_015644,94.76591568088645
STU_015645,54.15643973664254
STU_015646,99.57399616565856
STU_015647,71.0859882028399
STU_015648,60.510318661231636
STU_015649,79.1141800039774
STU_015650,69.61607103738989
STU_015651,51.89350555957712
STU_015652,97.91325224766095
STU_015653,73.83519050362831
STU_015654,64.61404405555689
STU_015655,99.97269344329834
STU_015656,70.16981876897155
STU_015657,75.51463199808494
STU_015658,71.60175528628064
STU_015659,72.29332248863281
STU_015660,90.90413699435845
STU_015661,39.39231805710445
STU_015662,71.74111155690946
STU_015663,86.14653660633371
STU_015664,55.69260238473993
STU_015665,81.8008736484571
STU_015666,81.9767610450134
STU_015667,95.92283149366801
STU_015668,84.42564086698965
STU_015669,77.65875878828851
STU_015670,65.14391886068168
STU_015671,85.99816686836145
STU_015672,89.18774781446135
STU_015673,81.17155517649255
STU_015674,79.59275181165714
STU_015675,88.72517299082267
STU_015676,49.486910202682054
STU_015677,83.90612652501176
STU_015678,99.80576588431894
STU_015679,76.50704056795568
STU_015680,76.38348202950243
STU_015681,80.21192829872354
STU_015682,85.8889715495192
STU_015683,62.30952742304614
STU_015684,61.78303436360231
STU_015685,81.46168786191942
STU_015686,70.65597791165087
STU_015687,86.64855182323875
STU_015688,78.30775153680942
STU_015689,63.970993042754806
STU_015690,64.72810033734396
STU_015691,97.87955023791261
STU_015692,88.8124992595452
STU_015693,77.79389232574837
STU_015694,97.14118285122476
STU_015695,95.01664963078083
STU_015696,47.19277877655219
STU_015697,63.53571897074788
STU_015698,90.0895025407368
STU_015699,97.15205538836685
STU_015700,82.54574177066752
STU_015701,68.56469992349369
STU_015702,89.5319491930191
STU_015703,92.1706592192756
STU_015704,78.70997062146562
STU_015705,82.91121507832445
STU_015706,61.786078518366125
STU_015707,78.76204711416207
STU_015708,53.069844694507125
STU_015709,62.827891197135145
STU_015710,68.15083208209802
STU_015711,74.3442027178084
STU_015712,88.14047582722134
STU_015713,82.80577516277336
STU_015714,73.29793603191251
STU_015715,85.93763064463707
STU_015716,61.44778409280862
STU_015717,63.968097103997614
STU_015718,70.33063918008042
STU_015719,58.78671949564968
STU_015720,58.742270771224426
STU_015721,57.78025153870756
STU_015722,68.93421826126715
STU_015723,72.30820531301018
STU_015724,99.58199199671333
STU_015725,91.18013861161258
STU_015726,77.6634025581836
STU_015727,65.23054558230704
STU_015728,79.58008792463096
STU_015729,95.10974816508485
STU_015730,68.91175825069003
STU_015731,77.94030521451062
STU_015732,55.60417888702134
STU_015733,65.33074927028446
STU_015734,64.86149889794252
STU_015735,53.48771316019092
STU_015736,92.3987962691691
STU_015737,73.23658604382267
STU_015738,64.24080876482738
STU_015739,76.50157219844783
STU_015740,93.10568571036794
STU_015741,63.789425210259154
STU_015742,70.50782521375383
STU_015743,90.97241097253593
STU_015744,64.02934850405005
STU_015745,87.70508015826918
STU_015746,69.81312460403846
STU_015747,95.17555583165863
STU_015748,51.12995771499461
STU_015749,87.66728270372911
STU_015750,57.04883887704548
STU_015751,88.0678240579094
STU_015752,70.73341824744614
STU_015753,78.9503335447171
STU_015754,78.96673365860136
STU_015755,92.59479717234329
STU_015756,80.40970801952406
STU_015757,88.33861362705224
STU_015758,99.88663911819458
STU_015759,84.12982290878557
STU_015760,62.128922176589136
STU_015761,90.76173862552999
STU_015762,67.30275428176749
STU_015763,65.28798031016056
STU_015764,77.3447651222227
STU_015765,82.01020826545026
STU_015766,80.10131768666989
STU_015767,85.37135117187935
STU_015768,78.51022629751972
STU_015769,84.90787528727735
STU_015770,65.45214719761913
STU_015771,96.00394909138441
STU_015772,58.222196907449415
STU_015773,53.211317897423655
STU_015774,98.96804438885312
STU_015775,83.75163360733244
STU_015776,64.54775284746361
STU_015777,65.99843954672795
STU_015778,62.15096103695866
STU_015779,55.74179569044387
STU_015780,81.22178816636686
STU_015781,73.74355267469451
STU_015782,84.64644943811166
STU_015783,64.41134459933535
STU_015784,76.54469518805344
STU_015785,71.45916024574521
STU_015786,74.22955514238488
STU_015787,81.03120777189912
STU_015788,79.58680528687148
STU_015789,51.196047572210055
STU_015790,64.43748335054373
STU_015791,70.17073085775606
STU_015792,78.85337939613335
STU_015793,90.45506387841591
STU_015794,89.31083382268045
STU_015795,62.59319264465491
STU_015796,89.01049861019371
STU_015797,82.22050498323333
STU_015798,87.4936406765078
STU_015799,90.5392798156565
STU_015800,66.40660566355598
STU_015801,77.30467667757357
STU_015802,57.68164681411101
STU_015803,70.80871599325121
STU_015804,78.79451037969858
STU_015805,48.676739274905046
STU_015806,97.75805122341015
STU_015807,77.81519194472034
STU_015808,68.76837737183874
STU_015809,47.3878725624658
STU_015810,85.24346813970811
STU_015811,99.76340675354004
STU_015812,83.77808586674044
STU_015813,94.13079215551303
STU_015814,67.74812242433654
STU_015815,60.10725564660862
STU_015816,92.02462934601509
STU_015817,70.26464837463377
STU_015818,68.66528626557066
STU_015819,53.60171749795446
STU_015820,66.58888997171425
STU_015821,76.70922570728932
STU_015822,64.36012742556184
STU_015823,74.5487846678858
STU_015824,83.01977376411352
STU_015825,49.75008923147967
STU_015826,54.7282347530804
STU_015827,64.63660916876962
STU_015828,72.71462503266582
STU_015829,86.42472113757381
STU_015830,91.7004939029769
STU_015831,73.61214604633187
STU_015832,95.34648186459646
STU_015833,91.21906716205476
STU_015834,41.077132354410494
STU_015835,79.00789598310449
STU_015836,80.3856345473423
STU_015837,76.88562437679842
STU_015838,72.06965816400236
STU_015839,89.54751212454035
STU_015840,68.00961287309025
STU_015841,54.938278875871106
STU_015842,91.84006292244689
STU_015843,85.75162394355365
STU_015844,91.71893754495665
STU_015845,65.31925769290963
STU_015846,64.17109457340732
STU_015847,76.17143128158077
STU_015848,87.2945612836122
STU_015849,96.86571871787194
STU_015850,55.92065362862493
STU_015851,71.89925037672583
STU_015852,61.935674856123924
STU_015853,76.39919527911493
STU_015854,92.36375223374945
STU_015855,94.23068983416957
STU_015856,74.4192569140834
STU_015857,82.90393490675538
STU_015858,63.659091947508266
STU_015859,70.93847360717484
STU_015860,69.5429374027494
STU_015861,70.29584041310139
STU_015862,67.44687037118372
STU_015863,96.18346721521127
STU_015864,52.860749145037175
STU_015865,59.99008764337873
STU_015866,74.58120225033916
STU_015867,33.98311703729478
STU_015868,70.31071982191773
STU_015869,90.823534891169
STU_015870,75.65608393665042
STU_015871,74.28311234339012
STU_015872,47.05773142839517
STU_015873,97.65691943646169
STU_015874,71.31206762958269
STU_015875,83.07941220473633
STU_015876,63.68353717101226
STU_015877,97.24425048925684
STU_015878,84.07931468872337
STU_015879,96.15493930207079
STU_015880,81.5546485054387
STU_015881,97.32666623820326
STU_015882,69.17175311276804
STU_015883,78.93401877249077
STU_015884,87.37697704341485
STU_015885,59.046320689607015
STU_015886,93.04538553317747
STU_015887,99.5509022719637
STU_015888,62.74587239220248
STU_015889,87.88291887611538
STU_015890,93.30796449619469
STU_015891,89.70926815534426
STU_015892,54.47083393267509
STU_015893,55.20752183620054
STU_015894,51.34474392312698
STU_015895,60.79106192679728
STU_015896,69.64690466829313
STU_015897,90.55574250311426
STU_015898,76.9374624629308
STU_015899,90.4421503986589
STU_015900,69.30757680877934
STU_015901,71.44698423793514
STU_015902,74.47865966591465
STU_015903,84.3825046087151
STU_015904,78.92094905147599
STU_015905,91.49617636010845
STU_015906,70.81873183116753
STU_015907,99.92476558685303
STU_015908,64.45804218505594
STU_015909,74.85399931366325
STU_015910,76.9703219653414
STU_015911,61.81395219945453
STU_015912,80.1361751405737
STU_015913,67.01974317051729
STU_015914,66.44503552025886
STU_015915,87.41331160256455
STU_015916,61.80798222275415
STU_015917,49.134815536874115
STU_015918,77.63535385783544
STU_015919,88.16381897728121
STU_015920,79.49182997749551
STU_015921,93.561691131285
STU_015922,54.69054726178264
STU_015923,92.4270980630493
STU_015924,76.91291810708825
STU_015925,69.64788316209157
STU_015926,80.7263541449132
STU_015927,74.85194078553316
STU_015928,75.86213671027954
STU_015929,87.1686785090701
STU_015930,57.8402232911238
STU_015931,57.68066969152386
STU_015932,75.88153485889069
STU_015933,77.68783061606655
STU_015934,71.68078354614318
STU_015935,99.86782312393188
STU_015936,99.90378575325012
STU_015937,79.7236316737157
STU_015938,80.58272605221651
STU_015939,66.0577932855465
STU_015940,94.41377295944719
STU_015941,64.91833368488574
STU_015942,87.31023042798162
STU_015943,81.74534625437904
STU_015944,99.31779271703728
STU_015945,73.25388941773946
STU_015946,75.85097160583283
STU_015947,72.61461663979105
STU_015948,70.43027709822806
STU_015949,57.45244986258554
STU_015950,96.78948516384798
STU_015951,71.77534521904475
STU_015952,71.42623761584402
STU_015953,63.62243921652879
STU_015954,79.92880099184703
STU_015955,78.11863784199926
STU_015956,80.25560189786205
STU_015957,54.65816416996793
STU_015958,69.67957260428508
STU_015959,90.51332341583661
STU_015960,70.88544491636867
STU_015961,86.99873274986706
STU_015962,83.43583075899721
STU_015963,77.4784030495869
STU_015964,63.77963654764309
STU_015965,86.86816888271119
STU_015966,54.57429421341382
STU_015967,80.03236972426986
STU_015968,81.90202767646355
STU_015969,68.67875820091885
STU_015970,79.83395524888233
STU_015971,64.40508634442148
STU_015972,85.34639326778166
STU_015973,64.38518098550576
STU_015974,89.17295328006045
STU_015975,51.55002410548521
STU_015976,49.263518965339685
STU_015977,61.600610238861094
STU_015978,68.28870692269012
STU_015979,85.70608208248805
STU_015980,85.7665466315728
STU_015981,97.73431220165025
STU_015982,94.8664416519045
STU_015983,82.14183840558829
STU_015984,85.90786425810117
STU_015985,73.02779520795559
STU_015986,44.06960312612367
STU_015987,74.70320766786242
STU_015988,61.629501803121926
STU_015989,79.73659740722009
STU_015990,58.76211978345959
STU_015991,72.26081206687464
STU_015992,43.34221571066305
STU_015993,75.1704437737511
STU_015994,74.39511451574181
STU_015995,99.01598150404553
STU_015996,79.08202172317783
STU_015997,67.10198022380868
STU_015998,81.82155721551459
STU_015999,86.70732092460295
STU_016000,83.28465945761198
STU_016001,90.19359445180581
STU_016002,87.44623296739002
STU_016003,93.30369196984016
STU_016004,86.936828516086
STU_016005,43.68687700974459
STU_016006,63.48260119167415
STU_016007,83.9612634045661
STU_016008,89.7442428303403
STU_016009,52.15403799292643
STU_016010,72.56642375815848
STU_016011,85.31430601611692
STU_016012,70.97307799255152
STU_016013,69.20527485312027
STU_016014,98.75964772907744
STU_016015,49.22847597020154
STU_016016,96.12195986519487
STU_016017,78.40371640397565
STU_016018,81.97256588328378
STU_016019,72.06358480318069
STU_016020,92.83466734563629
STU_016021,99.90666818618774
STU_016022,67.67524251703722
STU_016023,99.90492686749259
STU_016024,74.2271155525486
STU_016025,90.19675389801262
STU_016026,53.379435195815645
STU_016027,61.85818160767141
STU_016028,69.67794935650306
STU_016029,76.5698104217793
STU_016030,97.72902759074006
STU_016031,94.38199149605691
STU_016032,85.74504752664498
STU_016033,85.72606791535013
STU_016034,80.1749457000886
STU_016035,66.50177320543722
STU_016036,99.94472455978394
STU_016037,78.13767256981004
STU_016038,71.70674735938422
STU_016039,70.07605021916198
STU_016040,91.77054406348678
STU_016041,94.80062772016316
STU_016042,75.69855162024675
STU_016043,82.29512919996668
STU_016044,93.43932755959155
STU_016045,83.42010773169888
STU_016046,62.71991981020912
STU_016047,89.397654538873
STU_016048,70.65386208201475
STU_016049,74.71239413888304
STU_016050,69.78145038955488
STU_016051,81.9872239446546
STU_016052,95.62943445334994
STU_016053,79.34512853686732
STU_016054,67.64378735263605
STU_016055,79.39314142599004
STU_016056,72.93375273453502
STU_016057,76.75531450370096
STU_016058,77.29503312281804
STU_016059,69.85334719920257
STU_016060,75.24411564439279
STU_016061,50.181865504070444
STU_016062,69.1568340706721
STU_016063,77.30111882178863
STU_016064,61.379517800049285
STU_016065,76.9818079173218
STU_016066,82.87123007031482
STU_016067,59.77632974804254
STU_016068,99.45193964482615
STU_016069,77.30926227472402
STU_016070,71.29404200424761
STU_016071,64.67021344068075
STU_016072,85.82304939615318
STU_016073,78.29198608950924
STU_016074,86.64082492261278
STU_016075,98.46237671592587
STU_016076,62.64923360605886
STU_016077,65.0308816711286
STU_016078,83.82881373796297
STU_016079,85.54478705148813
STU_016080,80.64404299072069
STU_016081,66.38355334104912
STU_016082,85.43742146887683
STU_016083,98.91735279329811
STU_016084,72.23646087230264
STU_016085,51.28598231610201
STU_016086,96.07728627158937
STU_016087,71.98882032001927
STU_016088,74.73059964375241
STU_016089,87.06150532554356
STU_016090,87.77061746801046
STU_016091,62.073032028428315
STU_016092,71.78210739561109
STU_016093,77.93656368928657
STU_016094,76.54849272954196
STU_016095,73.27954183695653
STU_016096,88.11979560601051
STU_016097,69.65960723814727
STU_016098,59.152410701270256
STU_016099,84.21859711727822
STU_016100,75.86391937631586
STU_016101,58.68354120761033
STU_016102,78.74541798284778
STU_016103,54.89261051034691
STU_016104,81.48592905309275
STU_016105,62.38344220120578
STU_016106,61.9038042945647
STU_016107,76.29694215324905
STU_016108,70.81898559589614
STU_016109,66.97266618476712
STU_016110,63.9788409050839
STU_016111,86.01335185726543
STU_016112,80.0946975229839
STU_016113,57.28237023091836
STU_016114,72.23350492081974
STU_016115,86.79345596563908
STU_016116,96.7163543349001
STU_016117,81.7887474909513
STU_016118,65.63068554925069
STU_016119,82.56301556811137
STU_016120,85.46181026447597
STU_016121,68.62856633314867
STU_016122,73.51310576622687
STU_016123,87.33707349866708
STU_016124,95.9283172994378
STU_016125,90.37833778370079
STU_016126,80.83535064429877
STU_016127,85.04285790435475
STU_016128,95.89409806909117
STU_016129,66.04238055491227
STU_016130,97.90678001167834
STU_016131,83.41000474022462
STU_016132,70.53078128075387
STU_016133,73.70618428733331
STU_016134,73.0056866190563
STU_016135,60.022897629350545
STU_016136,91.46087668948547
STU_016137,78.31965619982903
STU_016138,77.3869359655382
STU_016139,98.05864275776169
STU_016140,86.10289139428784
STU_016141,89.18295332341826
STU_016142,83.63876608185438
STU_016143,54.14889489312985
STU_016144,77.20877803554451
STU_016145,77.50830027620034
STU_016146,86.18556758952613
STU_016147,89.17992749569163
STU_016148,64.67016880565953
STU_016149,53.31486371598382
STU_016150,94.59550502216757
STU_016151,57.33509034834431
STU_016152,79.4782595836145
STU_016153,68.65681196752635
STU_016154,82.22896060015107
STU_016155,83.40721928021927
STU_016156,64.42354923631922
STU_016157,77.21472432178939
STU_016158,97.67847304030097
STU_016159,61.81262721216655
STU_016160,78.54341674554307
STU_016161,72.74085486910491
STU_016162,95.14695570795669
STU_016163,75.83629572522005
STU_016164,62.436618674559256
STU_016165,95.97231308126734
STU_016166,62.90796440514255
STU_016167,84.02607644093419
STU_016168,86.60064903546562
STU_016169,90.79570919540808
STU_016170,84.43237980680664
STU_016171,75.19779883148684
STU_016172,61.58491958278378
STU_016173,70.87900946893599
STU_016174,59.56698476515116
STU_016175,91.79323976762227
STU_016176,75.80054975929124
STU_016177,85.7432938848005
STU_016178,80.96483419238831
STU_016179,80.87601411464904
STU_016180,56.20674429190095
STU_016181,94.21712016967702
STU_016182,52.8069078911588
STU_016183,77.06943724948002
STU_016184,73.63272977308779
STU_016185,99.75703053921644
STU_016186,47.88342671585012
STU_016187,94.94914120580341
STU_016188,77.58947769840948
STU_016189,84.98344059827434
STU_016190,79.43057834340789
STU_016191,54.89338171567486
STU_016192,60.16644812003915
STU_016193,79.86066996346631
STU_016194,91.44000143999835
STU_016195,84.22498925747436
STU_016196,55.38995873367878
STU_016197,96.9838029521911
STU_016198,71.97341230333436
STU_016199,79.25342473030746
STU_016200,64.56980837807018
STU_016201,67.98416103549647
STU_016202,63.164518208945786
STU_016203,68.73153718827179
STU_016204,61.71973489565147
STU_016205,55.2760784154589
STU_016206,71.1497663878526
STU_016207,51.384216883407426
STU_016208,69.18236015908695
STU_016209,68.95626556904872
STU_016210,56.16201115706155
STU_016211,72.34598835766981
STU_016212,68.25349167262061
STU_016213,92.87498526499311
STU_016214,55.68934804349507
STU_016215,69.68057291694657
STU_016216,60.1230726346805
STU_016217,72.14308555940224
STU_016218,99.50171709060669
STU_016219,81.26275252879964
STU_016220,90.76655262553831
STU_016221,65.812234644867
STU_016222,66.93745338616276
STU_016223,64.55500605201536
STU_016224,98.08911228289199
STU_016225,82.92384346405716
STU_016226,88.87661719944339
STU_016227,79.06938699904475
STU_016228,73.996499186301
STU_016229,63.669890667534986
STU_016230,65.06902677889306
STU_016231,95.64852952094368
STU_016232,98.42376524813245
STU_016233,49.296543555539344
STU_016234,85.43142916459517
STU_016235,57.10835964488521
STU_016236,76.85877952330861
STU_016237,69.80033246512365
STU_016238,87.88996827640119
STU_016239,68.18578688592153
STU_016240,92.43218949105413
STU_016241,86.60699688238509
STU_016242,71.33905347444565
STU_016243,73.7471799257985
STU_016244,77.46807351921376
STU_016245,70.19615792936567
STU_016246,65.54272362112125
STU_016247,70.15533175650768
STU_016248,73.23737625725258
STU_016249,64.69493952002367
STU_016250,89.32420011956673
STU_016251,52.230676790288726
STU_016252,88.0984763008264
STU_016253,85.74429608513634
STU_016254,84.75127919541096
STU_016255,71.06938268869868
STU_016256,43.108232146687286
STU_016257,82.9689719831751
STU_016258,81.76517860922999
STU_016259,72.32538293700304
STU_016260,72.67279589735567
STU_016261,96.52946536580758
STU_016262,81.46737230906366
STU_016263,56.61627470857374
STU_016264,53.6811384424274
STU_016265,97.90560223531
STU_016266,90.21773134757784
STU_016267,71.21656742309153
STU_016268,80.96182458481384
STU_016269,94.30421034667148
STU_016270,68.8673327989
STU_016271,70.97064677902672
STU_016272,84.87732123286158
STU_016273,77.95106087166968
STU_016274,58.39812923043887
STU_016275,72.16930249901107
STU_016276,60.98106478827221
STU_016277,86.3763668549706
STU_016278,85.28981796899332
STU_016279,81.00471848384382
STU_016280,76.52036206910117
STU_016281,82.58582835316184
STU_016282,69.66852559323391
STU_016283,67.08463226002283
STU_016284,87.37950637958396
STU_016285,61.14252065803697
STU_016286,58.37016194209828
STU_016287,88.36496779185123
STU_016288,91.62632161813573
STU_016289,74.97445987982996
STU_016290,62.981338194253645
STU_016291,76.26318202069295
STU_016292,73.26786484232537
STU_016293,80.57383883710632
STU_016294,70.03394737607528
STU_016295,85.57557790082255
STU_016296,70.33574244706186
STU_016297,86.79125109258894
STU_016298,49.58659259528673
STU_016299,68.24959829015614
STU_016300,66.74224695704822
STU_016301,54.39542496245146
STU_016302,68.50748411217404
STU_016303,78.00519157417067
STU_016304,86.26382132957957
STU_016305,88.51263636996961
STU_016306,78.62310955243557
STU_016307,65.2187680623676
STU_016308,62.710829313354566
STU_016309,88.40727775988694
STU_016310,78.1939522607861
STU_016311,60.061323253424156
STU_016312,64.99523718899742
STU_016313,99.75295458500321
STU_016314,89.3365512167118
STU_016315,61.24482263553011
STU_016316,96.4770786880273
STU_016317,82.45381674805576
STU_016318,72.58104616301183
STU_016319,66.1546012649868
STU_016320,69.30261666908454
STU_016321,64.41371721864442
STU_016322,96.28419355158394
STU_016323,71.17454163274193
STU_016324,52.45350311830299
STU_016325,74.40835085770652
STU_016326,78.95691881871767
STU_016327,83.31468934468087
STU_016328,72.19737529612811
STU_016329,67.93384536507637
STU_016330,70.23215936354671
STU_016331,79.20110352234504
STU_016332,85.34210629553563
STU_016333,87.55808984100993
STU_016334,62.40864736337909
STU_016335,74.17167199965054
STU_016336,68.56825589100174
STU_016337,63.2577473053143
STU_016338,76.39188103718524
STU_016339,79.26742700300044
STU_016340,88.21785860864455
STU_016341,87.62007417004538
STU_016342,75.13770915601916
STU_016343,72.60417246688533
STU_016344,92.33345981094831
STU_016345,82.90810545407992
STU_016346,85.818831184559
STU_016347,51.3098551157688
STU_016348,64.37211194392589
STU_016349,87.83647877110374
STU_016350,60.99862445595912
STU_016351,72.51405965573193
STU_016352,79.18673664415962
STU_016353,72.70863501818724
STU_016354,50.96432582176655
STU_016355,74.71461463849752
STU_016356,70.24785150321455
STU_016357,62.32459323700582
STU_016358,76.1849626796089
STU_016359,89.54737572095345
STU_016360,78.1586707170492
STU_016361,72.34294624836491
STU_016362,75.76604356251232
STU_016363,72.52304287372831
STU_016364,70.59030445867207
STU_016365,77.62572850668283
STU_016366,70.92408516325116
STU_016367,79.96033428240561
STU_016368,56.5225561790423
STU_016369,74.50957088695823
STU_016370,43.1410356471358
STU_016371,61.16508449373556
STU_016372,92.25219441448195
STU_016373,83.37852991219482
STU_016374,72.58549451139466
STU_016375,78.00139900336895
STU_016376,92.38345319710263
STU_016377,56.94234755174288
STU_016378,84.67366211267746
STU_016379,58.538521379368376
STU_016380,85.5803368245179
STU_016381,59.84531373924506
STU_016382,76.81497394603099
STU_016383,54.61592393800531
STU_016384,92.66440625991788
STU_016385,93.51670249543719
STU_016386,73.05976371849175
STU_016387,72.15489466013022
STU_016388,59.151638949217244
STU_016389,77.90372343100104
STU_016390,79.8608296698541
STU_016391,99.57782714106553
STU_016392,83.31953446402822
STU_016393,77.09209500951933
STU_016394,95.03051177772028
STU_016395,60.52681076038931
STU_016396,92.28066765737933
STU_016397,66.079213447639
STU_016398,60.097125381916634
STU_016399,68.7379977974651
STU_016400,84.18101243244598
STU_016401,73.64309584253132
STU_016402,95.25746537545731
STU_016403,62.943125663290225
STU_016404,67.8057649924499
STU_016405,67.17949926801036
STU_016406,66.39439596320749
STU_016407,93.99201167858814
STU_016408,88.86062931658373
STU_016409,50.90907760055808
STU_016410,61.89554802623742
STU_016411,54.07096667886228
STU_016412,48.47975620465332
STU_016413,66.83618764236512
STU_016414,86.20675556857697
STU_016415,85.6401717422199
STU_016416,77.29589516901692
STU_016417,79.69394314295947
STU_016418,99.30426463818829
STU_016419,74.53704280126941
STU_016420,64.13343017068647
STU_016421,64.9431200026653
STU_016422,67.80229791097565
STU_016423,99.01181478348457
STU_016424,66.90716565224125
STU_016425,82.73435877582185
STU_016426,76.89574644661695
STU_016427,73.94950428716562
STU_016428,99.77900118906118
STU_016429,74.58231609966785
STU_016430,84.81266655997732
STU_016431,96.81889773912081
STU_016432,49.98665193336018
STU_016433,59.93161712244511
STU_016434,58.67893836187808
STU_016435,79.00753017896979
STU_016436,94.4257813483031
STU_016437,78.93589962519331
STU_016438,76.80346539882567
STU_016439,76.05785091931446
STU_016440,62.16464919873795
STU_016441,93.26544573963733
STU_016442,94.58938699523088
STU_016443,68.10099869065142
STU_016444,76.50440227882171
STU_016445,74.51083211210126
STU_016446,66.32411956374327
STU_016447,64.22543477260743
STU_016448,72.42626482768819
STU_016449,78.57025361902055
STU_016450,72.52818193594163
STU_016451,89.89702402392638
STU_016452,87.07540929355599
STU_016453,62.147239854945695
STU_016454,66.7902706949808
STU_016455,47.65338867734735
STU_016456,73.57129388408143
STU_016457,90.13070667854943
STU_016458,76.01254911567699
STU_016459,77.48062385922532
STU_016460,78.78475727524645
STU_016461,55.794629496930355
STU_016462,85.09707694020287
STU_016463,83.44376508948359
STU_016464,79.05092522768808
STU_016465,83.97992809749726
STU_016466,69.46391759909827
STU_016467,81.44495679519773
STU_016468,66.18564364846821
STU_016469,53.18813266023196
STU_016470,88.41487588017861
STU_016471,56.988235066714935
STU_016472,84.8548821770726
STU_016473,75.78760905195267
STU_016474,69.40753440954722
STU_016475,99.14165348269074
STU_016476,94.20488819739943
STU_016477,92.32234084532345
STU_016478,86.6228603126449
STU_016479,66.6904085605681
STU_016480,80.52227043885034
STU_016481,74.43441380349405
STU_016482,63.46995324081843
STU_016483,86.42483528917796
STU_016484,70.0311500269008
STU_016485,68.51696045079771
STU_016486,87.65253404700539
STU_016487,71.24039374781658
STU_016488,79.40086442369585
STU_016489,96.73112887805277
STU_016490,66.95506446869979
STU_016491,87.56629005367739
STU_016492,87.88496881031153
STU_016493,87.60461230170469
STU_016494,74.22178106904308
STU_016495,45.24592910352598
STU_016496,82.54188097577017
STU_016497,44.08118625643297
STU_016498,62.07506046813329
STU_016499,74.15663696917689
STU_016500,71.22653933594775
STU_016501,74.9645991061804
STU_016502,75.02450157838798
STU_016503,56.377371451630715
STU_016504,78.29454789627323
STU_016505,95.54009796708061
STU_016506,73.90399422456748
STU_016507,66.89877626562871
STU_016508,87.02812506496163
STU_016509,41.17924236344073
STU_016510,74.35953080377983
STU_016511,67.27644811113333
STU_016512,66.76534947517072
STU_016513,53.549005216987204
STU_016514,88.05728071863213
STU_016515,61.39510928720051
STU_016516,56.61249083147217
STU_016517,81.84383071854828
STU_016518,78.23529621590012
STU_016519,83.89031847586024
STU_016520,58.15751668891725
STU_016521,99.88690090179443
STU_016522,52.788078404342
STU_016523,70.73976671477426
STU_016524,68.88204797931442
STU_016525,42.90260394978699
STU_016526,99.94664001464844
STU_016527,55.64048150580955
STU_016528,66.9949241346767
STU_016529,72.35687046267485
STU_016530,82.33728028344443
STU_016531,97.4505451532064
STU_016532,99.43498260933339
STU_016533,76.24536477177652
STU_016534,87.38839552775406
STU_016535,63.435332050647986
STU_016536,84.95806804200595
STU_016537,81.50143578679666
STU_016538,66.46086268596517
STU_016539,68.24406222274114
STU_016540,79.09163956434686
STU_016541,99.8661536821761
STU_016542,56.711061058205544
STU_016543,62.25409989417438
STU_016544,90.43219409692543
STU_016545,92.52434953585302
STU_016546,65.2678837863248
STU_016547,99.95774698257446
STU_016548,94.05898185421789
STU_016549,83.0948114625161
STU_016550,65.16720798249499
STU_016551,80.65780575773061
STU_016552,88.59349176472237
STU_016553,69.62304319514428
STU_016554,89.9864309936321
STU_016555,71.04113023250964
STU_016556,78.29454835531371
STU_016557,71.26339319302917
STU_016558,75.8958964549179
STU_016559,84.71291049648599
STU_016560,62.8908804747833
STU_016561,82.16438967709556
STU_016562,76.5326103641085
STU_016563,76.01265484514911
STU_016564,70.2638567561636
STU_016565,77.71358629193972
STU_016566,87.06147807491402
STU_016567,71.52194419971728
STU_016568,70.27727572396459
STU_016569,58.74844979750599
STU_016570,66.61001331003958
STU_016571,89.61337354541868
STU_016572,57.182493080869314
STU_016573,55.5386187759034
STU_016574,97.38574131368657
STU_016575,62.90728555048682
STU_016576,82.54885394847338
STU_016577,89.00228155534978
STU_016578,85.53539247324314
STU_016579,86.26508323824378
STU_016580,86.34907291478319
STU_016581,98.26325946002459
STU_016582,64.03769017046157
STU_016583,85.29425015669453
STU_016584,97.80709696384847
STU_016585,86.63503736740483
STU_016586,78.3985865965112
STU_016587,73.88463020414525
STU_016588,69.66182734822348
STU_016589,68.19377727209186
STU_016590,74.64661885377535
STU_016591,60.539291828431985
STU_016592,80.48603206539124
STU_016593,84.89266992511364
STU_016594,40.78886336446483
STU_016595,76.27358326703927
STU_016596,88.34868793957354
STU_016597,52.6068043152401
STU_016598,83.22381019539742
STU_016599,45.24777433539512
STU_016600,48.35552186215834
STU_016601,79.69722348931985
STU_016602,55.50712937868075
STU_016603,53.189857160036865
STU_016604,88.6453140447274
STU_016605,92.38570781019467
STU_016606,69.40751760465503
STU_016607,41.69390859982004
STU_016608,86.33511732143998
STU_016609,77.82036382650074
STU_016610,85.72191834409989
STU_016611,57.34300674980091
STU_016612,94.96260942624843
STU_016613,81.71803401590037
STU_016614,66.79289673021303
STU_016615,93.47838198176333
STU_016616,88.10950845313727
STU_016617,92.77312391766573
STU_016618,72.05761928892193
STU_016619,88.54586083893044
STU_016620,55.38599100688855
STU_016621,80.62035377223543
STU_016622,77.09624381938168
STU_016623,76.77973741097641
STU_016624,97.27404916292377
STU_016625,80.05711537845193
STU_016626,57.27027112965341
STU_016627,99.58879956085234
STU_016628,87.1951943333172
STU_016629,51.99726694925228
STU_016630,70.98790273441608
STU_016631,64.91567015818862
STU_016632,63.60381209307354
STU_016633,79.24659408440867
STU_016634,64.5609709359827
STU_016635,93.41299783238989
STU_016636,83.74581607813572
STU_016637,66.97449412050108
STU_016638,68.50171103119885
STU_016639,64.34935625352685
STU_016640,99.92153804302215
STU_016641,84.26152232300642
STU_016642,57.770603301580245
STU_016643,70.35008253463066
STU_016644,78.9660334522822
STU_016645,85.95881297828637
STU_016646,84.5757023445241
STU_016647,67.60864579681302
STU_016648,77.95869218450518
STU_016649,87.99804844523187
STU_016650,89.88134469002152
STU_016651,83.74180914600427
STU_016652,86.97718337592687
STU_016653,79.31071070036352
STU_016654,93.97633764691882
STU_016655,71.62662206677238
STU_016656,77.95103831410854
STU_016657,79.87018285935972
STU_016658,90.08225687953859
STU_016659,76.41692320282338
STU_016660,90.80505459931211
STU_016661,73.22174016830013
STU_016662,70.32320485836331
STU_016663,89.10301110723535
STU_016664,67.47516708508653
STU_016665,78.32606209921299
STU_016666,66.32009296555334
STU_016667,69.9163680026099
STU_016668,94.02458877676388
STU_016669,71.96446068559004
STU_016670,86.61869410758948
STU_016671,97.88653262860922
STU_016672,84.26436028494759
STU_016673,65.04750406914306
STU_016674,78.13620016898012
STU_016675,77.0349029906432
STU_016676,99.78282949563132
STU_016677,91.72046268872089
STU_016678,90.62011149865081
STU_016679,88.89241070579786
STU_016680,60.80884359411291
STU_016681,96.727884173973
STU_016682,84.73366770660894
STU_016683,73.7611925199764
STU_016684,68.64197275021276
STU_016685,78.91611912592563
STU_016686,74.4890228569328
STU_016687,95.57470495542884
STU_016688,56.82494174187296
STU_016689,72.54414056964751
STU_016690,53.532695784718115
STU_016691,78.08667134393812
STU_016692,74.59101534217989
STU_016693,65.41657849494366
STU_016694,84.9819444845565
STU_016695,77.08031096373847
STU_016696,76.53275218520182
STU_016697,72.95784986335858
STU_016698,82.55621307649163
STU_016699,64.89812475847997
STU_016700,72.55290795113292
STU_016701,78.48514341448094
STU_016702,83.32344163243724
STU_016703,89.65854888436877
STU_016704,84.05440511927637
STU_016705,90.2905103497277
STU_016706,72.5477714026606
STU_016707,81.89165464964378
STU_016708,90.00139001079384
STU_016709,44.14003737036991
STU_016710,77.06042134068939
STU_016711,58.49784971896682
STU_016712,47.96262924569547
STU_016713,96.23200924538881
STU_016714,97.2871710943619
STU_016715,66.16885337388226
STU_016716,71.40093636051873
STU_016717,89.10175843534999
STU_016718,53.958967576255574
STU_016719,89.47921391791056
STU_016720,96.32252133231479
STU_016721,77.99483204480067
STU_016722,73.45987366092521
STU_016723,69.19121992371484
STU_016724,75.8156292166863
STU_016725,68.05185571006596
STU_016726,60.74236522591217
STU_016727,69.28299264341996
STU_016728,58.84116584270113
STU_016729,75.69279537095147
STU_016730,85.2849517761774
STU_016731,63.2354534402725
STU_016732,89.85515191973576
STU_016733,86.07050821682472
STU_016734,60.40744562659463
STU_016735,84.35886284352628
STU_016736,60.30219387354981
STU_016737,67.31691922502101
STU_016738,75.84822799450598
STU_016739,80.29505222703706
STU_016740,70.84554822347667
STU_016741,77.70920916623388
STU_016742,91.37250292429854
STU_016743,72.45435491351083
STU_016744,60.95318550897365
STU_016745,63.2253045101747
STU_016746,52.75297133412158
STU_016747,83.883369249952
STU_016748,77.05910142163681
STU_016749,53.96473972390858
STU_016750,89.7939420122689
STU_016751,88.24308594917204
STU_016752,63.05663709984965
STU_016753,75.09587742413161
STU_016754,99.94797706604004
STU_016755,75.87231803053231
STU_016756,76.27825977911147
STU_016757,81.17923443670125
STU_016758,52.9981032974604
STU_016759,98.85030911951361
STU_016760,71.41837401392053
STU_016761,77.90780331634922
STU_016762,71.51564834779312
STU_016763,79.86982676107658
STU_016764,66.07514483575187
STU_016765,87.24098985291528
STU_016766,90.92280397318214
STU_016767,81.77937865890736
STU_016768,88.80733904471296
STU_016769,45.93366780370501
STU_016770,56.11325040492483
STU_016771,67.16784629514784
STU_016772,92.31351620758554
STU_016773,69.97112411871029
STU_016774,82.8151475873332
STU_016775,70.87395751183054
STU_016776,94.48554185647875
STU_016777,48.839474659348454
STU_016778,76.89044498384924
STU_016779,74.62627398934936
STU_016780,86.54989404064352
STU_016781,50.64938917302682
STU_016782,83.42468017514753
STU_016783,67.64758979755005
STU_016784,95.21597679270575
STU_016785,91.82199055483073
STU_016786,68.70652501528457
STU_016787,68.8674182157028
STU_016788,90.29459184986138
STU_016789,75.49109427563306
STU_016790,82.44764869058648
STU_016791,69.92261514631524
STU_016792,74.13603050246229
STU_016793,80.57451896868301
STU_016794,72.34982104312243
STU_016795,72.63676745764242
STU_016796,87.22243627757811
STU_016797,67.12488552680983
STU_016798,73.55839202657874
STU_016799,90.70207621110569
STU_016800,64.76800624871707
STU_016801,60.669028010068914
STU_016802,64.75965391700893
STU_016803,92.64076795086255
STU_016804,93.48697328719976
STU_016805,56.520637072327396
STU_016806,81.3398473756987
STU_016807,78.43292448018921
STU_016808,86.20432975673222
STU_016809,86.9973099689953
STU_016810,47.403398522754216
STU_016811,79.02318903887883
STU_016812,69.27467041433894
STU_016813,78.17614431061916
STU_016814,89.16741250056938
STU_016815,68.82463481696871
STU_016816,73.0856090079119
STU_016817,99.55116319656372
STU_016818,51.83071936740529
STU_016819,87.10888424083703
STU_016820,79.8820185907847
STU_016821,78.50282099863249
STU_016822,75.89393057335651
STU_016823,99.94649410247803
STU_016824,79.52823907658116
STU_016825,82.58166755380724
STU_016826,70.6892332438
STU_016827,77.55370520976794
STU_016828,71.3283005311662
STU_016829,82.66126354337004
STU_016830,73.1205820227626
STU_016831,88.33740742424456
STU_016832,65.73718315167216
STU_016833,62.99292155125218
STU_016834,87.94251877216317
STU_016835,77.10271483897715
STU_016836,83.02974694891094
STU_016837,98.46616565132422
STU_016838,90.92767476099122
STU_016839,68.9627310581752
STU_016840,78.81410505906017
STU_016841,97.51209041900972
STU_016842,74.31188704366308
STU_016843,67.34038856440816
STU_016844,86.92682951654896
STU_016845,68.59042562386296
STU_016846,65.96844269022316
STU_016847,72.06071369381849
STU_016848,60.76990955742307
STU_016849,74.2783618835112
STU_016850,75.5618703443266
STU_016851,66.36863482321158
STU_016852,86.6277625714319
STU_016853,88.37720427231694
STU_016854,87.07356056426696
STU_016855,78.20001407032524
STU_016856,98.75022456963698
STU_016857,67.34533828915548
STU_016858,56.826626372685254
STU_016859,99.1658247671487
STU_016860,99.56293666967466
STU_016861,78.52703397955031
STU_016862,90.23435821290695
STU_016863,98.12826229023865
STU_016864,50.10677523580499
STU_016865,84.73172091050154
STU_016866,71.05615164186389
STU_016867,95.1153770642747
STU_016868,77.05299542251782
STU_016869,86.28514445282721
STU_016870,65.20074778714167
STU_016871,57.024755473065596
STU_016872,78.86998040287074
STU_016873,92.29204071201488
STU_016874,69.45306149028728
STU_016875,82.81329004878003
STU_016876,57.77746485535227
STU_016877,99.86934471130371
STU_016878,55.65789230595334
STU_016879,90.01377855654651
STU_016880,87.99411780018579
STU_016881,69.03898876702873
STU_016882,77.01592841968072
STU_016883,91.5887469539299
STU_016884,74.93035996459358
STU_016885,91.65876158466988
STU_016886,81.98076341512298
STU_016887,64.82015226492905
STU_016888,88.5941525106436
STU_016889,76.73777749255139
STU_016890,69.78816571303501
STU_016891,64.89231653639087
STU_016892,82.24466730669737
STU_016893,65.69804491447786
STU_016894,80.31578188005203
STU_016895,72.55119659283315
STU_016896,66.77333843571454
STU_016897,49.113840935730806
STU_016898,99.80926513671875
STU_016899,79.47003867617414
STU_016900,97.02648744452071
STU_016901,78.81588557815078
STU_016902,93.8202474254866
STU_016903,76.5940739216285
STU_016904,82.51354268647843
STU_016905,81.10001066641155
STU_016906,69.64163405410045
STU_016907,83.84414566158254
STU_016908,68.34163007972
STU_016909,85.26591379143869
STU_016910,68.73705308470318
STU_016911,73.57379222883674
STU_016912,69.64816014678641
STU_016913,58.30910448177994
STU_016914,89.2957802904231
STU_016915,91.03348562251875
STU_016916,77.17779903909693
STU_016917,85.54566301692716
STU_016918,46.63717266624792
STU_016919,69.58474469623668
STU_016920,68.16060996236695
STU_016921,75.24309786733676
STU_016922,71.64834123363623
STU_016923,89.67247882551703
STU_016924,54.841762571117684
STU_016925,78.37853986354519
STU_016926,78.9890879462225
STU_016927,59.28820599308115
STU_016928,83.1109951203943
STU_016929,67.43216656557324
STU_016930,97.31800929412606
STU_016931,47.234930110302955
STU_016932,87.24788347447563
STU_016933,86.77108393185489
STU_016934,65.33241053263762
STU_016935,74.98937457901988
STU_016936,64.18841497305374
STU_016937,69.89894087372264
STU_016938,89.60928820242015
STU_016939,94.4032056792725
STU_016940,93.087022367923
STU_016941,60.843829420359896
STU_016942,81.27926720100119
STU_016943,75.09806135892296
STU_016944,82.37610094812965
STU_016945,91.75659971017149
STU_016946,85.07871231232193
STU_016947,74.45946090746891
STU_016948,77.31694137246882
STU_016949,63.49691331639001
STU_016950,69.25766946826153
STU_016951,97.29460677037392
STU_016952,57.71173310552136
STU_016953,61.13390817288555
STU_016954,71.05664682488776
STU_016955,85.6030532707889
STU_016956,89.24453534661319
STU_016957,63.1334099732775
STU_016958,76.55735847848102
STU_016959,97.3997384655716
STU_016960,80.17509226993838
STU_016961,64.88171383043998
STU_016962,75.3000200706541
STU_016963,97.55548013573107
STU_016964,90.14106247674567
STU_016965,89.0581174808209
STU_016966,73.14601860854346
STU_016967,91.20666602397485
STU_016968,97.67662021867848
STU_016969,64.44605372735673
STU_016970,75.33954514111952
STU_016971,65.46899807352365
STU_016972,96.44687063524414
STU_016973,67.43962768284442
STU_016974,76.55981869011136
STU_016975,58.80998050700052
STU_016976,70.72866311602269
STU_016977,90.74958791242045
STU_016978,68.80554410205053
STU_016979,59.471785490941
STU_016980,83.64941162644216
STU_016981,59.38121884938635
STU_016982,75.12922159802093
STU_016983,60.84095123297823
STU_016984,66.00430752868101
STU_016985,99.84271400278612
STU_016986,86.76762307904099
STU_016987,82.91131050141942
STU_016988,73.74535473803658
STU_016989,89.27829152031177
STU_016990,73.9606689525298
STU_016991,64.16864108602871
STU_016992,82.28591798690819
STU_016993,74.98662234626262
STU_016994,62.4127543402502
STU_016995,67.12287125368164
STU_016996,93.92298282295893
STU_016997,80.06584734666859
STU_016998,92.36275062748325
STU_016999,98.7871201504073
STU_017000,86.84347641713941
STU_017001,88.69703044198513
STU_017002,95.52140538115583
STU_017003,96.94127603517293
STU_017004,67.10568339025454
STU_017005,86.60265508380186
STU_017006,87.87116824992484
STU_017007,78.23439788533152
STU_017008,79.56023424271102
STU_017009,85.6797265788108
STU_017010,73.80474254743659
STU_017011,49.50636201473173
STU_017012,56.966850367931386
STU_017013,99.79376602172852
STU_017014,79.37255281635271
STU_017015,80.81068543384616
STU_017016,91.31502423158238
STU_017017,66.05691923747395
STU_017018,76.28726785387528
STU_017019,54.75571270665619
STU_017020,71.12969398199533
STU_017021,80.01583721646165
STU_017022,70.75415800249002
STU_017023,62.48383122109738
STU_017024,61.60535238974407
STU_017025,65.0770941642451
STU_017026,77.6221095228781
STU_017027,80.1655221571064
STU_017028,72.72887550947272
STU_017029,89.37890438378517
STU_017030,88.1198005005142
STU_017031,56.988104947713495
STU_017032,94.03212787284085
STU_017033,88.93470352716686
STU_017034,73.81865390295357
STU_017035,71.3907366048815
STU_017036,89.2029181755547
STU_017037,95.56248120381261
STU_017038,97.46435544328415
STU_017039,88.31582496675757
STU_017040,98.30452823014923
STU_017041,60.799952105297535
STU_017042,88.67117212302738
STU_017043,73.98945169689249
STU_017044,96.14791809228964
STU_017045,85.45387368551602
STU_017046,81.94771739609686
STU_017047,97.82383491319112
STU_017048,67.38149543008174
STU_017049,85.3241882789218
STU_017050,64.7539334390876
STU_017051,77.77375369528913
STU_017052,97.16234094968837
STU_017053,78.82935290830616
STU_017054,90.21193147593445
STU_017055,81.75607103770483
STU_017056,79.4458741887984
STU_017057,95.46687154499081
STU_017058,79.09043929338523
STU_017059,60.206350136667055
STU_017060,65.19736947867739
STU_017061,95.81937444388478
STU_017062,60.33004378488583
STU_017063,75.16288120553574
STU_017064,64.97039107864259
STU_017065,94.17101673412597
STU_017066,60.442059889918475
STU_017067,96.23719533131305
STU_017068,67.68790237682
STU_017069,77.65997592660388
STU_017070,80.70361359799648
STU_017071,78.75590624546173
STU_017072,76.36882419068516
STU_017073,92.6307903621833
STU_017074,86.61132123445799
STU_017075,92.07771810826294
STU_017076,56.89885212488105
STU_017077,90.19464442384562
STU_017078,64.92164518143757
STU_017079,60.42885204581669
STU_017080,53.19101559845626
STU_017081,73.47087054575067
STU_017082,86.01599199538636
STU_017083,67.24235780071827
STU_017084,48.59195161201548
STU_017085,67.58838357727988
STU_017086,88.08413430238573
STU_017087,69.47436193025193
STU_017088,92.67820413497392
STU_017089,62.86363908255325
STU_017090,84.62826111143846
STU_017091,65.54799403721552
STU_017092,89.75765142298495
STU_017093,51.506771767408054
STU_017094,81.72659886992729
STU_017095,53.277523782844106
STU_017096,62.447706466958486
STU_017097,63.70138900113486
STU_017098,43.46246390477016
STU_017099,74.42973583949833
STU_017100,85.86721364832093
STU_017101,80.00340294872933
STU_017102,76.49910361792837
STU_017103,79.01792222205982
STU_017104,83.92547210356247
STU_017105,67.29639847154351
STU_017106,60.95173470649068
STU_017107,45.055924757408945
STU_017108,82.66748063871552
STU_017109,68.35992790407741
STU_017110,68.72644325511394
STU_017111,85.81009721380707
STU_017112,85.9434468647797
STU_017113,58.080373333509485
STU_017114,77.3604284504146
STU_017115,78.23213306997083
STU_017116,99.82260768756836
STU_017117,48.99636278318964
STU_017118,85.34357454558048
STU_017119,83.01652468109032
STU_017120,86.21356563282384
STU_017121,71.3144624091598
STU_017122,99.82004710698291
STU_017123,61.52873689723994
STU_017124,71.81472429461894
STU_017125,71.85243593730408
STU_017126,79.03882070757578
STU_017127,56.9086211946468
STU_017128,69.99984185252956
STU_017129,62.737628142616636
STU_017130,74.6758907441928
STU_017131,70.81346081696991
STU_017132,74.70057325093617
STU_017133,78.89296599846186
STU_017134,98.2618314132319
STU_017135,57.8276731424216
STU_017136,80.96886388975022
STU_017137,60.78960730110925
STU_017138,78.33373916640596
STU_017139,92.89293291251056
STU_017140,77.53838083428361
STU_017141,89.10060298436926
STU_017142,93.29519459758409
STU_017143,50.621339517082696
STU_017144,89.69901559416692
STU_017145,89.68547468516404
STU_017146,94.14056876087776
STU_017147,98.77924020068559
STU_017148,72.88033879797011
STU_017149,64.50973993975312
STU_017150,57.0728831339135
STU_017151,79.74052172638012
STU_017152,77.36426762510337
STU_017153,84.62453804794279
STU_017154,78.79257291120933
STU_017155,55.21039550862485
STU_017156,59.59232007966641
STU_017157,72.01242488910185
STU_017158,90.88931271939214
STU_017159,62.413387760333805
STU_017160,52.42750518869239
STU_017161,81.78598089545335
STU_017162,73.09251696603128
STU_017163,76.68933217759023
STU_017164,91.45636780849449
STU_017165,65.28967650351714
STU_017166,72.00241630252518
STU_017167,65.94413350600419
STU_017168,76.47278411400103
STU_017169,91.24229774804124
STU_017170,85.90834285811103
STU_017171,95.43824362287192
STU_017172,72.26016719604519
STU_017173,54.07572458123066
STU_017174,56.6035392394478
STU_017175,99.70797824859619
STU_017176,83.61411029378732
STU_017177,72.6063400144541
STU_017178,86.3207803562525
STU_017179,87.2277899672518
STU_017180,74.56527903436185
STU_017181,84.1423262740795
STU_017182,64.98330520520679
STU_017183,97.34572212603172
STU_017184,85.21048443590878
STU_017185,95.32719408951891
STU_017186,63.53070693734004
STU_017187,88.15561387087344
STU_017188,77.86407310151536
STU_017189,56.37070269588472
STU_017190,90.91481116460258
STU_017191,69.56446286790221
STU_017192,64.35572935513544
STU_017193,55.82448330496548
STU_017194,88.24719977471172
STU_017195,69.69083158569336
STU_017196,80.86098699336041
STU_017197,80.24481458373745
STU_017198,69.86181918210329
STU_017199,73.77339239991724
STU_017200,60.12253411163344
STU_017201,70.72342708131725
STU_017202,87.02658682326033
STU_017203,72.08304383975798
STU_017204,63.5368767081098
STU_017205,89.93636243173361
STU_017206,76.76295499472903
STU_017207,98.4568866703447
STU_017208,62.11650793879147
STU_017209,59.95354759714931
STU_017210,33.21709160931603
STU_017211,83.43386463369917
STU_017212,95.2544166419009
STU_017213,88.45361490428219
STU_017214,83.40030344758233
STU_017215,62.187173738850895
STU_017216,58.81030939286596
STU_017217,99.9461727142334
STU_017218,70.71811955713108
STU_017219,96.37793565394713
STU_017220,78.07299757700653
STU_017221,69.22591082338036
STU_017222,69.05104436160937
STU_017223,70.90832326590738
STU_017224,86.76069812983052
STU_017225,90.86244419994996
STU_017226,75.8707306938154
STU_017227,69.15874672639254
STU_017228,83.7089884607185
STU_017229,65.48615097393646
STU_017230,92.9969873640623
STU_017231,67.2624492092445
STU_017232,66.2262425797766
STU_017233,72.0498670592064
STU_017234,87.7076054982397
STU_017235,78.82825328610019
STU_017236,57.88232154177135
STU_017237,93.99752793196052
STU_017238,78.47373693837989
STU_017239,52.88148998234952
STU_017240,93.05685709683351
STU_017241,70.03490546554988
STU_017242,44.88737203459816
STU_017243,85.09976472366287
STU_017244,75.91037793579315
STU_017245,87.04158040963314
STU_017246,84.42966733157449
STU_017247,55.02369385428505
STU_017248,65.04278367468832
STU_017249,61.36558346127632
STU_017250,56.72498507260762
STU_017251,89.09075240491761
STU_017252,60.82655938966862
STU_017253,86.60038480382322
STU_017254,46.767439200645846
STU_017255,52.98828550826627
STU_017256,48.72299046075755
STU_017257,80.80684313974862
STU_017258,75.70779868659709
STU_017259,68.61873183308899
STU_017260,67.6965542248322
STU_017261,55.76980110233371
STU_017262,69.81279540926613
STU_017263,77.83714257290178
STU_017264,64.72911602532406
STU_017265,89.48772085843417
STU_017266,51.900289858802125
STU_017267,67.50388747704378
STU_017268,69.08666873286529
STU_017269,66.29537995464958
STU_017270,78.6017073155941
STU_017271,76.37585989341596
STU_017272,57.59446147383137
STU_017273,86.91363845239792
STU_017274,87.98250519479232
STU_017275,68.48934918712013
STU_017276,55.49982977321303
STU_017277,79.35953367169236
STU_017278,91.71897122553182
STU_017279,74.07363741388225
STU_017280,82.3876791676744
STU_017281,68.31848732388187
STU_017282,74.87604767898277
STU_017283,81.69571792552134
STU_017284,85.31992761531448
STU_017285,85.44460785553682
STU_017286,69.85992741200191
STU_017287,63.43864695004494
STU_017288,59.47047358763517
STU_017289,75.39153161183002
STU_017290,91.15855352402914
STU_017291,83.94803911013825
STU_017292,62.48853916879965
STU_017293,69.952244212039
STU_017294,64.93378514730719
STU_017295,70.26639280560809
STU_017296,72.22136396904892
STU_017297,95.6456323023256
STU_017298,64.37540652722852
STU_017299,69.60895340809084
STU_017300,54.667112393912916
STU_017301,58.09092013398816
STU_017302,75.4251778985558
STU_017303,93.142728420931
STU_017304,87.74943225592148
STU_017305,78.75514156784402
STU_017306,84.2191167747794
STU_017307,99.75682069533954
STU_017308,94.13773902323283
STU_017309,89.66204589321971
STU_017310,60.829626966218285
STU_017311,75.29828501140528
STU_017312,70.59344006552102
STU_017313,89.7671154727781
STU_017314,78.58617622973529
STU_017315,83.7263157098397
STU_017316,73.82612072553286
STU_017317,81.56540129468212
STU_017318,37.796473279090065
STU_017319,66.01571314840604
STU_017320,89.60785087248183
STU_017321,83.51421158603887
STU_017322,74.53071359100977
STU_017323,79.65886797210393
STU_017324,90.02845083722013
STU_017325,83.47901545551781
STU_017326,72.33656018468034
STU_017327,87.80825044509146
STU_017328,79.44928916240768
STU_017329,37.14536411820124
STU_017330,91.50442593690659
STU_017331,77.73631142941292
STU_017332,68.13937012219705
STU_017333,67.38838656709302
STU_017334,82.15815582973909
STU_017335,83.5463963481443
STU_017336,62.60812833967099
STU_017337,78.36879383013186
STU_017338,80.51309273015376
STU_017339,97.4719743519241
STU_017340,78.89212436398378
STU_017341,88.35118354272589
STU_017342,64.22333885748752
STU_017343,82.78347644576479
STU_017344,62.532662385925946
STU_017345,68.34497826498394
STU_017346,60.97337988876056
STU_017347,92.93739685179025
STU_017348,74.5190824185109
STU_017349,81.04833765494847
STU_017350,54.5725766944103
STU_017351,60.212601575399475
STU_017352,56.11665989391348
STU_017353,59.29727252848534
STU_017354,85.51471852947356
STU_017355,58.4026291282904
STU_017356,69.24693240227627
STU_017357,57.17265690229962
STU_017358,64.00638992409633
STU_017359,87.45967461030901
STU_017360,98.93890709633777
STU_017361,97.93632838215271
STU_017362,65.04453143782098
STU_017363,87.23551992573866
STU_017364,88.90595136657262
STU_017365,85.56337547961809
STU_017366,90.04929603011456
STU_017367,99.92090892791748
STU_017368,62.55368167048085
STU_017369,55.43223469150638
STU_017370,81.43693036593055
STU_017371,85.28717605934548
STU_017372,87.8259754091742
STU_017373,63.242615686493025
STU_017374,49.25964057535581
STU_017375,85.02676825632548
STU_017376,74.71890772496559
STU_017377,68.79349979802538
STU_017378,82.21074466661119
STU_017379,64.22919150364415
STU_017380,61.785172878952594
STU_017381,57.67716761946978
STU_017382,84.07540993711316
STU_017383,80.21367491713755
STU_017384,68.80119475944974
STU_017385,70.87906660902652
STU_017386,73.35682832314652
STU_017387,82.52554388747392
STU_017388,67.01830925404383
STU_017389,82.7378761063957
STU_017390,74.18613917163128
STU_017391,77.20397458985786
STU_017392,66.4674160804666
STU_017393,63.84693698189584
STU_017394,71.25191671951414
STU_017395,57.74213237782787
STU_017396,80.72758292073225
STU_017397,76.01343814874886
STU_017398,82.28408841018665
STU_017399,88.84058769097305
STU_017400,42.17337489693858
STU_017401,43.1287295677123
STU_017402,94.24841395094043
STU_017403,61.420029131416825
STU_017404,77.6526340720195
STU_017405,60.32114334304056
STU_017406,64.98786743655457
STU_017407,65.10733527256953
STU_017408,81.14377285836511
STU_017409,78.90584428140416
STU_017410,76.57660843930695
STU_017411,62.07047190949744
STU_017412,79.97801566367262
STU_017413,81.23266561815133
STU_017414,81.57575785176036
STU_017415,52.920702036333196
STU_017416,63.775072024246455
STU_017417,77.9039443246161
STU_017418,89.9339323144655
STU_017419,68.09317959644189
STU_017420,81.13609750417275
STU_017421,81.28476024180617
STU_017422,80.38809743766431
STU_017423,73.12285244125155
STU_017424,55.505161647332365
STU_017425,76.51292608308933
STU_017426,66.66360845280114
STU_017427,77.77121042683694
STU_017428,72.1786539805021
STU_017429,59.24252256385056
STU_017430,99.17206499588461
STU_017431,68.82822670456675
STU_017432,96.69492161454485
STU_017433,85.72463735477882
STU_017434,72.12635386905245
STU_017435,80.38455848372374
STU_017436,70.2087048680889
STU_017437,81.99008224456166
STU_017438,99.66787969609834
STU_017439,59.193740537722846
STU_017440,88.46525835736001
STU_017441,49.36576903242105
STU_017442,78.15295735006364
STU_017443,86.52485794272599
STU_017444,77.4471883797944
STU_017445,94.81645507519582
STU_017446,87.78138562345276
STU_017447,65.36372670929326
STU_017448,77.6642626004363
STU_017449,86.27040911479111
STU_017450,84.06543472775073
STU_017451,70.48639794763821
STU_017452,78.73332864354568
STU_017453,91.5734192435132
STU_017454,55.1769337179435
STU_017455,90.05776170230834
STU_017456,78.51089510878165
STU_017457,67.11399983504046
STU_017458,62.67269676327526
STU_017459,80.43420936049789
STU_017460,67.91596196111499
STU_017461,88.17848969344118
STU_017462,79.04271439634157
STU_017463,92.90573728279163
STU_017464,74.90799094756522
STU_017465,83.82085811025772
STU_017466,73.38432627439428
STU_017467,53.21255543718593
STU_017468,83.88156430388464
STU_017469,94.86936007124378
STU_017470,88.41357561098658
STU_017471,87.17241826982504
STU_017472,68.60426718546059
STU_017473,97.64424152876853
STU_017474,32.628201342517045
STU_017475,59.799415095357006
STU_017476,69.186858013002
STU_017477,61.96749605295355
STU_017478,52.785983475119124
STU_017479,78.66509154057168
STU_017480,98.68089687859718
STU_017481,91.7579531286944
STU_017482,82.39307433322412
STU_017483,87.99845615945196
STU_017484,85.30181114255437
STU_017485,90.30171977441019
STU_017486,72.38778838609767
STU_017487,89.45402006209255
STU_017488,54.76273970447575
STU_017489,59.01788208904546
STU_017490,94.44976710238615
STU_017491,70.27776750434165
STU_017492,57.077983099677425
STU_017493,76.94112796488656
STU_017494,75.03133514483844
STU_017495,51.3418114040505
STU_017496,80.4442356852345
STU_017497,90.57552944064474
STU_017498,58.5560888405289
STU_017499,86.38741079464052
STU_017500,86.3869126572159
STU_017501,76.45883088064495
STU_017502,87.71373539513284
STU_017503,71.50561287855662
STU_017504,82.92423093696709
STU_017505,80.8996675507039
STU_017506,78.4418035048459
STU_017507,53.53573237546178
STU_017508,64.22909488224153
STU_017509,84.4484398000756
STU_017510,97.46241906823663
STU_017511,74.24855894091371
STU_017512,70.44582902241487
STU_017513,77.35331035146203
STU_017514,73.38048997732906
STU_017515,79.14611857453983
STU_017516,97.19311592217045
STU_017517,83.46462257449849
STU_017518,84.47579463590779
STU_017519,86.22785693824511
STU_017520,99.37089137845773
STU_017521,59.27970780520874
STU_017522,77.17917623064162
STU_017523,79.17044090844931
STU_017524,58.356149418180806
STU_017525,68.97941202888285
STU_017526,78.68730021502581
STU_017527,78.73489578342279
STU_017528,71.76182851852441
STU_017529,99.5741689828202
STU_017530,82.8210514566555
STU_017531,94.62091630409502
STU_017532,60.29050890020011
STU_017533,62.55893515122142
STU_017534,55.39681336675637
STU_017535,74.8588688719773
STU_017536,86.52602844009351
STU_017537,96.46776304985934
STU_017538,94.65661889601537
STU_017539,73.28320379247025
STU_017540,95.89227128024501
STU_017541,49.648496463918356
STU_017542,72.86876434844702
STU_017543,81.06272547730231
STU_017544,96.2182060215276
STU_017545,67.83828651800849
STU_017546,68.44831819736105
STU_017547,95.09917372037536
STU_017548,79.63566550644202
STU_017549,99.49879214080997
STU_017550,76.27134596192262
STU_017551,96.67126198647114
STU_017552,48.433777269268354
STU_017553,84.32354803301115
STU_017554,55.590283674131456
STU_017555,68.83898003263306
STU_017556,67.14025737217325
STU_017557,50.75248738478011
STU_017558,50.82858998045002
STU_017559,85.12860323766478
STU_017560,71.35377578624414
STU_017561,96.84544081436087
STU_017562,58.95358434481455
STU_017563,65.50550387701902
STU_017564,70.87953841938443
STU_017565,70.64160962745385
STU_017566,84.82935859921812
STU_017567,64.31156421882024
STU_017568,69.39875043309345
STU_017569,71.42079341637594
STU_017570,99.82724997600988
STU_017571,92.75616030384367
STU_017572,80.65016983117576
STU_017573,72.88269292641333
STU_017574,84.13445137093315
STU_017575,91.3918450229809
STU_017576,92.51210525496418
STU_017577,62.95653597615858
STU_017578,78.54533336629245
STU_017579,76.52405986080117
STU_017580,77.40031083997425
STU_017581,74.76469970655015
STU_017582,75.9474163047278
STU_017583,92.70017846592836
STU_017584,59.93874690907347
STU_017585,49.918629414643604
STU_017586,82.09523780298748
STU_017587,62.00891471788857
STU_017588,67.73566294705702
STU_017589,95.01067422882304
STU_017590,74.10394977313803
STU_017591,89.26888547310787
STU_017592,65.10207775473974
STU_017593,59.02730410586882
STU_017594,55.45957033953275
STU_017595,93.95564385112789
STU_017596,73.43020444915638
STU_017597,93.61281298605523
STU_017598,41.85930867229227
STU_017599,64.64756207691762
STU_017600,78.95681261160836
STU_017601,67.80326494461718
STU_017602,66.17619171010304
STU_017603,90.11600193821948
STU_017604,82.87218034471596
STU_017605,68.80998537748548
STU_017606,93.40559663210217
STU_017607,77.27089401956188
STU_017608,94.23675654211677
STU_017609,76.97267093576374
STU_017610,74.5787897907392
STU_017611,74.25989394507931
STU_017612,97.3421283125843
STU_017613,80.38319025550135
STU_017614,90.29552838241057
STU_017615,66.4334860497047
STU_017616,87.91470961721521
STU_017617,90.49598821531987
STU_017618,42.95360921672024
STU_017619,64.19852550727474
STU_017620,75.64784619648458
STU_017621,82.06714513009992
STU_017622,98.10334145205115
STU_017623,55.741834693097665
STU_017624,69.25116116144284
STU_017625,67.9604415164583
STU_017626,52.393562916087106
STU_017627,56.80936339548267
STU_017628,75.22964106358316
STU_017629,71.67564497258866
STU_017630,59.760417780087266
STU_017631,51.54873701507273
STU_017632,79.34789952498559
STU_017633,72.65343335960603
STU_017634,80.81003565031946
STU_017635,78.52690844605118
STU_017636,70.280793886017
STU_017637,92.39772614394748
STU_017638,63.527218394041256
STU_017639,86.40435088872451
STU_017640,97.17567297377252
STU_017641,99.53910126670036
STU_017642,56.48196164711522
STU_017643,61.66541991002843
STU_017644,77.30325474171349
STU_017645,79.17547689811832
STU_017646,72.04782978180147
STU_017647,58.24194659893546
STU_017648,88.14570010523875
STU_017649,96.27272617964735
STU_017650,96.73251230399536
STU_017651,66.31384151575887
STU_017652,73.36499678885338
STU_017653,99.65287637710571
STU_017654,75.35209537325653
STU_017655,83.63165637946459
STU_017656,85.87232566391093
STU_017657,48.16543240509726
STU_017658,69.20045355825525
STU_017659,99.93286323547363
STU_017660,77.862981519554
STU_017661,78.00033476477124
STU_017662,65.2894266592773
STU_017663,77.0412758484675
STU_017664,79.75343752425952
STU_017665,71.44763935169034
STU_017666,75.93780212101036
STU_017667,72.61407321661653
STU_017668,75.49791619084874
STU_017669,72.03605267547971
STU_017670,46.06688310631799
STU_017671,69.27488804540518
STU_017672,56.46087782086908
STU_017673,72.56434399028662
STU_017674,71.28982033526509
STU_017675,69.0792887558858
STU_017676,69.87872687298776
STU_017677,79.97479750831089
STU_017678,80.80115892296229
STU_017679,90.44057842566332
STU_017680,63.00655506934727
STU_017681,83.8794622429958
STU_017682,69.67308606333225
STU_017683,75.9671583818473
STU_017684,85.40135715654986
STU_017685,70.69955292610913
STU_017686,61.94178133807599
STU_017687,71.4619650252307
STU_017688,71.84384940257621
STU_017689,89.09285630783125
STU_017690,66.14700137694265
STU_017691,71.93436143811805
STU_017692,73.01973315105295
STU_017693,67.10490751245646
STU_017694,79.13139360440955
STU_017695,96.71452401744759
STU_017696,86.12480524943793
STU_017697,40.32017117169954
STU_017698,50.26969543841605
STU_017699,96.3183350894929
STU_017700,50.60795398302696
STU_017701,53.7141534852594
STU_017702,86.36930326345265
STU_017703,80.35990038124268
STU_017704,63.32969041728947
STU_017705,57.932376684398044
STU_017706,79.61735834794503
STU_017707,50.30810488064829
STU_017708,96.83063138998895
STU_017709,88.52009260579027
STU_017710,83.24381355456381
STU_017711,99.95160002708435
STU_017712,70.12415762783735
STU_017713,68.93979595472526
STU_017714,84.60565575912051
STU_017715,69.78666138164937
STU_017716,56.230099160950274
STU_017717,73.463983521848
STU_017718,94.71147268604165
STU_017719,70.1873052533335
STU_017720,73.00187232885227
STU_017721,78.53385691711323
STU_017722,99.9491195678711
STU_017723,71.79423099337451
STU_017724,74.73686393947119
STU_017725,92.20327173320919
STU_017726,93.1076554327914
STU_017727,81.43927899974942
STU_017728,84.12683935151082
STU_017729,67.72815767062411
STU_017730,58.21955695174446
STU_017731,54.706584411233216
STU_017732,80.4336344200452
STU_017733,62.719604039043375
STU_017734,69.08535963166364
STU_017735,61.72794554521527
STU_017736,71.82239495238176
STU_017737,61.81801412662836
STU_017738,94.01873907548347
STU_017739,86.36210813157712
STU_017740,77.1666901183164
STU_017741,86.91694964622941
STU_017742,84.15440425567527
STU_017743,86.59245690146292
STU_017744,85.14471087058956
STU_017745,86.44286544945203
STU_017746,83.34943771901351
STU_017747,68.13313579061841
STU_017748,66.58704413514886
STU_017749,63.444726473362515
STU_017750,83.61496789177934
STU_017751,81.20263286805881
STU_017752,79.50905125040119
STU_017753,97.83294189394826
STU_017754,90.81543277445013
STU_017755,87.69665120775491
STU_017756,82.51743124051747
STU_017757,49.41761453374163
STU_017758,63.051675144661864
STU_017759,79.13730925302401
STU_017760,95.83142665050622
STU_017761,63.44538944587316
STU_017762,99.95075607299805
STU_017763,94.32481212920709
STU_017764,49.839329726460235
STU_017765,91.69026983696824
STU_017766,78.05929730451979
STU_017767,60.7133434544001
STU_017768,61.76126806213603
STU_017769,89.20179768579376
STU_017770,77.01415764583896
STU_017771,55.18179537311526
STU_017772,71.13217582091205
STU_017773,58.00145433953349
STU_017774,99.89424705505371
STU_017775,79.38154141486166
STU_017776,89.19029706703915
STU_017777,80.51195931950683
STU_017778,82.31543151939941
STU_017779,52.02410864932976
STU_017780,69.79034273184033
STU_017781,80.66393587689836
STU_017782,75.0989775601716
STU_017783,67.06900430018332
STU_017784,77.29977269737326
STU_017785,90.20033412275515
STU_017786,75.80392152085865
STU_017787,84.69343748696454
STU_017788,75.76451153178009
STU_017789,86.45008160007325
STU_017790,55.9418798360884
STU_017791,92.3611816800335
STU_017792,66.71957783858426
STU_017793,69.67936392560905
STU_017794,64.86228411412611
STU_017795,70.23223417475512
STU_017796,80.56095687753479
STU_017797,89.08748475148914
STU_017798,94.80848055891343
STU_017799,99.96306037902832
STU_017800,87.92948637604091
STU_017801,73.73143900186872
STU_017802,96.32838419862841
STU_017803,65.54866815671673
STU_017804,77.98277330051772
STU_017805,71.95725052317458
STU_017806,66.35663138653553
STU_017807,95.92164294322131
STU_017808,65.86924154605535
STU_017809,89.1483821898846
STU_017810,99.83290004730225
STU_017811,71.83020533131574
STU_017812,81.56385777927798
STU_017813,81.38739631387033
STU_017814,64.83670902700806
STU_017815,63.65224408195583
STU_017816,58.12426020566831
STU_017817,52.74112505771162
STU_017818,92.3409970632969
STU_017819,88.74407196897944
STU_017820,85.07833145368784
STU_017821,72.63201206744093
STU_017822,91.2568551501456
STU_017823,95.46902510481877
STU_017824,54.00990960781482
STU_017825,76.65368878539378
STU_017826,82.34056829407399
STU_017827,87.68525350385599
STU_017828,57.227846565098034
STU_017829,64.85578462592953
STU_017830,65.09737216730403
STU_017831,88.89871388862356
STU_017832,85.89397759638462
STU_017833,56.0261209929269
STU_017834,79.20837066089598
STU_017835,67.37586625553061
STU_017836,79.82855464842629
STU_017837,67.39536679922028
STU_017838,65.5831270471285
STU_017839,94.9248443259398
STU_017840,71.13285211157552
STU_017841,95.8103100584116
STU_017842,79.70989315685573
STU_017843,84.44020147979023
STU_017844,63.56410767659217
STU_017845,96.8326306584615
STU_017846,92.54634434132674
STU_017847,46.829911819965076
STU_017848,62.73989346325247
STU_017849,55.1351132950601
STU_017850,68.7648171397185
STU_017851,60.43071255624304
STU_017852,88.18506358575652
STU_017853,74.99347441801059
STU_017854,98.51879096581283
STU_017855,47.447172234186205
STU_017856,81.50322831102523
STU_017857,82.44106709110764
STU_017858,77.49845065502211
STU_017859,65.31296536852555
STU_017860,81.34093536510778
STU_017861,85.08128631366921
STU_017862,67.73683459078777
STU_017863,89.30776355786209
STU_017864,78.79885564406636
STU_017865,69.77393645782819
STU_017866,79.65208162776769
STU_017867,63.82288588372497
STU_017868,97.89887584720549
STU_017869,62.407885651565834
STU_017870,81.83019876398765
STU_017871,97.65015655687799
STU_017872,70.75221139748031
STU_017873,95.30053257488086
STU_017874,79.66105385174836
STU_017875,72.23063140167218
STU_017876,68.03246015865909
STU_017877,49.233607559006856
STU_017878,93.12176544502253
STU_017879,53.480159643820244
STU_017880,94.12513143292354
STU_017881,71.94373830996794
STU_017882,73.10269369384883
STU_017883,93.56525695521265
STU_017884,61.91934691738672
STU_017885,67.22800992778663
STU_017886,79.20094906420216
STU_017887,53.70171469024577
STU_017888,63.572848824948935
STU_017889,99.93580293655396
STU_017890,99.88909549380274
STU_017891,77.87109975423103
STU_017892,52.281850961501604
STU_017893,83.34360589849845
STU_017894,61.285675941792576
STU_017895,69.37485795474674
STU_017896,77.39771272768667
STU_017897,60.22736873829339
STU_017898,85.81247013850009
STU_017899,81.59194572827886
STU_017900,70.30849579469724
STU_017901,90.91419792828007
STU_017902,66.84518824055178
STU_017903,70.62327375584742
STU_017904,80.08484678555268
STU_017905,77.34445617316904
STU_017906,71.73886693368199
STU_017907,76.54116137282793
STU_017908,68.76972750293852
STU_017909,70.41347682628844
STU_017910,72.03371978144025
STU_017911,59.007940831862506
STU_017912,94.67215623373397
STU_017913,90.76192845785731
STU_017914,67.01446733214668
STU_017915,71.07026338689722
STU_017916,77.70900304307929
STU_017917,81.89592352573139
STU_017918,81.50013879232925
STU_017919,90.67534055132292
STU_017920,80.10970533057119
STU_017921,82.74069559319472
STU_017922,76.72913756366046
STU_017923,67.07763830157293
STU_017924,74.33020233416383
STU_017925,70.52222641681368
STU_017926,74.8096042084039
STU_017927,99.795758179943
STU_017928,86.30577896004374
STU_017929,86.99852299190763
STU_017930,78.19487161912949
STU_017931,60.829314348906614
STU_017932,98.69566490857332
STU_017933,98.10073649172357
STU_017934,91.3881443051566
STU_017935,81.44447092375441
STU_017936,54.93791584010974
STU_017937,83.52791901568753
STU_017938,64.05569832536946
STU_017939,89.80772353811939
STU_017940,75.65647704762148
STU_017941,69.27444898406657
STU_017942,71.17613485617588
STU_017943,52.73701223195751
STU_017944,63.937632547147395
STU_017945,88.46253674466368
STU_017946,61.160005292808464
STU_017947,59.79823363832225
STU_017948,77.64019209656232
STU_017949,55.15746393097411
STU_017950,53.8393436683964
STU_017951,65.3429129729607
STU_017952,93.75467093525847
STU_017953,72.22645484371328
STU_017954,99.6233470138865
STU_017955,66.26262798739982
STU_017956,70.84279874300536
STU_017957,66.54343522330066
STU_017958,46.989044732657945
STU_017959,86.61928058288662
STU_017960,82.02715808309927
STU_017961,91.30293656008823
STU_017962,58.65457838418257
STU_017963,61.918926599169865
STU_017964,47.643509866054245
STU_017965,97.32367883997318
STU_017966,75.03127904265155
STU_017967,77.51151391508684
STU_017968,98.11349966604982
STU_017969,76.231000071011
STU_017970,50.21710574507723
STU_017971,57.19459274483181
STU_017972,70.21060059652108
STU_017973,66.34627678611415
STU_017974,82.63510116492431
STU_017975,63.454631191071556
STU_017976,69.43390322599863
STU_017977,91.656500883174
STU_017978,66.74330703859889
STU_017979,70.82047197044865
STU_017980,59.939009529763766
STU_017981,96.84538296550681
STU_017982,68.388712343658
STU_017983,81.68670693376119
STU_017984,69.79609859494744
STU_017985,64.47453649668167
STU_017986,66.41084699519311
STU_017987,80.4473032091458
STU_017988,61.84340335076756
STU_017989,77.22609311919469
STU_017990,72.71921469572305
STU_017991,78.61176351721227
STU_017992,45.60147488190336
STU_017993,99.28112231711003
STU_017994,88.73254309206577
STU_017995,76.83744308077704
STU_017996,58.30039980037144
STU_017997,75.87799936858484
STU_017998,85.72680150905424
STU_017999,87.98791923550003
STU_018000,96.58666830753526
STU_018001,77.8089623559079
STU_018002,50.9267744955772
STU_018003,71.57671990411254
STU_018004,76.6660373247471
STU_018005,75.72037459703618
STU_018006,68.33884686204979
STU_018007,98.77282193746197
STU_018008,91.67273156560779
STU_018009,85.1983404204131
STU_018010,82.08911108212075
STU_018011,87.14871209466122
STU_018012,71.29109219485582
STU_018013,84.44685204395736
STU_018014,70.13210413696967
STU_018015,78.38364566653917
STU_018016,79.9678265162874
STU_018017,79.25079720972168
STU_018018,97.45080396071386
STU_018019,63.579282504692394
STU_018020,77.63969274348612
STU_018021,67.24972569625251
STU_018022,94.08968423520025
STU_018023,83.93726320741233
STU_018024,43.72757488481248
STU_018025,77.98612383687653
STU_018026,71.42890578518511
STU_018027,83.05803380052646
STU_018028,99.62356313487152
STU_018029,71.57850080593263
STU_018030,89.62716996193208
STU_018031,88.79918992678458
STU_018032,69.10990532547363
STU_018033,91.17908219504204
STU_018034,73.76820342580083
STU_018035,94.91174033126211
STU_018036,76.35403331225561
STU_018037,41.677686504778535
STU_018038,64.94281966743105
STU_018039,83.4953970062904
STU_018040,75.36744090889027
STU_018041,64.07316569074055
STU_018042,64.4091915749669
STU_018043,89.11684974020037
STU_018044,77.97478262545854
STU_018045,75.65098666699878
STU_018046,84.81038313061849
STU_018047,53.92431309491771
STU_018048,98.30281531862691
STU_018049,86.3487830111738
STU_018050,85.42447832800005
STU_018051,61.88155069855915
STU_018052,65.32156697820349
STU_018053,67.45197859342143
STU_018054,42.90392969784655
STU_018055,99.8891248703003
STU_018056,36.25878263366353
STU_018057,63.384053646361025
STU_018058,92.50695288990892
STU_018059,95.44258157218289
STU_018060,62.87450867450379
STU_018061,77.82204270353222
STU_018062,85.13572466260295
STU_018063,72.3498132636428
STU_018064,85.10751027579175
STU_018065,86.3699015704797
STU_018066,93.13287200683587
STU_018067,90.14922296771734
STU_018068,80.68350559175394
STU_018069,78.1586366888879
STU_018070,81.410318062002
STU_018071,96.20022916823834
STU_018072,81.61396043850861
STU_018073,57.78136875716091
STU_018074,74.09939119150978
STU_018075,70.66941983467808
STU_018076,66.1239895380369
STU_018077,54.00824827471213
STU_018078,70.24002051754938
STU_018079,81.7807795139811
STU_018080,89.70496484929082
STU_018081,74.9695457640398
STU_018082,80.0629473751732
STU_018083,95.68041860436168
STU_018084,64.47142637436484
STU_018085,71.66856597828591
STU_018086,87.1647351582451
STU_018087,74.16110396965266
STU_018088,63.0878267274277
STU_018089,55.970443746331796
STU_018090,65.5981348444229
STU_018091,80.93435439209026
STU_018092,70.60637663316723
STU_018093,66.66589109009084
STU_018094,74.62579659820327
STU_018095,79.71916267810062
STU_018096,56.42402820004341
STU_018097,89.26223696657478
STU_018098,64.30602143950661
STU_018099,72.83960502003964
STU_018100,91.16869631854479
STU_018101,79.76199296905445
STU_018102,54.425848416516814
STU_018103,98.0633363263891
STU_018104,58.97590736127374
STU_018105,58.258397497693586
STU_018106,73.32293302978526
STU_018107,76.5851608801092
STU_018108,72.74655451201151
STU_018109,87.13125826273011
STU_018110,76.89937190562773
STU_018111,77.94427173484931
STU_018112,67.29345321957419
STU_018113,56.59880453254918
STU_018114,90.76937269110167
STU_018115,73.80227260779736
STU_018116,63.60197777542651
STU_018117,84.64605857999928
STU_018118,73.0692036360796
STU_018119,96.53428851058283
STU_018120,62.2553538881012
STU_018121,98.90617490436584
STU_018122,79.3125012245596
STU_018123,72.84451782559663
STU_018124,82.60047758155463
STU_018125,68.6498751553415
STU_018126,47.169087561950526
STU_018127,67.58534875244865
STU_018128,47.94451872445174
STU_018129,83.00548126903178
STU_018130,93.17070267100561
STU_018131,73.32964207791176
STU_018132,99.48990365867945
STU_018133,78.96908681526287
STU_018134,99.95135498046875
STU_018135,99.91426658630371
STU_018136,47.23349640618859
STU_018137,64.29823615644736
STU_018138,95.25952529559007
STU_018139,78.25052525977057
STU_018140,48.6227328094401
STU_018141,69.94151844791133
STU_018142,80.69789312187737
STU_018143,57.359787641341484
STU_018144,57.74405128372182
STU_018145,75.90004751560551
STU_018146,53.18055014680237
STU_018147,87.9182316843766
STU_018148,76.27523405757607
STU_018149,62.303793168477114
STU_018150,81.5559686075365
STU_018151,68.52476067717043
STU_018152,56.51784793747176
STU_018153,82.75800960420877
STU_018154,64.6540749728009
STU_018155,91.68008605234631
STU_018156,99.03856674725014
STU_018157,50.41815100138306
STU_018158,64.14464174826551
STU_018159,69.63145666223072
STU_018160,64.09875245428307
STU_018161,85.62312234423531
STU_018162,63.486161627440765
STU_018163,98.70705862302343
STU_018164,73.31476358267415
STU_018165,53.81931730086521
STU_018166,80.54930944982907
STU_018167,73.49109027033853
STU_018168,80.48609286015727
STU_018169,65.18314343805233
STU_018170,47.501102998239894
STU_018171,64.63785983913192
STU_018172,84.25088786284769
STU_018173,68.04707133963664
STU_018174,83.04655980146464
STU_018175,75.61065448225327
STU_018176,80.75289618635712
STU_018177,75.82740086792606
STU_018178,73.34678206358731
STU_018179,66.70103545071751
STU_018180,93.51695288158513
STU_018181,76.62197637591245
STU_018182,75.53104520106638
STU_018183,75.9221522309998
STU_018184,61.53604964566222
STU_018185,61.903727011897104
STU_018186,93.22252896986878
STU_018187,61.58835463195281
STU_018188,87.84310455393462
STU_018189,75.29227442480075
STU_018190,66.59088943906016
STU_018191,80.18237620633194
STU_018192,75.34891551637125
STU_018193,77.30816037880876
STU_018194,73.7806480512338
STU_018195,82.90025453659462
STU_018196,55.963854113063746
STU_018197,91.15028897439447
STU_018198,78.16207842790135
STU_018199,74.72425550642902
STU_018200,86.56987102171632
STU_018201,70.67074138519217
STU_018202,41.60972922132159
STU_018203,78.61805975126053
STU_018204,75.46220548866327
STU_018205,67.8621306792244
STU_018206,71.12252445237041
STU_018207,78.60364834173727
STU_018208,79.60202310335396
STU_018209,55.97217574663595
STU_018210,84.79576716274681
STU_018211,99.81462175620923
STU_018212,71.61584854015771
STU_018213,54.2844325240971
STU_018214,80.381613338424
STU_018215,75.84500954344534
STU_018216,77.66817985577148
STU_018217,55.60079478261121
STU_018218,74.59570870176802
STU_018219,85.70059663777903
STU_018220,80.01327441921379
STU_018221,95.72306072252758
STU_018222,89.46684460366538
STU_018223,84.03149559945372
STU_018224,85.01709510795914
STU_018225,72.95725908241813
STU_018226,78.77718358467263
STU_018227,75.05937961443729
STU_018228,80.86531840358879
STU_018229,72.64162032871145
STU_018230,84.74176212161036
STU_018231,73.67939413035288
STU_018232,60.69935175143965
STU_018233,61.10724856284072
STU_018234,93.83917171206016
STU_018235,81.86402628527969
STU_018236,99.760547107372
STU_018237,55.413395141346825
STU_018238,69.46653650003003
STU_018239,89.18488081884095
STU_018240,55.90762476106779
STU_018241,92.78762335508861
STU_018242,72.4460020288782
STU_018243,79.58033186001093
STU_018244,94.68679090522296
STU_018245,68.72895526954485
STU_018246,71.82865012340746
STU_018247,55.12494908765677
STU_018248,76.2124560586299
STU_018249,70.1762419466487
STU_018250,71.26426700784731
STU_018251,70.92998734828898
STU_018252,92.12175210694693
STU_018253,55.12880530578569
STU_018254,88.15283989659969
STU_018255,75.36204610813398
STU_018256,92.37390098761304
STU_018257,77.34475987754021
STU_018258,82.31406265290705
STU_018259,85.33597430238547
STU_018260,84.28595330027275
STU_018261,73.11969350140717
STU_018262,55.03106761941466
STU_018263,78.7265533197117
STU_018264,79.46184702463736
STU_018265,79.93257563298032
STU_018266,87.82900607642696
STU_018267,71.76768479521456
STU_018268,80.47414209545148
STU_018269,66.28411472747001
STU_018270,64.65941737949979
STU_018271,68.93799552596903
STU_018272,46.306660065277164
STU_018273,97.99652238418619
STU_018274,64.5875940094378
STU_018275,87.86806248083947
STU_018276,85.4087879748615
STU_018277,82.80307537892955
STU_018278,77.35829295072736
STU_018279,53.39043026893023
STU_018280,83.80428580310671
STU_018281,98.24311387225293
STU_018282,72.34842039116094
STU_018283,60.454175322903254
STU_018284,69.69480882693703
STU_018285,92.31009594614403
STU_018286,66.09015693019751
STU_018287,91.83854732045421
STU_018288,64.95894095748778
STU_018289,88.35141157574297
STU_018290,67.38843909814805
STU_018291,72.04210398671586
STU_018292,80.54041616725479
STU_018293,75.26536806260823
STU_018294,83.1869193921361
STU_018295,47.97406778907735
STU_018296,88.21486993485499
STU_018297,77.35753188796696
STU_018298,98.59925897247408
STU_018299,61.078354895844924
STU_018300,84.66660607178477
STU_018301,60.58746043718767
STU_018302,66.76779724326742
STU_018303,99.48862806784116
STU_018304,62.07644851799394
STU_018305,55.317540844636696
STU_018306,59.99134070061184
STU_018307,76.45327428138594
STU_018308,84.45959007003565
STU_018309,68.7100607527151
STU_018310,92.31207661792432
STU_018311,66.98955402918826
STU_018312,71.80389054914967
STU_018313,84.94800033346121
STU_018314,68.5699066166012
STU_018315,96.23313577320644
STU_018316,71.16481990746124
STU_018317,90.95652892289814
STU_018318,56.68055631628954
STU_018319,58.011340311213885
STU_018320,87.3029618997049
STU_018321,90.34020770501611
STU_018322,76.21309522001229
STU_018323,99.96068859100342
STU_018324,57.51223840902169
STU_018325,78.43100968843086
STU_018326,77.77944987680272
STU_018327,84.50942533040998
STU_018328,72.61309684276696
STU_018329,71.61065475044623
STU_018330,48.89255241408672
STU_018331,84.62077562464225
STU_018332,92.48362043722044
STU_018333,58.94072453886641
STU_018334,87.18071564219875
STU_018335,56.51019806729218
STU_018336,77.53653392029244
STU_018337,69.02837956689
STU_018338,69.38012614510825
STU_018339,83.44661081129273
STU_018340,87.38766287368121
STU_018341,64.39512515022065
STU_018342,58.736195377620575
STU_018343,59.04317210861741
STU_018344,87.16831120580525
STU_018345,71.49264826093231
STU_018346,70.29696470144594
STU_018347,73.51447464538674
STU_018348,99.35497872829437
STU_018349,78.58075149760914
STU_018350,84.9607714492929
STU_018351,77.24385898409733
STU_018352,86.90589902936463
STU_018353,81.74773590478318
STU_018354,99.15866494298294
STU_018355,70.05294860948001
STU_018356,72.5003554308285
STU_018357,68.74212133158098
STU_018358,77.56455519783866
STU_018359,99.71771335601807
STU_018360,92.20112993936681
STU_018361,45.66991134510519
STU_018362,70.90266662426804
STU_018363,45.0737202566478
STU_018364,92.04887068524177
STU_018365,93.5894559841336
STU_018366,60.11829567398243
STU_018367,81.54645301796691
STU_018368,63.42653743868661
STU_018369,82.33805928059235
STU_018370,56.98883161091072
STU_018371,87.96366853129365
STU_018372,87.11029707172669
STU_018373,58.80849924048594
STU_018374,73.6026040656183
STU_018375,67.46716006012807
STU_018376,80.7718618518447
STU_018377,91.3274470011892
STU_018378,93.99100942664525
STU_018379,51.79909376937323
STU_018380,83.62366422763232
STU_018381,71.90316665376761
STU_018382,90.56736395299157
STU_018383,88.16426086520633
STU_018384,63.65858566464833
STU_018385,97.3223870650034
STU_018386,76.19526275831502
STU_018387,84.42289926874773
STU_018388,96.36485573089251
STU_018389,60.61370973756003
STU_018390,52.81054187550413
STU_018391,75.68617742270825
STU_018392,99.88161754608154
STU_018393,77.02356180336676
STU_018394,80.24661613269583
STU_018395,76.92317634086378
STU_018396,61.02064484432427
STU_018397,68.04832680353701
STU_018398,81.99484670749956
STU_018399,99.85306882858276
STU_018400,71.48076485437423
STU_018401,83.37191163880368
STU_018402,76.44800164663619
STU_018403,89.5750846676466
STU_018404,86.55196109504065
STU_018405,86.69072322575364
STU_018406,66.1449092157763
STU_018407,99.01066954145253
STU_018408,87.28786332865198
STU_018409,59.25404957036651
STU_018410,94.03505834663775
STU_018411,72.08128109392116
STU_018412,75.01754379298886
STU_018413,95.05233308765254
STU_018414,99.58377933502197
STU_018415,73.30557586059697
STU_018416,82.0361949802051
STU_018417,60.208902607415595
STU_018418,95.64654961397886
STU_018419,77.32750811474827
STU_018420,89.52016177868416
STU_018421,93.65673141747925
STU_018422,90.60166200057088
STU_018423,82.97088275096812
STU_018424,57.87262072143224
STU_018425,95.6388871143597
STU_018426,77.7137899460329
STU_018427,82.58449192463763
STU_018428,72.3472088415046
STU_018429,94.40113970427578
STU_018430,62.549166287150214
STU_018431,79.44548439966559
STU_018432,96.01703791237921
STU_018433,71.1144642776441
STU_018434,78.08949965524262
STU_018435,66.84163243253136
STU_018436,75.46867609095165
STU_018437,88.14976653426399
STU_018438,64.27749694835974
STU_018439,99.91975402832031
STU_018440,79.12606555574958
STU_018441,72.1127728741694
STU_018442,77.3741463066653
STU_018443,59.01808438949709
STU_018444,69.07011640099479
STU_018445,95.35748563647748
STU_018446,79.71817372071453
STU_018447,93.52224364342123
STU_018448,65.23184472759736
STU_018449,97.87934752851888
STU_018450,68.93689334134675
STU_018451,69.41027382639109
STU_018452,55.902823729989144
STU_018453,66.59388420520811
STU_018454,51.702758023866274
STU_018455,51.524654877446764
STU_018456,74.6304316614567
STU_018457,57.002016009427095
STU_018458,73.93818412573617
STU_018459,59.197320004741044
STU_018460,68.83918444235388
STU_018461,94.54200688708538
STU_018462,53.66383335749599
STU_018463,79.21990964637652
STU_018464,63.97193627671303
STU_018465,81.4041945334824
STU_018466,60.539631496570074
STU_018467,87.06543728268196
STU_018468,74.02832740448639
STU_018469,78.78453259812053
STU_018470,89.22368490682885
STU_018471,86.13357038507709
STU_018472,59.13011256776497
STU_018473,81.54331352936345
STU_018474,88.4757340573517
STU_018475,76.13112925694716
STU_018476,77.51966665415176
STU_018477,43.73544792264718
STU_018478,99.89198961257935
STU_018479,91.60094972435078
STU_018480,85.86727617925663
STU_018481,72.04358361783505
STU_018482,63.25216279773521
STU_018483,90.93013759773059
STU_018484,86.63934303243535
STU_018485,66.91553685468676
STU_018486,74.28792443805628
STU_018487,58.69872124933228
STU_018488,78.06927493562827
STU_018489,57.58969892682369
STU_018490,71.83807966829487
STU_018491,83.45415224280119
STU_018492,74.26084212569705
STU_018493,86.06289366603403
STU_018494,78.73499781503136
STU_018495,84.82501050510174
STU_018496,67.67645084822827
STU_018497,93.20063701843365
STU_018498,68.05321749417323
STU_018499,68.33543080546794
STU_018500,76.90404071108884
STU_018501,99.89305925369263
STU_018502,67.38813958568929
STU_018503,44.84466143891872
STU_018504,99.5103010699606
STU_018505,71.5217351967681
STU_018506,80.82683689520643
STU_018507,73.79600473018604
STU_018508,80.48567486798076
STU_018509,58.10841956299571
STU_018510,83.19795297411714
STU_018511,75.01425142953907
STU_018512,83.50441912371787
STU_018513,79.0817141352191
STU_018514,60.963147471706336
STU_018515,65.40384750067375
STU_018516,60.86592900513857
STU_018517,83.63881345494868
STU_018518,59.307579495775144
STU_018519,56.26754445059491
STU_018520,91.2433099193633
STU_018521,74.1766992654089
STU_018522,84.40359050026267
STU_018523,84.01701000405245
STU_018524,92.20832479910933
STU_018525,74.15666972664172
STU_018526,60.33512457168574
STU_018527,88.01809316371964
STU_018528,87.65017650553438
STU_018529,75.11143883352965
STU_018530,75.27264953746696
STU_018531,85.52533360446154
STU_018532,66.3182258271724
STU_018533,68.4131317075589
STU_018534,61.42688063425858
STU_018535,90.30983082227769
STU_018536,99.91052098274231
STU_018537,82.73948070462326
STU_018538,73.02513052186046
STU_018539,57.49663176235708
STU_018540,78.9479659059496
STU_018541,67.49580199586701
STU_018542,94.92946837859088
STU_018543,71.64134498993639
STU_018544,75.34559898182204
STU_018545,70.29012130892843
STU_018546,95.2017156272075
STU_018547,72.916394554542
STU_018548,92.10390177555433
STU_018549,86.3409557306312
STU_018550,80.20197416720912
STU_018551,72.4237897890999
STU_018552,63.19771642136009
STU_018553,65.38794458188636
STU_018554,61.727560830996765
STU_018555,59.16782719029386
STU_018556,81.3513545658544
STU_018557,61.903901658982974
STU_018558,64.98970468056626
STU_018559,67.7753845965027
STU_018560,77.24343163269286
STU_018561,78.0431716117359
STU_018562,81.81170418894305
STU_018563,76.01548713000368
STU_018564,83.09688994253315
STU_018565,62.24505638214187
STU_018566,67.51907065406571
STU_018567,91.1996775460311
STU_018568,82.29855404613468
STU_018569,82.20070592714569
STU_018570,71.1431779381592
STU_018571,88.45266765639674
STU_018572,60.083081172693326
STU_018573,85.53556007661521
STU_018574,73.88285982302516
STU_018575,71.06333176472522
STU_018576,76.53268046990627
STU_018577,67.92717992867107
STU_018578,80.05476311271003
STU_018579,51.47525753980534
STU_018580,99.38621863686143
STU_018581,70.75777545787986
STU_018582,79.78785172053098
STU_018583,95.667405121124
STU_018584,85.23973105649934
STU_018585,70.11368515179666
STU_018586,92.6437293757325
STU_018587,95.31590329927124
STU_018588,51.61859106118517
STU_018589,83.82427447791261
STU_018590,72.98138542223631
STU_018591,89.60799187156798
STU_018592,42.14878456676625
STU_018593,84.79992015587247
STU_018594,64.65074063055579
STU_018595,73.61078105856087
STU_018596,60.41752100163414
STU_018597,73.84439898496265
STU_018598,65.1429158555124
STU_018599,58.704583681849186
STU_018600,84.62176718237396
STU_018601,65.14327947499041
STU_018602,69.28701672704827
STU_018603,70.4040974539812
STU_018604,74.70864622185526
STU_018605,44.46356103186871
STU_018606,70.14476147539375
STU_018607,90.75021148729823
STU_018608,93.35906038529546
STU_018609,87.42016742570902
STU_018610,99.91466903686523
STU_018611,65.71717142181005
STU_018612,74.8473873000311
STU_018613,82.23810863808384
STU_018614,74.86079152293648
STU_018615,54.452147113729325
STU_018616,82.7172700644836
STU_018617,70.7110586019659
STU_018618,63.590112748448085
STU_018619,71.57638969806652
STU_018620,91.42375666916207
STU_018621,56.900859815218745
STU_018622,78.78344175049108
STU_018623,71.1596084836766
STU_018624,78.30549514931238
STU_018625,84.66680814159446
STU_018626,69.31115355723239
STU_018627,71.58329099029197
STU_018628,62.27698611384413
STU_018629,70.32237937910566
STU_018630,62.93075229473153
STU_018631,92.43865328092143
STU_018632,92.7062204498528
STU_018633,70.64359850329548
STU_018634,63.21809370911767
STU_018635,70.40213468193512
STU_018636,80.38134609767178
STU_018637,68.33050747797031
STU_018638,99.18739706604259
STU_018639,91.30147149145205
STU_018640,72.87089170302286
STU_018641,54.4700747849442
STU_018642,80.82787729289711
STU_018643,65.4627922153299
STU_018644,63.782178411317346
STU_018645,95.09406401247867
STU_018646,65.51933139551925
STU_018647,99.43397218674056
STU_018648,53.026840105463975
STU_018649,56.184801921492905
STU_018650,75.16051952662858
STU_018651,64.24984263994283
STU_018652,88.1894010086564
STU_018653,81.35086539828109
STU_018654,81.13694012156465
STU_018655,66.04694685135995
STU_018656,69.30144815125928
STU_018657,89.31443556212024
STU_018658,80.95773245758431
STU_018659,81.72539303797114
STU_018660,73.50478326108052
STU_018661,55.395382318789075
STU_018662,65.33855496307433
STU_018663,77.6133950886601
STU_018664,45.38117961524979
STU_018665,66.9705979009143
STU_018666,62.76852760628567
STU_018667,66.37664833111083
STU_018668,48.46923090547546
STU_018669,75.93718007191893
STU_018670,72.97669679372665
STU_018671,60.46644205510198
STU_018672,79.51684781295425
STU_018673,58.96278869745159
STU_018674,66.16014249175701
STU_018675,75.19054093713471
STU_018676,67.19410069681064
STU_018677,68.60005713612414
STU_018678,88.86909995342555
STU_018679,87.38633693806852
STU_018680,60.60011719449571
STU_018681,82.4765515991691
STU_018682,89.44768160119123
STU_018683,74.81161978084262
STU_018684,86.43919661812738
STU_018685,70.88857195952974
STU_018686,85.73688540756326
STU_018687,75.50369595688295
STU_018688,67.64674199749109
STU_018689,86.10839761119298
STU_018690,71.36327090374797
STU_018691,67.4127581318537
STU_018692,74.7937155243427
STU_018693,72.13788968278418
STU_018694,86.04568539051041
STU_018695,78.88810045601623
STU_018696,67.75882295705378
STU_018697,80.18549762254042
STU_018698,91.41553694265906
STU_018699,62.99611395012028
STU_018700,99.98000621795654
STU_018701,69.5725658009242
STU_018702,82.72754886800482
STU_018703,70.90015158560055
STU_018704,90.27321658900016
STU_018705,72.16834942040632
STU_018706,92.18070809391716
STU_018707,65.02739325068904
STU_018708,69.61672864806754
STU_018709,96.65424185661583
STU_018710,80.85189503822622
STU_018711,59.96066282241795
STU_018712,92.16164989789668
STU_018713,70.45975109237044
STU_018714,77.38859241975291
STU_018715,99.05484654232777
STU_018716,67.28077164636098
STU_018717,73.65731534111761
STU_018718,63.16721608715143
STU_018719,84.10841201345043
STU_018720,75.21769754485219
STU_018721,90.35968732609592
STU_018722,56.0306344874123
STU_018723,59.48549582757806
STU_018724,69.15090225390409
STU_018725,78.73064785868095
STU_018726,71.11130323685592
STU_018727,85.70870298732433
STU_018728,75.75578154438706
STU_018729,91.6909802196507
STU_018730,84.90925073677361
STU_018731,64.51569076645247
STU_018732,75.5075025309365
STU_018733,93.5975880919519
STU_018734,74.75049719971094
STU_018735,76.53867984527392
STU_018736,60.09195728871741
STU_018737,75.05592530816735
STU_018738,73.21260500026101
STU_018739,78.3461080772887
STU_018740,68.7036517695959
STU_018741,47.45548043384993
STU_018742,96.73313342076662
STU_018743,62.11119251523924
STU_018744,99.79777476323608
STU_018745,77.29412070847734
STU_018746,67.7738193888866
STU_018747,89.98467701369759
STU_018748,54.52200053888696
STU_018749,56.951928006517804
STU_018750,85.37042344099363
STU_018751,87.99044752299675
STU_018752,58.08906662705867
STU_018753,60.96963591587554
STU_018754,93.04937803073736
STU_018755,90.19222995837708
STU_018756,70.62793059623115
STU_018757,89.09922283788282
STU_018758,89.67839437305628
STU_018759,94.70366162624514
STU_018760,70.43614828330405
STU_018761,71.76385779962158
STU_018762,80.4233481848488
STU_018763,64.7364714926118
STU_018764,83.03001737118119
STU_018765,77.82643961895157
STU_018766,64.36865033869009
STU_018767,85.10592304687245
STU_018768,74.52936533062868
STU_018769,50.44697168533
STU_018770,83.63256294701291
STU_018771,69.39824709638553
STU_018772,93.23213501092016
STU_018773,78.78864793058162
STU_018774,61.34635907616021
STU_018775,82.00964778148118
STU_018776,86.02007039690889
STU_018777,52.47133377494998
STU_018778,99.28250252099102
STU_018779,91.98339615768221
STU_018780,61.80206274346461
STU_018781,93.29978420189767
STU_018782,97.72734547793367
STU_018783,83.2606047902095
STU_018784,79.3990050997453
STU_018785,84.24690834276814
STU_018786,76.51418722782454
STU_018787,54.599179897812974
STU_018788,65.79871394701308
STU_018789,73.50270834080722
STU_018790,90.45174425237673
STU_018791,72.80575728258319
STU_018792,60.611216957042174
STU_018793,62.89808202797711
STU_018794,62.0193435032738
STU_018795,96.17242344926048
STU_018796,56.309701438549666
STU_018797,64.25535988900191
STU_018798,63.82365501071879
STU_018799,81.78882150216165
STU_018800,85.88947849324322
STU_018801,85.24288692607918
STU_018802,67.48144151310996
STU_018803,67.9908643844052
STU_018804,55.66950596471089
STU_018805,65.1849076222944
STU_018806,82.12711488049885
STU_018807,76.06399364237949
STU_018808,61.68058316665119
STU_018809,85.76660726961386
STU_018810,80.54421495516637
STU_018811,51.36702344295151
STU_018812,84.00082618958065
STU_018813,71.23628516144596
STU_018814,45.57880615390764
STU_018815,84.94845516121947
STU_018816,66.78533374470787
STU_018817,67.849867165848
STU_018818,87.22543032436383
STU_018819,70.38155237329902
STU_018820,91.5568128187227
STU_018821,81.08433442161208
STU_018822,75.78307053606991
STU_018823,97.58803187409472
STU_018824,66.10191399210626
STU_018825,72.47535382532881
STU_018826,70.66242090188115
STU_018827,72.99883543685705
STU_018828,69.03899998098875
STU_018829,57.67751719129309
STU_018830,86.13684035976644
STU_018831,89.68263848318902
STU_018832,83.10737945904621
STU_018833,59.351313924663955
STU_018834,52.590223107750994
STU_018835,64.10097707857153
STU_018836,82.3739225975841
STU_018837,71.23593429104784
STU_018838,62.4742983596109
STU_018839,86.94843122118482
STU_018840,84.14264459526804
STU_018841,88.97117507878285
STU_018842,77.44360952928542
STU_018843,75.97164918968238
STU_018844,69.28053789299611
STU_018845,81.30313218505344
STU_018846,99.02986414657131
STU_018847,98.61031964124842
STU_018848,78.73158787980849
STU_018849,69.47240827984035
STU_018850,73.99575942528006
STU_018851,61.901302140928564
STU_018852,54.15100786029376
STU_018853,63.81277216259012
STU_018854,72.94719258039707
STU_018855,77.87590546658512
STU_018856,62.94604414452544
STU_018857,88.90653728131218
STU_018858,82.90429131120106
STU_018859,95.11713024439489
STU_018860,72.22730713749866
STU_018861,76.67556065155293
STU_018862,95.0842721902284
STU_018863,68.38254467071727
STU_018864,61.58704069115926
STU_018865,77.90182399467521
STU_018866,75.85609614164034
STU_018867,65.59620045372048
STU_018868,78.96174414746145
STU_018869,74.00975912813323
STU_018870,88.92507357461099
STU_018871,97.03745239650215
STU_018872,82.4069196365345
STU_018873,73.6504915500477
STU_018874,88.31815265374145
STU_018875,98.89169558486536
STU_018876,66.20842421463453
STU_018877,59.993413563131014
STU_018878,94.22378518208575
STU_018879,85.15683283852347
STU_018880,77.47718263948909
STU_018881,64.11673466013204
STU_018882,73.16028216842504
STU_018883,73.95211003298287
STU_018884,92.13895897644926
STU_018885,57.71670202644452
STU_018886,89.48153281074741
STU_018887,66.25282748438445
STU_018888,90.10370995591092
STU_018889,60.44611049232297
STU_018890,44.53126002468547
STU_018891,73.38174996038744
STU_018892,79.90770657878188
STU_018893,81.93643885960245
STU_018894,98.91654349811029
STU_018895,76.68300839519173
STU_018896,86.17957339417482
STU_018897,71.66748581890367
STU_018898,66.84718033154331
STU_018899,68.73915988922897
STU_018900,74.14774943534178
STU_018901,81.72831380368383
STU_018902,95.92153489618505
STU_018903,87.51106845124993
STU_018904,78.37331177799294
STU_018905,65.2952186821388
STU_018906,79.53594205790553
STU_018907,73.67885582039963
STU_018908,70.3022408407299
STU_018909,77.31510151373736
STU_018910,69.42498902011367
STU_018911,58.222396311015075
STU_018912,85.13694709884892
STU_018913,67.15012923580582
STU_018914,70.7202839417013
STU_018915,80.22048544343758
STU_018916,61.36492021314727
STU_018917,83.8322493560899
STU_018918,91.69913826968303
STU_018919,79.05445654050281
STU_018920,56.4652665363305
STU_018921,71.84339236439041
STU_018922,64.6389800784255
STU_018923,99.72210285714434
STU_018924,65.90674148677547
STU_018925,72.96899290446996
STU_018926,82.6459263396571
STU_018927,75.46990031754825
STU_018928,71.32574039898097
STU_018929,72.08709963890921
STU_018930,56.4417373918364
STU_018931,62.37270146219409
STU_018932,48.1201281547591
STU_018933,73.33738819547935
STU_018934,79.35653288395872
STU_018935,69.31892766637333
STU_018936,71.24217140859405
STU_018937,86.78965322591803
STU_018938,84.2467206737388
STU_018939,68.3560355902971
STU_018940,82.0775245199288
STU_018941,88.95243487405705
STU_018942,56.612250601419305
STU_018943,77.905222955119
STU_018944,75.45813562272765
STU_018945,77.88966706657538
STU_018946,81.36322764851738
STU_018947,69.73707312781391
STU_018948,70.13188529722713
STU_018949,71.6002586813172
STU_018950,84.3469815374448
STU_018951,66.65272608196787
STU_018952,63.02246079449746
STU_018953,72.26756881746391
STU_018954,79.10854964754841
STU_018955,77.42793260792237
STU_018956,57.62894803791062
STU_018957,74.81415169185709
STU_018958,83.60803316621892
STU_018959,80.46727140570326
STU_018960,74.94079694486827
STU_018961,66.97843261555448
STU_018962,79.59946436124507
STU_018963,92.3208492849864
STU_018964,67.6892880717266
STU_018965,87.74343425910463
STU_018966,94.5806647996163
STU_018967,95.62329140401866
STU_018968,76.38964501711423
STU_018969,76.78741204621133
STU_018970,90.0178863405618
STU_018971,60.70767650497832
STU_018972,77.23805340928723
STU_018973,87.70769379492451
STU_018974,60.30696738124025
STU_018975,85.92639984805268
STU_018976,73.90994547955064
STU_018977,89.78228996184592
STU_018978,84.18656791936215
STU_018979,58.34953307221612
STU_018980,76.14588338431895
STU_018981,54.441003486668336
STU_018982,78.67327392308471
STU_018983,75.04864400873447
STU_018984,72.27447963899378
STU_018985,75.46512728938981
STU_018986,80.9278709663087
STU_018987,81.88408808196152
STU_018988,71.23103898089215
STU_018989,82.63054769498628
STU_018990,84.26512197841303
STU_018991,64.0928665757333
STU_018992,81.09462064710391
STU_018993,81.54764231585388
STU_018994,85.41960971457576
STU_018995,95.23748880655829
STU_018996,63.53397353348926
STU_018997,71.65487312425503
STU_018998,77.3486469188581
STU_018999,91.93740885403014
STU_019000,74.4536015115953
STU_019001,60.06358878678921
STU_019002,74.72310739777473
STU_019003,92.0834985537324
STU_019004,79.89829448859673
STU_019005,95.13977127782539
STU_019006,93.52608433966381
STU_019007,99.98021602630615
STU_019008,76.37392497323927
STU_019009,99.89070224761963
STU_019010,45.15423960451881
STU_019011,79.41967987724536
STU_019012,74.3590716692383
STU_019013,58.05147552841238
STU_019014,99.97864294052124
STU_019015,52.23873808377331
STU_019016,63.12478298892051
STU_019017,96.41437313788202
STU_019018,72.87016067565533
STU_019019,72.72404822623429
STU_019020,97.82326265486705
STU_019021,45.24563795539369
STU_019022,73.4223317441266
STU_019023,89.91861149904359
STU_019024,75.82435888912741
STU_019025,95.6930225109331
STU_019026,99.3188474676925
STU_019027,77.12547332561083
STU_019028,57.5931864307545
STU_019029,60.147922159422386
STU_019030,72.01216951251186
STU_019031,82.20483721884781
STU_019032,82.97397679787031
STU_019033,77.79744673796878
STU_019034,67.94145254217754
STU_019035,83.27737683122548
STU_019036,94.37767578460523
STU_019037,86.41608155291644
STU_019038,66.60261926777633
STU_019039,82.46753059361053
STU_019040,72.75927028205344
STU_019041,78.91136442799245
STU_019042,80.04202641704686
STU_019043,86.47508633487575
STU_019044,84.97083608088687
STU_019045,75.44034923625628
STU_019046,62.697410836801566
STU_019047,47.33960212813532
STU_019048,86.46236956600549
STU_019049,55.1910094826724
STU_019050,87.55431184466221
STU_019051,62.094417844481725
STU_019052,71.84369627874527
STU_019053,77.94051489874842
STU_019054,71.81218551345202
STU_019055,49.25473428861833
STU_019056,83.95694236373288
STU_019057,80.04078167627121
STU_019058,82.5886757842483
STU_019059,48.41064768057772
STU_019060,66.84189971568287
STU_019061,50.04241349578152
STU_019062,86.87081137172714
STU_019063,72.92965039600688
STU_019064,62.04217026214435
STU_019065,95.83810468955397
STU_019066,60.542892147106095
STU_019067,80.31431243586412
STU_019068,65.50446635338753
STU_019069,59.13675302602383
STU_019070,73.26265061342198
STU_019071,64.11804722520729
STU_019072,99.7439980506897
STU_019073,62.34398533991683
STU_019074,66.43180038987292
STU_019075,61.24591014151659
STU_019076,59.239985227097854
STU_019077,97.0926582969787
STU_019078,95.47481183798604
STU_019079,89.8492127297379
STU_019080,55.2073865523483
STU_019081,83.63559245656725
STU_019082,87.20099825805451
STU_019083,60.114594511917815
STU_019084,55.00158680839333
STU_019085,59.79233699142748
STU_019086,49.75011577988043
STU_019087,76.21740509254883
STU_019088,72.36604397051417
STU_019089,85.91144581928458
STU_019090,92.32287569450072
STU_019091,79.87291280615617
STU_019092,86.65349029120057
STU_019093,73.60869482104965
STU_019094,84.15849730371555
STU_019095,76.04981648609946
STU_019096,82.37394606056176
STU_019097,84.9326735505814
STU_019098,57.578188013283324
STU_019099,66.81027379604946
STU_019100,71.13131627224114
STU_019101,61.09157282195059
STU_019102,75.73590177459843
STU_019103,86.24652885836669
STU_019104,63.92751409872821
STU_019105,65.13312862157647
STU_019106,60.59199583882752
STU_019107,88.78173897803097
STU_019108,70.46912174169543
STU_019109,99.26639350559331
STU_019110,95.05556484716068
STU_019111,75.6674686431216
STU_019112,99.4733024987108
STU_019113,83.03018744746757
STU_019114,98.05283395737553
STU_019115,86.06964726015015
STU_019116,86.45926744947843
STU_019117,61.29385216899475
STU_019118,79.57594647252324
STU_019119,74.19254940077973
STU_019120,62.7523229387899
STU_019121,95.03406047065668
STU_019122,82.60906898418037
STU_019123,67.28313190751597
STU_019124,96.3519538467659
STU_019125,73.42122968438032
STU_019126,72.96674937469484
STU_019127,72.91094734999888
STU_019128,89.6376289231365
STU_019129,59.97590018963003
STU_019130,59.078957714116
STU_019131,81.23400265254966
STU_019132,88.81182371915405
STU_019133,55.06954127513976
STU_019134,65.30590840409886
STU_019135,99.18655947754297
STU_019136,92.92731418093419
STU_019137,60.42856562277743
STU_019138,88.86607518298084
STU_019139,89.88702520440097
STU_019140,82.8289257236226
STU_019141,95.39343685842385
STU_019142,83.34076355570954
STU_019143,77.61622355510536
STU_019144,76.93236565973197
STU_019145,66.94739182913449
STU_019146,93.45955341050487
STU_019147,71.41801859738194
STU_019148,97.78459175544413
STU_019149,77.51125584065741
STU_019150,78.6661821586887
STU_019151,96.31410649966467
STU_019152,45.81797178146307
STU_019153,66.44226281731127
STU_019154,92.35452489521583
STU_019155,99.8905930519104
STU_019156,82.7894678182639
STU_019157,92.04015602353465
STU_019158,51.304054669844234
STU_019159,69.36555397520283
STU_019160,62.312491339126616
STU_019161,59.429046464785316
STU_019162,60.50864269946857
STU_019163,72.87916885679303
STU_019164,71.07529688668204
STU_019165,74.71327025993016
STU_019166,94.8405523665345
STU_019167,90.04688878558696
STU_019168,84.38495759885399
STU_019169,73.13652405354554
STU_019170,85.8103184971779
STU_019171,73.13526855577093
STU_019172,81.82083022138485
STU_019173,82.09356300261902
STU_019174,58.6596050767522
STU_019175,73.73525867707691
STU_019176,76.1082835743139
STU_019177,97.30495538597069
STU_019178,35.049525037462146
STU_019179,77.86170255935457
STU_019180,74.31472668870649
STU_019181,95.41979845614765
STU_019182,56.61353783115019
STU_019183,94.92083705969605
STU_019184,88.75279509072445
STU_019185,94.01710700905815
STU_019186,98.26536103396805
STU_019187,72.9920157185821
STU_019188,99.08146595843048
STU_019189,89.01026926652091
STU_019190,73.9693040829429
STU_019191,64.21263661642911
STU_019192,98.57935007862488
STU_019193,66.99496402429764
STU_019194,73.65491686836933
STU_019195,82.79649819071808
STU_019196,82.21233467159725
STU_019197,92.40474652268719
STU_019198,72.72231594542599
STU_019199,99.84454107284546
STU_019200,66.64438401729197
STU_019201,88.73744697159839
STU_019202,79.14914845345206
STU_019203,54.30409593484046
STU_019204,62.5162291253686
STU_019205,81.72280823561472
STU_019206,46.961546479787486
STU_019207,68.10736698160886
STU_019208,71.23302210548468
STU_019209,73.95746666158814
STU_019210,59.948922717542345
STU_019211,65.55789334990651
STU_019212,70.1431399386324
STU_019213,69.4817715580378
STU_019214,74.05927826266313
STU_019215,98.69730807276333
STU_019216,65.78248392072754
STU_019217,73.14848607551633
STU_019218,50.361157506612514
STU_019219,81.09926629674811
STU_019220,72.99702684237793
STU_019221,63.38744697624062
STU_019222,82.80190220086845
STU_019223,75.93727621180663
STU_019224,95.63529910846911
STU_019225,53.902077734243846
STU_019226,55.570964694036874
STU_019227,64.61654444393032
STU_019228,59.6497174886691
STU_019229,76.35424080594319
STU_019230,65.90326507058955
STU_019231,88.50007473216783
STU_019232,91.21737936615158
STU_019233,57.862683302422866
STU_019234,66.16234764098527
STU_019235,80.14748556522426
STU_019236,78.35096692366342
STU_019237,75.79746075966119
STU_019238,74.71424196098938
STU_019239,85.53884256205741
STU_019240,82.33315448837496
STU_019241,95.86826356008731
STU_019242,68.0161604272676
STU_019243,88.58424656177414
STU_019244,76.50308155215598
STU_019245,52.111894462179706
STU_019246,58.577132875253085
STU_019247,94.58119060851345
STU_019248,84.28436254909894
STU_019249,95.7247433016347
STU_019250,60.163954095186455
STU_019251,94.78548853531551
STU_019252,72.10888748788108
STU_019253,61.60654730960688
STU_019254,46.959007351352525
STU_019255,65.22608528352038
STU_019256,93.04593450074279
STU_019257,64.31651018901096
STU_019258,51.421610551209525
STU_019259,71.39225656949776
STU_019260,81.71500225522038
STU_019261,67.52755604140569
STU_019262,86.31250605685439
STU_019263,72.88933407134058
STU_019264,71.66201812151778
STU_019265,88.63694803208776
STU_019266,83.58637082758699
STU_019267,54.885669670851996
STU_019268,69.8091856484314
STU_019269,79.97852444432564
STU_019270,87.14686293033395
STU_019271,52.59605687800935
STU_019272,66.57421786623792
STU_019273,97.46136489188567
STU_019274,99.7988909201417
STU_019275,99.91355223989893
STU_019276,57.14660767211919
STU_019277,98.76006765490376
STU_019278,86.63342953356704
STU_019279,75.0953571976828
STU_019280,63.14504841279469
STU_019281,86.80278305067475
STU_019282,61.370742685500076
STU_019283,99.79889029426069
STU_019284,82.00040519062657
STU_019285,75.57962413252154
STU_019286,93.18954418664423
STU_019287,76.36335898738702
STU_019288,63.78963878533188
STU_019289,89.64687422165262
STU_019290,80.29687099934542
STU_019291,74.7859178807361
STU_019292,79.91164936473909
STU_019293,64.08602580242678
STU_019294,75.01303462652083
STU_019295,61.984783521448776
STU_019296,66.66766182479371
STU_019297,79.77694236766587
STU_019298,89.17592354977506
STU_019299,91.88624849944534
STU_019300,81.24679314607883
STU_019301,69.45749489529646
STU_019302,83.18081268895713
STU_019303,66.57843703439428
STU_019304,92.70704930420698
STU_019305,69.53634026454081
STU_019306,56.03930431150586
STU_019307,61.66321080780358
STU_019308,50.31122086913392
STU_019309,69.69692164619039
STU_019310,92.3648403049028
STU_019311,88.60554505277575
STU_019312,68.94235741725592
STU_019313,84.73425994643094
STU_019314,86.31733323715767
STU_019315,72.80207928025501
STU_019316,92.82481620413552
STU_019317,74.38980782753009
STU_019318,82.39605816146164
STU_019319,88.06802367982608
STU_019320,99.0315861174326
STU_019321,73.45536927170699
STU_019322,87.96617892839397
STU_019323,71.10236501422938
STU_019324,90.96737833589623
STU_019325,73.61624894911569
STU_019326,95.53474069141586
STU_019327,95.33844296431636
STU_019328,95.0475415949305
STU_019329,90.32403693524074
STU_019330,77.49419100458674
STU_019331,72.62420431857319
STU_019332,70.29082387794674
STU_019333,86.41459805442653
STU_019334,60.06720518265325
STU_019335,66.48834974545052
STU_019336,66.96648675509164
STU_019337,97.38130646344061
STU_019338,63.776300233081635
STU_019339,89.40040949893023
STU_019340,99.40775189971238
STU_019341,75.04499424671707
STU_019342,60.781951845185425
STU_019343,70.58325462463222
STU_019344,64.28472850175865
STU_019345,67.09301125987945
STU_019346,74.89400717737946
STU_019347,52.482564055266096
STU_019348,92.66875089617083
STU_019349,81.16393169160126
STU_019350,58.30510766630497
STU_019351,91.70817084459591
STU_019352,81.055073852937
STU_019353,84.8205908855166
STU_019354,68.61616033180592
STU_019355,76.60404300065672
STU_019356,56.34456035893005
STU_019357,58.42322557100554
STU_019358,77.89842332213452
STU_019359,85.06550400978333
STU_019360,61.860729136093596
STU_019361,85.50523185380625
STU_019362,59.08207171894288
STU_019363,69.03564026834606
STU_019364,74.00484904642207
STU_019365,88.78413906790459
STU_019366,96.48338100129227
STU_019367,99.77605213937319
STU_019368,75.9535692111413
STU_019369,77.22327919017584
STU_019370,70.98691260632498
STU_019371,83.38994904912272
STU_019372,69.40013520723186
STU_019373,61.062491893895924
STU_019374,67.50330145396244
STU_019375,81.62213975365674
STU_019376,95.11875421835303
STU_019377,92.21117716472241
STU_019378,67.25251348092152
STU_019379,54.45438847432101
STU_019380,90.42013761512294
STU_019381,64.82835946503809
STU_019382,66.9019046910451
STU_019383,84.41893706749764
STU_019384,62.630264907127305
STU_019385,84.67146131777757
STU_019386,67.5510589226898
STU_019387,56.619315460710595
STU_019388,65.95772872490495
STU_019389,99.21062813555307
STU_019390,42.77300602361197
STU_019391,78.04920438400389
STU_019392,78.2689341655778
STU_019393,75.59881835378715
STU_019394,72.37737536475397
STU_019395,79.2473111067612
STU_019396,97.82433659534331
STU_019397,72.03427331418975
STU_019398,56.57680651266453
STU_019399,57.122888365293434
STU_019400,95.55473230588976
STU_019401,64.83933021884195
STU_019402,63.41508844749344
STU_019403,86.29598161320902
STU_019404,87.4310869567613
STU_019405,78.5617697165916
STU_019406,73.75377494690497
STU_019407,63.06555339011094
STU_019408,81.94133003901212
STU_019409,74.40941210111023
STU_019410,71.15399681521883
STU_019411,85.0777358801046
STU_019412,57.27079130426203
STU_019413,73.25507328119453
STU_019414,70.90372996121545
STU_019415,84.48249120191741
STU_019416,81.39418462613236
STU_019417,91.91164966758421
STU_019418,93.05473401253792
STU_019419,71.74973011310544
STU_019420,72.21925264185256
STU_019421,84.01913840914368
STU_019422,79.30192337815687
STU_019423,72.91323376954062
STU_019424,94.8678095673121
STU_019425,61.02437074160031
STU_019426,80.03604930437785
STU_019427,87.03160361483387
STU_019428,92.83334439178357
STU_019429,70.13002588378929
STU_019430,83.67366525343175
STU_019431,50.24574292742038
STU_019432,77.52955154248195
STU_019433,61.14153663420094
STU_019434,52.457194292643436
STU_019435,98.7630451363409
STU_019436,59.053536426963795
STU_019437,95.97048734935015
STU_019438,82.57151915213852
STU_019439,54.02623985372455
STU_019440,67.72884443697887
STU_019441,81.41150658018904
STU_019442,74.33147632778287
STU_019443,59.036667402245634
STU_019444,96.41423579698989
STU_019445,91.11971179374535
STU_019446,48.37635088628687
STU_019447,77.35047710257633
STU_019448,68.78440737134795
STU_019449,60.4008369085021
STU_019450,70.46901491161113
STU_019451,67.75869012409242
STU_019452,84.85116407587788
STU_019453,81.78510852349633
STU_019454,72.62132073668954
STU_019455,70.49402267938473
STU_019456,69.9721582902086
STU_019457,66.52542023057254
STU_019458,69.54228264498488
STU_019459,61.74297923879912
STU_019460,89.69384224449816
STU_019461,93.81228884424968
STU_019462,99.5731695861258
STU_019463,66.5883274662214
STU_019464,75.78835636563302
STU_019465,66.72483676192331
STU_019466,68.44270540789407
STU_019467,71.68316895858148
STU_019468,86.54832199016704
STU_019469,73.31836333766327
STU_019470,92.40388822520848
STU_019471,97.74281628695469
STU_019472,86.93919812581177
STU_019473,90.82629868391967
STU_019474,64.06589056787118
STU_019475,59.46357668638352
STU_019476,94.87084190817276
STU_019477,65.3860563742821
STU_019478,70.6941799243856
STU_019479,72.48019834445806
STU_019480,92.41762274786586
STU_019481,67.33377981650426
STU_019482,70.55114754124537
STU_019483,70.71646684497532
STU_019484,83.1379043015018
STU_019485,56.974465924322615
STU_019486,35.96932781955513
STU_019487,67.30290345839603
STU_019488,94.19002369156989
STU_019489,63.30170017106154
STU_019490,74.94481340760606
STU_019491,58.64791829516939
STU_019492,73.3307594893214
STU_019493,62.47984345276257
STU_019494,60.440802833518475
STU_019495,94.06718072795039
STU_019496,93.54096713310304
STU_019497,53.257859414212064
STU_019498,90.35788133277501
STU_019499,91.92261388947593
STU_019500,88.67023351522212
STU_019501,85.27235257303589
STU_019502,62.664543415601216
STU_019503,69.72098078029224
STU_019504,95.07353104991789
STU_019505,59.83482695467005
STU_019506,80.62310925176668
STU_019507,90.79891014657687
STU_019508,97.22998916892254
STU_019509,98.15021463778999
STU_019510,91.92745266104447
STU_019511,54.76675322963766
STU_019512,80.94390734022619
STU_019513,65.8382751399194
STU_019514,56.298506787071304
STU_019515,61.00851590480039
STU_019516,84.1507725712312
STU_019517,63.69309105143342
STU_019518,66.3064785057041
STU_019519,67.07357296305693
STU_019520,83.60784071787279
STU_019521,64.58644363765639
STU_019522,74.42281201739549
STU_019523,95.63405782238007
STU_019524,81.18017302406538
STU_019525,86.46559412774583
STU_019526,72.9041441533962
STU_019527,73.5265583897725
STU_019528,70.5850367213741
STU_019529,90.70973879646533
STU_019530,93.00246488255905
STU_019531,92.01111262171386
STU_019532,42.80719942504254
STU_019533,76.79325400463928
STU_019534,71.90963207942079
STU_019535,71.09183509213821
STU_019536,64.32435493322888
STU_019537,52.45466367852073
STU_019538,73.93873308160079
STU_019539,68.09504863442646
STU_019540,59.923498058883105
STU_019541,77.69990716353699
STU_019542,99.82417249679565
STU_019543,99.98200702667236
STU_019544,72.91521358363022
STU_019545,88.83309485020827
STU_019546,55.53730075148309
STU_019547,66.84816882279455
STU_019548,88.52484649953229
STU_019549,89.54470674324835
STU_019550,97.29172055962272
STU_019551,79.83173535923316
STU_019552,70.6284069224838
STU_019553,73.18185176774188
STU_019554,62.352543144598954
STU_019555,99.65698826598788
STU_019556,72.08492640267619
STU_019557,99.47791862487793
STU_019558,55.77722296593062
STU_019559,87.45518358391942
STU_019560,75.98205140817109
STU_019561,41.43502892349388
STU_019562,95.30245608068776
STU_019563,73.7998937817679
STU_019564,67.525471732821
STU_019565,59.86812162454323
STU_019566,81.67082208742504
STU_019567,83.18250552362719
STU_019568,68.81662058271695
STU_019569,64.4989676911448
STU_019570,70.53980404886548
STU_019571,44.93059571592319
STU_019572,65.97665845750132
STU_019573,69.44096924186502
STU_019574,78.78753065693466
STU_019575,80.4347274815851
STU_019576,93.73857012647674
STU_019577,65.44029348962357
STU_019578,64.4982401521397
STU_019579,70.09626481812984
STU_019580,66.8027270037237
STU_019581,99.48597160610396
STU_019582,73.0916598143117
STU_019583,70.75255679875255
STU_019584,65.97956332706359
STU_019585,83.92979307106559
STU_019586,72.56505162714205
STU_019587,91.11314355761377
STU_019588,78.3902844678243
STU_019589,64.2967805899894
STU_019590,99.47928478710394
STU_019591,92.1538916372948
STU_019592,71.94596673993438
STU_019593,66.60587497021487
STU_019594,94.87268555960468
STU_019595,74.41552920732518
STU_019596,95.87301247429846
STU_019597,69.59431274169208
STU_019598,77.13479519860972
STU_019599,66.55231676364804
STU_019600,99.47422588244075
STU_019601,79.95889052490719
STU_019602,77.11719204544428
STU_019603,95.25551710000263
STU_019604,93.11986703746805
STU_019605,74.19332277479629
STU_019606,83.81687533779284
STU_019607,58.5908575573629
STU_019608,72.23630369129688
STU_019609,91.32983646981302
STU_019610,59.749022511809635
STU_019611,68.03709215471744
STU_019612,57.55989091665491
STU_019613,56.26852994499769
STU_019614,62.682764654578904
STU_019615,94.46649460175155
STU_019616,67.64808577152445
STU_019617,75.7397587032134
STU_019618,61.61391606287355
STU_019619,87.522461834136
STU_019620,75.38979765336634
STU_019621,73.57714154256529
STU_019622,79.67932739443984
STU_019623,73.02432715822152
STU_019624,99.0235721222908
STU_019625,33.57730477409255
STU_019626,86.35896351949805
STU_019627,94.18912505835591
STU_019628,70.64485471194835
STU_019629,78.79331060084482
STU_019630,95.78958461328843
STU_019631,59.60110384895653
STU_019632,95.80162820143568
STU_019633,91.54466895934897
STU_019634,87.71827558460424
STU_019635,76.69375039033187
STU_019636,63.77854084155177
STU_019637,79.09905337834874
STU_019638,65.52474112390205
STU_019639,66.65782790535572
STU_019640,82.80945323869236
STU_019641,93.93985362818125
STU_019642,78.6684956162977
STU_019643,88.32757174224525
STU_019644,73.45201748900489
STU_019645,73.41930888080861
STU_019646,69.74056785567248
STU_019647,78.57810456419274
STU_019648,55.96024646934903
STU_019649,59.550056846567415
STU_019650,68.59876215954003
STU_019651,73.01320659252812
STU_019652,71.7287264974253
STU_019653,68.34584722638377
STU_019654,52.8309698501012
STU_019655,60.17872156341975
STU_019656,49.80447690943164
STU_019657,75.48552346573094
STU_019658,68.43939700843376
STU_019659,78.39870826779256
STU_019660,69.40706308826267
STU_019661,80.06290437326156
STU_019662,68.18061826572311
STU_019663,76.34862165189779
STU_019664,64.62756422559318
STU_019665,88.90609555193012
STU_019666,91.21062806754531
STU_019667,74.66871473358202
STU_019668,53.298365442474875
STU_019669,61.48522361813375
STU_019670,86.95703080880344
STU_019671,52.71334079618575
STU_019672,83.29029885752792
STU_019673,76.95918198567253
STU_019674,81.00982656585988
STU_019675,79.13362577304753
STU_019676,81.43353900034217
STU_019677,86.00950150043224
STU_019678,99.8669810209603
STU_019679,92.8899213888447
STU_019680,84.47907343291291
STU_019681,94.65456703288572
STU_019682,93.37522711603734
STU_019683,68.88010134467999
STU_019684,68.79955867067108
STU_019685,93.92373035478103
STU_019686,83.83514574227436
STU_019687,63.67203568930665
STU_019688,80.83495035075
STU_019689,65.30911587519445
STU_019690,78.99955053428062
STU_019691,61.60392609995802
STU_019692,55.62623365552436
STU_019693,98.64206525013822
STU_019694,79.95364525425026
STU_019695,56.37799393006135
STU_019696,67.412872690164
STU_019697,93.58046802546981
STU_019698,92.40654996954817
STU_019699,81.01801038702968
STU_019700,84.04770068764134
STU_019701,73.97896472351496
STU_019702,76.11409223817301
STU_019703,81.4465604939684
STU_019704,75.3424952286055
STU_019705,59.42949236828441
STU_019706,92.30403407351176
STU_019707,59.363024277890545
STU_019708,77.91085568320852
STU_019709,71.81782791539743
STU_019710,61.87861998973237
STU_019711,97.66407551690895
STU_019712,47.276023847842126
STU_019713,92.10824270195708
STU_019714,62.70011056761
STU_019715,89.5792831135729
STU_019716,84.85128521595522
STU_019717,97.11923192863185
STU_019718,68.970530905614
STU_019719,95.18774375031417
STU_019720,94.8365841323816
STU_019721,54.90359133466376
STU_019722,73.78420072517069
STU_019723,78.73595050014663
STU_019724,72.30707623097915
STU_019725,90.48193856952008
STU_019726,59.74727518162965
STU_019727,91.64231743744813
STU_019728,79.09942693083262
STU_019729,67.69396510343877
STU_019730,71.7675640493618
STU_019731,62.083493306144405
STU_019732,89.88689124549468
STU_019733,75.24262269018618
STU_019734,75.48768560572626
STU_019735,85.49111449788045
STU_019736,98.66591532628817
STU_019737,97.17576217062125
STU_019738,88.15013384837073
STU_019739,69.2311601705116
STU_019740,72.00095726454099
STU_019741,99.8606157564967
STU_019742,75.74959026241072
STU_019743,83.42440824011504
STU_019744,73.6810052650868
STU_019745,84.74706811303926
STU_019746,95.49608899069433
STU_019747,77.88236642718155
STU_019748,59.89179265930625
STU_019749,64.34925501967484
STU_019750,73.4192717781371
STU_019751,73.39840958067472
STU_019752,60.92537623595619
STU_019753,93.18997750292709
STU_019754,70.67948015825826
STU_019755,83.64884227684857
STU_019756,51.179145384393145
STU_019757,87.63102815890959
STU_019758,58.71942303354168
STU_019759,75.32961690827784
STU_019760,80.92267066024493
STU_019761,67.13823842628165
STU_019762,87.5031885599584
STU_019763,71.82987690622285
STU_019764,61.27322859188388
STU_019765,90.0139098440157
STU_019766,64.5191687454986
STU_019767,49.819764287789795
STU_019768,80.37547833872523
STU_019769,63.121196032957776
STU_019770,78.75416058356521
STU_019771,94.2556133919518
STU_019772,69.73925586196142
STU_019773,89.13103050821155
STU_019774,48.9297531914228
STU_019775,88.34289229624571
STU_019776,58.08524472075011
STU_019777,73.25371978904298
STU_019778,74.64884057690487
STU_019779,73.95682679887062
STU_019780,86.90511122350298
STU_019781,52.61041562065317
STU_019782,74.16387729503907
STU_019783,63.82473845686978
STU_019784,82.56536050031471
STU_019785,76.92131001675683
STU_019786,50.83588195516069
STU_019787,73.60383868464018
STU_019788,72.89946588283141
STU_019789,80.08943100711919
STU_019790,64.39004656595341
STU_019791,51.602220627758584
STU_019792,80.35178764562762
STU_019793,66.93380728903406
STU_019794,86.55624191062975
STU_019795,73.06478627959052
STU_019796,84.4506187053868
STU_019797,43.39627904839689
STU_019798,92.21615532480587
STU_019799,79.44031028995487
STU_019800,52.2315382171216
STU_019801,78.73006749519803
STU_019802,94.90331508564822
STU_019803,66.7798172465493
STU_019804,78.2489271319757
STU_019805,72.43316266242383
STU_019806,60.58547489972313
STU_019807,58.905092931572355
STU_019808,66.90250090755511
STU_019809,95.92992442202595
STU_019810,64.4914044553763
STU_019811,66.96690802133743
STU_019812,86.90066129855734
STU_019813,74.82417459879827
STU_019814,82.73940895044187
STU_019815,88.29242555235439
STU_019816,72.16463417096581
STU_019817,94.04836469992048
STU_019818,67.6055659829193
STU_019819,96.36968047864016
STU_019820,57.74467884523084
STU_019821,84.13163016037905
STU_019822,64.248225070365
STU_019823,79.54581491247268
STU_019824,99.65515389899821
STU_019825,77.23455863394284
STU_019826,84.89823867947761
STU_019827,82.15203867147741
STU_019828,83.15058569154597
STU_019829,74.09647506301928
STU_019830,96.82232826535078
STU_019831,86.33563140116283
STU_019832,90.43638179263951
STU_019833,72.05942674055119
STU_019834,72.83280354905875
STU_019835,66.98239003844922
STU_019836,86.36172369521216
STU_019837,74.9238269962069
STU_019838,78.20266542797673
STU_019839,81.27471673568812
STU_019840,62.756684215554756
STU_019841,66.72704189961291
STU_019842,70.44465552705583
STU_019843,67.06049036930493
STU_019844,72.61664374742918
STU_019845,75.41691864591103
STU_019846,97.29389005494602
STU_019847,99.60257264906369
STU_019848,68.51353206277987
STU_019849,94.42016214766868
STU_019850,77.38593612443083
STU_019851,99.35448018303148
STU_019852,61.85246350072823
STU_019853,89.55836292050773
STU_019854,80.00175241613611
STU_019855,76.67074782435756
STU_019856,68.31221700386963
STU_019857,83.54496480455863
STU_019858,98.36138474424747
STU_019859,95.05568175387997
STU_019860,85.89297560828979
STU_019861,62.50603241654147
STU_019862,69.62759816099434
STU_019863,76.36461530600148
STU_019864,80.48109187142342
STU_019865,91.44687551217805
STU_019866,92.48986881331714
STU_019867,75.72966059204742
STU_019868,79.86292268602278
STU_019869,72.40938079667814
STU_019870,74.09248846387348
STU_019871,93.46032098270214
STU_019872,99.86278247833252
STU_019873,76.61509963317698
STU_019874,51.8114698917376
STU_019875,78.09081423387074
STU_019876,99.07833593673028
STU_019877,64.16892208682478
STU_019878,62.05090665326608
STU_019879,90.44055076083895
STU_019880,53.7922925366865
STU_019881,70.29561842890998
STU_019882,92.44899720834624
STU_019883,60.2486867839052
STU_019884,67.61329054849907
STU_019885,79.08476532898402
STU_019886,73.84072848960588
STU_019887,99.89155828567968
STU_019888,58.711752033109796
STU_019889,85.53536101955335
STU_019890,77.89011538294073
STU_019891,75.62011068165228
STU_019892,66.59828408803088
STU_019893,94.27108616101117
STU_019894,58.78531762619521
STU_019895,76.40675033231228
STU_019896,82.8630902412385
STU_019897,79.40701524446425
STU_019898,72.77210872504386
STU_019899,82.33837099271463
STU_019900,83.89630576286413
STU_019901,66.57467268197247
STU_019902,73.98367544800433
STU_019903,85.01890421587237
STU_019904,68.03486192919854
STU_019905,77.73342140918251
STU_019906,71.07730209065885
STU_019907,59.31726200401813
STU_019908,51.19928985935415
STU_019909,64.61453975735282
STU_019910,96.47263740305041
STU_019911,99.81531189419803
STU_019912,64.03726617863393
STU_019913,78.03605548365664
STU_019914,57.672923428570726
STU_019915,77.05242287434424
STU_019916,63.5304160059453
STU_019917,63.46383481047984
STU_019918,95.80932525733127
STU_019919,70.40765840200451
STU_019920,93.96306553909596
STU_019921,69.52482666657451
STU_019922,96.95762353826355
STU_019923,57.63498439505166
STU_019924,98.3747068706098
STU_019925,88.48358265990444
STU_019926,68.01427592939231
STU_019927,80.29361347116544
STU_019928,79.8377354308069
STU_019929,86.36939936408785
STU_019930,68.53533365434231
STU_019931,98.1526744485781
STU_019932,85.4163981712573
STU_019933,59.088564934137395
STU_019934,88.70331012573445
STU_019935,51.80976207625386
STU_019936,87.01069766545
STU_019937,83.41546001228508
STU_019938,68.19312144626625
STU_019939,87.38798186762403
STU_019940,86.92135091604008
STU_019941,71.5011102536311
STU_019942,71.94555270023082
STU_019943,82.1950355962727
STU_019944,97.20559899165602
STU_019945,80.42958418384548
STU_019946,90.7431519787431
STU_019947,76.09090416446975
STU_019948,87.54873987412203
STU_019949,78.87153402659564
STU_019950,72.56528003077192
STU_019951,66.2352227889473
STU_019952,56.67206558651068
STU_019953,67.06293102814845
STU_019954,82.21801573509526
STU_019955,65.2587925752411
STU_019956,57.29372318041922
STU_019957,79.62123596223503
STU_019958,76.59843999983921
STU_019959,77.58704411015798
STU_019960,66.12362570321693
STU_019961,71.12226890888876
STU_019962,80.51457007973613
STU_019963,60.33130970637208
STU_019964,70.04495207884304
STU_019965,64.93742598551405
STU_019966,83.9192764638647
STU_019967,96.94442732158058
STU_019968,74.25968944659814
STU_019969,52.93852239951993
STU_019970,93.15109848243785
STU_019971,91.16413985077534
STU_019972,73.31008146649835
STU_019973,77.3506423179056
STU_019974,89.52410699631295
STU_019975,74.48454896830904
STU_019976,75.1578382224308
STU_019977,67.89007372986403
STU_019978,55.05373116541108
STU_019979,54.853461684693045
STU_019980,60.72106340710302
STU_019981,99.8020281791687
STU_019982,75.2523204109761
STU_019983,86.81533735203959
STU_019984,97.5214716125125
STU_019985,83.60698397440086
STU_019986,96.10666982976456
STU_019987,83.2892805797255
STU_019988,67.59301631502127
STU_019989,69.02909648227308
STU_019990,78.30443617896317
STU_019991,83.18002914505378
STU_019992,86.5549472152592
STU_019993,86.80349759976166
STU_019994,50.75057453223579
STU_019995,78.24333241548646
STU_019996,60.61339787944178
STU_019997,84.3379636141084
STU_019998,52.56190609305182
STU_019999,92.53808844393272
STU_020000,74.3835062739458
