student_id,career_success_score
STU_010001,58.67294734283124
STU_010002,80.2001050193747
STU_010003,74.0104355539245
STU_010004,98.0340394737398
STU_010005,78.5021962026953
STU_010006,70.9660492812281
STU_010007,74.26234114747815
STU_010008,74.85127541671143
STU_010009,70.06951447795706
STU_010010,58.63735777454295
STU_010011,96.30841000873093
STU_010012,78.13157253658638
STU_010013,80.23542223523022
STU_010014,93.74784743776702
STU_010015,51.33355623137719
STU_010016,68.62144435247023
STU_010017,59.489748021388316
STU_010018,59.44123388760562
STU_010019,89.50110955420651
STU_010020,69.36125548650689
STU_010021,85.84720628207147
STU_010022,96.75757208812234
STU_010023,92.14477691166798
STU_010024,65.69114026494829
STU_010025,79.39873869481356
STU_010026,90.76279188027576
STU_010027,75.93743515679759
STU_010028,89.07480071984794
STU_010029,96.61584674704969
STU_010030,61.47969067952397
STU_010031,64.407464239756
STU_010032,91.3102730974158
STU_010033,56.837731389454206
STU_010034,87.83980713103016
STU_010035,79.31536278328385
STU_010036,66.68872134904373
STU_010037,70.32683001031968
STU_010038,90.17772216924756
STU_010039,64.37372073820143
STU_010040,81.97120139136567
STU_010041,89.6531074639282
STU_010042,61.21224140908279
STU_010043,81.36388121243643
STU_010044,71.07521474542033
STU_010045,82.11823162054897
STU_010046,58.473308478410786
STU_010047,68.43621937832403
STU_010048,81.65489097445136
STU_010049,50.414634668454426
STU_010050,61.15369278602218
STU_010051,74.75182012519961
STU_010052,66.40999312939196
STU_010053,62.757785922055575
STU_010054,70.49452807467331
STU_010055,64.79212729877611
STU_010056,61.446934982586185
STU_010057,63.87421063807625
STU_010058,98.6200762481313
STU_010059,88.35041447505489
STU_010060,71.51656563114813
STU_010061,39.546879484679266
STU_010062,77.18515057345927
STU_010063,68.23913546413155
STU_010064,89.53956837922145
STU_010065,57.05837468713557
STU_010066,58.4061126284096
STU_010067,91.52126896567377
STU_010068,58.927336002699214
STU_010069,68.03660138814897
STU_010070,65.10526447721557
STU_010071,94.76295700249644
STU_010072,67.10542500039696
STU_010073,93.57893317841791
STU_010074,59.27039387765733
STU_010075,77.08713238204595
STU_010076,95.77732456017642
STU_010077,84.23063939631623
STU_010078,86.47487367022826
STU_010079,77.0832242057668
STU_010080,80.66812246665464
STU_010081,61.27266008142779
STU_010082,77.269465343043
STU_010083,78.53898326425278
STU_010084,81.09533931660451
STU_010085,73.04541622638968
STU_010086,81.60142750285442
STU_010087,70.68533505250953
STU_010088,63.90183774980525
STU_010089,84.80829707580848
STU_010090,78.22093044729917
STU_010091,57.41765218222923
STU_010092,69.21759446644144
STU_010093,61.18366416176602
STU_010094,91.8852431335328
STU_010095,56.96124892279711
STU_010096,84.03350202019067
STU_010097,67.65463777905696
STU_010098,83.11856934097094
STU_010099,67.41717594561828
STU_010100,69.15316914618995
STU_010101,77.87300617233257
STU_010102,64.23339230730153
STU_010103,91.55679656520773
STU_010104,54.713569813264755
STU_010105,97.6854023394364
STU_010106,51.97790193944761
STU_010107,81.01522945611421
STU_010108,79.76952142604814
STU_010109,72.60519373207907
STU_010110,81.54924528643718
STU_010111,88.61112851323739
STU_010112,79.15800630954548
STU_010113,70.37608563436018
STU_010114,84.69974082559901
STU_010115,78.0809169600995
STU_010116,89.33217195035873
STU_010117,77.91706578180194
STU_010118,90.06689706815473
STU_010119,69.46615614551882
STU_010120,70.09841798970788
STU_010121,79.96568773152424
STU_010122,78.24938389402475
STU_010123,92.76234312082171
STU_010124,75.46400890220848
STU_010125,84.83697083458627
STU_010126,74.81773282655604
STU_010127,58.93713540195992
STU_010128,91.71231295166046
STU_010129,81.77493013902547
STU_010130,72.79996638301164
STU_010131,63.48110094463168
STU_010132,71.95611004001199
STU_010133,73.94778681026837
STU_010134,67.69237449988475
STU_010135,42.66322443666557
STU_010136,71.86739298851204
STU_010137,60.64944244423506
STU_010138,75.32055362280141
STU_010139,77.56982247081874
STU_010140,89.17893091772238
STU_010141,59.01873736890061
STU_010142,85.89850126910102
STU_010143,74.82382571261778
STU_010144,75.51345133720704
STU_010145,93.80161367107789
STU_010146,80.6117684639506
STU_010147,51.17330071831172
STU_010148,56.16396777275115
STU_010149,58.7976885603172
STU_010150,91.02448555875831
STU_010151,74.0578856015462
STU_010152,81.57079112474655
STU_010153,73.21983473950625
STU_010154,80.91122504341293
STU_010155,64.24457912225427
STU_010156,92.18154219416667
STU_010157,100.0
STU_010158,71.336364530118
STU_010159,84.95281947854714
STU_010160,65.67583791266337
STU_010161,94.67915109733528
STU_010162,99.64641304808828
STU_010163,78.30888123703448
STU_010164,72.28826485982029
STU_010165,73.07099995606995
STU_010166,88.03811865385495
STU_010167,83.77378151510949
STU_010168,75.53597567808713
STU_010169,72.78321922565033
STU_010170,85.5195624690234
STU_010171,70.13275503266108
STU_010172,99.20501119940354
STU_010173,69.95063455834895
STU_010174,75.91124218003542
STU_010175,76.75530674091925
STU_010176,67.30345066151564
STU_010177,90.87986027747195
STU_010178,81.8168206592459
STU_010179,83.32142394791789
STU_010180,78.02734457214187
STU_010181,78.02233348164215
STU_010182,79.45247399971487
STU_010183,78.8240409328657
STU_010184,84.76800420504242
STU_010185,64.68478619020254
STU_010186,87.99649929258979
STU_010187,68.74555747314773
STU_010188,90.57313499852445
STU_010189,72.41513973001975
STU_010190,62.154977483760796
STU_010191,47.24444192879764
STU_010192,86.01304394009345
STU_010193,62.73989252546869
STU_010194,88.68488202876347
STU_010195,84.79035224175504
STU_010196,69.74854176553409
STU_010197,78.61369366982368
STU_010198,84.22248558404323
STU_010199,96.5564397411415
STU_010200,71.93313282274232
STU_010201,99.36907215854106
STU_010202,80.21046558300179
STU_010203,74.88657885339006
STU_010204,95.1841243368302
STU_010205,82.09756497147318
STU_010206,92.15382987844646
STU_010207,49.667088719904775
STU_010208,73.19988936509273
STU_010209,66.31397443686136
STU_010210,89.35780346224578
STU_010211,74.02119585515614
STU_010212,90.61386347797838
STU_010213,87.77496331870944
STU_010214,65.3392158500844
STU_010215,68.44914024475061
STU_010216,59.910573055104614
STU_010217,81.6083221353478
STU_010218,57.89380031951943
STU_010219,80.47673575866978
STU_010220,69.07071806311927
STU_010221,80.36719187394837
STU_010222,55.929100065100485
STU_010223,77.43100965472834
STU_010224,100.0
STU_010225,59.94104139992981
STU_010226,85.79795391088126
STU_010227,55.65403124436355
STU_010228,86.9829745300515
STU_010229,76.03403475007299
STU_010230,60.64027781056714
STU_010231,53.92438434639803
STU_010232,93.71049661347965
STU_010233,59.098862508091344
STU_010234,81.53655184455576
STU_010235,48.82948294467538
STU_010236,92.72866197421989
STU_010237,83.0398340913517
STU_010238,73.3197777712588
STU_010239,50.82710431204618
STU_010240,72.36418809249116
STU_010241,81.41484916811751
STU_010242,77.61170298058575
STU_010243,65.93913254829671
STU_010244,86.47964664843718
STU_010245,59.19654624696168
STU_010246,47.67230143587152
STU_010247,95.08123220166382
STU_010248,87.01470687754274
STU_010249,68.79279600783931
STU_010250,97.18579664519918
STU_010251,74.97881020008897
STU_010252,100.0
STU_010253,63.7952266584839
STU_010254,95.89554700103915
STU_010255,68.47771550644251
STU_010256,60.85040878184307
STU_010257,74.15109899129911
STU_010258,82.08757161455821
STU_010259,80.2432142924199
STU_010260,64.38954142307591
STU_010261,64.03887800435403
STU_010262,57.09740842858773
STU_010263,58.66789872719872
STU_010264,100.0
STU_010265,71.13648851324277
STU_010266,80.45199875052279
STU_010267,65.03672622544757
STU_010268,83.05670586844519
STU_010269,76.19471026401072
STU_010270,89.8385827672119
STU_010271,87.05512241873912
STU_010272,63.602528690446036
STU_010273,80.18839391447986
STU_010274,60.15193493701432
STU_010275,89.85022586131937
STU_010276,63.479517266978846
STU_010277,81.49105421633426
STU_010278,83.5885841006637
STU_010279,65.41477960402992
STU_010280,68.0544065580993
STU_010281,60.915522580752935
STU_010282,66.95220859496897
STU_010283,82.9930427707734
STU_010284,68.26003137602854
STU_010285,58.643137776189974
STU_010286,78.58615195970097
STU_010287,92.55024605871466
STU_010288,62.73401752022282
STU_010289,56.418377138604896
STU_010290,80.30413485925638
STU_010291,45.91856146707721
STU_010292,86.14214177485525
STU_010293,66.64994469057264
STU_010294,59.973266385792655
STU_010295,68.56404813351361
STU_010296,81.35493980019749
STU_010297,84.32988567565464
STU_010298,94.8074956640436
STU_010299,89.1393393619415
STU_010300,60.96405753150715
STU_010301,77.6246424070066
STU_010302,81.83335998624614
STU_010303,70.57630673535478
STU_010304,59.952461671985525
STU_010305,81.74827854017938
STU_010306,64.01858786238347
STU_010307,67.09038125387653
STU_010308,74.07069322065612
STU_010309,71.09706307095995
STU_010310,57.54647965752295
STU_010311,64.63761202439599
STU_010312,76.4001757065602
STU_010313,80.27842263490577
STU_010314,83.30830448223797
STU_010315,87.13966215024342
STU_010316,93.55404753058797
STU_010317,86.5749098185031
STU_010318,72.1264196987886
STU_010319,89.40895392943652
STU_010320,97.79350493949258
STU_010321,68.29268118861273
STU_010322,92.8548835447928
STU_010323,72.53704328005783
STU_010324,93.60291561323746
STU_010325,90.33335215519392
STU_010326,79.4157371814476
STU_010327,67.84435290649652
STU_010328,81.80679809348788
STU_010329,93.24967623444137
STU_010330,82.94806324076906
STU_010331,95.78350250618135
STU_010332,62.915868613279144
STU_010333,100.0
STU_010334,70.76942475214221
STU_010335,93.37031580913481
STU_010336,57.36126609622199
STU_010337,62.081535733607495
STU_010338,84.41278228816512
STU_010339,80.8006229051729
STU_010340,60.4315886099337
STU_010341,97.1050485287139
STU_010342,60.09979562110101
STU_010343,63.33419358656184
STU_010344,76.95845172669418
STU_010345,81.26626886261653
STU_010346,88.43173110294892
STU_010347,52.570620619853244
STU_010348,59.96564332292371
STU_010349,84.13967204708545
STU_010350,83.19833181027704
STU_010351,69.55324553924746
STU_010352,70.18296997822898
STU_010353,93.5567155056345
STU_010354,71.62899669565432
STU_010355,74.69579630178347
STU_010356,86.86448132449381
STU_010357,90.87102093832681
STU_010358,77.5983490297295
STU_010359,63.22812881055293
STU_010360,69.83435518598577
STU_010361,97.49332216976286
STU_010362,74.42039662905164
STU_010363,76.03869876501352
STU_010364,95.3342052868683
STU_010365,84.41348524776991
STU_010366,96.83280801150629
STU_010367,68.98181115525595
STU_010368,65.97524493957505
STU_010369,88.19588514701432
STU_010370,81.28130288654343
STU_010371,65.78277246777529
STU_010372,77.44484281190492
STU_010373,67.30343352295358
STU_010374,84.4464158299975
STU_010375,97.06692121344089
STU_010376,56.14476946220684
STU_010377,78.05435190777996
STU_010378,76.04366146764814
STU_010379,69.55982182649629
STU_010380,62.85746247470586
STU_010381,75.16186690103316
STU_010382,89.2483874481525
STU_010383,80.09906848133029
STU_010384,91.75594177336716
STU_010385,79.44738637926586
STU_010386,63.86827323815474
STU_010387,59.413286645250324
STU_010388,95.58060617185141
STU_010389,70.54550096067507
STU_010390,56.473303461084775
STU_010391,61.54387801475299
STU_010392,74.93553107668893
STU_010393,80.0416093951872
STU_010394,74.26615175200692
STU_010395,75.69620785092894
STU_010396,78.52080989483397
STU_010397,84.78988634509093
STU_010398,86.37517039463292
STU_010399,60.22498312630704
STU_010400,70.61726147994816
STU_010401,49.47525538681393
STU_010402,68.0296315944613
STU_010403,79.3427048171475
STU_010404,87.82007009267494
STU_010405,83.01987778681094
STU_010406,74.6471290411381
STU_010407,90.77150258759161
STU_010408,67.07474187892612
STU_010409,95.68658087411099
STU_010410,66.23409740368228
STU_010411,89.09657972862186
STU_010412,95.6074432053402
STU_010413,83.03341208876874
STU_010414,83.64579597300519
STU_010415,85.68817268070383
STU_010416,81.16516886912656
STU_010417,99.5449587296829
STU_010418,72.24118139826358
STU_010419,93.84310485764863
STU_010420,89.01777522186524
STU_010421,83.85401081643965
STU_010422,69.48018770017043
STU_010423,73.67853941796213
STU_010424,53.265142358823994
STU_010425,55.05881382725338
STU_010426,75.07099413996795
STU_010427,61.81950780524211
STU_010428,72.36134188957034
STU_010429,54.2172371428872
STU_010430,88.45206704308444
STU_010431,48.89763950561316
STU_010432,75.87365086709673
STU_010433,72.27547144092769
STU_010434,88.73421172101204
STU_010435,61.60329844688519
STU_010436,78.11164967733279
STU_010437,51.104618331570904
STU_010438,100.0
STU_010439,67.60887726709137
STU_010440,90.82224307940201
STU_010441,56.54054178584131
STU_010442,72.71322131828913
STU_010443,81.76861806551914
STU_010444,67.23561181056118
STU_010445,73.57232959270476
STU_010446,46.51395389512092
STU_010447,78.43946682363529
STU_010448,77.1383732407994
STU_010449,70.54059565581746
STU_010450,61.263292235291985
STU_010451,91.14576356728264
STU_010452,81.30389096209608
STU_010453,68.57497085717836
STU_010454,68.62504512867336
STU_010455,48.8426194886206
STU_010456,81.59943121385463
STU_010457,72.93544146705506
STU_010458,84.50098156210119
STU_010459,78.19622321162763
STU_010460,70.1700032955745
STU_010461,71.43632648615215
STU_010462,56.51216703025858
STU_010463,89.24069144552413
STU_010464,87.55833443319094
STU_010465,57.48802750361785
STU_010466,68.77960794294623
STU_010467,81.94128082343322
STU_010468,70.43541496396524
STU_010469,77.03295840135351
STU_010470,72.1744623475747
STU_010471,97.28869859623677
STU_010472,55.2958064961089
STU_010473,85.24766823695651
STU_010474,84.78430621894539
STU_010475,82.09418163901948
STU_010476,64.36100726635956
STU_010477,70.5078553650101
STU_010478,94.72485399463862
STU_010479,62.84041800210801
STU_010480,69.86258077871044
STU_010481,63.85765280994303
STU_010482,75.02450607550003
STU_010483,88.06138463316167
STU_010484,74.092680086236
STU_010485,47.55491080686672
STU_010486,74.59953445646528
STU_010487,92.83437425819392
STU_010488,80.60578035407961
STU_010489,82.21606210224462
STU_010490,82.15610642316014
STU_010491,72.0448471623886
STU_010492,76.5114974673768
STU_010493,79.45383313866176
STU_010494,59.98201139151369
STU_010495,40.92437885502754
STU_010496,97.86759153362746
STU_010497,65.20975069023646
STU_010498,71.87024537140783
STU_010499,65.48816205129248
STU_010500,71.15525326993142
STU_010501,75.55232990370808
STU_010502,66.6735748649078
STU_010503,76.67255247431049
STU_010504,69.49259733758107
STU_010505,60.740761656690324
STU_010506,89.16563354159484
STU_010507,66.87342789581346
STU_010508,64.63135414461188
STU_010509,78.28598327426295
STU_010510,50.03913686058717
STU_010511,60.161594897771295
STU_010512,72.12196015432608
STU_010513,91.85739401978616
STU_010514,74.29299204123623
STU_010515,87.987714225911
STU_010516,81.68033173211755
STU_010517,98.26757031818423
STU_010518,52.178038848246274
STU_010519,82.86991133876575
STU_010520,87.03086442805602
STU_010521,98.8896216334261
STU_010522,74.87587429500886
STU_010523,78.901031007115
STU_010524,89.93184764628575
STU_010525,67.72901816834928
STU_010526,55.11769685859881
STU_010527,84.14346809319578
STU_010528,83.02475367815626
STU_010529,49.72836505563848
STU_010530,74.49896221247701
STU_010531,67.59803676434242
STU_010532,59.87589651583197
STU_010533,83.22309548012706
STU_010534,80.11210675087868
STU_010535,88.43312129249654
STU_010536,76.79769582891295
STU_010537,77.39865665244767
STU_010538,77.15956026993643
STU_010539,58.69895529460236
STU_010540,51.373244227009195
STU_010541,84.99301209222497
STU_010542,99.61824897263959
STU_010543,82.65728711152417
STU_010544,72.84549875164551
STU_010545,80.83394516040572
STU_010546,69.42068287800562
STU_010547,76.02994990627226
STU_010548,100.0
STU_010549,64.32306147400342
STU_010550,78.4148325082884
STU_010551,57.3654828302127
STU_010552,97.42356586142236
STU_010553,97.19413257476037
STU_010554,87.7265923834538
STU_010555,76.27481248032579
STU_010556,59.48065215688291
STU_010557,76.68178358716625
STU_010558,76.22992469940235
STU_010559,76.96427561594943
STU_010560,77.99346904194414
STU_010561,97.79349457727002
STU_010562,57.83528264288422
STU_010563,62.963540891179036
STU_010564,59.991189106946635
STU_010565,90.97512488152212
STU_010566,60.13670812057247
STU_010567,72.51426166399543
STU_010568,77.18758540048967
STU_010569,94.6649760187241
STU_010570,54.908720737900964
STU_010571,91.75785648255271
STU_010572,71.44316145893929
STU_010573,96.16944782130255
STU_010574,69.01933722138959
STU_010575,66.07099606174715
STU_010576,51.14810960951111
STU_010577,63.37733866291862
STU_010578,69.86589556018667
STU_010579,85.67548050176173
STU_010580,61.62724906163368
STU_010581,49.73525692850555
STU_010582,77.19995064288003
STU_010583,78.41469904448826
STU_010584,92.21220727980776
STU_010585,74.94490499765448
STU_010586,99.66371576647173
STU_010587,71.8973081180004
STU_010588,72.73872756092169
STU_010589,99.42221385499597
STU_010590,87.44973981634574
STU_010591,75.20654444079524
STU_010592,93.72817119880915
STU_010593,84.2447655758512
STU_010594,55.65329921560668
STU_010595,80.44858845239801
STU_010596,76.27234263292014
STU_010597,59.15120865912613
STU_010598,94.44159344757665
STU_010599,64.93607741727153
STU_010600,70.46267034301918
STU_010601,80.95118152943863
STU_010602,68.10982017647117
STU_010603,80.67769251249608
STU_010604,74.72822501965793
STU_010605,65.67046448196709
STU_010606,95.11479851285438
STU_010607,80.92438756846451
STU_010608,64.72579149397964
STU_010609,81.24592052852475
STU_010610,76.83414870437088
STU_010611,85.51113387594381
STU_010612,59.86669309182043
STU_010613,92.32451711192046
STU_010614,100.0
STU_010615,88.91475380813988
STU_010616,87.14766310039394
STU_010617,58.26552327227886
STU_010618,82.80977626165733
STU_010619,99.17718865204463
STU_010620,65.39232147769106
STU_010621,67.72437717315776
STU_010622,57.70130895781897
STU_010623,87.36748571508383
STU_010624,58.756700192438785
STU_010625,68.22666847580548
STU_010626,90.88896864432073
STU_010627,93.14301909661185
STU_010628,59.77643109652554
STU_010629,81.08193717224631
STU_010630,78.1303639524107
STU_010631,91.3611904901353
STU_010632,65.07185666874275
STU_010633,74.37959387384002
STU_010634,77.98842728785549
STU_010635,61.32195577239456
STU_010636,80.44142252475811
STU_010637,64.25301800219064
STU_010638,75.30637040103994
STU_010639,68.06043563749378
STU_010640,57.152343552738515
STU_010641,65.31448710408162
STU_010642,96.61892850883385
STU_010643,87.05932774351508
STU_010644,74.27091836891529
STU_010645,85.542796040398
STU_010646,94.73202381554296
STU_010647,64.49088714695148
STU_010648,74.23458772277772
STU_010649,73.23162963804982
STU_010650,86.73829898310598
STU_010651,79.41356494723895
STU_010652,67.82227819615612
STU_010653,85.94910062548885
STU_010654,84.92773911247677
STU_010655,87.22618107421161
STU_010656,78.07297958817871
STU_010657,77.63892528198232
STU_010658,74.10710608449028
STU_010659,93.22067662574662
STU_010660,90.6806046698649
STU_010661,68.7023060745876
STU_010662,97.23879844812937
STU_010663,70.91958452431513
STU_010664,72.06563695823033
STU_010665,63.55636754930201
STU_010666,95.54253207540918
STU_010667,91.01534801943419
STU_010668,70.86825121556481
STU_010669,73.76224230147386
STU_010670,89.1664862369221
STU_010671,64.63002898812225
STU_010672,54.99064398401615
STU_010673,89.80040968899526
STU_010674,98.75333000500828
STU_010675,95.05237368015847
STU_010676,83.09856814675388
STU_010677,77.24043561249378
STU_010678,76.68597581615529
STU_010679,70.13338453317421
STU_010680,94.4765468748993
STU_010681,82.7937588847935
STU_010682,49.568246079020525
STU_010683,74.22897331868758
STU_010684,74.86208912075324
STU_010685,83.22116258903529
STU_010686,79.4624821853676
STU_010687,62.887443718814886
STU_010688,98.18949961867295
STU_010689,86.75462422185997
STU_010690,99.81840838482142
STU_010691,75.74542488459795
STU_010692,87.49649570808955
STU_010693,75.12892793202258
STU_010694,65.20780341888667
STU_010695,60.44205558493462
STU_010696,54.35611785811642
STU_010697,69.49876189152175
STU_010698,86.85561011390058
STU_010699,83.89217884325764
STU_010700,93.05675652553374
STU_010701,84.28682250524285
STU_010702,66.69735433463636
STU_010703,96.39818410496112
STU_010704,99.88130821462117
STU_010705,81.54444610754177
STU_010706,95.21917356462986
STU_010707,77.07704942615166
STU_010708,78.09128956197912
STU_010709,64.07232899746381
STU_010710,58.52864752065359
STU_010711,100.0
STU_010712,51.15678750579193
STU_010713,85.21656802182858
STU_010714,64.82863132025285
STU_010715,79.08906477859087
STU_010716,49.747726696215985
STU_010717,85.85656610118508
STU_010718,78.36474142819168
STU_010719,82.96399419666403
STU_010720,51.104300771557156
STU_010721,66.4507633575057
STU_010722,100.0
STU_010723,70.94422482101345
STU_010724,83.81681323702279
STU_010725,65.21958348654034
STU_010726,65.69204683508048
STU_010727,47.2001880542987
STU_010728,72.54210442391117
STU_010729,93.27020223269571
STU_010730,93.12159187764794
STU_010731,71.67541860584699
STU_010732,73.23587539322435
STU_010733,97.74500144630447
STU_010734,82.49027723133773
STU_010735,68.87254717470395
STU_010736,66.09184627182465
STU_010737,70.3458597409564
STU_010738,67.65937053424689
STU_010739,73.10953494447676
STU_010740,68.47603055536743
STU_010741,85.95070236946609
STU_010742,64.93947149247035
STU_010743,97.90043888297387
STU_010744,77.01284781326062
STU_010745,67.59873986517978
STU_010746,69.6066599144809
STU_010747,87.81448479200996
STU_010748,73.44152405631448
STU_010749,85.29608287555904
STU_010750,77.6455568185707
STU_010751,72.45252885010437
STU_010752,62.84146072845367
STU_010753,74.57107600352296
STU_010754,87.57839091559975
STU_010755,60.90263339827288
STU_010756,92.4558009394697
STU_010757,58.10882489142334
STU_010758,81.43615905390271
STU_010759,88.57181782965579
STU_010760,81.95907957499588
STU_010761,72.80401172478521
STU_010762,73.60360407492114
STU_010763,61.354269972211895
STU_010764,52.07609007675721
STU_010765,83.51038852801015
STU_010766,61.73464543591937
STU_010767,70.44093213973913
STU_010768,54.86155126504698
STU_010769,88.88066303472844
STU_010770,69.56025163395051
STU_010771,49.99330389469921
STU_010772,69.04068804242529
STU_010773,86.51763566763435
STU_010774,84.88627886898792
STU_010775,90.34582335141967
STU_010776,42.61938610477706
STU_010777,79.64323540025225
STU_010778,54.2559501560106
STU_010779,62.82886592922306
STU_010780,82.32021109362843
STU_010781,79.15984364569006
STU_010782,83.16654805890435
STU_010783,52.32391677212848
STU_010784,70.06682897737767
STU_010785,80.10378376148911
STU_010786,85.38641602702921
STU_010787,69.9740592472514
STU_010788,69.38847266251716
STU_010789,98.7746206426001
STU_010790,62.23634151901726
STU_010791,57.74826011750678
STU_010792,94.49899919297673
STU_010793,82.02896396504907
STU_010794,58.090500241199976
STU_010795,76.99647057491606
STU_010796,83.24781352887031
STU_010797,55.14546291226233
STU_010798,61.246744180319034
STU_010799,87.29819741893371
STU_010800,64.94879245987897
STU_010801,64.05071717566997
STU_010802,80.90904369582435
STU_010803,79.05831712912665
STU_010804,53.12636773232509
STU_010805,69.73767484362571
STU_010806,81.72123623439947
STU_010807,94.15001159355228
STU_010808,68.55491779179329
STU_010809,99.75843996749467
STU_010810,81.51537060503958
STU_010811,72.83680960280178
STU_010812,79.34705012956823
STU_010813,91.95753926392668
STU_010814,67.41992564534875
STU_010815,87.20981698947745
STU_010816,99.71056163835324
STU_010817,89.27284566348231
STU_010818,85.33281155961043
STU_010819,80.03328100178172
STU_010820,92.75527670709737
STU_010821,97.81512078631737
STU_010822,60.08745595129554
STU_010823,89.75983667745435
STU_010824,91.14225278101668
STU_010825,84.39533120837118
STU_010826,80.62122108924098
STU_010827,58.99044651799029
STU_010828,72.80687085600191
STU_010829,73.42640108394383
STU_010830,73.8419378547712
STU_010831,90.86231519204247
STU_010832,96.70945330382247
STU_010833,82.50810066439465
STU_010834,69.11382361388983
STU_010835,80.07964928605439
STU_010836,84.57884422376704
STU_010837,81.09252434968776
STU_010838,88.57275828039545
STU_010839,69.61138107828825
STU_010840,79.40496261082906
STU_010841,84.78017408006356
STU_010842,87.89143925995857
STU_010843,74.53430183398899
STU_010844,52.94676789762811
STU_010845,90.81893880645941
STU_010846,78.86516286770359
STU_010847,99.38206187939632
STU_010848,72.42221467076655
STU_010849,76.18432130081388
STU_010850,59.54674157276234
STU_010851,94.07519101456813
STU_010852,64.32742003820347
STU_010853,86.39423257580093
STU_010854,90.07668444848382
STU_010855,66.40080526845371
STU_010856,57.09013172188463
STU_010857,65.75558874502434
STU_010858,50.75460534558076
STU_010859,69.30568063988916
STU_010860,91.34610614070819
STU_010861,78.23515527520082
STU_010862,66.15194322045565
STU_010863,81.09121106793546
STU_010864,91.56559651667534
STU_010865,80.28257935072925
STU_010866,91.86663504884856
STU_010867,53.030502234000565
STU_010868,65.32897142993032
STU_010869,78.29477285501767
STU_010870,63.162482313426
STU_010871,84.41310312603954
STU_010872,83.8657493883493
STU_010873,49.56262467934357
STU_010874,62.04666425193902
STU_010875,84.17145780328211
STU_010876,69.7075660234733
STU_010877,74.4025240476355
STU_010878,76.08191956281726
STU_010879,64.37078521620703
STU_010880,80.91483802943134
STU_010881,98.8211961907304
STU_010882,75.7613723453902
STU_010883,78.21418157950119
STU_010884,62.58526087928652
STU_010885,65.10787387760162
STU_010886,96.34409614752218
STU_010887,57.613109958841974
STU_010888,84.85654074889572
STU_010889,91.95850617749763
STU_010890,80.8943168417077
STU_010891,97.23291690725061
STU_010892,82.47242259873512
STU_010893,72.37097671387558
STU_010894,84.81008580401905
STU_010895,64.03686538502511
STU_010896,70.03992311909218
STU_010897,64.67759303781985
STU_010898,82.78176993880409
STU_010899,60.75951361250466
STU_010900,66.12350191009737
STU_010901,60.754462351794345
STU_010902,88.28211774072814
STU_010903,56.078279630699384
STU_010904,72.96837241261846
STU_010905,68.8341299753615
STU_010906,51.88579630725232
STU_010907,95.7480261875554
STU_010908,84.24104281560771
STU_010909,87.01740501743869
STU_010910,82.25294965273827
STU_010911,80.77761278441827
STU_010912,91.3532949253098
STU_010913,75.75671266822049
STU_010914,89.51321239707556
STU_010915,74.17305798661518
STU_010916,70.26550628669631
STU_010917,83.46962238310721
STU_010918,78.317481661196
STU_010919,86.78143134382447
STU_010920,68.13382357275572
STU_010921,81.70416223329535
STU_010922,81.64244514937806
STU_010923,89.42743018748808
STU_010924,95.78299594981641
STU_010925,66.01518044940984
STU_010926,90.233486265244
STU_010927,60.92758811131493
STU_010928,73.44750236166973
STU_010929,66.03091493784007
STU_010930,88.45705372533682
STU_010931,71.25369412479716
STU_010932,87.94487075143824
STU_010933,72.85399087536838
STU_010934,88.42295322820516
STU_010935,71.41872485049791
STU_010936,62.674031809003516
STU_010937,72.92977212648063
STU_010938,61.596966270888785
STU_010939,79.2914927142618
STU_010940,50.846608215747345
STU_010941,98.13610420964562
STU_010942,80.2297840467055
STU_010943,56.8419397974842
STU_010944,60.543160179955436
STU_010945,73.81224983626083
STU_010946,86.43786347982241
STU_010947,71.62497823285183
STU_010948,94.75011404202174
STU_010949,96.17395673039488
STU_010950,65.06040980279982
STU_010951,71.46980726249555
STU_010952,60.24108035686305
STU_010953,83.06124428161839
STU_010954,54.33119134253485
STU_010955,62.05448160774334
STU_010956,98.54322486022036
STU_010957,87.3808226147944
STU_010958,74.44687411869384
STU_010959,86.80056958700317
STU_010960,83.04881273954939
STU_010961,73.5792773159405
STU_010962,92.19738317842969
STU_010963,72.28083079636541
STU_010964,76.36512693977483
STU_010965,68.35766829447168
STU_010966,57.373807901953406
STU_010967,66.84969439379978
STU_010968,66.67382209405147
STU_010969,56.99744951843575
STU_010970,83.63939167625229
STU_010971,70.36168403698892
STU_010972,76.7075576704943
STU_010973,77.61673467007256
STU_010974,65.32640197669774
STU_010975,76.58747662616032
STU_010976,83.64242617840233
STU_010977,86.2451325705984
STU_010978,94.83307215703805
STU_010979,72.44714405475143
STU_010980,80.55430884822403
STU_010981,90.54735630881483
STU_010982,72.2662297107093
STU_010983,67.56873681746316
STU_010984,74.90771079845345
STU_010985,54.48678028596555
STU_010986,90.25993476932314
STU_010987,88.19282909042707
STU_010988,65.09113114499209
STU_010989,83.75131744562161
STU_010990,79.34306018832623
STU_010991,60.56218979375653
STU_010992,80.88985697757809
STU_010993,72.92634553381721
STU_010994,80.89697809710295
STU_010995,99.59476582775086
STU_010996,61.04635966568861
STU_010997,69.04909593410198
STU_010998,69.54787067525903
STU_010999,74.72063454510258
STU_011000,76.89234462942777
STU_011001,59.73700594598118
STU_011002,78.32820043986091
STU_011003,62.14115169567243
STU_011004,81.81369779196544
STU_011005,71.35108577642566
STU_011006,81.17597947995871
STU_011007,66.1339380099123
STU_011008,82.21793648428505
STU_011009,97.58422624510128
STU_011010,96.3634734301732
STU_011011,64.31864572440367
STU_011012,87.02898111880954
STU_011013,56.16596443194777
STU_011014,68.016394762981
STU_011015,98.283538005664
STU_011016,61.491641210291206
STU_011017,79.05921786050828
STU_011018,84.98332066486117
STU_011019,63.95703261108167
STU_011020,88.6507033840415
STU_011021,66.49248354999915
STU_011022,84.76632451691975
STU_011023,73.66056679106526
STU_011024,76.6217416906058
STU_011025,68.35548019486009
STU_011026,74.63016854739047
STU_011027,73.0532091913082
STU_011028,90.03701105581771
STU_011029,78.98266303175842
STU_011030,61.67464227637977
STU_011031,59.392231134387174
STU_011032,63.10193562590551
STU_011033,56.664126221377714
STU_011034,71.8981188630294
STU_011035,89.4225580187027
STU_011036,95.66602445105552
STU_011037,90.08667465451518
STU_011038,86.1758896384396
STU_011039,64.11474927999512
STU_011040,77.0907491914648
STU_011041,56.56110541139489
STU_011042,62.57443959823235
STU_011043,69.92669933300596
STU_011044,61.69021322448015
STU_011045,98.01943225751393
STU_011046,81.14526545538772
STU_011047,78.79454848062066
STU_011048,66.10289143656465
STU_011049,79.46463849408634
STU_011050,76.46708704359129
STU_011051,85.83968128568705
STU_011052,99.9827338669125
STU_011053,53.68522061161524
STU_011054,72.62719638354329
STU_011055,60.17831647090155
STU_011056,57.67226300349155
STU_011057,92.25028231226509
STU_011058,100.0
STU_011059,96.83174460256299
STU_011060,69.16492229376865
STU_011061,61.962050098319224
STU_011062,64.09392506210952
STU_011063,90.35458404850829
STU_011064,73.40209315530791
STU_011065,70.71364277029362
STU_011066,73.35567468885716
STU_011067,85.66076415308177
STU_011068,94.11585345007636
STU_011069,92.00166560636106
STU_011070,68.10018842100534
STU_011071,88.82300798106257
STU_011072,92.8827306741855
STU_011073,71.63532330003761
STU_011074,89.9163336093562
STU_011075,68.91892660179421
STU_011076,98.41767162980156
STU_011077,72.49527072799494
STU_011078,72.7131224750909
STU_011079,66.16321614734103
STU_011080,61.0236525088299
STU_011081,87.2623629606945
STU_011082,51.555590960392976
STU_011083,95.23975896459106
STU_011084,72.91861691068885
STU_011085,88.48523178812425
STU_011086,63.92488508287548
STU_011087,73.3746497784426
STU_011088,76.15223269626833
STU_011089,90.59521829206435
STU_011090,92.56914203885347
STU_011091,78.05722023296565
STU_011092,68.58461660613267
STU_011093,79.11403593254079
STU_011094,62.4083901966651
STU_011095,80.99530722894959
STU_011096,62.589354232408326
STU_011097,86.67647223409577
STU_011098,86.23630165678294
STU_011099,84.02899285183975
STU_011100,58.890176355172585
STU_011101,60.6420419656864
STU_011102,80.34995988329807
STU_011103,65.44853285328958
STU_011104,91.39029751535998
STU_011105,76.56352492364458
STU_011106,85.66930787750577
STU_011107,57.58688274330257
STU_011108,79.85399637605383
STU_011109,94.9497646112783
STU_011110,99.74838720561249
STU_011111,79.17771500325357
STU_011112,76.72034182381674
STU_011113,82.65709139012351
STU_011114,93.77275473829648
STU_011115,95.92249068669523
STU_011116,87.81243181649108
STU_011117,71.22226308135906
STU_011118,71.9566883476705
STU_011119,82.25308517175978
STU_011120,78.42210574411375
STU_011121,78.55412109500628
STU_011122,58.72872607243508
STU_011123,99.01037345183353
STU_011124,62.770817674177415
STU_011125,100.0
STU_011126,85.05644763720721
STU_011127,75.97404878601249
STU_011128,67.44897083900119
STU_011129,86.94153504028068
STU_011130,61.46314753052308
STU_011131,85.95072086167804
STU_011132,73.8713578894962
STU_011133,83.0442711216708
STU_011134,59.91160599627311
STU_011135,58.66540580980076
STU_011136,94.65715468953677
STU_011137,75.16602206821719
STU_011138,100.0
STU_011139,73.3945278592073
STU_011140,85.43598174792717
STU_011141,53.846802099221364
STU_011142,93.3590775200392
STU_011143,82.31018678600512
STU_011144,66.47324810883619
STU_011145,64.82284799543277
STU_011146,65.00321953923756
STU_011147,95.2904903639591
STU_011148,90.61459252134544
STU_011149,89.9296564758282
STU_011150,78.44098174858627
STU_011151,95.75811841698265
STU_011152,68.99199512698725
STU_011153,74.15387483558781
STU_011154,73.3110029803463
STU_011155,68.16882935450353
STU_011156,76.21141981915733
STU_011157,61.302625283088744
STU_011158,71.45023734675972
STU_011159,65.87574356156647
STU_011160,56.68707209345634
STU_011161,91.84344296763597
STU_011162,69.52024591222505
STU_011163,72.9387140883428
STU_011164,86.16719343467624
STU_011165,75.36404256694007
STU_011166,74.18405767214959
STU_011167,70.62070423284199
STU_011168,80.82332450451476
STU_011169,87.29338581256906
STU_011170,62.48920567132284
STU_011171,73.2230879725841
STU_011172,98.67568057839479
STU_011173,90.94164513693264
STU_011174,70.97796061277307
STU_011175,63.888573377277325
STU_011176,83.87310432940836
STU_011177,72.99106316583757
STU_011178,92.56983891158609
STU_011179,87.89700951306119
STU_011180,68.44897435527419
STU_011181,79.81533123102588
STU_011182,91.42573149141141
STU_011183,58.55678548635349
STU_011184,79.71653119788006
STU_011185,76.10832080296107
STU_011186,47.11528246648339
STU_011187,84.51507827415251
STU_011188,81.3238421740728
STU_011189,47.41661419615099
STU_011190,80.22265280465307
STU_011191,93.3994707705973
STU_011192,79.38973253316588
STU_011193,67.53004613241838
STU_011194,87.12476123603068
STU_011195,79.64230294538098
STU_011196,92.01594047371584
STU_011197,98.71647479812587
STU_011198,77.2205230549994
STU_011199,88.64657475038288
STU_011200,71.61156510635968
STU_011201,60.262419715299075
STU_011202,62.69656182736995
STU_011203,83.60277913983818
STU_011204,88.8990274406105
STU_011205,84.2831021799859
STU_011206,82.22494485312419
STU_011207,61.31653615394234
STU_011208,72.16791129048019
STU_011209,78.17392325993933
STU_011210,72.09162419426167
STU_011211,78.58036438714309
STU_011212,73.45574725804387
STU_011213,83.12789364178778
STU_011214,59.073296358163944
STU_011215,94.20445675733751
STU_011216,60.76625219895039
STU_011217,100.0
STU_011218,62.261102660926014
STU_011219,84.91575813703992
STU_011220,66.78235639513125
STU_011221,79.12044001485799
STU_011222,90.97244148289411
STU_011223,66.27905661487961
STU_011224,98.95591459342789
STU_011225,47.79152236714583
STU_011226,85.32558965384968
STU_011227,67.25187708273977
STU_011228,95.89931405007242
STU_011229,82.87744200699142
STU_011230,86.95497586811663
STU_011231,92.68086285016679
STU_011232,85.31586428101355
STU_011233,71.45834084280881
STU_011234,83.36690965525354
STU_011235,96.93604330151976
STU_011236,64.20807139633493
STU_011237,64.54503177750125
STU_011238,68.78508660284456
STU_011239,80.47466246173231
STU_011240,91.57227859479394
STU_011241,97.45478585016392
STU_011242,63.30644415008044
STU_011243,64.87286148584188
STU_011244,55.616356333634066
STU_011245,72.16627983739257
STU_011246,71.65028210159258
STU_011247,86.64354346429586
STU_011248,69.22252191031768
STU_011249,68.24701140328892
STU_011250,71.47240328360701
STU_011251,71.26866598759624
STU_011252,74.02752418824652
STU_011253,78.46330722961721
STU_011254,99.0445753986067
STU_011255,91.32152251047964
STU_011256,82.12297769756375
STU_011257,53.602266566120846
STU_011258,81.30594300998953
STU_011259,79.12942872055991
STU_011260,100.0
STU_011261,63.550514370278066
STU_011262,90.71634852352503
STU_011263,55.4818718234626
STU_011264,48.48261335433628
STU_011265,75.36808910846892
STU_011266,77.97293274675964
STU_011267,87.84553114755892
STU_011268,65.0837381377593
STU_011269,91.39015830706663
STU_011270,74.17075914925955
STU_011271,78.83021285326407
STU_011272,88.90142054803346
STU_011273,73.956598751272
STU_011274,81.92225607129741
STU_011275,75.24811922282083
STU_011276,82.02270585094823
STU_011277,74.35807757813234
STU_011278,71.89851642560672
STU_011279,99.55192166323997
STU_011280,76.41246999211127
STU_011281,72.33064294373852
STU_011282,88.80906518896207
STU_011283,78.44890249808124
STU_011284,54.95115750930321
STU_011285,95.23990052953182
STU_011286,79.95746055397596
STU_011287,75.32746570916012
STU_011288,75.27220821615659
STU_011289,62.64964476979113
STU_011290,66.54917404259018
STU_011291,83.88292010370446
STU_011292,42.85439744049905
STU_011293,93.50475694728482
STU_011294,76.02653096450494
STU_011295,78.18784467984048
STU_011296,96.51976045764961
STU_011297,69.54937518534506
STU_011298,55.52310089649433
STU_011299,84.08608342696753
STU_011300,92.16608880960139
STU_011301,100.0
STU_011302,71.4430044554391
STU_011303,80.50513818314958
STU_011304,84.15549367078907
STU_011305,75.59785560288593
STU_011306,72.47516473317566
STU_011307,63.45138748292123
STU_011308,51.65331954717474
STU_011309,79.17784489327735
STU_011310,52.042630138571866
STU_011311,86.58631542572363
STU_011312,67.56480246493462
STU_011313,86.00064983664119
STU_011314,61.58242807680973
STU_011315,80.93595212390379
STU_011316,58.347746101385475
STU_011317,76.42014453457496
STU_011318,63.72781452345876
STU_011319,85.56616381660113
STU_011320,55.13135524888767
STU_011321,90.60624196387444
STU_011322,67.69271466281484
STU_011323,50.769017266941574
STU_011324,61.212219606254
STU_011325,57.49330191638899
STU_011326,80.95939535307963
STU_011327,78.67244379408453
STU_011328,87.21223247267106
STU_011329,61.32473963747441
STU_011330,55.079187682826955
STU_011331,59.4771445629396
STU_011332,91.93369371328065
STU_011333,64.47478060719467
STU_011334,82.8690116322011
STU_011335,67.05135731604034
STU_011336,61.0840123363147
STU_011337,80.69463350624886
STU_011338,94.59483866699348
STU_011339,73.41898938371541
STU_011340,71.9961277910636
STU_011341,99.26937172185482
STU_011342,83.06070169695442
STU_011343,82.34212022335807
STU_011344,41.774716248647664
STU_011345,65.84663088914057
STU_011346,71.83569488342813
STU_011347,99.68127423151171
STU_011348,78.84816530568966
STU_011349,100.0
STU_011350,68.56615296583252
STU_011351,75.71575854784714
STU_011352,79.52214790472074
STU_011353,68.54699215676347
STU_011354,91.39342892394227
STU_011355,65.83069078102251
STU_011356,88.22184162321048
STU_011357,69.50370181939964
STU_011358,95.14421484144886
STU_011359,100.0
STU_011360,100.0
STU_011361,65.34462431954152
STU_011362,80.74842927737907
STU_011363,100.0
STU_011364,88.538231767491
STU_011365,66.31744928508303
STU_011366,87.63848796132152
STU_011367,71.76761217339104
STU_011368,81.80090226275703
STU_011369,70.04906036383188
STU_011370,85.16989446321084
STU_011371,66.96808286827049
STU_011372,95.01784908257088
STU_011373,65.494500047447
STU_011374,73.91407760179246
STU_011375,86.51594781393702
STU_011376,49.09489043475645
STU_011377,100.0
STU_011378,83.40775280647549
STU_011379,87.87793232525974
STU_011380,71.90705501706165
STU_011381,63.72184224676711
STU_011382,78.63704337228913
STU_011383,91.78253046468707
STU_011384,70.344906176767
STU_011385,77.89994231749243
STU_011386,69.21258830430686
STU_011387,57.30533363171611
STU_011388,64.39252270012946
STU_011389,58.13344424069875
STU_011390,91.0518501213479
STU_011391,58.84182079149886
STU_011392,74.13212508968212
STU_011393,75.71356089003467
STU_011394,82.28713329961431
STU_011395,85.50241103943566
STU_011396,88.02980748293268
STU_011397,66.11174485097402
STU_011398,100.0
STU_011399,73.40495960550481
STU_011400,70.32412653469699
STU_011401,75.26469229396145
STU_011402,76.90159984219721
STU_011403,82.59999579834108
STU_011404,100.0
STU_011405,81.06481462381024
STU_011406,83.00762311738342
STU_011407,97.57105756254848
STU_011408,73.93927426186485
STU_011409,86.2856832452006
STU_011410,72.44623411887821
STU_011411,93.08478837357296
STU_011412,71.53146551058431
STU_011413,61.72896416409671
STU_011414,91.09593050563797
STU_011415,74.8379205659426
STU_011416,97.92020967989569
STU_011417,77.28682745908314
STU_011418,62.12284643294428
STU_011419,73.57989097614481
STU_011420,93.3387193046182
STU_011421,93.55560804047421
STU_011422,74.3358301487472
STU_011423,62.06874307455071
STU_011424,70.22431351944692
STU_011425,69.44557146248471
STU_011426,98.05159489394728
STU_011427,63.993995374072085
STU_011428,86.27861314571155
STU_011429,72.88245597558135
STU_011430,73.41215273841644
STU_011431,75.42197395226145
STU_011432,72.84630819319023
STU_011433,95.25894951923226
STU_011434,96.74990372459376
STU_011435,72.7303138604181
STU_011436,87.11736799719895
STU_011437,63.645866142665696
STU_011438,66.4964547336698
STU_011439,80.14845431216366
STU_011440,67.25522766575162
STU_011441,75.14902843310102
STU_011442,76.2335289371963
STU_011443,72.06925723928263
STU_011444,73.49140898091193
STU_011445,70.48997536082709
STU_011446,57.96939529801833
STU_011447,91.6365289613482
STU_011448,63.906615644564255
STU_011449,70.03748207991327
STU_011450,81.30737630794331
STU_011451,83.94105648771543
STU_011452,78.88418648422541
STU_011453,78.28628227806831
STU_011454,65.78431453577566
STU_011455,53.72378245561673
STU_011456,91.19661139887168
STU_011457,68.52562086609582
STU_011458,99.34654875554185
STU_011459,74.1192493496566
STU_011460,84.5699470441698
STU_011461,75.05764607075983
STU_011462,82.45538989971142
STU_011463,79.40299221835122
STU_011464,77.17561494260359
STU_011465,64.87070874393359
STU_011466,79.87037245694313
STU_011467,72.23776767007259
STU_011468,62.85781408614207
STU_011469,71.84281417668282
STU_011470,95.24570040852417
STU_011471,62.28607653672036
STU_011472,68.78574685868989
STU_011473,76.45596981315083
STU_011474,88.82867793570678
STU_011475,87.66173886057098
STU_011476,97.09405303000509
STU_011477,99.71912632434083
STU_011478,52.60575810254319
STU_011479,65.19248437533864
STU_011480,99.83017313156478
STU_011481,72.15216898712397
STU_011482,58.640542342834664
STU_011483,95.74346383261381
STU_011484,73.41643956154974
STU_011485,76.80137373985815
STU_011486,58.96736598731513
STU_011487,80.83804849953825
STU_011488,74.37527164425377
STU_011489,74.70389088756926
STU_011490,84.86238271756262
STU_011491,57.87690943588956
STU_011492,81.7883141802841
STU_011493,94.71853247550374
STU_011494,84.73461247631775
STU_011495,83.61904370507781
STU_011496,95.65457033274004
STU_011497,71.03577677634703
STU_011498,74.57506958300327
STU_011499,82.66126002588102
STU_011500,72.50955467770221
STU_011501,68.03733803919565
STU_011502,49.50101115929618
STU_011503,87.3008990648132
STU_011504,59.783786535029606
STU_011505,71.33079926391832
STU_011506,56.72973992886453
STU_011507,70.17418112243115
STU_011508,83.28668548297263
STU_011509,68.50565595474735
STU_011510,78.58164333942506
STU_011511,97.74642965993776
STU_011512,51.806513299589945
STU_011513,77.51999755272561
STU_011514,78.423696158188
STU_011515,67.88970359964645
STU_011516,81.41938438806386
STU_011517,89.66212124978654
STU_011518,97.94980960056935
STU_011519,65.64918919854433
STU_011520,48.96850060216874
STU_011521,50.58485102649113
STU_011522,100.0
STU_011523,73.49161865897466
STU_011524,83.05073968147956
STU_011525,98.05693765650265
STU_011526,86.3056009254304
STU_011527,87.4100322658727
STU_011528,86.51867233934698
STU_011529,80.031570438633
STU_011530,64.35813733396121
STU_011531,75.99037066501779
STU_011532,72.97139128038506
STU_011533,77.74499480272084
STU_011534,77.63535954374927
STU_011535,68.29378913335638
STU_011536,57.11602360106518
STU_011537,57.20031936201567
STU_011538,70.85332486890425
STU_011539,70.5690772704428
STU_011540,77.49770576470576
STU_011541,81.30768248835135
STU_011542,60.894123643566004
STU_011543,79.90202841825752
STU_011544,86.55180310347755
STU_011545,89.78805526303492
STU_011546,59.162076803004354
STU_011547,92.5955284308495
STU_011548,83.03667109116216
STU_011549,63.786784778085305
STU_011550,79.86331781562662
STU_011551,75.41411189419311
STU_011552,55.642516873798144
STU_011553,75.42801487949484
STU_011554,82.37228344859278
STU_011555,83.05799453473527
STU_011556,99.95125069848223
STU_011557,57.890022105585494
STU_011558,100.0
STU_011559,92.14238597196852
STU_011560,96.93432114058609
STU_011561,69.4698005162861
STU_011562,99.82681048333484
STU_011563,91.77003146627702
STU_011564,58.65310185096513
STU_011565,74.16174320295224
STU_011566,71.71967157538964
STU_011567,65.20964956809348
STU_011568,56.39947926990502
STU_011569,75.99991769131776
STU_011570,98.87349202588406
STU_011571,77.62320401540326
STU_011572,85.14372364403545
STU_011573,75.61509251522327
STU_011574,66.85875024161757
STU_011575,70.25524533420698
STU_011576,75.95046737782906
STU_011577,62.772608807875066
STU_011578,67.40431628995199
STU_011579,71.9069776267492
STU_011580,93.15048153554609
STU_011581,61.25054648023498
STU_011582,83.38034750536892
STU_011583,64.36552312574902
STU_011584,86.04208874979605
STU_011585,88.03887677315093
STU_011586,82.16522364905417
STU_011587,94.80857848193645
STU_011588,89.83848821602797
STU_011589,83.54310241625465
STU_011590,67.11265975047559
STU_011591,63.03098642365559
STU_011592,94.12125793251718
STU_011593,76.59976178972812
STU_011594,96.9985024163842
STU_011595,94.63143774975278
STU_011596,71.76726881327114
STU_011597,67.54615089708217
STU_011598,77.8680339885358
STU_011599,63.32661563682086
STU_011600,62.324457244780504
STU_011601,70.01371312569687
STU_011602,90.03452782106157
STU_011603,63.60910523538358
STU_011604,84.37426102655263
STU_011605,84.00088364517015
STU_011606,65.58620023863435
STU_011607,93.20118091679734
STU_011608,86.51635296924063
STU_011609,62.74254820621507
STU_011610,82.40302598402927
STU_011611,56.35940371165534
STU_011612,79.46338264850142
STU_011613,68.9619129637101
STU_011614,62.67494705649025
STU_011615,93.31216845396654
STU_011616,93.25338196434811
STU_011617,70.31350287649666
STU_011618,73.23214510858028
STU_011619,79.64693005399539
STU_011620,57.96451188183934
STU_011621,71.39424705263714
STU_011622,73.1036862258081
STU_011623,58.3796387921052
STU_011624,87.07679176883754
STU_011625,99.7902956591204
STU_011626,77.6178171601865
STU_011627,69.19689069797154
STU_011628,68.02118124789932
STU_011629,65.12242088733318
STU_011630,95.74129356916035
STU_011631,50.76745032338221
STU_011632,61.1481389608835
STU_011633,100.0
STU_011634,47.66784042322203
STU_011635,91.55113627923534
STU_011636,63.37510447086563
STU_011637,75.11289812724009
STU_011638,79.99376191666975
STU_011639,88.66108580895015
STU_011640,89.12849931914938
STU_011641,78.797832393311
STU_011642,77.74302571319275
STU_011643,61.42690515540653
STU_011644,92.73856863702353
STU_011645,96.81518297402167
STU_011646,80.81695849793259
STU_011647,79.83994246411012
STU_011648,82.94622258542128
STU_011649,87.72367228237636
STU_011650,92.97142784528778
STU_011651,66.71918692862474
STU_011652,57.02979420486318
STU_011653,100.0
STU_011654,66.22867719537464
STU_011655,72.64416400995569
STU_011656,59.37907804344501
STU_011657,40.92858795954868
STU_011658,99.71143904236561
STU_011659,65.8016926019282
STU_011660,80.92249253342561
STU_011661,99.69191504578356
STU_011662,84.84698887590982
STU_011663,93.85327659038691
STU_011664,89.67857147450499
STU_011665,63.485514037595735
STU_011666,71.02642995611077
STU_011667,61.01112493632434
STU_011668,76.616123108403
STU_011669,62.87052928834798
STU_011670,86.72709832273418
STU_011671,74.51899654945016
STU_011672,93.03413100347183
STU_011673,72.56287401233539
STU_011674,62.843012044018835
STU_011675,91.39247967429918
STU_011676,75.2861510599941
STU_011677,79.26330020627537
STU_011678,49.30341087815073
STU_011679,97.21635558693842
STU_011680,88.13138339782243
STU_011681,97.00082902155299
STU_011682,46.17176367132683
STU_011683,72.12150497961711
STU_011684,59.60765797902238
STU_011685,56.911940893829694
STU_011686,73.99416126229394
STU_011687,88.33840249159155
STU_011688,85.07257057635535
STU_011689,70.66474791315558
STU_011690,76.23570850619788
STU_011691,98.59385692315378
STU_011692,77.92236163411862
STU_011693,87.97371430367838
STU_011694,90.29007692288529
STU_011695,91.56589517540333
STU_011696,91.61407521325643
STU_011697,67.29544645387644
STU_011698,69.32794357357534
STU_011699,80.43533372122977
STU_011700,61.820935747756394
STU_011701,76.91374043780263
STU_011702,87.06184336983685
STU_011703,91.5284902436978
STU_011704,87.03885955390027
STU_011705,76.71170162518202
STU_011706,93.15707839569514
STU_011707,67.99602752785567
STU_011708,72.9039764480508
STU_011709,82.38008781497847
STU_011710,81.42757738710189
STU_011711,81.22884499389163
STU_011712,54.26509869638927
STU_011713,96.81928203685808
STU_011714,74.12426863723843
STU_011715,83.37893234876613
STU_011716,90.19782249640947
STU_011717,76.40175636447667
STU_011718,86.3432087892792
STU_011719,76.1119640887469
STU_011720,98.4359701367916
STU_011721,63.131066155950414
STU_011722,67.23089293322835
STU_011723,70.56154140391995
STU_011724,89.8389827726258
STU_011725,76.84801323323865
STU_011726,54.64139733457277
STU_011727,60.11210653122842
STU_011728,55.8563490933702
STU_011729,79.21024081330452
STU_011730,74.44943525136914
STU_011731,96.94537734330221
STU_011732,83.8604868046339
STU_011733,78.03068819035316
STU_011734,89.76888405854001
STU_011735,74.03090914804129
STU_011736,68.27852122992898
STU_011737,68.20385186102467
STU_011738,90.9950711506672
STU_011739,92.68653181318352
STU_011740,85.20897929042192
STU_011741,78.37523922804122
STU_011742,62.98481618266308
STU_011743,56.13051588041263
STU_011744,74.67623428718879
STU_011745,62.64939465836351
STU_011746,71.81790169311988
STU_011747,89.69581892609853
STU_011748,71.35687003434563
STU_011749,72.36645589418112
STU_011750,94.05289760080043
STU_011751,68.13184527027396
STU_011752,69.53137883300188
STU_011753,49.44762863085836
STU_011754,83.59978769775968
STU_011755,79.10828305267864
STU_011756,81.6699678503387
STU_011757,75.16083949845229
STU_011758,95.84693318104624
STU_011759,75.09549701301944
STU_011760,84.66331380549578
STU_011761,89.18644989476302
STU_011762,76.80221926240993
STU_011763,80.8593750373153
STU_011764,67.4045274620679
STU_011765,78.30949757504973
STU_011766,49.96505909329175
STU_011767,63.684880758825926
STU_011768,88.0009620770543
STU_011769,65.67789264731067
STU_011770,97.46909380229715
STU_011771,66.33352201103838
STU_011772,63.54682621133867
STU_011773,62.53564388290484
STU_011774,62.17181234688037
STU_011775,77.17567892653221
STU_011776,70.2189315428181
STU_011777,73.07482696038166
STU_011778,92.64228893477306
STU_011779,78.52026559212372
STU_011780,70.76348060933908
STU_011781,57.91253524228148
STU_011782,88.13128130530974
STU_011783,78.45954647051056
STU_011784,72.0534949586351
STU_011785,66.43526022972675
STU_011786,82.12640753613823
STU_011787,64.00964497735653
STU_011788,72.26097464326304
STU_011789,62.26807254454557
STU_011790,81.07781511701211
STU_011791,93.22605793083154
STU_011792,80.04122314044022
STU_011793,63.17677874214617
STU_011794,57.8696609645825
STU_011795,59.65321408720304
STU_011796,99.10675477894917
STU_011797,63.51142607140383
STU_011798,67.02930223665552
STU_011799,100.0
STU_011800,71.04813135749794
STU_011801,86.97314478668909
STU_011802,89.29035035750135
STU_011803,73.26349535253387
STU_011804,70.460358207484
STU_011805,68.593105952282
STU_011806,67.86700581496325
STU_011807,82.4503500823147
STU_011808,90.52544055284699
STU_011809,92.06341166757991
STU_011810,87.9393745348259
STU_011811,89.112687799675
STU_011812,68.21264111799003
STU_011813,71.2160003522088
STU_011814,92.14857528689447
STU_011815,71.43564903312445
STU_011816,76.52425763122693
STU_011817,96.79922523266642
STU_011818,75.25666544539294
STU_011819,72.57809398977474
STU_011820,73.1351174097816
STU_011821,72.39171161504268
STU_011822,100.0
STU_011823,70.97599736841775
STU_011824,71.67633350465857
STU_011825,80.47197118552666
STU_011826,69.91449989862677
STU_011827,73.90956485254934
STU_011828,75.2576956762339
STU_011829,72.62094707719861
STU_011830,66.50813714358114
STU_011831,62.90487286166997
STU_011832,69.2085641033763
STU_011833,65.01691030275445
STU_011834,65.19283453051597
STU_011835,77.06586643216632
STU_011836,71.73146322638294
STU_011837,75.26085378198434
STU_011838,67.86958730913423
STU_011839,85.1979223906307
STU_011840,79.58132187516043
STU_011841,82.08084182621505
STU_011842,58.661075608711954
STU_011843,56.558233888449664
STU_011844,89.65187542723113
STU_011845,67.10982592200409
STU_011846,92.49668720625058
STU_011847,73.22692483571907
STU_011848,98.06589070715296
STU_011849,74.61409006343277
STU_011850,69.00994519135446
STU_011851,90.09736202968077
STU_011852,89.0628249099182
STU_011853,84.27463680165997
STU_011854,70.95027073213703
STU_011855,88.25506627794317
STU_011856,84.79735825809819
STU_011857,77.10758301301506
STU_011858,79.72262783714093
STU_011859,76.06888286339046
STU_011860,76.5202577481511
STU_011861,70.51858025623261
STU_011862,70.46936294789838
STU_011863,97.97174794441729
STU_011864,50.74958795565621
STU_011865,86.18532671734664
STU_011866,62.24092346731883
STU_011867,88.81359179148957
STU_011868,80.28770074270166
STU_011869,72.49767328534608
STU_011870,92.20329340589268
STU_011871,67.10639681670904
STU_011872,65.84517638982328
STU_011873,79.3598206040795
STU_011874,65.68957272796422
STU_011875,60.24851040487747
STU_011876,66.82745113864624
STU_011877,95.10692262503954
STU_011878,54.96519073875005
STU_011879,78.13304828683454
STU_011880,62.319265198573135
STU_011881,58.02399796969381
STU_011882,85.13700241849543
STU_011883,59.93399392945061
STU_011884,71.36737850851759
STU_011885,60.239493360582074
STU_011886,70.6140813124353
STU_011887,80.21747497555945
STU_011888,79.01800149809588
STU_011889,43.74851167054052
STU_011890,61.334072598923385
STU_011891,85.77163722010667
STU_011892,100.0
STU_011893,89.65069728855705
STU_011894,75.36922623927049
STU_011895,92.1521880567798
STU_011896,56.34139657679011
STU_011897,72.06830614637815
STU_011898,100.0
STU_011899,58.504830626059345
STU_011900,74.00779250434368
STU_011901,73.24404328608435
STU_011902,53.78846109373728
STU_011903,73.30410964712468
STU_011904,80.57299077788622
STU_011905,73.45238563600424
STU_011906,80.14380895702116
STU_011907,85.76452507413063
STU_011908,96.94740797488775
STU_011909,47.88486951826971
STU_011910,86.04455525704421
STU_011911,73.4068718758676
STU_011912,88.94221381295827
STU_011913,71.83217477946523
STU_011914,90.55868492511308
STU_011915,80.73343011045102
STU_011916,69.28077757369701
STU_011917,83.87931890102155
STU_011918,78.095424478701
STU_011919,100.0
STU_011920,72.74066950718046
STU_011921,71.19026777506267
STU_011922,80.91956617488032
STU_011923,63.03914406813057
STU_011924,71.32692344377739
STU_011925,40.13342353528437
STU_011926,71.10458465558699
STU_011927,70.3621772026493
STU_011928,72.17681184811923
STU_011929,78.6066177148871
STU_011930,85.4496531833959
STU_011931,89.41276585820175
STU_011932,66.04725660781736
STU_011933,53.21930535128743
STU_011934,84.57516808059576
STU_011935,59.28038602872931
STU_011936,93.71696891960444
STU_011937,67.34602896541072
STU_011938,55.075132804991
STU_011939,91.74684307445358
STU_011940,80.18195824510462
STU_011941,78.2518236202072
STU_011942,93.04141000940623
STU_011943,69.98154048197364
STU_011944,67.53198531979015
STU_011945,75.91517084750646
STU_011946,97.57643820234888
STU_011947,83.72054984003358
STU_011948,61.12283479765305
STU_011949,80.4449869419706
STU_011950,76.19278556119517
STU_011951,94.9320310876908
STU_011952,66.0290304472712
STU_011953,53.91662600161775
STU_011954,94.0739511954545
STU_011955,58.424903103286084
STU_011956,93.63974858405733
STU_011957,62.94283991811966
STU_011958,94.86157643631229
STU_011959,77.03837852991467
STU_011960,87.21783481943399
STU_011961,89.69040962403328
STU_011962,78.56026787444165
STU_011963,87.4982427265387
STU_011964,71.24291115747211
STU_011965,76.99376994208585
STU_011966,91.42856458137396
STU_011967,54.97989745229382
STU_011968,89.16171069008188
STU_011969,60.16839793281213
STU_011970,82.37658464815117
STU_011971,51.1287625095298
STU_011972,87.86876193816536
STU_011973,66.06256401934135
STU_011974,96.05049339858009
STU_011975,74.3530618075097
STU_011976,65.97301602446576
STU_011977,85.16828282752606
STU_011978,73.09257665883854
STU_011979,79.25116311615028
STU_011980,83.58391316314083
STU_011981,78.31450990708566
STU_011982,97.77413546807529
STU_011983,67.8948521398267
STU_011984,80.2202913267527
STU_011985,75.46196235848728
STU_011986,68.15415640460252
STU_011987,57.84702133093579
STU_011988,81.42232823692355
STU_011989,72.48598651043349
STU_011990,90.05149121679338
STU_011991,64.16139926625155
STU_011992,42.10081133698146
STU_011993,73.63907156642121
STU_011994,65.24673192683618
STU_011995,76.68331366675746
STU_011996,69.9187417218142
STU_011997,90.58504708664678
STU_011998,92.80392807946032
STU_011999,99.8558702702542
STU_012000,88.37482062330632
STU_012001,90.49420492332962
STU_012002,71.26256217612222
STU_012003,76.57899424881461
STU_012004,69.72856416290729
STU_012005,76.71923063681186
STU_012006,94.10469086408793
STU_012007,61.28610361249464
STU_012008,77.19567200146334
STU_012009,71.58922891318485
STU_012010,43.342637584104125
STU_012011,60.89911816479019
STU_012012,72.8945329222817
STU_012013,73.1806739586808
STU_012014,50.89308080110248
STU_012015,65.27169793430292
STU_012016,52.27950265156579
STU_012017,77.50978878148983
STU_012018,84.43678254116534
STU_012019,98.24652840047128
STU_012020,56.19977839456948
STU_012021,64.44019947726821
STU_012022,72.74490436332619
STU_012023,79.75561800665973
STU_012024,96.61064376853216
STU_012025,83.88009283412933
STU_012026,66.79828520405846
STU_012027,93.40906857763315
STU_012028,92.69502776307624
STU_012029,61.44032695671412
STU_012030,83.28391533649555
STU_012031,90.3789991575605
STU_012032,64.97086782700774
STU_012033,68.12446527404163
STU_012034,96.95935986338063
STU_012035,66.91692479610836
STU_012036,70.13352489021236
STU_012037,80.95629467868189
STU_012038,63.88075123745209
STU_012039,67.12914689129211
STU_012040,97.24330916793807
STU_012041,72.33754370382036
STU_012042,87.43075357075865
STU_012043,73.56106533470012
STU_012044,73.5559015372806
STU_012045,54.86729264947049
STU_012046,86.88647203294111
STU_012047,98.60617298420468
STU_012048,56.46625252551621
STU_012049,79.38509269455065
STU_012050,72.04338571786795
STU_012051,34.9344300147019
STU_012052,86.06493087589998
STU_012053,81.20089634102055
STU_012054,69.91514762472669
STU_012055,76.55266540010226
STU_012056,97.06780833606645
STU_012057,90.17867054146541
STU_012058,66.02988785840697
STU_012059,56.75171669674377
STU_012060,75.98524270411959
STU_012061,60.31915256592659
STU_012062,93.06481427092928
STU_012063,55.11100978309849
STU_012064,65.64618087422635
STU_012065,85.5715085004044
STU_012066,79.13747330052523
STU_012067,83.11669255208388
STU_012068,64.27503058491727
STU_012069,66.62570834596531
STU_012070,86.6905785816607
STU_012071,75.71201884753607
STU_012072,75.91707404976275
STU_012073,92.85665767268775
STU_012074,83.62676461873053
STU_012075,52.686732936649854
STU_012076,65.29095188371164
STU_012077,65.44807705086959
STU_012078,69.30950118434714
STU_012079,81.27275750708515
STU_012080,71.92809337566518
STU_012081,50.52557491369186
STU_012082,90.7823679340109
STU_012083,68.48441286078094
STU_012084,77.29944866274377
STU_012085,97.7305809774876
STU_012086,80.21570540429055
STU_012087,78.3649763119663
STU_012088,76.0204431406937
STU_012089,76.07771771277227
STU_012090,94.2434052767402
STU_012091,83.83481857279936
STU_012092,76.31169119369646
STU_012093,72.83017024141685
STU_012094,80.30647177090529
STU_012095,62.80162097396595
STU_012096,76.29703370001849
STU_012097,78.92124412382933
STU_012098,64.70419089014554
STU_012099,76.80558649045692
STU_012100,88.0539904690763
STU_012101,93.57123928595206
STU_012102,64.37692028890939
STU_012103,77.09249676083638
STU_012104,59.556433561803075
STU_012105,83.77998137740624
STU_012106,90.16311908562078
STU_012107,80.56349246820908
STU_012108,89.648897796842
STU_012109,74.67574112067432
STU_012110,72.43232515570102
STU_012111,47.16681786065416
STU_012112,80.58545087066256
STU_012113,92.33933161003553
STU_012114,69.6773102444738
STU_012115,75.06849104169304
STU_012116,76.00053234092826
STU_012117,92.57687296255689
STU_012118,66.02456965619716
STU_012119,90.4562904808925
STU_012120,63.1470300048026
STU_012121,68.21447670065757
STU_012122,67.4398625295318
STU_012123,83.52648495927518
STU_012124,64.46077648742876
STU_012125,77.0896326144164
STU_012126,75.82584514849425
STU_012127,75.16414674439064
STU_012128,76.15213053157056
STU_012129,75.1889649227449
STU_012130,68.57746738880795
STU_012131,49.94865156075217
STU_012132,80.88982684962556
STU_012133,77.23914549875765
STU_012134,61.557105787222945
STU_012135,65.5588315503046
STU_012136,55.86421149370558
STU_012137,67.66011504108725
STU_012138,53.58534269715386
STU_012139,66.18148310711601
STU_012140,76.57056223181623
STU_012141,63.519831026889285
STU_012142,80.12209518673426
STU_012143,98.92153169042382
STU_012144,81.95191668184756
STU_012145,75.83468066903013
STU_012146,78.20119206566841
STU_012147,67.34234061464372
STU_012148,73.97594277819712
STU_012149,83.50835329557219
STU_012150,81.36043075155827
STU_012151,79.55934691010967
STU_012152,55.77409623139461
STU_012153,72.99151482797141
STU_012154,80.36738605376462
STU_012155,63.171138550095876
STU_012156,72.72892547606479
STU_012157,81.98786499746608
STU_012158,84.53510465402155
STU_012159,82.85126407091296
STU_012160,92.03854585911459
STU_012161,92.6678639732278
STU_012162,81.70096725211029
STU_012163,99.3535489996948
STU_012164,41.46457543302773
STU_012165,69.58288177177704
STU_012166,63.016251384425175
STU_012167,91.19878452296709
STU_012168,57.8269093194789
STU_012169,62.8739673953213
STU_012170,67.16516211377161
STU_012171,81.97911550215665
STU_012172,93.64356506232339
STU_012173,91.30479267845554
STU_012174,84.11778559875856
STU_012175,88.26975841278761
STU_012176,70.73391751644742
STU_012177,73.86314520579393
STU_012178,85.79367351500096
STU_012179,70.21462074428763
STU_012180,82.28395709661761
STU_012181,96.48417056946225
STU_012182,73.6684651338963
STU_012183,93.37200152692125
STU_012184,71.3679062443827
STU_012185,74.00578993773343
STU_012186,93.77280461328851
STU_012187,52.112760993367836
STU_012188,62.67886658236555
STU_012189,61.171851575298476
STU_012190,92.01036047261165
STU_012191,78.97815495090481
STU_012192,72.40089293344096
STU_012193,66.16259073552018
STU_012194,80.0221703376291
STU_012195,69.03502648949362
STU_012196,45.36566907262796
STU_012197,91.3059756550556
STU_012198,67.04394774013785
STU_012199,84.77212019297195
STU_012200,57.27748078853451
STU_012201,68.06937340800312
STU_012202,83.15816978089384
STU_012203,86.249924862701
STU_012204,73.90358232689442
STU_012205,74.612891349651
STU_012206,89.2441359064253
STU_012207,90.28374264439022
STU_012208,78.36985811192666
STU_012209,57.66643941338353
STU_012210,75.27042794555348
STU_012211,81.54490848077405
STU_012212,73.45722767630879
STU_012213,86.1351043056854
STU_012214,67.77381902615757
STU_012215,63.6238261122996
STU_012216,88.38797517018492
STU_012217,95.77664137762676
STU_012218,100.0
STU_012219,69.2940539137146
STU_012220,61.2194616576179
STU_012221,82.81322243431254
STU_012222,69.3218063125878
STU_012223,62.495884160939525
STU_012224,70.50593979286194
STU_012225,90.99918729126968
STU_012226,74.03533740200609
STU_012227,75.85958485902296
STU_012228,62.756752977904654
STU_012229,80.57392414624138
STU_012230,82.62461854077094
STU_012231,62.76091193994273
STU_012232,79.90506228540217
STU_012233,84.59461712711567
STU_012234,67.44528402462734
STU_012235,67.3055631885692
STU_012236,99.33746093969266
STU_012237,68.2317273390295
STU_012238,64.67532701562625
STU_012239,74.17281592771465
STU_012240,71.13954093527977
STU_012241,93.7146276800056
STU_012242,75.33206242629772
STU_012243,52.08749265317669
STU_012244,61.166097556733604
STU_012245,78.97071895280634
STU_012246,61.51698945135089
STU_012247,56.377434618173275
STU_012248,93.30039719477308
STU_012249,84.66344594193455
STU_012250,85.75949700374392
STU_012251,70.43013438330658
STU_012252,62.29969572419266
STU_012253,55.93420159595516
STU_012254,51.616071651046795
STU_012255,82.27328922255668
STU_012256,69.84779308689731
STU_012257,83.43475060118125
STU_012258,72.69832073115934
STU_012259,78.9997969023294
STU_012260,85.68540088636102
STU_012261,89.1136535820919
STU_012262,84.06000410546565
STU_012263,67.09392404323968
STU_012264,63.92528757234554
STU_012265,67.06229950295975
STU_012266,98.50921160765793
STU_012267,93.2088951473763
STU_012268,53.35455589571064
STU_012269,84.84322804924484
STU_012270,70.05781531883713
STU_012271,75.65584169694453
STU_012272,72.00719020457133
STU_012273,71.81407093856443
STU_012274,60.452720827019036
STU_012275,94.68552912861526
STU_012276,69.77227967939969
STU_012277,75.88493753285375
STU_012278,65.39324039998601
STU_012279,76.88067207523207
STU_012280,71.01087320539655
STU_012281,56.66331599250177
STU_012282,93.36749572562519
STU_012283,92.56673557804586
STU_012284,66.321524658601
STU_012285,76.41811000754268
STU_012286,74.64043540577046
STU_012287,94.56599876732196
STU_012288,79.34624918298076
STU_012289,91.68197599208746
STU_012290,83.5063907445008
STU_012291,66.49001506611431
STU_012292,77.06933283976643
STU_012293,71.07938442026135
STU_012294,87.80918099362061
STU_012295,79.18691444003682
STU_012296,78.40844651754223
STU_012297,73.89578592693418
STU_012298,68.07143967556314
STU_012299,89.87809421273111
STU_012300,56.43430470794025
STU_012301,89.1026615193489
STU_012302,78.40620132746815
STU_012303,62.22308365359254
STU_012304,47.57676964098032
STU_012305,97.8097271835424
STU_012306,71.50602556331687
STU_012307,70.45173355365027
STU_012308,86.21297516728545
STU_012309,73.3137001747498
STU_012310,72.47739758749633
STU_012311,83.3700897625939
STU_012312,59.07376760278702
STU_012313,73.23276070015237
STU_012314,98.80805931508161
STU_012315,90.14306319005725
STU_012316,72.89766730621554
STU_012317,99.92512552666314
STU_012318,79.87060267744364
STU_012319,78.66568970467763
STU_012320,63.41578081281966
STU_012321,63.948050112714405
STU_012322,91.53264120084472
STU_012323,60.85779838463186
STU_012324,85.95969991778188
STU_012325,67.85759895653541
STU_012326,77.28021471171076
STU_012327,61.78087758674995
STU_012328,61.92133134465618
STU_012329,96.70328137481056
STU_012330,89.76226560858422
STU_012331,81.16592190520858
STU_012332,67.96706229625735
STU_012333,84.7414359320407
STU_012334,71.14380220813679
STU_012335,67.49284586156594
STU_012336,92.28709935694107
STU_012337,88.26632375930278
STU_012338,66.12990942673696
STU_012339,84.9121130341945
STU_012340,65.12806752552919
STU_012341,55.82213193718427
STU_012342,91.08606211150973
STU_012343,85.4889095809127
STU_012344,61.00685668727913
STU_012345,69.45869976361962
STU_012346,69.78040173727021
STU_012347,95.45429644985037
STU_012348,76.287869442504
STU_012349,65.67528996445729
STU_012350,82.65224120850269
STU_012351,84.91958395036207
STU_012352,86.7503088367572
STU_012353,94.00013152134223
STU_012354,58.70035707530505
STU_012355,83.48438112166934
STU_012356,84.57754122799867
STU_012357,70.04575391610973
STU_012358,96.80240690612987
STU_012359,84.53538051202672
STU_012360,71.62771842352134
STU_012361,65.97092545148637
STU_012362,82.62024799336757
STU_012363,78.29367160261067
STU_012364,80.96465372307767
STU_012365,66.95316074790513
STU_012366,85.39969817050525
STU_012367,77.08217000481727
STU_012368,60.86585848069059
STU_012369,78.01948345905267
STU_012370,99.98168377728211
STU_012371,72.33140350056398
STU_012372,85.25516180452378
STU_012373,73.55838445069038
STU_012374,72.74009711089421
STU_012375,63.19689588598963
STU_012376,82.27198937508328
STU_012377,84.66267015010678
STU_012378,73.64335852831722
STU_012379,74.05141599082533
STU_012380,95.94064708204844
STU_012381,99.85900544382449
STU_012382,67.95424771031878
STU_012383,82.27991942077134
STU_012384,96.94398442274931
STU_012385,86.83430333096699
STU_012386,79.89669746333995
STU_012387,81.99548253694024
STU_012388,83.3568087811304
STU_012389,98.04422859799034
STU_012390,72.99042800304653
STU_012391,51.053207635504855
STU_012392,79.31580767963489
STU_012393,67.47609127095653
STU_012394,68.41578750882935
STU_012395,82.83640933549654
STU_012396,80.95421713335588
STU_012397,73.49584432835456
STU_012398,81.60370215891575
STU_012399,80.18420879244294
STU_012400,78.22243803513915
STU_012401,93.01188178632154
STU_012402,99.93132226135178
STU_012403,47.26349194864714
STU_012404,72.75329937196824
STU_012405,62.45534719652497
STU_012406,66.55439283545468
STU_012407,94.44220142151961
STU_012408,81.20697083757099
STU_012409,65.87747045515127
STU_012410,44.16620720807361
STU_012411,94.39656262365794
STU_012412,71.79108438867479
STU_012413,56.83879070478122
STU_012414,97.66153647372546
STU_012415,87.20917956567004
STU_012416,94.30476534874262
STU_012417,57.85035074667736
STU_012418,85.09790190643076
STU_012419,72.31737355199745
STU_012420,55.077359839050146
STU_012421,69.3200200830633
STU_012422,86.1027276499793
STU_012423,83.24656865246435
STU_012424,85.27634865803624
STU_012425,51.44474003501763
STU_012426,83.84077726526178
STU_012427,65.28490418517491
STU_012428,84.44874760965544
STU_012429,57.44977676328119
STU_012430,70.82607518593348
STU_012431,69.52011460751464
STU_012432,61.812660454063575
STU_012433,55.63071677326809
STU_012434,91.37590899418932
STU_012435,66.56306795377408
STU_012436,71.89262508087995
STU_012437,88.56208739294067
STU_012438,58.38810874924562
STU_012439,76.92083357341187
STU_012440,75.79274964916083
STU_012441,95.03537072167458
STU_012442,99.41358142664114
STU_012443,64.67368159437765
STU_012444,88.23469378706903
STU_012445,68.88321798089713
STU_012446,84.12769302569252
STU_012447,91.85798078270096
STU_012448,70.8686086307466
STU_012449,79.75284486496341
STU_012450,72.58002398321435
STU_012451,85.08358387568302
STU_012452,81.04974077127952
STU_012453,95.29094558439748
STU_012454,87.1855462400591
STU_012455,75.83594534750623
STU_012456,92.85736134293734
STU_012457,65.22604648450384
STU_012458,80.93730808316175
STU_012459,57.486990114341694
STU_012460,85.50106559612527
STU_012461,75.34247289827086
STU_012462,71.09527456734199
STU_012463,82.3119631438117
STU_012464,75.52033821958719
STU_012465,74.54094271253393
STU_012466,69.54638396912293
STU_012467,75.64208249487285
STU_012468,86.0973334310773
STU_012469,87.73462681924602
STU_012470,51.236901870964985
STU_012471,52.420741247915764
STU_012472,97.12812686551295
STU_012473,70.34982489953812
STU_012474,63.24407748729236
STU_012475,68.58366171671076
STU_012476,49.04137494973833
STU_012477,96.7236638307143
STU_012478,71.90666589515399
STU_012479,63.241223285956046
STU_012480,77.27096648670151
STU_012481,90.64220540265293
STU_012482,66.66391157429912
STU_012483,62.51941666741543
STU_012484,67.08031651258031
STU_012485,74.33336964966236
STU_012486,72.21684252205714
STU_012487,67.07295829766288
STU_012488,72.00153820837512
STU_012489,80.03723017725892
STU_012490,90.74033799516201
STU_012491,59.44758774980819
STU_012492,61.151195930097686
STU_012493,59.90757497353147
STU_012494,74.26149215878536
STU_012495,74.86063655535187
STU_012496,80.1053443394
STU_012497,89.5419579728705
STU_012498,70.35934857100375
STU_012499,77.02582987829594
STU_012500,79.43679809882823
STU_012501,96.80889957469714
STU_012502,82.2417938705302
STU_012503,85.326668963933
STU_012504,76.39709385222005
STU_012505,82.95082472491268
STU_012506,68.14970021187843
STU_012507,88.17365477406425
STU_012508,68.27287337479652
STU_012509,85.05781366210799
STU_012510,77.03417478224607
STU_012511,73.85419823998348
STU_012512,77.89882816397152
STU_012513,68.30773739239241
STU_012514,100.0
STU_012515,89.09473826128252
STU_012516,78.3375449895776
STU_012517,100.0
STU_012518,54.08106852762666
STU_012519,77.37340158636785
STU_012520,71.83076499017263
STU_012521,95.6501023925278
STU_012522,96.30389697231863
STU_012523,81.82029938098461
STU_012524,97.30672974672282
STU_012525,89.12375588403133
STU_012526,99.21172866160757
STU_012527,88.88821034414255
STU_012528,61.77150668500239
STU_012529,99.52182138361849
STU_012530,75.40204780132609
STU_012531,76.09125248136533
STU_012532,71.8529402075703
STU_012533,89.56661960255708
STU_012534,56.37895511845795
STU_012535,87.78369692441098
STU_012536,74.60633922123905
STU_012537,53.28044274131209
STU_012538,60.96897361595847
STU_012539,87.81644979578047
STU_012540,69.23712058985762
STU_012541,99.90627051902639
STU_012542,99.26543694256726
STU_012543,71.72561465149853
STU_012544,80.39987584151214
STU_012545,67.86298298090557
STU_012546,80.08670099380628
STU_012547,100.0
STU_012548,53.21269623655023
STU_012549,73.23319711647318
STU_012550,89.57260495508349
STU_012551,92.22931951379526
STU_012552,73.85803680208207
STU_012553,78.72030763716367
STU_012554,64.65164862667969
STU_012555,52.31310818688857
STU_012556,61.363768968312314
STU_012557,79.5048860751728
STU_012558,68.01870448931048
STU_012559,92.07300533078302
STU_012560,71.73684541393278
STU_012561,59.62776995714481
STU_012562,67.14572265173011
STU_012563,81.33911545380292
STU_012564,90.3343499517446
STU_012565,100.0
STU_012566,76.33915009647694
STU_012567,64.48333591087334
STU_012568,97.91956346529648
STU_012569,66.12533282560403
STU_012570,51.69192183459704
STU_012571,55.23830981164558
STU_012572,58.30330410129329
STU_012573,75.7824702951188
STU_012574,62.62563464059248
STU_012575,71.38311414304047
STU_012576,72.71376676268682
STU_012577,99.30141745071407
STU_012578,50.43665711833708
STU_012579,74.67509306199281
STU_012580,70.91906375822855
STU_012581,64.09616541378945
STU_012582,72.66483193479898
STU_012583,61.933687501976145
STU_012584,59.65316112539461
STU_012585,71.03271424640467
STU_012586,76.54583936302903
STU_012587,71.83329177968078
STU_012588,69.24883422689658
STU_012589,47.78272699165378
STU_012590,65.2967862430105
STU_012591,70.51230382499634
STU_012592,97.69881530608274
STU_012593,96.49005784677644
STU_012594,51.19053231006932
STU_012595,61.79983534688361
STU_012596,84.6759441855806
STU_012597,68.3705106526981
STU_012598,72.70938252210571
STU_012599,74.08236855604346
STU_012600,70.86738165027032
STU_012601,70.75870972338822
STU_012602,64.65957330176569
STU_012603,90.44885550454799
STU_012604,74.76217488996868
STU_012605,72.74965680435764
STU_012606,69.57075992853093
STU_012607,57.967358163922015
STU_012608,79.33928483927815
STU_012609,63.59980482493848
STU_012610,72.99771888820784
STU_012611,72.01352689563694
STU_012612,62.03812834772148
STU_012613,95.4094814809014
STU_012614,70.98290318300079
STU_012615,76.48357487020601
STU_012616,84.01762975135117
STU_012617,60.96039586818466
STU_012618,90.29478222897772
STU_012619,81.66260441797475
STU_012620,74.74242176090169
STU_012621,90.7777745002385
STU_012622,90.6566594438949
STU_012623,90.4230321799505
STU_012624,82.0828266289451
STU_012625,87.75000456878445
STU_012626,94.73348509100278
STU_012627,84.79352565313616
STU_012628,70.67529362368438
STU_012629,80.96005415723783
STU_012630,68.51368023515818
STU_012631,69.66939191518841
STU_012632,67.68891698220298
STU_012633,79.12734083905065
STU_012634,89.62214151012536
STU_012635,78.50070420483755
STU_012636,74.93617122939602
STU_012637,78.79492672609878
STU_012638,81.3570045110703
STU_012639,94.11786793780348
STU_012640,83.92684772238022
STU_012641,69.28342184354963
STU_012642,66.15442501110286
STU_012643,80.62986185791095
STU_012644,83.55721128096353
STU_012645,54.873703972539005
STU_012646,88.61300788951674
STU_012647,84.88634222523949
STU_012648,65.71227887041572
STU_012649,79.87986482342428
STU_012650,84.87863540276786
STU_012651,79.28084936717114
STU_012652,99.08832609733588
STU_012653,91.13204767022332
STU_012654,80.80593186140942
STU_012655,72.98818792616044
STU_012656,76.65294983258514
STU_012657,96.07707873561598
STU_012658,84.70028024387153
STU_012659,81.14459833269234
STU_012660,74.07318987687103
STU_012661,88.5070144884529
STU_012662,93.81987075635774
STU_012663,68.51054109519868
STU_012664,52.294033229379224
STU_012665,90.93621663595925
STU_012666,58.64820064441662
STU_012667,85.2688279919859
STU_012668,77.42129290998363
STU_012669,64.15211609757161
STU_012670,62.463005798733036
STU_012671,68.61170125113536
STU_012672,62.19457255095705
STU_012673,55.42680291049268
STU_012674,61.108934427152704
STU_012675,71.06853752369504
STU_012676,97.23584473523718
STU_012677,59.664822708384676
STU_012678,73.69103087596821
STU_012679,81.65996953670931
STU_012680,79.47695269616909
STU_012681,71.57056567789469
STU_012682,87.26906282760491
STU_012683,78.076164052404
STU_012684,87.37806807219
STU_012685,94.37868248464817
STU_012686,69.90095819817978
STU_012687,78.86314194110241
STU_012688,84.84662471638478
STU_012689,70.63935855617459
STU_012690,64.21353229900117
STU_012691,76.30126000153611
STU_012692,79.58378911357777
STU_012693,87.30133098302802
STU_012694,59.44896646241044
STU_012695,70.96861685720152
STU_012696,63.11186633020603
STU_012697,84.08244484774221
STU_012698,64.4156415125918
STU_012699,75.67684384354533
STU_012700,65.53387195559665
STU_012701,100.0
STU_012702,74.33333398557633
STU_012703,69.27915515475597
STU_012704,72.21081331632516
STU_012705,65.6721978912309
STU_012706,74.99075752181233
STU_012707,98.80969118067635
STU_012708,55.23520293710385
STU_012709,66.16267889226074
STU_012710,92.76966350008082
STU_012711,72.44341472861926
STU_012712,65.6675393543134
STU_012713,64.91597784091601
STU_012714,90.68222699749523
STU_012715,72.21508481954592
STU_012716,80.89913890464285
STU_012717,67.2277785947913
STU_012718,82.74585202100242
STU_012719,64.15845274613955
STU_012720,79.96410114206535
STU_012721,75.66025763458123
STU_012722,48.90690412134376
STU_012723,78.41982309876737
STU_012724,89.20572613527277
STU_012725,59.5635547707992
STU_012726,54.0215884286614
STU_012727,62.71034355517181
STU_012728,84.60974254514171
STU_012729,62.32610318994652
STU_012730,88.12987358977097
STU_012731,99.24757158750516
STU_012732,80.30679463652677
STU_012733,54.27691512048736
STU_012734,86.18498466488717
STU_012735,64.94496427378972
STU_012736,100.0
STU_012737,72.6682508305343
STU_012738,81.09249712783522
STU_012739,76.70099896900548
STU_012740,89.08438927378754
STU_012741,52.606668565692516
STU_012742,67.27406153795029
STU_012743,80.79961659987339
STU_012744,80.7504400884311
STU_012745,61.55760482148166
STU_012746,83.62180004231813
STU_012747,60.613176575498855
STU_012748,90.94284465694264
STU_012749,88.14335599946726
STU_012750,68.98475696595948
STU_012751,53.35316304243448
STU_012752,71.65473525625777
STU_012753,70.15911570514179
STU_012754,60.6506809131191
STU_012755,88.2380737555469
STU_012756,59.60136657095401
STU_012757,47.672867961791205
STU_012758,91.18179233828425
STU_012759,57.55072928382009
STU_012760,75.7805298567431
STU_012761,57.27055735423646
STU_012762,83.83951414426171
STU_012763,99.13872817848511
STU_012764,94.98613849634727
STU_012765,86.21010560628551
STU_012766,62.542901447431234
STU_012767,95.77145686672809
STU_012768,84.25963705349707
STU_012769,69.52854607317302
STU_012770,54.4748714399586
STU_012771,55.791488861061865
STU_012772,99.35562628034846
STU_012773,62.015261471710346
STU_012774,75.59408137655919
STU_012775,66.62832896199444
STU_012776,78.8089442996491
STU_012777,50.071274582241585
STU_012778,71.57427419403714
STU_012779,74.65725070283811
STU_012780,70.82047068411384
STU_012781,84.91089071446977
STU_012782,53.29429228774503
STU_012783,98.6666388501805
STU_012784,52.65744842505692
STU_012785,72.40709116905228
STU_012786,52.365256036633404
STU_012787,68.53099004148785
STU_012788,92.58840455612268
STU_012789,75.67290626678482
STU_012790,97.03336832445935
STU_012791,85.36230268689751
STU_012792,68.52104199974225
STU_012793,90.03642274237934
STU_012794,73.52527494098271
STU_012795,91.54117953547907
STU_012796,68.11278111975814
STU_012797,60.400841403128965
STU_012798,97.57791387469524
STU_012799,82.82419871912333
STU_012800,51.97284024255835
STU_012801,67.85711959075331
STU_012802,69.98747754720758
STU_012803,90.83386974822392
STU_012804,61.85248615725794
STU_012805,73.7088856963513
STU_012806,78.55538404097967
STU_012807,64.2591008430412
STU_012808,81.3985219923318
STU_012809,83.49553584712557
STU_012810,86.34975262182138
STU_012811,79.28619821471257
STU_012812,68.1693814942531
STU_012813,78.69583666237708
STU_012814,65.266621027103
STU_012815,67.86771011809843
STU_012816,83.80923307381913
STU_012817,67.70861577122889
STU_012818,89.10395580696922
STU_012819,55.37240600049377
STU_012820,85.41567669292637
STU_012821,73.23308400813028
STU_012822,84.7636757182364
STU_012823,78.70845759117019
STU_012824,80.71917076126621
STU_012825,60.598258970273555
STU_012826,86.89229303378453
STU_012827,61.33608598824566
STU_012828,89.56949302404885
STU_012829,74.91934977152258
STU_012830,80.07318364086737
STU_012831,65.64291104855354
STU_012832,97.52392966822654
STU_012833,90.52879213157186
STU_012834,73.97348423585792
STU_012835,69.20568633933293
STU_012836,80.1902238082387
STU_012837,62.86993711628881
STU_012838,62.04752052933736
STU_012839,66.76926317061812
STU_012840,88.47081823897904
STU_012841,71.62222219794168
STU_012842,72.86886881770889
STU_012843,77.37253011991801
STU_012844,77.42105914788857
STU_012845,63.614755592427215
STU_012846,72.4214018225314
STU_012847,74.2771635135033
STU_012848,75.69048412995696
STU_012849,89.80199293942222
STU_012850,77.09572247580445
STU_012851,83.10767776638639
STU_012852,88.3890779157622
STU_012853,61.326811406246605
STU_012854,81.82814897967239
STU_012855,82.85347263700301
STU_012856,69.07017645553736
STU_012857,99.25346392069102
STU_012858,85.14991892398889
STU_012859,62.713248872999614
STU_012860,83.92393953566702
STU_012861,66.75651180723827
STU_012862,78.34536924338715
STU_012863,93.43806112708438
STU_012864,76.03520116368162
STU_012865,65.77612417339013
STU_012866,74.62721092050826
STU_012867,92.09869401105266
STU_012868,82.83097887238546
STU_012869,64.70530983391713
STU_012870,83.5294270204261
STU_012871,88.97371227296293
STU_012872,87.93361766513601
STU_012873,62.037336411998965
STU_012874,76.72941861937908
STU_012875,72.17393410926266
STU_012876,51.68344383251611
STU_012877,81.71843121789294
STU_012878,97.27864241110366
STU_012879,78.60805145415463
STU_012880,82.6406573173163
STU_012881,98.16061457442284
STU_012882,89.44054297751704
STU_012883,64.96582760603962
STU_012884,80.46629130763979
STU_012885,74.17095886176571
STU_012886,57.33008263115285
STU_012887,71.24353098236502
STU_012888,68.39826198975265
STU_012889,67.5332013045824
STU_012890,67.03430944137243
STU_012891,72.01821559151307
STU_012892,70.8509829018348
STU_012893,86.36219966600585
STU_012894,73.12580275794599
STU_012895,94.95291683240606
STU_012896,72.6473049888045
STU_012897,78.13893030960583
STU_012898,88.89157809617679
STU_012899,81.40193146786511
STU_012900,79.20226489294983
STU_012901,70.59116677977583
STU_012902,85.8784694711227
STU_012903,66.27062300039374
STU_012904,84.05105012263508
STU_012905,61.42969162526196
STU_012906,97.50577118428075
STU_012907,50.502107677603206
STU_012908,86.27251750419873
STU_012909,63.85730921234986
STU_012910,32.88900966818615
STU_012911,81.95405561056495
STU_012912,52.83180277473052
STU_012913,61.300195360699824
STU_012914,74.15599412168459
STU_012915,58.754036926502195
STU_012916,69.77692617486068
STU_012917,95.2811232745002
STU_012918,58.57513532723661
STU_012919,97.25166631729033
STU_012920,80.55307760040304
STU_012921,59.838072437505254
STU_012922,76.1086724855801
STU_012923,65.13450191130967
STU_012924,75.04268470616059
STU_012925,72.45645192596565
STU_012926,63.53939845285774
STU_012927,86.7285348807755
STU_012928,61.983016694394735
STU_012929,66.30256397052008
STU_012930,68.98205724796739
STU_012931,87.04872358301293
STU_012932,64.83762605133603
STU_012933,69.20879528665878
STU_012934,67.98525032093283
STU_012935,66.92403869561491
STU_012936,65.36476797963856
STU_012937,73.4282510378409
STU_012938,91.5009496112434
STU_012939,49.828973941191954
STU_012940,68.96794112428093
STU_012941,57.128202075957184
STU_012942,72.65501177190676
STU_012943,71.18362262022153
STU_012944,80.40381759339988
STU_012945,91.01876223188839
STU_012946,56.15796719287669
STU_012947,71.69995766467818
STU_012948,86.99713729243317
STU_012949,99.57651523499362
STU_012950,78.66970045306513
STU_012951,88.9074996512229
STU_012952,72.07177453436726
STU_012953,81.24307690095829
STU_012954,79.79421405059246
STU_012955,86.87410671488456
STU_012956,71.91552978586553
STU_012957,67.68122133136896
STU_012958,76.68087682004945
STU_012959,79.92337334174222
STU_012960,78.70390826990725
STU_012961,83.65257407167645
STU_012962,57.088018233906055
STU_012963,66.33429384539487
STU_012964,89.36142741799651
STU_012965,77.15292304154954
STU_012966,74.4936345661437
STU_012967,67.96356920308293
STU_012968,73.74975931921706
STU_012969,74.85311318773353
STU_012970,54.98851957965912
STU_012971,75.78137614766388
STU_012972,79.3837732893739
STU_012973,52.82361802825301
STU_012974,56.42397513098493
STU_012975,56.243259219697165
STU_012976,83.53969649816193
STU_012977,78.74469673911514
STU_012978,90.36033475739002
STU_012979,68.23372743464853
STU_012980,70.8443943821041
STU_012981,91.13902187457994
STU_012982,69.32257179062896
STU_012983,95.08879089748092
STU_012984,58.342187713256365
STU_012985,66.79920459168702
STU_012986,63.55968142145076
STU_012987,51.29575120987272
STU_012988,87.69771715214162
STU_012989,96.17990851395312
STU_012990,59.76952451373967
STU_012991,68.3013088619534
STU_012992,50.64422385712866
STU_012993,100.0
STU_012994,78.7412544278913
STU_012995,61.203971014687596
STU_012996,58.17965890076786
STU_012997,83.86050127146976
STU_012998,77.85998409620878
STU_012999,93.1499794981743
STU_013000,91.38295463563261
STU_013001,100.0
STU_013002,84.81224359801807
STU_013003,76.83097177879213
STU_013004,89.76713190255377
STU_013005,74.86794760350523
STU_013006,76.41521797628629
STU_013007,75.1928546054071
STU_013008,85.5760627097111
STU_013009,83.08132065984567
STU_013010,75.6555897045633
STU_013011,54.12854861339345
STU_013012,56.316423232072665
STU_013013,87.6027687161432
STU_013014,86.66851023017995
STU_013015,83.59427100810021
STU_013016,58.780908593196955
STU_013017,91.72219081912277
STU_013018,79.60352778543609
STU_013019,87.78375449145939
STU_013020,59.94410129455614
STU_013021,72.05107200535156
STU_013022,97.404073611688
STU_013023,79.27282399777013
STU_013024,85.71985226808725
STU_013025,72.10855961339408
STU_013026,67.16938240884244
STU_013027,74.29063317038592
STU_013028,84.11300478745294
STU_013029,76.4231739370016
STU_013030,73.23352066831579
STU_013031,66.65610564103379
STU_013032,100.0
STU_013033,71.54146893437958
STU_013034,99.03865067640469
STU_013035,94.96672792660398
STU_013036,58.10472119696676
STU_013037,90.25281768771359
STU_013038,77.43346456151585
STU_013039,84.24108140770123
STU_013040,99.07712569213419
STU_013041,79.81178446135002
STU_013042,62.91350752272186
STU_013043,95.62048370352424
STU_013044,69.13186286852886
STU_013045,84.97102743561801
STU_013046,63.87559276369534
STU_013047,71.77750986739399
STU_013048,94.53982168268442
STU_013049,85.21639486289399
STU_013050,80.34726204470078
STU_013051,91.17196051404494
STU_013052,68.0805445900434
STU_013053,72.0461753515721
STU_013054,64.0441552894891
STU_013055,86.9890898226042
STU_013056,82.79580493152423
STU_013057,53.976930234827854
STU_013058,59.31317304308349
STU_013059,90.67441775951244
STU_013060,63.799191002425
STU_013061,58.57225723986433
STU_013062,100.0
STU_013063,83.69751367296345
STU_013064,63.697039181537605
STU_013065,52.75513718469327
STU_013066,100.0
STU_013067,81.08970203579416
STU_013068,90.24500282379863
STU_013069,97.16153503713933
STU_013070,64.00077601482963
STU_013071,82.16299585388886
STU_013072,85.48009534565394
STU_013073,71.15535893529993
STU_013074,73.17665070158736
STU_013075,50.82163666589905
STU_013076,79.97338910198727
STU_013077,91.7837577468303
STU_013078,69.90155200678785
STU_013079,86.08163797767786
STU_013080,73.00563386494477
STU_013081,74.29281435725818
STU_013082,57.97741676418648
STU_013083,64.20937363497758
STU_013084,71.7703105590345
STU_013085,80.55290993180739
STU_013086,79.82576101071324
STU_013087,62.765551736186225
STU_013088,81.51587918833755
STU_013089,63.90047091547003
STU_013090,98.05179687739428
STU_013091,62.43114595105176
STU_013092,66.2118192211098
STU_013093,86.75717859407754
STU_013094,89.79882652778657
STU_013095,75.72168505125569
STU_013096,76.93419845834559
STU_013097,81.19063997430374
STU_013098,84.83564233877938
STU_013099,58.474878442820085
STU_013100,78.5649137646177
STU_013101,83.94264579899587
STU_013102,95.69676860723445
STU_013103,72.06302613902332
STU_013104,80.14064985277538
STU_013105,59.26521877440962
STU_013106,90.63498375396074
STU_013107,57.12179999547495
STU_013108,94.96189530301604
STU_013109,85.70116309212469
STU_013110,60.40960746981355
STU_013111,100.0
STU_013112,99.8907121408796
STU_013113,76.07699269716585
STU_013114,66.83009571072006
STU_013115,76.84911219703245
STU_013116,61.587710628283304
STU_013117,66.76770332595694
STU_013118,71.89502785804535
STU_013119,83.78653639812734
STU_013120,66.18162073076748
STU_013121,93.19168319646182
STU_013122,76.61953485138649
STU_013123,94.47513469427668
STU_013124,95.84749065286387
STU_013125,88.0782954203221
STU_013126,66.83432364693938
STU_013127,71.18044380321255
STU_013128,84.13437191236638
STU_013129,78.9139478012215
STU_013130,99.04022945464345
STU_013131,50.23155083114055
STU_013132,80.40333858821442
STU_013133,97.34717267086373
STU_013134,68.90521819737509
STU_013135,67.45808055367964
STU_013136,67.05048448065186
STU_013137,83.28185118752556
STU_013138,71.21108533362619
STU_013139,76.88532287149222
STU_013140,100.0
STU_013141,76.40194032965228
STU_013142,58.22707898759262
STU_013143,74.42236637423933
STU_013144,63.475929712784925
STU_013145,59.84076709794381
STU_013146,54.66024667610731
STU_013147,79.49216654736144
STU_013148,76.69507397887347
STU_013149,83.607564782077
STU_013150,80.0710342426993
STU_013151,79.83165680224081
STU_013152,84.60179145245735
STU_013153,69.08717031774563
STU_013154,80.05475734550075
STU_013155,98.00557951377749
STU_013156,76.18335957253231
STU_013157,73.21429194815431
STU_013158,85.76368250711023
STU_013159,78.68348344143212
STU_013160,66.10970558332968
STU_013161,62.87273520700852
STU_013162,59.72243734971917
STU_013163,86.03035656576286
STU_013164,68.70021118794489
STU_013165,70.84977286407025
STU_013166,48.43503685848798
STU_013167,94.2515859338822
STU_013168,75.6447704792825
STU_013169,75.0207797445162
STU_013170,74.82726036291145
STU_013171,77.69496071537571
STU_013172,65.14802936482215
STU_013173,85.55177171767401
STU_013174,61.55752055084456
STU_013175,52.73461068351317
STU_013176,92.56511364973963
STU_013177,62.801121851651715
STU_013178,90.30183169629747
STU_013179,68.643615225965
STU_013180,90.77025832101441
STU_013181,83.14080753551904
STU_013182,68.8708864653431
STU_013183,76.59273448597835
STU_013184,74.51423905729395
STU_013185,69.2978542344164
STU_013186,60.87652821872692
STU_013187,64.80048624268045
STU_013188,93.57138968895924
STU_013189,99.64614823662424
STU_013190,76.36196505344816
STU_013191,95.20947192685442
STU_013192,82.8912371190393
STU_013193,82.93716051876908
STU_013194,96.42627500548988
STU_013195,86.27505046154133
STU_013196,78.1516268224272
STU_013197,51.23683513062915
STU_013198,66.33312026659465
STU_013199,82.1599082941532
STU_013200,50.62517654185131
STU_013201,81.3415018234742
STU_013202,62.12755682691379
STU_013203,72.94922994814715
STU_013204,62.96249107479619
STU_013205,80.05611181554349
STU_013206,67.26037017831891
STU_013207,69.38065034068474
STU_013208,69.6505177891805
STU_013209,75.36752166581968
STU_013210,56.5786963174577
STU_013211,72.72042240211492
STU_013212,56.65122782368971
STU_013213,74.91405988925646
STU_013214,95.46582028290491
STU_013215,48.397328410477336
STU_013216,99.86463107439486
STU_013217,97.46967523176285
STU_013218,68.74731255796897
STU_013219,83.42167496212431
STU_013220,97.67080378484674
STU_013221,65.97528063122726
STU_013222,64.73156495434912
STU_013223,89.09743032550459
STU_013224,69.51246820230367
STU_013225,49.8982753600644
STU_013226,82.86893754254824
STU_013227,88.00331825569754
STU_013228,66.24530298607102
STU_013229,64.43269591714983
STU_013230,71.2620377235839
STU_013231,62.12998776540495
STU_013232,68.27932571335377
STU_013233,91.7268475387326
STU_013234,65.347121290203
STU_013235,70.1978751405483
STU_013236,91.02097734777153
STU_013237,69.67440438073555
STU_013238,76.46457698091834
STU_013239,73.43571661165112
STU_013240,62.552605890472165
STU_013241,66.79429941253399
STU_013242,73.10159004768948
STU_013243,59.67117752367424
STU_013244,71.19078607993022
STU_013245,66.18480379028824
STU_013246,68.43879858103963
STU_013247,99.72507136418957
STU_013248,91.80253078290343
STU_013249,46.3494424605354
STU_013250,77.85850618494457
STU_013251,81.85996652503627
STU_013252,84.99835366387157
STU_013253,65.38808408774497
STU_013254,96.00313325948628
STU_013255,77.11540569066693
STU_013256,69.77951670556365
STU_013257,77.63442892478434
STU_013258,66.13585466916973
STU_013259,57.84398608536432
STU_013260,69.91249029912774
STU_013261,71.23780717500148
STU_013262,56.68467144515272
STU_013263,55.76816340766206
STU_013264,93.13177304364982
STU_013265,74.76365056232656
STU_013266,70.22436091697408
STU_013267,71.59592466022143
STU_013268,61.60663580953132
STU_013269,83.95070544766374
STU_013270,96.86027883082308
STU_013271,67.36424873887236
STU_013272,79.1244978385087
STU_013273,65.66289171709654
STU_013274,75.68448971747506
STU_013275,69.70719463082929
STU_013276,61.51173636892848
STU_013277,63.9124138902851
STU_013278,63.21752565799177
STU_013279,59.44983987399791
STU_013280,91.47826801759155
STU_013281,96.43361690442342
STU_013282,93.63861136479639
STU_013283,75.98015485711903
STU_013284,77.04877821482273
STU_013285,71.6528268744315
STU_013286,68.12288957114157
STU_013287,96.29874225849535
STU_013288,83.38106176049195
STU_013289,97.49622779834414
STU_013290,78.74590568459871
STU_013291,86.37606148864835
STU_013292,85.46114142954664
STU_013293,70.62946809762525
STU_013294,87.32856541334736
STU_013295,71.87049746807244
STU_013296,80.41073088175665
STU_013297,75.25989229273657
STU_013298,54.53679403465688
STU_013299,85.32899418829422
STU_013300,73.91989020838777
STU_013301,87.71699935991602
STU_013302,84.72960876794642
STU_013303,88.12650948799224
STU_013304,81.8567998400835
STU_013305,69.12741783800949
STU_013306,67.27737025284567
STU_013307,75.7488795308646
STU_013308,94.84940760461845
STU_013309,68.61259752398715
STU_013310,59.39278504373882
STU_013311,91.10538987266598
STU_013312,54.81328847932845
STU_013313,64.57713652902
STU_013314,71.4548414496036
STU_013315,71.54642650367316
STU_013316,78.38566112521441
STU_013317,72.44275661219635
STU_013318,49.5219421402179
STU_013319,72.74155993354405
STU_013320,81.28608227285623
STU_013321,77.1620352685033
STU_013322,99.82729815855598
STU_013323,95.73097789630468
STU_013324,84.81894226790075
STU_013325,80.26517460732838
STU_013326,78.26516230043447
STU_013327,74.77667358248269
STU_013328,67.86371480744688
STU_013329,86.89796465381403
STU_013330,65.11246228323935
STU_013331,75.3969661808074
STU_013332,67.61494456993684
STU_013333,61.79918419891317
STU_013334,68.9192331032903
STU_013335,62.67535605673082
STU_013336,83.20548066481375
STU_013337,52.34550340927609
STU_013338,65.63484122508082
STU_013339,71.08842697706685
STU_013340,93.92372877163446
STU_013341,73.42555571210552
STU_013342,88.75328382539104
STU_013343,70.76703338519668
STU_013344,78.65109731707665
STU_013345,67.17133523874634
STU_013346,96.53444658993226
STU_013347,78.68068204123337
STU_013348,83.55276093030878
STU_013349,98.9137575114883
STU_013350,60.102460327039665
STU_013351,81.91220372125571
STU_013352,70.10108619941049
STU_013353,62.34224661752181
STU_013354,57.90048573953671
STU_013355,85.96290960666425
STU_013356,64.24167800602703
STU_013357,66.63800985716124
STU_013358,70.1555632968382
STU_013359,74.31732562887095
STU_013360,71.5354921097037
STU_013361,70.37843778786309
STU_013362,89.39109848646814
STU_013363,75.04995693966428
STU_013364,72.22901437895158
STU_013365,86.81196127279489
STU_013366,98.84480138544725
STU_013367,80.85727548134102
STU_013368,88.26319570800477
STU_013369,53.96769100675586
STU_013370,83.54447175263336
STU_013371,68.89298608620764
STU_013372,80.03082002997189
STU_013373,75.48088053698733
STU_013374,92.53672994941486
STU_013375,88.29123456264502
STU_013376,41.72405592955158
STU_013377,80.01420681842355
STU_013378,66.16397866768456
STU_013379,80.26794916901002
STU_013380,87.23123832207574
STU_013381,98.77741027492546
STU_013382,99.4582917913682
STU_013383,59.28859387212996
STU_013384,66.48892197575196
STU_013385,63.63012694468064
STU_013386,98.80160998517351
STU_013387,55.90481648991274
STU_013388,81.73392138356019
STU_013389,65.73236222644584
STU_013390,67.07441038318683
STU_013391,84.55580693004161
STU_013392,97.94096600719493
STU_013393,71.28432881631213
STU_013394,97.05449863481036
STU_013395,61.609588355603734
STU_013396,66.60681208528696
STU_013397,99.90073639685554
STU_013398,90.56704264841652
STU_013399,58.846867197684304
STU_013400,65.30189092617671
STU_013401,100.0
STU_013402,73.95491606722494
STU_013403,93.88319067530564
STU_013404,63.249854940906644
STU_013405,79.29618777302167
STU_013406,100.0
STU_013407,71.96404905624951
STU_013408,65.38211488425884
STU_013409,61.338186075603794
STU_013410,78.05022150761957
STU_013411,64.21937047271271
STU_013412,67.87450094222987
STU_013413,76.46363820682365
STU_013414,86.0858057715578
STU_013415,73.29958746029968
STU_013416,55.52146660118393
STU_013417,77.58106882756336
STU_013418,51.6210933149149
STU_013419,63.40420118642692
STU_013420,99.0909875626797
STU_013421,99.67205201482908
STU_013422,90.4275714592444
STU_013423,57.1575388924239
STU_013424,97.65855909715549
STU_013425,79.54790996514546
STU_013426,49.87320131071333
STU_013427,70.42602961546378
STU_013428,75.12920603569263
STU_013429,91.84124676463136
STU_013430,65.68896404052552
STU_013431,62.665783567842226
STU_013432,80.0246292781127
STU_013433,92.49314010823909
STU_013434,93.76272559062836
STU_013435,92.73583623311556
STU_013436,74.82447175430849
STU_013437,73.62460679457612
STU_013438,77.15154039518686
STU_013439,89.21292252677627
STU_013440,76.43724242677612
STU_013441,96.44383516291836
STU_013442,98.50209457006395
STU_013443,69.1891337886952
STU_013444,82.73635060416419
STU_013445,81.09886280006916
STU_013446,93.97642002873197
STU_013447,84.67589096058387
STU_013448,84.42531459785114
STU_013449,74.8808862513387
STU_013450,96.8504180820261
STU_013451,71.15054044880833
STU_013452,80.67317098639248
STU_013453,79.32134783374174
STU_013454,67.92865534408493
STU_013455,98.04306266615782
STU_013456,72.36836793041827
STU_013457,67.57934020591816
STU_013458,72.81883725646921
STU_013459,61.583777981070995
STU_013460,58.63040878080151
STU_013461,76.16502221669188
STU_013462,56.17478189253714
STU_013463,81.26272348819968
STU_013464,62.14915128904076
STU_013465,64.44831739249955
STU_013466,88.98356353696744
STU_013467,59.91338818564546
STU_013468,90.85255331655733
STU_013469,78.44437253107257
STU_013470,91.07495894098778
STU_013471,83.99358415091694
STU_013472,82.72810217669684
STU_013473,66.69433297766933
STU_013474,76.49988845115921
STU_013475,87.49640903460386
STU_013476,76.49950405501048
STU_013477,65.40407077674453
STU_013478,77.30350612872304
STU_013479,70.50144185263065
STU_013480,83.2476974416282
STU_013481,73.81078888972505
STU_013482,76.45275223284332
STU_013483,77.20434088556894
STU_013484,85.1332417744881
STU_013485,93.47967451884455
STU_013486,54.61290039218073
STU_013487,81.40585706415825
STU_013488,78.13539412750339
STU_013489,73.52428197528032
STU_013490,80.08364212236015
STU_013491,84.73269313050231
STU_013492,77.13033863751151
STU_013493,64.8259478321926
STU_013494,72.6625651621246
STU_013495,84.11740960827167
STU_013496,85.71544006157482
STU_013497,48.77585665629815
STU_013498,70.71001923761729
STU_013499,81.69301584688031
STU_013500,64.13100930990937
STU_013501,85.79353368225725
STU_013502,81.28191552664026
STU_013503,69.03086150714881
STU_013504,85.82243672889382
STU_013505,71.16917103757729
STU_013506,96.21832285886663
STU_013507,63.77891665862528
STU_013508,75.71942897604228
STU_013509,88.56713773209572
STU_013510,66.36414011827185
STU_013511,80.77855773395187
STU_013512,70.03240499646243
STU_013513,49.43673137065484
STU_013514,87.006140149568
STU_013515,70.74559448616348
STU_013516,100.0
STU_013517,80.31572261979201
STU_013518,71.04715207753489
STU_013519,100.0
STU_013520,73.10645590678568
STU_013521,64.51317636943797
STU_013522,62.522099844236806
STU_013523,93.77118312908686
STU_013524,77.37090555026097
STU_013525,71.19226344651084
STU_013526,75.13076364121962
STU_013527,65.34731209984324
STU_013528,53.51788262443744
STU_013529,97.00651333682703
STU_013530,70.1004445322296
STU_013531,96.24835941712541
STU_013532,58.358810503258084
STU_013533,71.57769299131668
STU_013534,92.57857927711657
STU_013535,95.18600884035524
STU_013536,85.80605188005887
STU_013537,73.95066894361983
STU_013538,96.03040805992364
STU_013539,67.17171265328746
STU_013540,100.0
STU_013541,67.31273287504891
STU_013542,83.07152690492161
STU_013543,70.21981845066078
STU_013544,77.8133493187795
STU_013545,87.13739900389785
STU_013546,98.39388661948016
STU_013547,98.40627545816693
STU_013548,80.11284435002696
STU_013549,62.339926072901704
STU_013550,73.23091293590532
STU_013551,66.2219553925257
STU_013552,81.38635873125213
STU_013553,70.34011327742209
STU_013554,72.7300304855606
STU_013555,60.22952876068393
STU_013556,87.46194380087155
STU_013557,66.54942571935356
STU_013558,68.30192575860883
STU_013559,83.6160461027556
STU_013560,53.327038852779296
STU_013561,70.23716077757084
STU_013562,90.04077498375527
STU_013563,84.45979036579928
STU_013564,55.92808181301493
STU_013565,81.26430660017053
STU_013566,71.50950703299691
STU_013567,95.7125733323294
STU_013568,74.09633774724247
STU_013569,73.7036609698783
STU_013570,71.59201924388623
STU_013571,71.14215129673886
STU_013572,56.60890819515536
STU_013573,64.86412187171989
STU_013574,75.46808924080763
STU_013575,55.91133605006584
STU_013576,70.64591600633563
STU_013577,62.54001781119896
STU_013578,72.52743244274853
STU_013579,75.01061754503786
STU_013580,85.02335616125448
STU_013581,55.36523614235236
STU_013582,79.08050780163367
STU_013583,67.56034178589924
STU_013584,72.42272012727365
STU_013585,59.82938003286857
STU_013586,59.399117982022084
STU_013587,97.51833190189615
STU_013588,68.42820190234437
STU_013589,77.43527637731808
STU_013590,77.92178631784617
STU_013591,91.23754497635095
STU_013592,99.76542033165802
STU_013593,96.30945276773954
STU_013594,70.51745216930247
STU_013595,60.346514304185334
STU_013596,84.03821378804923
STU_013597,67.63150451760876
STU_013598,72.89585843717842
STU_013599,72.00934496808064
STU_013600,95.97564406868752
STU_013601,67.18577698612054
STU_013602,65.48485396263762
STU_013603,93.78057430109206
STU_013604,66.52421505829507
STU_013605,89.53197373410683
STU_013606,71.54504589986855
STU_013607,41.722870290873914
STU_013608,81.17594530422755
STU_013609,77.2290652712554
STU_013610,91.62276608968256
STU_013611,95.71673899151462
STU_013612,62.53561085489693
STU_013613,75.52439511906303
STU_013614,52.06014406527903
STU_013615,85.71343266498944
STU_013616,81.70630985096194
STU_013617,65.91131834010822
STU_013618,61.68553690357716
STU_013619,66.61872113658946
STU_013620,74.09534726044065
STU_013621,71.5794342160254
STU_013622,61.326694064654845
STU_013623,49.112263119571836
STU_013624,51.47614608283165
STU_013625,80.51583773909815
STU_013626,79.08472622983705
STU_013627,85.22897053115341
STU_013628,97.42455131640507
STU_013629,83.65605102892683
STU_013630,72.64190775928245
STU_013631,67.02265014034978
STU_013632,55.80949065018396
STU_013633,96.5965844622112
STU_013634,66.13755746660485
STU_013635,99.29004971676444
STU_013636,71.75473512895749
STU_013637,76.34835366591093
STU_013638,82.23816289288322
STU_013639,64.58179966477171
STU_013640,78.52466575583234
STU_013641,89.8227494132679
STU_013642,74.90966813869902
STU_013643,81.14087088782432
STU_013644,62.227579555165576
STU_013645,75.04873772483742
STU_013646,93.8505384744114
STU_013647,79.96202121471964
STU_013648,99.21389179895026
STU_013649,75.43333256537609
STU_013650,93.05998552681959
STU_013651,72.07655500362787
STU_013652,68.64900724954796
STU_013653,91.18432876894727
STU_013654,75.81671083099232
STU_013655,76.91325730817928
STU_013656,99.8340375648248
STU_013657,59.12111072620063
STU_013658,83.89075898915719
STU_013659,66.89345806493479
STU_013660,66.78937975750237
STU_013661,76.20833487721403
STU_013662,83.36275149552944
STU_013663,73.93730441526439
STU_013664,89.63464648619856
STU_013665,79.02638115077339
STU_013666,84.93003028598989
STU_013667,59.75585380601271
STU_013668,89.35582345891117
STU_013669,64.6932723349372
STU_013670,86.00155238038067
STU_013671,100.0
STU_013672,68.76460623671332
STU_013673,98.33938493333979
STU_013674,74.92516327318772
STU_013675,60.81356313941879
STU_013676,76.6776846786013
STU_013677,83.22978512972075
STU_013678,70.20023006975312
STU_013679,68.04284072856335
STU_013680,54.07869666411608
STU_013681,99.28790602993087
STU_013682,41.96943083842416
STU_013683,56.49827960620617
STU_013684,75.44396296904694
STU_013685,84.60526179770781
STU_013686,93.33337988044471
STU_013687,72.84056027735195
STU_013688,64.77447556221733
STU_013689,97.36112706877518
STU_013690,89.21524327014974
STU_013691,66.68280095928604
STU_013692,61.530072910306004
STU_013693,87.39028352938863
STU_013694,77.99376118262141
STU_013695,72.25295963521519
STU_013696,99.5836079204126
STU_013697,70.00388676785165
STU_013698,63.66003701205028
STU_013699,67.82600362724106
STU_013700,80.53621890715308
STU_013701,79.55949767469374
STU_013702,93.53493948988321
STU_013703,67.40271622673878
STU_013704,78.34956174570613
STU_013705,87.8187466773068
STU_013706,72.96436834128768
STU_013707,69.27486606344745
STU_013708,60.499795260801136
STU_013709,90.76302806086537
STU_013710,79.75455538788032
STU_013711,99.23691882832888
STU_013712,73.88609624003624
STU_013713,60.96579087568418
STU_013714,66.43317119868482
STU_013715,98.12789053994204
STU_013716,69.8727667330219
STU_013717,56.624630472840266
STU_013718,82.26391835121333
STU_013719,75.12397217351742
STU_013720,53.32055125445361
STU_013721,55.86903020632103
STU_013722,80.75337910964367
STU_013723,85.77674121924993
STU_013724,89.92851329939623
STU_013725,72.6667770420046
STU_013726,65.68199673961539
STU_013727,69.44725754686911
STU_013728,96.27231875590027
STU_013729,91.56376889068646
STU_013730,79.26912444885724
STU_013731,91.29968519001235
STU_013732,75.34851734145295
STU_013733,84.16498022337768
STU_013734,56.992618778028934
STU_013735,70.98672216464821
STU_013736,99.68044328749562
STU_013737,80.99216482540162
STU_013738,79.39690056245857
STU_013739,70.83027749864425
STU_013740,83.48822054315622
STU_013741,74.86989046601036
STU_013742,95.09960911221826
STU_013743,92.08884031111731
STU_013744,68.03971827786654
STU_013745,94.27424479804526
STU_013746,83.39821546716692
STU_013747,96.01990295676055
STU_013748,72.05961663365368
STU_013749,95.10331747955607
STU_013750,75.30189916184662
STU_013751,75.4106947754931
STU_013752,77.77410434363397
STU_013753,81.7401604085191
STU_013754,74.96163557489226
STU_013755,65.81169271727654
STU_013756,62.62501852759884
STU_013757,98.84808660350066
STU_013758,94.9611073065306
STU_013759,57.324719670282064
STU_013760,57.14035097489845
STU_013761,97.26247660323497
STU_013762,81.03165300987573
STU_013763,74.10744518323352
STU_013764,60.85991050481398
STU_013765,62.903098559110106
STU_013766,82.85764820625546
STU_013767,90.82685019345286
STU_013768,69.12598871412489
STU_013769,54.07235006077781
STU_013770,87.52195706153475
STU_013771,96.66220419447271
STU_013772,65.27342647800968
STU_013773,66.36248426038838
STU_013774,74.84172270170424
STU_013775,73.1705325767936
STU_013776,60.04468679400307
STU_013777,76.56460948148889
STU_013778,93.17867271879544
STU_013779,96.4437497732744
STU_013780,69.55329820011646
STU_013781,59.10931476821674
STU_013782,77.43410948401194
STU_013783,89.40517592517766
STU_013784,76.1364425805908
STU_013785,68.84822468025608
STU_013786,77.52947113498824
STU_013787,98.282381287954
STU_013788,55.42203086207223
STU_013789,84.7980824923675
STU_013790,63.50135814629292
STU_013791,83.34737783043335
STU_013792,100.0
STU_013793,73.33100133116025
STU_013794,71.44541255323301
STU_013795,76.59335074344077
STU_013796,70.22253634129827
STU_013797,86.0910078820142
STU_013798,58.20323963572008
STU_013799,76.55583742913409
STU_013800,81.96107393494763
STU_013801,100.0
STU_013802,79.58433865564868
STU_013803,72.26126515664372
STU_013804,76.42361945683992
STU_013805,84.22893035968758
STU_013806,67.04382036648967
STU_013807,83.25476401794226
STU_013808,73.27470837986182
STU_013809,74.93568143667089
STU_013810,89.85367301582241
STU_013811,66.21456698262105
STU_013812,80.0792843053467
STU_013813,69.87653608923283
STU_013814,66.10149042314184
STU_013815,76.90916084474414
STU_013816,69.77614073183139
STU_013817,81.98411792502465
STU_013818,58.5062973533565
STU_013819,88.87276308046724
STU_013820,74.48793201611274
STU_013821,70.7523792413339
STU_013822,93.93228260150644
STU_013823,85.19316934518658
STU_013824,69.20992654577364
STU_013825,62.27965627344512
STU_013826,85.15446766518855
STU_013827,75.49263831142491
STU_013828,86.12402386199436
STU_013829,80.33603976045234
STU_013830,84.30130708675249
STU_013831,80.47124901907615
STU_013832,89.91718595460071
STU_013833,83.40921252706858
STU_013834,66.8940137435487
STU_013835,78.58823591748676
STU_013836,65.37193020567408
STU_013837,96.72642116127885
STU_013838,52.41343958543154
STU_013839,60.984253080688354
STU_013840,57.23031684084984
STU_013841,98.89840714378988
STU_013842,76.94549936216713
STU_013843,74.78075385943592
STU_013844,70.66005767343364
STU_013845,92.63034992212224
STU_013846,85.20859960355031
STU_013847,42.741663809560116
STU_013848,100.0
STU_013849,56.93364517431561
STU_013850,72.47980939998766
STU_013851,66.8913912163265
STU_013852,88.18917626663315
STU_013853,68.66945897042046
STU_013854,83.55720254963607
STU_013855,75.30059105231473
STU_013856,56.370944472256596
STU_013857,75.00657603707872
STU_013858,80.965179191473
STU_013859,78.27876412715628
STU_013860,68.90571341568538
STU_013861,71.92874819891323
STU_013862,83.74141569084217
STU_013863,86.0494421465296
STU_013864,67.45471507875514
STU_013865,90.4539579907383
STU_013866,55.50228090509786
STU_013867,73.37606371205312
STU_013868,93.6518237082758
STU_013869,71.34359986349344
STU_013870,48.40835367901819
STU_013871,70.039240994198
STU_013872,100.0
STU_013873,69.62725569793957
STU_013874,68.8326123313332
STU_013875,62.01774919717969
STU_013876,79.59117218053325
STU_013877,53.60316249180316
STU_013878,57.32867271613993
STU_013879,61.91096914658327
STU_013880,94.38144820945074
STU_013881,69.49471363259543
STU_013882,79.78724805205968
STU_013883,68.84578214687718
STU_013884,79.89952668311321
STU_013885,87.97692636383758
STU_013886,85.70450101682671
STU_013887,71.4065474348602
STU_013888,79.38864195086617
STU_013889,77.25136795505709
STU_013890,90.7149359998831
STU_013891,94.42472401469362
STU_013892,73.32900062668955
STU_013893,58.011603742185216
STU_013894,94.91989822810257
STU_013895,53.39252601740236
STU_013896,93.98530333437509
STU_013897,75.0572544010677
STU_013898,79.37437291240454
STU_013899,83.3158734176569
STU_013900,68.36733053268462
STU_013901,76.23485615480402
STU_013902,73.88590292220952
STU_013903,71.41912463910394
STU_013904,69.30167309448618
STU_013905,88.77456995756522
STU_013906,79.5028999237914
STU_013907,69.29301897599547
STU_013908,65.85953382696198
STU_013909,90.67103142041512
STU_013910,61.21308456293902
STU_013911,80.79052712516375
STU_013912,78.76023386261684
STU_013913,74.0300080942927
STU_013914,60.84520553591196
STU_013915,66.71639274579184
STU_013916,98.51601112138815
STU_013917,52.49153321661752
STU_013918,57.811955782400005
STU_013919,78.47782053848891
STU_013920,79.93699851548712
STU_013921,63.310375529436946
STU_013922,96.10873038455031
STU_013923,86.71531600468184
STU_013924,86.00582302404237
STU_013925,70.07112043330618
STU_013926,80.2114342542421
STU_013927,99.3931918669985
STU_013928,42.93589579395969
STU_013929,59.899244404829474
STU_013930,72.18782656289635
STU_013931,64.21612549798269
STU_013932,67.38049930633659
STU_013933,55.25774446995153
STU_013934,65.60893082181938
STU_013935,77.26505594406872
STU_013936,88.37997509810295
STU_013937,82.04703021374783
STU_013938,77.0989415352574
STU_013939,66.19042134299643
STU_013940,65.07874708535539
STU_013941,66.57760472524058
STU_013942,100.0
STU_013943,61.6162464510019
STU_013944,87.45821054809522
STU_013945,73.96203282812415
STU_013946,98.45938742667776
STU_013947,84.32951505329453
STU_013948,77.30497503185343
STU_013949,47.11163497898674
STU_013950,87.29416956017677
STU_013951,55.51262291118258
STU_013952,97.15050740603347
STU_013953,71.3624699635925
STU_013954,46.49396454190532
STU_013955,63.83845119668348
STU_013956,75.63233820638254
STU_013957,79.35295362241223
STU_013958,72.07858153521148
STU_013959,70.0382042686283
STU_013960,77.19344884307844
STU_013961,75.70301669289928
STU_013962,65.19986536110781
STU_013963,65.42079738623539
STU_013964,75.97851648152702
STU_013965,61.44602943689807
STU_013966,67.16252688509167
STU_013967,69.14633848210599
STU_013968,94.18558484190048
STU_013969,46.97581121629501
STU_013970,89.08725198773583
STU_013971,65.35253819398955
STU_013972,74.50177193854283
STU_013973,68.93332899171698
STU_013974,92.87875388756031
STU_013975,84.23301240820557
STU_013976,67.92872489920666
STU_013977,82.33288746393595
STU_013978,95.71433519272063
STU_013979,83.81987924364265
STU_013980,74.89772309889874
STU_013981,74.0294944915218
STU_013982,72.3634803986825
STU_013983,77.36398623512673
STU_013984,71.10025737890626
STU_013985,84.39344727013963
STU_013986,73.67307890236165
STU_013987,94.7570847379351
STU_013988,64.92845894085156
STU_013989,66.75278111287341
STU_013990,64.37484387218824
STU_013991,81.32224817580271
STU_013992,76.79248520024302
STU_013993,78.6494318128429
STU_013994,75.70728951433388
STU_013995,57.1386112142944
STU_013996,75.30522722560293
STU_013997,96.45277298678474
STU_013998,62.09499732756028
STU_013999,75.60847622744153
STU_014000,77.93292045218475
STU_014001,65.20831795443833
STU_014002,60.56889210127569
STU_014003,67.84811833165598
STU_014004,62.1448192891358
STU_014005,72.55401623003877
STU_014006,72.42236857184632
STU_014007,82.3489889439735
STU_014008,60.30503238259749
STU_014009,99.77083808804585
STU_014010,69.75494278754694
STU_014011,81.69497539595416
STU_014012,94.74021229323678
STU_014013,49.59750438687757
STU_014014,90.71219506050213
STU_014015,80.26972716761063
STU_014016,64.4503352075779
STU_014017,82.7695565095949
STU_014018,75.16802417260583
STU_014019,90.73267492737287
STU_014020,83.7549136424478
STU_014021,93.55058513969105
STU_014022,69.24320395115014
STU_014023,61.67376232839766
STU_014024,76.47190673245629
STU_014025,80.73213389225982
STU_014026,78.70039647632473
STU_014027,100.0
STU_014028,89.34996662222207
STU_014029,78.59632724888743
STU_014030,75.50301267629959
STU_014031,76.67929985965799
STU_014032,71.96985858704987
STU_014033,67.94224367804846
STU_014034,91.78185258595407
STU_014035,95.60264726228276
STU_014036,52.157342920336895
STU_014037,61.96888157182666
STU_014038,88.39045223707602
STU_014039,88.25425589902521
STU_014040,74.52162537340692
STU_014041,72.42948307420774
STU_014042,64.969027212144
STU_014043,69.58810209275723
STU_014044,100.0
STU_014045,74.16594671456116
STU_014046,66.30282151956277
STU_014047,88.03287395237417
STU_014048,61.84306155565237
STU_014049,85.02361338343253
STU_014050,77.15275604799716
STU_014051,71.84689387262382
STU_014052,79.59418766133184
STU_014053,87.24636862892119
STU_014054,85.36286739385315
STU_014055,100.0
STU_014056,79.67470618444125
STU_014057,66.82988585126421
STU_014058,78.87147802164624
STU_014059,65.0995334793354
STU_014060,79.1251815240805
STU_014061,66.33560085768636
STU_014062,87.09930683145605
STU_014063,69.9230493071175
STU_014064,67.71958812661266
STU_014065,60.993756531563506
STU_014066,41.18740423962976
STU_014067,92.25012478433025
STU_014068,70.11802476626917
STU_014069,75.42460114619874
STU_014070,77.62250143646351
STU_014071,40.29232100912983
STU_014072,73.77991854575025
STU_014073,77.72885621411905
STU_014074,73.5108845365493
STU_014075,73.15621635972579
STU_014076,67.76455314257379
STU_014077,55.11069561440687
STU_014078,53.27324271409667
STU_014079,83.64371386973096
STU_014080,86.04409799362801
STU_014081,100.0
STU_014082,80.04968025780481
STU_014083,64.63484622691044
STU_014084,75.45391487316233
STU_014085,100.0
STU_014086,60.507897172872134
STU_014087,71.00451962973449
STU_014088,75.04707475239775
STU_014089,79.37931380849554
STU_014090,66.55788358415215
STU_014091,86.60815178170786
STU_014092,66.69792718183724
STU_014093,70.80453015005506
STU_014094,63.6473286586096
STU_014095,78.05462068048159
STU_014096,83.5801860570574
STU_014097,85.57414588395639
STU_014098,68.27063552116681
STU_014099,68.35936505734072
STU_014100,64.64454419111648
STU_014101,75.94545161512383
STU_014102,85.41461393795201
STU_014103,69.070857906448
STU_014104,88.58963622317225
STU_014105,45.52147420591966
STU_014106,70.83802693600045
STU_014107,84.26766949511223
STU_014108,77.29791063515702
STU_014109,80.5771783906089
STU_014110,84.01621369036873
STU_014111,91.27364145721768
STU_014112,60.832438618938
STU_014113,59.84404715106819
STU_014114,65.10736706286109
STU_014115,76.98533996944035
STU_014116,99.23676823668457
STU_014117,64.49229951543018
STU_014118,92.21986106595949
STU_014119,68.84878096983324
STU_014120,68.40049887277766
STU_014121,58.40891011717008
STU_014122,59.3215261582674
STU_014123,56.46732376900914
STU_014124,58.19639382153298
STU_014125,85.48134550585814
STU_014126,62.14594631102853
STU_014127,67.39469248793073
STU_014128,61.98075546009548
STU_014129,85.39550534403035
STU_014130,82.99091271538182
STU_014131,90.41087679350562
STU_014132,78.91236426567097
STU_014133,69.95975585168381
STU_014134,44.936876633626106
STU_014135,76.86805288084575
STU_014136,75.19255020835944
STU_014137,98.75608674678568
STU_014138,51.77885291493752
STU_014139,73.48503287232587
STU_014140,78.38729906960812
STU_014141,90.27489766399
STU_014142,70.14622756329092
STU_014143,87.7169295298759
STU_014144,96.76231710339948
STU_014145,65.23266434663675
STU_014146,94.7741208418673
STU_014147,78.68471280846359
STU_014148,86.34496032915357
STU_014149,73.92002925512334
STU_014150,65.0237291465631
STU_014151,95.68115843768638
STU_014152,86.02858714494494
STU_014153,58.27454619197226
STU_014154,77.25026604492766
STU_014155,66.7429305204412
STU_014156,89.85527849622414
STU_014157,80.0060315274407
STU_014158,79.23361819975433
STU_014159,79.01184354839677
STU_014160,93.93956149336404
STU_014161,79.96040449344864
STU_014162,96.48805336850589
STU_014163,71.27145657343189
STU_014164,52.45834468546094
STU_014165,95.55507860593373
STU_014166,69.37460976196111
STU_014167,79.66353163802773
STU_014168,66.51270053525846
STU_014169,52.653017045235146
STU_014170,79.32457218246947
STU_014171,84.14124129374032
STU_014172,77.63409222660803
STU_014173,68.11019087762205
STU_014174,81.84248345943304
STU_014175,81.26011909746651
STU_014176,64.74713438040965
STU_014177,72.51142724828138
STU_014178,70.36541535456846
STU_014179,83.45078655886194
STU_014180,79.83911725232056
STU_014181,75.03781114305137
STU_014182,95.39731709681776
STU_014183,65.38981935194987
STU_014184,84.10325317112728
STU_014185,76.29332574308238
STU_014186,92.5732928077706
STU_014187,97.59504957639905
STU_014188,79.30266664706976
STU_014189,70.181855734189
STU_014190,65.78730607133512
STU_014191,66.18724448867046
STU_014192,63.489013870435514
STU_014193,83.65140398281684
STU_014194,73.11063259783435
STU_014195,60.59137042112438
STU_014196,81.10140984023857
STU_014197,63.70997785380759
STU_014198,71.66886783086962
STU_014199,59.11548786644538
STU_014200,76.3424598490048
STU_014201,75.83208608833833
STU_014202,82.2925260976229
STU_014203,56.99177554321916
STU_014204,86.22828342842206
STU_014205,67.35507879097506
STU_014206,76.27905759974968
STU_014207,81.52781180656427
STU_014208,71.94829678767029
STU_014209,69.05259898668966
STU_014210,96.94167417505246
STU_014211,80.44798351529255
STU_014212,97.55556197167826
STU_014213,79.92177248255409
STU_014214,63.27285109544568
STU_014215,69.8572831001226
STU_014216,68.25197014663232
STU_014217,88.42134184941561
STU_014218,100.0
STU_014219,68.09837424346901
STU_014220,81.51473701845192
STU_014221,84.21310862413515
STU_014222,77.88330960898026
STU_014223,85.61262422486037
STU_014224,91.63982037500662
STU_014225,73.60001954416755
STU_014226,56.25089117762121
STU_014227,74.75539361138681
STU_014228,62.22875612770075
STU_014229,89.60390846761243
STU_014230,94.25933190519902
STU_014231,77.08470627870594
STU_014232,75.39811933989758
STU_014233,55.72558824996953
STU_014234,100.0
STU_014235,76.77367441591468
STU_014236,74.45522696437489
STU_014237,92.73332779744331
STU_014238,51.64145575254864
STU_014239,87.80091290865883
STU_014240,72.897524990099
STU_014241,81.0716864345884
STU_014242,88.00176161966239
STU_014243,69.35573695944878
STU_014244,78.9356487375521
STU_014245,81.87556949919528
STU_014246,73.59230761216025
STU_014247,63.954507702216816
STU_014248,90.98804909326938
STU_014249,77.6841069111193
STU_014250,79.97119619502146
STU_014251,74.91641185555284
STU_014252,63.44918981082307
STU_014253,89.31897881490399
STU_014254,66.85427113527992
STU_014255,96.62348744247677
STU_014256,66.42302517652023
STU_014257,71.47249734648904
STU_014258,90.33053597631664
STU_014259,69.23420424290647
STU_014260,83.82201069604744
STU_014261,83.12990626814491
STU_014262,73.70624816919874
STU_014263,59.20419239354738
STU_014264,86.28959855583166
STU_014265,67.99570223361867
STU_014266,86.06095826723559
STU_014267,97.00507269427487
STU_014268,92.78665673029035
STU_014269,72.47028991880651
STU_014270,70.6915044925642
STU_014271,58.0105827109532
STU_014272,74.27515561363228
STU_014273,73.90964201161208
STU_014274,66.63774360614845
STU_014275,89.372357268979
STU_014276,66.89075444542804
STU_014277,91.63227863864483
STU_014278,63.32110957057273
STU_014279,92.07211440142993
STU_014280,56.82156273557523
STU_014281,89.53703520081326
STU_014282,71.03640998384134
STU_014283,55.56764634079738
STU_014284,83.83056364583928
STU_014285,94.3658531975055
STU_014286,64.5626277709823
STU_014287,84.51279622792568
STU_014288,50.04991005547675
STU_014289,73.51246127492976
STU_014290,76.6283696725182
STU_014291,66.79634438373539
STU_014292,71.66529757842356
STU_014293,72.66830559959418
STU_014294,59.00083324438347
STU_014295,68.61545324817362
STU_014296,68.11746344245431
STU_014297,61.91950643625995
STU_014298,78.0927903303821
STU_014299,83.9601613548391
STU_014300,89.92313382175743
STU_014301,57.48405098870194
STU_014302,100.0
STU_014303,87.81156431215118
STU_014304,62.96153241640725
STU_014305,79.3848861886037
STU_014306,73.1155062118694
STU_014307,100.0
STU_014308,68.29377960201371
STU_014309,92.61635252430929
STU_014310,71.25685384855183
STU_014311,100.0
STU_014312,74.96624586028753
STU_014313,68.77295584940751
STU_014314,65.54456849873895
STU_014315,82.5426329046313
STU_014316,74.14971103589224
STU_014317,69.31814140039813
STU_014318,80.4399827509516
STU_014319,59.994289715202385
STU_014320,77.6681406269998
STU_014321,63.02314537630333
STU_014322,95.57543708424504
STU_014323,81.11168947920959
STU_014324,76.37459473001044
STU_014325,83.40765897334954
STU_014326,87.10026342483323
STU_014327,71.79453152082115
STU_014328,52.88377460004083
STU_014329,91.40873069928642
STU_014330,54.50563044840193
STU_014331,61.412356633819876
STU_014332,59.13167566196899
STU_014333,73.84420357394264
STU_014334,94.00351281275906
STU_014335,80.40461650047347
STU_014336,90.17402833803874
STU_014337,78.87029319549089
STU_014338,65.13294093670115
STU_014339,64.17993241122647
STU_014340,67.22687020171121
STU_014341,94.07533037712864
STU_014342,55.912405452887725
STU_014343,73.87283699776478
STU_014344,46.78349061698224
STU_014345,74.43766880441827
STU_014346,86.47729793145382
STU_014347,67.77428258316823
STU_014348,72.15956879374342
STU_014349,67.54563642127212
STU_014350,69.82791017121134
STU_014351,72.26242902389541
STU_014352,93.5072280039744
STU_014353,90.0389844127552
STU_014354,87.24349295876164
STU_014355,65.43215824925231
STU_014356,50.158843571528394
STU_014357,84.77318364762883
STU_014358,58.381795119866936
STU_014359,73.25978638772276
STU_014360,63.94076172826325
STU_014361,64.2279211075344
STU_014362,100.0
STU_014363,51.21463426701849
STU_014364,77.50098704543842
STU_014365,63.60181567313661
STU_014366,74.14024846651253
STU_014367,72.42868137515164
STU_014368,87.28191390335712
STU_014369,90.84729979841379
STU_014370,93.04007156011393
STU_014371,73.97261759201231
STU_014372,86.16206716264632
STU_014373,68.85505964261645
STU_014374,77.39482584823706
STU_014375,79.02005604458863
STU_014376,90.98308232957892
STU_014377,84.6681951329611
STU_014378,99.6253333685556
STU_014379,79.45962306611841
STU_014380,82.29732341231653
STU_014381,43.81330074562139
STU_014382,77.62246400114293
STU_014383,73.74033397259633
STU_014384,84.24313220734157
STU_014385,91.98348014414765
STU_014386,64.73505918524542
STU_014387,79.29127395508728
STU_014388,72.12638003370758
STU_014389,75.64879158751891
STU_014390,68.2150514918484
STU_014391,45.817046379821704
STU_014392,89.91635159544238
STU_014393,90.22936908954455
STU_014394,71.8464763683256
STU_014395,97.78319814136086
STU_014396,90.00539220240478
STU_014397,76.88000832839187
STU_014398,99.92665902857121
STU_014399,73.64013959718837
STU_014400,97.13232536239684
STU_014401,85.64634468717239
STU_014402,77.37688295365344
STU_014403,74.17774757390156
STU_014404,79.22709547934595
STU_014405,65.42855402160177
STU_014406,76.43633050933657
STU_014407,99.03171431632177
STU_014408,63.911233670588864
STU_014409,57.38043981173867
STU_014410,71.0885807677621
STU_014411,67.29755642210569
STU_014412,74.44788763067612
STU_014413,80.65297486169479
STU_014414,62.60854379567171
STU_014415,69.45853073082183
STU_014416,80.69116922346336
STU_014417,90.69275000417588
STU_014418,87.77230463813426
STU_014419,54.88281499242292
STU_014420,89.34832570186114
STU_014421,94.92740802208746
STU_014422,66.81360624638907
STU_014423,93.24422523355162
STU_014424,76.29791358100032
STU_014425,95.09068053866963
STU_014426,70.34951900412266
STU_014427,88.9706447558439
STU_014428,92.1799375749148
STU_014429,93.85454494622097
STU_014430,53.32226477014655
STU_014431,59.41658521004896
STU_014432,79.16351000451287
STU_014433,68.71415155770883
STU_014434,78.46824705579449
STU_014435,97.07570568891632
STU_014436,58.458218871478564
STU_014437,73.04377566331577
STU_014438,75.05427317944573
STU_014439,79.27999931277276
STU_014440,49.24536704576675
STU_014441,65.61478777157151
STU_014442,80.58965390273224
STU_014443,53.88100340350303
STU_014444,52.99919389528496
STU_014445,74.38923264346171
STU_014446,69.50682683144673
STU_014447,94.9477344932474
STU_014448,62.74571681855714
STU_014449,53.67944022286056
STU_014450,68.27758328199158
STU_014451,86.77291349767631
STU_014452,88.66000166975493
STU_014453,100.0
STU_014454,88.18654145834418
STU_014455,86.19833348537628
STU_014456,83.91564606117123
STU_014457,62.12015453896126
STU_014458,64.84096994161685
STU_014459,76.05514549918686
STU_014460,99.96879513910636
STU_014461,95.64815012916895
STU_014462,82.79471348393821
STU_014463,89.94396839066226
STU_014464,70.94226354657285
STU_014465,94.18945201409075
STU_014466,65.74797895575134
STU_014467,76.28001713396935
STU_014468,73.17202119215503
STU_014469,82.36687096578265
STU_014470,75.90929036141168
STU_014471,82.94390340044012
STU_014472,64.97232681896202
STU_014473,64.39012483784381
STU_014474,83.69799931101416
STU_014475,63.28849464601446
STU_014476,74.24874935142593
STU_014477,94.44821230471109
STU_014478,81.38710604502062
STU_014479,96.990785532039
STU_014480,79.94205679906423
STU_014481,90.48815370245815
STU_014482,50.39517142754244
STU_014483,94.30142689228143
STU_014484,47.84758972355877
STU_014485,72.92046225061088
STU_014486,89.34775335349825
STU_014487,80.9570149877496
STU_014488,70.95386276933083
STU_014489,48.45119019261882
STU_014490,91.15300669550267
STU_014491,81.06397424813616
STU_014492,80.17339568799386
STU_014493,61.71017422553879
STU_014494,85.53169788328574
STU_014495,72.48421662581868
STU_014496,65.924745016906
STU_014497,63.02118459870341
STU_014498,87.45710376617849
STU_014499,80.9726110371577
STU_014500,64.50526181629229
STU_014501,63.51765452141909
STU_014502,70.74001095633669
STU_014503,73.78502549337352
STU_014504,99.31377559277352
STU_014505,75.23227594795145
STU_014506,74.42780205675432
STU_014507,71.85267563697278
STU_014508,64.1295587287883
STU_014509,74.42406263511826
STU_014510,61.21611315430505
STU_014511,82.39225973873793
STU_014512,75.41681225994571
STU_014513,82.19985025282743
STU_014514,81.6976942705973
STU_014515,73.10159747226977
STU_014516,84.01518716132001
STU_014517,83.28866774791024
STU_014518,77.31528506294966
STU_014519,60.32175156092578
STU_014520,75.29815390024072
STU_014521,96.2836672841602
STU_014522,66.16204635508382
STU_014523,95.90228753501371
STU_014524,88.86930833419383
STU_014525,68.83674285847061
STU_014526,76.669904905496
STU_014527,43.908972145382094
STU_014528,67.46620232310796
STU_014529,80.31190922397442
STU_014530,67.58499265106144
STU_014531,76.2941167254607
STU_014532,96.45927473235142
STU_014533,99.45614081274404
STU_014534,92.94018194588152
STU_014535,96.61824606944558
STU_014536,87.33116453222193
STU_014537,77.27094576451157
STU_014538,61.26325250177686
STU_014539,66.33286322054344
STU_014540,53.546532467022786
STU_014541,91.15052145150116
STU_014542,54.168723996113386
STU_014543,84.75022808090205
STU_014544,65.40333967879683
STU_014545,58.93633759183306
STU_014546,56.15006468386578
STU_014547,62.05555616038329
STU_014548,95.00775668048053
STU_014549,96.46965494739001
STU_014550,78.26159423775312
STU_014551,69.24551950182075
STU_014552,66.68052929250678
STU_014553,82.45920303150125
STU_014554,74.27200463013446
STU_014555,65.71403618261037
STU_014556,94.5730423082466
STU_014557,73.10079578111521
STU_014558,56.08805214256588
STU_014559,78.22998578419464
STU_014560,98.13400404005644
STU_014561,74.65588191148264
STU_014562,67.73093711298579
STU_014563,77.49763068642969
STU_014564,98.63570036146623
STU_014565,73.17577729067816
STU_014566,84.25052064174527
STU_014567,69.54290307173045
STU_014568,69.32875361306368
STU_014569,76.70218518460487
STU_014570,55.13711493528936
STU_014571,65.51926225972421
STU_014572,71.84231873552525
STU_014573,80.16418982410836
STU_014574,64.53301706025667
STU_014575,62.006852230112415
STU_014576,68.98266222404834
STU_014577,57.49132140426177
STU_014578,63.58686010014664
STU_014579,81.31170256346898
STU_014580,91.94225601733449
STU_014581,89.13854343631697
STU_014582,81.90983215610984
STU_014583,70.80501224895993
STU_014584,79.80335313896569
STU_014585,72.46992568557874
STU_014586,90.61618561225737
STU_014587,59.36832787509975
STU_014588,77.79702229060321
STU_014589,54.46495124015159
STU_014590,64.20200915513612
STU_014591,93.17889309691613
STU_014592,75.99153561067612
STU_014593,92.82679828308412
STU_014594,98.10725925837308
STU_014595,51.08770634887761
STU_014596,100.0
STU_014597,73.05634431866524
STU_014598,60.46183856891809
STU_014599,79.07372602476806
STU_014600,56.05287613295562
STU_014601,76.10915900844336
STU_014602,93.5180335594942
STU_014603,54.448836712626274
STU_014604,85.32027828071735
STU_014605,100.0
STU_014606,56.63290074276556
STU_014607,82.83847512759837
STU_014608,59.89579812243001
STU_014609,81.3738128125479
STU_014610,81.91101290366902
STU_014611,78.50872098092289
STU_014612,55.932485563052
STU_014613,68.95011849669447
STU_014614,91.04759947062004
STU_014615,73.72759872051174
STU_014616,92.06727715035312
STU_014617,63.69268582402703
STU_014618,85.80150689406538
STU_014619,78.13328871311789
STU_014620,86.46626127221705
STU_014621,61.16590357628195
STU_014622,95.82831834419301
STU_014623,69.69163068746239
STU_014624,81.13109477465046
STU_014625,69.49516323467199
STU_014626,90.63576923513656
STU_014627,66.05044933984007
STU_014628,57.12454712374381
STU_014629,80.10221586723539
STU_014630,73.35879465551295
STU_014631,63.08208494132334
STU_014632,67.05968271898601
STU_014633,67.24735722590773
STU_014634,93.85769758093065
STU_014635,57.716281803976585
STU_014636,46.055673386782885
STU_014637,93.18800569812197
STU_014638,70.72980005911788
STU_014639,76.82221732972457
STU_014640,71.7007641659258
STU_014641,62.570256379314515
STU_014642,96.10803764908952
STU_014643,55.97403271320134
STU_014644,94.21413702691895
STU_014645,76.98823879544011
STU_014646,86.6877414538674
STU_014647,90.65816189322783
STU_014648,67.51205391347717
STU_014649,90.3564738414787
STU_014650,70.17676236079905
STU_014651,62.82412797029913
STU_014652,93.0506677026937
STU_014653,77.36393685017399
STU_014654,86.18795334354138
STU_014655,53.17558987312099
STU_014656,65.67844334957724
STU_014657,56.121418181676475
STU_014658,75.88958936869099
STU_014659,69.57489128548661
STU_014660,71.73235155609545
STU_014661,50.87311517305204
STU_014662,70.64200018455207
STU_014663,73.90630001050222
STU_014664,52.572102299220475
STU_014665,76.54361873816558
STU_014666,94.85163346087536
STU_014667,78.36725415205852
STU_014668,54.12154655588009
STU_014669,74.05381690252041
STU_014670,97.9446716625628
STU_014671,77.07367313225875
STU_014672,82.56912911379257
STU_014673,94.25676860500387
STU_014674,94.02464617913185
STU_014675,82.55971285290511
STU_014676,77.46522898605006
STU_014677,64.81831545949102
STU_014678,66.2337185175312
STU_014679,59.52799330971517
STU_014680,45.90377681736249
STU_014681,92.75835876384434
STU_014682,46.75545515155163
STU_014683,65.23280561444999
STU_014684,59.83663745662135
STU_014685,63.75779167455828
STU_014686,77.911331403402
STU_014687,86.14870191784647
STU_014688,93.63616156357867
STU_014689,65.49573794848177
STU_014690,60.61907146888214
STU_014691,84.17224407874595
STU_014692,94.23589152370513
STU_014693,74.34119892472054
STU_014694,75.29142959818017
STU_014695,99.94541206512262
STU_014696,45.45965354174503
STU_014697,72.5917845747982
STU_014698,89.54083475140744
STU_014699,65.20631968457953
STU_014700,92.989210472667
STU_014701,72.11795371200873
STU_014702,88.7128488972441
STU_014703,81.21410147743306
STU_014704,95.82685345592887
STU_014705,81.1498998764877
STU_014706,83.31672764091196
STU_014707,97.07718184615888
STU_014708,98.92912971575228
STU_014709,77.28436294078479
STU_014710,52.406193103348116
STU_014711,75.81480949496185
STU_014712,80.39550713231097
STU_014713,44.56278461692272
STU_014714,79.43024325563023
STU_014715,78.58059698111411
STU_014716,60.960534783173316
STU_014717,59.402194500791516
STU_014718,66.52906086533362
STU_014719,93.04277403829045
STU_014720,82.53200604034339
STU_014721,51.98152834595637
STU_014722,67.2320877016824
STU_014723,95.80027522715419
STU_014724,90.27783072661565
STU_014725,71.48443534693452
STU_014726,66.8015094631968
STU_014727,57.85811846109597
STU_014728,93.93196775771393
STU_014729,80.80872822162925
STU_014730,53.758695669037664
STU_014731,65.38422762267942
STU_014732,82.77373203825057
STU_014733,74.35913716979334
STU_014734,63.92476471664547
STU_014735,100.0
STU_014736,74.91516986285339
STU_014737,73.85995711241164
STU_014738,70.9553197682671
STU_014739,84.26163825332353
STU_014740,76.00216271902256
STU_014741,79.23016418953102
STU_014742,96.29693163148383
STU_014743,99.65086369505914
STU_014744,68.51605993389292
STU_014745,81.54084182608315
STU_014746,45.497718266586176
STU_014747,73.90619300702426
STU_014748,100.0
STU_014749,90.0177362066202
STU_014750,81.90196384448237
STU_014751,94.11361218485803
STU_014752,77.94150843075253
STU_014753,59.28924451692774
STU_014754,99.84616000167759
STU_014755,66.2742869959216
STU_014756,68.07420242199328
STU_014757,76.22609348525162
STU_014758,99.95522276765816
STU_014759,69.93109291899268
STU_014760,76.57085826397437
STU_014761,76.24953789673567
STU_014762,100.0
STU_014763,82.75250271256871
STU_014764,99.88164650826154
STU_014765,74.80404773751167
STU_014766,79.26060342378113
STU_014767,70.1181099784641
STU_014768,68.15924203053788
STU_014769,97.19061609943421
STU_014770,78.5844931772235
STU_014771,73.0669946796885
STU_014772,70.90538889866619
STU_014773,85.13580468796611
STU_014774,94.34931760000336
STU_014775,78.88755864547623
STU_014776,75.2146775280319
STU_014777,75.48978613469947
STU_014778,80.35875262021432
STU_014779,78.93506957956306
STU_014780,59.0745217678453
STU_014781,81.59237598071826
STU_014782,88.02024936364104
STU_014783,90.43165912765497
STU_014784,91.39728715952847
STU_014785,82.14445026329241
STU_014786,83.09823773916801
STU_014787,77.87546488949022
STU_014788,94.60368364400247
STU_014789,75.84067219945489
STU_014790,78.85107554615877
STU_014791,64.2330439475536
STU_014792,55.492828947813294
STU_014793,68.66137637954566
STU_014794,63.07963344238915
STU_014795,78.0806495194322
STU_014796,77.78005282323676
STU_014797,71.6092673147608
STU_014798,90.60625091961626
STU_014799,87.10516728448096
STU_014800,84.71252995392382
STU_014801,91.92386717255582
STU_014802,57.685451942746525
STU_014803,88.40494491615152
STU_014804,78.75107919332187
STU_014805,75.11692205685725
STU_014806,74.77159057754454
STU_014807,64.1349127328291
STU_014808,67.90532161383143
STU_014809,53.895133459345
STU_014810,96.19714254693197
STU_014811,98.61506759400164
STU_014812,74.07444625452428
STU_014813,61.48861112199381
STU_014814,67.00819519019856
STU_014815,54.76141114941693
STU_014816,79.4814416259259
STU_014817,83.80587179878651
STU_014818,48.12404905599667
STU_014819,75.23326090831587
STU_014820,69.23898167502807
STU_014821,59.822462001283164
STU_014822,99.18072668980008
STU_014823,65.51142543808626
STU_014824,90.67841557039776
STU_014825,78.58079867918364
STU_014826,91.90144129524123
STU_014827,58.573083131045884
STU_014828,76.03580060752837
STU_014829,77.0204778477244
STU_014830,80.93796579374786
STU_014831,82.86207245512145
STU_014832,63.30492334435745
STU_014833,60.83669844563542
STU_014834,80.87671976885791
STU_014835,75.45162181985111
STU_014836,84.1828514732385
STU_014837,75.65316695016415
STU_014838,73.01305291278835
STU_014839,86.80828304076118
STU_014840,76.18173440996668
STU_014841,99.80478360503145
STU_014842,54.01827426176318
STU_014843,68.97837705805594
STU_014844,95.34967147952725
STU_014845,66.05116643291791
STU_014846,86.08326702814253
STU_014847,76.24286320790088
STU_014848,58.351513021416416
STU_014849,62.92801080758603
STU_014850,70.12497348021489
STU_014851,82.1446072723692
STU_014852,79.9245185121967
STU_014853,74.69331725489891
STU_014854,65.6849687041483
STU_014855,75.31160314091068
STU_014856,71.90767127387376
STU_014857,82.68931481495962
STU_014858,65.19287393296719
STU_014859,87.35197563977437
STU_014860,51.0021711908675
STU_014861,84.04846701123651
STU_014862,94.47624455657298
STU_014863,64.19659612734266
STU_014864,74.73718201428154
STU_014865,69.10187132364926
STU_014866,69.18970948392486
STU_014867,70.6214361497353
STU_014868,100.0
STU_014869,97.95075526181974
STU_014870,73.85505036333655
STU_014871,74.30458024243174
STU_014872,82.42398564146181
STU_014873,65.48022478777061
STU_014874,67.45945491924329
STU_014875,83.56563507754532
STU_014876,56.757632500117566
STU_014877,65.97003775889158
STU_014878,64.50749612826971
STU_014879,76.98455334186964
STU_014880,86.69501249183116
STU_014881,78.4981508717038
STU_014882,71.58407085392429
STU_014883,76.47355592270497
STU_014884,66.3671902780676
STU_014885,86.49807235764884
STU_014886,67.52386180604722
STU_014887,76.05417877373557
STU_014888,85.52762904982389
STU_014889,67.88130258222031
STU_014890,92.15613028025089
STU_014891,71.69763506848922
STU_014892,88.44472602056938
STU_014893,62.76780304547705
STU_014894,74.08819237256
STU_014895,60.240472865782884
STU_014896,78.37131138544974
STU_014897,78.62447434743527
STU_014898,83.26725664110586
STU_014899,54.04909396808502
STU_014900,96.01005097337784
STU_014901,86.13672287712666
STU_014902,83.38582067570347
STU_014903,88.43948057665327
STU_014904,76.14234598850891
STU_014905,89.22437429050777
STU_014906,78.62926278483485
STU_014907,51.733867806568355
STU_014908,79.76221026953607
STU_014909,82.56053934356007
STU_014910,74.04294881771487
STU_014911,98.95391094044226
STU_014912,78.9001781081326
STU_014913,78.05532780827667
STU_014914,49.558196672342376
STU_014915,60.00203396643534
STU_014916,69.38964721569444
STU_014917,97.61986607426259
STU_014918,85.27569764144029
STU_014919,53.01931552799677
STU_014920,94.27421172314199
STU_014921,64.23093254670009
STU_014922,56.70858565326696
STU_014923,72.06758499487492
STU_014924,81.26759689250639
STU_014925,98.27626721988818
STU_014926,81.05058516008245
STU_014927,75.61912757829589
STU_014928,58.54267217897868
STU_014929,80.12479759301732
STU_014930,84.96524730982422
STU_014931,93.03429082606942
STU_014932,58.554027334877574
STU_014933,76.90612383437687
STU_014934,65.8496057157098
STU_014935,77.4217630781518
STU_014936,86.78582230214194
STU_014937,84.74534262060264
STU_014938,99.76981902792032
STU_014939,81.99020930536501
STU_014940,93.96079402291714
STU_014941,63.640185764946686
STU_014942,93.36219600612075
STU_014943,64.06185292917789
STU_014944,70.51113893691897
STU_014945,64.47401009365285
STU_014946,68.18175450506406
STU_014947,72.49571922368422
STU_014948,84.6809278140658
STU_014949,68.36952325508177
STU_014950,92.12141136249372
STU_014951,72.64271886459306
STU_014952,74.05391573569364
STU_014953,96.65097318154959
STU_014954,94.84317382097353
STU_014955,91.7378193975533
STU_014956,80.02533014098289
STU_014957,77.23377571433943
STU_014958,71.28710187357306
STU_014959,52.489102303558646
STU_014960,97.0652810354972
STU_014961,92.25983640377362
STU_014962,48.07369091609978
STU_014963,75.40291713828879
STU_014964,94.89516205683302
STU_014965,75.29622049584127
STU_014966,69.52410523362036
STU_014967,54.26783137853063
STU_014968,94.23389975604002
STU_014969,80.44890775628764
STU_014970,70.98926555236616
STU_014971,67.5660592733509
STU_014972,88.58075244062083
STU_014973,72.8298823398467
STU_014974,72.47757693232573
STU_014975,68.76206964001476
STU_014976,90.93997031698606
STU_014977,80.67227050927852
STU_014978,91.59518270255211
STU_014979,96.5057814598965
STU_014980,62.46877113433129
STU_014981,99.30995664554959
STU_014982,62.706972811722196
STU_014983,89.05490622627487
STU_014984,66.6602310090629
STU_014985,66.77455317928768
STU_014986,50.23291407413194
STU_014987,89.24432279424761
STU_014988,65.26736303533828
STU_014989,96.74722741743497
STU_014990,88.42334930604969
STU_014991,97.58413443361212
STU_014992,72.84626509558706
STU_014993,60.02075754354766
STU_014994,84.71745746710462
STU_014995,86.01798175173165
STU_014996,74.92469026258937
STU_014997,77.79452180189142
STU_014998,82.56930423690685
STU_014999,97.06952611478873
STU_015000,69.61331880994071
STU_015001,57.15424302762668
STU_015002,67.33153595575548
STU_015003,59.717893987828724
STU_015004,64.86362436917068
STU_015005,59.68136779654981
STU_015006,61.29506719206389
STU_015007,92.13325843859394
STU_015008,70.24097466561116
STU_015009,75.43982301388975
STU_015010,76.51461528242717
STU_015011,52.54009185575153
STU_015012,96.99444797163378
STU_015013,62.74053650792102
STU_015014,59.819035047204025
STU_015015,81.91246987323254
STU_015016,91.31075776873766
STU_015017,86.4934113439862
STU_015018,75.34192905542766
STU_015019,84.56282787733157
STU_015020,63.5831923225837
STU_015021,74.69577845003353
STU_015022,63.53516115671832
STU_015023,79.15894214826127
STU_015024,69.73306269759291
STU_015025,81.99358772558429
STU_015026,68.65217458731658
STU_015027,82.99477205564479
STU_015028,76.87573579078641
STU_015029,77.4227649625298
STU_015030,90.28158706994547
STU_015031,76.83303775071758
STU_015032,70.33693291572871
STU_015033,78.65486286268859
STU_015034,66.26024815450265
STU_015035,81.01544803125567
STU_015036,74.48284776460957
STU_015037,78.49066081981483
STU_015038,89.73056373361047
STU_015039,63.35783284491471
STU_015040,81.11824780357247
STU_015041,83.4403387348599
STU_015042,47.49192641591702
STU_015043,87.41551245122173
STU_015044,88.43778152705137
STU_015045,88.93536025669502
STU_015046,64.69761691395394
STU_015047,85.26150671877335
STU_015048,67.9813636764336
STU_015049,74.1137676912666
STU_015050,59.58323086036643
STU_015051,66.67438157681951
STU_015052,61.341802440822036
STU_015053,67.1139864906882
STU_015054,94.74710946823754
STU_015055,85.92178133521419
STU_015056,62.90069967917617
STU_015057,97.81940020540144
STU_015058,59.63343132481529
STU_015059,96.72672303603105
STU_015060,70.75075216982339
STU_015061,74.60793756213832
STU_015062,71.42070024946091
STU_015063,70.23904386689082
STU_015064,64.59879200731538
STU_015065,90.76917673641137
STU_015066,84.16155117436027
STU_015067,71.52318999378257
STU_015068,70.89657465874946
STU_015069,71.20826965593076
STU_015070,73.8735686906927
STU_015071,75.61446368054845
STU_015072,100.0
STU_015073,66.51833557991517
STU_015074,66.86019270289333
STU_015075,91.26497292554842
STU_015076,70.48646767628289
STU_015077,70.65790288718853
STU_015078,70.20729991812583
STU_015079,100.0
STU_015080,67.03360504548773
STU_015081,99.73975654380837
STU_015082,60.02126469684572
STU_015083,83.91558956371584
STU_015084,64.41933640081209
STU_015085,77.35407061029775
STU_015086,67.76550558659439
STU_015087,57.16994125309503
STU_015088,90.35133893763164
STU_015089,83.0527414331092
STU_015090,89.76999983652196
STU_015091,72.53632730568694
STU_015092,75.02149132108543
STU_015093,96.70709712738801
STU_015094,69.17569233823711
STU_015095,79.96851597101472
STU_015096,84.33575898355477
STU_015097,79.75925034299156
STU_015098,67.13388707002315
STU_015099,61.58011076094179
STU_015100,87.92178640574011
STU_015101,74.16053946689738
STU_015102,79.01830325374242
STU_015103,99.00581112716723
STU_015104,73.21780448830074
STU_015105,91.2065718422777
STU_015106,73.05753605269561
STU_015107,75.74047635820597
STU_015108,81.29782882021706
STU_015109,75.81449392626129
STU_015110,86.33171980992653
STU_015111,60.51036461978592
STU_015112,81.68049372954322
STU_015113,68.09449963741062
STU_015114,84.3467684786631
STU_015115,61.011194536671425
STU_015116,88.59710732753095
STU_015117,66.99448334641303
STU_015118,55.55075931935289
STU_015119,83.04449032182731
STU_015120,85.66119308945608
STU_015121,59.985691015412215
STU_015122,100.0
STU_015123,65.9360207621552
STU_015124,87.23487446446886
STU_015125,76.72602818703254
STU_015126,75.85842662403886
STU_015127,93.30346972340932
STU_015128,78.04386273902941
STU_015129,68.20876335529687
STU_015130,71.04353694644922
STU_015131,81.8146418467624
STU_015132,85.3918211361318
STU_015133,95.43427215769378
STU_015134,80.4144183983557
STU_015135,82.66740101280442
STU_015136,75.60721920887987
STU_015137,72.27842231103521
STU_015138,69.89474960214456
STU_015139,81.16771064297453
STU_015140,98.25204073228963
STU_015141,67.05770757951774
STU_015142,77.53932068137388
STU_015143,98.52084778373224
STU_015144,82.05406934386431
STU_015145,62.52460105981771
STU_015146,96.54238124487706
STU_015147,80.87818979842214
STU_015148,73.5493815351989
STU_015149,66.99881728664653
STU_015150,49.52363164507713
STU_015151,53.937889368565884
STU_015152,79.32382281472661
STU_015153,62.59888440009881
STU_015154,84.22166288488602
STU_015155,82.94068112794069
STU_015156,73.45406495970586
STU_015157,65.10067662562271
STU_015158,94.80274151007352
STU_015159,52.40874676080301
STU_015160,86.41316772990163
STU_015161,59.8046690908518
STU_015162,81.24079357700326
STU_015163,76.70529041660674
STU_015164,40.87507146328703
STU_015165,83.93597619049069
STU_015166,95.90564882191546
STU_015167,81.909353456587
STU_015168,62.52211686825497
STU_015169,93.64033853945381
STU_015170,76.7672626450902
STU_015171,88.68605428868753
STU_015172,59.17512543477435
STU_015173,77.79304342926928
STU_015174,96.92279075731403
STU_015175,73.3213112231576
STU_015176,99.80168963213555
STU_015177,75.19332766036314
STU_015178,62.937546565220615
STU_015179,78.09005676723466
STU_015180,61.87340057826315
STU_015181,78.94160724461335
STU_015182,82.68441053171631
STU_015183,81.11793434184924
STU_015184,70.48981366818728
STU_015185,80.3354833310905
STU_015186,78.83497200122275
STU_015187,57.78108078937569
STU_015188,68.05189058460783
STU_015189,88.81247028732011
STU_015190,96.47161786776704
STU_015191,75.36340136504515
STU_015192,100.0
STU_015193,79.18290773121403
STU_015194,83.83054643010713
STU_015195,84.78144935284627
STU_015196,78.66555893923224
STU_015197,74.83586598605469
STU_015198,82.65502529940474
STU_015199,70.03502854686724
STU_015200,71.87718818446572
STU_015201,80.32701603386187
STU_015202,65.34669498461584
STU_015203,61.14154166216363
STU_015204,79.54795065730426
STU_015205,77.98019970888754
STU_015206,74.4895546438883
STU_015207,89.22435105848913
STU_015208,73.42435502337362
STU_015209,83.99964667644016
STU_015210,86.79017817445312
STU_015211,43.28105033598378
STU_015212,95.157310647632
STU_015213,70.46457364290661
STU_015214,95.553287235644
STU_015215,77.49596158782067
STU_015216,91.21016425015372
STU_015217,58.03733189307377
STU_015218,74.82113313423514
STU_015219,76.56943720652268
STU_015220,46.16641207505805
STU_015221,87.8284817253536
STU_015222,65.505092809439
STU_015223,84.27151021937514
STU_015224,69.27840549659156
STU_015225,70.51771179306847
STU_015226,69.74097062325544
STU_015227,64.55382935912598
STU_015228,81.62730561768979
STU_015229,71.94378884006176
STU_015230,76.15811743970318
STU_015231,99.52022632716134
STU_015232,83.83595074984046
STU_015233,89.6138604623917
STU_015234,71.8472303392197
STU_015235,73.71435897125801
STU_015236,98.56425130379037
STU_015237,78.83026463752105
STU_015238,81.99655363916617
STU_015239,91.45746018011769
STU_015240,64.95002553667743
STU_015241,47.26718834035147
STU_015242,53.27535699291563
STU_015243,79.81393661313031
STU_015244,81.77438296332147
STU_015245,69.43651434941518
STU_015246,100.0
STU_015247,79.65464268994819
STU_015248,78.99606371464871
STU_015249,66.8023163041424
STU_015250,86.87563082343813
STU_015251,70.39548161984612
STU_015252,88.99969492461042
STU_015253,88.05791727244741
STU_015254,97.15903717462979
STU_015255,63.19232528129662
STU_015256,63.77578031489507
STU_015257,73.78241033914728
STU_015258,90.79069835048816
STU_015259,85.93432786492687
STU_015260,94.63342440428202
STU_015261,84.80936771593483
STU_015262,87.42532358724777
STU_015263,83.25925695060104
STU_015264,80.21102560312738
STU_015265,97.04429394914526
STU_015266,69.72109658930235
STU_015267,77.29423511115857
STU_015268,57.37165124114894
STU_015269,62.023362452684694
STU_015270,75.2916010407517
STU_015271,71.53703880249543
STU_015272,64.44656802492625
STU_015273,87.22158570179465
STU_015274,74.11145692041771
STU_015275,48.09015087492615
STU_015276,50.30465942779793
STU_015277,72.32276685744687
STU_015278,98.01373514326292
STU_015279,50.12281051616082
STU_015280,88.60277230451828
STU_015281,99.91314808274643
STU_015282,83.86780194499471
STU_015283,82.85331088596051
STU_015284,77.4803198700322
STU_015285,44.06148940841368
STU_015286,90.03269720336988
STU_015287,74.91293694237172
STU_015288,78.68683609641013
STU_015289,61.73294666880473
STU_015290,78.17884261691913
STU_015291,74.97370021925863
STU_015292,65.84424856730759
STU_015293,59.90133313458215
STU_015294,81.71946617224819
STU_015295,74.81949628319268
STU_015296,69.53877678365863
STU_015297,86.6206304596491
STU_015298,96.97340694303446
STU_015299,68.26719209558559
STU_015300,85.87194787248531
STU_015301,73.49770122072955
STU_015302,82.68053673109613
STU_015303,62.438808542021874
STU_015304,60.34755799339863
STU_015305,66.11090168154172
STU_015306,83.11830520341364
STU_015307,97.92130953725592
STU_015308,59.595586898137654
STU_015309,67.38406568338061
STU_015310,77.7373406253455
STU_015311,62.40085224643205
STU_015312,82.67681883822155
STU_015313,58.74091221990369
STU_015314,84.37908654139181
STU_015315,72.17169318285364
STU_015316,91.32637892299583
STU_015317,70.58299903983834
STU_015318,80.9610493340773
STU_015319,71.51052893121303
STU_015320,70.9601256032973
STU_015321,64.12431704590028
STU_015322,97.48330988352589
STU_015323,77.94338920024937
STU_015324,72.28362931257007
STU_015325,82.08177547772938
STU_015326,56.946581167634534
STU_015327,75.2454042626494
STU_015328,72.24541354649989
STU_015329,71.3283942016277
STU_015330,72.46024242584349
STU_015331,65.23926558015262
STU_015332,99.87750138666719
STU_015333,67.98155145380942
STU_015334,78.6822433614723
STU_015335,97.39014559778275
STU_015336,93.44033978323334
STU_015337,68.37485193172859
STU_015338,65.00179282898483
STU_015339,68.8230859314598
STU_015340,95.04050173093802
STU_015341,79.84160295160311
STU_015342,99.76984345798255
STU_015343,75.85493145225516
STU_015344,93.27573160123319
STU_015345,99.95389410503053
STU_015346,89.27884715953128
STU_015347,94.42958332697515
STU_015348,73.74036808936148
STU_015349,80.59505832166272
STU_015350,85.84592800978992
STU_015351,100.0
STU_015352,80.84580203368388
STU_015353,77.30572183829364
STU_015354,58.46250350425065
STU_015355,58.57074862990137
STU_015356,61.080904661535364
STU_015357,68.11366516867793
STU_015358,82.96416113788274
STU_015359,80.23884480874001
STU_015360,92.9949714031945
STU_015361,80.14396637587375
STU_015362,70.58454747558545
STU_015363,78.1629930865486
STU_015364,93.82062438360849
STU_015365,76.61010358859609
STU_015366,91.67333794736527
STU_015367,81.20828444874795
STU_015368,72.81566433445487
STU_015369,98.76422218297905
STU_015370,95.95434239852946
STU_015371,57.65288337487889
STU_015372,57.72052753072734
STU_015373,81.75750640130292
STU_015374,85.49922232013114
STU_015375,70.58714774985202
STU_015376,72.4639089565961
STU_015377,88.13276436396806
STU_015378,72.27646233492432
STU_015379,94.03168312576832
STU_015380,88.24173437144319
STU_015381,94.1388299595294
STU_015382,81.45820369355044
STU_015383,58.89912033380729
STU_015384,76.16623116467323
STU_015385,58.22002869227596
STU_015386,75.94138360192521
STU_015387,67.65065298949888
STU_015388,76.77783466585066
STU_015389,97.74036550777468
STU_015390,45.81265754142635
STU_015391,80.64043615228911
STU_015392,89.596287897607
STU_015393,89.31343833332556
STU_015394,76.3087217216253
STU_015395,81.90166308511309
STU_015396,71.61886905261113
STU_015397,98.02181687928119
STU_015398,74.3942415657694
STU_015399,98.7116886342716
STU_015400,91.84890287243908
STU_015401,87.91833952999944
STU_015402,69.46434040931565
STU_015403,58.29068436899213
STU_015404,80.15527263036147
STU_015405,81.6696122264756
STU_015406,87.44439752803531
STU_015407,85.63025261388658
STU_015408,38.46170141607039
STU_015409,75.81084360717618
STU_015410,68.24665158180144
STU_015411,72.76989665563349
STU_015412,69.73933367017594
STU_015413,77.26418581606157
STU_015414,69.7747015131615
STU_015415,66.95720506715182
STU_015416,87.32566894617811
STU_015417,57.69909879532142
STU_015418,86.29511618599977
STU_015419,55.94110143920607
STU_015420,66.426580862825
STU_015421,93.2632102400352
STU_015422,76.83235240052939
STU_015423,85.90085872690169
STU_015424,99.93030428610813
STU_015425,89.06758843623871
STU_015426,60.9506407453597
STU_015427,59.534250538131815
STU_015428,73.67740149251878
STU_015429,76.5894064425146
STU_015430,38.424362764518364
STU_015431,66.33661575577996
STU_015432,78.90543168569451
STU_015433,69.37129953848626
STU_015434,65.16724785988501
STU_015435,70.3668858889082
STU_015436,74.99057940184005
STU_015437,74.99312919704809
STU_015438,94.05367424611688
STU_015439,79.11775835206623
STU_015440,77.6784952751238
STU_015441,67.12233136363398
STU_015442,88.7338456421142
STU_015443,62.468501809124945
STU_015444,79.13603963514595
STU_015445,67.48003176095614
STU_015446,70.24762974901782
STU_015447,45.6151731378863
STU_015448,43.88204962409346
STU_015449,84.7305210320804
STU_015450,92.87744977515881
STU_015451,79.34438256660457
STU_015452,79.40428796009297
STU_015453,95.49141654075684
STU_015454,78.78757310744719
STU_015455,53.57241316495091
STU_015456,80.8770847347503
STU_015457,67.03469030482262
STU_015458,66.16425674282736
STU_015459,50.85607549878144
STU_015460,100.0
STU_015461,99.9318625023406
STU_015462,73.57660051945973
STU_015463,85.2963479185901
STU_015464,60.17284578612312
STU_015465,49.809545288819415
STU_015466,86.88828691921367
STU_015467,85.02357398231291
STU_015468,62.957442574085555
STU_015469,62.68867991643357
STU_015470,95.2054233895685
STU_015471,75.27034561793558
STU_015472,91.09114665139819
STU_015473,89.3322101633623
STU_015474,99.55296492362935
STU_015475,75.28387491493757
STU_015476,81.9622137556798
STU_015477,55.492899339527824
STU_015478,51.03550290013423
STU_015479,95.70412894197585
STU_015480,70.94976364951965
STU_015481,76.86200912363421
STU_015482,60.94041557261771
STU_015483,87.22152379852885
STU_015484,68.14976457761902
STU_015485,68.5658283511967
STU_015486,71.43193940845985
STU_015487,61.53729984063516
STU_015488,78.27510180093498
STU_015489,82.35567828485622
STU_015490,87.17676833321896
STU_015491,85.95487782881392
STU_015492,61.47757039685763
STU_015493,69.55195224979231
STU_015494,65.36521101082627
STU_015495,86.05934626016281
STU_015496,70.81636527338526
STU_015497,53.56422809488667
STU_015498,69.00852511087339
STU_015499,39.313195628792805
STU_015500,73.08016933439599
STU_015501,93.13665050777574
STU_015502,52.23876523375533
STU_015503,86.15294033294613
STU_015504,84.11178675186494
STU_015505,76.44430006137102
STU_015506,74.12531229339092
STU_015507,100.0
STU_015508,99.36805700275139
STU_015509,82.24568431686791
STU_015510,83.14668923107246
STU_015511,90.61685771653521
STU_015512,78.89876303944733
STU_015513,81.91144066281292
STU_015514,82.95683867348536
STU_015515,76.63918044616213
STU_015516,74.18978555491434
STU_015517,94.9332403064821
STU_015518,72.09296705084496
STU_015519,54.95584898901551
STU_015520,81.33913252671296
STU_015521,90.64066755342901
STU_015522,64.13452604556578
STU_015523,69.69107821759991
STU_015524,37.14573254429143
STU_015525,78.55750669556238
STU_015526,76.44015907299135
STU_015527,75.01567999141075
STU_015528,73.04346028473884
STU_015529,84.57668703139761
STU_015530,86.55309435111083
STU_015531,84.96957286130178
STU_015532,80.02436246364435
STU_015533,54.25778053279575
STU_015534,91.98408435860183
STU_015535,75.76827462596813
STU_015536,79.13554224973083
STU_015537,68.81881942787473
STU_015538,89.52091823668805
STU_015539,67.23129612539428
STU_015540,66.3312863824242
STU_015541,71.87024020266014
STU_015542,92.3794468959552
STU_015543,80.68463518808032
STU_015544,97.25086640436395
STU_015545,74.66052596784368
STU_015546,76.7980652085649
STU_015547,54.41985952295189
STU_015548,61.56158432110695
STU_015549,93.90259693663124
STU_015550,93.06148056630492
STU_015551,81.824538264171
STU_015552,73.43255311602607
STU_015553,51.53216954993846
STU_015554,83.14585335959089
STU_015555,85.69868393008308
STU_015556,93.74917866979392
STU_015557,74.42103369107775
STU_015558,88.7698786040001
STU_015559,82.57091062820692
STU_015560,82.36975534545621
STU_015561,84.20066465517726
STU_015562,80.32447518653068
STU_015563,65.28884538199719
STU_015564,71.60799839166063
STU_015565,64.6504675870184
STU_015566,70.78449427524215
STU_015567,69.89539593364422
STU_015568,70.92181371365983
STU_015569,70.94666259823055
STU_015570,93.97445912647957
STU_015571,60.039608507401866
STU_015572,77.42165282067137
STU_015573,83.0415109215125
STU_015574,62.395390513398326
STU_015575,75.10805845402456
STU_015576,70.0104081892156
STU_015577,69.69766735213378
STU_015578,78.44617491600187
STU_015579,71.66889170317592
STU_015580,73.71491114628215
STU_015581,82.10508517527364
STU_015582,79.2060109849979
STU_015583,92.63454695012369
STU_015584,88.58649930303221
STU_015585,88.49510351270847
STU_015586,89.75179624192151
STU_015587,52.6493286520792
STU_015588,75.4861256808089
STU_015589,79.26654472356083
STU_015590,62.14640836391149
STU_015591,56.28993098514152
STU_015592,87.10628502694523
STU_015593,65.02620294588014
STU_015594,89.69676970498689
STU_015595,93.72359604493847
STU_015596,85.75599087259755
STU_015597,93.84723322100463
STU_015598,81.6021931010551
STU_015599,52.57260769306852
STU_015600,68.83562551281013
STU_015601,51.16543464241244
STU_015602,62.83961132593541
STU_015603,79.48919350853942
STU_015604,82.99734377722271
STU_015605,57.64147824122691
STU_015606,78.76940935299534
STU_015607,66.81247662678399
STU_015608,74.52476810319654
STU_015609,68.6281732216694
STU_015610,68.10775256941905
STU_015611,87.36244926579518
STU_015612,81.72514639933068
STU_015613,95.23064730231536
STU_015614,62.537788758857445
STU_015615,71.03940693648988
STU_015616,81.72773578457401
STU_015617,65.54517946560497
STU_015618,84.71286729801629
STU_015619,58.71952297415263
STU_015620,70.23298453734108
STU_015621,71.90224792019819
STU_015622,79.99702593472173
STU_015623,88.53158925881311
STU_015624,79.7231498717542
STU_015625,82.16329452958189
STU_015626,63.07771599983796
STU_015627,100.0
STU_015628,78.12378870848632
STU_015629,67.06428875443034
STU_015630,73.14986142775126
STU_015631,66.37639286120955
STU_015632,92.01125579822988
STU_015633,87.3466758541523
STU_015634,73.50237728223209
STU_015635,97.6263893741863
STU_015636,70.69404361560976
STU_015637,47.27288061666931
STU_015638,74.16643985989742
STU_015639,98.05138366024624
STU_015640,66.7246775922766
STU_015641,58.981537477155044
STU_015642,99.8401741513362
STU_015643,80.79816425686045
STU_015644,92.18901261542888
STU_015645,55.44226728246008
STU_015646,99.82605945289902
STU_015647,72.04196475507294
STU_015648,62.85233294775536
STU_015649,81.25779202249134
STU_015650,68.9077761566947
STU_015651,53.41460263907946
STU_015652,96.52364682079616
STU_015653,73.73822947413993
STU_015654,66.53287653777807
STU_015655,100.0
STU_015656,69.1225251726471
STU_015657,75.72998893978267
STU_015658,71.15560338349243
STU_015659,74.07112583780746
STU_015660,90.7359839402161
STU_015661,42.300269398977285
STU_015662,72.20432893192576
STU_015663,87.30334682079376
STU_015664,56.706867542081454
STU_015665,78.98944571975721
STU_015666,83.61237587526385
STU_015667,95.26278027765416
STU_015668,82.41420291627499
STU_015669,75.39395561673766
STU_015670,65.69386561706152
STU_015671,85.21278503267374
STU_015672,88.38164396540436
STU_015673,81.18174453590328
STU_015674,80.1823317586439
STU_015675,87.80294993740722
STU_015676,50.29585464638905
STU_015677,85.59005441371002
STU_015678,99.73806725072717
STU_015679,77.0465337353878
STU_015680,76.27767525448944
STU_015681,79.87464225310268
STU_015682,86.55492877891251
STU_015683,61.786334376756216
STU_015684,63.34969514788838
STU_015685,81.25375300745897
STU_015686,71.25391987315469
STU_015687,87.69844198374186
STU_015688,77.21581992915887
STU_015689,63.412285308810354
STU_015690,65.82473178822468
STU_015691,97.57601530904276
STU_015692,87.18156049297156
STU_015693,76.44921873116924
STU_015694,95.19823841814897
STU_015695,93.19317566665924
STU_015696,49.06653095735994
STU_015697,65.03339518168299
STU_015698,90.2259797982549
STU_015699,95.76908809659214
STU_015700,80.63504600183104
STU_015701,69.65888672870656
STU_015702,88.96259394014028
STU_015703,91.75612506118472
STU_015704,81.39540348501531
STU_015705,81.65547191902587
STU_015706,62.277086308122726
STU_015707,85.03110934907039
STU_015708,54.53299035413879
STU_015709,64.91663594480532
STU_015710,68.53192128329884
STU_015711,72.83554187525127
STU_015712,87.40092498956675
STU_015713,82.87536704152777
STU_015714,75.33091696005906
STU_015715,86.72620307518848
STU_015716,62.73710577393646
STU_015717,66.47797397454643
STU_015718,69.75022021362136
STU_015719,59.047246113783274
STU_015720,60.84594315161597
STU_015721,59.04780941360147
STU_015722,67.58433458449454
STU_015723,72.3665731260612
STU_015724,99.53468102333369
STU_015725,90.23932784973277
STU_015726,78.48022612681625
STU_015727,66.0147784266668
STU_015728,80.26077946089771
STU_015729,95.49692324380298
STU_015730,69.93059516668973
STU_015731,79.14733141259917
STU_015732,54.61215898809787
STU_015733,65.11402742822675
STU_015734,65.52114881722582
STU_015735,53.29380896989032
STU_015736,93.1081165035375
STU_015737,72.00568228415253
STU_015738,65.5354191882629
STU_015739,75.4146818685232
STU_015740,90.08738743060913
STU_015741,63.08066256703704
STU_015742,71.78813027196986
STU_015743,91.04496659480445
STU_015744,66.13760538362725
STU_015745,87.19011978997614
STU_015746,68.83296080951894
STU_015747,94.74872911496142
STU_015748,51.72759235731087
STU_015749,87.15176530671577
STU_015750,57.23424496375459
STU_015751,90.20767462954389
STU_015752,69.6077470988513
STU_015753,78.73065778268011
STU_015754,79.20887218807923
STU_015755,95.10681202415618
STU_015756,78.11997795661378
STU_015757,87.22658104063454
STU_015758,100.0
STU_015759,85.96159439599106
STU_015760,64.82256342768403
STU_015761,91.69222685717915
STU_015762,65.94446994835415
STU_015763,66.86021677237198
STU_015764,77.19634450635063
STU_015765,78.71822837273993
STU_015766,82.69488465527657
STU_015767,88.93056003298005
STU_015768,77.45143538847442
STU_015769,81.63462051938787
STU_015770,66.31324731815528
STU_015771,94.26740912764865
STU_015772,59.5013437897497
STU_015773,53.61873724868131
STU_015774,99.33542982638129
STU_015775,83.34620534237878
STU_015776,63.815332276431796
STU_015777,65.77914002780244
STU_015778,65.37415795945043
STU_015779,52.737024563563516
STU_015780,81.12358506579665
STU_015781,76.12028282812226
STU_015782,82.7164287958544
STU_015783,62.89357387213953
STU_015784,76.3405914728514
STU_015785,71.9795183313211
STU_015786,74.56392139558221
STU_015787,80.76477362645943
STU_015788,79.85808515301396
STU_015789,51.59520683012838
STU_015790,66.01642035276117
STU_015791,69.23982874123125
STU_015792,79.36658475201091
STU_015793,87.7707798428074
STU_015794,86.5980421922283
STU_015795,63.94160685253493
STU_015796,89.91400752752031
STU_015797,80.16085724102157
STU_015798,87.19797357191777
STU_015799,89.98747455418894
STU_015800,66.94053025945458
STU_015801,77.59254239365296
STU_015802,57.57105412289647
STU_015803,69.60546130980208
STU_015804,80.96604939080146
STU_015805,50.14576537752494
STU_015806,97.9308815850367
STU_015807,78.51646239966288
STU_015808,66.65079064720445
STU_015809,48.860049134535195
STU_015810,87.00301422849881
STU_015811,100.0
STU_015812,82.69536027621712
STU_015813,92.712054973806
STU_015814,68.13157467794369
STU_015815,58.94398705781995
STU_015816,92.45486077870727
STU_015817,70.080968927166
STU_015818,67.88217174224363
STU_015819,54.67824232318914
STU_015820,64.19430267406197
STU_015821,75.8540638001383
STU_015822,63.76937985350051
STU_015823,76.27219751487087
STU_015824,86.0044259857104
STU_015825,52.92085742583881
STU_015826,55.57071524945254
STU_015827,66.24177217914288
STU_015828,71.37059177390985
STU_015829,85.98860789985837
STU_015830,89.59287292866254
STU_015831,73.61957141055832
STU_015832,93.98807269846107
STU_015833,88.65427483404513
STU_015834,44.488825268511945
STU_015835,76.78801247292336
STU_015836,80.45701511358455
STU_015837,77.78393855515559
STU_015838,73.06770452355224
STU_015839,88.64895577140604
STU_015840,69.2580230261617
STU_015841,55.113255153698674
STU_015842,93.65736424824587
STU_015843,84.87449629868634
STU_015844,89.48600457282164
STU_015845,65.22389890811571
STU_015846,64.95553902446252
STU_015847,77.30597399520974
STU_015848,87.72239027024662
STU_015849,92.51340621389211
STU_015850,57.35517571027282
STU_015851,72.3464043868017
STU_015852,61.29966465673901
STU_015853,75.41342012819578
STU_015854,92.87076288995256
STU_015855,94.47023400281756
STU_015856,76.13507580615462
STU_015857,83.65819171153463
STU_015858,63.751539171328574
STU_015859,72.6512712380869
STU_015860,69.29153727500734
STU_015861,69.8900266446327
STU_015862,67.28117924867503
STU_015863,96.80045086049805
STU_015864,54.31684028186158
STU_015865,60.63066741688198
STU_015866,76.19491396693464
STU_015867,35.41215048872774
STU_015868,72.1227187679224
STU_015869,91.41903399310186
STU_015870,77.43904643368553
STU_015871,71.80079080509302
STU_015872,48.018408530141286
STU_015873,96.58221390318315
STU_015874,71.93303390533373
STU_015875,81.98248533484555
STU_015876,64.43770565991613
STU_015877,98.12415864306777
STU_015878,81.67899764180457
STU_015879,97.35254855060728
STU_015880,82.2840205788094
STU_015881,97.06447544212918
STU_015882,68.173097192383
STU_015883,79.09372753142733
STU_015884,87.12944315253333
STU_015885,60.035910042282005
STU_015886,94.1391942649614
STU_015887,99.84558983874258
STU_015888,61.910912369290756
STU_015889,85.14167485730678
STU_015890,92.62174102414266
STU_015891,92.4904821766811
STU_015892,53.97622633260826
STU_015893,55.52839239827908
STU_015894,53.07280974928324
STU_015895,62.24778966700305
STU_015896,70.37081605673262
STU_015897,90.09693205825394
STU_015898,77.61664306349805
STU_015899,88.09982732897443
STU_015900,71.37059638749585
STU_015901,71.40597035244916
STU_015902,72.50692972932256
STU_015903,84.17248490998259
STU_015904,79.83495179289721
STU_015905,89.69231768165837
STU_015906,70.68592313513805
STU_015907,100.0
STU_015908,64.4530889554399
STU_015909,73.65886762389871
STU_015910,76.10385955329731
STU_015911,61.46489763071281
STU_015912,81.85983385241033
STU_015913,66.48253739157427
STU_015914,64.9083082244573
STU_015915,86.59459887523079
STU_015916,60.457021671707565
STU_015917,51.1769810567247
STU_015918,75.89385360335304
STU_015919,87.14776728646689
STU_015920,79.21298200312269
STU_015921,93.03106863531255
STU_015922,57.16400400277745
STU_015923,91.22436957202946
STU_015924,76.43356621302243
STU_015925,69.24656281916583
STU_015926,79.28933595810675
STU_015927,74.42320557713988
STU_015928,74.89660193740627
STU_015929,85.3270976958772
STU_015930,60.398450119482646
STU_015931,61.83341164540981
STU_015932,74.63345737276632
STU_015933,77.06292887316565
STU_015934,67.7550584414696
STU_015935,100.0
STU_015936,100.0
STU_015937,77.91233247573317
STU_015938,80.70317066520164
STU_015939,64.15970721179363
STU_015940,93.37745689992823
STU_015941,65.12506290832434
STU_015942,85.96805242862548
STU_015943,80.74970730544938
STU_015944,98.13756840621542
STU_015945,77.33971240823199
STU_015946,75.68580068728997
STU_015947,72.28605744625418
STU_015948,68.6491388794147
STU_015949,59.146740975714266
STU_015950,95.49599769702884
STU_015951,74.4185005553262
STU_015952,73.55776835594231
STU_015953,64.47002394025563
STU_015954,79.76039777260675
STU_015955,79.5852418241049
STU_015956,85.37843564269677
STU_015957,53.85947730411408
STU_015958,69.9560897972724
STU_015959,91.36238896111881
STU_015960,68.78755735849394
STU_015961,89.76756995970712
STU_015962,79.98502485574117
STU_015963,76.21822626250369
STU_015964,64.18722541400967
STU_015965,85.84761149027143
STU_015966,55.99564061320112
STU_015967,81.314955919167
STU_015968,84.11694159605625
STU_015969,66.88555361164023
STU_015970,80.68835903292988
STU_015971,66.25259475308556
STU_015972,85.79677738984779
STU_015973,64.09849735398633
STU_015974,88.65179551763822
STU_015975,53.139499686881095
STU_015976,49.191424511464334
STU_015977,62.67359123641952
STU_015978,70.81431381656472
STU_015979,88.12145380722623
STU_015980,85.92834799510784
STU_015981,97.38538626790839
STU_015982,92.49307271149421
STU_015983,82.4359465288996
STU_015984,84.12822653032667
STU_015985,73.03631248142312
STU_015986,45.493134598395784
STU_015987,74.85158178235588
STU_015988,66.15863144705489
STU_015989,77.01545431538369
STU_015990,58.41556005203808
STU_015991,74.32303915991412
STU_015992,45.80864531095625
STU_015993,75.85101899670258
STU_015994,74.42170232492883
STU_015995,99.3801184043483
STU_015996,77.66570181397235
STU_015997,67.87441519576201
STU_015998,82.15087484374699
STU_015999,86.46809299379449
STU_016000,83.5751789978583
STU_016001,91.80393561881993
STU_016002,87.81127275917822
STU_016003,92.36342144095713
STU_016004,86.59818678269123
STU_016005,45.85360507554599
STU_016006,64.3186501014611
STU_016007,81.29665073916023
STU_016008,88.75792222775445
STU_016009,51.27282476634381
STU_016010,77.87323682697553
STU_016011,84.69155194685014
STU_016012,70.80450792447995
STU_016013,68.43037703540705
STU_016014,98.21307632833823
STU_016015,50.270542615978606
STU_016016,94.09796432717314
STU_016017,80.26899065210851
STU_016018,82.99742139649844
STU_016019,72.00619032175489
STU_016020,94.6780854701483
STU_016021,100.0
STU_016022,67.10809482631797
STU_016023,100.0
STU_016024,75.35496037602995
STU_016025,89.79451702956179
STU_016026,53.48264849391063
STU_016027,64.18136977451259
STU_016028,67.58508145579617
STU_016029,76.61439131905829
STU_016030,97.89297378741486
STU_016031,93.69668715588631
STU_016032,87.12773547898786
STU_016033,85.90965896697806
STU_016034,79.03290946008993
STU_016035,67.96647562787072
STU_016036,100.0
STU_016037,76.07157205371252
STU_016038,73.40746730133012
STU_016039,71.70259102296407
STU_016040,89.08060884580308
STU_016041,95.69998216521847
STU_016042,75.62931710140319
STU_016043,82.30652563084521
STU_016044,93.29300362764127
STU_016045,81.8491137267444
STU_016046,60.35454315912466
STU_016047,86.38475981718547
STU_016048,70.45850407836052
STU_016049,73.31588729365012
STU_016050,69.43878158210305
STU_016051,82.5442554598473
STU_016052,95.98719071109927
STU_016053,78.3750795374378
STU_016054,68.27747194841768
STU_016055,79.29975368772432
STU_016056,71.58320050274264
STU_016057,76.7746631184199
STU_016058,77.58114961757417
STU_016059,69.474517052081
STU_016060,75.26983001675382
STU_016061,52.90519662345399
STU_016062,70.46110151861812
STU_016063,78.13419935549987
STU_016064,60.91143113286368
STU_016065,75.38097614545866
STU_016066,83.42507505361482
STU_016067,60.63799866435767
STU_016068,99.42527511662736
STU_016069,76.326606838588
STU_016070,73.61798202802453
STU_016071,65.4083108006972
STU_016072,87.15451930970798
STU_016073,79.24451054892003
STU_016074,85.86777874210465
STU_016075,99.43149991053758
STU_016076,63.14300866657389
STU_016077,66.08692515352017
STU_016078,84.59519723327074
STU_016079,84.08483337476567
STU_016080,78.24660753099187
STU_016081,69.02161720489008
STU_016082,87.14900584202096
STU_016083,98.82854565730547
STU_016084,72.44710293037119
STU_016085,52.74715681708026
STU_016086,94.55688929413726
STU_016087,72.24574498093524
STU_016088,74.68566129905167
STU_016089,84.9602626622217
STU_016090,87.68412484936621
STU_016091,67.04173081992296
STU_016092,73.06680029045
STU_016093,79.6841080407313
STU_016094,77.05869976262478
STU_016095,72.3671239600971
STU_016096,87.29836186867614
STU_016097,70.22611989529904
STU_016098,58.88746993605883
STU_016099,83.38809729678201
STU_016100,74.72265695027352
STU_016101,61.03989053856284
STU_016102,82.40658500306124
STU_016103,56.05823271985926
STU_016104,80.64975448502483
STU_016105,63.520875691174666
STU_016106,61.571194289010165
STU_016107,80.26454163853751
STU_016108,71.99462747335963
STU_016109,66.46330091307831
STU_016110,64.76006513755475
STU_016111,82.42387810943805
STU_016112,75.95439550250511
STU_016113,58.05530896252361
STU_016114,73.24079463382806
STU_016115,82.99463482519715
STU_016116,96.16290056684615
STU_016117,79.78697518763634
STU_016118,65.76471961454554
STU_016119,81.73146502869606
STU_016120,82.23613197622122
STU_016121,68.82364395621512
STU_016122,72.89494649310211
STU_016123,88.8740712541131
STU_016124,96.2047291994686
STU_016125,89.27684568335678
STU_016126,81.20070266406448
STU_016127,81.0974543591993
STU_016128,93.17578997841838
STU_016129,65.97046666473425
STU_016130,97.40314397329868
STU_016131,82.88754227383117
STU_016132,71.07194091720683
STU_016133,76.09097483901122
STU_016134,74.05424297313193
STU_016135,61.13449055219315
STU_016136,89.20193296399933
STU_016137,78.44563781761634
STU_016138,80.40804767420359
STU_016139,98.09895855198636
STU_016140,85.83211844826685
STU_016141,88.42768147676253
STU_016142,82.52290189832895
STU_016143,55.66519537704655
STU_016144,78.23089578917022
STU_016145,78.6438128706561
STU_016146,85.98594499155828
STU_016147,90.39799975066691
STU_016148,63.354948488360506
STU_016149,54.27850705815366
STU_016150,93.88250879376946
STU_016151,56.48997511952268
STU_016152,80.3108674078313
STU_016153,68.52269231503983
STU_016154,81.3389913132153
STU_016155,83.01256016732985
STU_016156,65.1860468151709
STU_016157,77.88912821791482
STU_016158,97.4728142628816
STU_016159,61.85792652153807
STU_016160,83.98996900287823
STU_016161,72.70107892740518
STU_016162,92.83248404435327
STU_016163,75.77950494746891
STU_016164,65.50858576196126
STU_016165,94.63532626328578
STU_016166,62.390580454192104
STU_016167,83.33799127493302
STU_016168,85.22041059706689
STU_016169,90.50433825795733
STU_016170,83.48524984400339
STU_016171,74.09463639028444
STU_016172,60.95827992509207
STU_016173,68.8941718819118
STU_016174,60.44635791341528
STU_016175,94.23553298207631
STU_016176,75.63173226292028
STU_016177,82.75082294198836
STU_016178,78.68279984527138
STU_016179,81.76059715160441
STU_016180,57.62012319718825
STU_016181,93.8477144453522
STU_016182,52.46248117747297
STU_016183,78.11449068984288
STU_016184,77.46922142258374
STU_016185,99.93446288495838
STU_016186,50.3209048841876
STU_016187,91.6409008464893
STU_016188,78.02010305470424
STU_016189,82.9938314652242
STU_016190,81.26323963439653
STU_016191,56.38633629789959
STU_016192,61.5463218009099
STU_016193,79.30396809624196
STU_016194,92.53644463429397
STU_016195,84.17658984227734
STU_016196,55.66296637290557
STU_016197,97.68938918485168
STU_016198,70.32402081662329
STU_016199,76.95942655080495
STU_016200,63.360200518765836
STU_016201,67.2607586190902
STU_016202,64.36652068006859
STU_016203,69.02647196912895
STU_016204,61.94649200563562
STU_016205,55.247056914344824
STU_016206,71.52628980320745
STU_016207,51.88968079112527
STU_016208,67.9899429696239
STU_016209,69.87884352443864
STU_016210,55.73199256595906
STU_016211,71.81416449656365
STU_016212,67.19654522831831
STU_016213,92.849869356454
STU_016214,58.45631483130761
STU_016215,70.87471095145
STU_016216,61.44737770837517
STU_016217,71.81059473114664
STU_016218,100.0
STU_016219,79.96005856972766
STU_016220,92.47980455245961
STU_016221,65.91398105804755
STU_016222,65.89507375074245
STU_016223,62.88925965666556
STU_016224,97.8649195404695
STU_016225,84.92318128301947
STU_016226,91.11187744278195
STU_016227,80.23928344939925
STU_016228,71.05506930361749
STU_016229,63.85414346833978
STU_016230,62.87556317667184
STU_016231,95.73561778088049
STU_016232,98.92306268608526
STU_016233,48.82870303423764
STU_016234,85.63970378068686
STU_016235,57.379076476922734
STU_016236,75.75323433139762
STU_016237,69.59815919748942
STU_016238,89.12154772614578
STU_016239,68.81389957342566
STU_016240,89.89093335585109
STU_016241,84.71377498277563
STU_016242,70.2989221106859
STU_016243,73.45517969725043
STU_016244,76.66069246543924
STU_016245,69.26396048877506
STU_016246,64.94799318568462
STU_016247,72.24307988268795
STU_016248,73.86624841535775
STU_016249,65.91343403179141
STU_016250,89.32709726131162
STU_016251,51.3706653392528
STU_016252,88.66482281209363
STU_016253,83.81764828401755
STU_016254,84.71371925114774
STU_016255,71.59133075095298
STU_016256,44.32959117384827
STU_016257,81.97649938196975
STU_016258,82.3787873711
STU_016259,72.73392538169679
STU_016260,74.34876306135983
STU_016261,97.1550988182515
STU_016262,82.76033943449974
STU_016263,57.77726794812368
STU_016264,56.06910449756127
STU_016265,98.30461416375546
STU_016266,91.0968005780617
STU_016267,74.03729487029834
STU_016268,80.35010358500472
STU_016269,93.09700212426237
STU_016270,69.97377897450275
STU_016271,70.49378204448809
STU_016272,83.60808710004183
STU_016273,78.12339335913471
STU_016274,60.204711343932544
STU_016275,71.8663139834653
STU_016276,58.86589280238117
STU_016277,85.33120772183374
STU_016278,84.25480997933852
STU_016279,81.37448953748907
STU_016280,73.13696225910162
STU_016281,82.22918365212433
STU_016282,70.18230609099457
STU_016283,66.44276645341915
STU_016284,85.33453232506712
STU_016285,60.77612862796538
STU_016286,60.63387903653619
STU_016287,90.0525566629659
STU_016288,93.57669849007762
STU_016289,76.08985993913275
STU_016290,62.58231143271692
STU_016291,77.19228840166213
STU_016292,72.98263757822252
STU_016293,79.79325534837888
STU_016294,69.72067648027232
STU_016295,86.99890150861893
STU_016296,72.66933462272976
STU_016297,85.90572039098892
STU_016298,53.85527007894459
STU_016299,68.8119749277564
STU_016300,64.82227106146901
STU_016301,55.49427006864612
STU_016302,68.99555431907525
STU_016303,76.34465571286884
STU_016304,88.32557800453998
STU_016305,87.25023584660327
STU_016306,76.706273729321
STU_016307,65.0221774806943
STU_016308,61.57086228029863
STU_016309,88.86754293745243
STU_016310,77.66528690469138
STU_016311,60.437896744073356
STU_016312,63.006642245921086
STU_016313,99.59517883625298
STU_016314,90.55644095445935
STU_016315,63.11916179996544
STU_016316,96.61979349936043
STU_016317,80.91494579701677
STU_016318,70.9174005969285
STU_016319,67.31563451843957
STU_016320,67.58827199047843
STU_016321,65.87205294057128
STU_016322,95.7509725277902
STU_016323,72.61176893608322
STU_016324,53.283578098603336
STU_016325,71.970693628131
STU_016326,78.74967549378312
STU_016327,84.07404450164044
STU_016328,72.27826846671097
STU_016329,68.63442796182336
STU_016330,70.89178922916625
STU_016331,73.59151831543687
STU_016332,85.18494993133777
STU_016333,85.41763041301738
STU_016334,61.36923789765227
STU_016335,72.88457746074786
STU_016336,67.77827449647471
STU_016337,65.73245789726336
STU_016338,75.00984563601523
STU_016339,80.52665544342648
STU_016340,86.93817703034784
STU_016341,89.98903892865805
STU_016342,75.25018327065193
STU_016343,74.34103411675216
STU_016344,91.16924534521642
STU_016345,82.89848895164717
STU_016346,86.31973658108718
STU_016347,51.59980443759183
STU_016348,64.77695205648388
STU_016349,88.97697704990821
STU_016350,61.79481563082814
STU_016351,71.3356667950882
STU_016352,76.910885298341
STU_016353,71.99986246885206
STU_016354,52.19864047997042
STU_016355,74.87945818619075
STU_016356,68.93734999298445
STU_016357,61.13431216431184
STU_016358,76.66940574778204
STU_016359,90.98157156403074
STU_016360,77.92430723835434
STU_016361,75.67564163328763
STU_016362,76.01727218143239
STU_016363,72.6355117138243
STU_016364,69.40279257678293
STU_016365,80.51940242931552
STU_016366,74.0281327314117
STU_016367,80.54516356474487
STU_016368,56.01283108433067
STU_016369,72.77758015158189
STU_016370,44.331973369949736
STU_016371,60.29967372569532
STU_016372,93.83508661465703
STU_016373,84.55779393947645
STU_016374,72.11356789076238
STU_016375,79.0360840264173
STU_016376,90.4230249730088
STU_016377,58.15244026666016
STU_016378,85.23754317968636
STU_016379,58.26207963985742
STU_016380,84.90904723949458
STU_016381,60.39442852822906
STU_016382,78.70320693722175
STU_016383,56.48651974978999
STU_016384,94.08799731617015
STU_016385,94.40903601501856
STU_016386,74.69777846970364
STU_016387,71.99155281194179
STU_016388,59.1499806475542
STU_016389,77.66560339376021
STU_016390,79.09491924831708
STU_016391,99.91440097471936
STU_016392,82.68946406620562
STU_016393,77.55097303853097
STU_016394,92.85550324405732
STU_016395,61.0679656042728
STU_016396,92.61140021248879
STU_016397,65.44115822441994
STU_016398,60.24459037598419
STU_016399,70.02189419841851
STU_016400,84.1199466416576
STU_016401,71.6933380450622
STU_016402,96.2002779070686
STU_016403,61.27383957185283
STU_016404,67.47401510213419
STU_016405,66.13880183825856
STU_016406,66.77523031221374
STU_016407,96.09172193692069
STU_016408,86.26089587967952
STU_016409,51.75288207775307
STU_016410,62.818149762887636
STU_016411,53.74329445732597
STU_016412,48.417141110023046
STU_016413,66.8524890731342
STU_016414,85.50897585915956
STU_016415,85.0051681307274
STU_016416,72.51126289839038
STU_016417,80.18949240352946
STU_016418,97.75504753183975
STU_016419,76.22169030785521
STU_016420,62.72176470374641
STU_016421,65.38912869333474
STU_016422,72.31387358159473
STU_016423,99.03559271369775
STU_016424,67.97788652172643
STU_016425,85.20192761052554
STU_016426,77.96424048381667
STU_016427,74.0657992372355
STU_016428,99.43759033702536
STU_016429,76.96619305528583
STU_016430,83.81694022173491
STU_016431,95.75007594653769
STU_016432,51.024990801270214
STU_016433,61.28840543406208
STU_016434,60.09197654483417
STU_016435,77.24247847058913
STU_016436,92.61052115373896
STU_016437,81.56629675983078
STU_016438,75.87386322671318
STU_016439,75.11188022277511
STU_016440,62.14977790453557
STU_016441,93.67399118280127
STU_016442,94.08411328712026
STU_016443,66.70959931007343
STU_016444,78.69344077519216
STU_016445,73.0982853975682
STU_016446,65.74049986514814
STU_016447,65.11667628994103
STU_016448,74.65332810015416
STU_016449,79.02709978277402
STU_016450,78.17628991848561
STU_016451,90.05906878699975
STU_016452,87.38660103830794
STU_016453,63.5766041031213
STU_016454,67.80670550603939
STU_016455,48.146511865005905
STU_016456,76.55835772590024
STU_016457,87.37284599108932
STU_016458,75.62245845749851
STU_016459,77.17549933623552
STU_016460,78.86262258821921
STU_016461,55.326794190278626
STU_016462,83.74711767495943
STU_016463,85.9188760515156
STU_016464,80.02149914851682
STU_016465,79.13857933483118
STU_016466,66.60294110274819
STU_016467,80.73537778308973
STU_016468,65.27496241370778
STU_016469,52.32365452568119
STU_016470,88.92121927249502
STU_016471,56.69048110059763
STU_016472,86.17805185663343
STU_016473,79.17074048387741
STU_016474,67.6215505936129
STU_016475,99.48683041890877
STU_016476,92.39134843830058
STU_016477,91.66691202628348
STU_016478,88.05621967710474
STU_016479,65.92194059128929
STU_016480,81.1359171723176
STU_016481,76.16712386995636
STU_016482,65.64022400071599
STU_016483,85.50915788893028
STU_016484,70.34289224577051
STU_016485,69.78612725201252
STU_016486,89.01231831469158
STU_016487,70.1147891771741
STU_016488,81.48233123619052
STU_016489,98.18782752662803
STU_016490,66.12610118824324
STU_016491,87.37064711546886
STU_016492,88.36176592235674
STU_016493,85.99224598919983
STU_016494,73.80583066005046
STU_016495,47.69440757040866
STU_016496,81.1909374407425
STU_016497,45.15460751555143
STU_016498,60.26353656820717
STU_016499,71.58978470009899
STU_016500,70.6608991821457
STU_016501,75.25468911622818
STU_016502,78.77243957571318
STU_016503,59.36216946078283
STU_016504,77.23661487328584
STU_016505,94.37024988258648
STU_016506,72.32910790896595
STU_016507,67.5622287800947
STU_016508,86.22729516995827
STU_016509,43.71301201828089
STU_016510,78.90656896633287
STU_016511,67.71478152563459
STU_016512,67.88439348352749
STU_016513,52.66429907295042
STU_016514,86.74589511377923
STU_016515,60.226710365271764
STU_016516,60.547850360251275
STU_016517,81.38601492520142
STU_016518,77.38550796072187
STU_016519,83.21563810726296
STU_016520,60.213386299157236
STU_016521,100.0
STU_016522,53.371390292976876
STU_016523,70.75969800059467
STU_016524,70.76820044060634
STU_016525,43.04289015646585
STU_016526,100.0
STU_016527,56.68748720304471
STU_016528,67.60011753270373
STU_016529,73.98920502387806
STU_016530,80.5773256008226
STU_016531,98.0015829323644
STU_016532,98.88025598972915
STU_016533,75.1482338863905
STU_016534,84.98654520960702
STU_016535,62.70371921799003
STU_016536,85.26648621236619
STU_016537,79.42792243312182
STU_016538,62.67799464162185
STU_016539,68.95830088308446
STU_016540,77.3759860757664
STU_016541,99.88784033558366
STU_016542,55.96238267178788
STU_016543,61.88414924048216
STU_016544,87.93023719924656
STU_016545,93.527726527004
STU_016546,66.07158156982199
STU_016547,100.0
STU_016548,91.74846085836309
STU_016549,83.73034932312453
STU_016550,67.2105024638418
STU_016551,81.45109136392506
STU_016552,86.79023792939091
STU_016553,69.91851679029924
STU_016554,91.09312666787534
STU_016555,73.27966555628593
STU_016556,78.01803484217979
STU_016557,71.48737525164799
STU_016558,76.4792338386448
STU_016559,81.67515772044663
STU_016560,62.988397736043765
STU_016561,78.30168585111014
STU_016562,76.39280567860027
STU_016563,75.56254668059005
STU_016564,70.38585183031819
STU_016565,77.89519822301119
STU_016566,89.4573940030653
STU_016567,71.92927060475633
STU_016568,70.1601178199667
STU_016569,59.31816804649682
STU_016570,66.69264172175941
STU_016571,88.12782800701723
STU_016572,57.29030649801418
STU_016573,55.777056188004124
STU_016574,95.77764100382788
STU_016575,62.4272387100317
STU_016576,82.76551350644864
STU_016577,86.08584061559216
STU_016578,86.0637446955679
STU_016579,83.40685021744596
STU_016580,85.78396425158019
STU_016581,96.86861406104698
STU_016582,62.8792257222876
STU_016583,86.90026810634241
STU_016584,95.91939741657198
STU_016585,85.12958753214852
STU_016586,78.94265162694356
STU_016587,74.42804609549295
STU_016588,68.12107345537495
STU_016589,66.92206430218071
STU_016590,76.38922087814595
STU_016591,63.88906122682673
STU_016592,77.55393982332372
STU_016593,85.55495931801315
STU_016594,42.560347598888455
STU_016595,77.8786099947464
STU_016596,91.21213230924194
STU_016597,52.756739021958005
STU_016598,82.84365978555282
STU_016599,45.38731444424884
STU_016600,50.43159033110651
STU_016601,82.9505035419781
STU_016602,54.409429878297075
STU_016603,53.89422021383301
STU_016604,89.03080818105629
STU_016605,90.9236522363266
STU_016606,68.49974841667495
STU_016607,43.27081422542455
STU_016608,89.45059111319951
STU_016609,78.4559040877182
STU_016610,85.46696441448273
STU_016611,59.65138966303486
STU_016612,93.77696072865007
STU_016613,82.98065893058038
STU_016614,66.85303345382832
STU_016615,92.11471030509432
STU_016616,86.52345662747344
STU_016617,94.20721915243573
STU_016618,70.80720149396447
STU_016619,87.31312114312993
STU_016620,56.29494568110508
STU_016621,81.07466398799002
STU_016622,76.13513811786103
STU_016623,79.22037477022616
STU_016624,97.83794081203617
STU_016625,81.47090395799454
STU_016626,56.15336574399325
STU_016627,99.88200064665648
STU_016628,88.05646424734127
STU_016629,51.33441773725968
STU_016630,69.90383948105121
STU_016631,65.30517315167869
STU_016632,67.52596156066164
STU_016633,79.80641817798217
STU_016634,66.83423538824523
STU_016635,94.48583164139991
STU_016636,82.40424401688517
STU_016637,67.79841158096565
STU_016638,69.96175771289253
STU_016639,64.67332575396688
STU_016640,100.0
STU_016641,86.51284110997221
STU_016642,58.96618851071843
STU_016643,69.0057921401865
STU_016644,80.04699761220351
STU_016645,88.09364608839103
STU_016646,86.0047638094652
STU_016647,67.87768668610259
STU_016648,83.34424034879274
STU_016649,85.58669445784794
STU_016650,88.00250861412484
STU_016651,82.37734569658791
STU_016652,87.29332058130936
STU_016653,76.43433321039659
STU_016654,92.99591821176305
STU_016655,72.602266022967
STU_016656,79.04097259813717
STU_016657,80.98579259777603
STU_016658,88.28557962319955
STU_016659,76.79639881865978
STU_016660,89.34723665856083
STU_016661,74.07743711408247
STU_016662,73.6502656904574
STU_016663,91.19943132380462
STU_016664,68.44049329197749
STU_016665,79.92908637604063
STU_016666,66.48160572757928
STU_016667,69.81042312532051
STU_016668,94.0874385537721
STU_016669,74.35999945195726
STU_016670,84.6782952675174
STU_016671,98.71839132459468
STU_016672,82.84303612596902
STU_016673,65.78846319907485
STU_016674,78.80237932314152
STU_016675,79.92035941006793
STU_016676,99.47462479878276
STU_016677,90.633404222025
STU_016678,88.32386929544461
STU_016679,86.95402112217126
STU_016680,61.371835574031394
STU_016681,96.12795003335779
STU_016682,83.0685779894028
STU_016683,78.3493349380427
STU_016684,68.56434003733541
STU_016685,80.45798809354783
STU_016686,73.12266440569945
STU_016687,95.28085566878084
STU_016688,57.112480472329516
STU_016689,72.45160095435392
STU_016690,55.023125754365964
STU_016691,75.92666426238262
STU_016692,75.35794721985162
STU_016693,64.02045951754957
STU_016694,83.22430862529575
STU_016695,75.84701311698608
STU_016696,78.23181185073183
STU_016697,73.08584242447522
STU_016698,81.40145969831936
STU_016699,68.46307004771772
STU_016700,70.4069575691327
STU_016701,75.70130529101611
STU_016702,83.62106583755065
STU_016703,90.66167671885381
STU_016704,84.29594204593494
STU_016705,90.16718985652165
STU_016706,71.62922904848124
STU_016707,81.70789262575823
STU_016708,89.30841259938168
STU_016709,46.26150643083969
STU_016710,76.11472839072297
STU_016711,60.806621885534355
STU_016712,49.725557820917274
STU_016713,96.26584043623795
STU_016714,97.80486418174272
STU_016715,65.89269939207321
STU_016716,74.67080051661146
STU_016717,86.02277622993839
STU_016718,53.0028458781332
STU_016719,91.88687679500656
STU_016720,95.53612357478713
STU_016721,75.73497455773841
STU_016722,73.24378306357977
STU_016723,70.7442818956023
STU_016724,75.34548537722529
STU_016725,68.50860382446919
STU_016726,60.9237390970634
STU_016727,68.89501114319535
STU_016728,60.060187878906106
STU_016729,76.27004727181816
STU_016730,86.11304655764272
STU_016731,65.1263444241396
STU_016732,90.1374347719874
STU_016733,86.14450367867055
STU_016734,59.837001824297374
STU_016735,85.22606641960232
STU_016736,59.26911345762037
STU_016737,66.52555565802786
STU_016738,75.80288486258046
STU_016739,78.71833917246603
STU_016740,70.35237331511459
STU_016741,77.74036144464799
STU_016742,89.31973255151387
STU_016743,72.72932605390616
STU_016744,62.30921310947872
STU_016745,65.47135019643797
STU_016746,55.76792067385129
STU_016747,87.34754399503214
STU_016748,74.0139917180927
STU_016749,54.50919500199602
STU_016750,91.01215411040998
STU_016751,87.746345098539
STU_016752,60.83139475153992
STU_016753,75.89866663384335
STU_016754,99.69502795914588
STU_016755,76.43047112735516
STU_016756,77.1283679221486
STU_016757,77.67322919154802
STU_016758,52.56856659850601
STU_016759,98.40469511055178
STU_016760,72.56359033908338
STU_016761,78.8315112136505
STU_016762,71.98931358870307
STU_016763,78.45457991523018
STU_016764,66.07339568780154
STU_016765,87.28843686973852
STU_016766,89.99385892079519
STU_016767,81.76613083855194
STU_016768,86.39625560753205
STU_016769,47.39254327444571
STU_016770,56.30250242965106
STU_016771,65.65244949511222
STU_016772,90.31380462380571
STU_016773,69.21670432565918
STU_016774,82.08733778875113
STU_016775,69.82807418659033
STU_016776,93.75531922243353
STU_016777,48.17102090264556
STU_016778,77.58316294850167
STU_016779,77.07259846405611
STU_016780,88.27856958490932
STU_016781,51.17107384281557
STU_016782,82.30486391197147
STU_016783,66.55283722486217
STU_016784,92.08464660255234
STU_016785,90.39353011966907
STU_016786,72.6878990860433
STU_016787,68.88273444103089
STU_016788,88.80917114562997
STU_016789,74.51318507811193
STU_016790,84.48173057174834
STU_016791,71.20637173477779
STU_016792,74.44385699226301
STU_016793,79.69178810477543
STU_016794,72.49316754665071
STU_016795,73.6830087077746
STU_016796,87.24024061155458
STU_016797,67.10698828274363
STU_016798,74.19140053203677
STU_016799,89.79278384330327
STU_016800,64.28816379113226
STU_016801,62.87932738289864
STU_016802,64.39508088184212
STU_016803,93.30754395827836
STU_016804,95.02314228049865
STU_016805,56.355139391209086
STU_016806,81.95411923254184
STU_016807,78.9889343076635
STU_016808,85.5404327319714
STU_016809,86.28631599433066
STU_016810,49.68664224428507
STU_016811,78.23016879863398
STU_016812,70.99306376886919
STU_016813,76.45614750152679
STU_016814,87.71723622572121
STU_016815,68.13522186448441
STU_016816,78.95151859955612
STU_016817,99.98646629953427
STU_016818,51.72724671246173
STU_016819,86.56082690076909
STU_016820,76.25751981660963
STU_016821,77.31333597825477
STU_016822,77.49185640078626
STU_016823,100.0
STU_016824,81.32298235208675
STU_016825,84.20213305417472
STU_016826,72.52541697673593
STU_016827,77.49897380915053
STU_016828,69.93992641328235
STU_016829,84.35978228842805
STU_016830,73.51856026678009
STU_016831,88.8422077306055
STU_016832,66.66193812945176
STU_016833,64.04900746814245
STU_016834,84.45110675041956
STU_016835,74.24078116858296
STU_016836,81.0919502205133
STU_016837,98.20213557613303
STU_016838,88.72493677925908
STU_016839,67.03473133677545
STU_016840,78.3325351014771
STU_016841,95.69327556938364
STU_016842,74.53412884726276
STU_016843,65.97842449994064
STU_016844,88.89943601983316
STU_016845,69.17194392124512
STU_016846,66.86493060930466
STU_016847,72.37834039145228
STU_016848,60.83554479600747
STU_016849,72.4900249319029
STU_016850,76.10061553033725
STU_016851,66.09309071759427
STU_016852,85.70087510529456
STU_016853,89.25389175977622
STU_016854,88.06918064350207
STU_016855,77.20866192290433
STU_016856,98.94203237797039
STU_016857,68.95068960155618
STU_016858,58.75819043540995
STU_016859,98.04280641389578
STU_016860,99.76523110637103
STU_016861,79.91890573795703
STU_016862,90.9766508967029
STU_016863,97.30290866730292
STU_016864,48.91763396608245
STU_016865,85.79704488413438
STU_016866,68.9949175762316
STU_016867,95.70431953160173
STU_016868,77.9018485368353
STU_016869,85.97919793558218
STU_016870,65.52831228255542
STU_016871,56.029552773085996
STU_016872,77.71842798080107
STU_016873,92.06943182094464
STU_016874,69.59433971440124
STU_016875,82.98214127839316
STU_016876,58.86044876541904
STU_016877,100.0
STU_016878,57.83451459067544
STU_016879,89.72146780327918
STU_016880,86.44564900101336
STU_016881,69.76441082118971
STU_016882,76.70079639011212
STU_016883,89.32674889582597
STU_016884,72.3723901103236
STU_016885,90.45159233345382
STU_016886,79.8618233197769
STU_016887,63.75810167312402
STU_016888,87.1272955800857
STU_016889,73.96243226251701
STU_016890,68.73181858106194
STU_016891,65.52436926714131
STU_016892,80.71965421923832
STU_016893,63.48953248970211
STU_016894,80.4738680440768
STU_016895,74.44197695166359
STU_016896,66.17185046797144
STU_016897,51.55114257600252
STU_016898,100.0
STU_016899,78.98457441620943
STU_016900,96.04915013038556
STU_016901,78.15738173594985
STU_016902,92.14600810499155
STU_016903,78.00365233551132
STU_016904,81.49344487512032
STU_016905,78.42865002340713
STU_016906,69.70206887210975
STU_016907,82.59949560663475
STU_016908,68.45489780771295
STU_016909,85.26376771205983
STU_016910,71.35737103734814
STU_016911,72.37792707359328
STU_016912,70.51295008176045
STU_016913,59.477712798338956
STU_016914,90.13643234265041
STU_016915,87.68067513827543
STU_016916,75.93257077476012
STU_016917,83.48486001919815
STU_016918,48.105931389761125
STU_016919,69.57020293509706
STU_016920,69.5547956522112
STU_016921,75.31343479276788
STU_016922,72.17624204494072
STU_016923,86.37064536197617
STU_016924,55.674367270084915
STU_016925,77.6927975961422
STU_016926,79.29644350506038
STU_016927,61.02270963324713
STU_016928,87.20439382043726
STU_016929,65.81276330308818
STU_016930,97.59256351236857
STU_016931,47.54738977770355
STU_016932,89.1505349719194
STU_016933,86.1449670793613
STU_016934,64.32588420194054
STU_016935,75.45263921201726
STU_016936,70.07290966141719
STU_016937,71.38102149451159
STU_016938,88.46017390048821
STU_016939,96.09265515316261
STU_016940,93.0166698832421
STU_016941,59.329749165536256
STU_016942,82.27025450119653
STU_016943,75.73371540277432
STU_016944,83.32539634972633
STU_016945,89.9078418513775
STU_016946,86.35485085792806
STU_016947,73.0689558174249
STU_016948,77.74328034478883
STU_016949,62.65024775525314
STU_016950,67.21735111542691
STU_016951,96.93511050210293
STU_016952,58.00478487129661
STU_016953,60.88748538677737
STU_016954,69.16102013508822
STU_016955,84.96748027700177
STU_016956,86.36915356359346
STU_016957,64.15033445691665
STU_016958,80.0994670826758
STU_016959,96.66560662892553
STU_016960,78.37879915115883
STU_016961,64.36511505218306
STU_016962,71.12831362093524
STU_016963,96.21933492387245
STU_016964,89.9328103517168
STU_016965,86.36589714266267
STU_016966,73.28432773339699
STU_016967,90.06539718635179
STU_016968,97.49086715459936
STU_016969,62.51307321360599
STU_016970,74.50639088221698
STU_016971,63.41898374258868
STU_016972,96.89616680211242
STU_016973,65.2525434075525
STU_016974,75.67599947432576
STU_016975,59.323008481768554
STU_016976,69.4398373482781
STU_016977,90.55566536308089
STU_016978,68.360514296708
STU_016979,60.36676677335184
STU_016980,84.45571508336579
STU_016981,59.893652777089244
STU_016982,74.16143616836179
STU_016983,61.47866776552445
STU_016984,67.87889493929163
STU_016985,99.14477244893264
STU_016986,87.57143297745213
STU_016987,81.5321973218592
STU_016988,72.82001686143043
STU_016989,89.91959502192807
STU_016990,74.34612655032268
STU_016991,64.17969832228351
STU_016992,83.61834125130018
STU_016993,76.1257200690847
STU_016994,61.62808741482024
STU_016995,67.17679164858491
STU_016996,95.8283669307214
STU_016997,79.05640068514305
STU_016998,90.01081286752559
STU_016999,97.15752252241326
STU_017000,85.39013690969276
STU_017001,91.90042722795606
STU_017002,94.6291970805524
STU_017003,96.40939643517196
STU_017004,65.36272605855636
STU_017005,87.99062862424542
STU_017006,87.96207412663617
STU_017007,82.20339838325586
STU_017008,81.15023322595962
STU_017009,86.22754919788548
STU_017010,75.0226528506292
STU_017011,52.08540421030187
STU_017012,57.77878704050663
STU_017013,100.0
STU_017014,78.39899733914193
STU_017015,81.80863626323936
STU_017016,92.07421080154312
STU_017017,65.8791401540121
STU_017018,74.69172721771193
STU_017019,56.078384585683665
STU_017020,68.60135531842047
STU_017021,81.85051007511146
STU_017022,69.59959864589844
STU_017023,65.45140239216373
STU_017024,61.103683379753086
STU_017025,65.65637067398487
STU_017026,75.95256356673436
STU_017027,78.9023035045592
STU_017028,73.31259470789342
STU_017029,88.6067280780654
STU_017030,86.19672106294875
STU_017031,56.84990006704953
STU_017032,92.20303543857112
STU_017033,89.99013414197523
STU_017034,73.27390635845963
STU_017035,71.18078613228369
STU_017036,86.78737407592291
STU_017037,95.09945503962959
STU_017038,96.08527027604993
STU_017039,89.09042440298052
STU_017040,97.53769437338018
STU_017041,60.33667779933596
STU_017042,89.31016144832233
STU_017043,73.69631664986062
STU_017044,96.2797974019856
STU_017045,86.32370909568719
STU_017046,82.39893131240201
STU_017047,97.99791513485727
STU_017048,69.00505160603915
STU_017049,82.97857961634212
STU_017050,65.61236835398687
STU_017051,75.60198498004826
STU_017052,97.13787264115575
STU_017053,78.69479060633537
STU_017054,89.64418502533215
STU_017055,83.12122362288075
STU_017056,79.86461451034026
STU_017057,92.61462965454567
STU_017058,76.00230087455503
STU_017059,61.05448559253892
STU_017060,66.27860511895334
STU_017061,96.2210369769929
STU_017062,61.884044332326894
STU_017063,75.03291436374997
STU_017064,64.27120387429433
STU_017065,95.59380689623218
STU_017066,63.85720504161367
STU_017067,96.7134540880553
STU_017068,66.49811687773433
STU_017069,77.90280643637081
STU_017070,80.09809677492284
STU_017071,80.96342352133377
STU_017072,75.23653469300103
STU_017073,92.07830025049255
STU_017074,85.19856257675417
STU_017075,91.48137771956847
STU_017076,58.504339700765584
STU_017077,92.79592814053171
STU_017078,65.43432096323704
STU_017079,61.113099774604905
STU_017080,54.81653164424003
STU_017081,74.21188220890808
STU_017082,85.37248163934886
STU_017083,67.17102759653915
STU_017084,51.19615122287074
STU_017085,69.06919920813354
STU_017086,86.04370610484828
STU_017087,68.05578556487323
STU_017088,90.07126970005021
STU_017089,59.94498115454668
STU_017090,83.6687239348388
STU_017091,66.3830596825824
STU_017092,92.24650077729548
STU_017093,51.79825730110464
STU_017094,81.78617642275371
STU_017095,54.109016154976096
STU_017096,62.52654320063529
STU_017097,67.83388650146146
STU_017098,46.174681551892995
STU_017099,73.6026386705761
STU_017100,86.51017390136275
STU_017101,80.97656263046693
STU_017102,75.69479164567512
STU_017103,78.41858223599706
STU_017104,84.28905291874247
STU_017105,68.11975725332368
STU_017106,61.022082837388226
STU_017107,48.48759133787145
STU_017108,86.70426517737062
STU_017109,70.48739365642454
STU_017110,66.23102660997874
STU_017111,85.16841775257893
STU_017112,85.0792737225664
STU_017113,58.15519248214032
STU_017114,73.5251449434909
STU_017115,80.05614526933118
STU_017116,99.80506743652367
STU_017117,50.29516020320616
STU_017118,85.72330460543441
STU_017119,84.38669786924935
STU_017120,83.55974168649996
STU_017121,72.25558714805193
STU_017122,99.35242222377082
STU_017123,61.50595082369422
STU_017124,71.27681156847392
STU_017125,70.45645876555747
STU_017126,82.30286119267528
STU_017127,57.13006401933995
STU_017128,68.76337202919144
STU_017129,62.945191295126264
STU_017130,76.90597327041651
STU_017131,72.62585974574236
STU_017132,72.60207529448911
STU_017133,77.99303614154799
STU_017134,97.30610536106437
STU_017135,58.04850810397173
STU_017136,81.86318565752126
STU_017137,61.80775484015766
STU_017138,78.46193635642864
STU_017139,91.79549831774281
STU_017140,77.474282563776
STU_017141,90.82514248453674
STU_017142,91.33812444809685
STU_017143,51.93627942427645
STU_017144,90.02807878810513
STU_017145,90.73367571267605
STU_017146,92.9894770182004
STU_017147,96.77540794665943
STU_017148,71.06112078724298
STU_017149,64.56711392320618
STU_017150,58.337561020231774
STU_017151,80.35276937757216
STU_017152,78.14963085420733
STU_017153,86.40772804653372
STU_017154,81.4541435380848
STU_017155,55.56816885529858
STU_017156,61.07720397868767
STU_017157,70.9074036740562
STU_017158,91.0986669979668
STU_017159,63.33606927846941
STU_017160,52.001132842042864
STU_017161,80.26312198418906
STU_017162,71.90821210405058
STU_017163,75.48048990068041
STU_017164,91.15484559968665
STU_017165,62.555229850466745
STU_017166,72.92317174616399
STU_017167,67.29925467868192
STU_017168,75.1152619633226
STU_017169,91.97057732766156
STU_017170,85.63538979565782
STU_017171,93.99898197692985
STU_017172,71.25694502593504
STU_017173,57.81829450614222
STU_017174,57.36493329543154
STU_017175,100.0
STU_017176,83.18200013072352
STU_017177,73.3185983339724
STU_017178,86.17849809730816
STU_017179,85.91275577901867
STU_017180,76.0819731933281
STU_017181,84.32417505732153
STU_017182,66.76046844407081
STU_017183,95.18921596866105
STU_017184,84.39276240968398
STU_017185,95.03870497519912
STU_017186,66.63401623960485
STU_017187,87.2850210032989
STU_017188,74.80984867528707
STU_017189,56.74656933111886
STU_017190,91.36920975709589
STU_017191,67.81964602638877
STU_017192,65.03868099958913
STU_017193,56.58975293024581
STU_017194,89.12539200353837
STU_017195,69.42230880405685
STU_017196,79.08265165368853
STU_017197,79.86665266643745
STU_017198,69.93434517438627
STU_017199,74.69529861941442
STU_017200,60.49830497844904
STU_017201,69.63560388485388
STU_017202,85.55138453842373
STU_017203,70.30056070386146
STU_017204,63.35042211542164
STU_017205,89.35374723682668
STU_017206,77.24575962190065
STU_017207,98.22974153280444
STU_017208,60.988776041427094
STU_017209,61.19457240300562
STU_017210,37.39737174106625
STU_017211,82.07556447681362
STU_017212,91.29407324418689
STU_017213,86.83251422364752
STU_017214,83.59707002563188
STU_017215,65.15814782090217
STU_017216,64.2820350728333
STU_017217,100.0
STU_017218,69.89780405625916
STU_017219,95.95380905235746
STU_017220,78.39677949951394
STU_017221,68.48993287102024
STU_017222,69.51749422957667
STU_017223,68.43477956388512
STU_017224,86.46173277304861
STU_017225,90.71126385183577
STU_017226,75.11776704214411
STU_017227,68.86173280796976
STU_017228,82.19679674999509
STU_017229,65.42647103902684
STU_017230,91.7930212482461
STU_017231,72.13543294826336
STU_017232,64.92480990458115
STU_017233,72.52134411908906
STU_017234,85.94593216065117
STU_017235,76.69398627959303
STU_017236,60.04781940659343
STU_017237,93.74539889629179
STU_017238,78.965297583266
STU_017239,53.58575776220465
STU_017240,93.66236729349487
STU_017241,70.52870017568748
STU_017242,46.626424494948324
STU_017243,86.23296503488727
STU_017244,76.04862769125313
STU_017245,86.36206039170538
STU_017246,84.2964911107101
STU_017247,56.62668243918253
STU_017248,68.86400986765665
STU_017249,63.01227706397404
STU_017250,57.413508082650495
STU_017251,87.61661496652222
STU_017252,59.64182925206872
STU_017253,85.91805512799343
STU_017254,47.910987733023
STU_017255,53.863336540845765
STU_017256,47.757725792789635
STU_017257,80.615891091891
STU_017258,76.62053737101398
STU_017259,69.54133513736812
STU_017260,67.84487980629595
STU_017261,57.86331992588264
STU_017262,71.78552485513761
STU_017263,78.6516889786467
STU_017264,65.35763280242318
STU_017265,88.66652438732886
STU_017266,54.6380648661253
STU_017267,68.35680936748665
STU_017268,68.21603775592821
STU_017269,66.68607993218076
STU_017270,74.96936331317454
STU_017271,76.55065869592933
STU_017272,61.47594901836289
STU_017273,85.5351059140469
STU_017274,83.92198064342428
STU_017275,68.23024639946205
STU_017276,58.07274022854472
STU_017277,79.97626726668919
STU_017278,90.86559176460233
STU_017279,73.16098313350426
STU_017280,83.14084737520906
STU_017281,68.63392645932119
STU_017282,72.38855006169992
STU_017283,79.83742850094407
STU_017284,86.34917359255009
STU_017285,83.04554042776911
STU_017286,69.97361584677836
STU_017287,63.185819677344625
STU_017288,64.78219544186368
STU_017289,76.36889765235323
STU_017290,89.19440045520577
STU_017291,81.00058194940476
STU_017292,62.65109523218361
STU_017293,69.9294918095223
STU_017294,66.99906945799187
STU_017295,71.97260917540929
STU_017296,76.2712932571301
STU_017297,94.42235011099987
STU_017298,64.1643991897025
STU_017299,70.12104330127538
STU_017300,54.16393903505745
STU_017301,58.84675871005413
STU_017302,74.66662903736079
STU_017303,93.94969223853062
STU_017304,87.06069011791197
STU_017305,79.03902731217687
STU_017306,84.1939407039666
STU_017307,99.63016899618384
STU_017308,94.05449260230981
STU_017309,87.48156054636331
STU_017310,62.809495326861324
STU_017311,74.45688961135642
STU_017312,73.17115031141398
STU_017313,87.13443706032201
STU_017314,78.39778469386854
STU_017315,83.9290209342843
STU_017316,73.97256403490006
STU_017317,80.35280980698312
STU_017318,40.53493145962124
STU_017319,66.8992316212049
STU_017320,87.90658871189312
STU_017321,84.82778471984076
STU_017322,75.05357725390182
STU_017323,78.81690909107805
STU_017324,88.10452732464525
STU_017325,82.71070715624673
STU_017326,72.22250746861033
STU_017327,87.75437000309387
STU_017328,78.2171165706633
STU_017329,41.716868464202086
STU_017330,91.2428124264107
STU_017331,82.24793678198759
STU_017332,66.89014941458154
STU_017333,71.40437937515995
STU_017334,83.8795039561082
STU_017335,82.35701867743158
STU_017336,62.64949550772343
STU_017337,77.69071338470309
STU_017338,80.95396768480443
STU_017339,94.34818816699814
STU_017340,79.07193193004505
STU_017341,88.65382226763887
STU_017342,64.23116118814401
STU_017343,83.17192775649671
STU_017344,66.9393187693788
STU_017345,68.29985797505371
STU_017346,63.41417269976334
STU_017347,92.84363420915676
STU_017348,75.59967227633194
STU_017349,81.24847396887266
STU_017350,56.40896720695653
STU_017351,60.9687928901202
STU_017352,55.37381182950183
STU_017353,59.400123886733894
STU_017354,85.31833188275755
STU_017355,58.25097027956275
STU_017356,68.35790912400476
STU_017357,59.257795039812166
STU_017358,64.8676617287527
STU_017359,87.12886674550087
STU_017360,99.76803247415607
STU_017361,97.88974626975153
STU_017362,63.89011183544355
STU_017363,84.22944136349498
STU_017364,88.53103377044607
STU_017365,83.35168049897739
STU_017366,89.56250873038732
STU_017367,100.0
STU_017368,61.97967408601561
STU_017369,55.62276526657282
STU_017370,81.47323808858187
STU_017371,85.86745521759939
STU_017372,85.41025674866111
STU_017373,63.67548885951288
STU_017374,50.994843142720875
STU_017375,85.85871641556592
STU_017376,72.21427450203633
STU_017377,67.50048900297986
STU_017378,84.65592584443348
STU_017379,67.01401246127699
STU_017380,60.95431909678163
STU_017381,58.698580435613415
STU_017382,87.04206716929166
STU_017383,80.96600268730532
STU_017384,67.29204701406081
STU_017385,72.03109375155574
STU_017386,74.41777241633365
STU_017387,83.14453099809663
STU_017388,66.38664292281663
STU_017389,81.877427532425
STU_017390,75.38300149274292
STU_017391,77.29580182780602
STU_017392,69.08278019999607
STU_017393,66.14179815091846
STU_017394,72.01848292598805
STU_017395,59.339535098998155
STU_017396,81.56668376515952
STU_017397,75.22197049106691
STU_017398,80.68594532637428
STU_017399,89.09124432612953
STU_017400,43.13042846849721
STU_017401,44.56572580721207
STU_017402,94.688116703297
STU_017403,61.95325907361515
STU_017404,77.09490477946721
STU_017405,58.9962579430365
STU_017406,65.77840399130386
STU_017407,63.56140538588651
STU_017408,81.521463456855
STU_017409,79.34330137844977
STU_017410,72.78007928860677
STU_017411,60.19798639851802
STU_017412,78.93091191793721
STU_017413,83.93101769840877
STU_017414,84.93590327142036
STU_017415,53.290767628160665
STU_017416,61.82031902449501
STU_017417,74.75610927492149
STU_017418,87.50133068435238
STU_017419,69.30847337270129
STU_017420,80.51910231262576
STU_017421,82.14202810875219
STU_017422,81.03849346780059
STU_017423,71.00980262907483
STU_017424,56.30961131813467
STU_017425,75.98549469415957
STU_017426,64.47115908378898
STU_017427,76.60111838690037
STU_017428,72.60927748180194
STU_017429,59.60920104131124
STU_017430,99.3298761187367
STU_017431,70.01989051394352
STU_017432,96.04847692039823
STU_017433,84.68519730735089
STU_017434,73.31127999397445
STU_017435,82.02652506461925
STU_017436,70.80914162870414
STU_017437,84.18517037534576
STU_017438,99.50047045438434
STU_017439,60.257426594692745
STU_017440,87.42938083931362
STU_017441,55.1034194901833
STU_017442,80.5532817916118
STU_017443,86.57325870350431
STU_017444,75.7725091314532
STU_017445,95.65784402144338
STU_017446,87.82353305293385
STU_017447,65.93958195759826
STU_017448,76.44823850470291
STU_017449,85.48956984724947
STU_017450,83.15679154457702
STU_017451,72.25336635712868
STU_017452,78.60960502354075
STU_017453,88.9260944430815
STU_017454,56.998555590879434
STU_017455,89.11923014600768
STU_017456,77.40610659672201
STU_017457,67.261835171841
STU_017458,63.93661915864794
STU_017459,83.31945718321435
STU_017460,68.36849152776146
STU_017461,88.20353995337922
STU_017462,79.3993961676502
STU_017463,91.93900747574483
STU_017464,73.1478011430911
STU_017465,82.71078273497878
STU_017466,73.4118761195761
STU_017467,54.850667525228666
STU_017468,84.48308305921314
STU_017469,95.32745320526001
STU_017470,90.77265693405695
STU_017471,84.76028306604388
STU_017472,68.71014434687334
STU_017473,98.41324598301009
STU_017474,34.93874246478711
STU_017475,58.840207248016085
STU_017476,73.23785455749746
STU_017477,63.175579828344155
STU_017478,55.137986826320294
STU_017479,79.9844888304126
STU_017480,98.8263971533129
STU_017481,92.25371220085636
STU_017482,81.77479597114896
STU_017483,87.57084120843955
STU_017484,85.41535022350783
STU_017485,89.75940030566431
STU_017486,72.19778784023815
STU_017487,87.05880280069539
STU_017488,55.42687613546748
STU_017489,58.33124988363852
STU_017490,96.16605667382267
STU_017491,68.81522791844006
STU_017492,58.32202785797446
STU_017493,78.86501619891439
STU_017494,73.7164888305013
STU_017495,52.18832970041221
STU_017496,82.15010237961832
STU_017497,89.7681939051455
STU_017498,58.36378402592686
STU_017499,87.46149716102866
STU_017500,87.07416125462683
STU_017501,79.15130956039211
STU_017502,87.56399547430689
STU_017503,68.14273879895553
STU_017504,81.83025786002979
STU_017505,85.3462245939257
STU_017506,78.25879906852445
STU_017507,53.826680511885804
STU_017508,64.92597130929633
STU_017509,83.84416307373539
STU_017510,97.59944150853346
STU_017511,73.95085715413731
STU_017512,68.01807930328988
STU_017513,76.30457125145386
STU_017514,73.19784103560367
STU_017515,78.68567650809766
STU_017516,96.72202757550389
STU_017517,82.96644340526223
STU_017518,82.4159839547168
STU_017519,88.98401126621859
STU_017520,99.85603991630907
STU_017521,60.063512934188005
STU_017522,80.09222316691906
STU_017523,77.8120044236025
STU_017524,58.182415813431085
STU_017525,69.15444936198887
STU_017526,80.81376918327278
STU_017527,75.20580835776933
STU_017528,71.92053847604922
STU_017529,99.59247283814835
STU_017530,84.33419796453714
STU_017531,94.01707674954542
STU_017532,61.33384104790834
STU_017533,63.83510679518034
STU_017534,56.71163248899053
STU_017535,75.35368971206915
STU_017536,86.11225447798326
STU_017537,96.94959217008396
STU_017538,93.84451158317569
STU_017539,72.89468796087611
STU_017540,94.19205668166786
STU_017541,53.23417883256239
STU_017542,71.8176168913339
STU_017543,80.24572869331443
STU_017544,95.29340496793644
STU_017545,67.5548238808365
STU_017546,69.15187854576335
STU_017547,95.16190859247145
STU_017548,79.16236675011855
STU_017549,99.75400702010313
STU_017550,76.44196524371911
STU_017551,96.51740990808119
STU_017552,49.63420375446647
STU_017553,84.29296613950032
STU_017554,57.73474275083409
STU_017555,67.78808772404992
STU_017556,65.96836517551269
STU_017557,52.85490999449923
STU_017558,49.824294604208845
STU_017559,82.53721918281641
STU_017560,70.64727669141742
STU_017561,96.7949394318638
STU_017562,58.242020310526264
STU_017563,64.87079284128316
STU_017564,69.57850011087412
STU_017565,66.61453628623116
STU_017566,85.42806621877254
STU_017567,65.63892180128362
STU_017568,69.48183094672851
STU_017569,71.21101715512458
STU_017570,97.60435961326874
STU_017571,92.38525562235498
STU_017572,83.26948154204105
STU_017573,73.5518327357573
STU_017574,84.09282556858105
STU_017575,91.5406748331534
STU_017576,93.2056355058898
STU_017577,64.54397486265857
STU_017578,77.94993593988926
STU_017579,76.5507836914842
STU_017580,78.36209813750281
STU_017581,72.5946147238947
STU_017582,76.58671160144257
STU_017583,89.26468127194033
STU_017584,61.39245351289718
STU_017585,50.52754984063876
STU_017586,83.28648672229906
STU_017587,62.87219737082681
STU_017588,68.0836738887064
STU_017589,94.00957627944044
STU_017590,74.50827394560169
STU_017591,87.22065386068482
STU_017592,67.22395715049838
STU_017593,59.16534527831174
STU_017594,53.680085211862064
STU_017595,92.01401802009813
STU_017596,72.65147670424146
STU_017597,93.64004498615438
STU_017598,44.948839064149404
STU_017599,64.11260634990599
STU_017600,79.61824380156509
STU_017601,67.02399914162936
STU_017602,67.85672513937838
STU_017603,87.7139189909028
STU_017604,84.30640269888413
STU_017605,68.03095770932964
STU_017606,93.9964308261759
STU_017607,75.38062251005422
STU_017608,95.93972132886788
STU_017609,78.04964540660038
STU_017610,74.88953667781782
STU_017611,74.10486168724088
STU_017612,97.40483289835069
STU_017613,77.47533139499227
STU_017614,88.85231952762611
STU_017615,66.00723495915892
STU_017616,85.85469573580093
STU_017617,91.28283959548622
STU_017618,44.783829942142134
STU_017619,62.80021404474698
STU_017620,76.97735288617301
STU_017621,81.89668375372634
STU_017622,98.38103851296538
STU_017623,54.26634070313107
STU_017624,67.24090070957396
STU_017625,67.45778841904634
STU_017626,55.19104012557395
STU_017627,59.01788441595317
STU_017628,75.05736779639226
STU_017629,70.52241797942513
STU_017630,59.67163436152289
STU_017631,49.96863181208912
STU_017632,78.70578193283134
STU_017633,71.57125419799645
STU_017634,80.42231347614423
STU_017635,75.95420331012022
STU_017636,69.89182855009949
STU_017637,93.1880557309538
STU_017638,65.53011564115535
STU_017639,89.34584362084107
STU_017640,97.42727724840472
STU_017641,99.80296198174834
STU_017642,56.85301467554238
STU_017643,61.72915495465806
STU_017644,75.73207367370782
STU_017645,78.92209643023914
STU_017646,71.95926368001427
STU_017647,60.110821861590395
STU_017648,86.00646470314506
STU_017649,94.62824027685423
STU_017650,96.56351263481737
STU_017651,65.8168835227004
STU_017652,73.61506723629464
STU_017653,99.88376923891563
STU_017654,74.04887826820836
STU_017655,84.18678012112973
STU_017656,83.4354807872251
STU_017657,51.33834046425479
STU_017658,71.09458555948245
STU_017659,100.0
STU_017660,76.86124705172611
STU_017661,78.30303468382738
STU_017662,64.87167491930657
STU_017663,78.81744430516652
STU_017664,80.10498173312713
STU_017665,72.04742917781067
STU_017666,74.22872379739026
STU_017667,72.64346959807817
STU_017668,77.87187914898878
STU_017669,72.3437301696916
STU_017670,46.41429304512696
STU_017671,67.48993253280305
STU_017672,58.45864094256232
STU_017673,72.90687495104255
STU_017674,69.8394643002994
STU_017675,68.31648660054934
STU_017676,69.40137157671386
STU_017677,80.81948811863376
STU_017678,82.58318454630896
STU_017679,89.48769344823958
STU_017680,62.697068751659685
STU_017681,82.43750749171922
STU_017682,68.98686866161705
STU_017683,75.36057202944318
STU_017684,83.69005496704705
STU_017685,70.11798010189396
STU_017686,65.5224875160746
STU_017687,72.21371034692778
STU_017688,72.30689976056496
STU_017689,89.10501927560946
STU_017690,65.74020787785274
STU_017691,70.50201578628605
STU_017692,73.68631978027875
STU_017693,70.16458042404801
STU_017694,79.96465087889813
STU_017695,96.0303043543464
STU_017696,85.455528711927
STU_017697,41.498925475233165
STU_017698,51.37631663724415
STU_017699,93.88372437006393
STU_017700,53.525619338697794
STU_017701,53.96118318244777
STU_017702,88.97369535943123
STU_017703,85.666093804468
STU_017704,62.50670173982924
STU_017705,58.16901902852139
STU_017706,78.27061910076637
STU_017707,53.15161614688066
STU_017708,97.22515318763499
STU_017709,89.25546924544832
STU_017710,83.22146830152323
STU_017711,100.0
STU_017712,69.15199262864422
STU_017713,67.40500661834177
STU_017714,83.76117229239023
STU_017715,75.07436488289576
STU_017716,59.9110145158717
STU_017717,73.65778511699301
STU_017718,94.63830813608956
STU_017719,68.81261503297394
STU_017720,73.28664742246491
STU_017721,78.10308544174279
STU_017722,100.0
STU_017723,70.82721464524579
STU_017724,72.68513765173874
STU_017725,89.65839593220214
STU_017726,91.96066658938913
STU_017727,81.4101633917282
STU_017728,82.79409378904735
STU_017729,69.76126605439684
STU_017730,60.337912281627624
STU_017731,55.749452989030274
STU_017732,85.29656405690125
STU_017733,64.64125607913742
STU_017734,70.33070598123153
STU_017735,62.94587074741507
STU_017736,71.4451725776974
STU_017737,62.99241608329362
STU_017738,93.59783474876068
STU_017739,87.19008093875148
STU_017740,75.76052473163749
STU_017741,85.35686279225493
STU_017742,81.3303965408198
STU_017743,84.80978401997015
STU_017744,83.11757960507576
STU_017745,86.08968766204848
STU_017746,84.60267613643143
STU_017747,69.484280693273
STU_017748,69.06203087037755
STU_017749,64.25765243775656
STU_017750,84.05745809450802
STU_017751,80.86137526737323
STU_017752,81.02295609746585
STU_017753,96.86343368195858
STU_017754,90.95001297569326
STU_017755,88.03198874803505
STU_017756,82.2922774433877
STU_017757,50.94929139851979
STU_017758,65.40028430903118
STU_017759,79.24251019144945
STU_017760,97.06252104978958
STU_017761,64.5759383915397
STU_017762,100.0
STU_017763,95.74110167251558
STU_017764,50.31311487363344
STU_017765,93.16893466595155
STU_017766,76.61811753444674
STU_017767,62.81672465248786
STU_017768,62.556773117252156
STU_017769,88.55505706562882
STU_017770,78.56826777562952
STU_017771,55.17214923344977
STU_017772,72.34890021232542
STU_017773,57.51273624075853
STU_017774,100.0
STU_017775,76.95006597164024
STU_017776,90.06022872979284
STU_017777,80.26142955245854
STU_017778,79.77280327309509
STU_017779,54.027325660659635
STU_017780,69.74576901482806
STU_017781,78.45310000382136
STU_017782,75.96998843822725
STU_017783,69.74961967675085
STU_017784,76.72280626451638
STU_017785,91.48555204782403
STU_017786,77.00907130817369
STU_017787,82.9168374776848
STU_017788,74.45556872544351
STU_017789,86.72560746664576
STU_017790,57.102857132007095
STU_017791,92.95527366788144
STU_017792,67.94353900090718
STU_017793,76.94280837152644
STU_017794,64.7171935750657
STU_017795,70.60991418156792
STU_017796,80.22574335360473
STU_017797,84.95105548414847
STU_017798,92.63679420253068
STU_017799,99.01114642924415
STU_017800,87.66819715355493
STU_017801,74.12674337659621
STU_017802,97.06310819750647
STU_017803,62.358989705711494
STU_017804,77.93263033237264
STU_017805,71.46537870166632
STU_017806,67.20343894146812
STU_017807,95.44883708909771
STU_017808,65.02733566011635
STU_017809,89.26437244364435
STU_017810,100.0
STU_017811,73.25518164043548
STU_017812,79.69108557342688
STU_017813,79.62439487403829
STU_017814,67.17115292492271
STU_017815,65.91392981866878
STU_017816,60.465876208562165
STU_017817,53.675438180338475
STU_017818,92.00095023200323
STU_017819,87.4059879470041
STU_017820,81.95643740804141
STU_017821,70.79787605066058
STU_017822,88.11544047092654
STU_017823,95.59234663673949
STU_017824,55.09612292095094
STU_017825,76.49493385891634
STU_017826,84.01541019950815
STU_017827,85.02976669640705
STU_017828,58.110183839678214
STU_017829,67.59503636128774
STU_017830,67.6489946542038
STU_017831,90.67713419786634
STU_017832,86.77668350880462
STU_017833,57.72475650379111
STU_017834,79.28671461101194
STU_017835,71.94022636060276
STU_017836,77.69591711324301
STU_017837,67.48958236911885
STU_017838,65.67386175383176
STU_017839,93.8188405586765
STU_017840,73.7338533279395
STU_017841,96.07027591507666
STU_017842,77.66139328991744
STU_017843,83.62069999577677
STU_017844,67.74230616429129
STU_017845,94.16776701535301
STU_017846,93.55230009498675
STU_017847,48.37167477362361
STU_017848,62.67465067150863
STU_017849,56.78427360835593
STU_017850,69.9902145151835
STU_017851,60.77575613967299
STU_017852,88.66741348851576
STU_017853,73.60835702276512
STU_017854,98.8802723701302
STU_017855,50.312712234957964
STU_017856,82.89073010353758
STU_017857,81.10498133980226
STU_017858,76.02350441894549
STU_017859,66.27729873653344
STU_017860,81.64028975221629
STU_017861,84.55934678233348
STU_017862,69.36140679437526
STU_017863,88.85540520592166
STU_017864,78.1050358425797
STU_017865,70.23295388223046
STU_017866,76.75501810229117
STU_017867,63.74766427184686
STU_017868,95.48036931762348
STU_017869,62.666094658858334
STU_017870,81.55711109135542
STU_017871,96.66092611917675
STU_017872,68.43250960839151
STU_017873,94.57530027982806
STU_017874,80.02804700745743
STU_017875,71.35914384422288
STU_017876,64.96192109426295
STU_017877,51.946524396715034
STU_017878,91.4380695505379
STU_017879,56.104653343626865
STU_017880,94.40377315161322
STU_017881,73.72438319054952
STU_017882,71.21235865391253
STU_017883,93.87240231871009
STU_017884,61.655188662106724
STU_017885,70.82255799774893
STU_017886,79.58702151371041
STU_017887,53.898077526958886
STU_017888,61.67203759738929
STU_017889,99.86796754223744
STU_017890,99.84560734967052
STU_017891,77.36586666015037
STU_017892,53.87064210370802
STU_017893,81.60539090928498
STU_017894,61.22089520906275
STU_017895,68.50222307113333
STU_017896,75.45080970791395
STU_017897,60.17277598664782
STU_017898,86.23486609492068
STU_017899,81.12851168139946
STU_017900,69.82255164070627
STU_017901,90.10767974045324
STU_017902,65.69790129935481
STU_017903,72.0607348390419
STU_017904,78.79240839459752
STU_017905,76.87344910927756
STU_017906,68.32564503166734
STU_017907,77.58718952327504
STU_017908,69.81160824986395
STU_017909,76.57261308378092
STU_017910,73.56401334903968
STU_017911,60.20773629036381
STU_017912,94.19461558031296
STU_017913,88.71727569801448
STU_017914,63.6183609895142
STU_017915,70.2100696993696
STU_017916,77.97890839538383
STU_017917,81.16765294254957
STU_017918,81.36218359319777
STU_017919,90.30267842720359
STU_017920,77.36140332716896
STU_017921,81.53542721501907
STU_017922,75.70198627549058
STU_017923,69.09787109444605
STU_017924,70.9636293244439
STU_017925,68.33037519188827
STU_017926,76.10011789269262
STU_017927,99.81487507345616
STU_017928,83.47574427165704
STU_017929,86.04098276873539
STU_017930,77.43474537427154
STU_017931,62.243260212194784
STU_017932,98.76713003808396
STU_017933,94.94574632524046
STU_017934,90.62494952719386
STU_017935,80.80713770593407
STU_017936,52.57904002881558
STU_017937,86.65613256319577
STU_017938,66.25976218641952
STU_017939,87.07199351107833
STU_017940,73.43964465280939
STU_017941,72.57804683016485
STU_017942,70.93620524154805
STU_017943,53.81622856113708
STU_017944,62.157838099901426
STU_017945,83.92900000660882
STU_017946,60.326193486409366
STU_017947,61.19638246012751
STU_017948,81.59877464385791
STU_017949,56.089876508729404
STU_017950,54.33487574230388
STU_017951,65.19445039045762
STU_017952,89.80802907090418
STU_017953,73.75438516940048
STU_017954,98.17294520641317
STU_017955,65.31723220130107
STU_017956,69.55041966696193
STU_017957,64.47423664707344
STU_017958,48.832547892013395
STU_017959,86.71549050060354
STU_017960,83.00590187066678
STU_017961,93.59146442094875
STU_017962,57.862745417958884
STU_017963,62.40976150650484
STU_017964,47.137682299758566
STU_017965,97.47121140715791
STU_017966,77.71381977066045
STU_017967,77.52805361398197
STU_017968,98.90724257673129
STU_017969,75.86790223556281
STU_017970,52.6319213793711
STU_017971,59.77636789240303
STU_017972,69.92349464276441
STU_017973,65.37800197484631
STU_017974,80.94780723676057
STU_017975,66.64583254232525
STU_017976,70.0210678721063
STU_017977,90.59159669829852
STU_017978,69.30124716800188
STU_017979,73.11523463045998
STU_017980,61.82702838687453
STU_017981,96.17068300424711
STU_017982,69.32139663536051
STU_017983,79.00510922833861
STU_017984,68.24852997359456
STU_017985,63.90497722249656
STU_017986,65.25920610526586
STU_017987,82.53351834299333
STU_017988,62.43051431764158
STU_017989,77.39883390165318
STU_017990,72.53727192918292
STU_017991,78.45645046625131
STU_017992,48.3202641614785
STU_017993,99.56536077643553
STU_017994,90.947785329804
STU_017995,77.18750721954773
STU_017996,59.50597912884945
STU_017997,77.3659441425922
STU_017998,84.13998649635434
STU_017999,88.56318990445254
STU_018000,96.57202615679827
STU_018001,78.25992187305106
STU_018002,53.02684837444268
STU_018003,69.23667695097564
STU_018004,75.00829814174143
STU_018005,76.47825720348503
STU_018006,70.1299349243605
STU_018007,98.58149570551475
STU_018008,90.3491658289804
STU_018009,83.39154906615337
STU_018010,80.89165800824821
STU_018011,86.10615803396387
STU_018012,68.8550790233657
STU_018013,83.83805460969948
STU_018014,72.9200120347241
STU_018015,78.23179958265011
STU_018016,81.57784577817277
STU_018017,78.19293408484918
STU_018018,99.37676987653813
STU_018019,65.14023146770634
STU_018020,78.88602682609367
STU_018021,70.85304447974488
STU_018022,94.27162272548175
STU_018023,81.5493054824437
STU_018024,46.19410548042843
STU_018025,78.03303198945247
STU_018026,71.02189197574587
STU_018027,80.99474380854517
STU_018028,99.18015235270597
STU_018029,69.04621240311981
STU_018030,90.50363973358677
STU_018031,89.3750719036424
STU_018032,69.45770883725316
STU_018033,92.0015780977649
STU_018034,75.55309437246513
STU_018035,93.53176304205694
STU_018036,76.85849008031025
STU_018037,44.08593954899378
STU_018038,65.79670329828329
STU_018039,80.95334940625688
STU_018040,75.60778661496147
STU_018041,63.80589834900668
STU_018042,66.64199686456408
STU_018043,90.2001103474968
STU_018044,76.15867735161646
STU_018045,78.72236118141421
STU_018046,83.56469285284193
STU_018047,56.53882563759012
STU_018048,97.87504541523037
STU_018049,89.25942473346588
STU_018050,86.1585060453242
STU_018051,61.422270386364495
STU_018052,66.07761362516808
STU_018053,68.39141248725825
STU_018054,43.67879690503382
STU_018055,100.0
STU_018056,38.04766148386394
STU_018057,63.77070975509105
STU_018058,92.27288350339204
STU_018059,94.90486948030356
STU_018060,65.73327364486
STU_018061,76.49618730824395
STU_018062,83.72366151394546
STU_018063,71.66442261028585
STU_018064,83.97151130359433
STU_018065,85.6331175536344
STU_018066,92.97637093088726
STU_018067,89.52400456439304
STU_018068,80.42206069246099
STU_018069,77.49888754945133
STU_018070,82.53960159554224
STU_018071,95.68495008458635
STU_018072,79.98519887154517
STU_018073,58.61884963340414
STU_018074,76.60516162727815
STU_018075,72.0824290601083
STU_018076,66.54461224466706
STU_018077,52.907695835120236
STU_018078,69.79991409222062
STU_018079,79.39285744590256
STU_018080,88.38124635086938
STU_018081,75.72548462448255
STU_018082,77.88024418351051
STU_018083,96.9495594069349
STU_018084,64.7091972352798
STU_018085,70.75231451277484
STU_018086,88.44387072546746
STU_018087,71.96087312127922
STU_018088,63.61740786917814
STU_018089,56.736189778266656
STU_018090,68.98812970284366
STU_018091,81.50623281506269
STU_018092,71.91607542669288
STU_018093,67.97407535817453
STU_018094,73.71806195677252
STU_018095,78.70113120939565
STU_018096,56.55110550033789
STU_018097,89.55989129978227
STU_018098,63.938494441262925
STU_018099,71.84645234926647
STU_018100,90.53906472632377
STU_018101,80.48671883965754
STU_018102,55.29283003634403
STU_018103,98.58864753273028
STU_018104,60.14633010840852
STU_018105,59.59868803070523
STU_018106,72.47435902029117
STU_018107,77.75396960277877
STU_018108,72.61716768233978
STU_018109,86.8861992125084
STU_018110,80.99355727506034
STU_018111,76.60225802836645
STU_018112,66.50537906095953
STU_018113,59.52451466230639
STU_018114,89.3780395240207
STU_018115,72.3449167658751
STU_018116,63.7909588284392
STU_018117,85.72202979197738
STU_018118,73.67526823336415
STU_018119,95.47454878638413
STU_018120,63.687876602095024
STU_018121,98.96928483646963
STU_018122,78.63702238255098
STU_018123,72.46287446659763
STU_018124,80.9709855099131
STU_018125,71.17759087979138
STU_018126,50.60587703884348
STU_018127,64.66473721111086
STU_018128,47.989409370855235
STU_018129,82.44897663754647
STU_018130,93.26168750681194
STU_018131,73.28842199736886
STU_018132,99.19563218265075
STU_018133,79.35870773784524
STU_018134,100.0
STU_018135,99.85908406503414
STU_018136,49.187190559153024
STU_018137,65.29822109231034
STU_018138,95.56877454908629
STU_018139,74.15112985032242
STU_018140,50.457618129597684
STU_018141,67.78394795667162
STU_018142,82.21271992150983
STU_018143,62.89091964557893
STU_018144,56.57106043013509
STU_018145,74.3124635931384
STU_018146,51.25368351477995
STU_018147,89.1325283024595
STU_018148,75.72467769938977
STU_018149,64.10924332905194
STU_018150,80.72482376400991
STU_018151,67.36229723963783
STU_018152,57.17262490331893
STU_018153,80.92620809336205
STU_018154,66.75084867147052
STU_018155,93.17379306308172
STU_018156,99.15794960654112
STU_018157,50.33959193132246
STU_018158,65.2987679208137
STU_018159,69.46617592118271
STU_018160,68.63875150255564
STU_018161,86.81071250840021
STU_018162,61.33029457610718
STU_018163,98.75499610063814
STU_018164,73.48955588293893
STU_018165,55.01493867907376
STU_018166,80.97908292013969
STU_018167,71.41946416121354
STU_018168,80.48525557396759
STU_018169,64.31750593227382
STU_018170,49.91895718531168
STU_018171,63.36964588725584
STU_018172,83.54350213554936
STU_018173,65.36043740738707
STU_018174,82.03322404591995
STU_018175,74.37247713829265
STU_018176,79.9993684064141
STU_018177,77.2975595357478
STU_018178,73.63839858408235
STU_018179,68.1638567006652
STU_018180,90.91586889328181
STU_018181,77.20199098349575
STU_018182,73.91317330460171
STU_018183,78.54253568886048
STU_018184,63.186617332319145
STU_018185,62.4949776235792
STU_018186,93.7366889397629
STU_018187,63.716394195922916
STU_018188,87.19755368004346
STU_018189,72.65484710843333
STU_018190,69.89686360865852
STU_018191,77.09782686345852
STU_018192,74.88613162371121
STU_018193,75.58569748891503
STU_018194,76.94216512387604
STU_018195,84.20696197804739
STU_018196,58.227208257362804
STU_018197,91.27374055239707
STU_018198,77.1258127221127
STU_018199,76.91007173823307
STU_018200,84.8068780550974
STU_018201,72.29589996647398
STU_018202,43.348678867714035
STU_018203,78.73409772567058
STU_018204,77.87732475360134
STU_018205,67.78006385324264
STU_018206,71.87047928987157
STU_018207,77.84856766630529
STU_018208,79.49743804026141
STU_018209,55.35799790906145
STU_018210,83.80498326723512
STU_018211,99.50895654060734
STU_018212,70.82618547185092
STU_018213,52.77280952213675
STU_018214,80.21283150298626
STU_018215,74.95485567676633
STU_018216,77.78829898127316
STU_018217,56.563893258470216
STU_018218,73.66257251352867
STU_018219,85.30516363945564
STU_018220,80.43662909390108
STU_018221,97.59445624337991
STU_018222,92.75846133383538
STU_018223,82.5650772519509
STU_018224,85.25209903742648
STU_018225,74.71695804442781
STU_018226,76.96231547538282
STU_018227,72.02678711118975
STU_018228,80.37176258496785
STU_018229,72.082507793324
STU_018230,83.94307673961818
STU_018231,76.6665378557359
STU_018232,62.251048166881475
STU_018233,64.19813215773544
STU_018234,92.87269530033409
STU_018235,81.19836494684935
STU_018236,99.75341910065394
STU_018237,55.128493245217086
STU_018238,71.0556988760331
STU_018239,86.01336276170801
STU_018240,55.46734392394943
STU_018241,92.5954285234526
STU_018242,72.4688888885648
STU_018243,80.32934163245693
STU_018244,93.856605109322
STU_018245,68.61858528181212
STU_018246,69.19133061665431
STU_018247,54.85713920645835
STU_018248,74.95602150516305
STU_018249,70.37637062019442
STU_018250,72.79379193586908
STU_018251,69.61267687812727
STU_018252,88.81159355433113
STU_018253,54.47374216792305
STU_018254,86.65565210521827
STU_018255,74.39531852696955
STU_018256,94.99079169839257
STU_018257,76.19938706379085
STU_018258,82.47004766123622
STU_018259,84.33145144774113
STU_018260,81.46970752942589
STU_018261,70.62956961346227
STU_018262,55.086544004852456
STU_018263,77.01144157616179
STU_018264,84.46392742904777
STU_018265,81.28500199422066
STU_018266,89.88660974369374
STU_018267,72.23677696360446
STU_018268,79.27668923767915
STU_018269,70.03125415412006
STU_018270,66.76194100384103
STU_018271,69.99041744015588
STU_018272,46.72214795896896
STU_018273,97.92738409244122
STU_018274,63.53382171785378
STU_018275,85.38874542979933
STU_018276,84.43162001028169
STU_018277,82.07736520432837
STU_018278,76.27045840826702
STU_018279,53.89940637692143
STU_018280,84.5226031153304
STU_018281,98.06265018725333
STU_018282,76.46852574006927
STU_018283,62.02600780184545
STU_018284,68.72008522462016
STU_018285,91.99009857869143
STU_018286,66.66101515157042
STU_018287,90.82333342859218
STU_018288,67.57323366848735
STU_018289,87.81882453087235
STU_018290,67.82720189304334
STU_018291,70.92111857499097
STU_018292,80.13635373315398
STU_018293,72.26256344518704
STU_018294,82.06024530231296
STU_018295,49.51849704739924
STU_018296,89.55393666943559
STU_018297,78.23393585460735
STU_018298,98.33354117469207
STU_018299,60.014014055241034
STU_018300,85.59269012717965
STU_018301,61.92628458833233
STU_018302,64.94653732081184
STU_018303,99.41971957882798
STU_018304,63.35948354674291
STU_018305,55.805989023436396
STU_018306,60.764267726636454
STU_018307,77.06120944630806
STU_018308,84.2671782733274
STU_018309,68.08477396058585
STU_018310,90.93650619081086
STU_018311,68.13397359538689
STU_018312,70.50174675181897
STU_018313,83.88192394600333
STU_018314,72.11542525609816
STU_018315,95.27041002880327
STU_018316,69.17208943676636
STU_018317,90.51880750435024
STU_018318,57.085396017442186
STU_018319,56.89448877742585
STU_018320,88.94652503849817
STU_018321,90.24807789946588
STU_018322,77.03319875502014
STU_018323,100.0
STU_018324,57.85940526650699
STU_018325,77.81316188101697
STU_018326,77.75015279712437
STU_018327,81.97668700653179
STU_018328,73.22506816040662
STU_018329,71.04011563140263
STU_018330,47.72732629901126
STU_018331,85.92961737551212
STU_018332,93.63562056282137
STU_018333,59.82386069471423
STU_018334,86.60878185428628
STU_018335,56.761665024566554
STU_018336,79.0972233807263
STU_018337,67.25308820970326
STU_018338,70.73676484931309
STU_018339,82.3212306432935
STU_018340,84.92054050504565
STU_018341,66.82668981089344
STU_018342,59.02702728029696
STU_018343,58.92976290452378
STU_018344,88.68904160419642
STU_018345,71.39010305412191
STU_018346,68.05915405996686
STU_018347,74.38288413208448
STU_018348,99.77910626803866
STU_018349,79.20490685543902
STU_018350,84.3775466335226
STU_018351,76.19451703879271
STU_018352,85.87446585100477
STU_018353,83.34446192279596
STU_018354,98.77518041017143
STU_018355,69.8911057326655
STU_018356,72.4331022768174
STU_018357,69.83396612911855
STU_018358,77.94803433155994
STU_018359,99.95760225545878
STU_018360,90.92585278372077
STU_018361,46.741678983953804
STU_018362,73.10487232641036
STU_018363,47.817409009624036
STU_018364,91.16034656660536
STU_018365,94.58232548687113
STU_018366,61.33263907446842
STU_018367,85.49566815669183
STU_018368,63.74442348972521
STU_018369,81.08596158478359
STU_018370,58.8894432340029
STU_018371,90.26143652445003
STU_018372,84.61483633987378
STU_018373,60.642630596302894
STU_018374,73.99022216954535
STU_018375,68.32716758181718
STU_018376,82.35274619366282
STU_018377,91.12258210269925
STU_018378,93.35358273662622
STU_018379,53.89389074913049
STU_018380,84.35325559653353
STU_018381,74.59467863740579
STU_018382,92.3942483965114
STU_018383,88.15981721948543
STU_018384,65.48788196728118
STU_018385,97.02296692688896
STU_018386,74.7801282378447
STU_018387,83.61816124666998
STU_018388,94.37874742691892
STU_018389,62.14476881478174
STU_018390,52.22657220167662
STU_018391,72.1366507080275
STU_018392,100.0
STU_018393,74.63349682471886
STU_018394,80.27937399574814
STU_018395,74.67240045558763
STU_018396,62.052836217952304
STU_018397,71.98424942280178
STU_018398,86.84096379901395
STU_018399,100.0
STU_018400,70.06275547020458
STU_018401,85.47866367006546
STU_018402,76.20693733135329
STU_018403,91.81781202073384
STU_018404,87.57994537803229
STU_018405,86.52641578640288
STU_018406,66.96497719589732
STU_018407,99.48172157103724
STU_018408,86.43196100742551
STU_018409,60.62371334446881
STU_018410,92.86613627843016
STU_018411,72.62193110569271
STU_018412,73.87566724204405
STU_018413,94.44442183054798
STU_018414,99.85761593743082
STU_018415,73.46515317907112
STU_018416,85.34752810144747
STU_018417,60.145657394564324
STU_018418,93.66218060711665
STU_018419,77.1230833906891
STU_018420,85.13395247975163
STU_018421,93.90658862140614
STU_018422,92.15525651742433
STU_018423,84.14717608299888
STU_018424,59.78911372366977
STU_018425,95.13670759512149
STU_018426,80.97706148675134
STU_018427,84.07186673478584
STU_018428,72.98005135835798
STU_018429,94.1158761617998
STU_018430,63.13187693739641
STU_018431,80.87104274605613
STU_018432,96.52925785529827
STU_018433,70.69573688895048
STU_018434,77.50013040302969
STU_018435,68.37258272236906
STU_018436,73.84511919138495
STU_018437,86.86462962301995
STU_018438,62.622324192835606
STU_018439,99.80345039960147
STU_018440,77.95933888698625
STU_018441,72.51378071676818
STU_018442,74.53026987644414
STU_018443,60.49901545098734
STU_018444,68.62834597030941
STU_018445,93.11710907184678
STU_018446,80.0250677904817
STU_018447,93.62840996802944
STU_018448,67.85896306946378
STU_018449,97.8848800580838
STU_018450,73.09290999488499
STU_018451,68.64489634962085
STU_018452,59.8009104965827
STU_018453,68.36136882211528
STU_018454,55.59839245567432
STU_018455,50.657044146132165
STU_018456,72.67559658607888
STU_018457,58.462333035274625
STU_018458,74.86535463429115
STU_018459,57.868844519314685
STU_018460,68.68003178468351
STU_018461,92.41747261872047
STU_018462,54.28054397535562
STU_018463,79.44522130176547
STU_018464,65.20424442906146
STU_018465,84.17742774741666
STU_018466,63.56376420620451
STU_018467,85.54866971920852
STU_018468,73.57523554323095
STU_018469,78.50587350270905
STU_018470,90.29034494873976
STU_018471,88.84767409350954
STU_018472,60.212674711007466
STU_018473,80.28106711260915
STU_018474,86.14812579720105
STU_018475,75.63687055759213
STU_018476,77.3728231080009
STU_018477,46.369897323138545
STU_018478,100.0
STU_018479,90.46890374160897
STU_018480,85.02349976581026
STU_018481,67.57680619802342
STU_018482,64.53457051401072
STU_018483,90.10300029798685
STU_018484,89.07002986961524
STU_018485,67.31489699274181
STU_018486,75.51789789076955
STU_018487,58.51509738883476
STU_018488,77.65036906396625
STU_018489,57.14516275973204
STU_018490,71.7028784705558
STU_018491,86.33728387087194
STU_018492,74.25644530285504
STU_018493,85.85280718998756
STU_018494,78.73784563221932
STU_018495,84.51871155017172
STU_018496,67.29796828533154
STU_018497,90.48516266847591
STU_018498,72.85352076459696
STU_018499,67.90844604976175
STU_018500,78.66961657749786
STU_018501,100.0
STU_018502,68.27416395453184
STU_018503,46.534031657333685
STU_018504,99.89508598180686
STU_018505,71.54248082656298
STU_018506,80.2174226715778
STU_018507,72.04135259781015
STU_018508,81.22683798569045
STU_018509,57.669106713972496
STU_018510,86.46497929835203
STU_018511,76.17360502270776
STU_018512,85.74271393942381
STU_018513,80.27157817606856
STU_018514,60.51312820305035
STU_018515,64.20675473239983
STU_018516,59.739410317524005
STU_018517,84.86701368297868
STU_018518,58.754635578229724
STU_018519,55.02257993630407
STU_018520,90.17129480723116
STU_018521,76.67045315263678
STU_018522,81.72226929380915
STU_018523,83.43181094955378
STU_018524,92.94283466411079
STU_018525,72.53220075971903
STU_018526,60.70324794329917
STU_018527,88.14667614130198
STU_018528,85.18077423997197
STU_018529,72.33674995252638
STU_018530,74.97432315772562
STU_018531,85.45231079444778
STU_018532,66.44871280742275
STU_018533,67.99930661676021
STU_018534,61.91958228121342
STU_018535,92.60388912383684
STU_018536,100.0
STU_018537,81.96940106379476
STU_018538,73.32975302638782
STU_018539,57.50160176237213
STU_018540,78.76949261427532
STU_018541,67.7571972898327
STU_018542,94.73304060721877
STU_018543,71.61794184320192
STU_018544,75.76210139020367
STU_018545,70.15614012424552
STU_018546,95.58259305640019
STU_018547,73.64293594254684
STU_018548,91.88054544948042
STU_018549,87.27456029035888
STU_018550,79.88142184153368
STU_018551,72.45895706197726
STU_018552,62.473969783341644
STU_018553,63.36720484475018
STU_018554,62.900775960402356
STU_018555,59.86910628824925
STU_018556,80.5069389128788
STU_018557,62.531193473530614
STU_018558,65.45560479199649
STU_018559,67.52501237938978
STU_018560,77.72204215683969
STU_018561,78.45375208637282
STU_018562,79.25715612612946
STU_018563,76.07185567595371
STU_018564,80.61535786549713
STU_018565,64.72194950178432
STU_018566,66.60222124851438
STU_018567,92.60374081326341
STU_018568,82.79155818921943
STU_018569,82.599651350209
STU_018570,72.09615190274891
STU_018571,88.59653123907086
STU_018572,61.676374001307806
STU_018573,85.77765085918809
STU_018574,76.1875474342175
STU_018575,71.98728145988751
STU_018576,75.41072713182496
STU_018577,67.64902748287994
STU_018578,79.3100004666017
STU_018579,53.00235833544718
STU_018580,99.41653715574515
STU_018581,70.32206801200799
STU_018582,79.74410033337509
STU_018583,93.41774026883694
STU_018584,83.34944985858694
STU_018585,69.02129311331872
STU_018586,92.7878025248317
STU_018587,92.67825174759864
STU_018588,52.44658918901241
STU_018589,83.44865708704894
STU_018590,72.3857523659326
STU_018591,88.76215957612732
STU_018592,43.03120457295372
STU_018593,82.84908036992167
STU_018594,64.01164186885816
STU_018595,74.03508818934029
STU_018596,63.38141211809811
STU_018597,74.03705493188184
STU_018598,63.96884218940569
STU_018599,58.61053504011137
STU_018600,84.43319017860864
STU_018601,67.50605143836445
STU_018602,70.0470362768219
STU_018603,69.74706099151348
STU_018604,72.52211674719243
STU_018605,44.93687353376765
STU_018606,69.87657869532977
STU_018607,90.26891869846013
STU_018608,93.42806994702326
STU_018609,85.76540569472579
STU_018610,100.0
STU_018611,66.5287172578914
STU_018612,72.95736052197499
STU_018613,80.64010777155302
STU_018614,74.17376294199605
STU_018615,53.51461351647873
STU_018616,86.1328940081507
STU_018617,71.66363157445171
STU_018618,63.2873186297947
STU_018619,71.73076902775378
STU_018620,92.75573260074027
STU_018621,58.46434571216196
STU_018622,78.74166082713825
STU_018623,71.73295979694649
STU_018624,77.9446422641245
STU_018625,82.59811694627551
STU_018626,69.86812768728838
STU_018627,69.24018254051481
STU_018628,61.62824095894818
STU_018629,70.53898645070456
STU_018630,61.183169026313955
STU_018631,89.30439519710916
STU_018632,92.12914290255657
STU_018633,68.47807094584755
STU_018634,64.58010480827569
STU_018635,69.36610164505241
STU_018636,83.91037931574222
STU_018637,69.89745342820916
STU_018638,98.80022157785984
STU_018639,91.13189143449932
STU_018640,73.22308309808642
STU_018641,54.86679806568358
STU_018642,80.4732572520734
STU_018643,65.10204302080518
STU_018644,64.80300075161628
STU_018645,94.73346113177851
STU_018646,65.61552348765017
STU_018647,99.48881493110717
STU_018648,54.20079003396077
STU_018649,57.66380228923295
STU_018650,74.19261827491333
STU_018651,65.13061491646505
STU_018652,86.8109998131928
STU_018653,77.08739476226077
STU_018654,80.8849403312821
STU_018655,69.41777138927017
STU_018656,68.41721280344734
STU_018657,86.30542396333853
STU_018658,79.70136449222964
STU_018659,79.82797086199525
STU_018660,75.34798885668724
STU_018661,55.288911880614336
STU_018662,66.57502483828911
STU_018663,75.98559653064093
STU_018664,46.695916133959365
STU_018665,67.97724067330557
STU_018666,63.92456127593533
STU_018667,70.78253103207828
STU_018668,48.703853116796736
STU_018669,74.20057977729245
STU_018670,73.39714724697973
STU_018671,61.050281752776826
STU_018672,78.4879782596742
STU_018673,61.13666272229104
STU_018674,65.17090609269039
STU_018675,75.11200190646011
STU_018676,67.14405861841252
STU_018677,67.81702760516798
STU_018678,88.35023783514788
STU_018679,87.59481588954176
STU_018680,60.58600770790423
STU_018681,81.28714299921509
STU_018682,92.13360515235786
STU_018683,76.11540162077551
STU_018684,86.71148382253021
STU_018685,71.32523873290313
STU_018686,84.12623084656221
STU_018687,74.04362771322424
STU_018688,67.67081459393592
STU_018689,85.67850871229089
STU_018690,72.21576095984221
STU_018691,66.59888229855676
STU_018692,74.24260768439956
STU_018693,70.89092522192882
STU_018694,87.89384311524105
STU_018695,79.50157566356646
STU_018696,67.74075496132272
STU_018697,80.60587825746539
STU_018698,89.94184527199084
STU_018699,63.95875916881322
STU_018700,100.0
STU_018701,70.53043315402111
STU_018702,83.59803806147076
STU_018703,72.83457769485882
STU_018704,89.11363492170592
STU_018705,74.52304405308286
STU_018706,90.95931154558355
STU_018707,63.619147164823524
STU_018708,69.56802134648407
STU_018709,97.2792118227811
STU_018710,79.70317374429158
STU_018711,58.69414451956769
STU_018712,92.82878416349939
STU_018713,68.39893094230452
STU_018714,75.98262616316345
STU_018715,99.27110343401812
STU_018716,66.54752796936258
STU_018717,73.27935594162673
STU_018718,62.68298368691589
STU_018719,80.98178972518085
STU_018720,71.8683853799563
STU_018721,91.56726434265745
STU_018722,55.13219377223433
STU_018723,58.113094233240375
STU_018724,67.63801921641091
STU_018725,80.11259283963098
STU_018726,72.89499699394928
STU_018727,86.00508459291635
STU_018728,76.31487160206613
STU_018729,91.04775838289783
STU_018730,83.86728347719213
STU_018731,65.9198058027694
STU_018732,74.28008290910647
STU_018733,89.22027440979446
STU_018734,75.58428408084646
STU_018735,76.56920750106686
STU_018736,64.12104865507811
STU_018737,74.90217663671771
STU_018738,73.17567213718574
STU_018739,78.05561451219121
STU_018740,69.2896981951545
STU_018741,51.192212846366964
STU_018742,97.14928617827259
STU_018743,62.28242924112837
STU_018744,100.0
STU_018745,77.7741529439459
STU_018746,65.39892642589803
STU_018747,88.34512745277232
STU_018748,55.14474627170472
STU_018749,56.86056399060304
STU_018750,84.32561339093716
STU_018751,88.74402584900682
STU_018752,57.03659069875043
STU_018753,62.09901519495574
STU_018754,94.56790684427075
STU_018755,90.31574109904743
STU_018756,68.18123281176108
STU_018757,87.96124842246579
STU_018758,89.06878270567407
STU_018759,94.38717924385956
STU_018760,70.22003934065131
STU_018761,71.79661974785292
STU_018762,76.50014111504447
STU_018763,64.25848569776858
STU_018764,79.11481513924114
STU_018765,78.07205914780447
STU_018766,63.8954444095865
STU_018767,86.33329132859193
STU_018768,72.44690590655055
STU_018769,51.32966543055191
STU_018770,86.92479347828349
STU_018771,68.50522005770685
STU_018772,91.14608019112951
STU_018773,78.28986530639958
STU_018774,62.511732885642104
STU_018775,80.73635050469193
STU_018776,82.42873885363176
STU_018777,55.290653741181956
STU_018778,98.1991140917394
STU_018779,89.96293179799602
STU_018780,60.987398095344936
STU_018781,93.73331236825783
STU_018782,97.10782942684936
STU_018783,81.04683513144931
STU_018784,77.27787254248297
STU_018785,85.13263018396712
STU_018786,74.73799428760816
STU_018787,54.790444632779774
STU_018788,66.74651771015196
STU_018789,73.25064625072636
STU_018790,89.00518802334099
STU_018791,74.67138718331172
STU_018792,60.576200872113034
STU_018793,65.01126178066838
STU_018794,63.87737032678524
STU_018795,96.7494208370223
STU_018796,57.75118512545244
STU_018797,64.3415073648309
STU_018798,64.8497144562037
STU_018799,81.75985610885132
STU_018800,87.06976413391948
STU_018801,83.41603446582727
STU_018802,67.02137995005995
STU_018803,66.33845290125983
STU_018804,58.08641362097937
STU_018805,66.3400400582764
STU_018806,83.04611759681033
STU_018807,76.75171269853104
STU_018808,64.22444713863229
STU_018809,85.4914639829828
STU_018810,79.4550638451085
STU_018811,53.82496761035115
STU_018812,81.5397405773748
STU_018813,71.46384963845492
STU_018814,47.184673291630766
STU_018815,84.68405967342407
STU_018816,65.0879737900948
STU_018817,70.0950698833404
STU_018818,85.69026938664442
STU_018819,70.45122533347617
STU_018820,89.47945401613748
STU_018821,81.09799697816977
STU_018822,75.6155114593053
STU_018823,97.57562958051479
STU_018824,66.06913557931618
STU_018825,77.3646358499954
STU_018826,69.97175709908043
STU_018827,75.17877912350781
STU_018828,66.38499303948169
STU_018829,58.15286631348115
STU_018830,85.92710051092675
STU_018831,91.02136130579
STU_018832,81.8561333070117
STU_018833,61.96654151945424
STU_018834,54.88307769936607
STU_018835,64.24465677609106
STU_018836,84.35880271522052
STU_018837,74.1102094500973
STU_018838,63.29975457374789
STU_018839,86.20860969210857
STU_018840,84.39874838935364
STU_018841,87.06780472247375
STU_018842,74.4066074981935
STU_018843,78.0672681875772
STU_018844,71.17343773478652
STU_018845,82.64675287005988
STU_018846,99.43149310519492
STU_018847,99.65096394829105
STU_018848,79.25359942230678
STU_018849,70.75383120881087
STU_018850,72.12241285537858
STU_018851,62.302322813534644
STU_018852,53.83043171555284
STU_018853,65.59316803620045
STU_018854,73.98756172915435
STU_018855,78.81267144721585
STU_018856,63.470666862242496
STU_018857,86.70902702244292
STU_018858,81.59881703564679
STU_018859,95.35242919672774
STU_018860,71.26257481244325
STU_018861,78.90275660302588
STU_018862,95.49841151568013
STU_018863,67.92713266910155
STU_018864,63.077272369842674
STU_018865,76.61031146978729
STU_018866,75.66565453530804
STU_018867,67.07416536134993
STU_018868,79.47358946288709
STU_018869,75.68308873575025
STU_018870,85.86724008469334
STU_018871,95.99554259489004
STU_018872,80.84700453757708
STU_018873,73.27185074681168
STU_018874,88.0473771664499
STU_018875,99.43754019261344
STU_018876,68.46074056233874
STU_018877,60.23841203847152
STU_018878,92.93978111262494
STU_018879,84.24425872762593
STU_018880,78.3850287664491
STU_018881,63.99924443764149
STU_018882,73.18026111227569
STU_018883,73.12865876718206
STU_018884,87.66214624156909
STU_018885,56.91391467888111
STU_018886,89.90115121351846
STU_018887,67.94145781065463
STU_018888,90.0921322879254
STU_018889,61.951828931473266
STU_018890,47.09335937278996
STU_018891,72.97216736769765
STU_018892,80.85323709565783
STU_018893,83.52123054894282
STU_018894,98.30940746560545
STU_018895,77.41037561099849
STU_018896,87.13993396123553
STU_018897,70.42764606844395
STU_018898,65.9077748511541
STU_018899,68.47108556921175
STU_018900,72.65300743330312
STU_018901,83.56310761689598
STU_018902,94.11171133815502
STU_018903,86.7763264847911
STU_018904,77.2767532380222
STU_018905,64.82210719640847
STU_018906,79.60428415675791
STU_018907,72.26395707452554
STU_018908,69.31298155483069
STU_018909,78.194410606992
STU_018910,68.26706395230457
STU_018911,56.800206723397324
STU_018912,84.81828397787547
STU_018913,67.61989522954133
STU_018914,70.07277335948756
STU_018915,79.74204084649759
STU_018916,57.60832431899844
STU_018917,83.18370868060774
STU_018918,89.35282326784613
STU_018919,77.0982535939179
STU_018920,56.57534424118745
STU_018921,69.58880160865715
STU_018922,64.38921028864263
STU_018923,98.23649438827361
STU_018924,65.1621261721578
STU_018925,74.71428394487718
STU_018926,81.4367499794509
STU_018927,74.49064456856169
STU_018928,70.77342461188296
STU_018929,70.71432974030421
STU_018930,59.348208519153104
STU_018931,61.014973183111024
STU_018932,48.9595775222156
STU_018933,72.5534228304627
STU_018934,78.9741684898454
STU_018935,67.62976973634895
STU_018936,71.19458674054155
STU_018937,87.32152101401056
STU_018938,87.07398835102737
STU_018939,67.48961110486181
STU_018940,84.31098470679947
STU_018941,88.91799054771961
STU_018942,56.81211743259473
STU_018943,77.18984300442418
STU_018944,75.4271676283482
STU_018945,81.34631574673396
STU_018946,84.41746356098571
STU_018947,70.17660403447542
STU_018948,67.11141834608708
STU_018949,73.87528670424706
STU_018950,81.80177765832104
STU_018951,66.94958013105145
STU_018952,62.55442692425898
STU_018953,70.7638790501048
STU_018954,80.27290183693638
STU_018955,75.17603025715604
STU_018956,61.05487556588292
STU_018957,75.13471211554858
STU_018958,85.4410760700286
STU_018959,81.11423057210402
STU_018960,75.04763368252172
STU_018961,71.07375711112998
STU_018962,80.03220724102974
STU_018963,89.80520522044179
STU_018964,70.43521690910148
STU_018965,89.12486629245693
STU_018966,93.12677877443842
STU_018967,93.95662990039662
STU_018968,73.71889651503992
STU_018969,80.23440080270893
STU_018970,89.11269482819111
STU_018971,60.06407279382795
STU_018972,79.518412314757
STU_018973,89.26915920640093
STU_018974,60.65304693478667
STU_018975,86.57235731390188
STU_018976,74.84362044816052
STU_018977,91.60994994852109
STU_018978,82.0763789008908
STU_018979,61.10583748542151
STU_018980,78.51163022209577
STU_018981,55.29125171883372
STU_018982,81.53985880058666
STU_018983,75.40270924272212
STU_018984,73.59254414551799
STU_018985,71.06125390388281
STU_018986,80.04803267430347
STU_018987,82.44322880646419
STU_018988,71.69192900945083
STU_018989,82.62488447322004
STU_018990,83.03273028434687
STU_018991,65.49828321005788
STU_018992,81.96796700976515
STU_018993,80.4472743695045
STU_018994,85.94679372416469
STU_018995,94.80742593158105
STU_018996,61.98217057375014
STU_018997,73.16928229567544
STU_018998,79.52531487012708
STU_018999,90.04992870053816
STU_019000,74.25246229518669
STU_019001,59.7669223122443
STU_019002,74.64244810004752
STU_019003,92.93800932473462
STU_019004,78.08142403666501
STU_019005,95.7843221644506
STU_019006,92.15967812879327
STU_019007,100.0
STU_019008,79.23025322651343
STU_019009,100.0
STU_019010,45.38411497061822
STU_019011,79.44324272437419
STU_019012,74.25623483032403
STU_019013,58.08395067942505
STU_019014,100.0
STU_019015,52.36914669501129
STU_019016,63.83682306928689
STU_019017,96.28989199223889
STU_019018,71.47789128983382
STU_019019,73.11379603062836
STU_019020,97.23097876962719
STU_019021,45.03528958517927
STU_019022,75.2378550886022
STU_019023,87.97745409886281
STU_019024,76.0347126336764
STU_019025,96.24352416745127
STU_019026,99.5016049575569
STU_019027,76.56188980044766
STU_019028,59.14467128837186
STU_019029,61.63786254627261
STU_019030,71.68788251069098
STU_019031,84.35937462989915
STU_019032,83.61059595041685
STU_019033,78.26913495212813
STU_019034,66.23257063579707
STU_019035,82.92674694066378
STU_019036,95.37775854024301
STU_019037,83.68440040841612
STU_019038,64.92511657472193
STU_019039,81.44421998008139
STU_019040,73.84485178381613
STU_019041,80.65398706398926
STU_019042,82.53366130921998
STU_019043,87.18698433076541
STU_019044,83.31333924678349
STU_019045,75.3992514437555
STU_019046,62.40199176636352
STU_019047,49.5239826081374
STU_019048,88.20879366504016
STU_019049,55.87268844375323
STU_019050,87.3071293932291
STU_019051,63.72535573045214
STU_019052,71.76002026078909
STU_019053,74.44579911551848
STU_019054,70.16652189434626
STU_019055,49.5682505414883
STU_019056,83.21313192286833
STU_019057,81.84648718717675
STU_019058,80.7512268995635
STU_019059,49.116414172096796
STU_019060,69.22802572392412
STU_019061,51.33602034044869
STU_019062,89.12688890549555
STU_019063,72.24040046377286
STU_019064,63.85492997737954
STU_019065,96.26588867510756
STU_019066,60.00438332865643
STU_019067,79.58865625633908
STU_019068,65.45499043389111
STU_019069,60.29795159020152
STU_019070,73.67673179510453
STU_019071,69.45035883168528
STU_019072,100.0
STU_019073,62.85548930491682
STU_019074,67.9473938684843
STU_019075,63.05858365861381
STU_019076,60.05349896015852
STU_019077,96.03498112074674
STU_019078,95.97746046033168
STU_019079,89.44453239458086
STU_019080,57.82435136223497
STU_019081,83.75273325733336
STU_019082,85.4205892336096
STU_019083,60.665720073877246
STU_019084,56.07720217450159
STU_019085,59.470354758270396
STU_019086,50.521325753107035
STU_019087,74.99973028505315
STU_019088,75.71952502032899
STU_019089,86.06811069787487
STU_019090,91.77436994651136
STU_019091,83.67967350252447
STU_019092,87.82825380699722
STU_019093,74.30381235269803
STU_019094,82.84806074224403
STU_019095,77.34258901945093
STU_019096,80.02490944811375
STU_019097,83.66011417028062
STU_019098,55.60576847760024
STU_019099,66.05130035449832
STU_019100,71.74708838030813
STU_019101,61.793822854431156
STU_019102,76.27925665641695
STU_019103,85.58069689624722
STU_019104,63.82049383966499
STU_019105,64.26048095225826
STU_019106,62.04326174376551
STU_019107,91.36372584253374
STU_019108,71.02023970199954
STU_019109,99.19706981941339
STU_019110,96.26982868433794
STU_019111,74.02068435336926
STU_019112,99.79595066226064
STU_019113,83.59897971062367
STU_019114,98.20729357459633
STU_019115,84.53671473844743
STU_019116,87.18610833866809
STU_019117,62.728786637444955
STU_019118,78.11457047863406
STU_019119,72.26645211896627
STU_019120,63.358392345982026
STU_019121,93.13849076939661
STU_019122,80.9125767035117
STU_019123,66.59946521361906
STU_019124,96.02402672013741
STU_019125,72.59766318832177
STU_019126,72.15959277684436
STU_019127,70.3841810510061
STU_019128,86.6580540450288
STU_019129,60.08740825975085
STU_019130,60.17969732256424
STU_019131,81.73747054675331
STU_019132,87.82550772646088
STU_019133,56.01693681637654
STU_019134,65.79129905844502
STU_019135,98.25132625858636
STU_019136,92.63682331334206
STU_019137,60.325107830582155
STU_019138,87.75377096833438
STU_019139,90.67504764702231
STU_019140,83.79743740572164
STU_019141,94.22642090600088
STU_019142,82.61802168168882
STU_019143,77.98659651386099
STU_019144,76.13798886633847
STU_019145,70.73889109688615
STU_019146,90.36303516174873
STU_019147,71.73168994949306
STU_019148,98.29667574231114
STU_019149,78.13477142853097
STU_019150,78.63520827410302
STU_019151,95.77212834907364
STU_019152,47.21885803675349
STU_019153,67.04283211549722
STU_019154,88.9775898798899
STU_019155,100.0
STU_019156,79.11057050030293
STU_019157,90.86171742859074
STU_019158,52.61348080480079
STU_019159,68.94230419466908
STU_019160,61.1847203287063
STU_019161,58.485943287262494
STU_019162,60.86884997634634
STU_019163,71.50801589990283
STU_019164,72.55328095261319
STU_019165,74.20360344680299
STU_019166,91.7434366173807
STU_019167,91.11558073177271
STU_019168,84.58812996590405
STU_019169,73.19514152111122
STU_019170,83.91205303128908
STU_019171,71.1538296303218
STU_019172,81.07858217480421
STU_019173,83.3569061375932
STU_019174,59.16714294291858
STU_019175,74.56498497513672
STU_019176,75.5268789078157
STU_019177,97.11583643489298
STU_019178,35.17640748194212
STU_019179,74.61816700417621
STU_019180,77.07878963091913
STU_019181,96.15146984070053
STU_019182,57.81317761088209
STU_019183,95.49213185038238
STU_019184,84.7075967389685
STU_019185,91.27186891275923
STU_019186,98.08042838739337
STU_019187,72.05988715310843
STU_019188,98.53065994672896
STU_019189,87.57610850519627
STU_019190,73.93881937341496
STU_019191,65.38702330816014
STU_019192,98.05703164263218
STU_019193,67.53988462516145
STU_019194,75.05660929047897
STU_019195,83.6346929945466
STU_019196,84.45919326446014
STU_019197,90.88163437744596
STU_019198,70.53063328303416
STU_019199,100.0
STU_019200,65.97463928064259
STU_019201,89.58069143548116
STU_019202,79.84956034984852
STU_019203,56.48357975646399
STU_019204,61.238484692626436
STU_019205,80.76153343303588
STU_019206,49.37929834469003
STU_019207,68.54484879508138
STU_019208,71.6194523607298
STU_019209,72.2782516268457
STU_019210,63.07262710428171
STU_019211,65.7094570760318
STU_019212,71.42552750622718
STU_019213,66.8278626433717
STU_019214,74.65376845538073
STU_019215,98.92464397286811
STU_019216,65.51395758273021
STU_019217,72.20996038472484
STU_019218,50.42376700217563
STU_019219,82.65849910485687
STU_019220,72.5534034391473
STU_019221,62.42564187016356
STU_019222,82.2491519792514
STU_019223,76.52856137740422
STU_019224,93.0050984538475
STU_019225,54.482154388388224
STU_019226,56.90926927104998
STU_019227,64.12869360970556
STU_019228,61.21048045965196
STU_019229,74.03345532284995
STU_019230,65.78448559123734
STU_019231,84.98336510700277
STU_019232,91.23700519717637
STU_019233,59.23803057889843
STU_019234,66.03178184894536
STU_019235,79.28104087964383
STU_019236,78.59964697141635
STU_019237,72.69709073928772
STU_019238,73.88376996634489
STU_019239,88.43398282902676
STU_019240,80.33697844915808
STU_019241,97.38879578189517
STU_019242,66.47120450127288
STU_019243,87.27724589634832
STU_019244,75.46503351619802
STU_019245,53.279260116241005
STU_019246,59.03122301472802
STU_019247,93.85070779312854
STU_019248,83.25705643327647
STU_019249,96.77536296167452
STU_019250,61.425731553657315
STU_019251,94.77784900951355
STU_019252,71.63289211395082
STU_019253,62.080607723841254
STU_019254,50.03428443738085
STU_019255,65.7993596629602
STU_019256,93.70906828162317
STU_019257,62.27849594875071
STU_019258,52.27869284990877
STU_019259,72.65377803840082
STU_019260,83.9143499561776
STU_019261,69.26756593245405
STU_019262,85.39177668101271
STU_019263,72.51304639771226
STU_019264,72.478168379336
STU_019265,88.33744193568727
STU_019266,84.89565653169508
STU_019267,53.3251237044307
STU_019268,68.54373153436524
STU_019269,81.6698663123041
STU_019270,85.47039504825703
STU_019271,52.51370803042451
STU_019272,66.91661259237142
STU_019273,96.64580843013471
STU_019274,99.86688350099965
STU_019275,99.3160625087384
STU_019276,57.94669695238253
STU_019277,98.84842421356456
STU_019278,85.75679244524564
STU_019279,74.35484695816656
STU_019280,60.58661398323996
STU_019281,88.20468162322479
STU_019282,60.296611762428995
STU_019283,99.59311773386531
STU_019284,81.77252200676357
STU_019285,74.64094376569413
STU_019286,93.76083648276274
STU_019287,76.93997028496763
STU_019288,66.41213561657362
STU_019289,89.69527454618088
STU_019290,80.68372184653944
STU_019291,75.25654625699033
STU_019292,79.98343891668407
STU_019293,64.42704370940541
STU_019294,72.64679017150841
STU_019295,60.67927644778189
STU_019296,66.48631852017859
STU_019297,80.22766173910101
STU_019298,89.54781972499066
STU_019299,88.9013803932873
STU_019300,80.95822953187735
STU_019301,69.2834421861202
STU_019302,84.8835494032618
STU_019303,67.26213090692679
STU_019304,92.44187354097552
STU_019305,71.68508989677301
STU_019306,54.86331044028439
STU_019307,63.56983946821774
STU_019308,49.77629652135363
STU_019309,71.18868821255944
STU_019310,90.73179520266537
STU_019311,88.65038336677233
STU_019312,68.26064615664916
STU_019313,83.71357006635144
STU_019314,86.71534654698534
STU_019315,73.9124559613788
STU_019316,92.92898937340756
STU_019317,74.27949863608794
STU_019318,81.818216023459
STU_019319,86.77632589308364
STU_019320,99.55976655290607
STU_019321,71.98647013352829
STU_019322,88.42203905437049
STU_019323,70.17852778579923
STU_019324,88.4614130616873
STU_019325,74.63852397301973
STU_019326,96.200004481112
STU_019327,94.98367619918729
STU_019328,95.14893123220486
STU_019329,90.22507085507328
STU_019330,76.94120577073593
STU_019331,71.73616627311053
STU_019332,71.40243430179903
STU_019333,86.38396575731909
STU_019334,60.20752977822345
STU_019335,65.4331182535376
STU_019336,67.93984772044467
STU_019337,97.3171443041931
STU_019338,64.61420331451829
STU_019339,89.01094676368344
STU_019340,99.5875707890784
STU_019341,74.95611910708807
STU_019342,61.277313073407754
STU_019343,73.45704334814835
STU_019344,64.0822541574988
STU_019345,69.21042400085238
STU_019346,73.45497790298624
STU_019347,51.04311776829723
STU_019348,93.61325368454229
STU_019349,80.04589184125341
STU_019350,57.13659272919321
STU_019351,92.81478759614849
STU_019352,81.74913662845822
STU_019353,82.36537383902241
STU_019354,68.91497147359635
STU_019355,77.36781940634432
STU_019356,55.58363511299467
STU_019357,61.402387325732626
STU_019358,79.24231199788412
STU_019359,85.79519463040428
STU_019360,61.359743455685305
STU_019361,88.52306425268334
STU_019362,61.261099712958924
STU_019363,68.53133853902858
STU_019364,73.83639551945947
STU_019365,87.27267520053611
STU_019366,97.23942537561774
STU_019367,99.93794228160903
STU_019368,74.82055158078309
STU_019369,79.0656724740238
STU_019370,72.82104221431118
STU_019371,82.15826056216075
STU_019372,69.80669680432706
STU_019373,61.81584409257135
STU_019374,66.87616580059932
STU_019375,80.25640011743951
STU_019376,96.17754597222685
STU_019377,93.24502910283162
STU_019378,69.47868052923901
STU_019379,55.77814405029521
STU_019380,89.77474788802618
STU_019381,66.60107910235493
STU_019382,66.98124525549193
STU_019383,83.6301589518551
STU_019384,65.48304060268626
STU_019385,84.9421620165639
STU_019386,67.8867555723734
STU_019387,56.89046117143832
STU_019388,65.27504958110853
STU_019389,99.30876575009758
STU_019390,42.0514244429814
STU_019391,76.36425723202998
STU_019392,77.88987752390612
STU_019393,74.56074229164317
STU_019394,70.64467061529018
STU_019395,78.72423647023885
STU_019396,98.47681747772945
STU_019397,71.68322374390523
STU_019398,57.16353176529552
STU_019399,57.91885415858947
STU_019400,95.42877914524534
STU_019401,67.11420327907877
STU_019402,65.59310953143422
STU_019403,89.1152641953611
STU_019404,86.23940377202979
STU_019405,79.65038180882982
STU_019406,78.37578153582777
STU_019407,64.16230105214463
STU_019408,81.03656317588798
STU_019409,72.56926912402312
STU_019410,69.43343748737333
STU_019411,86.76956351659294
STU_019412,58.8327759699405
STU_019413,71.8318324130355
STU_019414,70.37578934336264
STU_019415,82.66130514679953
STU_019416,82.33986777969474
STU_019417,93.400472557263
STU_019418,93.63762935012345
STU_019419,71.8909657559028
STU_019420,73.07349063592068
STU_019421,87.26164051251494
STU_019422,78.95761571217764
STU_019423,71.8820031956657
STU_019424,95.21051794026582
STU_019425,60.438816093000995
STU_019426,80.34638256918241
STU_019427,85.83526150269654
STU_019428,92.32754303682574
STU_019429,70.64751525684709
STU_019430,80.7296138978545
STU_019431,51.74269119058245
STU_019432,76.30237865632822
STU_019433,61.74243870164058
STU_019434,53.37106738768501
STU_019435,98.00596471524595
STU_019436,59.594363048946974
STU_019437,97.08780782122523
STU_019438,81.02367335672392
STU_019439,57.37747136526558
STU_019440,70.53107874783215
STU_019441,84.60564295017579
STU_019442,75.49613090512096
STU_019443,58.58639045560014
STU_019444,96.4273963677924
STU_019445,88.56516077686275
STU_019446,50.09092244043978
STU_019447,75.88668782258817
STU_019448,69.08536287166334
STU_019449,63.27148100141666
STU_019450,69.08838029361131
STU_019451,65.40312152212091
STU_019452,83.88244923823126
STU_019453,80.63964945809609
STU_019454,71.25072113055568
STU_019455,69.87812459045584
STU_019456,70.07872708231183
STU_019457,71.24278980345845
STU_019458,69.91929452812137
STU_019459,61.54967713006525
STU_019460,89.0778054525349
STU_019461,94.02462221289673
STU_019462,99.82309796311768
STU_019463,65.3747407163663
STU_019464,74.36639624848127
STU_019465,66.33813498013559
STU_019466,69.15747066079682
STU_019467,71.83554711177045
STU_019468,85.6197942348179
STU_019469,70.98550869921544
STU_019470,90.27020468894544
STU_019471,97.13267388029965
STU_019472,86.75602548505012
STU_019473,90.23895871809707
STU_019474,64.94627141155735
STU_019475,60.7435751010697
STU_019476,93.48055893731333
STU_019477,63.38593193103142
STU_019478,69.27194670342156
STU_019479,70.74584804552048
STU_019480,91.03811262073913
STU_019481,68.10213567195126
STU_019482,67.92732816342038
STU_019483,73.55964937856014
STU_019484,83.46231352851528
STU_019485,58.20146126596909
STU_019486,37.3759247433268
STU_019487,67.58572163147599
STU_019488,95.60496870912245
STU_019489,65.03478754528535
STU_019490,75.54199545758138
STU_019491,60.71747630832214
STU_019492,72.43922833380873
STU_019493,62.7692693220553
STU_019494,57.80762809922692
STU_019495,95.4816464221062
STU_019496,93.64515844942517
STU_019497,54.385970575185056
STU_019498,92.16318564226007
STU_019499,91.3356024025326
STU_019500,86.06751536042847
STU_019501,82.83430292091472
STU_019502,62.1317481714032
STU_019503,72.83426886106619
STU_019504,94.38659521443337
STU_019505,60.99845464722566
STU_019506,81.45462021388975
STU_019507,89.82216935501344
STU_019508,96.4860299519485
STU_019509,97.72583014739378
STU_019510,94.1247534484229
STU_019511,59.16776829002633
STU_019512,83.82822715098791
STU_019513,67.39745268994923
STU_019514,55.13796943129579
STU_019515,61.801917505962045
STU_019516,81.74918568652451
STU_019517,65.84349471368705
STU_019518,66.87532535606076
STU_019519,65.89667265728096
STU_019520,83.40479194202818
STU_019521,63.15087328545078
STU_019522,74.88076171183218
STU_019523,95.515430393466
STU_019524,79.60795050319349
STU_019525,85.49422180200293
STU_019526,73.91863029731675
STU_019527,73.32976629846335
STU_019528,71.27465180501385
STU_019529,88.86945089672486
STU_019530,88.99545615248908
STU_019531,94.04645419676203
STU_019532,44.139939217960176
STU_019533,78.03886183452718
STU_019534,70.85106158071085
STU_019535,69.98785379557242
STU_019536,66.68081296786141
STU_019537,53.75477003288037
STU_019538,71.95587501537422
STU_019539,69.07076694584514
STU_019540,60.13343169236147
STU_019541,76.41633824501127
STU_019542,100.0
STU_019543,100.0
STU_019544,71.94448755371494
STU_019545,86.97570012393464
STU_019546,58.18473978615708
STU_019547,66.54860498427465
STU_019548,88.09786678607367
STU_019549,89.33945169359642
STU_019550,97.06803983891041
STU_019551,81.05019747387837
STU_019552,76.51587866360494
STU_019553,72.74285382564567
STU_019554,63.81966579807859
STU_019555,99.53007077734719
STU_019556,71.77686868406825
STU_019557,100.0
STU_019558,55.63591322983415
STU_019559,87.32730130522089
STU_019560,75.94835904233568
STU_019561,42.11333201486599
STU_019562,97.35711576225778
STU_019563,73.27569592744291
STU_019564,65.32201210627363
STU_019565,60.12935148598439
STU_019566,82.27774598155403
STU_019567,83.71391273666012
STU_019568,70.025609801826
STU_019569,63.597276832889435
STU_019570,73.65879236371106
STU_019571,46.01791948308939
STU_019572,67.45189178963783
STU_019573,70.65521881825332
STU_019574,79.8282750346389
STU_019575,82.25778280752876
STU_019576,94.40458002013622
STU_019577,64.74466214392035
STU_019578,66.93274949088749
STU_019579,69.41945712522374
STU_019580,65.6397152645372
STU_019581,99.42952874263351
STU_019582,71.07549773270046
STU_019583,73.87047732659654
STU_019584,65.5982066848351
STU_019585,82.55219542949303
STU_019586,71.18670284585848
STU_019587,91.38800042430049
STU_019588,74.53050608999399
STU_019589,65.33597959382537
STU_019590,99.35407407462719
STU_019591,94.43948143498525
STU_019592,72.58284053178689
STU_019593,65.2321545587687
STU_019594,94.33117289983014
STU_019595,75.02233255138435
STU_019596,96.07029435105511
STU_019597,70.5697307627442
STU_019598,79.62432568167895
STU_019599,66.91760651129988
STU_019600,99.88029870818005
STU_019601,78.89153322730607
STU_019602,77.88449768621344
STU_019603,92.55450145235568
STU_019604,90.98047148019482
STU_019605,74.56816829662876
STU_019606,82.92880273363312
STU_019607,59.65658087913815
STU_019608,74.8008656450641
STU_019609,91.7907921713225
STU_019610,58.99547423611337
STU_019611,66.45794780709869
STU_019612,58.18151308486069
STU_019613,56.64347548824249
STU_019614,60.272440346122806
STU_019615,93.9056969065165
STU_019616,68.47968315375151
STU_019617,74.86735304542105
STU_019618,63.90418302582695
STU_019619,85.96472415195657
STU_019620,76.97785140784795
STU_019621,73.10967169980623
STU_019622,78.58254482059652
STU_019623,73.37254427743505
STU_019624,98.20705594541612
STU_019625,36.08740042519052
STU_019626,84.88215930987553
STU_019627,94.48127869007398
STU_019628,70.11554437408441
STU_019629,77.67539515992968
STU_019630,92.99498582773701
STU_019631,64.88917023723396
STU_019632,95.31096614026069
STU_019633,90.20193940005203
STU_019634,88.7612279126124
STU_019635,78.06450816466017
STU_019636,64.59034445882945
STU_019637,78.46044104234731
STU_019638,65.46593456498312
STU_019639,68.91253514047168
STU_019640,80.9656723112948
STU_019641,94.15692159879511
STU_019642,78.00248942894237
STU_019643,87.94938550440364
STU_019644,70.34724203525782
STU_019645,73.61487344401297
STU_019646,70.72627421397185
STU_019647,76.52946948803937
STU_019648,58.55955219632918
STU_019649,59.762252711894064
STU_019650,69.82861530133843
STU_019651,73.14973682641403
STU_019652,69.79132888347729
STU_019653,66.53759657853706
STU_019654,54.13308652517796
STU_019655,59.608561753622254
STU_019656,55.55268105356265
STU_019657,77.38270970679163
STU_019658,67.46033108781643
STU_019659,80.72158000572873
STU_019660,71.42857526210274
STU_019661,83.2850947850469
STU_019662,68.51134265153883
STU_019663,74.65510474486408
STU_019664,65.12670480614347
STU_019665,85.9105696612337
STU_019666,88.33156656901471
STU_019667,75.13382153808821
STU_019668,52.91617317752882
STU_019669,60.52051138342236
STU_019670,85.11671054286938
STU_019671,54.26795485586632
STU_019672,83.62878684439767
STU_019673,75.38374319531184
STU_019674,79.14988324199196
STU_019675,83.12122934267089
STU_019676,81.35534185191763
STU_019677,82.85449041141398
STU_019678,100.0
STU_019679,91.73161876290206
STU_019680,82.80261368544288
STU_019681,93.72521555380045
STU_019682,93.25086652240257
STU_019683,70.13239351185702
STU_019684,72.29035900669999
STU_019685,92.65545932414709
STU_019686,82.714808742098
STU_019687,63.26881752531873
STU_019688,82.15487119703575
STU_019689,67.39090414600824
STU_019690,78.68546205498959
STU_019691,59.96076275550493
STU_019692,57.802843637149664
STU_019693,97.63908155873344
STU_019694,79.65715480449938
STU_019695,61.8831872703604
STU_019696,64.35872351906345
STU_019697,95.22333800992854
STU_019698,91.95295126227013
STU_019699,82.39959067329063
STU_019700,83.50366301485064
STU_019701,77.87711873177221
STU_019702,74.61356315940355
STU_019703,79.12805026209989
STU_019704,77.25904757233445
STU_019705,62.32679680234554
STU_019706,91.0668672263356
STU_019707,60.03249313056594
STU_019708,78.1596594579654
STU_019709,72.35737558659035
STU_019710,63.0934854435951
STU_019711,97.7551099450483
STU_019712,46.92841702915678
STU_019713,93.97019072110541
STU_019714,63.77960046709312
STU_019715,91.37781625152334
STU_019716,83.66996366169518
STU_019717,97.58963252544743
STU_019718,68.72034009563377
STU_019719,97.19533597772012
STU_019720,93.04050385513294
STU_019721,55.468775347977484
STU_019722,72.42557271338946
STU_019723,80.15156064866392
STU_019724,72.61803038037144
STU_019725,86.59094016126812
STU_019726,59.5197420477746
STU_019727,90.02358754577868
STU_019728,77.76648747696353
STU_019729,68.25431313599297
STU_019730,71.8473291826057
STU_019731,62.55922321169217
STU_019732,88.44574499285078
STU_019733,72.5302936503658
STU_019734,73.38606178666119
STU_019735,83.96568545849956
STU_019736,99.25628845024443
STU_019737,95.05282650390515
STU_019738,92.13414549428141
STU_019739,68.62561057369477
STU_019740,72.16126558760952
STU_019741,100.0
STU_019742,74.16130589644447
STU_019743,82.86961815280857
STU_019744,73.71895321809808
STU_019745,84.80618292366387
STU_019746,95.72628084940807
STU_019747,79.18943321239682
STU_019748,63.16513256970961
STU_019749,63.979128306698755
STU_019750,75.3670347010418
STU_019751,72.80473501507745
STU_019752,61.370265605525226
STU_019753,91.60722808557783
STU_019754,67.78019897052604
STU_019755,82.7633039108128
STU_019756,52.10880362250145
STU_019757,87.8926606238845
STU_019758,58.519899187521716
STU_019759,75.62252568679838
STU_019760,81.86302914135088
STU_019761,69.34752860335254
STU_019762,90.72296289895931
STU_019763,72.01977674783157
STU_019764,62.20743624531755
STU_019765,90.63558798178862
STU_019766,65.06891470606217
STU_019767,49.41124881859756
STU_019768,81.08096420617035
STU_019769,65.52561059800446
STU_019770,78.1685585668118
STU_019771,95.6876681573528
STU_019772,67.4621030257967
STU_019773,87.55656845470638
STU_019774,50.580918210555794
STU_019775,86.63024506956
STU_019776,64.02467124661172
STU_019777,74.27318629786254
STU_019778,70.97427565474182
STU_019779,76.42947701205043
STU_019780,85.45156384129471
STU_019781,53.30100603396303
STU_019782,72.73898095112756
STU_019783,61.972822559837795
STU_019784,79.5103733566528
STU_019785,75.04079454366801
STU_019786,53.04841438333907
STU_019787,74.18388403690864
STU_019788,73.53827191509257
STU_019789,81.77945700163473
STU_019790,65.26753361665448
STU_019791,52.67381176054995
STU_019792,80.50357635659371
STU_019793,63.8667212459971
STU_019794,87.42418870074798
STU_019795,73.48360869756894
STU_019796,84.70947035203699
STU_019797,46.710839895566096
STU_019798,93.60880833596846
STU_019799,79.84444685848453
STU_019800,53.990039331139286
STU_019801,78.72969237950312
STU_019802,94.49899051696147
STU_019803,66.31673952376254
STU_019804,79.13576773927767
STU_019805,70.39560295068698
STU_019806,59.886889624541055
STU_019807,59.935160635365975
STU_019808,64.23997656058995
STU_019809,94.10289118642063
STU_019810,65.39115137204607
STU_019811,67.75779637212881
STU_019812,85.81097117787438
STU_019813,74.20866719385599
STU_019814,83.10244694045151
STU_019815,87.95868513773262
STU_019816,72.1887556607794
STU_019817,92.7984209289509
STU_019818,70.0539585373885
STU_019819,95.70204566429223
STU_019820,59.52263090412619
STU_019821,84.92253244309458
STU_019822,66.96829287877618
STU_019823,79.96448221107644
STU_019824,99.7825434186363
STU_019825,77.98510379885461
STU_019826,83.89143408771166
STU_019827,81.13161135544553
STU_019828,81.3483865188511
STU_019829,73.29926854593117
STU_019830,96.27905334610523
STU_019831,84.42837312645409
STU_019832,90.24640770163268
STU_019833,73.150124029388
STU_019834,74.32410587020486
STU_019835,65.73420546754508
STU_019836,85.77126568081364
STU_019837,74.51468981294272
STU_019838,80.48978540533444
STU_019839,81.77183929126481
STU_019840,64.67450072788611
STU_019841,65.8072931246434
STU_019842,73.02738641030761
STU_019843,65.0590309750562
STU_019844,71.8886339290698
STU_019845,74.99009044074624
STU_019846,98.41302514453764
STU_019847,99.75600154044264
STU_019848,68.00092108050026
STU_019849,94.21680414423636
STU_019850,79.88446818908388
STU_019851,98.6856003005586
STU_019852,62.70700619329054
STU_019853,89.34440282881512
STU_019854,78.89606415997405
STU_019855,78.18611501307184
STU_019856,69.17904358589706
STU_019857,81.27579346488538
STU_019858,96.61957864141688
STU_019859,93.25748430239722
STU_019860,84.44032460210867
STU_019861,65.5098070482008
STU_019862,68.79450426663615
STU_019863,73.63491072368794
STU_019864,82.3677157024152
STU_019865,90.2533559186171
STU_019866,90.19038068866341
STU_019867,73.73451872288818
STU_019868,80.82138410424996
STU_019869,72.05040769512897
STU_019870,72.20340476994744
STU_019871,92.14984695147132
STU_019872,100.0
STU_019873,75.11260548360025
STU_019874,54.47239231359213
STU_019875,78.94523955878248
STU_019876,98.33826390493223
STU_019877,65.26254555003618
STU_019878,62.806459429105644
STU_019879,90.97843297805673
STU_019880,54.747224279929476
STU_019881,71.25794813616906
STU_019882,94.62735782360588
STU_019883,58.73153882337307
STU_019884,66.55459504051684
STU_019885,79.92211987710513
STU_019886,71.55545751406655
STU_019887,100.0
STU_019888,58.88875601350484
STU_019889,84.80283046535637
STU_019890,77.41530485418605
STU_019891,73.31298089887714
STU_019892,66.22522242750286
STU_019893,94.58992320878754
STU_019894,60.549139411879025
STU_019895,77.93249908900717
STU_019896,82.01664275478792
STU_019897,75.4692459842108
STU_019898,73.27755976077698
STU_019899,82.88453221705217
STU_019900,81.1948934456789
STU_019901,70.3563046374977
STU_019902,74.38160272284188
STU_019903,84.69849501207182
STU_019904,67.23059724378746
STU_019905,78.42702133102858
STU_019906,71.62799242135347
STU_019907,61.18721619187541
STU_019908,50.83031293445298
STU_019909,63.51583060081954
STU_019910,96.32246004243291
STU_019911,99.38203894812335
STU_019912,65.71638886235255
STU_019913,78.97635681533271
STU_019914,60.119660928530394
STU_019915,77.55143577652497
STU_019916,67.00083911875905
STU_019917,64.73990179193676
STU_019918,95.86950359651667
STU_019919,68.3390788139589
STU_019920,90.99018981337198
STU_019921,73.42704977671949
STU_019922,97.10977655686924
STU_019923,59.34113643596926
STU_019924,97.89347479618664
STU_019925,86.72030166561717
STU_019926,67.71940849083798
STU_019927,80.94856396407508
STU_019928,78.40929610912121
STU_019929,87.68547123755364
STU_019930,68.00343391742067
STU_019931,96.96042894304486
STU_019932,84.74777002174001
STU_019933,60.10037457339942
STU_019934,87.67177766851437
STU_019935,52.97800295141954
STU_019936,87.25302483607345
STU_019937,81.80083633602095
STU_019938,68.70612183870676
STU_019939,86.74046638932758
STU_019940,84.94486083079947
STU_019941,72.49789152400572
STU_019942,71.09899641968101
STU_019943,82.8160141755472
STU_019944,96.92000292087289
STU_019945,81.30329805708067
STU_019946,90.96543034703541
STU_019947,76.39052604276499
STU_019948,86.5835240632195
STU_019949,76.2475048995642
STU_019950,72.97667442239073
STU_019951,68.61029583304108
STU_019952,58.49733741543817
STU_019953,65.92275930545786
STU_019954,82.73453790608036
STU_019955,65.73270401555612
STU_019956,57.0424376110133
STU_019957,82.09050806582277
STU_019958,75.82773398045562
STU_019959,78.32606592088263
STU_019960,66.39526146518138
STU_019961,71.83223955984779
STU_019962,79.41186365333348
STU_019963,58.98241966238683
STU_019964,68.59660894633922
STU_019965,64.70117360248797
STU_019966,81.68119867955426
STU_019967,96.59690331176324
STU_019968,74.46392423483641
STU_019969,54.01299259852637
STU_019970,92.52347807563928
STU_019971,90.12008173592844
STU_019972,72.4608036662891
STU_019973,76.62269313501423
STU_019974,87.14229027132464
STU_019975,74.10946963814398
STU_019976,75.18477205086046
STU_019977,66.69074407618245
STU_019978,56.7783488015152
STU_019979,54.23407981517036
STU_019980,60.93776151599991
STU_019981,100.0
STU_019982,72.33487181630859
STU_019983,85.90928884562972
STU_019984,96.3718040695051
STU_019985,82.45046018353489
STU_019986,95.2534797583557
STU_019987,82.41946132174596
STU_019988,67.98003100124106
STU_019989,69.01668178007185
STU_019990,78.41104753931018
STU_019991,81.75683782366833
STU_019992,86.89459699440152
STU_019993,85.71698069390013
STU_019994,51.57966589143076
STU_019995,77.45684895780799
STU_019996,59.90247473097665
STU_019997,85.70465967397186
STU_019998,53.67692267110333
STU_019999,91.84564983813857
STU_020000,74.71554243616322
