student_id,pred,parse_ok
STU_000001,85.0,1
STU_000002,72.0,1
STU_000003,85.0,1
STU_000004,85.0,1
STU_000005,85.0,1
STU_000006,85.0,1
STU_000007,82.0,1
STU_000008,85.0,1
STU_000009,82.0,1
STU_000010,77.0,1
STU_000011,85.0,1
STU_000012,85.0,1
STU_000013,82.0,1
STU_000014,77.0,1
STU_000015,77.0,1
STU_000016,77.0,1
STU_000017,85.0,1
STU_000018,85.0,1
STU_000019,77.0,1
STU_000020,85.0,1
STU_000021,82.0,1
STU_000022,77.0,1
STU_000023,85.0,1
STU_000024,85.0,1
STU_000025,85.0,1
STU_000026,85.0,1
STU_000027,85.0,1
STU_000028,72.0,1
STU_000029,65.0,1
STU_000030,85.0,1
STU_000031,85.0,1
STU_000032,77.0,1
STU_000033,90.0,1
STU_000034,85.0,1
STU_000035,85.0,1
STU_000036,85.0,1
STU_000037,85.0,1
STU_000038,92.0,1
STU_000039,85.0,1
STU_000040,77.0,1
STU_000041,82.0,1
STU_000042,90.0,1
STU_000043,85.0,1
STU_000044,85.0,1
STU_000045,85.0,1
STU_000046,92.0,1
STU_000047,92.0,1
STU_000048,77.0,1
STU_000049,90.0,1
STU_000050,90.0,1
STU_000051,85.0,1
STU_000052,77.0,1
STU_000053,85.0,1
STU_000054,85.0,1
STU_000055,95.0,1
STU_000056,85.0,1
STU_000057,77.0,1
STU_000058,85.0,1
STU_000059,77.0,1
STU_000060,85.0,1
STU_000061,77.0,1
STU_000062,90.0,1
STU_000063,77.0,1
STU_000064,77.0,1
STU_000065,77.0,1
STU_000066,77.0,1
STU_000067,77.0,1
STU_000068,82.0,1
STU_000069,77.0,1
STU_000070,65.0,1
STU_000071,77.0,1
STU_000072,85.0,1
STU_000073,77.0,1
STU_000074,85.0,1
STU_000075,77.0,1
STU_000076,85.0,1
STU_000077,85.0,1
STU_000078,85.0,1
STU_000079,77.0,1
STU_000080,85.0,1
STU_000081,85.0,1
STU_000082,92.0,1
STU_000083,85.0,1
STU_000084,77.0,1
STU_000085,85.0,1
STU_000086,85.0,1
STU_000087,82.0,1
STU_000088,85.0,1
STU_000089,85.0,1
STU_000090,77.0,1
STU_000091,72.0,1
STU_000092,85.0,1
STU_000093,85.0,1
STU_000094,82.0,1
STU_000095,72.0,1
STU_000096,72.0,1
STU_000097,65.0,1
STU_000098,77.0,1
STU_000099,77.0,1
STU_000100,85.0,1
STU_000101,85.0,1
STU_000102,92.0,1
STU_000103,85.0,1
STU_000104,82.0,1
STU_000105,85.0,1
STU_000106,77.0,1
STU_000107,85.0,1
STU_000108,85.0,1
STU_000109,85.0,1
STU_000110,77.0,1
STU_000111,77.0,1
STU_000112,85.0,1
STU_000113,92.0,1
STU_000114,90.0,1
STU_000115,77.0,1
STU_000116,85.0,1
STU_000117,72.0,1
STU_000118,85.0,1
STU_000119,77.0,1
STU_000120,85.0,1
STU_000121,85.0,1
STU_000122,85.0,1
STU_000123,65.0,1
STU_000124,77.0,1
STU_000125,85.0,1
STU_000126,82.0,1
STU_000127,92.0,1
STU_000128,85.0,1
STU_000129,85.0,1
STU_000130,85.0,1
STU_000131,85.0,1
STU_000132,82.0,1
STU_000133,85.0,1
STU_000134,90.0,1
STU_000135,77.0,1
STU_000136,85.0,1
STU_000137,85.0,1
STU_000138,82.0,1
STU_000139,92.0,1
STU_000140,85.0,1
STU_000141,85.0,1
STU_000142,85.0,1
STU_000143,77.0,1
STU_000144,77.0,1
STU_000145,82.0,1
STU_000146,85.0,1
STU_000147,85.0,1
STU_000148,77.0,1
STU_000149,85.0,1
STU_000150,85.0,1
STU_000151,77.0,1
STU_000152,92.0,1
STU_000153,85.0,1
STU_000154,85.0,1
STU_000155,85.0,1
STU_000156,92.0,1
STU_000157,77.0,1
STU_000158,77.0,1
STU_000159,85.0,1
STU_000160,92.0,1
STU_000161,85.0,1
STU_000162,85.0,1
STU_000163,77.0,1
STU_000164,77.0,1
STU_000165,77.0,1
STU_000166,77.0,1
STU_000167,85.0,1
STU_000168,85.0,1
STU_000169,85.0,1
STU_000170,85.0,1
STU_000171,85.0,1
STU_000172,85.0,1
STU_000173,85.0,1
STU_000174,77.0,1
STU_000175,85.0,1
STU_000176,85.0,1
STU_000177,77.0,1
STU_000178,85.0,1
STU_000179,92.0,1
STU_000180,85.0,1
STU_000181,85.0,1
STU_000182,77.0,1
STU_000183,85.0,1
STU_000184,85.0,1
STU_000185,85.0,1
STU_000186,85.0,1
STU_000187,85.0,1
STU_000188,85.0,1
STU_000189,77.0,1
STU_000190,77.0,1
STU_000191,85.0,1
STU_000192,82.0,1
STU_000193,77.0,1
STU_000194,77.0,1
STU_000195,92.0,1
STU_000196,82.0,1
STU_000197,85.0,1
STU_000198,77.0,1
STU_000199,77.0,1
STU_000200,72.0,1
STU_000201,82.0,1
STU_000202,85.0,1
STU_000203,82.0,1
STU_000204,77.0,1
STU_000205,85.0,1
STU_000206,85.0,1
STU_000207,77.0,1
STU_000208,95.0,1
STU_000209,77.0,1
STU_000210,82.0,1
STU_000211,85.0,1
STU_000212,85.0,1
STU_000213,85.0,1
STU_000214,85.0,1
STU_000215,85.0,1
STU_000216,77.0,1
STU_000217,77.0,1
STU_000218,85.0,1
STU_000219,85.0,1
STU_000220,85.0,1
STU_000221,85.0,1
STU_000222,72.0,1
STU_000223,77.0,1
STU_000224,85.0,1
STU_000225,92.0,1
STU_000226,77.0,1
STU_000227,85.0,1
STU_000228,85.0,1
STU_000229,85.0,1
STU_000230,77.0,1
STU_000231,72.0,1
STU_000232,85.0,1
STU_000233,77.0,1
STU_000234,85.0,1
STU_000235,77.0,1
STU_000236,85.0,1
STU_000237,77.0,1
STU_000238,85.0,1
STU_000239,85.0,1
STU_000240,85.0,1
STU_000241,85.0,1
STU_000242,85.0,1
STU_000243,85.0,1
STU_000244,85.0,1
STU_000245,77.0,1
STU_000246,85.0,1
STU_000247,85.0,1
STU_000248,77.0,1
STU_000249,85.0,1
STU_000250,77.0,1
STU_000251,77.0,1
STU_000252,85.0,1
STU_000253,85.0,1
STU_000254,85.0,1
STU_000255,72.0,1
STU_000256,85.0,1
STU_000257,85.0,1
STU_000258,82.0,1
STU_000259,82.0,1
STU_000260,72.0,1
STU_000261,85.0,1
STU_000262,72.0,1
STU_000263,85.0,1
STU_000264,77.0,1
STU_000265,85.0,1
STU_000266,90.0,1
STU_000267,82.0,1
STU_000268,85.0,1
STU_000269,90.0,1
STU_000270,85.0,1
STU_000271,92.0,1
STU_000272,90.0,1
STU_000273,77.0,1
STU_000274,85.0,1
STU_000275,77.0,1
STU_000276,85.0,1
STU_000277,85.0,1
STU_000278,82.0,1
STU_000279,72.0,1
STU_000280,92.0,1
STU_000281,82.0,1
STU_000282,92.0,1
STU_000283,77.0,1
STU_000284,85.0,1
STU_000285,85.0,1
STU_000286,92.0,1
STU_000287,85.0,1
STU_000288,85.0,1
STU_000289,77.0,1
STU_000290,85.0,1
STU_000291,77.0,1
STU_000292,77.0,1
STU_000293,77.0,1
STU_000294,77.0,1
STU_000295,85.0,1
STU_000296,85.0,1
STU_000297,85.0,1
STU_000298,77.0,1
STU_000299,85.0,1
STU_000300,77.0,1
STU_000301,77.0,1
STU_000302,77.0,1
STU_000303,72.0,1
STU_000304,85.0,1
STU_000305,77.0,1
STU_000306,92.0,1
STU_000307,77.0,1
STU_000308,85.0,1
STU_000309,85.0,1
STU_000310,77.0,1
STU_000311,92.0,1
STU_000312,77.0,1
STU_000313,77.0,1
STU_000314,85.0,1
STU_000315,85.0,1
STU_000316,77.0,1
STU_000317,85.0,1
STU_000318,85.0,1
STU_000319,92.0,1
STU_000320,77.0,1
STU_000321,85.0,1
STU_000322,85.0,1
STU_000323,92.0,1
STU_000324,85.0,1
STU_000325,85.0,1
STU_000326,85.0,1
STU_000327,85.0,1
STU_000328,85.0,1
STU_000329,85.0,1
STU_000330,85.0,1
STU_000331,85.0,1
STU_000332,85.0,1
STU_000333,77.0,1
STU_000334,85.0,1
STU_000335,77.0,1
STU_000336,72.0,1
STU_000337,85.0,1
STU_000338,77.0,1
STU_000339,77.0,1
STU_000340,85.0,1
STU_000341,85.0,1
STU_000342,85.0,1
STU_000343,85.0,1
STU_000344,85.0,1
STU_000345,77.0,1
STU_000346,85.0,1
STU_000347,77.0,1
STU_000348,77.0,1
STU_000349,85.0,1
STU_000350,72.0,1
STU_000351,90.0,1
STU_000352,85.0,1
STU_000353,77.0,1
STU_000354,77.0,1
STU_000355,77.0,1
STU_000356,77.0,1
STU_000357,85.0,1
STU_000358,77.0,1
STU_000359,77.0,1
STU_000360,85.0,1
STU_000361,92.0,1
STU_000362,85.0,1
STU_000363,85.0,1
STU_000364,77.0,1
STU_000365,85.0,1
STU_000366,77.0,1
STU_000367,85.0,1
STU_000368,95.0,1
STU_000369,77.0,1
STU_000370,77.0,1
STU_000371,85.0,1
STU_000372,92.0,1
STU_000373,77.0,1
STU_000374,85.0,1
STU_000375,77.0,1
STU_000376,85.0,1
STU_000377,77.0,1
STU_000378,85.0,1
STU_000379,92.0,1
STU_000380,85.0,1
STU_000381,77.0,1
STU_000382,90.0,1
STU_000383,77.0,1
STU_000384,85.0,1
STU_000385,85.0,1
STU_000386,77.0,1
STU_000387,85.0,1
STU_000388,82.0,1
STU_000389,85.0,1
STU_000390,85.0,1
STU_000391,77.0,1
STU_000392,85.0,1
STU_000393,85.0,1
STU_000394,82.0,1
STU_000395,92.0,1
STU_000396,72.0,1
STU_000397,90.0,1
STU_000398,77.0,1
STU_000399,77.0,1
STU_000400,92.0,1
STU_000401,92.0,1
STU_000402,77.0,1
STU_000403,85.0,1
STU_000404,85.0,1
STU_000405,77.0,1
STU_000406,85.0,1
STU_000407,77.0,1
STU_000408,85.0,1
STU_000409,85.0,1
STU_000410,92.0,1
STU_000411,85.0,1
STU_000412,85.0,1
STU_000413,85.0,1
STU_000414,85.0,1
STU_000415,85.0,1
STU_000416,90.0,1
STU_000417,77.0,1
STU_000418,85.0,1
STU_000419,72.0,1
STU_000420,77.0,1
STU_000421,82.0,1
STU_000422,72.0,1
STU_000423,72.0,1
STU_000424,85.0,1
STU_000425,92.0,1
STU_000426,85.0,1
STU_000427,77.0,1
STU_000428,85.0,1
STU_000429,85.0,1
STU_000430,77.0,1
STU_000431,85.0,1
STU_000432,85.0,1
STU_000433,85.0,1
STU_000434,77.0,1
STU_000435,77.0,1
STU_000436,90.0,1
STU_000437,72.0,1
STU_000438,77.0,1
STU_000439,85.0,1
STU_000440,77.0,1
STU_000441,85.0,1
STU_000442,85.0,1
STU_000443,85.0,1
STU_000444,72.0,1
STU_000445,77.0,1
STU_000446,85.0,1
STU_000447,85.0,1
STU_000448,77.0,1
STU_000449,77.0,1
STU_000450,85.0,1
STU_000451,77.0,1
STU_000452,85.0,1
STU_000453,77.0,1
STU_000454,85.0,1
STU_000455,85.0,1
STU_000456,85.0,1
STU_000457,85.0,1
STU_000458,77.0,1
STU_000459,77.0,1
STU_000460,82.0,1
STU_000461,77.0,1
STU_000462,77.0,1
STU_000463,85.0,1
STU_000464,85.0,1
STU_000465,92.0,1
STU_000466,82.0,1
STU_000467,77.0,1
STU_000468,77.0,1
STU_000469,85.0,1
STU_000470,85.0,1
STU_000471,85.0,1
STU_000472,72.0,1
STU_000473,92.0,1
STU_000474,85.0,1
STU_000475,85.0,1
STU_000476,85.0,1
STU_000477,77.0,1
STU_000478,85.0,1
STU_000479,85.0,1
STU_000480,77.0,1
STU_000481,85.0,1
STU_000482,85.0,1
STU_000483,85.0,1
STU_000484,85.0,1
STU_000485,82.0,1
STU_000486,77.0,1
STU_000487,85.0,1
STU_000488,77.0,1
STU_000489,85.0,1
STU_000490,77.0,1
STU_000491,85.0,1
STU_000492,85.0,1
STU_000493,77.0,1
STU_000494,85.0,1
STU_000495,77.0,1
STU_000496,85.0,1
STU_000497,77.0,1
STU_000498,85.0,1
STU_000499,85.0,1
STU_000500,85.0,1
STU_000501,85.0,1
STU_000502,77.0,1
STU_000503,82.0,1
STU_000504,82.0,1
STU_000505,85.0,1
STU_000506,85.0,1
STU_000507,85.0,1
STU_000508,85.0,1
STU_000509,85.0,1
STU_000510,77.0,1
STU_000511,92.0,1
STU_000512,77.0,1
STU_000513,75.0,1
STU_000514,85.0,1
STU_000515,77.0,1
STU_000516,92.0,1
STU_000517,77.0,1
STU_000518,77.0,1
STU_000519,85.0,1
STU_000520,77.0,1
STU_000521,72.0,1
STU_000522,85.0,1
STU_000523,85.0,1
STU_000524,77.0,1
STU_000525,77.0,1
STU_000526,85.0,1
STU_000527,77.0,1
STU_000528,77.0,1
STU_000529,82.0,1
STU_000530,85.0,1
STU_000531,85.0,1
STU_000532,82.0,1
STU_000533,77.0,1
STU_000534,85.0,1
STU_000535,92.0,1
STU_000536,85.0,1
STU_000537,92.0,1
STU_000538,65.0,1
STU_000539,85.0,1
STU_000540,72.0,1
STU_000541,65.0,1
STU_000542,85.0,1
STU_000543,77.0,1
STU_000544,85.0,1
STU_000545,85.0,1
STU_000546,85.0,1
STU_000547,85.0,1
STU_000548,82.0,1
STU_000549,85.0,1
STU_000550,85.0,1
STU_000551,85.0,1
STU_000552,77.0,1
STU_000553,85.0,1
STU_000554,85.0,1
STU_000555,95.0,1
STU_000556,77.0,1
STU_000557,85.0,1
STU_000558,85.0,1
STU_000559,85.0,1
STU_000560,78.0,1
STU_000561,85.0,1
STU_000562,77.0,1
STU_000563,77.0,1
STU_000564,85.0,1
STU_000565,77.0,1
STU_000566,85.0,1
STU_000567,85.0,1
STU_000568,85.0,1
STU_000569,65.0,1
STU_000570,77.0,1
STU_000571,77.0,1
STU_000572,77.0,1
STU_000573,85.0,1
STU_000574,77.0,1
STU_000575,77.0,1
STU_000576,82.0,1
STU_000577,85.0,1
STU_000578,77.0,1
STU_000579,85.0,1
STU_000580,85.0,1
STU_000581,82.0,1
STU_000582,85.0,1
STU_000583,85.0,1
STU_000584,85.0,1
STU_000585,72.0,1
STU_000586,82.0,1
STU_000587,85.0,1
STU_000588,85.0,1
STU_000589,77.0,1
STU_000590,85.0,1
STU_000591,77.0,1
STU_000592,95.0,1
STU_000593,77.0,1
STU_000594,77.0,1
STU_000595,85.0,1
STU_000596,77.0,1
STU_000597,85.0,1
STU_000598,77.0,1
STU_000599,82.0,1
STU_000600,85.0,1
STU_000601,85.0,1
STU_000602,90.0,1
STU_000603,85.0,1
STU_000604,85.0,1
STU_000605,85.0,1
STU_000606,72.0,1
STU_000607,85.0,1
STU_000608,85.0,1
STU_000609,85.0,1
STU_000610,85.0,1
STU_000611,77.0,1
STU_000612,85.0,1
STU_000613,85.0,1
STU_000614,92.0,1
STU_000615,77.0,1
STU_000616,85.0,1
STU_000617,85.0,1
STU_000618,85.0,1
STU_000619,65.0,1
STU_000620,93.0,1
STU_000621,85.0,1
STU_000622,90.0,1
STU_000623,85.0,1
STU_000624,85.0,1
STU_000625,77.0,1
STU_000626,85.0,1
STU_000627,85.0,1
STU_000628,85.0,1
STU_000629,77.0,1
STU_000630,85.0,1
STU_000631,85.0,1
STU_000632,85.0,1
STU_000633,82.0,1
STU_000634,85.0,1
STU_000635,77.0,1
STU_000636,85.0,1
STU_000637,77.0,1
STU_000638,92.0,1
STU_000639,72.0,1
STU_000640,85.0,1
STU_000641,90.0,1
STU_000642,77.0,1
STU_000643,77.0,1
STU_000644,85.0,1
STU_000645,85.0,1
STU_000646,85.0,1
STU_000647,77.0,1
STU_000648,85.0,1
STU_000649,85.0,1
STU_000650,77.0,1
STU_000651,85.0,1
STU_000652,85.0,1
STU_000653,77.0,1
STU_000654,82.0,1
STU_000655,85.0,1
STU_000656,85.0,1
STU_000657,77.0,1
STU_000658,85.0,1
STU_000659,85.0,1
STU_000660,92.0,1
STU_000661,82.0,1
STU_000662,77.0,1
STU_000663,85.0,1
STU_000664,77.0,1
STU_000665,85.0,1
STU_000666,85.0,1
STU_000667,77.0,1
STU_000668,85.0,1
STU_000669,82.0,1
STU_000670,85.0,1
STU_000671,85.0,1
STU_000672,77.0,1
STU_000673,85.0,1
STU_000674,77.0,1
STU_000675,85.0,1
STU_000676,72.0,1
STU_000677,90.0,1
STU_000678,77.0,1
STU_000679,77.0,1
STU_000680,77.0,1
STU_000681,85.0,1
STU_000682,82.0,1
STU_000683,85.0,1
STU_000684,77.0,1
STU_000685,85.0,1
STU_000686,85.0,1
STU_000687,85.0,1
STU_000688,85.0,1
STU_000689,77.0,1
STU_000690,77.0,1
STU_000691,85.0,1
STU_000692,90.0,1
STU_000693,77.0,1
STU_000694,85.0,1
STU_000695,85.0,1
STU_000696,77.0,1
STU_000697,72.0,1
STU_000698,85.0,1
STU_000699,85.0,1
STU_000700,77.0,1
STU_000701,85.0,1
STU_000702,85.0,1
STU_000703,77.0,1
STU_000704,85.0,1
STU_000705,92.0,1
STU_000706,92.0,1
STU_000707,72.0,1
STU_000708,85.0,1
STU_000709,85.0,1
STU_000710,70.0,1
STU_000711,85.0,1
STU_000712,90.0,1
STU_000713,82.0,1
STU_000714,85.0,1
STU_000715,77.0,1
STU_000716,77.0,1
STU_000717,77.0,1
STU_000718,77.0,1
STU_000719,77.0,1
STU_000720,85.0,1
STU_000721,85.0,1
STU_000722,85.0,1
STU_000723,85.0,1
STU_000724,85.0,1
STU_000725,85.0,1
STU_000726,92.0,1
STU_000727,77.0,1
STU_000728,77.0,1
STU_000729,85.0,1
STU_000730,77.0,1
STU_000731,92.0,1
STU_000732,77.0,1
STU_000733,77.0,1
STU_000734,82.0,1
STU_000735,72.0,1
STU_000736,90.0,1
STU_000737,72.0,1
STU_000738,77.0,1
STU_000739,85.0,1
STU_000740,72.0,1
STU_000741,85.0,1
STU_000742,77.0,1
STU_000743,85.0,1
STU_000744,72.0,1
STU_000745,85.0,1
STU_000746,85.0,1
STU_000747,82.0,1
STU_000748,85.0,1
STU_000749,85.0,1
STU_000750,85.0,1
STU_000751,85.0,1
STU_000752,77.0,1
STU_000753,85.0,1
STU_000754,77.0,1
STU_000755,77.0,1
STU_000756,85.0,1
STU_000757,85.0,1
STU_000758,85.0,1
STU_000759,92.0,1
STU_000760,77.0,1
STU_000761,85.0,1
STU_000762,85.0,1
STU_000763,85.0,1
STU_000764,77.0,1
STU_000765,77.0,1
STU_000766,85.0,1
STU_000767,85.0,1
STU_000768,77.0,1
STU_000769,85.0,1
STU_000770,65.0,1
STU_000771,85.0,1
STU_000772,85.0,1
STU_000773,85.0,1
STU_000774,85.0,1
STU_000775,77.0,1
STU_000776,72.0,1
STU_000777,92.0,1
STU_000778,85.0,1
STU_000779,72.0,1
STU_000780,77.0,1
STU_000781,85.0,1
STU_000782,77.0,1
STU_000783,77.0,1
STU_000784,85.0,1
STU_000785,85.0,1
STU_000786,77.0,1
STU_000787,85.0,1
STU_000788,77.0,1
STU_000789,85.0,1
STU_000790,77.0,1
STU_000791,85.0,1
STU_000792,85.0,1
STU_000793,85.0,1
STU_000794,85.0,1
STU_000795,85.0,1
STU_000796,85.0,1
STU_000797,85.0,1
STU_000798,85.0,1
STU_000799,85.0,1
STU_000800,85.0,1
STU_000801,85.0,1
STU_000802,85.0,1
STU_000803,92.0,1
STU_000804,85.0,1
STU_000805,85.0,1
STU_000806,85.0,1
STU_000807,72.0,1
STU_000808,85.0,1
STU_000809,85.0,1
STU_000810,77.0,1
STU_000811,77.0,1
STU_000812,92.0,1
STU_000813,85.0,1
STU_000814,77.0,1
STU_000815,77.0,1
STU_000816,85.0,1
STU_000817,85.0,1
STU_000818,85.0,1
STU_000819,77.0,1
STU_000820,77.0,1
STU_000821,85.0,1
STU_000822,72.0,1
STU_000823,85.0,1
STU_000824,77.0,1
STU_000825,85.0,1
STU_000826,77.0,1
STU_000827,77.0,1
STU_000828,85.0,1
STU_000829,85.0,1
STU_000830,77.0,1
STU_000831,77.0,1
STU_000832,77.0,1
STU_000833,72.0,1
STU_000834,85.0,1
STU_000835,85.0,1
STU_000836,85.0,1
STU_000837,85.0,1
STU_000838,72.0,1
STU_000839,85.0,1
STU_000840,85.0,1
STU_000841,85.0,1
STU_000842,60.0,1
STU_000843,72.0,1
STU_000844,85.0,1
STU_000845,77.0,1
STU_000846,85.0,1
STU_000847,85.0,1
STU_000848,85.0,1
STU_000849,85.0,1
STU_000850,85.0,1
STU_000851,85.0,1
STU_000852,85.0,1
STU_000853,72.0,1
STU_000854,82.0,1
STU_000855,77.0,1
STU_000856,85.0,1
STU_000857,85.0,1
STU_000858,85.0,1
STU_000859,92.0,1
STU_000860,77.0,1
STU_000861,85.0,1
STU_000862,85.0,1
STU_000863,77.0,1
STU_000864,85.0,1
STU_000865,77.0,1
STU_000866,82.0,1
STU_000867,85.0,1
STU_000868,77.0,1
STU_000869,85.0,1
STU_000870,85.0,1
STU_000871,90.0,1
STU_000872,85.0,1
STU_000873,77.0,1
STU_000874,90.0,1
STU_000875,77.0,1
STU_000876,77.0,1
STU_000877,82.0,1
STU_000878,77.0,1
STU_000879,82.0,1
STU_000880,70.0,1
STU_000881,85.0,1
STU_000882,90.0,1
STU_000883,77.0,1
STU_000884,85.0,1
STU_000885,85.0,1
STU_000886,85.0,1
STU_000887,82.0,1
STU_000888,92.0,1
STU_000889,85.0,1
STU_000890,85.0,1
STU_000891,85.0,1
STU_000892,85.0,1
STU_000893,85.0,1
STU_000894,77.0,1
STU_000895,77.0,1
STU_000896,90.0,1
STU_000897,72.0,1
STU_000898,72.0,1
STU_000899,60.0,1
STU_000900,90.0,1
STU_000901,92.0,1
STU_000902,72.0,1
STU_000903,85.0,1
STU_000904,85.0,1
STU_000905,92.0,1
STU_000906,85.0,1
STU_000907,77.0,1
STU_000908,85.0,1
STU_000909,85.0,1
STU_000910,77.0,1
STU_000911,82.0,1
STU_000912,85.0,1
STU_000913,85.0,1
STU_000914,77.0,1
STU_000915,85.0,1
STU_000916,85.0,1
STU_000917,85.0,1
STU_000918,77.0,1
STU_000919,72.0,1
STU_000920,85.0,1
STU_000921,85.0,1
STU_000922,85.0,1
STU_000923,85.0,1
STU_000924,85.0,1
STU_000925,85.0,1
STU_000926,85.0,1
STU_000927,85.0,1
STU_000928,82.0,1
STU_000929,77.0,1
STU_000930,92.0,1
STU_000931,85.0,1
STU_000932,85.0,1
STU_000933,85.0,1
STU_000934,85.0,1
STU_000935,85.0,1
STU_000936,85.0,1
STU_000937,85.0,1
STU_000938,85.0,1
STU_000939,72.0,1
STU_000940,60.0,1
STU_000941,85.0,1
STU_000942,77.0,1
STU_000943,85.0,1
STU_000944,77.0,1
STU_000945,77.0,1
STU_000946,85.0,1
STU_000947,85.0,1
STU_000948,90.0,1
STU_000949,85.0,1
STU_000950,77.0,1
STU_000951,85.0,1
STU_000952,77.0,1
STU_000953,70.0,1
STU_000954,77.0,1
STU_000955,72.0,1
STU_000956,85.0,1
STU_000957,85.0,1
STU_000958,85.0,1
STU_000959,85.0,1
STU_000960,85.0,1
STU_000961,85.0,1
STU_000962,77.0,1
STU_000963,77.0,1
STU_000964,82.0,1
STU_000965,65.0,1
STU_000966,85.0,1
STU_000967,77.0,1
STU_000968,85.0,1
STU_000969,90.0,1
STU_000970,77.0,1
STU_000971,85.0,1
STU_000972,77.0,1
STU_000973,85.0,1
STU_000974,77.0,1
STU_000975,77.0,1
STU_000976,85.0,1
STU_000977,77.0,1
STU_000978,77.0,1
STU_000979,85.0,1
STU_000980,85.0,1
STU_000981,85.0,1
STU_000982,85.0,1
STU_000983,72.0,1
STU_000984,85.0,1
STU_000985,85.0,1
STU_000986,77.0,1
STU_000987,77.0,1
STU_000988,85.0,1
STU_000989,85.0,1
STU_000990,85.0,1
STU_000991,85.0,1
STU_000992,85.0,1
STU_000993,77.0,1
STU_000994,85.0,1
STU_000995,77.0,1
STU_000996,77.0,1
STU_000997,92.0,1
STU_000998,77.0,1
STU_000999,85.0,1
STU_001000,85.0,1
STU_001001,72.0,1
STU_001002,85.0,1
STU_001003,77.0,1
STU_001004,85.0,1
STU_001005,92.0,1
STU_001006,85.0,1
STU_001007,77.0,1
STU_001008,85.0,1
STU_001009,85.0,1
STU_001010,85.0,1
STU_001011,85.0,1
STU_001012,85.0,1
STU_001013,85.0,1
STU_001014,85.0,1
STU_001015,72.0,1
STU_001016,85.0,1
STU_001017,77.0,1
STU_001018,85.0,1
STU_001019,85.0,1
STU_001020,77.0,1
STU_001021,85.0,1
STU_001022,92.0,1
STU_001023,85.0,1
STU_001024,77.0,1
STU_001025,85.0,1
STU_001026,85.0,1
STU_001027,85.0,1
STU_001028,77.0,1
STU_001029,85.0,1
STU_001030,85.0,1
STU_001031,85.0,1
STU_001032,72.0,1
STU_001033,82.0,1
STU_001034,92.0,1
STU_001035,85.0,1
STU_001036,85.0,1
STU_001037,92.0,1
STU_001038,85.0,1
STU_001039,85.0,1
STU_001040,72.0,1
STU_001041,85.0,1
STU_001042,92.0,1
STU_001043,77.0,1
STU_001044,77.0,1
STU_001045,85.0,1
STU_001046,85.0,1
STU_001047,85.0,1
STU_001048,85.0,1
STU_001049,77.0,1
STU_001050,85.0,1
STU_001051,85.0,1
STU_001052,82.0,1
STU_001053,85.0,1
STU_001054,85.0,1
STU_001055,82.0,1
STU_001056,77.0,1
STU_001057,85.0,1
STU_001058,85.0,1
STU_001059,85.0,1
STU_001060,82.0,1
STU_001061,85.0,1
STU_001062,82.0,1
STU_001063,82.0,1
STU_001064,77.0,1
STU_001065,85.0,1
STU_001066,85.0,1
STU_001067,85.0,1
STU_001068,77.0,1
STU_001069,85.0,1
STU_001070,77.0,1
STU_001071,85.0,1
STU_001072,77.0,1
STU_001073,77.0,1
STU_001074,85.0,1
STU_001075,77.0,1
STU_001076,85.0,1
STU_001077,85.0,1
STU_001078,77.0,1
STU_001079,85.0,1
STU_001080,85.0,1
STU_001081,85.0,1
STU_001082,77.0,1
STU_001083,85.0,1
STU_001084,85.0,1
STU_001085,85.0,1
STU_001086,77.0,1
STU_001087,85.0,1
STU_001088,85.0,1
STU_001089,72.0,1
STU_001090,77.0,1
STU_001091,82.0,1
STU_001092,82.0,1
STU_001093,90.0,1
STU_001094,85.0,1
STU_001095,85.0,1
STU_001096,77.0,1
STU_001097,77.0,1
STU_001098,85.0,1
STU_001099,85.0,1
STU_001100,77.0,1
STU_001101,85.0,1
STU_001102,92.0,1
STU_001103,85.0,1
STU_001104,85.0,1
STU_001105,77.0,1
STU_001106,65.0,1
STU_001107,85.0,1
STU_001108,85.0,1
STU_001109,85.0,1
STU_001110,85.0,1
STU_001111,85.0,1
STU_001112,85.0,1
STU_001113,92.0,1
STU_001114,85.0,1
STU_001115,85.0,1
STU_001116,85.0,1
STU_001117,77.0,1
STU_001118,85.0,1
STU_001119,77.0,1
STU_001120,85.0,1
STU_001121,85.0,1
STU_001122,82.0,1
STU_001123,85.0,1
STU_001124,85.0,1
STU_001125,85.0,1
STU_001126,85.0,1
STU_001127,72.0,1
STU_001128,85.0,1
STU_001129,72.0,1
STU_001130,72.0,1
STU_001131,85.0,1
STU_001132,77.0,1
STU_001133,85.0,1
STU_001134,85.0,1
STU_001135,85.0,1
STU_001136,85.0,1
STU_001137,77.0,1
STU_001138,92.0,1
STU_001139,85.0,1
STU_001140,85.0,1
STU_001141,85.0,1
STU_001142,77.0,1
STU_001143,85.0,1
STU_001144,85.0,1
STU_001145,85.0,1
STU_001146,85.0,1
STU_001147,95.0,1
STU_001148,77.0,1
STU_001149,77.0,1
STU_001150,85.0,1
STU_001151,85.0,1
STU_001152,85.0,1
STU_001153,85.0,1
STU_001154,85.0,1
STU_001155,77.0,1
STU_001156,85.0,1
STU_001157,85.0,1
STU_001158,77.0,1
STU_001159,85.0,1
STU_001160,72.0,1
STU_001161,85.0,1
STU_001162,77.0,1
STU_001163,85.0,1
STU_001164,85.0,1
STU_001165,72.0,1
STU_001166,85.0,1
STU_001167,77.0,1
STU_001168,77.0,1
STU_001169,85.0,1
STU_001170,90.0,1
STU_001171,77.0,1
STU_001172,85.0,1
STU_001173,85.0,1
STU_001174,85.0,1
STU_001175,82.0,1
STU_001176,92.0,1
STU_001177,72.0,1
STU_001178,77.0,1
STU_001179,85.0,1
STU_001180,77.0,1
STU_001181,85.0,1
STU_001182,92.0,1
STU_001183,85.0,1
STU_001184,85.0,1
STU_001185,85.0,1
STU_001186,85.0,1
STU_001187,93.0,1
STU_001188,72.0,1
STU_001189,85.0,1
STU_001190,77.0,1
STU_001191,77.0,1
STU_001192,85.0,1
STU_001193,92.0,1
STU_001194,85.0,1
STU_001195,85.0,1
STU_001196,70.0,1
STU_001197,85.0,1
STU_001198,85.0,1
STU_001199,92.0,1
STU_001200,85.0,1
STU_001201,77.0,1
STU_001202,77.0,1
STU_001203,85.0,1
STU_001204,77.0,1
STU_001205,90.0,1
STU_001206,82.0,1
STU_001207,77.0,1
STU_001208,85.0,1
STU_001209,85.0,1
STU_001210,85.0,1
STU_001211,85.0,1
STU_001212,77.0,1
STU_001213,77.0,1
STU_001214,92.0,1
STU_001215,82.0,1
STU_001216,77.0,1
STU_001217,85.0,1
STU_001218,85.0,1
STU_001219,85.0,1
STU_001220,77.0,1
STU_001221,90.0,1
STU_001222,85.0,1
STU_001223,92.0,1
STU_001224,85.0,1
STU_001225,85.0,1
STU_001226,85.0,1
STU_001227,92.0,1
STU_001228,85.0,1
STU_001229,77.0,1
STU_001230,85.0,1
STU_001231,85.0,1
STU_001232,92.0,1
STU_001233,85.0,1
STU_001234,85.0,1
STU_001235,85.0,1
STU_001236,90.0,1
STU_001237,92.0,1
STU_001238,85.0,1
STU_001239,85.0,1
STU_001240,85.0,1
STU_001241,82.0,1
STU_001242,85.0,1
STU_001243,85.0,1
STU_001244,72.0,1
STU_001245,77.0,1
STU_001246,77.0,1
STU_001247,85.0,1
STU_001248,85.0,1
STU_001249,85.0,1
STU_001250,85.0,1
STU_001251,82.0,1
STU_001252,90.0,1
STU_001253,85.0,1
STU_001254,85.0,1
STU_001255,85.0,1
STU_001256,82.0,1
STU_001257,85.0,1
STU_001258,92.0,1
STU_001259,82.0,1
STU_001260,85.0,1
STU_001261,85.0,1
STU_001262,85.0,1
STU_001263,92.0,1
STU_001264,85.0,1
STU_001265,85.0,1
STU_001266,85.0,1
STU_001267,85.0,1
STU_001268,85.0,1
STU_001269,82.0,1
STU_001270,85.0,1
STU_001271,92.0,1
STU_001272,85.0,1
STU_001273,72.0,1
STU_001274,85.0,1
STU_001275,85.0,1
STU_001276,77.0,1
STU_001277,85.0,1
STU_001278,85.0,1
STU_001279,85.0,1
STU_001280,85.0,1
STU_001281,85.0,1
STU_001282,85.0,1
STU_001283,77.0,1
STU_001284,85.0,1
STU_001285,77.0,1
STU_001286,85.0,1
STU_001287,77.0,1
STU_001288,77.0,1
STU_001289,85.0,1
STU_001290,85.0,1
STU_001291,82.0,1
STU_001292,77.0,1
STU_001293,85.0,1
STU_001294,85.0,1
STU_001295,85.0,1
STU_001296,85.0,1
STU_001297,85.0,1
STU_001298,82.0,1
STU_001299,77.0,1
STU_001300,82.0,1
STU_001301,82.0,1
STU_001302,85.0,1
STU_001303,85.0,1
STU_001304,85.0,1
STU_001305,85.0,1
STU_001306,77.0,1
STU_001307,85.0,1
STU_001308,92.0,1
STU_001309,77.0,1
STU_001310,85.0,1
STU_001311,85.0,1
STU_001312,90.0,1
STU_001313,93.0,1
STU_001314,92.0,1
STU_001315,60.0,1
STU_001316,85.0,1
STU_001317,77.0,1
STU_001318,85.0,1
STU_001319,60.0,1
STU_001320,85.0,1
STU_001321,77.0,1
STU_001322,85.0,1
STU_001323,85.0,1
STU_001324,85.0,1
STU_001325,85.0,1
STU_001326,85.0,1
STU_001327,85.0,1
STU_001328,77.0,1
STU_001329,85.0,1
STU_001330,85.0,1
STU_001331,92.0,1
STU_001332,77.0,1
STU_001333,72.0,1
STU_001334,90.0,1
STU_001335,85.0,1
STU_001336,77.0,1
STU_001337,72.0,1
STU_001338,77.0,1
STU_001339,77.0,1
STU_001340,77.0,1
STU_001341,85.0,1
STU_001342,77.0,1
STU_001343,85.0,1
STU_001344,92.0,1
STU_001345,85.0,1
STU_001346,85.0,1
STU_001347,77.0,1
STU_001348,85.0,1
STU_001349,92.0,1
STU_001350,92.0,1
STU_001351,82.0,1
STU_001352,90.0,1
STU_001353,85.0,1
STU_001354,77.0,1
STU_001355,77.0,1
STU_001356,77.0,1
STU_001357,85.0,1
STU_001358,85.0,1
STU_001359,77.0,1
STU_001360,77.0,1
STU_001361,85.0,1
STU_001362,85.0,1
STU_001363,85.0,1
STU_001364,77.0,1
STU_001365,77.0,1
STU_001366,77.0,1
STU_001367,85.0,1
STU_001368,85.0,1
STU_001369,85.0,1
STU_001370,60.0,1
STU_001371,85.0,1
STU_001372,85.0,1
STU_001373,72.0,1
STU_001374,85.0,1
STU_001375,82.0,1
STU_001376,82.0,1
STU_001377,85.0,1
STU_001378,85.0,1
STU_001379,77.0,1
STU_001380,95.0,1
STU_001381,77.0,1
STU_001382,85.0,1
STU_001383,85.0,1
STU_001384,85.0,1
STU_001385,85.0,1
STU_001386,85.0,1
STU_001387,85.0,1
STU_001388,85.0,1
STU_001389,85.0,1
STU_001390,85.0,1
STU_001391,77.0,1
STU_001392,85.0,1
STU_001393,85.0,1
STU_001394,77.0,1
STU_001395,77.0,1
STU_001396,77.0,1
STU_001397,77.0,1
STU_001398,77.0,1
STU_001399,85.0,1
STU_001400,85.0,1
STU_001401,85.0,1
STU_001402,92.0,1
STU_001403,65.0,1
STU_001404,77.0,1
STU_001405,60.0,1
STU_001406,92.0,1
STU_001407,90.0,1
STU_001408,82.0,1
STU_001409,70.0,1
STU_001410,77.0,1
STU_001411,85.0,1
STU_001412,77.0,1
STU_001413,85.0,1
STU_001414,85.0,1
STU_001415,85.0,1
STU_001416,77.0,1
STU_001417,90.0,1
STU_001418,85.0,1
STU_001419,77.0,1
STU_001420,77.0,1
STU_001421,77.0,1
STU_001422,77.0,1
STU_001423,85.0,1
STU_001424,90.0,1
STU_001425,85.0,1
STU_001426,85.0,1
STU_001427,85.0,1
STU_001428,92.0,1
STU_001429,85.0,1
STU_001430,85.0,1
STU_001431,72.0,1
STU_001432,82.0,1
STU_001433,77.0,1
STU_001434,90.0,1
STU_001435,85.0,1
STU_001436,85.0,1
STU_001437,85.0,1
STU_001438,77.0,1
STU_001439,85.0,1
STU_001440,77.0,1
STU_001441,85.0,1
STU_001442,77.0,1
STU_001443,85.0,1
STU_001444,85.0,1
STU_001445,77.0,1
STU_001446,92.0,1
STU_001447,77.0,1
STU_001448,85.0,1
STU_001449,85.0,1
STU_001450,85.0,1
STU_001451,85.0,1
STU_001452,85.0,1
STU_001453,85.0,1
STU_001454,85.0,1
STU_001455,85.0,1
STU_001456,85.0,1
STU_001457,85.0,1
STU_001458,85.0,1
STU_001459,85.0,1
STU_001460,85.0,1
STU_001461,77.0,1
STU_001462,77.0,1
STU_001463,77.0,1
STU_001464,77.0,1
STU_001465,60.0,1
STU_001466,77.0,1
STU_001467,77.0,1
STU_001468,77.0,1
STU_001469,85.0,1
STU_001470,85.0,1
STU_001471,85.0,1
STU_001472,85.0,1
STU_001473,77.0,1
STU_001474,77.0,1
STU_001475,85.0,1
STU_001476,85.0,1
STU_001477,82.0,1
STU_001478,77.0,1
STU_001479,85.0,1
STU_001480,85.0,1
STU_001481,93.0,1
STU_001482,85.0,1
STU_001483,85.0,1
STU_001484,85.0,1
STU_001485,77.0,1
STU_001486,77.0,1
STU_001487,85.0,1
STU_001488,85.0,1
STU_001489,77.0,1
STU_001490,77.0,1
STU_001491,85.0,1
STU_001492,77.0,1
STU_001493,85.0,1
STU_001494,77.0,1
STU_001495,77.0,1
STU_001496,85.0,1
STU_001497,85.0,1
STU_001498,85.0,1
STU_001499,77.0,1
STU_001500,85.0,1
STU_001501,85.0,1
STU_001502,85.0,1
STU_001503,77.0,1
STU_001504,82.0,1
STU_001505,85.0,1
STU_001506,77.0,1
STU_001507,85.0,1
STU_001508,85.0,1
STU_001509,85.0,1
STU_001510,85.0,1
STU_001511,77.0,1
STU_001512,85.0,1
STU_001513,85.0,1
STU_001514,85.0,1
STU_001515,70.0,1
STU_001516,92.0,1
STU_001517,77.0,1
STU_001518,85.0,1
STU_001519,85.0,1
STU_001520,85.0,1
STU_001521,85.0,1
STU_001522,77.0,1
STU_001523,85.0,1
STU_001524,85.0,1
STU_001525,85.0,1
STU_001526,77.0,1
STU_001527,85.0,1
STU_001528,77.0,1
STU_001529,65.0,1
STU_001530,77.0,1
STU_001531,85.0,1
STU_001532,85.0,1
STU_001533,85.0,1
STU_001534,77.0,1
STU_001535,85.0,1
STU_001536,72.0,1
STU_001537,92.0,1
STU_001538,85.0,1
STU_001539,85.0,1
STU_001540,85.0,1
STU_001541,85.0,1
STU_001542,85.0,1
STU_001543,85.0,1
STU_001544,77.0,1
STU_001545,85.0,1
STU_001546,85.0,1
STU_001547,85.0,1
STU_001548,65.0,1
STU_001549,82.0,1
STU_001550,85.0,1
STU_001551,85.0,1
STU_001552,95.0,1
STU_001553,72.0,1
STU_001554,77.0,1
STU_001555,77.0,1
STU_001556,77.0,1
STU_001557,85.0,1
STU_001558,77.0,1
STU_001559,77.0,1
STU_001560,85.0,1
STU_001561,82.0,1
STU_001562,85.0,1
STU_001563,77.0,1
STU_001564,85.0,1
STU_001565,77.0,1
STU_001566,65.0,1
STU_001567,85.0,1
STU_001568,85.0,1
STU_001569,77.0,1
STU_001570,85.0,1
STU_001571,77.0,1
STU_001572,70.0,1
STU_001573,77.0,1
STU_001574,85.0,1
STU_001575,77.0,1
STU_001576,85.0,1
STU_001577,85.0,1
STU_001578,85.0,1
STU_001579,77.0,1
STU_001580,77.0,1
STU_001581,77.0,1
STU_001582,90.0,1
STU_001583,85.0,1
STU_001584,85.0,1
STU_001585,85.0,1
STU_001586,82.0,1
STU_001587,90.0,1
STU_001588,85.0,1
STU_001589,92.0,1
STU_001590,77.0,1
STU_001591,85.0,1
STU_001592,85.0,1
STU_001593,72.0,1
STU_001594,77.0,1
STU_001595,85.0,1
STU_001596,77.0,1
STU_001597,85.0,1
STU_001598,85.0,1
STU_001599,85.0,1
STU_001600,77.0,1
STU_001601,85.0,1
STU_001602,77.0,1
STU_001603,85.0,1
STU_001604,82.0,1
STU_001605,77.0,1
STU_001606,85.0,1
STU_001607,70.0,1
STU_001608,77.0,1
STU_001609,77.0,1
STU_001610,92.0,1
STU_001611,85.0,1
STU_001612,85.0,1
STU_001613,85.0,1
STU_001614,77.0,1
STU_001615,77.0,1
STU_001616,85.0,1
STU_001617,77.0,1
STU_001618,77.0,1
STU_001619,77.0,1
STU_001620,72.0,1
STU_001621,85.0,1
STU_001622,72.0,1
STU_001623,85.0,1
STU_001624,82.0,1
STU_001625,85.0,1
STU_001626,85.0,1
STU_001627,77.0,1
STU_001628,77.0,1
STU_001629,77.0,1
STU_001630,85.0,1
STU_001631,90.0,1
STU_001632,85.0,1
STU_001633,72.0,1
STU_001634,77.0,1
STU_001635,77.0,1
STU_001636,85.0,1
STU_001637,85.0,1
STU_001638,82.0,1
STU_001639,72.0,1
STU_001640,85.0,1
STU_001641,92.0,1
STU_001642,72.0,1
STU_001643,77.0,1
STU_001644,77.0,1
STU_001645,85.0,1
STU_001646,85.0,1
STU_001647,85.0,1
STU_001648,85.0,1
STU_001649,77.0,1
STU_001650,85.0,1
STU_001651,85.0,1
STU_001652,85.0,1
STU_001653,77.0,1
STU_001654,85.0,1
STU_001655,77.0,1
STU_001656,77.0,1
STU_001657,85.0,1
STU_001658,85.0,1
STU_001659,92.0,1
STU_001660,77.0,1
STU_001661,85.0,1
STU_001662,85.0,1
STU_001663,77.0,1
STU_001664,77.0,1
STU_001665,77.0,1
STU_001666,85.0,1
STU_001667,85.0,1
STU_001668,77.0,1
STU_001669,85.0,1
STU_001670,85.0,1
STU_001671,92.0,1
STU_001672,85.0,1
STU_001673,90.0,1
STU_001674,77.0,1
STU_001675,85.0,1
STU_001676,92.0,1
STU_001677,77.0,1
STU_001678,85.0,1
STU_001679,85.0,1
STU_001680,77.0,1
STU_001681,77.0,1
STU_001682,85.0,1
STU_001683,85.0,1
STU_001684,85.0,1
STU_001685,92.0,1
STU_001686,85.0,1
STU_001687,77.0,1
STU_001688,77.0,1
STU_001689,77.0,1
STU_001690,85.0,1
STU_001691,77.0,1
STU_001692,90.0,1
STU_001693,85.0,1
STU_001694,85.0,1
STU_001695,85.0,1
STU_001696,77.0,1
STU_001697,85.0,1
STU_001698,77.0,1
STU_001699,85.0,1
STU_001700,85.0,1
STU_001701,77.0,1
STU_001702,77.0,1
STU_001703,85.0,1
STU_001704,85.0,1
STU_001705,77.0,1
STU_001706,85.0,1
STU_001707,85.0,1
STU_001708,85.0,1
STU_001709,92.0,1
STU_001710,85.0,1
STU_001711,85.0,1
STU_001712,72.0,1
STU_001713,85.0,1
STU_001714,77.0,1
STU_001715,77.0,1
STU_001716,82.0,1
STU_001717,72.0,1
STU_001718,72.0,1
STU_001719,85.0,1
STU_001720,77.0,1
STU_001721,90.0,1
STU_001722,85.0,1
STU_001723,85.0,1
STU_001724,77.0,1
STU_001725,85.0,1
STU_001726,85.0,1
STU_001727,77.0,1
STU_001728,85.0,1
STU_001729,85.0,1
STU_001730,85.0,1
STU_001731,85.0,1
STU_001732,72.0,1
STU_001733,85.0,1
STU_001734,85.0,1
STU_001735,77.0,1
STU_001736,77.0,1
STU_001737,92.0,1
STU_001738,85.0,1
STU_001739,77.0,1
STU_001740,77.0,1
STU_001741,92.0,1
STU_001742,77.0,1
STU_001743,85.0,1
STU_001744,85.0,1
STU_001745,85.0,1
STU_001746,77.0,1
STU_001747,85.0,1
STU_001748,77.0,1
STU_001749,85.0,1
STU_001750,85.0,1
STU_001751,85.0,1
STU_001752,90.0,1
STU_001753,70.0,1
STU_001754,85.0,1
STU_001755,77.0,1
STU_001756,85.0,1
STU_001757,65.0,1
STU_001758,82.0,1
STU_001759,85.0,1
STU_001760,85.0,1
STU_001761,77.0,1
STU_001762,77.0,1
STU_001763,77.0,1
STU_001764,85.0,1
STU_001765,85.0,1
STU_001766,85.0,1
STU_001767,85.0,1
STU_001768,92.0,1
STU_001769,77.0,1
STU_001770,77.0,1
STU_001771,92.0,1
STU_001772,77.0,1
STU_001773,85.0,1
STU_001774,85.0,1
STU_001775,82.0,1
STU_001776,72.0,1
STU_001777,82.0,1
STU_001778,82.0,1
STU_001779,77.0,1
STU_001780,85.0,1
STU_001781,85.0,1
STU_001782,72.0,1
STU_001783,85.0,1
STU_001784,85.0,1
STU_001785,85.0,1
STU_001786,77.0,1
STU_001787,85.0,1
STU_001788,77.0,1
STU_001789,85.0,1
STU_001790,85.0,1
STU_001791,82.0,1
STU_001792,85.0,1
STU_001793,72.0,1
STU_001794,72.0,1
STU_001795,77.0,1
STU_001796,77.0,1
STU_001797,85.0,1
STU_001798,85.0,1
STU_001799,72.0,1
STU_001800,85.0,1
STU_001801,90.0,1
STU_001802,85.0,1
STU_001803,77.0,1
STU_001804,85.0,1
STU_001805,77.0,1
STU_001806,77.0,1
STU_001807,85.0,1
STU_001808,85.0,1
STU_001809,72.0,1
STU_001810,85.0,1
STU_001811,85.0,1
STU_001812,77.0,1
STU_001813,85.0,1
STU_001814,85.0,1
STU_001815,77.0,1
STU_001816,77.0,1
STU_001817,85.0,1
STU_001818,77.0,1
STU_001819,92.0,1
STU_001820,65.0,1
STU_001821,85.0,1
STU_001822,85.0,1
STU_001823,77.0,1
STU_001824,85.0,1
STU_001825,65.0,1
STU_001826,77.0,1
STU_001827,77.0,1
STU_001828,77.0,1
STU_001829,85.0,1
STU_001830,85.0,1
STU_001831,77.0,1
STU_001832,85.0,1
STU_001833,85.0,1
STU_001834,77.0,1
STU_001835,77.0,1
STU_001836,85.0,1
STU_001837,85.0,1
STU_001838,82.0,1
STU_001839,92.0,1
STU_001840,77.0,1
STU_001841,85.0,1
STU_001842,85.0,1
STU_001843,85.0,1
STU_001844,77.0,1
STU_001845,85.0,1
STU_001846,85.0,1
STU_001847,85.0,1
STU_001848,90.0,1
STU_001849,90.0,1
STU_001850,85.0,1
STU_001851,72.0,1
STU_001852,72.0,1
STU_001853,92.0,1
STU_001854,85.0,1
STU_001855,77.0,1
STU_001856,82.0,1
STU_001857,85.0,1
STU_001858,85.0,1
STU_001859,77.0,1
STU_001860,85.0,1
STU_001861,85.0,1
STU_001862,72.0,1
STU_001863,77.0,1
STU_001864,77.0,1
STU_001865,85.0,1
STU_001866,85.0,1
STU_001867,72.0,1
STU_001868,85.0,1
STU_001869,85.0,1
STU_001870,85.0,1
STU_001871,85.0,1
STU_001872,82.0,1
STU_001873,85.0,1
STU_001874,85.0,1
STU_001875,85.0,1
STU_001876,92.0,1
STU_001877,85.0,1
STU_001878,85.0,1
STU_001879,77.0,1
STU_001880,90.0,1
STU_001881,77.0,1
STU_001882,82.0,1
STU_001883,85.0,1
STU_001884,82.0,1
STU_001885,77.0,1
STU_001886,77.0,1
STU_001887,77.0,1
STU_001888,85.0,1
STU_001889,85.0,1
STU_001890,77.0,1
STU_001891,85.0,1
STU_001892,65.0,1
STU_001893,85.0,1
STU_001894,77.0,1
STU_001895,85.0,1
STU_001896,77.0,1
STU_001897,85.0,1
STU_001898,77.0,1
STU_001899,85.0,1
STU_001900,77.0,1
STU_001901,85.0,1
STU_001902,85.0,1
STU_001903,77.0,1
STU_001904,85.0,1
STU_001905,85.0,1
STU_001906,85.0,1
STU_001907,92.0,1
STU_001908,85.0,1
STU_001909,77.0,1
STU_001910,77.0,1
STU_001911,85.0,1
STU_001912,77.0,1
STU_001913,85.0,1
STU_001914,85.0,1
STU_001915,95.0,1
STU_001916,77.0,1
STU_001917,85.0,1
STU_001918,85.0,1
STU_001919,85.0,1
STU_001920,77.0,1
STU_001921,85.0,1
STU_001922,85.0,1
STU_001923,85.0,1
STU_001924,77.0,1
STU_001925,85.0,1
STU_001926,92.0,1
STU_001927,77.0,1
STU_001928,85.0,1
STU_001929,85.0,1
STU_001930,85.0,1
STU_001931,85.0,1
STU_001932,77.0,1
STU_001933,85.0,1
STU_001934,95.0,1
STU_001935,77.0,1
STU_001936,85.0,1
STU_001937,85.0,1
STU_001938,77.0,1
STU_001939,85.0,1
STU_001940,85.0,1
STU_001941,85.0,1
STU_001942,85.0,1
STU_001943,85.0,1
STU_001944,85.0,1
STU_001945,85.0,1
STU_001946,85.0,1
STU_001947,90.0,1
STU_001948,85.0,1
STU_001949,85.0,1
STU_001950,77.0,1
STU_001951,85.0,1
STU_001952,60.0,1
STU_001953,85.0,1
STU_001954,85.0,1
STU_001955,85.0,1
STU_001956,85.0,1
STU_001957,85.0,1
STU_001958,85.0,1
STU_001959,85.0,1
STU_001960,90.0,1
STU_001961,85.0,1
STU_001962,77.0,1
STU_001963,85.0,1
STU_001964,77.0,1
STU_001965,85.0,1
STU_001966,82.0,1
STU_001967,90.0,1
STU_001968,82.0,1
STU_001969,85.0,1
STU_001970,85.0,1
STU_001971,77.0,1
STU_001972,72.0,1
STU_001973,72.0,1
STU_001974,60.0,1
STU_001975,85.0,1
STU_001976,72.0,1
STU_001977,92.0,1
STU_001978,85.0,1
STU_001979,92.0,1
STU_001980,85.0,1
STU_001981,90.0,1
STU_001982,85.0,1
STU_001983,82.0,1
STU_001984,90.0,1
STU_001985,85.0,1
STU_001986,77.0,1
STU_001987,95.0,1
STU_001988,85.0,1
STU_001989,85.0,1
STU_001990,77.0,1
STU_001991,82.0,1
STU_001992,85.0,1
STU_001993,85.0,1
STU_001994,77.0,1
STU_001995,77.0,1
STU_001996,92.0,1
STU_001997,85.0,1
STU_001998,77.0,1
STU_001999,85.0,1
STU_002000,70.0,1
STU_002001,85.0,1
STU_002002,77.0,1
STU_002003,85.0,1
STU_002004,85.0,1
STU_002005,77.0,1
STU_002006,85.0,1
STU_002007,85.0,1
STU_002008,85.0,1
STU_002009,85.0,1
STU_002010,60.0,1
STU_002011,82.0,1
STU_002012,95.0,1
STU_002013,72.0,1
STU_002014,85.0,1
STU_002015,85.0,1
STU_002016,77.0,1
STU_002017,92.0,1
STU_002018,85.0,1
STU_002019,77.0,1
STU_002020,72.0,1
STU_002021,77.0,1
STU_002022,82.0,1
STU_002023,85.0,1
STU_002024,85.0,1
STU_002025,82.0,1
STU_002026,77.0,1
STU_002027,77.0,1
STU_002028,77.0,1
STU_002029,85.0,1
STU_002030,82.0,1
STU_002031,77.0,1
STU_002032,85.0,1
STU_002033,77.0,1
STU_002034,77.0,1
STU_002035,77.0,1
STU_002036,77.0,1
STU_002037,72.0,1
STU_002038,77.0,1
STU_002039,85.0,1
STU_002040,77.0,1
STU_002041,85.0,1
STU_002042,77.0,1
STU_002043,72.0,1
STU_002044,85.0,1
STU_002045,82.0,1
STU_002046,85.0,1
STU_002047,72.0,1
STU_002048,85.0,1
STU_002049,77.0,1
STU_002050,77.0,1
STU_002051,85.0,1
STU_002052,77.0,1
STU_002053,92.0,1
STU_002054,72.0,1
STU_002055,77.0,1
STU_002056,85.0,1
STU_002057,85.0,1
STU_002058,85.0,1
STU_002059,85.0,1
STU_002060,85.0,1
STU_002061,85.0,1
STU_002062,90.0,1
STU_002063,72.0,1
STU_002064,85.0,1
STU_002065,85.0,1
STU_002066,85.0,1
STU_002067,85.0,1
STU_002068,77.0,1
STU_002069,85.0,1
STU_002070,85.0,1
STU_002071,85.0,1
STU_002072,85.0,1
STU_002073,77.0,1
STU_002074,85.0,1
STU_002075,85.0,1
STU_002076,85.0,1
STU_002077,85.0,1
STU_002078,77.0,1
STU_002079,72.0,1
STU_002080,85.0,1
STU_002081,77.0,1
STU_002082,85.0,1
STU_002083,77.0,1
STU_002084,77.0,1
STU_002085,85.0,1
STU_002086,85.0,1
STU_002087,82.0,1
STU_002088,77.0,1
STU_002089,77.0,1
STU_002090,77.0,1
STU_002091,72.0,1
STU_002092,85.0,1
STU_002093,85.0,1
STU_002094,85.0,1
STU_002095,85.0,1
STU_002096,85.0,1
STU_002097,77.0,1
STU_002098,85.0,1
STU_002099,85.0,1
STU_002100,85.0,1
STU_002101,77.0,1
STU_002102,85.0,1
STU_002103,77.0,1
STU_002104,85.0,1
STU_002105,82.0,1
STU_002106,85.0,1
STU_002107,85.0,1
STU_002108,85.0,1
STU_002109,85.0,1
STU_002110,85.0,1
STU_002111,82.0,1
STU_002112,85.0,1
STU_002113,77.0,1
STU_002114,77.0,1
STU_002115,85.0,1
STU_002116,85.0,1
STU_002117,85.0,1
STU_002118,82.0,1
STU_002119,85.0,1
STU_002120,85.0,1
STU_002121,72.0,1
STU_002122,85.0,1
STU_002123,85.0,1
STU_002124,72.0,1
STU_002125,85.0,1
STU_002126,85.0,1
STU_002127,85.0,1
STU_002128,77.0,1
STU_002129,85.0,1
STU_002130,77.0,1
STU_002131,90.0,1
STU_002132,77.0,1
STU_002133,95.0,1
STU_002134,85.0,1
STU_002135,77.0,1
STU_002136,90.0,1
STU_002137,85.0,1
STU_002138,85.0,1
STU_002139,85.0,1
STU_002140,85.0,1
STU_002141,77.0,1
STU_002142,77.0,1
STU_002143,85.0,1
STU_002144,85.0,1
STU_002145,77.0,1
STU_002146,85.0,1
STU_002147,85.0,1
STU_002148,77.0,1
STU_002149,85.0,1
STU_002150,72.0,1
STU_002151,85.0,1
STU_002152,85.0,1
STU_002153,72.0,1
STU_002154,85.0,1
STU_002155,85.0,1
STU_002156,85.0,1
STU_002157,92.0,1
STU_002158,85.0,1
STU_002159,77.0,1
STU_002160,85.0,1
STU_002161,77.0,1
STU_002162,77.0,1
STU_002163,85.0,1
STU_002164,85.0,1
STU_002165,85.0,1
STU_002166,77.0,1
STU_002167,85.0,1
STU_002168,85.0,1
STU_002169,85.0,1
STU_002170,90.0,1
STU_002171,85.0,1
STU_002172,85.0,1
STU_002173,77.0,1
STU_002174,82.0,1
STU_002175,85.0,1
STU_002176,85.0,1
STU_002177,82.0,1
STU_002178,85.0,1
STU_002179,77.0,1
STU_002180,82.0,1
STU_002181,85.0,1
STU_002182,90.0,1
STU_002183,85.0,1
STU_002184,77.0,1
STU_002185,85.0,1
STU_002186,85.0,1
STU_002187,77.0,1
STU_002188,85.0,1
STU_002189,85.0,1
STU_002190,77.0,1
STU_002191,85.0,1
STU_002192,90.0,1
STU_002193,85.0,1
STU_002194,85.0,1
STU_002195,70.0,1
STU_002196,77.0,1
STU_002197,77.0,1
STU_002198,85.0,1
STU_002199,77.0,1
STU_002200,85.0,1
STU_002201,92.0,1
STU_002202,85.0,1
STU_002203,77.0,1
STU_002204,85.0,1
STU_002205,92.0,1
STU_002206,90.0,1
STU_002207,77.0,1
STU_002208,85.0,1
STU_002209,85.0,1
STU_002210,77.0,1
STU_002211,85.0,1
STU_002212,92.0,1
STU_002213,77.0,1
STU_002214,77.0,1
STU_002215,82.0,1
STU_002216,77.0,1
STU_002217,85.0,1
STU_002218,72.0,1
STU_002219,85.0,1
STU_002220,77.0,1
STU_002221,77.0,1
STU_002222,82.0,1
STU_002223,85.0,1
STU_002224,85.0,1
STU_002225,77.0,1
STU_002226,90.0,1
STU_002227,82.0,1
STU_002228,77.0,1
STU_002229,85.0,1
STU_002230,85.0,1
STU_002231,77.0,1
STU_002232,70.0,1
STU_002233,77.0,1
STU_002234,77.0,1
STU_002235,77.0,1
STU_002236,85.0,1
STU_002237,77.0,1
STU_002238,85.0,1
STU_002239,85.0,1
STU_002240,77.0,1
STU_002241,77.0,1
STU_002242,90.0,1
STU_002243,65.0,1
STU_002244,77.0,1
STU_002245,95.0,1
STU_002246,82.0,1
STU_002247,85.0,1
STU_002248,72.0,1
STU_002249,92.0,1
STU_002250,85.0,1
STU_002251,77.0,1
STU_002252,82.0,1
STU_002253,85.0,1
STU_002254,85.0,1
STU_002255,85.0,1
STU_002256,85.0,1
STU_002257,77.0,1
STU_002258,82.0,1
STU_002259,77.0,1
STU_002260,85.0,1
STU_002261,77.0,1
STU_002262,82.0,1
STU_002263,85.0,1
STU_002264,77.0,1
STU_002265,85.0,1
STU_002266,85.0,1
STU_002267,85.0,1
STU_002268,85.0,1
STU_002269,85.0,1
STU_002270,92.0,1
STU_002271,85.0,1
STU_002272,77.0,1
STU_002273,85.0,1
STU_002274,77.0,1
STU_002275,82.0,1
STU_002276,82.0,1
STU_002277,77.0,1
STU_002278,85.0,1
STU_002279,77.0,1
STU_002280,85.0,1
STU_002281,85.0,1
STU_002282,85.0,1
STU_002283,85.0,1
STU_002284,85.0,1
STU_002285,85.0,1
STU_002286,92.0,1
STU_002287,82.0,1
STU_002288,77.0,1
STU_002289,77.0,1
STU_002290,77.0,1
STU_002291,85.0,1
STU_002292,85.0,1
STU_002293,90.0,1
STU_002294,60.0,1
STU_002295,85.0,1
STU_002296,92.0,1
STU_002297,77.0,1
STU_002298,77.0,1
STU_002299,85.0,1
STU_002300,85.0,1
STU_002301,77.0,1
STU_002302,77.0,1
STU_002303,77.0,1
STU_002304,72.0,1
STU_002305,85.0,1
STU_002306,92.0,1
STU_002307,77.0,1
STU_002308,85.0,1
STU_002309,82.0,1
STU_002310,72.0,1
STU_002311,90.0,1
STU_002312,85.0,1
STU_002313,77.0,1
STU_002314,77.0,1
STU_002315,85.0,1
STU_002316,85.0,1
STU_002317,90.0,1
STU_002318,85.0,1
STU_002319,85.0,1
STU_002320,85.0,1
STU_002321,85.0,1
STU_002322,77.0,1
STU_002323,95.0,1
STU_002324,85.0,1
STU_002325,85.0,1
STU_002326,82.0,1
STU_002327,85.0,1
STU_002328,77.0,1
STU_002329,72.0,1
STU_002330,72.0,1
STU_002331,72.0,1
STU_002332,72.0,1
STU_002333,77.0,1
STU_002334,85.0,1
STU_002335,85.0,1
STU_002336,85.0,1
STU_002337,85.0,1
STU_002338,85.0,1
STU_002339,85.0,1
STU_002340,85.0,1
STU_002341,85.0,1
STU_002342,85.0,1
STU_002343,77.0,1
STU_002344,77.0,1
STU_002345,85.0,1
STU_002346,85.0,1
STU_002347,85.0,1
STU_002348,92.0,1
STU_002349,82.0,1
STU_002350,85.0,1
STU_002351,85.0,1
STU_002352,85.0,1
STU_002353,77.0,1
STU_002354,85.0,1
STU_002355,77.0,1
STU_002356,77.0,1
STU_002357,85.0,1
STU_002358,85.0,1
STU_002359,77.0,1
STU_002360,77.0,1
STU_002361,85.0,1
STU_002362,85.0,1
STU_002363,72.0,1
STU_002364,85.0,1
STU_002365,85.0,1
STU_002366,85.0,1
STU_002367,77.0,1
STU_002368,77.0,1
STU_002369,77.0,1
STU_002370,77.0,1
STU_002371,95.0,1
STU_002372,72.0,1
STU_002373,85.0,1
STU_002374,85.0,1
STU_002375,85.0,1
STU_002376,77.0,1
STU_002377,85.0,1
STU_002378,85.0,1
STU_002379,85.0,1
STU_002380,85.0,1
STU_002381,85.0,1
STU_002382,85.0,1
STU_002383,85.0,1
STU_002384,77.0,1
STU_002385,85.0,1
STU_002386,82.0,1
STU_002387,85.0,1
STU_002388,92.0,1
STU_002389,85.0,1
STU_002390,85.0,1
STU_002391,85.0,1
STU_002392,85.0,1
STU_002393,85.0,1
STU_002394,85.0,1
STU_002395,77.0,1
STU_002396,85.0,1
STU_002397,77.0,1
STU_002398,77.0,1
STU_002399,77.0,1
STU_002400,77.0,1
STU_002401,85.0,1
STU_002402,85.0,1
STU_002403,92.0,1
STU_002404,85.0,1
STU_002405,85.0,1
STU_002406,85.0,1
STU_002407,85.0,1
STU_002408,85.0,1
STU_002409,77.0,1
STU_002410,85.0,1
STU_002411,85.0,1
STU_002412,85.0,1
STU_002413,85.0,1
STU_002414,77.0,1
STU_002415,92.0,1
STU_002416,85.0,1
STU_002417,82.0,1
STU_002418,85.0,1
STU_002419,72.0,1
STU_002420,77.0,1
STU_002421,85.0,1
STU_002422,85.0,1
STU_002423,92.0,1
STU_002424,85.0,1
STU_002425,85.0,1
STU_002426,90.0,1
STU_002427,85.0,1
STU_002428,85.0,1
STU_002429,85.0,1
STU_002430,85.0,1
STU_002431,85.0,1
STU_002432,82.0,1
STU_002433,85.0,1
STU_002434,82.0,1
STU_002435,85.0,1
STU_002436,85.0,1
STU_002437,72.0,1
STU_002438,77.0,1
STU_002439,77.0,1
STU_002440,85.0,1
STU_002441,85.0,1
STU_002442,85.0,1
STU_002443,85.0,1
STU_002444,85.0,1
STU_002445,85.0,1
STU_002446,90.0,1
STU_002447,77.0,1
STU_002448,77.0,1
STU_002449,77.0,1
STU_002450,72.0,1
STU_002451,85.0,1
STU_002452,85.0,1
STU_002453,77.0,1
STU_002454,85.0,1
STU_002455,85.0,1
STU_002456,85.0,1
STU_002457,92.0,1
STU_002458,85.0,1
STU_002459,85.0,1
STU_002460,85.0,1
STU_002461,85.0,1
STU_002462,85.0,1
STU_002463,85.0,1
STU_002464,85.0,1
STU_002465,70.0,1
STU_002466,82.0,1
STU_002467,85.0,1
STU_002468,90.0,1
STU_002469,85.0,1
STU_002470,85.0,1
STU_002471,85.0,1
STU_002472,85.0,1
STU_002473,85.0,1
STU_002474,85.0,1
STU_002475,65.0,1
STU_002476,85.0,1
STU_002477,85.0,1
STU_002478,85.0,1
STU_002479,77.0,1
STU_002480,77.0,1
STU_002481,90.0,1
STU_002482,82.0,1
STU_002483,85.0,1
STU_002484,77.0,1
STU_002485,77.0,1
STU_002486,85.0,1
STU_002487,85.0,1
STU_002488,85.0,1
STU_002489,85.0,1
STU_002490,82.0,1
STU_002491,85.0,1
STU_002492,77.0,1
STU_002493,92.0,1
STU_002494,92.0,1
STU_002495,85.0,1
STU_002496,85.0,1
STU_002497,85.0,1
STU_002498,77.0,1
STU_002499,85.0,1
STU_002500,85.0,1
STU_002501,85.0,1
STU_002502,85.0,1
STU_002503,77.0,1
STU_002504,77.0,1
STU_002505,82.0,1
STU_002506,85.0,1
STU_002507,85.0,1
STU_002508,65.0,1
STU_002509,77.0,1
STU_002510,77.0,1
STU_002511,77.0,1
STU_002512,77.0,1
STU_002513,85.0,1
STU_002514,85.0,1
STU_002515,85.0,1
STU_002516,77.0,1
STU_002517,72.0,1
STU_002518,77.0,1
STU_002519,77.0,1
STU_002520,77.0,1
STU_002521,85.0,1
STU_002522,82.0,1
STU_002523,85.0,1
STU_002524,72.0,1
STU_002525,72.0,1
STU_002526,85.0,1
STU_002527,92.0,1
STU_002528,82.0,1
STU_002529,85.0,1
STU_002530,72.0,1
STU_002531,85.0,1
STU_002532,90.0,1
STU_002533,77.0,1
STU_002534,85.0,1
STU_002535,72.0,1
STU_002536,85.0,1
STU_002537,85.0,1
STU_002538,92.0,1
STU_002539,72.0,1
STU_002540,72.0,1
STU_002541,85.0,1
STU_002542,60.0,1
STU_002543,77.0,1
STU_002544,72.0,1
STU_002545,85.0,1
STU_002546,85.0,1
STU_002547,85.0,1
STU_002548,85.0,1
STU_002549,77.0,1
STU_002550,82.0,1
STU_002551,85.0,1
STU_002552,77.0,1
STU_002553,85.0,1
STU_002554,77.0,1
STU_002555,85.0,1
STU_002556,85.0,1
STU_002557,82.0,1
STU_002558,70.0,1
STU_002559,65.0,1
STU_002560,77.0,1
STU_002561,85.0,1
STU_002562,82.0,1
STU_002563,77.0,1
STU_002564,82.0,1
STU_002565,85.0,1
STU_002566,85.0,1
STU_002567,85.0,1
STU_002568,85.0,1
STU_002569,85.0,1
STU_002570,60.0,1
STU_002571,85.0,1
STU_002572,85.0,1
STU_002573,72.0,1
STU_002574,85.0,1
STU_002575,85.0,1
STU_002576,85.0,1
STU_002577,85.0,1
STU_002578,72.0,1
STU_002579,82.0,1
STU_002580,77.0,1
STU_002581,85.0,1
STU_002582,72.0,1
STU_002583,77.0,1
STU_002584,85.0,1
STU_002585,82.0,1
STU_002586,77.0,1
STU_002587,85.0,1
STU_002588,85.0,1
STU_002589,85.0,1
STU_002590,85.0,1
STU_002591,85.0,1
STU_002592,82.0,1
STU_002593,85.0,1
STU_002594,72.0,1
STU_002595,92.0,1
STU_002596,85.0,1
STU_002597,85.0,1
STU_002598,92.0,1
STU_002599,85.0,1
STU_002600,77.0,1
STU_002601,85.0,1
STU_002602,82.0,1
STU_002603,82.0,1
STU_002604,92.0,1
STU_002605,77.0,1
STU_002606,85.0,1
STU_002607,92.0,1
STU_002608,85.0,1
STU_002609,85.0,1
STU_002610,92.0,1
STU_002611,85.0,1
STU_002612,77.0,1
STU_002613,92.0,1
STU_002614,72.0,1
STU_002615,85.0,1
STU_002616,77.0,1
STU_002617,85.0,1
STU_002618,85.0,1
STU_002619,85.0,1
STU_002620,85.0,1
STU_002621,82.0,1
STU_002622,85.0,1
STU_002623,85.0,1
STU_002624,85.0,1
STU_002625,85.0,1
STU_002626,92.0,1
STU_002627,72.0,1
STU_002628,77.0,1
STU_002629,70.0,1
STU_002630,77.0,1
STU_002631,85.0,1
STU_002632,85.0,1
STU_002633,70.0,1
STU_002634,77.0,1
STU_002635,85.0,1
STU_002636,90.0,1
STU_002637,85.0,1
STU_002638,85.0,1
STU_002639,85.0,1
STU_002640,77.0,1
STU_002641,77.0,1
STU_002642,77.0,1
STU_002643,85.0,1
STU_002644,77.0,1
STU_002645,85.0,1
STU_002646,85.0,1
STU_002647,77.0,1
STU_002648,85.0,1
STU_002649,85.0,1
STU_002650,85.0,1
STU_002651,85.0,1
STU_002652,85.0,1
STU_002653,77.0,1
STU_002654,85.0,1
STU_002655,77.0,1
STU_002656,72.0,1
STU_002657,85.0,1
STU_002658,77.0,1
STU_002659,82.0,1
STU_002660,85.0,1
STU_002661,85.0,1
STU_002662,72.0,1
STU_002663,85.0,1
STU_002664,82.0,1
STU_002665,77.0,1
STU_002666,82.0,1
STU_002667,65.0,1
STU_002668,90.0,1
STU_002669,92.0,1
STU_002670,92.0,1
STU_002671,85.0,1
STU_002672,85.0,1
STU_002673,77.0,1
STU_002674,77.0,1
STU_002675,95.0,1
STU_002676,85.0,1
STU_002677,70.0,1
STU_002678,85.0,1
STU_002679,82.0,1
STU_002680,77.0,1
STU_002681,85.0,1
STU_002682,85.0,1
STU_002683,72.0,1
STU_002684,85.0,1
STU_002685,77.0,1
STU_002686,77.0,1
STU_002687,92.0,1
STU_002688,77.0,1
STU_002689,85.0,1
STU_002690,77.0,1
STU_002691,85.0,1
STU_002692,72.0,1
STU_002693,72.0,1
STU_002694,72.0,1
STU_002695,72.0,1
STU_002696,85.0,1
STU_002697,85.0,1
STU_002698,85.0,1
STU_002699,85.0,1
STU_002700,85.0,1
STU_002701,85.0,1
STU_002702,82.0,1
STU_002703,60.0,1
STU_002704,85.0,1
STU_002705,85.0,1
STU_002706,77.0,1
STU_002707,90.0,1
STU_002708,65.0,1
STU_002709,77.0,1
STU_002710,77.0,1
STU_002711,85.0,1
STU_002712,77.0,1
STU_002713,77.0,1
STU_002714,85.0,1
STU_002715,92.0,1
STU_002716,85.0,1
STU_002717,77.0,1
STU_002718,85.0,1
STU_002719,85.0,1
STU_002720,77.0,1
STU_002721,85.0,1
STU_002722,82.0,1
STU_002723,85.0,1
STU_002724,85.0,1
STU_002725,72.0,1
STU_002726,85.0,1
STU_002727,85.0,1
STU_002728,77.0,1
STU_002729,85.0,1
STU_002730,85.0,1
STU_002731,77.0,1
STU_002732,95.0,1
STU_002733,77.0,1
STU_002734,85.0,1
STU_002735,85.0,1
STU_002736,77.0,1
STU_002737,85.0,1
STU_002738,77.0,1
STU_002739,85.0,1
STU_002740,77.0,1
STU_002741,85.0,1
STU_002742,85.0,1
STU_002743,85.0,1
STU_002744,77.0,1
STU_002745,85.0,1
STU_002746,85.0,1
STU_002747,85.0,1
STU_002748,85.0,1
STU_002749,85.0,1
STU_002750,85.0,1
STU_002751,90.0,1
STU_002752,92.0,1
STU_002753,77.0,1
STU_002754,85.0,1
STU_002755,82.0,1
STU_002756,85.0,1
STU_002757,85.0,1
STU_002758,85.0,1
STU_002759,77.0,1
STU_002760,82.0,1
STU_002761,77.0,1
STU_002762,85.0,1
STU_002763,85.0,1
STU_002764,92.0,1
STU_002765,85.0,1
STU_002766,85.0,1
STU_002767,85.0,1
STU_002768,77.0,1
STU_002769,85.0,1
STU_002770,85.0,1
STU_002771,85.0,1
STU_002772,85.0,1
STU_002773,82.0,1
STU_002774,85.0,1
STU_002775,85.0,1
STU_002776,85.0,1
STU_002777,72.0,1
STU_002778,85.0,1
STU_002779,77.0,1
STU_002780,82.0,1
STU_002781,85.0,1
STU_002782,92.0,1
STU_002783,85.0,1
STU_002784,85.0,1
STU_002785,85.0,1
STU_002786,92.0,1
STU_002787,85.0,1
STU_002788,77.0,1
STU_002789,85.0,1
STU_002790,85.0,1
STU_002791,85.0,1
STU_002792,85.0,1
STU_002793,85.0,1
STU_002794,77.0,1
STU_002795,85.0,1
STU_002796,77.0,1
STU_002797,85.0,1
STU_002798,92.0,1
STU_002799,77.0,1
STU_002800,77.0,1
STU_002801,92.0,1
STU_002802,72.0,1
STU_002803,85.0,1
STU_002804,77.0,1
STU_002805,85.0,1
STU_002806,85.0,1
STU_002807,85.0,1
STU_002808,85.0,1
STU_002809,72.0,1
STU_002810,85.0,1
STU_002811,85.0,1
STU_002812,92.0,1
STU_002813,85.0,1
STU_002814,85.0,1
STU_002815,85.0,1
STU_002816,85.0,1
STU_002817,77.0,1
STU_002818,65.0,1
STU_002819,85.0,1
STU_002820,77.0,1
STU_002821,85.0,1
STU_002822,85.0,1
STU_002823,85.0,1
STU_002824,77.0,1
STU_002825,85.0,1
STU_002826,90.0,1
STU_002827,65.0,1
STU_002828,85.0,1
STU_002829,85.0,1
STU_002830,90.0,1
STU_002831,85.0,1
STU_002832,72.0,1
STU_002833,72.0,1
STU_002834,77.0,1
STU_002835,85.0,1
STU_002836,85.0,1
STU_002837,85.0,1
STU_002838,77.0,1
STU_002839,77.0,1
STU_002840,85.0,1
STU_002841,85.0,1
STU_002842,82.0,1
STU_002843,70.0,1
STU_002844,72.0,1
STU_002845,85.0,1
STU_002846,85.0,1
STU_002847,85.0,1
STU_002848,85.0,1
STU_002849,72.0,1
STU_002850,77.0,1
STU_002851,77.0,1
STU_002852,77.0,1
STU_002853,85.0,1
STU_002854,85.0,1
STU_002855,85.0,1
STU_002856,77.0,1
STU_002857,85.0,1
STU_002858,82.0,1
STU_002859,85.0,1
STU_002860,85.0,1
STU_002861,72.0,1
STU_002862,85.0,1
STU_002863,72.0,1
STU_002864,77.0,1
STU_002865,85.0,1
STU_002866,85.0,1
STU_002867,85.0,1
STU_002868,85.0,1
STU_002869,85.0,1
STU_002870,85.0,1
STU_002871,92.0,1
STU_002872,85.0,1
STU_002873,85.0,1
STU_002874,85.0,1
STU_002875,85.0,1
STU_002876,77.0,1
STU_002877,77.0,1
STU_002878,77.0,1
STU_002879,72.0,1
STU_002880,77.0,1
STU_002881,85.0,1
STU_002882,65.0,1
STU_002883,85.0,1
STU_002884,85.0,1
STU_002885,77.0,1
STU_002886,85.0,1
STU_002887,77.0,1
STU_002888,77.0,1
STU_002889,85.0,1
STU_002890,85.0,1
STU_002891,77.0,1
STU_002892,77.0,1
STU_002893,77.0,1
STU_002894,77.0,1
STU_002895,77.0,1
STU_002896,85.0,1
STU_002897,82.0,1
STU_002898,77.0,1
STU_002899,72.0,1
STU_002900,77.0,1
STU_002901,85.0,1
STU_002902,85.0,1
STU_002903,77.0,1
STU_002904,82.0,1
STU_002905,85.0,1
STU_002906,85.0,1
STU_002907,85.0,1
STU_002908,85.0,1
STU_002909,85.0,1
STU_002910,85.0,1
STU_002911,85.0,1
STU_002912,85.0,1
STU_002913,85.0,1
STU_002914,77.0,1
STU_002915,77.0,1
STU_002916,77.0,1
STU_002917,85.0,1
STU_002918,85.0,1
STU_002919,85.0,1
STU_002920,85.0,1
STU_002921,85.0,1
STU_002922,85.0,1
STU_002923,90.0,1
STU_002924,85.0,1
STU_002925,92.0,1
STU_002926,85.0,1
STU_002927,85.0,1
STU_002928,77.0,1
STU_002929,85.0,1
STU_002930,85.0,1
STU_002931,82.0,1
STU_002932,77.0,1
STU_002933,85.0,1
STU_002934,85.0,1
STU_002935,72.0,1
STU_002936,77.0,1
STU_002937,92.0,1
STU_002938,85.0,1
STU_002939,85.0,1
STU_002940,85.0,1
STU_002941,85.0,1
STU_002942,72.0,1
STU_002943,85.0,1
STU_002944,72.0,1
STU_002945,85.0,1
STU_002946,77.0,1
STU_002947,85.0,1
STU_002948,85.0,1
STU_002949,77.0,1
STU_002950,77.0,1
STU_002951,85.0,1
STU_002952,92.0,1
STU_002953,82.0,1
STU_002954,77.0,1
STU_002955,72.0,1
STU_002956,82.0,1
STU_002957,85.0,1
STU_002958,82.0,1
STU_002959,72.0,1
STU_002960,77.0,1
STU_002961,77.0,1
STU_002962,85.0,1
STU_002963,82.0,1
STU_002964,85.0,1
STU_002965,85.0,1
STU_002966,85.0,1
STU_002967,90.0,1
STU_002968,77.0,1
STU_002969,85.0,1
STU_002970,85.0,1
STU_002971,85.0,1
STU_002972,77.0,1
STU_002973,77.0,1
STU_002974,85.0,1
STU_002975,77.0,1
STU_002976,85.0,1
STU_002977,85.0,1
STU_002978,85.0,1
STU_002979,95.0,1
STU_002980,77.0,1
STU_002981,85.0,1
STU_002982,85.0,1
STU_002983,77.0,1
STU_002984,77.0,1
STU_002985,82.0,1
STU_002986,85.0,1
STU_002987,85.0,1
STU_002988,85.0,1
STU_002989,77.0,1
STU_002990,85.0,1
STU_002991,85.0,1
STU_002992,72.0,1
STU_002993,85.0,1
STU_002994,85.0,1
STU_002995,85.0,1
STU_002996,90.0,1
STU_002997,85.0,1
STU_002998,85.0,1
STU_002999,85.0,1
STU_003000,85.0,1
STU_003001,82.0,1
STU_003002,72.0,1
STU_003003,77.0,1
STU_003004,85.0,1
STU_003005,77.0,1
STU_003006,77.0,1
STU_003007,85.0,1
STU_003008,85.0,1
STU_003009,85.0,1
STU_003010,85.0,1
STU_003011,85.0,1
STU_003012,85.0,1
STU_003013,85.0,1
STU_003014,85.0,1
STU_003015,77.0,1
STU_003016,85.0,1
STU_003017,85.0,1
STU_003018,85.0,1
STU_003019,77.0,1
STU_003020,85.0,1
STU_003021,77.0,1
STU_003022,85.0,1
STU_003023,85.0,1
STU_003024,85.0,1
STU_003025,85.0,1
STU_003026,85.0,1
STU_003027,75.0,1
STU_003028,85.0,1
STU_003029,77.0,1
STU_003030,85.0,1
STU_003031,85.0,1
STU_003032,85.0,1
STU_003033,85.0,1
STU_003034,77.0,1
STU_003035,85.0,1
STU_003036,85.0,1
STU_003037,77.0,1
STU_003038,85.0,1
STU_003039,77.0,1
STU_003040,77.0,1
STU_003041,85.0,1
STU_003042,85.0,1
STU_003043,77.0,1
STU_003044,85.0,1
STU_003045,90.0,1
STU_003046,72.0,1
STU_003047,77.0,1
STU_003048,77.0,1
STU_003049,85.0,1
STU_003050,82.0,1
STU_003051,90.0,1
STU_003052,72.0,1
STU_003053,82.0,1
STU_003054,85.0,1
STU_003055,85.0,1
STU_003056,85.0,1
STU_003057,77.0,1
STU_003058,85.0,1
STU_003059,85.0,1
STU_003060,85.0,1
STU_003061,77.0,1
STU_003062,85.0,1
STU_003063,85.0,1
STU_003064,77.0,1
STU_003065,90.0,1
STU_003066,85.0,1
STU_003067,85.0,1
STU_003068,85.0,1
STU_003069,85.0,1
STU_003070,85.0,1
STU_003071,85.0,1
STU_003072,85.0,1
STU_003073,82.0,1
STU_003074,85.0,1
STU_003075,85.0,1
STU_003076,75.0,1
STU_003077,77.0,1
STU_003078,90.0,1
STU_003079,92.0,1
STU_003080,77.0,1
STU_003081,77.0,1
STU_003082,85.0,1
STU_003083,77.0,1
STU_003084,85.0,1
STU_003085,85.0,1
STU_003086,85.0,1
STU_003087,82.0,1
STU_003088,85.0,1
STU_003089,85.0,1
STU_003090,92.0,1
STU_003091,82.0,1
STU_003092,85.0,1
STU_003093,82.0,1
STU_003094,85.0,1
STU_003095,77.0,1
STU_003096,85.0,1
STU_003097,77.0,1
STU_003098,72.0,1
STU_003099,85.0,1
STU_003100,77.0,1
STU_003101,90.0,1
STU_003102,77.0,1
STU_003103,77.0,1
STU_003104,90.0,1
STU_003105,77.0,1
STU_003106,85.0,1
STU_003107,85.0,1
STU_003108,85.0,1
STU_003109,82.0,1
STU_003110,77.0,1
STU_003111,85.0,1
STU_003112,77.0,1
STU_003113,85.0,1
STU_003114,85.0,1
STU_003115,85.0,1
STU_003116,85.0,1
STU_003117,92.0,1
STU_003118,85.0,1
STU_003119,85.0,1
STU_003120,85.0,1
STU_003121,85.0,1
STU_003122,85.0,1
STU_003123,85.0,1
STU_003124,77.0,1
STU_003125,85.0,1
STU_003126,85.0,1
STU_003127,72.0,1
STU_003128,85.0,1
STU_003129,85.0,1
STU_003130,72.0,1
STU_003131,85.0,1
STU_003132,85.0,1
STU_003133,85.0,1
STU_003134,77.0,1
STU_003135,77.0,1
STU_003136,85.0,1
STU_003137,85.0,1
STU_003138,90.0,1
STU_003139,72.0,1
STU_003140,85.0,1
STU_003141,85.0,1
STU_003142,85.0,1
STU_003143,85.0,1
STU_003144,85.0,1
STU_003145,82.0,1
STU_003146,85.0,1
STU_003147,85.0,1
STU_003148,77.0,1
STU_003149,72.0,1
STU_003150,77.0,1
STU_003151,85.0,1
STU_003152,77.0,1
STU_003153,77.0,1
STU_003154,85.0,1
STU_003155,85.0,1
STU_003156,85.0,1
STU_003157,85.0,1
STU_003158,90.0,1
STU_003159,85.0,1
STU_003160,77.0,1
STU_003161,90.0,1
STU_003162,77.0,1
STU_003163,77.0,1
STU_003164,77.0,1
STU_003165,85.0,1
STU_003166,85.0,1
STU_003167,92.0,1
STU_003168,85.0,1
STU_003169,85.0,1
STU_003170,77.0,1
STU_003171,85.0,1
STU_003172,65.0,1
STU_003173,77.0,1
STU_003174,85.0,1
STU_003175,77.0,1
STU_003176,85.0,1
STU_003177,77.0,1
STU_003178,72.0,1
STU_003179,85.0,1
STU_003180,85.0,1
STU_003181,85.0,1
STU_003182,72.0,1
STU_003183,92.0,1
STU_003184,77.0,1
STU_003185,85.0,1
STU_003186,92.0,1
STU_003187,85.0,1
STU_003188,70.0,1
STU_003189,77.0,1
STU_003190,85.0,1
STU_003191,85.0,1
STU_003192,85.0,1
STU_003193,85.0,1
STU_003194,85.0,1
STU_003195,77.0,1
STU_003196,85.0,1
STU_003197,85.0,1
STU_003198,77.0,1
STU_003199,85.0,1
STU_003200,85.0,1
STU_003201,85.0,1
STU_003202,85.0,1
STU_003203,85.0,1
STU_003204,85.0,1
STU_003205,85.0,1
STU_003206,85.0,1
STU_003207,85.0,1
STU_003208,85.0,1
STU_003209,77.0,1
STU_003210,77.0,1
STU_003211,77.0,1
STU_003212,85.0,1
STU_003213,85.0,1
STU_003214,85.0,1
STU_003215,85.0,1
STU_003216,77.0,1
STU_003217,85.0,1
STU_003218,77.0,1
STU_003219,85.0,1
STU_003220,77.0,1
STU_003221,85.0,1
STU_003222,85.0,1
STU_003223,85.0,1
STU_003224,85.0,1
STU_003225,85.0,1
STU_003226,82.0,1
STU_003227,85.0,1
STU_003228,85.0,1
STU_003229,77.0,1
STU_003230,85.0,1
STU_003231,85.0,1
STU_003232,85.0,1
STU_003233,77.0,1
STU_003234,85.0,1
STU_003235,85.0,1
STU_003236,85.0,1
STU_003237,90.0,1
STU_003238,90.0,1
STU_003239,77.0,1
STU_003240,60.0,1
STU_003241,85.0,1
STU_003242,77.0,1
STU_003243,85.0,1
STU_003244,85.0,1
STU_003245,85.0,1
STU_003246,85.0,1
STU_003247,85.0,1
STU_003248,85.0,1
STU_003249,85.0,1
STU_003250,85.0,1
STU_003251,85.0,1
STU_003252,85.0,1
STU_003253,77.0,1
STU_003254,85.0,1
STU_003255,72.0,1
STU_003256,72.0,1
STU_003257,85.0,1
STU_003258,85.0,1
STU_003259,82.0,1
STU_003260,77.0,1
STU_003261,92.0,1
STU_003262,85.0,1
STU_003263,85.0,1
STU_003264,70.0,1
STU_003265,85.0,1
STU_003266,77.0,1
STU_003267,85.0,1
STU_003268,85.0,1
STU_003269,85.0,1
STU_003270,85.0,1
STU_003271,85.0,1
STU_003272,85.0,1
STU_003273,85.0,1
STU_003274,77.0,1
STU_003275,85.0,1
STU_003276,85.0,1
STU_003277,85.0,1
STU_003278,85.0,1
STU_003279,85.0,1
STU_003280,85.0,1
STU_003281,85.0,1
STU_003282,77.0,1
STU_003283,77.0,1
STU_003284,85.0,1
STU_003285,85.0,1
STU_003286,85.0,1
STU_003287,82.0,1
STU_003288,77.0,1
STU_003289,85.0,1
STU_003290,85.0,1
STU_003291,77.0,1
STU_003292,92.0,1
STU_003293,92.0,1
STU_003294,82.0,1
STU_003295,85.0,1
STU_003296,77.0,1
STU_003297,77.0,1
STU_003298,82.0,1
STU_003299,90.0,1
STU_003300,77.0,1
STU_003301,85.0,1
STU_003302,77.0,1
STU_003303,77.0,1
STU_003304,77.0,1
STU_003305,77.0,1
STU_003306,85.0,1
STU_003307,77.0,1
STU_003308,77.0,1
STU_003309,77.0,1
STU_003310,85.0,1
STU_003311,72.0,1
STU_003312,77.0,1
STU_003313,85.0,1
STU_003314,77.0,1
STU_003315,77.0,1
STU_003316,77.0,1
STU_003317,85.0,1
STU_003318,82.0,1
STU_003319,85.0,1
STU_003320,85.0,1
STU_003321,77.0,1
STU_003322,77.0,1
STU_003323,85.0,1
STU_003324,85.0,1
STU_003325,85.0,1
STU_003326,85.0,1
STU_003327,92.0,1
STU_003328,77.0,1
STU_003329,77.0,1
STU_003330,77.0,1
STU_003331,85.0,1
STU_003332,85.0,1
STU_003333,85.0,1
STU_003334,77.0,1
STU_003335,85.0,1
STU_003336,85.0,1
STU_003337,85.0,1
STU_003338,85.0,1
STU_003339,92.0,1
STU_003340,77.0,1
STU_003341,85.0,1
STU_003342,85.0,1
STU_003343,85.0,1
STU_003344,85.0,1
STU_003345,85.0,1
STU_003346,85.0,1
STU_003347,85.0,1
STU_003348,85.0,1
STU_003349,85.0,1
STU_003350,82.0,1
STU_003351,92.0,1
STU_003352,85.0,1
STU_003353,77.0,1
STU_003354,85.0,1
STU_003355,70.0,1
STU_003356,82.0,1
STU_003357,77.0,1
STU_003358,77.0,1
STU_003359,72.0,1
STU_003360,85.0,1
STU_003361,77.0,1
STU_003362,70.0,1
STU_003363,85.0,1
STU_003364,85.0,1
STU_003365,77.0,1
STU_003366,85.0,1
STU_003367,85.0,1
STU_003368,85.0,1
STU_003369,82.0,1
STU_003370,85.0,1
STU_003371,85.0,1
STU_003372,85.0,1
STU_003373,77.0,1
STU_003374,85.0,1
STU_003375,85.0,1
STU_003376,85.0,1
STU_003377,85.0,1
STU_003378,85.0,1
STU_003379,90.0,1
STU_003380,85.0,1
STU_003381,85.0,1
STU_003382,77.0,1
STU_003383,85.0,1
STU_003384,72.0,1
STU_003385,77.0,1
STU_003386,77.0,1
STU_003387,85.0,1
STU_003388,85.0,1
STU_003389,77.0,1
STU_003390,85.0,1
STU_003391,85.0,1
STU_003392,77.0,1
STU_003393,77.0,1
STU_003394,85.0,1
STU_003395,85.0,1
STU_003396,85.0,1
STU_003397,85.0,1
STU_003398,90.0,1
STU_003399,85.0,1
STU_003400,85.0,1
STU_003401,85.0,1
STU_003402,82.0,1
STU_003403,85.0,1
STU_003404,85.0,1
STU_003405,85.0,1
STU_003406,85.0,1
STU_003407,77.0,1
STU_003408,77.0,1
STU_003409,82.0,1
STU_003410,72.0,1
STU_003411,82.0,1
STU_003412,72.0,1
STU_003413,85.0,1
STU_003414,85.0,1
STU_003415,85.0,1
STU_003416,85.0,1
STU_003417,77.0,1
STU_003418,85.0,1
STU_003419,77.0,1
STU_003420,77.0,1
STU_003421,85.0,1
STU_003422,85.0,1
STU_003423,85.0,1
STU_003424,85.0,1
STU_003425,77.0,1
STU_003426,85.0,1
STU_003427,85.0,1
STU_003428,85.0,1
STU_003429,85.0,1
STU_003430,85.0,1
STU_003431,85.0,1
STU_003432,85.0,1
STU_003433,85.0,1
STU_003434,85.0,1
STU_003435,85.0,1
STU_003436,70.0,1
STU_003437,77.0,1
STU_003438,85.0,1
STU_003439,77.0,1
STU_003440,82.0,1
STU_003441,90.0,1
STU_003442,85.0,1
STU_003443,85.0,1
STU_003444,77.0,1
STU_003445,77.0,1
STU_003446,85.0,1
STU_003447,90.0,1
STU_003448,82.0,1
STU_003449,85.0,1
STU_003450,77.0,1
STU_003451,85.0,1
STU_003452,72.0,1
STU_003453,85.0,1
STU_003454,85.0,1
STU_003455,82.0,1
STU_003456,90.0,1
STU_003457,85.0,1
STU_003458,85.0,1
STU_003459,90.0,1
STU_003460,77.0,1
STU_003461,85.0,1
STU_003462,77.0,1
STU_003463,95.0,1
STU_003464,90.0,1
STU_003465,85.0,1
STU_003466,77.0,1
STU_003467,77.0,1
STU_003468,85.0,1
STU_003469,85.0,1
STU_003470,85.0,1
STU_003471,77.0,1
STU_003472,85.0,1
STU_003473,85.0,1
STU_003474,85.0,1
STU_003475,77.0,1
STU_003476,85.0,1
STU_003477,95.0,1
STU_003478,82.0,1
STU_003479,72.0,1
STU_003480,85.0,1
STU_003481,77.0,1
STU_003482,85.0,1
STU_003483,77.0,1
STU_003484,85.0,1
STU_003485,85.0,1
STU_003486,77.0,1
STU_003487,90.0,1
STU_003488,77.0,1
STU_003489,85.0,1
STU_003490,85.0,1
STU_003491,90.0,1
STU_003492,85.0,1
STU_003493,85.0,1
STU_003494,85.0,1
STU_003495,77.0,1
STU_003496,85.0,1
STU_003497,85.0,1
STU_003498,72.0,1
STU_003499,85.0,1
STU_003500,85.0,1
STU_003501,72.0,1
STU_003502,85.0,1
STU_003503,85.0,1
STU_003504,85.0,1
STU_003505,95.0,1
STU_003506,90.0,1
STU_003507,85.0,1
STU_003508,85.0,1
STU_003509,85.0,1
STU_003510,92.0,1
STU_003511,85.0,1
STU_003512,85.0,1
STU_003513,77.0,1
STU_003514,85.0,1
STU_003515,85.0,1
STU_003516,85.0,1
STU_003517,77.0,1
STU_003518,90.0,1
STU_003519,77.0,1
STU_003520,77.0,1
STU_003521,85.0,1
STU_003522,92.0,1
STU_003523,85.0,1
STU_003524,77.0,1
STU_003525,85.0,1
STU_003526,85.0,1
STU_003527,95.0,1
STU_003528,77.0,1
STU_003529,85.0,1
STU_003530,77.0,1
STU_003531,77.0,1
STU_003532,82.0,1
STU_003533,85.0,1
STU_003534,92.0,1
STU_003535,77.0,1
STU_003536,85.0,1
STU_003537,85.0,1
STU_003538,77.0,1
STU_003539,85.0,1
STU_003540,85.0,1
STU_003541,72.0,1
STU_003542,85.0,1
STU_003543,85.0,1
STU_003544,85.0,1
STU_003545,85.0,1
STU_003546,85.0,1
STU_003547,85.0,1
STU_003548,92.0,1
STU_003549,85.0,1
STU_003550,85.0,1
STU_003551,77.0,1
STU_003552,77.0,1
STU_003553,85.0,1
STU_003554,72.0,1
STU_003555,77.0,1
STU_003556,85.0,1
STU_003557,72.0,1
STU_003558,82.0,1
STU_003559,77.0,1
STU_003560,85.0,1
STU_003561,85.0,1
STU_003562,77.0,1
STU_003563,85.0,1
STU_003564,77.0,1
STU_003565,85.0,1
STU_003566,77.0,1
STU_003567,85.0,1
STU_003568,77.0,1
STU_003569,77.0,1
STU_003570,85.0,1
STU_003571,82.0,1
STU_003572,77.0,1
STU_003573,85.0,1
STU_003574,82.0,1
STU_003575,85.0,1
STU_003576,85.0,1
STU_003577,85.0,1
STU_003578,85.0,1
STU_003579,85.0,1
STU_003580,77.0,1
STU_003581,85.0,1
STU_003582,82.0,1
STU_003583,85.0,1
STU_003584,77.0,1
STU_003585,77.0,1
STU_003586,85.0,1
STU_003587,65.0,1
STU_003588,77.0,1
STU_003589,77.0,1
STU_003590,77.0,1
STU_003591,85.0,1
STU_003592,85.0,1
STU_003593,85.0,1
STU_003594,85.0,1
STU_003595,85.0,1
STU_003596,85.0,1
STU_003597,85.0,1
STU_003598,85.0,1
STU_003599,85.0,1
STU_003600,85.0,1
STU_003601,92.0,1
STU_003602,85.0,1
STU_003603,85.0,1
STU_003604,85.0,1
STU_003605,85.0,1
STU_003606,72.0,1
STU_003607,90.0,1
STU_003608,77.0,1
STU_003609,77.0,1
STU_003610,85.0,1
STU_003611,85.0,1
STU_003612,82.0,1
STU_003613,77.0,1
STU_003614,77.0,1
STU_003615,85.0,1
STU_003616,85.0,1
STU_003617,85.0,1
STU_003618,85.0,1
STU_003619,92.0,1
STU_003620,85.0,1
STU_003621,85.0,1
STU_003622,85.0,1
STU_003623,85.0,1
STU_003624,72.0,1
STU_003625,90.0,1
STU_003626,85.0,1
STU_003627,85.0,1
STU_003628,85.0,1
STU_003629,77.0,1
STU_003630,77.0,1
STU_003631,85.0,1
STU_003632,92.0,1
STU_003633,77.0,1
STU_003634,85.0,1
STU_003635,85.0,1
STU_003636,85.0,1
STU_003637,85.0,1
STU_003638,77.0,1
STU_003639,85.0,1
STU_003640,85.0,1
STU_003641,85.0,1
STU_003642,85.0,1
STU_003643,85.0,1
STU_003644,92.0,1
STU_003645,77.0,1
STU_003646,85.0,1
STU_003647,72.0,1
STU_003648,77.0,1
STU_003649,85.0,1
STU_003650,77.0,1
STU_003651,85.0,1
STU_003652,77.0,1
STU_003653,85.0,1
STU_003654,85.0,1
STU_003655,77.0,1
STU_003656,85.0,1
STU_003657,82.0,1
STU_003658,85.0,1
STU_003659,72.0,1
STU_003660,85.0,1
STU_003661,85.0,1
STU_003662,85.0,1
STU_003663,85.0,1
STU_003664,85.0,1
STU_003665,85.0,1
STU_003666,85.0,1
STU_003667,92.0,1
STU_003668,77.0,1
STU_003669,72.0,1
STU_003670,85.0,1
STU_003671,85.0,1
STU_003672,85.0,1
STU_003673,77.0,1
STU_003674,85.0,1
STU_003675,82.0,1
STU_003676,77.0,1
STU_003677,85.0,1
STU_003678,85.0,1
STU_003679,77.0,1
STU_003680,85.0,1
STU_003681,85.0,1
STU_003682,85.0,1
STU_003683,85.0,1
STU_003684,72.0,1
STU_003685,85.0,1
STU_003686,82.0,1
STU_003687,92.0,1
STU_003688,72.0,1
STU_003689,85.0,1
STU_003690,85.0,1
STU_003691,77.0,1
STU_003692,90.0,1
STU_003693,77.0,1
STU_003694,77.0,1
STU_003695,85.0,1
STU_003696,82.0,1
STU_003697,85.0,1
STU_003698,85.0,1
STU_003699,85.0,1
STU_003700,77.0,1
STU_003701,85.0,1
STU_003702,77.0,1
STU_003703,85.0,1
STU_003704,92.0,1
STU_003705,65.0,1
STU_003706,77.0,1
STU_003707,85.0,1
STU_003708,85.0,1
STU_003709,70.0,1
STU_003710,85.0,1
STU_003711,70.0,1
STU_003712,72.0,1
STU_003713,72.0,1
STU_003714,77.0,1
STU_003715,95.0,1
STU_003716,92.0,1
STU_003717,77.0,1
STU_003718,77.0,1
STU_003719,85.0,1
STU_003720,77.0,1
STU_003721,90.0,1
STU_003722,85.0,1
STU_003723,72.0,1
STU_003724,85.0,1
STU_003725,77.0,1
STU_003726,85.0,1
STU_003727,77.0,1
STU_003728,85.0,1
STU_003729,77.0,1
STU_003730,85.0,1
STU_003731,85.0,1
STU_003732,85.0,1
STU_003733,85.0,1
STU_003734,82.0,1
STU_003735,77.0,1
STU_003736,77.0,1
STU_003737,85.0,1
STU_003738,85.0,1
STU_003739,85.0,1
STU_003740,82.0,1
STU_003741,90.0,1
STU_003742,85.0,1
STU_003743,72.0,1
STU_003744,77.0,1
STU_003745,85.0,1
STU_003746,77.0,1
STU_003747,65.0,1
STU_003748,85.0,1
STU_003749,77.0,1
STU_003750,85.0,1
STU_003751,90.0,1
STU_003752,85.0,1
STU_003753,72.0,1
STU_003754,85.0,1
STU_003755,85.0,1
STU_003756,85.0,1
STU_003757,92.0,1
STU_003758,77.0,1
STU_003759,85.0,1
STU_003760,85.0,1
STU_003761,85.0,1
STU_003762,92.0,1
STU_003763,85.0,1
STU_003764,85.0,1
STU_003765,85.0,1
STU_003766,85.0,1
STU_003767,92.0,1
STU_003768,72.0,1
STU_003769,82.0,1
STU_003770,92.0,1
STU_003771,85.0,1
STU_003772,72.0,1
STU_003773,85.0,1
STU_003774,77.0,1
STU_003775,85.0,1
STU_003776,77.0,1
STU_003777,85.0,1
STU_003778,85.0,1
STU_003779,85.0,1
STU_003780,85.0,1
STU_003781,85.0,1
STU_003782,85.0,1
STU_003783,92.0,1
STU_003784,85.0,1
STU_003785,85.0,1
STU_003786,85.0,1
STU_003787,85.0,1
STU_003788,77.0,1
STU_003789,77.0,1
STU_003790,95.0,1
STU_003791,82.0,1
STU_003792,92.0,1
STU_003793,77.0,1
STU_003794,85.0,1
STU_003795,85.0,1
STU_003796,85.0,1
STU_003797,85.0,1
STU_003798,77.0,1
STU_003799,77.0,1
STU_003800,92.0,1
STU_003801,77.0,1
STU_003802,72.0,1
STU_003803,77.0,1
STU_003804,85.0,1
STU_003805,85.0,1
STU_003806,85.0,1
STU_003807,77.0,1
STU_003808,85.0,1
STU_003809,77.0,1
STU_003810,85.0,1
STU_003811,77.0,1
STU_003812,82.0,1
STU_003813,85.0,1
STU_003814,85.0,1
STU_003815,72.0,1
STU_003816,85.0,1
STU_003817,85.0,1
STU_003818,85.0,1
STU_003819,77.0,1
STU_003820,82.0,1
STU_003821,85.0,1
STU_003822,85.0,1
STU_003823,85.0,1
STU_003824,85.0,1
STU_003825,85.0,1
STU_003826,77.0,1
STU_003827,92.0,1
STU_003828,77.0,1
STU_003829,77.0,1
STU_003830,90.0,1
STU_003831,82.0,1
STU_003832,85.0,1
STU_003833,85.0,1
STU_003834,77.0,1
STU_003835,77.0,1
STU_003836,72.0,1
STU_003837,85.0,1
STU_003838,72.0,1
STU_003839,85.0,1
STU_003840,77.0,1
STU_003841,77.0,1
STU_003842,77.0,1
STU_003843,85.0,1
STU_003844,85.0,1
STU_003845,77.0,1
STU_003846,85.0,1
STU_003847,85.0,1
STU_003848,85.0,1
STU_003849,85.0,1
STU_003850,85.0,1
STU_003851,85.0,1
STU_003852,85.0,1
STU_003853,85.0,1
STU_003854,85.0,1
STU_003855,85.0,1
STU_003856,85.0,1
STU_003857,90.0,1
STU_003858,82.0,1
STU_003859,85.0,1
STU_003860,77.0,1
STU_003861,77.0,1
STU_003862,77.0,1
STU_003863,77.0,1
STU_003864,82.0,1
STU_003865,85.0,1
STU_003866,85.0,1
STU_003867,85.0,1
STU_003868,85.0,1
STU_003869,85.0,1
STU_003870,85.0,1
STU_003871,72.0,1
STU_003872,85.0,1
STU_003873,85.0,1
STU_003874,85.0,1
STU_003875,85.0,1
STU_003876,82.0,1
STU_003877,85.0,1
STU_003878,77.0,1
STU_003879,85.0,1
STU_003880,85.0,1
STU_003881,70.0,1
STU_003882,85.0,1
STU_003883,82.0,1
STU_003884,77.0,1
STU_003885,85.0,1
STU_003886,85.0,1
STU_003887,85.0,1
STU_003888,77.0,1
STU_003889,77.0,1
STU_003890,85.0,1
STU_003891,77.0,1
STU_003892,82.0,1
STU_003893,85.0,1
STU_003894,82.0,1
STU_003895,82.0,1
STU_003896,77.0,1
STU_003897,85.0,1
STU_003898,85.0,1
STU_003899,85.0,1
STU_003900,85.0,1
STU_003901,70.0,1
STU_003902,85.0,1
STU_003903,85.0,1
STU_003904,85.0,1
STU_003905,90.0,1
STU_003906,85.0,1
STU_003907,77.0,1
STU_003908,85.0,1
STU_003909,85.0,1
STU_003910,77.0,1
STU_003911,85.0,1
STU_003912,60.0,1
STU_003913,85.0,1
STU_003914,77.0,1
STU_003915,72.0,1
STU_003916,85.0,1
STU_003917,85.0,1
STU_003918,93.0,1
STU_003919,85.0,1
STU_003920,85.0,1
STU_003921,85.0,1
STU_003922,85.0,1
STU_003923,72.0,1
STU_003924,82.0,1
STU_003925,92.0,1
STU_003926,85.0,1
STU_003927,77.0,1
STU_003928,77.0,1
STU_003929,85.0,1
STU_003930,85.0,1
STU_003931,77.0,1
STU_003932,85.0,1
STU_003933,85.0,1
STU_003934,77.0,1
STU_003935,77.0,1
STU_003936,85.0,1
STU_003937,85.0,1
STU_003938,77.0,1
STU_003939,85.0,1
STU_003940,82.0,1
STU_003941,77.0,1
STU_003942,85.0,1
STU_003943,85.0,1
STU_003944,90.0,1
STU_003945,85.0,1
STU_003946,85.0,1
STU_003947,72.0,1
STU_003948,85.0,1
STU_003949,85.0,1
STU_003950,77.0,1
STU_003951,77.0,1
STU_003952,85.0,1
STU_003953,85.0,1
STU_003954,77.0,1
STU_003955,77.0,1
STU_003956,85.0,1
STU_003957,77.0,1
STU_003958,85.0,1
STU_003959,85.0,1
STU_003960,85.0,1
STU_003961,85.0,1
STU_003962,77.0,1
STU_003963,90.0,1
STU_003964,77.0,1
STU_003965,77.0,1
STU_003966,77.0,1
STU_003967,77.0,1
STU_003968,85.0,1
STU_003969,85.0,1
STU_003970,85.0,1
STU_003971,85.0,1
STU_003972,85.0,1
STU_003973,85.0,1
STU_003974,85.0,1
STU_003975,77.0,1
STU_003976,82.0,1
STU_003977,70.0,1
STU_003978,77.0,1
STU_003979,77.0,1
STU_003980,85.0,1
STU_003981,85.0,1
STU_003982,85.0,1
STU_003983,85.0,1
STU_003984,77.0,1
STU_003985,77.0,1
STU_003986,90.0,1
STU_003987,77.0,1
STU_003988,77.0,1
STU_003989,77.0,1
STU_003990,85.0,1
STU_003991,85.0,1
STU_003992,72.0,1
STU_003993,77.0,1
STU_003994,85.0,1
STU_003995,85.0,1
STU_003996,85.0,1
STU_003997,85.0,1
STU_003998,90.0,1
STU_003999,82.0,1
STU_004000,77.0,1
STU_004001,77.0,1
STU_004002,85.0,1
STU_004003,85.0,1
STU_004004,85.0,1
STU_004005,85.0,1
STU_004006,85.0,1
STU_004007,92.0,1
STU_004008,77.0,1
STU_004009,85.0,1
STU_004010,85.0,1
STU_004011,85.0,1
STU_004012,85.0,1
STU_004013,85.0,1
STU_004014,85.0,1
STU_004015,85.0,1
STU_004016,85.0,1
STU_004017,85.0,1
STU_004018,85.0,1
STU_004019,85.0,1
STU_004020,82.0,1
STU_004021,77.0,1
STU_004022,85.0,1
STU_004023,85.0,1
STU_004024,90.0,1
STU_004025,85.0,1
STU_004026,77.0,1
STU_004027,90.0,1
STU_004028,77.0,1
STU_004029,85.0,1
STU_004030,77.0,1
STU_004031,85.0,1
STU_004032,85.0,1
STU_004033,85.0,1
STU_004034,92.0,1
STU_004035,85.0,1
STU_004036,85.0,1
STU_004037,85.0,1
STU_004038,77.0,1
STU_004039,85.0,1
STU_004040,85.0,1
STU_004041,77.0,1
STU_004042,77.0,1
STU_004043,85.0,1
STU_004044,77.0,1
STU_004045,85.0,1
STU_004046,90.0,1
STU_004047,85.0,1
STU_004048,85.0,1
STU_004049,72.0,1
STU_004050,77.0,1
STU_004051,77.0,1
STU_004052,85.0,1
STU_004053,85.0,1
STU_004054,85.0,1
STU_004055,82.0,1
STU_004056,72.0,1
STU_004057,85.0,1
STU_004058,95.0,1
STU_004059,77.0,1
STU_004060,77.0,1
STU_004061,85.0,1
STU_004062,85.0,1
STU_004063,65.0,1
STU_004064,77.0,1
STU_004065,85.0,1
STU_004066,85.0,1
STU_004067,90.0,1
STU_004068,85.0,1
STU_004069,85.0,1
STU_004070,77.0,1
STU_004071,72.0,1
STU_004072,85.0,1
STU_004073,85.0,1
STU_004074,77.0,1
STU_004075,85.0,1
STU_004076,85.0,1
STU_004077,85.0,1
STU_004078,85.0,1
STU_004079,85.0,1
STU_004080,85.0,1
STU_004081,77.0,1
STU_004082,85.0,1
STU_004083,85.0,1
STU_004084,93.0,1
STU_004085,82.0,1
STU_004086,85.0,1
STU_004087,77.0,1
STU_004088,60.0,1
STU_004089,92.0,1
STU_004090,93.0,1
STU_004091,85.0,1
STU_004092,85.0,1
STU_004093,85.0,1
STU_004094,77.0,1
STU_004095,82.0,1
STU_004096,82.0,1
STU_004097,77.0,1
STU_004098,77.0,1
STU_004099,77.0,1
STU_004100,85.0,1
STU_004101,85.0,1
STU_004102,85.0,1
STU_004103,85.0,1
STU_004104,77.0,1
STU_004105,77.0,1
STU_004106,85.0,1
STU_004107,77.0,1
STU_004108,85.0,1
STU_004109,77.0,1
STU_004110,85.0,1
STU_004111,85.0,1
STU_004112,82.0,1
STU_004113,85.0,1
STU_004114,85.0,1
STU_004115,85.0,1
STU_004116,85.0,1
STU_004117,77.0,1
STU_004118,77.0,1
STU_004119,85.0,1
STU_004120,85.0,1
STU_004121,82.0,1
STU_004122,77.0,1
STU_004123,85.0,1
STU_004124,77.0,1
STU_004125,85.0,1
STU_004126,77.0,1
STU_004127,85.0,1
STU_004128,77.0,1
STU_004129,85.0,1
STU_004130,77.0,1
STU_004131,85.0,1
STU_004132,85.0,1
STU_004133,85.0,1
STU_004134,77.0,1
STU_004135,85.0,1
STU_004136,85.0,1
STU_004137,85.0,1
STU_004138,82.0,1
STU_004139,77.0,1
STU_004140,92.0,1
STU_004141,77.0,1
STU_004142,85.0,1
STU_004143,77.0,1
STU_004144,77.0,1
STU_004145,85.0,1
STU_004146,85.0,1
STU_004147,85.0,1
STU_004148,85.0,1
STU_004149,77.0,1
STU_004150,77.0,1
STU_004151,85.0,1
STU_004152,77.0,1
STU_004153,85.0,1
STU_004154,85.0,1
STU_004155,85.0,1
STU_004156,85.0,1
STU_004157,77.0,1
STU_004158,85.0,1
STU_004159,77.0,1
STU_004160,85.0,1
STU_004161,85.0,1
STU_004162,77.0,1
STU_004163,77.0,1
STU_004164,85.0,1
STU_004165,85.0,1
STU_004166,90.0,1
STU_004167,65.0,1
STU_004168,77.0,1
STU_004169,85.0,1
STU_004170,85.0,1
STU_004171,85.0,1
STU_004172,77.0,1
STU_004173,85.0,1
STU_004174,90.0,1
STU_004175,77.0,1
STU_004176,77.0,1
STU_004177,92.0,1
STU_004178,85.0,1
STU_004179,85.0,1
STU_004180,85.0,1
STU_004181,82.0,1
STU_004182,82.0,1
STU_004183,85.0,1
STU_004184,77.0,1
STU_004185,85.0,1
STU_004186,72.0,1
STU_004187,85.0,1
STU_004188,82.0,1
STU_004189,85.0,1
STU_004190,85.0,1
STU_004191,85.0,1
STU_004192,77.0,1
STU_004193,85.0,1
STU_004194,77.0,1
STU_004195,85.0,1
STU_004196,77.0,1
STU_004197,77.0,1
STU_004198,85.0,1
STU_004199,85.0,1
STU_004200,82.0,1
STU_004201,85.0,1
STU_004202,85.0,1
STU_004203,85.0,1
STU_004204,90.0,1
STU_004205,70.0,1
STU_004206,77.0,1
STU_004207,85.0,1
STU_004208,85.0,1
STU_004209,85.0,1
STU_004210,85.0,1
STU_004211,72.0,1
STU_004212,85.0,1
STU_004213,77.0,1
STU_004214,85.0,1
STU_004215,85.0,1
STU_004216,90.0,1
STU_004217,65.0,1
STU_004218,85.0,1
STU_004219,85.0,1
STU_004220,85.0,1
STU_004221,85.0,1
STU_004222,77.0,1
STU_004223,77.0,1
STU_004224,85.0,1
STU_004225,90.0,1
STU_004226,85.0,1
STU_004227,85.0,1
STU_004228,85.0,1
STU_004229,85.0,1
STU_004230,77.0,1
STU_004231,77.0,1
STU_004232,85.0,1
STU_004233,85.0,1
STU_004234,77.0,1
STU_004235,77.0,1
STU_004236,85.0,1
STU_004237,77.0,1
STU_004238,85.0,1
STU_004239,85.0,1
STU_004240,85.0,1
STU_004241,92.0,1
STU_004242,85.0,1
STU_004243,60.0,1
STU_004244,85.0,1
STU_004245,77.0,1
STU_004246,85.0,1
STU_004247,92.0,1
STU_004248,77.0,1
STU_004249,85.0,1
STU_004250,70.0,1
STU_004251,77.0,1
STU_004252,85.0,1
STU_004253,85.0,1
STU_004254,77.0,1
STU_004255,85.0,1
STU_004256,85.0,1
STU_004257,85.0,1
STU_004258,77.0,1
STU_004259,85.0,1
STU_004260,72.0,1
STU_004261,77.0,1
STU_004262,85.0,1
STU_004263,85.0,1
STU_004264,85.0,1
STU_004265,85.0,1
STU_004266,77.0,1
STU_004267,77.0,1
STU_004268,77.0,1
STU_004269,72.0,1
STU_004270,85.0,1
STU_004271,82.0,1
STU_004272,85.0,1
STU_004273,72.0,1
STU_004274,85.0,1
STU_004275,77.0,1
STU_004276,92.0,1
STU_004277,72.0,1
STU_004278,72.0,1
STU_004279,85.0,1
STU_004280,72.0,1
STU_004281,85.0,1
STU_004282,85.0,1
STU_004283,77.0,1
STU_004284,85.0,1
STU_004285,85.0,1
STU_004286,85.0,1
STU_004287,90.0,1
STU_004288,85.0,1
STU_004289,85.0,1
STU_004290,85.0,1
STU_004291,92.0,1
STU_004292,72.0,1
STU_004293,85.0,1
STU_004294,85.0,1
STU_004295,85.0,1
STU_004296,77.0,1
STU_004297,85.0,1
STU_004298,85.0,1
STU_004299,85.0,1
STU_004300,77.0,1
STU_004301,77.0,1
STU_004302,85.0,1
STU_004303,85.0,1
STU_004304,85.0,1
STU_004305,85.0,1
STU_004306,85.0,1
STU_004307,77.0,1
STU_004308,77.0,1
STU_004309,77.0,1
STU_004310,85.0,1
STU_004311,77.0,1
STU_004312,92.0,1
STU_004313,85.0,1
STU_004314,77.0,1
STU_004315,85.0,1
STU_004316,85.0,1
STU_004317,85.0,1
STU_004318,85.0,1
STU_004319,77.0,1
STU_004320,85.0,1
STU_004321,85.0,1
STU_004322,77.0,1
STU_004323,85.0,1
STU_004324,85.0,1
STU_004325,77.0,1
STU_004326,85.0,1
STU_004327,85.0,1
STU_004328,77.0,1
STU_004329,85.0,1
STU_004330,77.0,1
STU_004331,85.0,1
STU_004332,77.0,1
STU_004333,85.0,1
STU_004334,77.0,1
STU_004335,77.0,1
STU_004336,85.0,1
STU_004337,85.0,1
STU_004338,77.0,1
STU_004339,85.0,1
STU_004340,85.0,1
STU_004341,85.0,1
STU_004342,85.0,1
STU_004343,77.0,1
STU_004344,85.0,1
STU_004345,85.0,1
STU_004346,85.0,1
STU_004347,82.0,1
STU_004348,85.0,1
STU_004349,77.0,1
STU_004350,85.0,1
STU_004351,85.0,1
STU_004352,77.0,1
STU_004353,85.0,1
STU_004354,72.0,1
STU_004355,65.0,1
STU_004356,85.0,1
STU_004357,82.0,1
STU_004358,85.0,1
STU_004359,77.0,1
STU_004360,85.0,1
STU_004361,85.0,1
STU_004362,85.0,1
STU_004363,70.0,1
STU_004364,77.0,1
STU_004365,77.0,1
STU_004366,92.0,1
STU_004367,77.0,1
STU_004368,85.0,1
STU_004369,85.0,1
STU_004370,85.0,1
STU_004371,85.0,1
STU_004372,85.0,1
STU_004373,85.0,1
STU_004374,85.0,1
STU_004375,90.0,1
STU_004376,85.0,1
STU_004377,82.0,1
STU_004378,92.0,1
STU_004379,72.0,1
STU_004380,85.0,1
STU_004381,85.0,1
STU_004382,85.0,1
STU_004383,92.0,1
STU_004384,77.0,1
STU_004385,93.0,1
STU_004386,77.0,1
STU_004387,85.0,1
STU_004388,60.0,1
STU_004389,82.0,1
STU_004390,77.0,1
STU_004391,85.0,1
STU_004392,82.0,1
STU_004393,85.0,1
STU_004394,82.0,1
STU_004395,85.0,1
STU_004396,85.0,1
STU_004397,72.0,1
STU_004398,85.0,1
STU_004399,85.0,1
STU_004400,72.0,1
STU_004401,85.0,1
STU_004402,85.0,1
STU_004403,85.0,1
STU_004404,92.0,1
STU_004405,72.0,1
STU_004406,85.0,1
STU_004407,85.0,1
STU_004408,85.0,1
STU_004409,85.0,1
STU_004410,85.0,1
STU_004411,85.0,1
STU_004412,85.0,1
STU_004413,77.0,1
STU_004414,85.0,1
STU_004415,72.0,1
STU_004416,77.0,1
STU_004417,82.0,1
STU_004418,82.0,1
STU_004419,85.0,1
STU_004420,85.0,1
STU_004421,85.0,1
STU_004422,85.0,1
STU_004423,72.0,1
STU_004424,72.0,1
STU_004425,85.0,1
STU_004426,85.0,1
STU_004427,85.0,1
STU_004428,85.0,1
STU_004429,85.0,1
STU_004430,82.0,1
STU_004431,92.0,1
STU_004432,85.0,1
STU_004433,85.0,1
STU_004434,85.0,1
STU_004435,85.0,1
STU_004436,77.0,1
STU_004437,77.0,1
STU_004438,77.0,1
STU_004439,85.0,1
STU_004440,85.0,1
STU_004441,85.0,1
STU_004442,72.0,1
STU_004443,72.0,1
STU_004444,77.0,1
STU_004445,77.0,1
STU_004446,72.0,1
STU_004447,82.0,1
STU_004448,77.0,1
STU_004449,85.0,1
STU_004450,85.0,1
STU_004451,85.0,1
STU_004452,77.0,1
STU_004453,85.0,1
STU_004454,85.0,1
STU_004455,85.0,1
STU_004456,85.0,1
STU_004457,85.0,1
STU_004458,85.0,1
STU_004459,77.0,1
STU_004460,77.0,1
STU_004461,85.0,1
STU_004462,85.0,1
STU_004463,72.0,1
STU_004464,77.0,1
STU_004465,77.0,1
STU_004466,85.0,1
STU_004467,85.0,1
STU_004468,85.0,1
STU_004469,85.0,1
STU_004470,77.0,1
STU_004471,85.0,1
STU_004472,77.0,1
STU_004473,85.0,1
STU_004474,77.0,1
STU_004475,90.0,1
STU_004476,85.0,1
STU_004477,85.0,1
STU_004478,77.0,1
STU_004479,82.0,1
STU_004480,85.0,1
STU_004481,77.0,1
STU_004482,85.0,1
STU_004483,85.0,1
STU_004484,92.0,1
STU_004485,85.0,1
STU_004486,82.0,1
STU_004487,85.0,1
STU_004488,77.0,1
STU_004489,85.0,1
STU_004490,77.0,1
STU_004491,77.0,1
STU_004492,85.0,1
STU_004493,92.0,1
STU_004494,90.0,1
STU_004495,72.0,1
STU_004496,85.0,1
STU_004497,85.0,1
STU_004498,85.0,1
STU_004499,77.0,1
STU_004500,85.0,1
STU_004501,85.0,1
STU_004502,85.0,1
STU_004503,85.0,1
STU_004504,77.0,1
STU_004505,77.0,1
STU_004506,92.0,1
STU_004507,82.0,1
STU_004508,92.0,1
STU_004509,82.0,1
STU_004510,82.0,1
STU_004511,85.0,1
STU_004512,85.0,1
STU_004513,85.0,1
STU_004514,85.0,1
STU_004515,90.0,1
STU_004516,85.0,1
STU_004517,82.0,1
STU_004518,77.0,1
STU_004519,85.0,1
STU_004520,85.0,1
STU_004521,85.0,1
STU_004522,85.0,1
STU_004523,85.0,1
STU_004524,85.0,1
STU_004525,85.0,1
STU_004526,85.0,1
STU_004527,77.0,1
STU_004528,85.0,1
STU_004529,85.0,1
STU_004530,77.0,1
STU_004531,85.0,1
STU_004532,72.0,1
STU_004533,82.0,1
STU_004534,85.0,1
STU_004535,65.0,1
STU_004536,82.0,1
STU_004537,72.0,1
STU_004538,77.0,1
STU_004539,85.0,1
STU_004540,77.0,1
STU_004541,85.0,1
STU_004542,90.0,1
STU_004543,85.0,1
STU_004544,85.0,1
STU_004545,82.0,1
STU_004546,85.0,1
STU_004547,93.0,1
STU_004548,85.0,1
STU_004549,85.0,1
STU_004550,72.0,1
STU_004551,82.0,1
STU_004552,82.0,1
STU_004553,85.0,1
STU_004554,85.0,1
STU_004555,85.0,1
STU_004556,85.0,1
STU_004557,72.0,1
STU_004558,82.0,1
STU_004559,82.0,1
STU_004560,85.0,1
STU_004561,92.0,1
STU_004562,72.0,1
STU_004563,85.0,1
STU_004564,72.0,1
STU_004565,77.0,1
STU_004566,90.0,1
STU_004567,82.0,1
STU_004568,85.0,1
STU_004569,77.0,1
STU_004570,77.0,1
STU_004571,85.0,1
STU_004572,92.0,1
STU_004573,77.0,1
STU_004574,82.0,1
STU_004575,77.0,1
STU_004576,77.0,1
STU_004577,82.0,1
STU_004578,77.0,1
STU_004579,77.0,1
STU_004580,72.0,1
STU_004581,82.0,1
STU_004582,85.0,1
STU_004583,77.0,1
STU_004584,85.0,1
STU_004585,85.0,1
STU_004586,85.0,1
STU_004587,77.0,1
STU_004588,82.0,1
STU_004589,85.0,1
STU_004590,85.0,1
STU_004591,85.0,1
STU_004592,85.0,1
STU_004593,85.0,1
STU_004594,85.0,1
STU_004595,85.0,1
STU_004596,85.0,1
STU_004597,82.0,1
STU_004598,72.0,1
STU_004599,85.0,1
STU_004600,85.0,1
STU_004601,77.0,1
STU_004602,77.0,1
STU_004603,85.0,1
STU_004604,85.0,1
STU_004605,72.0,1
STU_004606,85.0,1
STU_004607,85.0,1
STU_004608,85.0,1
STU_004609,72.0,1
STU_004610,85.0,1
STU_004611,85.0,1
STU_004612,85.0,1
STU_004613,85.0,1
STU_004614,85.0,1
STU_004615,85.0,1
STU_004616,77.0,1
STU_004617,85.0,1
STU_004618,82.0,1
STU_004619,82.0,1
STU_004620,85.0,1
STU_004621,85.0,1
STU_004622,77.0,1
STU_004623,77.0,1
STU_004624,85.0,1
STU_004625,77.0,1
STU_004626,85.0,1
STU_004627,85.0,1
STU_004628,85.0,1
STU_004629,85.0,1
STU_004630,85.0,1
STU_004631,85.0,1
STU_004632,77.0,1
STU_004633,85.0,1
STU_004634,85.0,1
STU_004635,85.0,1
STU_004636,77.0,1
STU_004637,77.0,1
STU_004638,92.0,1
STU_004639,85.0,1
STU_004640,77.0,1
STU_004641,85.0,1
STU_004642,77.0,1
STU_004643,77.0,1
STU_004644,85.0,1
STU_004645,85.0,1
STU_004646,77.0,1
STU_004647,77.0,1
STU_004648,85.0,1
STU_004649,77.0,1
STU_004650,85.0,1
STU_004651,85.0,1
STU_004652,85.0,1
STU_004653,85.0,1
STU_004654,85.0,1
STU_004655,85.0,1
STU_004656,90.0,1
STU_004657,85.0,1
STU_004658,65.0,1
STU_004659,85.0,1
STU_004660,77.0,1
STU_004661,95.0,1
STU_004662,77.0,1
STU_004663,85.0,1
STU_004664,77.0,1
STU_004665,85.0,1
STU_004666,85.0,1
STU_004667,85.0,1
STU_004668,85.0,1
STU_004669,85.0,1
STU_004670,85.0,1
STU_004671,85.0,1
STU_004672,85.0,1
STU_004673,82.0,1
STU_004674,85.0,1
STU_004675,85.0,1
STU_004676,85.0,1
STU_004677,85.0,1
STU_004678,77.0,1
STU_004679,72.0,1
STU_004680,85.0,1
STU_004681,77.0,1
STU_004682,85.0,1
STU_004683,77.0,1
STU_004684,77.0,1
STU_004685,77.0,1
STU_004686,77.0,1
STU_004687,95.0,1
STU_004688,92.0,1
STU_004689,77.0,1
STU_004690,72.0,1
STU_004691,92.0,1
STU_004692,77.0,1
STU_004693,77.0,1
STU_004694,85.0,1
STU_004695,85.0,1
STU_004696,77.0,1
STU_004697,85.0,1
STU_004698,82.0,1
STU_004699,85.0,1
STU_004700,77.0,1
STU_004701,85.0,1
STU_004702,85.0,1
STU_004703,82.0,1
STU_004704,85.0,1
STU_004705,92.0,1
STU_004706,92.0,1
STU_004707,85.0,1
STU_004708,72.0,1
STU_004709,70.0,1
STU_004710,85.0,1
STU_004711,92.0,1
STU_004712,72.0,1
STU_004713,85.0,1
STU_004714,77.0,1
STU_004715,85.0,1
STU_004716,85.0,1
STU_004717,85.0,1
STU_004718,85.0,1
STU_004719,85.0,1
STU_004720,77.0,1
STU_004721,85.0,1
STU_004722,85.0,1
STU_004723,77.0,1
STU_004724,85.0,1
STU_004725,82.0,1
STU_004726,85.0,1
STU_004727,85.0,1
STU_004728,85.0,1
STU_004729,85.0,1
STU_004730,77.0,1
STU_004731,85.0,1
STU_004732,92.0,1
STU_004733,77.0,1
STU_004734,77.0,1
STU_004735,85.0,1
STU_004736,92.0,1
STU_004737,92.0,1
STU_004738,85.0,1
STU_004739,77.0,1
STU_004740,77.0,1
STU_004741,85.0,1
STU_004742,77.0,1
STU_004743,85.0,1
STU_004744,85.0,1
STU_004745,85.0,1
STU_004746,85.0,1
STU_004747,85.0,1
STU_004748,85.0,1
STU_004749,85.0,1
STU_004750,85.0,1
STU_004751,85.0,1
STU_004752,85.0,1
STU_004753,85.0,1
STU_004754,85.0,1
STU_004755,72.0,1
STU_004756,85.0,1
STU_004757,65.0,1
STU_004758,77.0,1
STU_004759,72.0,1
STU_004760,85.0,1
STU_004761,85.0,1
STU_004762,77.0,1
STU_004763,85.0,1
STU_004764,85.0,1
STU_004765,85.0,1
STU_004766,82.0,1
STU_004767,85.0,1
STU_004768,77.0,1
STU_004769,85.0,1
STU_004770,77.0,1
STU_004771,77.0,1
STU_004772,85.0,1
STU_004773,85.0,1
STU_004774,85.0,1
STU_004775,92.0,1
STU_004776,77.0,1
STU_004777,77.0,1
STU_004778,85.0,1
STU_004779,92.0,1
STU_004780,72.0,1
STU_004781,85.0,1
STU_004782,85.0,1
STU_004783,77.0,1
STU_004784,85.0,1
STU_004785,85.0,1
STU_004786,92.0,1
STU_004787,85.0,1
STU_004788,77.0,1
STU_004789,92.0,1
STU_004790,85.0,1
STU_004791,85.0,1
STU_004792,95.0,1
STU_004793,85.0,1
STU_004794,72.0,1
STU_004795,85.0,1
STU_004796,85.0,1
STU_004797,77.0,1
STU_004798,77.0,1
STU_004799,77.0,1
STU_004800,85.0,1
STU_004801,85.0,1
STU_004802,85.0,1
STU_004803,85.0,1
STU_004804,85.0,1
STU_004805,77.0,1
STU_004806,85.0,1
STU_004807,85.0,1
STU_004808,85.0,1
STU_004809,85.0,1
STU_004810,60.0,1
STU_004811,85.0,1
STU_004812,82.0,1
STU_004813,72.0,1
STU_004814,85.0,1
STU_004815,82.0,1
STU_004816,85.0,1
STU_004817,72.0,1
STU_004818,85.0,1
STU_004819,77.0,1
STU_004820,85.0,1
STU_004821,85.0,1
STU_004822,85.0,1
STU_004823,85.0,1
STU_004824,85.0,1
STU_004825,82.0,1
STU_004826,85.0,1
STU_004827,85.0,1
STU_004828,85.0,1
STU_004829,85.0,1
STU_004830,95.0,1
STU_004831,85.0,1
STU_004832,77.0,1
STU_004833,85.0,1
STU_004834,85.0,1
STU_004835,85.0,1
STU_004836,82.0,1
STU_004837,77.0,1
STU_004838,72.0,1
STU_004839,85.0,1
STU_004840,77.0,1
STU_004841,77.0,1
STU_004842,85.0,1
STU_004843,77.0,1
STU_004844,77.0,1
STU_004845,77.0,1
STU_004846,77.0,1
STU_004847,77.0,1
STU_004848,85.0,1
STU_004849,85.0,1
STU_004850,77.0,1
STU_004851,85.0,1
STU_004852,85.0,1
STU_004853,85.0,1
STU_004854,85.0,1
STU_004855,85.0,1
STU_004856,85.0,1
STU_004857,85.0,1
STU_004858,77.0,1
STU_004859,85.0,1
STU_004860,85.0,1
STU_004861,85.0,1
STU_004862,77.0,1
STU_004863,85.0,1
STU_004864,85.0,1
STU_004865,82.0,1
STU_004866,85.0,1
STU_004867,85.0,1
STU_004868,85.0,1
STU_004869,85.0,1
STU_004870,82.0,1
STU_004871,85.0,1
STU_004872,85.0,1
STU_004873,92.0,1
STU_004874,85.0,1
STU_004875,77.0,1
STU_004876,85.0,1
STU_004877,85.0,1
STU_004878,85.0,1
STU_004879,85.0,1
STU_004880,82.0,1
STU_004881,85.0,1
STU_004882,85.0,1
STU_004883,85.0,1
STU_004884,85.0,1
STU_004885,85.0,1
STU_004886,92.0,1
STU_004887,85.0,1
STU_004888,85.0,1
STU_004889,77.0,1
STU_004890,77.0,1
STU_004891,92.0,1
STU_004892,72.0,1
STU_004893,77.0,1
STU_004894,85.0,1
STU_004895,85.0,1
STU_004896,85.0,1
STU_004897,92.0,1
STU_004898,85.0,1
STU_004899,90.0,1
STU_004900,77.0,1
STU_004901,92.0,1
STU_004902,77.0,1
STU_004903,85.0,1
STU_004904,77.0,1
STU_004905,77.0,1
STU_004906,77.0,1
STU_004907,77.0,1
STU_004908,85.0,1
STU_004909,85.0,1
STU_004910,92.0,1
STU_004911,85.0,1
STU_004912,77.0,1
STU_004913,85.0,1
STU_004914,85.0,1
STU_004915,85.0,1
STU_004916,77.0,1
STU_004917,92.0,1
STU_004918,77.0,1
STU_004919,72.0,1
STU_004920,82.0,1
STU_004921,77.0,1
STU_004922,85.0,1
STU_004923,85.0,1
STU_004924,85.0,1
STU_004925,85.0,1
STU_004926,85.0,1
STU_004927,85.0,1
STU_004928,77.0,1
STU_004929,85.0,1
STU_004930,85.0,1
STU_004931,85.0,1
STU_004932,82.0,1
STU_004933,85.0,1
STU_004934,85.0,1
STU_004935,85.0,1
STU_004936,92.0,1
STU_004937,77.0,1
STU_004938,77.0,1
STU_004939,85.0,1
STU_004940,92.0,1
STU_004941,85.0,1
STU_004942,85.0,1
STU_004943,77.0,1
STU_004944,85.0,1
STU_004945,85.0,1
STU_004946,85.0,1
STU_004947,77.0,1
STU_004948,85.0,1
STU_004949,85.0,1
STU_004950,77.0,1
STU_004951,77.0,1
STU_004952,85.0,1
STU_004953,82.0,1
STU_004954,77.0,1
STU_004955,85.0,1
STU_004956,77.0,1
STU_004957,77.0,1
STU_004958,77.0,1
STU_004959,77.0,1
STU_004960,85.0,1
STU_004961,92.0,1
STU_004962,85.0,1
STU_004963,90.0,1
STU_004964,77.0,1
STU_004965,85.0,1
STU_004966,85.0,1
STU_004967,77.0,1
STU_004968,77.0,1
STU_004969,77.0,1
STU_004970,85.0,1
STU_004971,85.0,1
STU_004972,90.0,1
STU_004973,77.0,1
STU_004974,77.0,1
STU_004975,92.0,1
STU_004976,85.0,1
STU_004977,90.0,1
STU_004978,72.0,1
STU_004979,92.0,1
STU_004980,77.0,1
STU_004981,77.0,1
STU_004982,85.0,1
STU_004983,85.0,1
STU_004984,77.0,1
STU_004985,72.0,1
STU_004986,85.0,1
STU_004987,85.0,1
STU_004988,85.0,1
STU_004989,85.0,1
STU_004990,85.0,1
STU_004991,85.0,1
STU_004992,77.0,1
STU_004993,82.0,1
STU_004994,77.0,1
STU_004995,85.0,1
STU_004996,70.0,1
STU_004997,85.0,1
STU_004998,85.0,1
STU_004999,85.0,1
STU_005000,85.0,1
STU_005001,85.0,1
STU_005002,85.0,1
STU_005003,85.0,1
STU_005004,77.0,1
STU_005005,85.0,1
STU_005006,85.0,1
STU_005007,77.0,1
STU_005008,77.0,1
STU_005009,77.0,1
STU_005010,85.0,1
STU_005011,77.0,1
STU_005012,77.0,1
STU_005013,85.0,1
STU_005014,85.0,1
STU_005015,77.0,1
STU_005016,85.0,1
STU_005017,85.0,1
STU_005018,92.0,1
STU_005019,77.0,1
STU_005020,70.0,1
STU_005021,85.0,1
STU_005022,82.0,1
STU_005023,85.0,1
STU_005024,85.0,1
STU_005025,85.0,1
STU_005026,85.0,1
STU_005027,77.0,1
STU_005028,77.0,1
STU_005029,77.0,1
STU_005030,85.0,1
STU_005031,90.0,1
STU_005032,85.0,1
STU_005033,85.0,1
STU_005034,77.0,1
STU_005035,77.0,1
STU_005036,85.0,1
STU_005037,85.0,1
STU_005038,85.0,1
STU_005039,77.0,1
STU_005040,85.0,1
STU_005041,85.0,1
STU_005042,77.0,1
STU_005043,85.0,1
STU_005044,77.0,1
STU_005045,85.0,1
STU_005046,85.0,1
STU_005047,77.0,1
STU_005048,85.0,1
STU_005049,85.0,1
STU_005050,77.0,1
STU_005051,85.0,1
STU_005052,85.0,1
STU_005053,85.0,1
STU_005054,85.0,1
STU_005055,77.0,1
STU_005056,77.0,1
STU_005057,85.0,1
STU_005058,77.0,1
STU_005059,77.0,1
STU_005060,85.0,1
STU_005061,85.0,1
STU_005062,85.0,1
STU_005063,72.0,1
STU_005064,82.0,1
STU_005065,77.0,1
STU_005066,92.0,1
STU_005067,85.0,1
STU_005068,85.0,1
STU_005069,85.0,1
STU_005070,85.0,1
STU_005071,92.0,1
STU_005072,85.0,1
STU_005073,85.0,1
STU_005074,85.0,1
STU_005075,85.0,1
STU_005076,85.0,1
STU_005077,77.0,1
STU_005078,85.0,1
STU_005079,85.0,1
STU_005080,85.0,1
STU_005081,85.0,1
STU_005082,85.0,1
STU_005083,85.0,1
STU_005084,85.0,1
STU_005085,72.0,1
STU_005086,85.0,1
STU_005087,85.0,1
STU_005088,85.0,1
STU_005089,77.0,1
STU_005090,85.0,1
STU_005091,77.0,1
STU_005092,85.0,1
STU_005093,77.0,1
STU_005094,85.0,1
STU_005095,85.0,1
STU_005096,77.0,1
STU_005097,77.0,1
STU_005098,85.0,1
STU_005099,85.0,1
STU_005100,85.0,1
STU_005101,85.0,1
STU_005102,85.0,1
STU_005103,77.0,1
STU_005104,82.0,1
STU_005105,77.0,1
STU_005106,85.0,1
STU_005107,85.0,1
STU_005108,85.0,1
STU_005109,85.0,1
STU_005110,77.0,1
STU_005111,82.0,1
STU_005112,77.0,1
STU_005113,85.0,1
STU_005114,85.0,1
STU_005115,85.0,1
STU_005116,85.0,1
STU_005117,85.0,1
STU_005118,85.0,1
STU_005119,72.0,1
STU_005120,90.0,1
STU_005121,85.0,1
STU_005122,72.0,1
STU_005123,85.0,1
STU_005124,85.0,1
STU_005125,77.0,1
STU_005126,85.0,1
STU_005127,77.0,1
STU_005128,85.0,1
STU_005129,82.0,1
STU_005130,77.0,1
STU_005131,77.0,1
STU_005132,85.0,1
STU_005133,85.0,1
STU_005134,92.0,1
STU_005135,85.0,1
STU_005136,85.0,1
STU_005137,85.0,1
STU_005138,77.0,1
STU_005139,77.0,1
STU_005140,77.0,1
STU_005141,77.0,1
STU_005142,85.0,1
STU_005143,85.0,1
STU_005144,85.0,1
STU_005145,85.0,1
STU_005146,85.0,1
STU_005147,77.0,1
STU_005148,77.0,1
STU_005149,85.0,1
STU_005150,85.0,1
STU_005151,85.0,1
STU_005152,82.0,1
STU_005153,85.0,1
STU_005154,85.0,1
STU_005155,85.0,1
STU_005156,77.0,1
STU_005157,85.0,1
STU_005158,85.0,1
STU_005159,90.0,1
STU_005160,82.0,1
STU_005161,85.0,1
STU_005162,85.0,1
STU_005163,70.0,1
STU_005164,85.0,1
STU_005165,85.0,1
STU_005166,90.0,1
STU_005167,85.0,1
STU_005168,82.0,1
STU_005169,85.0,1
STU_005170,77.0,1
STU_005171,77.0,1
STU_005172,85.0,1
STU_005173,85.0,1
STU_005174,85.0,1
STU_005175,77.0,1
STU_005176,82.0,1
STU_005177,85.0,1
STU_005178,77.0,1
STU_005179,77.0,1
STU_005180,93.0,1
STU_005181,85.0,1
STU_005182,65.0,1
STU_005183,85.0,1
STU_005184,72.0,1
STU_005185,85.0,1
STU_005186,77.0,1
STU_005187,85.0,1
STU_005188,85.0,1
STU_005189,77.0,1
STU_005190,85.0,1
STU_005191,85.0,1
STU_005192,85.0,1
STU_005193,85.0,1
STU_005194,77.0,1
STU_005195,85.0,1
STU_005196,92.0,1
STU_005197,85.0,1
STU_005198,77.0,1
STU_005199,77.0,1
STU_005200,72.0,1
STU_005201,85.0,1
STU_005202,72.0,1
STU_005203,85.0,1
STU_005204,85.0,1
STU_005205,77.0,1
STU_005206,85.0,1
STU_005207,77.0,1
STU_005208,85.0,1
STU_005209,85.0,1
STU_005210,85.0,1
STU_005211,85.0,1
STU_005212,85.0,1
STU_005213,85.0,1
STU_005214,77.0,1
STU_005215,85.0,1
STU_005216,85.0,1
STU_005217,72.0,1
STU_005218,85.0,1
STU_005219,72.0,1
STU_005220,85.0,1
STU_005221,77.0,1
STU_005222,85.0,1
STU_005223,77.0,1
STU_005224,85.0,1
STU_005225,77.0,1
STU_005226,77.0,1
STU_005227,92.0,1
STU_005228,85.0,1
STU_005229,77.0,1
STU_005230,85.0,1
STU_005231,77.0,1
STU_005232,82.0,1
STU_005233,85.0,1
STU_005234,77.0,1
STU_005235,77.0,1
STU_005236,85.0,1
STU_005237,77.0,1
STU_005238,85.0,1
STU_005239,85.0,1
STU_005240,77.0,1
STU_005241,85.0,1
STU_005242,85.0,1
STU_005243,82.0,1
STU_005244,85.0,1
STU_005245,85.0,1
STU_005246,85.0,1
STU_005247,82.0,1
STU_005248,85.0,1
STU_005249,82.0,1
STU_005250,77.0,1
STU_005251,77.0,1
STU_005252,85.0,1
STU_005253,92.0,1
STU_005254,77.0,1
STU_005255,85.0,1
STU_005256,85.0,1
STU_005257,72.0,1
STU_005258,85.0,1
STU_005259,82.0,1
STU_005260,85.0,1
STU_005261,85.0,1
STU_005262,72.0,1
STU_005263,85.0,1
STU_005264,85.0,1
STU_005265,82.0,1
STU_005266,72.0,1
STU_005267,92.0,1
STU_005268,85.0,1
STU_005269,77.0,1
STU_005270,77.0,1
STU_005271,85.0,1
STU_005272,85.0,1
STU_005273,77.0,1
STU_005274,85.0,1
STU_005275,82.0,1
STU_005276,85.0,1
STU_005277,85.0,1
STU_005278,85.0,1
STU_005279,85.0,1
STU_005280,70.0,1
STU_005281,85.0,1
STU_005282,85.0,1
STU_005283,85.0,1
STU_005284,85.0,1
STU_005285,77.0,1
STU_005286,85.0,1
STU_005287,92.0,1
STU_005288,85.0,1
STU_005289,72.0,1
STU_005290,85.0,1
STU_005291,85.0,1
STU_005292,85.0,1
STU_005293,85.0,1
STU_005294,85.0,1
STU_005295,77.0,1
STU_005296,77.0,1
STU_005297,77.0,1
STU_005298,72.0,1
STU_005299,72.0,1
STU_005300,85.0,1
STU_005301,85.0,1
STU_005302,85.0,1
STU_005303,77.0,1
STU_005304,85.0,1
STU_005305,85.0,1
STU_005306,90.0,1
STU_005307,85.0,1
STU_005308,77.0,1
STU_005309,72.0,1
STU_005310,77.0,1
STU_005311,85.0,1
STU_005312,77.0,1
STU_005313,85.0,1
STU_005314,85.0,1
STU_005315,77.0,1
STU_005316,77.0,1
STU_005317,92.0,1
STU_005318,77.0,1
STU_005319,85.0,1
STU_005320,72.0,1
STU_005321,85.0,1
STU_005322,77.0,1
STU_005323,85.0,1
STU_005324,85.0,1
STU_005325,85.0,1
STU_005326,72.0,1
STU_005327,85.0,1
STU_005328,85.0,1
STU_005329,77.0,1
STU_005330,85.0,1
STU_005331,90.0,1
STU_005332,77.0,1
STU_005333,77.0,1
STU_005334,77.0,1
STU_005335,85.0,1
STU_005336,92.0,1
STU_005337,85.0,1
STU_005338,85.0,1
STU_005339,85.0,1
STU_005340,85.0,1
STU_005341,72.0,1
STU_005342,85.0,1
STU_005343,85.0,1
STU_005344,72.0,1
STU_005345,77.0,1
STU_005346,85.0,1
STU_005347,85.0,1
STU_005348,85.0,1
STU_005349,77.0,1
STU_005350,65.0,1
STU_005351,82.0,1
STU_005352,85.0,1
STU_005353,77.0,1
STU_005354,85.0,1
STU_005355,77.0,1
STU_005356,72.0,1
STU_005357,82.0,1
STU_005358,72.0,1
STU_005359,90.0,1
STU_005360,90.0,1
STU_005361,77.0,1
STU_005362,85.0,1
STU_005363,77.0,1
STU_005364,85.0,1
STU_005365,82.0,1
STU_005366,85.0,1
STU_005367,85.0,1
STU_005368,72.0,1
STU_005369,85.0,1
STU_005370,85.0,1
STU_005371,77.0,1
STU_005372,77.0,1
STU_005373,77.0,1
STU_005374,72.0,1
STU_005375,85.0,1
STU_005376,85.0,1
STU_005377,85.0,1
STU_005378,85.0,1
STU_005379,85.0,1
STU_005380,85.0,1
STU_005381,85.0,1
STU_005382,85.0,1
STU_005383,85.0,1
STU_005384,77.0,1
STU_005385,85.0,1
STU_005386,85.0,1
STU_005387,90.0,1
STU_005388,85.0,1
STU_005389,77.0,1
STU_005390,82.0,1
STU_005391,92.0,1
STU_005392,85.0,1
STU_005393,77.0,1
STU_005394,85.0,1
STU_005395,77.0,1
STU_005396,85.0,1
STU_005397,85.0,1
STU_005398,77.0,1
STU_005399,82.0,1
STU_005400,85.0,1
STU_005401,85.0,1
STU_005402,82.0,1
STU_005403,85.0,1
STU_005404,85.0,1
STU_005405,77.0,1
STU_005406,77.0,1
STU_005407,85.0,1
STU_005408,77.0,1
STU_005409,85.0,1
STU_005410,85.0,1
STU_005411,72.0,1
STU_005412,72.0,1
STU_005413,85.0,1
STU_005414,85.0,1
STU_005415,72.0,1
STU_005416,77.0,1
STU_005417,85.0,1
STU_005418,85.0,1
STU_005419,85.0,1
STU_005420,60.0,1
STU_005421,77.0,1
STU_005422,85.0,1
STU_005423,77.0,1
STU_005424,85.0,1
STU_005425,85.0,1
STU_005426,82.0,1
STU_005427,72.0,1
STU_005428,85.0,1
STU_005429,85.0,1
STU_005430,65.0,1
STU_005431,85.0,1
STU_005432,85.0,1
STU_005433,85.0,1
STU_005434,85.0,1
STU_005435,85.0,1
STU_005436,85.0,1
STU_005437,92.0,1
STU_005438,85.0,1
STU_005439,77.0,1
STU_005440,77.0,1
STU_005441,85.0,1
STU_005442,85.0,1
STU_005443,85.0,1
STU_005444,85.0,1
STU_005445,77.0,1
STU_005446,85.0,1
STU_005447,77.0,1
STU_005448,85.0,1
STU_005449,82.0,1
STU_005450,85.0,1
STU_005451,85.0,1
STU_005452,72.0,1
STU_005453,77.0,1
STU_005454,92.0,1
STU_005455,82.0,1
STU_005456,72.0,1
STU_005457,85.0,1
STU_005458,92.0,1
STU_005459,85.0,1
STU_005460,85.0,1
STU_005461,82.0,1
STU_005462,85.0,1
STU_005463,85.0,1
STU_005464,82.0,1
STU_005465,85.0,1
STU_005466,85.0,1
STU_005467,85.0,1
STU_005468,85.0,1
STU_005469,77.0,1
STU_005470,85.0,1
STU_005471,77.0,1
STU_005472,85.0,1
STU_005473,85.0,1
STU_005474,70.0,1
STU_005475,85.0,1
STU_005476,82.0,1
STU_005477,85.0,1
STU_005478,85.0,1
STU_005479,82.0,1
STU_005480,85.0,1
STU_005481,85.0,1
STU_005482,85.0,1
STU_005483,77.0,1
STU_005484,85.0,1
STU_005485,77.0,1
STU_005486,77.0,1
STU_005487,92.0,1
STU_005488,77.0,1
STU_005489,85.0,1
STU_005490,82.0,1
STU_005491,77.0,1
STU_005492,92.0,1
STU_005493,85.0,1
STU_005494,85.0,1
STU_005495,90.0,1
STU_005496,82.0,1
STU_005497,82.0,1
STU_005498,85.0,1
STU_005499,85.0,1
STU_005500,85.0,1
STU_005501,77.0,1
STU_005502,85.0,1
STU_005503,85.0,1
STU_005504,85.0,1
STU_005505,77.0,1
STU_005506,85.0,1
STU_005507,77.0,1
STU_005508,85.0,1
STU_005509,72.0,1
STU_005510,82.0,1
STU_005511,77.0,1
STU_005512,85.0,1
STU_005513,77.0,1
STU_005514,72.0,1
STU_005515,92.0,1
STU_005516,85.0,1
STU_005517,72.0,1
STU_005518,85.0,1
STU_005519,82.0,1
STU_005520,85.0,1
STU_005521,85.0,1
STU_005522,85.0,1
STU_005523,72.0,1
STU_005524,85.0,1
STU_005525,77.0,1
STU_005526,85.0,1
STU_005527,77.0,1
STU_005528,82.0,1
STU_005529,85.0,1
STU_005530,85.0,1
STU_005531,85.0,1
STU_005532,85.0,1
STU_005533,85.0,1
STU_005534,85.0,1
STU_005535,85.0,1
STU_005536,77.0,1
STU_005537,92.0,1
STU_005538,72.0,1
STU_005539,70.0,1
STU_005540,85.0,1
STU_005541,85.0,1
STU_005542,92.0,1
STU_005543,85.0,1
STU_005544,85.0,1
STU_005545,77.0,1
STU_005546,85.0,1
STU_005547,85.0,1
STU_005548,77.0,1
STU_005549,85.0,1
STU_005550,85.0,1
STU_005551,85.0,1
STU_005552,72.0,1
STU_005553,85.0,1
STU_005554,77.0,1
STU_005555,85.0,1
STU_005556,77.0,1
STU_005557,85.0,1
STU_005558,85.0,1
STU_005559,85.0,1
STU_005560,77.0,1
STU_005561,92.0,1
STU_005562,77.0,1
STU_005563,77.0,1
STU_005564,77.0,1
STU_005565,85.0,1
STU_005566,85.0,1
STU_005567,77.0,1
STU_005568,77.0,1
STU_005569,77.0,1
STU_005570,92.0,1
STU_005571,92.0,1
STU_005572,85.0,1
STU_005573,92.0,1
STU_005574,85.0,1
STU_005575,82.0,1
STU_005576,85.0,1
STU_005577,85.0,1
STU_005578,77.0,1
STU_005579,85.0,1
STU_005580,77.0,1
STU_005581,77.0,1
STU_005582,92.0,1
STU_005583,85.0,1
STU_005584,85.0,1
STU_005585,82.0,1
STU_005586,85.0,1
STU_005587,77.0,1
STU_005588,85.0,1
STU_005589,77.0,1
STU_005590,85.0,1
STU_005591,77.0,1
STU_005592,85.0,1
STU_005593,77.0,1
STU_005594,85.0,1
STU_005595,85.0,1
STU_005596,90.0,1
STU_005597,85.0,1
STU_005598,85.0,1
STU_005599,77.0,1
STU_005600,85.0,1
STU_005601,85.0,1
STU_005602,82.0,1
STU_005603,77.0,1
STU_005604,85.0,1
STU_005605,85.0,1
STU_005606,72.0,1
STU_005607,72.0,1
STU_005608,72.0,1
STU_005609,92.0,1
STU_005610,85.0,1
STU_005611,85.0,1
STU_005612,85.0,1
STU_005613,85.0,1
STU_005614,77.0,1
STU_005615,85.0,1
STU_005616,92.0,1
STU_005617,85.0,1
STU_005618,77.0,1
STU_005619,92.0,1
STU_005620,77.0,1
STU_005621,85.0,1
STU_005622,77.0,1
STU_005623,85.0,1
STU_005624,85.0,1
STU_005625,77.0,1
STU_005626,90.0,1
STU_005627,77.0,1
STU_005628,77.0,1
STU_005629,85.0,1
STU_005630,95.0,1
STU_005631,85.0,1
STU_005632,85.0,1
STU_005633,85.0,1
STU_005634,77.0,1
STU_005635,77.0,1
STU_005636,82.0,1
STU_005637,77.0,1
STU_005638,85.0,1
STU_005639,85.0,1
STU_005640,85.0,1
STU_005641,85.0,1
STU_005642,85.0,1
STU_005643,85.0,1
STU_005644,85.0,1
STU_005645,85.0,1
STU_005646,82.0,1
STU_005647,72.0,1
STU_005648,72.0,1
STU_005649,82.0,1
STU_005650,85.0,1
STU_005651,92.0,1
STU_005652,85.0,1
STU_005653,77.0,1
STU_005654,85.0,1
STU_005655,85.0,1
STU_005656,77.0,1
STU_005657,85.0,1
STU_005658,85.0,1
STU_005659,77.0,1
STU_005660,90.0,1
STU_005661,77.0,1
STU_005662,85.0,1
STU_005663,77.0,1
STU_005664,85.0,1
STU_005665,77.0,1
STU_005666,85.0,1
STU_005667,90.0,1
STU_005668,82.0,1
STU_005669,85.0,1
STU_005670,77.0,1
STU_005671,85.0,1
STU_005672,85.0,1
STU_005673,85.0,1
STU_005674,77.0,1
STU_005675,85.0,1
STU_005676,82.0,1
STU_005677,85.0,1
STU_005678,85.0,1
STU_005679,85.0,1
STU_005680,77.0,1
STU_005681,85.0,1
STU_005682,85.0,1
STU_005683,85.0,1
STU_005684,85.0,1
STU_005685,85.0,1
STU_005686,77.0,1
STU_005687,82.0,1
STU_005688,92.0,1
STU_005689,82.0,1
STU_005690,72.0,1
STU_005691,85.0,1
STU_005692,85.0,1
STU_005693,85.0,1
STU_005694,77.0,1
STU_005695,77.0,1
STU_005696,82.0,1
STU_005697,85.0,1
STU_005698,85.0,1
STU_005699,85.0,1
STU_005700,85.0,1
STU_005701,85.0,1
STU_005702,85.0,1
STU_005703,72.0,1
STU_005704,85.0,1
STU_005705,85.0,1
STU_005706,85.0,1
STU_005707,72.0,1
STU_005708,77.0,1
STU_005709,85.0,1
STU_005710,85.0,1
STU_005711,85.0,1
STU_005712,77.0,1
STU_005713,85.0,1
STU_005714,85.0,1
STU_005715,85.0,1
STU_005716,60.0,1
STU_005717,85.0,1
STU_005718,85.0,1
STU_005719,77.0,1
STU_005720,85.0,1
STU_005721,85.0,1
STU_005722,85.0,1
STU_005723,77.0,1
STU_005724,85.0,1
STU_005725,77.0,1
STU_005726,85.0,1
STU_005727,85.0,1
STU_005728,85.0,1
STU_005729,92.0,1
STU_005730,60.0,1
STU_005731,77.0,1
STU_005732,85.0,1
STU_005733,77.0,1
STU_005734,92.0,1
STU_005735,77.0,1
STU_005736,85.0,1
STU_005737,77.0,1
STU_005738,85.0,1
STU_005739,85.0,1
STU_005740,77.0,1
STU_005741,72.0,1
STU_005742,85.0,1
STU_005743,85.0,1
STU_005744,72.0,1
STU_005745,85.0,1
STU_005746,85.0,1
STU_005747,85.0,1
STU_005748,85.0,1
STU_005749,85.0,1
STU_005750,85.0,1
STU_005751,72.0,1
STU_005752,85.0,1
STU_005753,85.0,1
STU_005754,77.0,1
STU_005755,85.0,1
STU_005756,85.0,1
STU_005757,77.0,1
STU_005758,85.0,1
STU_005759,85.0,1
STU_005760,85.0,1
STU_005761,85.0,1
STU_005762,92.0,1
STU_005763,77.0,1
STU_005764,85.0,1
STU_005765,85.0,1
STU_005766,85.0,1
STU_005767,85.0,1
STU_005768,77.0,1
STU_005769,85.0,1
STU_005770,77.0,1
STU_005771,85.0,1
STU_005772,90.0,1
STU_005773,85.0,1
STU_005774,72.0,1
STU_005775,85.0,1
STU_005776,85.0,1
STU_005777,82.0,1
STU_005778,72.0,1
STU_005779,92.0,1
STU_005780,70.0,1
STU_005781,85.0,1
STU_005782,85.0,1
STU_005783,85.0,1
STU_005784,92.0,1
STU_005785,77.0,1
STU_005786,85.0,1
STU_005787,85.0,1
STU_005788,85.0,1
STU_005789,85.0,1
STU_005790,82.0,1
STU_005791,85.0,1
STU_005792,85.0,1
STU_005793,77.0,1
STU_005794,90.0,1
STU_005795,85.0,1
STU_005796,77.0,1
STU_005797,77.0,1
STU_005798,85.0,1
STU_005799,72.0,1
STU_005800,92.0,1
STU_005801,77.0,1
STU_005802,77.0,1
STU_005803,85.0,1
STU_005804,85.0,1
STU_005805,85.0,1
STU_005806,85.0,1
STU_005807,85.0,1
STU_005808,77.0,1
STU_005809,85.0,1
STU_005810,85.0,1
STU_005811,85.0,1
STU_005812,82.0,1
STU_005813,72.0,1
STU_005814,72.0,1
STU_005815,77.0,1
STU_005816,72.0,1
STU_005817,72.0,1
STU_005818,85.0,1
STU_005819,85.0,1
STU_005820,85.0,1
STU_005821,92.0,1
STU_005822,77.0,1
STU_005823,77.0,1
STU_005824,85.0,1
STU_005825,77.0,1
STU_005826,92.0,1
STU_005827,85.0,1
STU_005828,77.0,1
STU_005829,85.0,1
STU_005830,77.0,1
STU_005831,85.0,1
STU_005832,85.0,1
STU_005833,90.0,1
STU_005834,77.0,1
STU_005835,85.0,1
STU_005836,85.0,1
STU_005837,85.0,1
STU_005838,77.0,1
STU_005839,85.0,1
STU_005840,85.0,1
STU_005841,95.0,1
STU_005842,77.0,1
STU_005843,77.0,1
STU_005844,85.0,1
STU_005845,85.0,1
STU_005846,82.0,1
STU_005847,92.0,1
STU_005848,77.0,1
STU_005849,82.0,1
STU_005850,82.0,1
STU_005851,95.0,1
STU_005852,82.0,1
STU_005853,85.0,1
STU_005854,75.0,1
STU_005855,85.0,1
STU_005856,85.0,1
STU_005857,85.0,1
STU_005858,85.0,1
STU_005859,85.0,1
STU_005860,85.0,1
STU_005861,85.0,1
STU_005862,85.0,1
STU_005863,77.0,1
STU_005864,85.0,1
STU_005865,77.0,1
STU_005866,85.0,1
STU_005867,85.0,1
STU_005868,85.0,1
STU_005869,85.0,1
STU_005870,85.0,1
STU_005871,75.0,1
STU_005872,92.0,1
STU_005873,82.0,1
STU_005874,77.0,1
STU_005875,85.0,1
STU_005876,85.0,1
STU_005877,85.0,1
STU_005878,85.0,1
STU_005879,85.0,1
STU_005880,85.0,1
STU_005881,85.0,1
STU_005882,72.0,1
STU_005883,82.0,1
STU_005884,85.0,1
STU_005885,77.0,1
STU_005886,85.0,1
STU_005887,85.0,1
STU_005888,85.0,1
STU_005889,85.0,1
STU_005890,85.0,1
STU_005891,85.0,1
STU_005892,92.0,1
STU_005893,85.0,1
STU_005894,70.0,1
STU_005895,85.0,1
STU_005896,85.0,1
STU_005897,70.0,1
STU_005898,77.0,1
STU_005899,85.0,1
STU_005900,85.0,1
STU_005901,85.0,1
STU_005902,77.0,1
STU_005903,85.0,1
STU_005904,77.0,1
STU_005905,85.0,1
STU_005906,85.0,1
STU_005907,92.0,1
STU_005908,85.0,1
STU_005909,85.0,1
STU_005910,85.0,1
STU_005911,85.0,1
STU_005912,90.0,1
STU_005913,85.0,1
STU_005914,77.0,1
STU_005915,95.0,1
STU_005916,77.0,1
STU_005917,85.0,1
STU_005918,85.0,1
STU_005919,85.0,1
STU_005920,77.0,1
STU_005921,72.0,1
STU_005922,85.0,1
STU_005923,85.0,1
STU_005924,77.0,1
STU_005925,90.0,1
STU_005926,85.0,1
STU_005927,85.0,1
STU_005928,92.0,1
STU_005929,85.0,1
STU_005930,85.0,1
STU_005931,92.0,1
STU_005932,77.0,1
STU_005933,85.0,1
STU_005934,92.0,1
STU_005935,72.0,1
STU_005936,85.0,1
STU_005937,85.0,1
STU_005938,77.0,1
STU_005939,85.0,1
STU_005940,77.0,1
STU_005941,77.0,1
STU_005942,85.0,1
STU_005943,77.0,1
STU_005944,77.0,1
STU_005945,85.0,1
STU_005946,85.0,1
STU_005947,85.0,1
STU_005948,85.0,1
STU_005949,77.0,1
STU_005950,82.0,1
STU_005951,85.0,1
STU_005952,77.0,1
STU_005953,85.0,1
STU_005954,85.0,1
STU_005955,72.0,1
STU_005956,82.0,1
STU_005957,85.0,1
STU_005958,85.0,1
STU_005959,77.0,1
STU_005960,85.0,1
STU_005961,77.0,1
STU_005962,85.0,1
STU_005963,82.0,1
STU_005964,85.0,1
STU_005965,85.0,1
STU_005966,85.0,1
STU_005967,85.0,1
STU_005968,85.0,1
STU_005969,77.0,1
STU_005970,85.0,1
STU_005971,85.0,1
STU_005972,85.0,1
STU_005973,85.0,1
STU_005974,82.0,1
STU_005975,85.0,1
STU_005976,77.0,1
STU_005977,77.0,1
STU_005978,77.0,1
STU_005979,77.0,1
STU_005980,82.0,1
STU_005981,72.0,1
STU_005982,85.0,1
STU_005983,85.0,1
STU_005984,85.0,1
STU_005985,85.0,1
STU_005986,85.0,1
STU_005987,77.0,1
STU_005988,85.0,1
STU_005989,77.0,1
STU_005990,82.0,1
STU_005991,85.0,1
STU_005992,72.0,1
STU_005993,85.0,1
STU_005994,85.0,1
STU_005995,77.0,1
STU_005996,85.0,1
STU_005997,85.0,1
STU_005998,85.0,1
STU_005999,85.0,1
STU_006000,85.0,1
STU_006001,85.0,1
STU_006002,85.0,1
STU_006003,85.0,1
STU_006004,85.0,1
STU_006005,85.0,1
STU_006006,77.0,1
STU_006007,77.0,1
STU_006008,77.0,1
STU_006009,72.0,1
STU_006010,85.0,1
STU_006011,85.0,1
STU_006012,77.0,1
STU_006013,85.0,1
STU_006014,72.0,1
STU_006015,77.0,1
STU_006016,90.0,1
STU_006017,77.0,1
STU_006018,85.0,1
STU_006019,85.0,1
STU_006020,77.0,1
STU_006021,82.0,1
STU_006022,85.0,1
STU_006023,85.0,1
STU_006024,85.0,1
STU_006025,90.0,1
STU_006026,85.0,1
STU_006027,82.0,1
STU_006028,92.0,1
STU_006029,92.0,1
STU_006030,77.0,1
STU_006031,85.0,1
STU_006032,77.0,1
STU_006033,92.0,1
STU_006034,85.0,1
STU_006035,85.0,1
STU_006036,77.0,1
STU_006037,85.0,1
STU_006038,77.0,1
STU_006039,90.0,1
STU_006040,77.0,1
STU_006041,85.0,1
STU_006042,85.0,1
STU_006043,77.0,1
STU_006044,85.0,1
STU_006045,85.0,1
STU_006046,92.0,1
STU_006047,77.0,1
STU_006048,72.0,1
STU_006049,77.0,1
STU_006050,77.0,1
STU_006051,77.0,1
STU_006052,77.0,1
STU_006053,77.0,1
STU_006054,85.0,1
STU_006055,85.0,1
STU_006056,85.0,1
STU_006057,70.0,1
STU_006058,92.0,1
STU_006059,77.0,1
STU_006060,85.0,1
STU_006061,77.0,1
STU_006062,77.0,1
STU_006063,85.0,1
STU_006064,85.0,1
STU_006065,85.0,1
STU_006066,85.0,1
STU_006067,72.0,1
STU_006068,85.0,1
STU_006069,85.0,1
STU_006070,85.0,1
STU_006071,85.0,1
STU_006072,72.0,1
STU_006073,85.0,1
STU_006074,77.0,1
STU_006075,85.0,1
STU_006076,77.0,1
STU_006077,85.0,1
STU_006078,85.0,1
STU_006079,85.0,1
STU_006080,85.0,1
STU_006081,85.0,1
STU_006082,85.0,1
STU_006083,77.0,1
STU_006084,85.0,1
STU_006085,77.0,1
STU_006086,85.0,1
STU_006087,85.0,1
STU_006088,77.0,1
STU_006089,77.0,1
STU_006090,85.0,1
STU_006091,90.0,1
STU_006092,85.0,1
STU_006093,72.0,1
STU_006094,92.0,1
STU_006095,77.0,1
STU_006096,90.0,1
STU_006097,85.0,1
STU_006098,85.0,1
STU_006099,85.0,1
STU_006100,77.0,1
STU_006101,77.0,1
STU_006102,77.0,1
STU_006103,85.0,1
STU_006104,90.0,1
STU_006105,90.0,1
STU_006106,85.0,1
STU_006107,77.0,1
STU_006108,85.0,1
STU_006109,85.0,1
STU_006110,72.0,1
STU_006111,77.0,1
STU_006112,77.0,1
STU_006113,77.0,1
STU_006114,77.0,1
STU_006115,77.0,1
STU_006116,72.0,1
STU_006117,85.0,1
STU_006118,85.0,1
STU_006119,85.0,1
STU_006120,77.0,1
STU_006121,85.0,1
STU_006122,77.0,1
STU_006123,77.0,1
STU_006124,85.0,1
STU_006125,85.0,1
STU_006126,72.0,1
STU_006127,85.0,1
STU_006128,85.0,1
STU_006129,77.0,1
STU_006130,77.0,1
STU_006131,85.0,1
STU_006132,77.0,1
STU_006133,77.0,1
STU_006134,85.0,1
STU_006135,95.0,1
STU_006136,82.0,1
STU_006137,85.0,1
STU_006138,85.0,1
STU_006139,77.0,1
STU_006140,82.0,1
STU_006141,85.0,1
STU_006142,77.0,1
STU_006143,85.0,1
STU_006144,85.0,1
STU_006145,85.0,1
STU_006146,77.0,1
STU_006147,85.0,1
STU_006148,85.0,1
STU_006149,85.0,1
STU_006150,85.0,1
STU_006151,77.0,1
STU_006152,77.0,1
STU_006153,82.0,1
STU_006154,82.0,1
STU_006155,92.0,1
STU_006156,85.0,1
STU_006157,85.0,1
STU_006158,85.0,1
STU_006159,85.0,1
STU_006160,92.0,1
STU_006161,85.0,1
STU_006162,77.0,1
STU_006163,85.0,1
STU_006164,77.0,1
STU_006165,85.0,1
STU_006166,85.0,1
STU_006167,85.0,1
STU_006168,85.0,1
STU_006169,85.0,1
STU_006170,85.0,1
STU_006171,65.0,1
STU_006172,85.0,1
STU_006173,77.0,1
STU_006174,77.0,1
STU_006175,65.0,1
STU_006176,85.0,1
STU_006177,77.0,1
STU_006178,77.0,1
STU_006179,77.0,1
STU_006180,92.0,1
STU_006181,85.0,1
STU_006182,85.0,1
STU_006183,77.0,1
STU_006184,72.0,1
STU_006185,85.0,1
STU_006186,77.0,1
STU_006187,95.0,1
STU_006188,85.0,1
STU_006189,85.0,1
STU_006190,70.0,1
STU_006191,85.0,1
STU_006192,85.0,1
STU_006193,92.0,1
STU_006194,85.0,1
STU_006195,77.0,1
STU_006196,77.0,1
STU_006197,72.0,1
STU_006198,85.0,1
STU_006199,82.0,1
STU_006200,72.0,1
STU_006201,77.0,1
STU_006202,77.0,1
STU_006203,92.0,1
STU_006204,77.0,1
STU_006205,85.0,1
STU_006206,85.0,1
STU_006207,92.0,1
STU_006208,85.0,1
STU_006209,92.0,1
STU_006210,77.0,1
STU_006211,85.0,1
STU_006212,77.0,1
STU_006213,85.0,1
STU_006214,85.0,1
STU_006215,85.0,1
STU_006216,77.0,1
STU_006217,92.0,1
STU_006218,77.0,1
STU_006219,85.0,1
STU_006220,77.0,1
STU_006221,77.0,1
STU_006222,82.0,1
STU_006223,85.0,1
STU_006224,85.0,1
STU_006225,85.0,1
STU_006226,85.0,1
STU_006227,85.0,1
STU_006228,82.0,1
STU_006229,85.0,1
STU_006230,85.0,1
STU_006231,85.0,1
STU_006232,82.0,1
STU_006233,85.0,1
STU_006234,72.0,1
STU_006235,85.0,1
STU_006236,85.0,1
STU_006237,77.0,1
STU_006238,85.0,1
STU_006239,77.0,1
STU_006240,85.0,1
STU_006241,85.0,1
STU_006242,82.0,1
STU_006243,77.0,1
STU_006244,85.0,1
STU_006245,77.0,1
STU_006246,85.0,1
STU_006247,72.0,1
STU_006248,77.0,1
STU_006249,85.0,1
STU_006250,77.0,1
STU_006251,82.0,1
STU_006252,77.0,1
STU_006253,77.0,1
STU_006254,92.0,1
STU_006255,85.0,1
STU_006256,85.0,1
STU_006257,85.0,1
STU_006258,85.0,1
STU_006259,85.0,1
STU_006260,85.0,1
STU_006261,85.0,1
STU_006262,85.0,1
STU_006263,77.0,1
STU_006264,85.0,1
STU_006265,77.0,1
STU_006266,85.0,1
STU_006267,77.0,1
STU_006268,77.0,1
STU_006269,77.0,1
STU_006270,85.0,1
STU_006271,77.0,1
STU_006272,85.0,1
STU_006273,77.0,1
STU_006274,77.0,1
STU_006275,77.0,1
STU_006276,72.0,1
STU_006277,90.0,1
STU_006278,85.0,1
STU_006279,85.0,1
STU_006280,77.0,1
STU_006281,85.0,1
STU_006282,85.0,1
STU_006283,77.0,1
STU_006284,92.0,1
STU_006285,85.0,1
STU_006286,85.0,1
STU_006287,77.0,1
STU_006288,82.0,1
STU_006289,85.0,1
STU_006290,77.0,1
STU_006291,85.0,1
STU_006292,85.0,1
STU_006293,77.0,1
STU_006294,77.0,1
STU_006295,85.0,1
STU_006296,77.0,1
STU_006297,85.0,1
STU_006298,77.0,1
STU_006299,77.0,1
STU_006300,85.0,1
STU_006301,82.0,1
STU_006302,85.0,1
STU_006303,77.0,1
STU_006304,72.0,1
STU_006305,85.0,1
STU_006306,85.0,1
STU_006307,77.0,1
STU_006308,85.0,1
STU_006309,72.0,1
STU_006310,72.0,1
STU_006311,85.0,1
STU_006312,77.0,1
STU_006313,85.0,1
STU_006314,85.0,1
STU_006315,85.0,1
STU_006316,85.0,1
STU_006317,85.0,1
STU_006318,85.0,1
STU_006319,72.0,1
STU_006320,90.0,1
STU_006321,85.0,1
STU_006322,85.0,1
STU_006323,82.0,1
STU_006324,85.0,1
STU_006325,77.0,1
STU_006326,72.0,1
STU_006327,85.0,1
STU_006328,82.0,1
STU_006329,77.0,1
STU_006330,77.0,1
STU_006331,85.0,1
STU_006332,72.0,1
STU_006333,85.0,1
STU_006334,77.0,1
STU_006335,77.0,1
STU_006336,85.0,1
STU_006337,77.0,1
STU_006338,72.0,1
STU_006339,77.0,1
STU_006340,85.0,1
STU_006341,77.0,1
STU_006342,82.0,1
STU_006343,60.0,1
STU_006344,77.0,1
STU_006345,85.0,1
STU_006346,77.0,1
STU_006347,77.0,1
STU_006348,85.0,1
STU_006349,77.0,1
STU_006350,85.0,1
STU_006351,85.0,1
STU_006352,77.0,1
STU_006353,77.0,1
STU_006354,85.0,1
STU_006355,77.0,1
STU_006356,85.0,1
STU_006357,85.0,1
STU_006358,77.0,1
STU_006359,85.0,1
STU_006360,85.0,1
STU_006361,85.0,1
STU_006362,92.0,1
STU_006363,85.0,1
STU_006364,77.0,1
STU_006365,72.0,1
STU_006366,85.0,1
STU_006367,85.0,1
STU_006368,85.0,1
STU_006369,85.0,1
STU_006370,85.0,1
STU_006371,77.0,1
STU_006372,77.0,1
STU_006373,85.0,1
STU_006374,85.0,1
STU_006375,85.0,1
STU_006376,77.0,1
STU_006377,77.0,1
STU_006378,85.0,1
STU_006379,77.0,1
STU_006380,85.0,1
STU_006381,85.0,1
STU_006382,85.0,1
STU_006383,77.0,1
STU_006384,85.0,1
STU_006385,85.0,1
STU_006386,77.0,1
STU_006387,85.0,1
STU_006388,72.0,1
STU_006389,85.0,1
STU_006390,77.0,1
STU_006391,77.0,1
STU_006392,82.0,1
STU_006393,85.0,1
STU_006394,85.0,1
STU_006395,77.0,1
STU_006396,72.0,1
STU_006397,85.0,1
STU_006398,85.0,1
STU_006399,77.0,1
STU_006400,77.0,1
STU_006401,85.0,1
STU_006402,72.0,1
STU_006403,85.0,1
STU_006404,77.0,1
STU_006405,72.0,1
STU_006406,85.0,1
STU_006407,85.0,1
STU_006408,77.0,1
STU_006409,77.0,1
STU_006410,85.0,1
STU_006411,77.0,1
STU_006412,85.0,1
STU_006413,85.0,1
STU_006414,85.0,1
STU_006415,77.0,1
STU_006416,85.0,1
STU_006417,85.0,1
STU_006418,77.0,1
STU_006419,77.0,1
STU_006420,77.0,1
STU_006421,85.0,1
STU_006422,85.0,1
STU_006423,85.0,1
STU_006424,77.0,1
STU_006425,85.0,1
STU_006426,85.0,1
STU_006427,77.0,1
STU_006428,90.0,1
STU_006429,85.0,1
STU_006430,77.0,1
STU_006431,85.0,1
STU_006432,85.0,1
STU_006433,85.0,1
STU_006434,77.0,1
STU_006435,85.0,1
STU_006436,85.0,1
STU_006437,85.0,1
STU_006438,85.0,1
STU_006439,85.0,1
STU_006440,92.0,1
STU_006441,85.0,1
STU_006442,77.0,1
STU_006443,77.0,1
STU_006444,85.0,1
STU_006445,85.0,1
STU_006446,85.0,1
STU_006447,85.0,1
STU_006448,85.0,1
STU_006449,85.0,1
STU_006450,85.0,1
STU_006451,85.0,1
STU_006452,85.0,1
STU_006453,85.0,1
STU_006454,92.0,1
STU_006455,77.0,1
STU_006456,85.0,1
STU_006457,85.0,1
STU_006458,85.0,1
STU_006459,77.0,1
STU_006460,85.0,1
STU_006461,82.0,1
STU_006462,85.0,1
STU_006463,92.0,1
STU_006464,85.0,1
STU_006465,77.0,1
STU_006466,72.0,1
STU_006467,85.0,1
STU_006468,77.0,1
STU_006469,85.0,1
STU_006470,77.0,1
STU_006471,92.0,1
STU_006472,85.0,1
STU_006473,85.0,1
STU_006474,85.0,1
STU_006475,77.0,1
STU_006476,85.0,1
STU_006477,85.0,1
STU_006478,85.0,1
STU_006479,85.0,1
STU_006480,85.0,1
STU_006481,85.0,1
STU_006482,77.0,1
STU_006483,85.0,1
STU_006484,85.0,1
STU_006485,85.0,1
STU_006486,85.0,1
STU_006487,85.0,1
STU_006488,72.0,1
STU_006489,85.0,1
STU_006490,77.0,1
STU_006491,70.0,1
STU_006492,85.0,1
STU_006493,85.0,1
STU_006494,72.0,1
STU_006495,77.0,1
STU_006496,85.0,1
STU_006497,85.0,1
STU_006498,77.0,1
STU_006499,77.0,1
STU_006500,65.0,1
STU_006501,82.0,1
STU_006502,90.0,1
STU_006503,92.0,1
STU_006504,85.0,1
STU_006505,77.0,1
STU_006506,85.0,1
STU_006507,77.0,1
STU_006508,90.0,1
STU_006509,85.0,1
STU_006510,77.0,1
STU_006511,90.0,1
STU_006512,77.0,1
STU_006513,85.0,1
STU_006514,85.0,1
STU_006515,77.0,1
STU_006516,85.0,1
STU_006517,77.0,1
STU_006518,85.0,1
STU_006519,85.0,1
STU_006520,85.0,1
STU_006521,77.0,1
STU_006522,72.0,1
STU_006523,77.0,1
STU_006524,77.0,1
STU_006525,85.0,1
STU_006526,77.0,1
STU_006527,85.0,1
STU_006528,77.0,1
STU_006529,85.0,1
STU_006530,85.0,1
STU_006531,85.0,1
STU_006532,85.0,1
STU_006533,85.0,1
STU_006534,77.0,1
STU_006535,85.0,1
STU_006536,85.0,1
STU_006537,85.0,1
STU_006538,77.0,1
STU_006539,77.0,1
STU_006540,85.0,1
STU_006541,85.0,1
STU_006542,92.0,1
STU_006543,77.0,1
STU_006544,85.0,1
STU_006545,85.0,1
STU_006546,85.0,1
STU_006547,85.0,1
STU_006548,77.0,1
STU_006549,77.0,1
STU_006550,77.0,1
STU_006551,85.0,1
STU_006552,72.0,1
STU_006553,77.0,1
STU_006554,85.0,1
STU_006555,77.0,1
STU_006556,77.0,1
STU_006557,85.0,1
STU_006558,82.0,1
STU_006559,85.0,1
STU_006560,77.0,1
STU_006561,85.0,1
STU_006562,77.0,1
STU_006563,85.0,1
STU_006564,85.0,1
STU_006565,85.0,1
STU_006566,85.0,1
STU_006567,85.0,1
STU_006568,77.0,1
STU_006569,72.0,1
STU_006570,77.0,1
STU_006571,90.0,1
STU_006572,77.0,1
STU_006573,85.0,1
STU_006574,85.0,1
STU_006575,77.0,1
STU_006576,85.0,1
STU_006577,77.0,1
STU_006578,85.0,1
STU_006579,77.0,1
STU_006580,82.0,1
STU_006581,77.0,1
STU_006582,85.0,1
STU_006583,77.0,1
STU_006584,77.0,1
STU_006585,85.0,1
STU_006586,77.0,1
STU_006587,92.0,1
STU_006588,85.0,1
STU_006589,72.0,1
STU_006590,85.0,1
STU_006591,85.0,1
STU_006592,85.0,1
STU_006593,77.0,1
STU_006594,85.0,1
STU_006595,82.0,1
STU_006596,85.0,1
STU_006597,77.0,1
STU_006598,85.0,1
STU_006599,77.0,1
STU_006600,60.0,1
STU_006601,92.0,1
STU_006602,77.0,1
STU_006603,77.0,1
STU_006604,85.0,1
STU_006605,72.0,1
STU_006606,85.0,1
STU_006607,82.0,1
STU_006608,77.0,1
STU_006609,92.0,1
STU_006610,85.0,1
STU_006611,85.0,1
STU_006612,85.0,1
STU_006613,77.0,1
STU_006614,77.0,1
STU_006615,82.0,1
STU_006616,82.0,1
STU_006617,85.0,1
STU_006618,85.0,1
STU_006619,85.0,1
STU_006620,85.0,1
STU_006621,82.0,1
STU_006622,85.0,1
STU_006623,82.0,1
STU_006624,77.0,1
STU_006625,85.0,1
STU_006626,85.0,1
STU_006627,85.0,1
STU_006628,85.0,1
STU_006629,85.0,1
STU_006630,85.0,1
STU_006631,92.0,1
STU_006632,77.0,1
STU_006633,85.0,1
STU_006634,92.0,1
STU_006635,85.0,1
STU_006636,77.0,1
STU_006637,85.0,1
STU_006638,85.0,1
STU_006639,85.0,1
STU_006640,85.0,1
STU_006641,85.0,1
STU_006642,85.0,1
STU_006643,85.0,1
STU_006644,77.0,1
STU_006645,85.0,1
STU_006646,85.0,1
STU_006647,92.0,1
STU_006648,85.0,1
STU_006649,77.0,1
STU_006650,85.0,1
STU_006651,85.0,1
STU_006652,85.0,1
STU_006653,72.0,1
STU_006654,77.0,1
STU_006655,85.0,1
STU_006656,90.0,1
STU_006657,77.0,1
STU_006658,85.0,1
STU_006659,95.0,1
STU_006660,72.0,1
STU_006661,85.0,1
STU_006662,85.0,1
STU_006663,85.0,1
STU_006664,85.0,1
STU_006665,82.0,1
STU_006666,85.0,1
STU_006667,85.0,1
STU_006668,77.0,1
STU_006669,85.0,1
STU_006670,85.0,1
STU_006671,85.0,1
STU_006672,85.0,1
STU_006673,77.0,1
STU_006674,85.0,1
STU_006675,77.0,1
STU_006676,92.0,1
STU_006677,77.0,1
STU_006678,82.0,1
STU_006679,77.0,1
STU_006680,65.0,1
STU_006681,85.0,1
STU_006682,85.0,1
STU_006683,85.0,1
STU_006684,77.0,1
STU_006685,85.0,1
STU_006686,72.0,1
STU_006687,90.0,1
STU_006688,82.0,1
STU_006689,85.0,1
STU_006690,85.0,1
STU_006691,85.0,1
STU_006692,92.0,1
STU_006693,77.0,1
STU_006694,72.0,1
STU_006695,85.0,1
STU_006696,85.0,1
STU_006697,72.0,1
STU_006698,77.0,1
STU_006699,85.0,1
STU_006700,72.0,1
STU_006701,85.0,1
STU_006702,85.0,1
STU_006703,77.0,1
STU_006704,85.0,1
STU_006705,85.0,1
STU_006706,85.0,1
STU_006707,85.0,1
STU_006708,72.0,1
STU_006709,77.0,1
STU_006710,85.0,1
STU_006711,85.0,1
STU_006712,85.0,1
STU_006713,85.0,1
STU_006714,77.0,1
STU_006715,77.0,1
STU_006716,85.0,1
STU_006717,90.0,1
STU_006718,85.0,1
STU_006719,85.0,1
STU_006720,72.0,1
STU_006721,85.0,1
STU_006722,85.0,1
STU_006723,90.0,1
STU_006724,77.0,1
STU_006725,85.0,1
STU_006726,72.0,1
STU_006727,85.0,1
STU_006728,85.0,1
STU_006729,85.0,1
STU_006730,85.0,1
STU_006731,85.0,1
STU_006732,85.0,1
STU_006733,72.0,1
STU_006734,72.0,1
STU_006735,92.0,1
STU_006736,90.0,1
STU_006737,85.0,1
STU_006738,85.0,1
STU_006739,92.0,1
STU_006740,72.0,1
STU_006741,85.0,1
STU_006742,92.0,1
STU_006743,85.0,1
STU_006744,77.0,1
STU_006745,85.0,1
STU_006746,85.0,1
STU_006747,85.0,1
STU_006748,85.0,1
STU_006749,85.0,1
STU_006750,77.0,1
STU_006751,77.0,1
STU_006752,92.0,1
STU_006753,85.0,1
STU_006754,85.0,1
STU_006755,85.0,1
STU_006756,77.0,1
STU_006757,85.0,1
STU_006758,95.0,1
STU_006759,77.0,1
STU_006760,85.0,1
STU_006761,85.0,1
STU_006762,77.0,1
STU_006763,77.0,1
STU_006764,85.0,1
STU_006765,85.0,1
STU_006766,85.0,1
STU_006767,85.0,1
STU_006768,85.0,1
STU_006769,85.0,1
STU_006770,85.0,1
STU_006771,85.0,1
STU_006772,77.0,1
STU_006773,77.0,1
STU_006774,85.0,1
STU_006775,77.0,1
STU_006776,85.0,1
STU_006777,85.0,1
STU_006778,77.0,1
STU_006779,72.0,1
STU_006780,65.0,1
STU_006781,77.0,1
STU_006782,85.0,1
STU_006783,77.0,1
STU_006784,85.0,1
STU_006785,82.0,1
STU_006786,82.0,1
STU_006787,85.0,1
STU_006788,85.0,1
STU_006789,77.0,1
STU_006790,82.0,1
STU_006791,85.0,1
STU_006792,72.0,1
STU_006793,77.0,1
STU_006794,85.0,1
STU_006795,77.0,1
STU_006796,85.0,1
STU_006797,85.0,1
STU_006798,77.0,1
STU_006799,85.0,1
STU_006800,85.0,1
STU_006801,77.0,1
STU_006802,82.0,1
STU_006803,85.0,1
STU_006804,77.0,1
STU_006805,85.0,1
STU_006806,85.0,1
STU_006807,82.0,1
STU_006808,85.0,1
STU_006809,92.0,1
STU_006810,85.0,1
STU_006811,85.0,1
STU_006812,85.0,1
STU_006813,85.0,1
STU_006814,85.0,1
STU_006815,85.0,1
STU_006816,77.0,1
STU_006817,92.0,1
STU_006818,85.0,1
STU_006819,77.0,1
STU_006820,85.0,1
STU_006821,85.0,1
STU_006822,85.0,1
STU_006823,85.0,1
STU_006824,72.0,1
STU_006825,90.0,1
STU_006826,77.0,1
STU_006827,92.0,1
STU_006828,85.0,1
STU_006829,92.0,1
STU_006830,85.0,1
STU_006831,85.0,1
STU_006832,90.0,1
STU_006833,72.0,1
STU_006834,85.0,1
STU_006835,92.0,1
STU_006836,85.0,1
STU_006837,82.0,1
STU_006838,85.0,1
STU_006839,77.0,1
STU_006840,85.0,1
STU_006841,77.0,1
STU_006842,85.0,1
STU_006843,92.0,1
STU_006844,85.0,1
STU_006845,85.0,1
STU_006846,77.0,1
STU_006847,77.0,1
STU_006848,85.0,1
STU_006849,85.0,1
STU_006850,77.0,1
STU_006851,85.0,1
STU_006852,85.0,1
STU_006853,77.0,1
STU_006854,85.0,1
STU_006855,85.0,1
STU_006856,77.0,1
STU_006857,77.0,1
STU_006858,72.0,1
STU_006859,82.0,1
STU_006860,85.0,1
STU_006861,85.0,1
STU_006862,77.0,1
STU_006863,85.0,1
STU_006864,82.0,1
STU_006865,85.0,1
STU_006866,85.0,1
STU_006867,85.0,1
STU_006868,85.0,1
STU_006869,85.0,1
STU_006870,72.0,1
STU_006871,60.0,1
STU_006872,92.0,1
STU_006873,85.0,1
STU_006874,85.0,1
STU_006875,85.0,1
STU_006876,77.0,1
STU_006877,85.0,1
STU_006878,85.0,1
STU_006879,77.0,1
STU_006880,72.0,1
STU_006881,85.0,1
STU_006882,72.0,1
STU_006883,77.0,1
STU_006884,77.0,1
STU_006885,85.0,1
STU_006886,72.0,1
STU_006887,85.0,1
STU_006888,77.0,1
STU_006889,82.0,1
STU_006890,85.0,1
STU_006891,85.0,1
STU_006892,92.0,1
STU_006893,77.0,1
STU_006894,92.0,1
STU_006895,92.0,1
STU_006896,72.0,1
STU_006897,72.0,1
STU_006898,85.0,1
STU_006899,85.0,1
STU_006900,85.0,1
STU_006901,85.0,1
STU_006902,92.0,1
STU_006903,85.0,1
STU_006904,85.0,1
STU_006905,90.0,1
STU_006906,77.0,1
STU_006907,85.0,1
STU_006908,85.0,1
STU_006909,85.0,1
STU_006910,85.0,1
STU_006911,77.0,1
STU_006912,77.0,1
STU_006913,85.0,1
STU_006914,85.0,1
STU_006915,82.0,1
STU_006916,85.0,1
STU_006917,85.0,1
STU_006918,85.0,1
STU_006919,85.0,1
STU_006920,85.0,1
STU_006921,85.0,1
STU_006922,77.0,1
STU_006923,77.0,1
STU_006924,85.0,1
STU_006925,85.0,1
STU_006926,85.0,1
STU_006927,85.0,1
STU_006928,85.0,1
STU_006929,77.0,1
STU_006930,85.0,1
STU_006931,92.0,1
STU_006932,85.0,1
STU_006933,85.0,1
STU_006934,77.0,1
STU_006935,77.0,1
STU_006936,85.0,1
STU_006937,65.0,1
STU_006938,82.0,1
STU_006939,77.0,1
STU_006940,77.0,1
STU_006941,92.0,1
STU_006942,85.0,1
STU_006943,77.0,1
STU_006944,85.0,1
STU_006945,77.0,1
STU_006946,72.0,1
STU_006947,92.0,1
STU_006948,85.0,1
STU_006949,82.0,1
STU_006950,85.0,1
STU_006951,77.0,1
STU_006952,85.0,1
STU_006953,85.0,1
STU_006954,85.0,1
STU_006955,85.0,1
STU_006956,85.0,1
STU_006957,77.0,1
STU_006958,82.0,1
STU_006959,85.0,1
STU_006960,77.0,1
STU_006961,90.0,1
STU_006962,85.0,1
STU_006963,77.0,1
STU_006964,85.0,1
STU_006965,65.0,1
STU_006966,85.0,1
STU_006967,85.0,1
STU_006968,77.0,1
STU_006969,85.0,1
STU_006970,82.0,1
STU_006971,85.0,1
STU_006972,77.0,1
STU_006973,85.0,1
STU_006974,85.0,1
STU_006975,85.0,1
STU_006976,85.0,1
STU_006977,85.0,1
STU_006978,85.0,1
STU_006979,65.0,1
STU_006980,85.0,1
STU_006981,85.0,1
STU_006982,77.0,1
STU_006983,82.0,1
STU_006984,85.0,1
STU_006985,85.0,1
STU_006986,85.0,1
STU_006987,85.0,1
STU_006988,82.0,1
STU_006989,77.0,1
STU_006990,85.0,1
STU_006991,85.0,1
STU_006992,85.0,1
STU_006993,85.0,1
STU_006994,85.0,1
STU_006995,85.0,1
STU_006996,85.0,1
STU_006997,85.0,1
STU_006998,77.0,1
STU_006999,82.0,1
STU_007000,85.0,1
STU_007001,85.0,1
STU_007002,85.0,1
STU_007003,85.0,1
STU_007004,72.0,1
STU_007005,85.0,1
STU_007006,85.0,1
STU_007007,77.0,1
STU_007008,77.0,1
STU_007009,77.0,1
STU_007010,82.0,1
STU_007011,90.0,1
STU_007012,77.0,1
STU_007013,82.0,1
STU_007014,77.0,1
STU_007015,77.0,1
STU_007016,72.0,1
STU_007017,85.0,1
STU_007018,82.0,1
STU_007019,90.0,1
STU_007020,77.0,1
STU_007021,77.0,1
STU_007022,77.0,1
STU_007023,85.0,1
STU_007024,85.0,1
STU_007025,85.0,1
STU_007026,85.0,1
STU_007027,77.0,1
STU_007028,77.0,1
STU_007029,85.0,1
STU_007030,77.0,1
STU_007031,72.0,1
STU_007032,85.0,1
STU_007033,85.0,1
STU_007034,72.0,1
STU_007035,92.0,1
STU_007036,77.0,1
STU_007037,85.0,1
STU_007038,77.0,1
STU_007039,77.0,1
STU_007040,85.0,1
STU_007041,92.0,1
STU_007042,85.0,1
STU_007043,77.0,1
STU_007044,85.0,1
STU_007045,85.0,1
STU_007046,85.0,1
STU_007047,77.0,1
STU_007048,85.0,1
STU_007049,85.0,1
STU_007050,85.0,1
STU_007051,77.0,1
STU_007052,85.0,1
STU_007053,85.0,1
STU_007054,85.0,1
STU_007055,82.0,1
STU_007056,85.0,1
STU_007057,82.0,1
STU_007058,77.0,1
STU_007059,77.0,1
STU_007060,85.0,1
STU_007061,77.0,1
STU_007062,82.0,1
STU_007063,82.0,1
STU_007064,85.0,1
STU_007065,77.0,1
STU_007066,85.0,1
STU_007067,85.0,1
STU_007068,85.0,1
STU_007069,85.0,1
STU_007070,85.0,1
STU_007071,82.0,1
STU_007072,85.0,1
STU_007073,85.0,1
STU_007074,85.0,1
STU_007075,85.0,1
STU_007076,77.0,1
STU_007077,85.0,1
STU_007078,85.0,1
STU_007079,85.0,1
STU_007080,92.0,1
STU_007081,85.0,1
STU_007082,85.0,1
STU_007083,77.0,1
STU_007084,77.0,1
STU_007085,85.0,1
STU_007086,92.0,1
STU_007087,72.0,1
STU_007088,85.0,1
STU_007089,65.0,1
STU_007090,85.0,1
STU_007091,82.0,1
STU_007092,77.0,1
STU_007093,77.0,1
STU_007094,85.0,1
STU_007095,77.0,1
STU_007096,85.0,1
STU_007097,72.0,1
STU_007098,85.0,1
STU_007099,77.0,1
STU_007100,85.0,1
STU_007101,85.0,1
STU_007102,77.0,1
STU_007103,85.0,1
STU_007104,72.0,1
STU_007105,85.0,1
STU_007106,85.0,1
STU_007107,77.0,1
STU_007108,92.0,1
STU_007109,85.0,1
STU_007110,85.0,1
STU_007111,92.0,1
STU_007112,85.0,1
STU_007113,77.0,1
STU_007114,77.0,1
STU_007115,77.0,1
STU_007116,85.0,1
STU_007117,92.0,1
STU_007118,85.0,1
STU_007119,82.0,1
STU_007120,85.0,1
STU_007121,77.0,1
STU_007122,85.0,1
STU_007123,77.0,1
STU_007124,85.0,1
STU_007125,77.0,1
STU_007126,92.0,1
STU_007127,77.0,1
STU_007128,85.0,1
STU_007129,82.0,1
STU_007130,82.0,1
STU_007131,85.0,1
STU_007132,85.0,1
STU_007133,85.0,1
STU_007134,72.0,1
STU_007135,72.0,1
STU_007136,77.0,1
STU_007137,77.0,1
STU_007138,82.0,1
STU_007139,85.0,1
STU_007140,82.0,1
STU_007141,72.0,1
STU_007142,85.0,1
STU_007143,85.0,1
STU_007144,77.0,1
STU_007145,70.0,1
STU_007146,90.0,1
STU_007147,77.0,1
STU_007148,77.0,1
STU_007149,77.0,1
STU_007150,90.0,1
STU_007151,82.0,1
STU_007152,72.0,1
STU_007153,60.0,1
STU_007154,85.0,1
STU_007155,85.0,1
STU_007156,77.0,1
STU_007157,85.0,1
STU_007158,77.0,1
STU_007159,85.0,1
STU_007160,85.0,1
STU_007161,85.0,1
STU_007162,85.0,1
STU_007163,77.0,1
STU_007164,82.0,1
STU_007165,90.0,1
STU_007166,85.0,1
STU_007167,85.0,1
STU_007168,72.0,1
STU_007169,85.0,1
STU_007170,77.0,1
STU_007171,85.0,1
STU_007172,85.0,1
STU_007173,85.0,1
STU_007174,85.0,1
STU_007175,70.0,1
STU_007176,85.0,1
STU_007177,77.0,1
STU_007178,85.0,1
STU_007179,85.0,1
STU_007180,85.0,1
STU_007181,85.0,1
STU_007182,85.0,1
STU_007183,77.0,1
STU_007184,77.0,1
STU_007185,77.0,1
STU_007186,77.0,1
STU_007187,77.0,1
STU_007188,85.0,1
STU_007189,77.0,1
STU_007190,77.0,1
STU_007191,85.0,1
STU_007192,82.0,1
STU_007193,72.0,1
STU_007194,85.0,1
STU_007195,85.0,1
STU_007196,77.0,1
STU_007197,85.0,1
STU_007198,77.0,1
STU_007199,85.0,1
STU_007200,85.0,1
STU_007201,85.0,1
STU_007202,85.0,1
STU_007203,85.0,1
STU_007204,85.0,1
STU_007205,85.0,1
STU_007206,85.0,1
STU_007207,72.0,1
STU_007208,85.0,1
STU_007209,77.0,1
STU_007210,77.0,1
STU_007211,77.0,1
STU_007212,85.0,1
STU_007213,85.0,1
STU_007214,85.0,1
STU_007215,77.0,1
STU_007216,85.0,1
STU_007217,92.0,1
STU_007218,82.0,1
STU_007219,85.0,1
STU_007220,77.0,1
STU_007221,77.0,1
STU_007222,72.0,1
STU_007223,85.0,1
STU_007224,92.0,1
STU_007225,85.0,1
STU_007226,82.0,1
STU_007227,85.0,1
STU_007228,85.0,1
STU_007229,85.0,1
STU_007230,77.0,1
STU_007231,77.0,1
STU_007232,65.0,1
STU_007233,77.0,1
STU_007234,95.0,1
STU_007235,85.0,1
STU_007236,77.0,1
STU_007237,85.0,1
STU_007238,85.0,1
STU_007239,65.0,1
STU_007240,72.0,1
STU_007241,85.0,1
STU_007242,65.0,1
STU_007243,85.0,1
STU_007244,72.0,1
STU_007245,85.0,1
STU_007246,85.0,1
STU_007247,85.0,1
STU_007248,77.0,1
STU_007249,82.0,1
STU_007250,77.0,1
STU_007251,85.0,1
STU_007252,77.0,1
STU_007253,90.0,1
STU_007254,77.0,1
STU_007255,85.0,1
STU_007256,85.0,1
STU_007257,85.0,1
STU_007258,85.0,1
STU_007259,85.0,1
STU_007260,77.0,1
STU_007261,92.0,1
STU_007262,85.0,1
STU_007263,77.0,1
STU_007264,85.0,1
STU_007265,85.0,1
STU_007266,92.0,1
STU_007267,82.0,1
STU_007268,82.0,1
STU_007269,77.0,1
STU_007270,85.0,1
STU_007271,85.0,1
STU_007272,90.0,1
STU_007273,85.0,1
STU_007274,85.0,1
STU_007275,85.0,1
STU_007276,85.0,1
STU_007277,85.0,1
STU_007278,77.0,1
STU_007279,85.0,1
STU_007280,77.0,1
STU_007281,77.0,1
STU_007282,85.0,1
STU_007283,85.0,1
STU_007284,85.0,1
STU_007285,85.0,1
STU_007286,77.0,1
STU_007287,82.0,1
STU_007288,85.0,1
STU_007289,77.0,1
STU_007290,77.0,1
STU_007291,85.0,1
STU_007292,60.0,1
STU_007293,85.0,1
STU_007294,90.0,1
STU_007295,92.0,1
STU_007296,85.0,1
STU_007297,85.0,1
STU_007298,72.0,1
STU_007299,77.0,1
STU_007300,85.0,1
STU_007301,85.0,1
STU_007302,77.0,1
STU_007303,77.0,1
STU_007304,85.0,1
STU_007305,77.0,1
STU_007306,72.0,1
STU_007307,85.0,1
STU_007308,72.0,1
STU_007309,85.0,1
STU_007310,85.0,1
STU_007311,72.0,1
STU_007312,77.0,1
STU_007313,85.0,1
STU_007314,85.0,1
STU_007315,77.0,1
STU_007316,85.0,1
STU_007317,77.0,1
STU_007318,85.0,1
STU_007319,77.0,1
STU_007320,85.0,1
STU_007321,72.0,1
STU_007322,82.0,1
STU_007323,85.0,1
STU_007324,65.0,1
STU_007325,85.0,1
STU_007326,77.0,1
STU_007327,85.0,1
STU_007328,85.0,1
STU_007329,82.0,1
STU_007330,77.0,1
STU_007331,85.0,1
STU_007332,77.0,1
STU_007333,85.0,1
STU_007334,77.0,1
STU_007335,77.0,1
STU_007336,77.0,1
STU_007337,77.0,1
STU_007338,85.0,1
STU_007339,85.0,1
STU_007340,85.0,1
STU_007341,85.0,1
STU_007342,77.0,1
STU_007343,85.0,1
STU_007344,85.0,1
STU_007345,77.0,1
STU_007346,85.0,1
STU_007347,92.0,1
STU_007348,77.0,1
STU_007349,77.0,1
STU_007350,85.0,1
STU_007351,85.0,1
STU_007352,85.0,1
STU_007353,85.0,1
STU_007354,77.0,1
STU_007355,77.0,1
STU_007356,77.0,1
STU_007357,77.0,1
STU_007358,77.0,1
STU_007359,77.0,1
STU_007360,82.0,1
STU_007361,77.0,1
STU_007362,85.0,1
STU_007363,85.0,1
STU_007364,85.0,1
STU_007365,90.0,1
STU_007366,85.0,1
STU_007367,85.0,1
STU_007368,72.0,1
STU_007369,85.0,1
STU_007370,77.0,1
STU_007371,92.0,1
STU_007372,85.0,1
STU_007373,85.0,1
STU_007374,77.0,1
STU_007375,85.0,1
STU_007376,85.0,1
STU_007377,85.0,1
STU_007378,85.0,1
STU_007379,85.0,1
STU_007380,82.0,1
STU_007381,85.0,1
STU_007382,85.0,1
STU_007383,82.0,1
STU_007384,85.0,1
STU_007385,65.0,1
STU_007386,85.0,1
STU_007387,85.0,1
STU_007388,82.0,1
STU_007389,77.0,1
STU_007390,77.0,1
STU_007391,85.0,1
STU_007392,85.0,1
STU_007393,85.0,1
STU_007394,85.0,1
STU_007395,77.0,1
STU_007396,85.0,1
STU_007397,77.0,1
STU_007398,85.0,1
STU_007399,85.0,1
STU_007400,85.0,1
STU_007401,92.0,1
STU_007402,72.0,1
STU_007403,90.0,1
STU_007404,85.0,1
STU_007405,77.0,1
STU_007406,85.0,1
STU_007407,92.0,1
STU_007408,85.0,1
STU_007409,77.0,1
STU_007410,77.0,1
STU_007411,85.0,1
STU_007412,77.0,1
STU_007413,85.0,1
STU_007414,77.0,1
STU_007415,85.0,1
STU_007416,77.0,1
STU_007417,85.0,1
STU_007418,85.0,1
STU_007419,85.0,1
STU_007420,85.0,1
STU_007421,92.0,1
STU_007422,77.0,1
STU_007423,65.0,1
STU_007424,85.0,1
STU_007425,85.0,1
STU_007426,72.0,1
STU_007427,85.0,1
STU_007428,82.0,1
STU_007429,85.0,1
STU_007430,85.0,1
STU_007431,85.0,1
STU_007432,85.0,1
STU_007433,85.0,1
STU_007434,92.0,1
STU_007435,85.0,1
STU_007436,85.0,1
STU_007437,82.0,1
STU_007438,85.0,1
STU_007439,85.0,1
STU_007440,85.0,1
STU_007441,92.0,1
STU_007442,77.0,1
STU_007443,82.0,1
STU_007444,85.0,1
STU_007445,77.0,1
STU_007446,85.0,1
STU_007447,85.0,1
STU_007448,85.0,1
STU_007449,77.0,1
STU_007450,95.0,1
STU_007451,85.0,1
STU_007452,85.0,1
STU_007453,85.0,1
STU_007454,85.0,1
STU_007455,77.0,1
STU_007456,85.0,1
STU_007457,85.0,1
STU_007458,77.0,1
STU_007459,85.0,1
STU_007460,85.0,1
STU_007461,90.0,1
STU_007462,77.0,1
STU_007463,85.0,1
STU_007464,77.0,1
STU_007465,77.0,1
STU_007466,85.0,1
STU_007467,85.0,1
STU_007468,85.0,1
STU_007469,85.0,1
STU_007470,85.0,1
STU_007471,85.0,1
STU_007472,85.0,1
STU_007473,92.0,1
STU_007474,85.0,1
STU_007475,85.0,1
STU_007476,85.0,1
STU_007477,92.0,1
STU_007478,85.0,1
STU_007479,85.0,1
STU_007480,85.0,1
STU_007481,85.0,1
STU_007482,85.0,1
STU_007483,72.0,1
STU_007484,77.0,1
STU_007485,77.0,1
STU_007486,77.0,1
STU_007487,72.0,1
STU_007488,85.0,1
STU_007489,85.0,1
STU_007490,95.0,1
STU_007491,72.0,1
STU_007492,85.0,1
STU_007493,85.0,1
STU_007494,77.0,1
STU_007495,77.0,1
STU_007496,85.0,1
STU_007497,82.0,1
STU_007498,77.0,1
STU_007499,72.0,1
STU_007500,85.0,1
STU_007501,77.0,1
STU_007502,65.0,1
STU_007503,77.0,1
STU_007504,85.0,1
STU_007505,85.0,1
STU_007506,85.0,1
STU_007507,85.0,1
STU_007508,77.0,1
STU_007509,77.0,1
STU_007510,85.0,1
STU_007511,65.0,1
STU_007512,90.0,1
STU_007513,82.0,1
STU_007514,85.0,1
STU_007515,72.0,1
STU_007516,72.0,1
STU_007517,85.0,1
STU_007518,85.0,1
STU_007519,85.0,1
STU_007520,85.0,1
STU_007521,85.0,1
STU_007522,85.0,1
STU_007523,77.0,1
STU_007524,82.0,1
STU_007525,85.0,1
STU_007526,77.0,1
STU_007527,77.0,1
STU_007528,77.0,1
STU_007529,85.0,1
STU_007530,92.0,1
STU_007531,85.0,1
STU_007532,77.0,1
STU_007533,85.0,1
STU_007534,82.0,1
STU_007535,82.0,1
STU_007536,72.0,1
STU_007537,85.0,1
STU_007538,85.0,1
STU_007539,85.0,1
STU_007540,85.0,1
STU_007541,85.0,1
STU_007542,77.0,1
STU_007543,77.0,1
STU_007544,85.0,1
STU_007545,85.0,1
STU_007546,85.0,1
STU_007547,77.0,1
STU_007548,77.0,1
STU_007549,82.0,1
STU_007550,85.0,1
STU_007551,85.0,1
STU_007552,85.0,1
STU_007553,92.0,1
STU_007554,85.0,1
STU_007555,85.0,1
STU_007556,85.0,1
STU_007557,77.0,1
STU_007558,85.0,1
STU_007559,72.0,1
STU_007560,77.0,1
STU_007561,85.0,1
STU_007562,82.0,1
STU_007563,77.0,1
STU_007564,85.0,1
STU_007565,82.0,1
STU_007566,82.0,1
STU_007567,77.0,1
STU_007568,85.0,1
STU_007569,77.0,1
STU_007570,77.0,1
STU_007571,90.0,1
STU_007572,77.0,1
STU_007573,85.0,1
STU_007574,85.0,1
STU_007575,85.0,1
STU_007576,85.0,1
STU_007577,82.0,1
STU_007578,85.0,1
STU_007579,77.0,1
STU_007580,77.0,1
STU_007581,85.0,1
STU_007582,77.0,1
STU_007583,77.0,1
STU_007584,72.0,1
STU_007585,85.0,1
STU_007586,85.0,1
STU_007587,85.0,1
STU_007588,85.0,1
STU_007589,85.0,1
STU_007590,85.0,1
STU_007591,85.0,1
STU_007592,85.0,1
STU_007593,92.0,1
STU_007594,77.0,1
STU_007595,77.0,1
STU_007596,85.0,1
STU_007597,85.0,1
STU_007598,72.0,1
STU_007599,85.0,1
STU_007600,77.0,1
STU_007601,82.0,1
STU_007602,85.0,1
STU_007603,85.0,1
STU_007604,77.0,1
STU_007605,77.0,1
STU_007606,85.0,1
STU_007607,85.0,1
STU_007608,77.0,1
STU_007609,85.0,1
STU_007610,85.0,1
STU_007611,85.0,1
STU_007612,77.0,1
STU_007613,85.0,1
STU_007614,82.0,1
STU_007615,82.0,1
STU_007616,82.0,1
STU_007617,85.0,1
STU_007618,72.0,1
STU_007619,85.0,1
STU_007620,85.0,1
STU_007621,85.0,1
STU_007622,85.0,1
STU_007623,85.0,1
STU_007624,85.0,1
STU_007625,85.0,1
STU_007626,72.0,1
STU_007627,85.0,1
STU_007628,95.0,1
STU_007629,72.0,1
STU_007630,77.0,1
STU_007631,85.0,1
STU_007632,85.0,1
STU_007633,85.0,1
STU_007634,85.0,1
STU_007635,85.0,1
STU_007636,72.0,1
STU_007637,85.0,1
STU_007638,77.0,1
STU_007639,77.0,1
STU_007640,85.0,1
STU_007641,77.0,1
STU_007642,85.0,1
STU_007643,85.0,1
STU_007644,95.0,1
STU_007645,85.0,1
STU_007646,85.0,1
STU_007647,82.0,1
STU_007648,77.0,1
STU_007649,85.0,1
STU_007650,82.0,1
STU_007651,82.0,1
STU_007652,85.0,1
STU_007653,82.0,1
STU_007654,77.0,1
STU_007655,85.0,1
STU_007656,77.0,1
STU_007657,72.0,1
STU_007658,77.0,1
STU_007659,85.0,1
STU_007660,77.0,1
STU_007661,77.0,1
STU_007662,77.0,1
STU_007663,77.0,1
STU_007664,85.0,1
STU_007665,85.0,1
STU_007666,85.0,1
STU_007667,77.0,1
STU_007668,82.0,1
STU_007669,85.0,1
STU_007670,85.0,1
STU_007671,85.0,1
STU_007672,77.0,1
STU_007673,85.0,1
STU_007674,85.0,1
STU_007675,85.0,1
STU_007676,77.0,1
STU_007677,77.0,1
STU_007678,85.0,1
STU_007679,85.0,1
STU_007680,85.0,1
STU_007681,92.0,1
STU_007682,77.0,1
STU_007683,85.0,1
STU_007684,77.0,1
STU_007685,85.0,1
STU_007686,77.0,1
STU_007687,85.0,1
STU_007688,85.0,1
STU_007689,77.0,1
STU_007690,77.0,1
STU_007691,85.0,1
STU_007692,77.0,1
STU_007693,82.0,1
STU_007694,85.0,1
STU_007695,82.0,1
STU_007696,72.0,1
STU_007697,85.0,1
STU_007698,85.0,1
STU_007699,85.0,1
STU_007700,77.0,1
STU_007701,72.0,1
STU_007702,77.0,1
STU_007703,72.0,1
STU_007704,85.0,1
STU_007705,85.0,1
STU_007706,85.0,1
STU_007707,85.0,1
STU_007708,77.0,1
STU_007709,85.0,1
STU_007710,85.0,1
STU_007711,85.0,1
STU_007712,85.0,1
STU_007713,82.0,1
STU_007714,85.0,1
STU_007715,85.0,1
STU_007716,85.0,1
STU_007717,85.0,1
STU_007718,77.0,1
STU_007719,90.0,1
STU_007720,85.0,1
STU_007721,85.0,1
STU_007722,77.0,1
STU_007723,77.0,1
STU_007724,82.0,1
STU_007725,85.0,1
STU_007726,82.0,1
STU_007727,85.0,1
STU_007728,85.0,1
STU_007729,85.0,1
STU_007730,77.0,1
STU_007731,77.0,1
STU_007732,90.0,1
STU_007733,85.0,1
STU_007734,85.0,1
STU_007735,77.0,1
STU_007736,85.0,1
STU_007737,85.0,1
STU_007738,77.0,1
STU_007739,82.0,1
STU_007740,85.0,1
STU_007741,77.0,1
STU_007742,92.0,1
STU_007743,85.0,1
STU_007744,85.0,1
STU_007745,85.0,1
STU_007746,85.0,1
STU_007747,77.0,1
STU_007748,77.0,1
STU_007749,85.0,1
STU_007750,82.0,1
STU_007751,77.0,1
STU_007752,77.0,1
STU_007753,85.0,1
STU_007754,77.0,1
STU_007755,77.0,1
STU_007756,90.0,1
STU_007757,65.0,1
STU_007758,82.0,1
STU_007759,85.0,1
STU_007760,95.0,1
STU_007761,85.0,1
STU_007762,77.0,1
STU_007763,77.0,1
STU_007764,85.0,1
STU_007765,72.0,1
STU_007766,92.0,1
STU_007767,82.0,1
STU_007768,85.0,1
STU_007769,77.0,1
STU_007770,85.0,1
STU_007771,92.0,1
STU_007772,77.0,1
STU_007773,77.0,1
STU_007774,72.0,1
STU_007775,77.0,1
STU_007776,85.0,1
STU_007777,85.0,1
STU_007778,77.0,1
STU_007779,77.0,1
STU_007780,77.0,1
STU_007781,72.0,1
STU_007782,72.0,1
STU_007783,82.0,1
STU_007784,85.0,1
STU_007785,77.0,1
STU_007786,85.0,1
STU_007787,77.0,1
STU_007788,77.0,1
STU_007789,82.0,1
STU_007790,85.0,1
STU_007791,77.0,1
STU_007792,85.0,1
STU_007793,85.0,1
STU_007794,82.0,1
STU_007795,77.0,1
STU_007796,85.0,1
STU_007797,85.0,1
STU_007798,90.0,1
STU_007799,85.0,1
STU_007800,85.0,1
STU_007801,85.0,1
STU_007802,92.0,1
STU_007803,77.0,1
STU_007804,77.0,1
STU_007805,85.0,1
STU_007806,77.0,1
STU_007807,85.0,1
STU_007808,72.0,1
STU_007809,82.0,1
STU_007810,92.0,1
STU_007811,85.0,1
STU_007812,77.0,1
STU_007813,77.0,1
STU_007814,85.0,1
STU_007815,82.0,1
STU_007816,85.0,1
STU_007817,85.0,1
STU_007818,85.0,1
STU_007819,77.0,1
STU_007820,85.0,1
STU_007821,82.0,1
STU_007822,85.0,1
STU_007823,77.0,1
STU_007824,85.0,1
STU_007825,77.0,1
STU_007826,82.0,1
STU_007827,85.0,1
STU_007828,85.0,1
STU_007829,85.0,1
STU_007830,85.0,1
STU_007831,85.0,1
STU_007832,77.0,1
STU_007833,77.0,1
STU_007834,85.0,1
STU_007835,85.0,1
STU_007836,85.0,1
STU_007837,82.0,1
STU_007838,92.0,1
STU_007839,82.0,1
STU_007840,82.0,1
STU_007841,77.0,1
STU_007842,85.0,1
STU_007843,72.0,1
STU_007844,77.0,1
STU_007845,70.0,1
STU_007846,77.0,1
STU_007847,85.0,1
STU_007848,72.0,1
STU_007849,77.0,1
STU_007850,85.0,1
STU_007851,85.0,1
STU_007852,82.0,1
STU_007853,90.0,1
STU_007854,82.0,1
STU_007855,77.0,1
STU_007856,85.0,1
STU_007857,85.0,1
STU_007858,72.0,1
STU_007859,85.0,1
STU_007860,77.0,1
STU_007861,85.0,1
STU_007862,82.0,1
STU_007863,85.0,1
STU_007864,85.0,1
STU_007865,85.0,1
STU_007866,85.0,1
STU_007867,85.0,1
STU_007868,85.0,1
STU_007869,85.0,1
STU_007870,90.0,1
STU_007871,85.0,1
STU_007872,65.0,1
STU_007873,82.0,1
STU_007874,85.0,1
STU_007875,85.0,1
STU_007876,77.0,1
STU_007877,85.0,1
STU_007878,77.0,1
STU_007879,85.0,1
STU_007880,90.0,1
STU_007881,82.0,1
STU_007882,70.0,1
STU_007883,77.0,1
STU_007884,82.0,1
STU_007885,77.0,1
STU_007886,85.0,1
STU_007887,85.0,1
STU_007888,85.0,1
STU_007889,85.0,1
STU_007890,85.0,1
STU_007891,85.0,1
STU_007892,72.0,1
STU_007893,85.0,1
STU_007894,85.0,1
STU_007895,85.0,1
STU_007896,85.0,1
STU_007897,85.0,1
STU_007898,72.0,1
STU_007899,60.0,1
STU_007900,85.0,1
STU_007901,82.0,1
STU_007902,77.0,1
STU_007903,85.0,1
STU_007904,85.0,1
STU_007905,85.0,1
STU_007906,77.0,1
STU_007907,92.0,1
STU_007908,85.0,1
STU_007909,85.0,1
STU_007910,77.0,1
STU_007911,77.0,1
STU_007912,85.0,1
STU_007913,85.0,1
STU_007914,77.0,1
STU_007915,85.0,1
STU_007916,92.0,1
STU_007917,85.0,1
STU_007918,77.0,1
STU_007919,85.0,1
STU_007920,77.0,1
STU_007921,85.0,1
STU_007922,93.0,1
STU_007923,85.0,1
STU_007924,77.0,1
STU_007925,85.0,1
STU_007926,92.0,1
STU_007927,72.0,1
STU_007928,85.0,1
STU_007929,85.0,1
STU_007930,77.0,1
STU_007931,85.0,1
STU_007932,72.0,1
STU_007933,77.0,1
STU_007934,85.0,1
STU_007935,85.0,1
STU_007936,85.0,1
STU_007937,77.0,1
STU_007938,85.0,1
STU_007939,77.0,1
STU_007940,85.0,1
STU_007941,77.0,1
STU_007942,85.0,1
STU_007943,85.0,1
STU_007944,77.0,1
STU_007945,72.0,1
STU_007946,72.0,1
STU_007947,90.0,1
STU_007948,65.0,1
STU_007949,85.0,1
STU_007950,85.0,1
STU_007951,85.0,1
STU_007952,85.0,1
STU_007953,85.0,1
STU_007954,77.0,1
STU_007955,85.0,1
STU_007956,85.0,1
STU_007957,77.0,1
STU_007958,92.0,1
STU_007959,85.0,1
STU_007960,92.0,1
STU_007961,85.0,1
STU_007962,82.0,1
STU_007963,85.0,1
STU_007964,72.0,1
STU_007965,85.0,1
STU_007966,85.0,1
STU_007967,82.0,1
STU_007968,85.0,1
STU_007969,92.0,1
STU_007970,85.0,1
STU_007971,92.0,1
STU_007972,77.0,1
STU_007973,85.0,1
STU_007974,77.0,1
STU_007975,85.0,1
STU_007976,77.0,1
STU_007977,85.0,1
STU_007978,85.0,1
STU_007979,77.0,1
STU_007980,90.0,1
STU_007981,77.0,1
STU_007982,77.0,1
STU_007983,85.0,1
STU_007984,77.0,1
STU_007985,77.0,1
STU_007986,77.0,1
STU_007987,85.0,1
STU_007988,77.0,1
STU_007989,85.0,1
STU_007990,85.0,1
STU_007991,77.0,1
STU_007992,85.0,1
STU_007993,85.0,1
STU_007994,77.0,1
STU_007995,85.0,1
STU_007996,77.0,1
STU_007997,90.0,1
STU_007998,85.0,1
STU_007999,85.0,1
STU_008000,77.0,1
STU_008001,85.0,1
STU_008002,90.0,1
STU_008003,77.0,1
STU_008004,77.0,1
STU_008005,85.0,1
STU_008006,85.0,1
STU_008007,85.0,1
STU_008008,77.0,1
STU_008009,77.0,1
STU_008010,72.0,1
STU_008011,85.0,1
STU_008012,72.0,1
STU_008013,85.0,1
STU_008014,85.0,1
STU_008015,85.0,1
STU_008016,77.0,1
STU_008017,85.0,1
STU_008018,82.0,1
STU_008019,77.0,1
STU_008020,85.0,1
STU_008021,90.0,1
STU_008022,77.0,1
STU_008023,85.0,1
STU_008024,85.0,1
STU_008025,85.0,1
STU_008026,77.0,1
STU_008027,85.0,1
STU_008028,85.0,1
STU_008029,92.0,1
STU_008030,77.0,1
STU_008031,85.0,1
STU_008032,72.0,1
STU_008033,85.0,1
STU_008034,82.0,1
STU_008035,92.0,1
STU_008036,85.0,1
STU_008037,77.0,1
STU_008038,85.0,1
STU_008039,85.0,1
STU_008040,82.0,1
STU_008041,72.0,1
STU_008042,77.0,1
STU_008043,85.0,1
STU_008044,72.0,1
STU_008045,77.0,1
STU_008046,85.0,1
STU_008047,85.0,1
STU_008048,92.0,1
STU_008049,77.0,1
STU_008050,85.0,1
STU_008051,85.0,1
STU_008052,85.0,1
STU_008053,85.0,1
STU_008054,90.0,1
STU_008055,85.0,1
STU_008056,85.0,1
STU_008057,85.0,1
STU_008058,85.0,1
STU_008059,77.0,1
STU_008060,90.0,1
STU_008061,72.0,1
STU_008062,85.0,1
STU_008063,85.0,1
STU_008064,77.0,1
STU_008065,85.0,1
STU_008066,85.0,1
STU_008067,90.0,1
STU_008068,85.0,1
STU_008069,77.0,1
STU_008070,77.0,1
STU_008071,85.0,1
STU_008072,85.0,1
STU_008073,85.0,1
STU_008074,77.0,1
STU_008075,85.0,1
STU_008076,85.0,1
STU_008077,92.0,1
STU_008078,82.0,1
STU_008079,85.0,1
STU_008080,85.0,1
STU_008081,85.0,1
STU_008082,85.0,1
STU_008083,85.0,1
STU_008084,72.0,1
STU_008085,77.0,1
STU_008086,85.0,1
STU_008087,92.0,1
STU_008088,82.0,1
STU_008089,85.0,1
STU_008090,85.0,1
STU_008091,85.0,1
STU_008092,85.0,1
STU_008093,77.0,1
STU_008094,70.0,1
STU_008095,77.0,1
STU_008096,85.0,1
STU_008097,85.0,1
STU_008098,72.0,1
STU_008099,77.0,1
STU_008100,85.0,1
STU_008101,85.0,1
STU_008102,77.0,1
STU_008103,85.0,1
STU_008104,85.0,1
STU_008105,77.0,1
STU_008106,82.0,1
STU_008107,85.0,1
STU_008108,77.0,1
STU_008109,82.0,1
STU_008110,85.0,1
STU_008111,85.0,1
STU_008112,77.0,1
STU_008113,85.0,1
STU_008114,77.0,1
STU_008115,85.0,1
STU_008116,77.0,1
STU_008117,92.0,1
STU_008118,82.0,1
STU_008119,92.0,1
STU_008120,77.0,1
STU_008121,85.0,1
STU_008122,92.0,1
STU_008123,77.0,1
STU_008124,85.0,1
STU_008125,85.0,1
STU_008126,85.0,1
STU_008127,77.0,1
STU_008128,60.0,1
STU_008129,77.0,1
STU_008130,72.0,1
STU_008131,85.0,1
STU_008132,77.0,1
STU_008133,72.0,1
STU_008134,77.0,1
STU_008135,92.0,1
STU_008136,82.0,1
STU_008137,85.0,1
STU_008138,72.0,1
STU_008139,85.0,1
STU_008140,85.0,1
STU_008141,77.0,1
STU_008142,85.0,1
STU_008143,85.0,1
STU_008144,77.0,1
STU_008145,85.0,1
STU_008146,72.0,1
STU_008147,85.0,1
STU_008148,85.0,1
STU_008149,65.0,1
STU_008150,77.0,1
STU_008151,85.0,1
STU_008152,85.0,1
STU_008153,77.0,1
STU_008154,85.0,1
STU_008155,85.0,1
STU_008156,82.0,1
STU_008157,95.0,1
STU_008158,82.0,1
STU_008159,77.0,1
STU_008160,85.0,1
STU_008161,85.0,1
STU_008162,85.0,1
STU_008163,85.0,1
STU_008164,92.0,1
STU_008165,85.0,1
STU_008166,77.0,1
STU_008167,85.0,1
STU_008168,77.0,1
STU_008169,85.0,1
STU_008170,77.0,1
STU_008171,85.0,1
STU_008172,85.0,1
STU_008173,77.0,1
STU_008174,77.0,1
STU_008175,77.0,1
STU_008176,82.0,1
STU_008177,85.0,1
STU_008178,85.0,1
STU_008179,77.0,1
STU_008180,72.0,1
STU_008181,85.0,1
STU_008182,77.0,1
STU_008183,82.0,1
STU_008184,92.0,1
STU_008185,77.0,1
STU_008186,85.0,1
STU_008187,85.0,1
STU_008188,82.0,1
STU_008189,85.0,1
STU_008190,85.0,1
STU_008191,85.0,1
STU_008192,85.0,1
STU_008193,85.0,1
STU_008194,85.0,1
STU_008195,85.0,1
STU_008196,72.0,1
STU_008197,85.0,1
STU_008198,85.0,1
STU_008199,77.0,1
STU_008200,82.0,1
STU_008201,85.0,1
STU_008202,77.0,1
STU_008203,85.0,1
STU_008204,92.0,1
STU_008205,77.0,1
STU_008206,90.0,1
STU_008207,77.0,1
STU_008208,85.0,1
STU_008209,85.0,1
STU_008210,85.0,1
STU_008211,82.0,1
STU_008212,72.0,1
STU_008213,92.0,1
STU_008214,77.0,1
STU_008215,85.0,1
STU_008216,85.0,1
STU_008217,77.0,1
STU_008218,85.0,1
STU_008219,85.0,1
STU_008220,85.0,1
STU_008221,85.0,1
STU_008222,85.0,1
STU_008223,65.0,1
STU_008224,77.0,1
STU_008225,77.0,1
STU_008226,85.0,1
STU_008227,85.0,1
STU_008228,85.0,1
STU_008229,92.0,1
STU_008230,60.0,1
STU_008231,77.0,1
STU_008232,85.0,1
STU_008233,60.0,1
STU_008234,77.0,1
STU_008235,85.0,1
STU_008236,77.0,1
STU_008237,85.0,1
STU_008238,85.0,1
STU_008239,85.0,1
STU_008240,85.0,1
STU_008241,82.0,1
STU_008242,85.0,1
STU_008243,82.0,1
STU_008244,82.0,1
STU_008245,65.0,1
STU_008246,72.0,1
STU_008247,82.0,1
STU_008248,85.0,1
STU_008249,82.0,1
STU_008250,85.0,1
STU_008251,85.0,1
STU_008252,85.0,1
STU_008253,85.0,1
STU_008254,85.0,1
STU_008255,85.0,1
STU_008256,85.0,1
STU_008257,77.0,1
STU_008258,85.0,1
STU_008259,85.0,1
STU_008260,85.0,1
STU_008261,85.0,1
STU_008262,77.0,1
STU_008263,77.0,1
STU_008264,85.0,1
STU_008265,85.0,1
STU_008266,85.0,1
STU_008267,82.0,1
STU_008268,85.0,1
STU_008269,85.0,1
STU_008270,85.0,1
STU_008271,85.0,1
STU_008272,85.0,1
STU_008273,77.0,1
STU_008274,77.0,1
STU_008275,77.0,1
STU_008276,77.0,1
STU_008277,85.0,1
STU_008278,85.0,1
STU_008279,77.0,1
STU_008280,77.0,1
STU_008281,82.0,1
STU_008282,77.0,1
STU_008283,85.0,1
STU_008284,85.0,1
STU_008285,77.0,1
STU_008286,85.0,1
STU_008287,85.0,1
STU_008288,85.0,1
STU_008289,85.0,1
STU_008290,85.0,1
STU_008291,85.0,1
STU_008292,92.0,1
STU_008293,77.0,1
STU_008294,85.0,1
STU_008295,77.0,1
STU_008296,77.0,1
STU_008297,85.0,1
STU_008298,77.0,1
STU_008299,85.0,1
STU_008300,85.0,1
STU_008301,92.0,1
STU_008302,85.0,1
STU_008303,85.0,1
STU_008304,77.0,1
STU_008305,85.0,1
STU_008306,77.0,1
STU_008307,77.0,1
STU_008308,85.0,1
STU_008309,85.0,1
STU_008310,85.0,1
STU_008311,85.0,1
STU_008312,77.0,1
STU_008313,85.0,1
STU_008314,85.0,1
STU_008315,85.0,1
STU_008316,92.0,1
STU_008317,85.0,1
STU_008318,85.0,1
STU_008319,82.0,1
STU_008320,77.0,1
STU_008321,92.0,1
STU_008322,77.0,1
STU_008323,72.0,1
STU_008324,90.0,1
STU_008325,90.0,1
STU_008326,85.0,1
STU_008327,77.0,1
STU_008328,77.0,1
STU_008329,82.0,1
STU_008330,85.0,1
STU_008331,82.0,1
STU_008332,77.0,1
STU_008333,85.0,1
STU_008334,77.0,1
STU_008335,85.0,1
STU_008336,85.0,1
STU_008337,92.0,1
STU_008338,72.0,1
STU_008339,85.0,1
STU_008340,85.0,1
STU_008341,77.0,1
STU_008342,85.0,1
STU_008343,85.0,1
STU_008344,85.0,1
STU_008345,85.0,1
STU_008346,77.0,1
STU_008347,77.0,1
STU_008348,77.0,1
STU_008349,85.0,1
STU_008350,77.0,1
STU_008351,85.0,1
STU_008352,85.0,1
STU_008353,72.0,1
STU_008354,77.0,1
STU_008355,77.0,1
STU_008356,77.0,1
STU_008357,85.0,1
STU_008358,85.0,1
STU_008359,85.0,1
STU_008360,85.0,1
STU_008361,85.0,1
STU_008362,85.0,1
STU_008363,77.0,1
STU_008364,82.0,1
STU_008365,72.0,1
STU_008366,85.0,1
STU_008367,92.0,1
STU_008368,85.0,1
STU_008369,85.0,1
STU_008370,85.0,1
STU_008371,85.0,1
STU_008372,77.0,1
STU_008373,85.0,1
STU_008374,85.0,1
STU_008375,85.0,1
STU_008376,85.0,1
STU_008377,70.0,1
STU_008378,85.0,1
STU_008379,92.0,1
STU_008380,85.0,1
STU_008381,77.0,1
STU_008382,85.0,1
STU_008383,77.0,1
STU_008384,70.0,1
STU_008385,85.0,1
STU_008386,85.0,1
STU_008387,85.0,1
STU_008388,77.0,1
STU_008389,85.0,1
STU_008390,85.0,1
STU_008391,92.0,1
STU_008392,77.0,1
STU_008393,72.0,1
STU_008394,95.0,1
STU_008395,82.0,1
STU_008396,72.0,1
STU_008397,85.0,1
STU_008398,72.0,1
STU_008399,85.0,1
STU_008400,85.0,1
STU_008401,85.0,1
STU_008402,85.0,1
STU_008403,77.0,1
STU_008404,85.0,1
STU_008405,82.0,1
STU_008406,92.0,1
STU_008407,77.0,1
STU_008408,82.0,1
STU_008409,77.0,1
STU_008410,85.0,1
STU_008411,85.0,1
STU_008412,85.0,1
STU_008413,85.0,1
STU_008414,85.0,1
STU_008415,77.0,1
STU_008416,82.0,1
STU_008417,85.0,1
STU_008418,85.0,1
STU_008419,77.0,1
STU_008420,92.0,1
STU_008421,92.0,1
STU_008422,77.0,1
STU_008423,82.0,1
STU_008424,85.0,1
STU_008425,85.0,1
STU_008426,85.0,1
STU_008427,92.0,1
STU_008428,85.0,1
STU_008429,85.0,1
STU_008430,77.0,1
STU_008431,77.0,1
STU_008432,85.0,1
STU_008433,85.0,1
STU_008434,85.0,1
STU_008435,85.0,1
STU_008436,77.0,1
STU_008437,85.0,1
STU_008438,70.0,1
STU_008439,77.0,1
STU_008440,85.0,1
STU_008441,85.0,1
STU_008442,60.0,1
STU_008443,77.0,1
STU_008444,90.0,1
STU_008445,85.0,1
STU_008446,85.0,1
STU_008447,85.0,1
STU_008448,77.0,1
STU_008449,82.0,1
STU_008450,85.0,1
STU_008451,72.0,1
STU_008452,85.0,1
STU_008453,77.0,1
STU_008454,77.0,1
STU_008455,85.0,1
STU_008456,92.0,1
STU_008457,70.0,1
STU_008458,92.0,1
STU_008459,85.0,1
STU_008460,72.0,1
STU_008461,82.0,1
STU_008462,85.0,1
STU_008463,85.0,1
STU_008464,85.0,1
STU_008465,85.0,1
STU_008466,85.0,1
STU_008467,85.0,1
STU_008468,92.0,1
STU_008469,77.0,1
STU_008470,92.0,1
STU_008471,85.0,1
STU_008472,77.0,1
STU_008473,77.0,1
STU_008474,92.0,1
STU_008475,90.0,1
STU_008476,85.0,1
STU_008477,77.0,1
STU_008478,92.0,1
STU_008479,72.0,1
STU_008480,92.0,1
STU_008481,85.0,1
STU_008482,85.0,1
STU_008483,85.0,1
STU_008484,77.0,1
STU_008485,85.0,1
STU_008486,85.0,1
STU_008487,92.0,1
STU_008488,85.0,1
STU_008489,85.0,1
STU_008490,77.0,1
STU_008491,92.0,1
STU_008492,92.0,1
STU_008493,85.0,1
STU_008494,77.0,1
STU_008495,85.0,1
STU_008496,85.0,1
STU_008497,77.0,1
STU_008498,72.0,1
STU_008499,85.0,1
STU_008500,82.0,1
STU_008501,85.0,1
STU_008502,92.0,1
STU_008503,72.0,1
STU_008504,85.0,1
STU_008505,77.0,1
STU_008506,85.0,1
STU_008507,85.0,1
STU_008508,77.0,1
STU_008509,85.0,1
STU_008510,85.0,1
STU_008511,85.0,1
STU_008512,77.0,1
STU_008513,85.0,1
STU_008514,77.0,1
STU_008515,95.0,1
STU_008516,77.0,1
STU_008517,90.0,1
STU_008518,77.0,1
STU_008519,77.0,1
STU_008520,85.0,1
STU_008521,72.0,1
STU_008522,85.0,1
STU_008523,85.0,1
STU_008524,85.0,1
STU_008525,85.0,1
STU_008526,77.0,1
STU_008527,85.0,1
STU_008528,85.0,1
STU_008529,85.0,1
STU_008530,85.0,1
STU_008531,85.0,1
STU_008532,85.0,1
STU_008533,77.0,1
STU_008534,85.0,1
STU_008535,77.0,1
STU_008536,72.0,1
STU_008537,85.0,1
STU_008538,90.0,1
STU_008539,92.0,1
STU_008540,77.0,1
STU_008541,85.0,1
STU_008542,77.0,1
STU_008543,85.0,1
STU_008544,77.0,1
STU_008545,82.0,1
STU_008546,82.0,1
STU_008547,85.0,1
STU_008548,85.0,1
STU_008549,85.0,1
STU_008550,92.0,1
STU_008551,85.0,1
STU_008552,85.0,1
STU_008553,92.0,1
STU_008554,77.0,1
STU_008555,85.0,1
STU_008556,85.0,1
STU_008557,90.0,1
STU_008558,82.0,1
STU_008559,85.0,1
STU_008560,85.0,1
STU_008561,85.0,1
STU_008562,85.0,1
STU_008563,77.0,1
STU_008564,70.0,1
STU_008565,77.0,1
STU_008566,85.0,1
STU_008567,82.0,1
STU_008568,85.0,1
STU_008569,85.0,1
STU_008570,65.0,1
STU_008571,85.0,1
STU_008572,85.0,1
STU_008573,85.0,1
STU_008574,77.0,1
STU_008575,85.0,1
STU_008576,85.0,1
STU_008577,92.0,1
STU_008578,72.0,1
STU_008579,77.0,1
STU_008580,85.0,1
STU_008581,77.0,1
STU_008582,72.0,1
STU_008583,90.0,1
STU_008584,72.0,1
STU_008585,92.0,1
STU_008586,77.0,1
STU_008587,85.0,1
STU_008588,85.0,1
STU_008589,77.0,1
STU_008590,77.0,1
STU_008591,85.0,1
STU_008592,85.0,1
STU_008593,77.0,1
STU_008594,85.0,1
STU_008595,90.0,1
STU_008596,90.0,1
STU_008597,85.0,1
STU_008598,85.0,1
STU_008599,85.0,1
STU_008600,85.0,1
STU_008601,82.0,1
STU_008602,85.0,1
STU_008603,77.0,1
STU_008604,77.0,1
STU_008605,85.0,1
STU_008606,85.0,1
STU_008607,85.0,1
STU_008608,85.0,1
STU_008609,82.0,1
STU_008610,85.0,1
STU_008611,85.0,1
STU_008612,85.0,1
STU_008613,85.0,1
STU_008614,77.0,1
STU_008615,77.0,1
STU_008616,77.0,1
STU_008617,75.0,1
STU_008618,77.0,1
STU_008619,85.0,1
STU_008620,85.0,1
STU_008621,77.0,1
STU_008622,85.0,1
STU_008623,77.0,1
STU_008624,82.0,1
STU_008625,85.0,1
STU_008626,85.0,1
STU_008627,85.0,1
STU_008628,85.0,1
STU_008629,77.0,1
STU_008630,85.0,1
STU_008631,85.0,1
STU_008632,77.0,1
STU_008633,72.0,1
STU_008634,85.0,1
STU_008635,85.0,1
STU_008636,77.0,1
STU_008637,85.0,1
STU_008638,77.0,1
STU_008639,82.0,1
STU_008640,85.0,1
STU_008641,77.0,1
STU_008642,90.0,1
STU_008643,77.0,1
STU_008644,77.0,1
STU_008645,77.0,1
STU_008646,85.0,1
STU_008647,85.0,1
STU_008648,85.0,1
STU_008649,85.0,1
STU_008650,85.0,1
STU_008651,72.0,1
STU_008652,77.0,1
STU_008653,85.0,1
STU_008654,85.0,1
STU_008655,85.0,1
STU_008656,85.0,1
STU_008657,72.0,1
STU_008658,85.0,1
STU_008659,85.0,1
STU_008660,77.0,1
STU_008661,85.0,1
STU_008662,85.0,1
STU_008663,77.0,1
STU_008664,85.0,1
STU_008665,77.0,1
STU_008666,77.0,1
STU_008667,85.0,1
STU_008668,82.0,1
STU_008669,77.0,1
STU_008670,85.0,1
STU_008671,92.0,1
STU_008672,85.0,1
STU_008673,77.0,1
STU_008674,85.0,1
STU_008675,77.0,1
STU_008676,85.0,1
STU_008677,92.0,1
STU_008678,75.0,1
STU_008679,85.0,1
STU_008680,77.0,1
STU_008681,85.0,1
STU_008682,77.0,1
STU_008683,77.0,1
STU_008684,85.0,1
STU_008685,77.0,1
STU_008686,85.0,1
STU_008687,85.0,1
STU_008688,85.0,1
STU_008689,85.0,1
STU_008690,85.0,1
STU_008691,85.0,1
STU_008692,77.0,1
STU_008693,92.0,1
STU_008694,72.0,1
STU_008695,82.0,1
STU_008696,82.0,1
STU_008697,85.0,1
STU_008698,85.0,1
STU_008699,77.0,1
STU_008700,72.0,1
STU_008701,77.0,1
STU_008702,92.0,1
STU_008703,72.0,1
STU_008704,82.0,1
STU_008705,85.0,1
STU_008706,77.0,1
STU_008707,90.0,1
STU_008708,90.0,1
STU_008709,90.0,1
STU_008710,85.0,1
STU_008711,85.0,1
STU_008712,85.0,1
STU_008713,85.0,1
STU_008714,77.0,1
STU_008715,85.0,1
STU_008716,85.0,1
STU_008717,85.0,1
STU_008718,85.0,1
STU_008719,85.0,1
STU_008720,77.0,1
STU_008721,92.0,1
STU_008722,77.0,1
STU_008723,85.0,1
STU_008724,85.0,1
STU_008725,85.0,1
STU_008726,77.0,1
STU_008727,85.0,1
STU_008728,85.0,1
STU_008729,92.0,1
STU_008730,77.0,1
STU_008731,77.0,1
STU_008732,77.0,1
STU_008733,85.0,1
STU_008734,85.0,1
STU_008735,85.0,1
STU_008736,92.0,1
STU_008737,85.0,1
STU_008738,85.0,1
STU_008739,85.0,1
STU_008740,90.0,1
STU_008741,77.0,1
STU_008742,92.0,1
STU_008743,77.0,1
STU_008744,72.0,1
STU_008745,90.0,1
STU_008746,85.0,1
STU_008747,85.0,1
STU_008748,85.0,1
STU_008749,95.0,1
STU_008750,85.0,1
STU_008751,85.0,1
STU_008752,82.0,1
STU_008753,72.0,1
STU_008754,77.0,1
STU_008755,77.0,1
STU_008756,85.0,1
STU_008757,77.0,1
STU_008758,77.0,1
STU_008759,77.0,1
STU_008760,92.0,1
STU_008761,77.0,1
STU_008762,72.0,1
STU_008763,85.0,1
STU_008764,85.0,1
STU_008765,85.0,1
STU_008766,77.0,1
STU_008767,85.0,1
STU_008768,85.0,1
STU_008769,82.0,1
STU_008770,77.0,1
STU_008771,82.0,1
STU_008772,77.0,1
STU_008773,85.0,1
STU_008774,85.0,1
STU_008775,82.0,1
STU_008776,82.0,1
STU_008777,85.0,1
STU_008778,85.0,1
STU_008779,77.0,1
STU_008780,85.0,1
STU_008781,85.0,1
STU_008782,85.0,1
STU_008783,85.0,1
STU_008784,85.0,1
STU_008785,85.0,1
STU_008786,85.0,1
STU_008787,77.0,1
STU_008788,85.0,1
STU_008789,85.0,1
STU_008790,85.0,1
STU_008791,85.0,1
STU_008792,85.0,1
STU_008793,70.0,1
STU_008794,85.0,1
STU_008795,77.0,1
STU_008796,85.0,1
STU_008797,85.0,1
STU_008798,92.0,1
STU_008799,77.0,1
STU_008800,77.0,1
STU_008801,77.0,1
STU_008802,85.0,1
STU_008803,85.0,1
STU_008804,77.0,1
STU_008805,85.0,1
STU_008806,85.0,1
STU_008807,85.0,1
STU_008808,85.0,1
STU_008809,85.0,1
STU_008810,90.0,1
STU_008811,82.0,1
STU_008812,85.0,1
STU_008813,85.0,1
STU_008814,77.0,1
STU_008815,82.0,1
STU_008816,72.0,1
STU_008817,77.0,1
STU_008818,95.0,1
STU_008819,85.0,1
STU_008820,77.0,1
STU_008821,72.0,1
STU_008822,85.0,1
STU_008823,85.0,1
STU_008824,77.0,1
STU_008825,85.0,1
STU_008826,85.0,1
STU_008827,85.0,1
STU_008828,85.0,1
STU_008829,85.0,1
STU_008830,77.0,1
STU_008831,77.0,1
STU_008832,77.0,1
STU_008833,82.0,1
STU_008834,85.0,1
STU_008835,77.0,1
STU_008836,85.0,1
STU_008837,77.0,1
STU_008838,85.0,1
STU_008839,82.0,1
STU_008840,85.0,1
STU_008841,77.0,1
STU_008842,90.0,1
STU_008843,90.0,1
STU_008844,85.0,1
STU_008845,77.0,1
STU_008846,85.0,1
STU_008847,85.0,1
STU_008848,72.0,1
STU_008849,85.0,1
STU_008850,85.0,1
STU_008851,72.0,1
STU_008852,85.0,1
STU_008853,82.0,1
STU_008854,60.0,1
STU_008855,72.0,1
STU_008856,92.0,1
STU_008857,72.0,1
STU_008858,77.0,1
STU_008859,85.0,1
STU_008860,85.0,1
STU_008861,85.0,1
STU_008862,85.0,1
STU_008863,85.0,1
STU_008864,85.0,1
STU_008865,85.0,1
STU_008866,85.0,1
STU_008867,77.0,1
STU_008868,85.0,1
STU_008869,85.0,1
STU_008870,77.0,1
STU_008871,82.0,1
STU_008872,77.0,1
STU_008873,85.0,1
STU_008874,77.0,1
STU_008875,92.0,1
STU_008876,92.0,1
STU_008877,77.0,1
STU_008878,72.0,1
STU_008879,77.0,1
STU_008880,77.0,1
STU_008881,77.0,1
STU_008882,82.0,1
STU_008883,77.0,1
STU_008884,85.0,1
STU_008885,85.0,1
STU_008886,92.0,1
STU_008887,77.0,1
STU_008888,85.0,1
STU_008889,77.0,1
STU_008890,77.0,1
STU_008891,82.0,1
STU_008892,77.0,1
STU_008893,77.0,1
STU_008894,85.0,1
STU_008895,85.0,1
STU_008896,72.0,1
STU_008897,85.0,1
STU_008898,85.0,1
STU_008899,85.0,1
STU_008900,85.0,1
STU_008901,85.0,1
STU_008902,85.0,1
STU_008903,85.0,1
STU_008904,85.0,1
STU_008905,77.0,1
STU_008906,85.0,1
STU_008907,85.0,1
STU_008908,72.0,1
STU_008909,85.0,1
STU_008910,85.0,1
STU_008911,85.0,1
STU_008912,77.0,1
STU_008913,85.0,1
STU_008914,92.0,1
STU_008915,77.0,1
STU_008916,85.0,1
STU_008917,77.0,1
STU_008918,85.0,1
STU_008919,85.0,1
STU_008920,85.0,1
STU_008921,92.0,1
STU_008922,72.0,1
STU_008923,85.0,1
STU_008924,77.0,1
STU_008925,77.0,1
STU_008926,85.0,1
STU_008927,85.0,1
STU_008928,85.0,1
STU_008929,85.0,1
STU_008930,85.0,1
STU_008931,77.0,1
STU_008932,85.0,1
STU_008933,85.0,1
STU_008934,85.0,1
STU_008935,77.0,1
STU_008936,85.0,1
STU_008937,72.0,1
STU_008938,60.0,1
STU_008939,85.0,1
STU_008940,95.0,1
STU_008941,92.0,1
STU_008942,77.0,1
STU_008943,77.0,1
STU_008944,77.0,1
STU_008945,77.0,1
STU_008946,72.0,1
STU_008947,85.0,1
STU_008948,85.0,1
STU_008949,77.0,1
STU_008950,85.0,1
STU_008951,77.0,1
STU_008952,85.0,1
STU_008953,85.0,1
STU_008954,72.0,1
STU_008955,85.0,1
STU_008956,85.0,1
STU_008957,85.0,1
STU_008958,85.0,1
STU_008959,77.0,1
STU_008960,85.0,1
STU_008961,77.0,1
STU_008962,85.0,1
STU_008963,77.0,1
STU_008964,77.0,1
STU_008965,85.0,1
STU_008966,85.0,1
STU_008967,85.0,1
STU_008968,85.0,1
STU_008969,85.0,1
STU_008970,92.0,1
STU_008971,85.0,1
STU_008972,85.0,1
STU_008973,85.0,1
STU_008974,77.0,1
STU_008975,85.0,1
STU_008976,77.0,1
STU_008977,85.0,1
STU_008978,85.0,1
STU_008979,85.0,1
STU_008980,77.0,1
STU_008981,85.0,1
STU_008982,85.0,1
STU_008983,82.0,1
STU_008984,77.0,1
STU_008985,92.0,1
STU_008986,85.0,1
STU_008987,85.0,1
STU_008988,85.0,1
STU_008989,72.0,1
STU_008990,75.0,1
STU_008991,85.0,1
STU_008992,77.0,1
STU_008993,92.0,1
STU_008994,85.0,1
STU_008995,77.0,1
STU_008996,85.0,1
STU_008997,77.0,1
STU_008998,77.0,1
STU_008999,85.0,1
STU_009000,85.0,1
STU_009001,85.0,1
STU_009002,85.0,1
STU_009003,77.0,1
STU_009004,85.0,1
STU_009005,85.0,1
STU_009006,77.0,1
STU_009007,85.0,1
STU_009008,85.0,1
STU_009009,82.0,1
STU_009010,72.0,1
STU_009011,85.0,1
STU_009012,92.0,1
STU_009013,85.0,1
STU_009014,77.0,1
STU_009015,85.0,1
STU_009016,85.0,1
STU_009017,85.0,1
STU_009018,85.0,1
STU_009019,85.0,1
STU_009020,85.0,1
STU_009021,85.0,1
STU_009022,85.0,1
STU_009023,85.0,1
STU_009024,82.0,1
STU_009025,85.0,1
STU_009026,85.0,1
STU_009027,85.0,1
STU_009028,92.0,1
STU_009029,95.0,1
STU_009030,77.0,1
STU_009031,77.0,1
STU_009032,85.0,1
STU_009033,85.0,1
STU_009034,85.0,1
STU_009035,85.0,1
STU_009036,72.0,1
STU_009037,85.0,1
STU_009038,85.0,1
STU_009039,82.0,1
STU_009040,72.0,1
STU_009041,77.0,1
STU_009042,77.0,1
STU_009043,77.0,1
STU_009044,72.0,1
STU_009045,82.0,1
STU_009046,85.0,1
STU_009047,85.0,1
STU_009048,85.0,1
STU_009049,77.0,1
STU_009050,82.0,1
STU_009051,77.0,1
STU_009052,85.0,1
STU_009053,85.0,1
STU_009054,82.0,1
STU_009055,82.0,1
STU_009056,85.0,1
STU_009057,92.0,1
STU_009058,77.0,1
STU_009059,85.0,1
STU_009060,77.0,1
STU_009061,85.0,1
STU_009062,90.0,1
STU_009063,77.0,1
STU_009064,85.0,1
STU_009065,85.0,1
STU_009066,85.0,1
STU_009067,77.0,1
STU_009068,85.0,1
STU_009069,77.0,1
STU_009070,77.0,1
STU_009071,77.0,1
STU_009072,85.0,1
STU_009073,92.0,1
STU_009074,85.0,1
STU_009075,85.0,1
STU_009076,92.0,1
STU_009077,85.0,1
STU_009078,85.0,1
STU_009079,72.0,1
STU_009080,77.0,1
STU_009081,92.0,1
STU_009082,85.0,1
STU_009083,72.0,1
STU_009084,77.0,1
STU_009085,72.0,1
STU_009086,85.0,1
STU_009087,85.0,1
STU_009088,85.0,1
STU_009089,85.0,1
STU_009090,77.0,1
STU_009091,85.0,1
STU_009092,85.0,1
STU_009093,85.0,1
STU_009094,85.0,1
STU_009095,85.0,1
STU_009096,77.0,1
STU_009097,92.0,1
STU_009098,85.0,1
STU_009099,77.0,1
STU_009100,77.0,1
STU_009101,77.0,1
STU_009102,72.0,1
STU_009103,85.0,1
STU_009104,72.0,1
STU_009105,77.0,1
STU_009106,85.0,1
STU_009107,77.0,1
STU_009108,77.0,1
STU_009109,85.0,1
STU_009110,77.0,1
STU_009111,85.0,1
STU_009112,82.0,1
STU_009113,85.0,1
STU_009114,85.0,1
STU_009115,85.0,1
STU_009116,85.0,1
STU_009117,72.0,1
STU_009118,77.0,1
STU_009119,85.0,1
STU_009120,85.0,1
STU_009121,85.0,1
STU_009122,85.0,1
STU_009123,77.0,1
STU_009124,77.0,1
STU_009125,85.0,1
STU_009126,85.0,1
STU_009127,85.0,1
STU_009128,85.0,1
STU_009129,72.0,1
STU_009130,85.0,1
STU_009131,85.0,1
STU_009132,72.0,1
STU_009133,77.0,1
STU_009134,85.0,1
STU_009135,85.0,1
STU_009136,77.0,1
STU_009137,92.0,1
STU_009138,70.0,1
STU_009139,82.0,1
STU_009140,77.0,1
STU_009141,77.0,1
STU_009142,77.0,1
STU_009143,85.0,1
STU_009144,82.0,1
STU_009145,77.0,1
STU_009146,72.0,1
STU_009147,92.0,1
STU_009148,85.0,1
STU_009149,77.0,1
STU_009150,85.0,1
STU_009151,82.0,1
STU_009152,85.0,1
STU_009153,85.0,1
STU_009154,77.0,1
STU_009155,85.0,1
STU_009156,85.0,1
STU_009157,82.0,1
STU_009158,77.0,1
STU_009159,77.0,1
STU_009160,85.0,1
STU_009161,77.0,1
STU_009162,85.0,1
STU_009163,85.0,1
STU_009164,85.0,1
STU_009165,85.0,1
STU_009166,92.0,1
STU_009167,77.0,1
STU_009168,72.0,1
STU_009169,77.0,1
STU_009170,85.0,1
STU_009171,85.0,1
STU_009172,72.0,1
STU_009173,85.0,1
STU_009174,85.0,1
STU_009175,85.0,1
STU_009176,85.0,1
STU_009177,85.0,1
STU_009178,85.0,1
STU_009179,77.0,1
STU_009180,77.0,1
STU_009181,85.0,1
STU_009182,85.0,1
STU_009183,85.0,1
STU_009184,85.0,1
STU_009185,85.0,1
STU_009186,77.0,1
STU_009187,60.0,1
STU_009188,85.0,1
STU_009189,85.0,1
STU_009190,92.0,1
STU_009191,85.0,1
STU_009192,85.0,1
STU_009193,72.0,1
STU_009194,85.0,1
STU_009195,77.0,1
STU_009196,85.0,1
STU_009197,85.0,1
STU_009198,85.0,1
STU_009199,77.0,1
STU_009200,85.0,1
STU_009201,77.0,1
STU_009202,85.0,1
STU_009203,85.0,1
STU_009204,77.0,1
STU_009205,85.0,1
STU_009206,90.0,1
STU_009207,85.0,1
STU_009208,85.0,1
STU_009209,85.0,1
STU_009210,77.0,1
STU_009211,77.0,1
STU_009212,85.0,1
STU_009213,77.0,1
STU_009214,85.0,1
STU_009215,77.0,1
STU_009216,85.0,1
STU_009217,85.0,1
STU_009218,85.0,1
STU_009219,85.0,1
STU_009220,85.0,1
STU_009221,77.0,1
STU_009222,90.0,1
STU_009223,85.0,1
STU_009224,90.0,1
STU_009225,85.0,1
STU_009226,90.0,1
STU_009227,77.0,1
STU_009228,95.0,1
STU_009229,77.0,1
STU_009230,77.0,1
STU_009231,72.0,1
STU_009232,65.0,1
STU_009233,85.0,1
STU_009234,85.0,1
STU_009235,90.0,1
STU_009236,77.0,1
STU_009237,85.0,1
STU_009238,77.0,1
STU_009239,85.0,1
STU_009240,72.0,1
STU_009241,85.0,1
STU_009242,85.0,1
STU_009243,72.0,1
STU_009244,77.0,1
STU_009245,77.0,1
STU_009246,85.0,1
STU_009247,77.0,1
STU_009248,85.0,1
STU_009249,85.0,1
STU_009250,95.0,1
STU_009251,85.0,1
STU_009252,77.0,1
STU_009253,85.0,1
STU_009254,85.0,1
STU_009255,82.0,1
STU_009256,85.0,1
STU_009257,85.0,1
STU_009258,72.0,1
STU_009259,85.0,1
STU_009260,85.0,1
STU_009261,92.0,1
STU_009262,85.0,1
STU_009263,77.0,1
STU_009264,85.0,1
STU_009265,77.0,1
STU_009266,77.0,1
STU_009267,77.0,1
STU_009268,85.0,1
STU_009269,85.0,1
STU_009270,85.0,1
STU_009271,77.0,1
STU_009272,85.0,1
STU_009273,85.0,1
STU_009274,85.0,1
STU_009275,77.0,1
STU_009276,85.0,1
STU_009277,85.0,1
STU_009278,85.0,1
STU_009279,85.0,1
STU_009280,82.0,1
STU_009281,85.0,1
STU_009282,85.0,1
STU_009283,77.0,1
STU_009284,85.0,1
STU_009285,77.0,1
STU_009286,85.0,1
STU_009287,77.0,1
STU_009288,85.0,1
STU_009289,72.0,1
STU_009290,85.0,1
STU_009291,85.0,1
STU_009292,77.0,1
STU_009293,92.0,1
STU_009294,72.0,1
STU_009295,85.0,1
STU_009296,77.0,1
STU_009297,65.0,1
STU_009298,77.0,1
STU_009299,85.0,1
STU_009300,85.0,1
STU_009301,85.0,1
STU_009302,77.0,1
STU_009303,92.0,1
STU_009304,85.0,1
STU_009305,82.0,1
STU_009306,85.0,1
STU_009307,82.0,1
STU_009308,85.0,1
STU_009309,77.0,1
STU_009310,77.0,1
STU_009311,72.0,1
STU_009312,82.0,1
STU_009313,82.0,1
STU_009314,77.0,1
STU_009315,82.0,1
STU_009316,85.0,1
STU_009317,77.0,1
STU_009318,92.0,1
STU_009319,85.0,1
STU_009320,90.0,1
STU_009321,85.0,1
STU_009322,77.0,1
STU_009323,85.0,1
STU_009324,85.0,1
STU_009325,82.0,1
STU_009326,85.0,1
STU_009327,85.0,1
STU_009328,77.0,1
STU_009329,77.0,1
STU_009330,77.0,1
STU_009331,85.0,1
STU_009332,92.0,1
STU_009333,90.0,1
STU_009334,85.0,1
STU_009335,77.0,1
STU_009336,77.0,1
STU_009337,77.0,1
STU_009338,85.0,1
STU_009339,77.0,1
STU_009340,85.0,1
STU_009341,77.0,1
STU_009342,85.0,1
STU_009343,77.0,1
STU_009344,85.0,1
STU_009345,77.0,1
STU_009346,77.0,1
STU_009347,92.0,1
STU_009348,72.0,1
STU_009349,77.0,1
STU_009350,85.0,1
STU_009351,90.0,1
STU_009352,72.0,1
STU_009353,92.0,1
STU_009354,85.0,1
STU_009355,85.0,1
STU_009356,85.0,1
STU_009357,85.0,1
STU_009358,82.0,1
STU_009359,77.0,1
STU_009360,77.0,1
STU_009361,85.0,1
STU_009362,85.0,1
STU_009363,85.0,1
STU_009364,85.0,1
STU_009365,92.0,1
STU_009366,82.0,1
STU_009367,85.0,1
STU_009368,82.0,1
STU_009369,85.0,1
STU_009370,72.0,1
STU_009371,85.0,1
STU_009372,77.0,1
STU_009373,85.0,1
STU_009374,85.0,1
STU_009375,92.0,1
STU_009376,85.0,1
STU_009377,77.0,1
STU_009378,77.0,1
STU_009379,92.0,1
STU_009380,77.0,1
STU_009381,77.0,1
STU_009382,92.0,1
STU_009383,85.0,1
STU_009384,85.0,1
STU_009385,72.0,1
STU_009386,77.0,1
STU_009387,85.0,1
STU_009388,85.0,1
STU_009389,85.0,1
STU_009390,85.0,1
STU_009391,77.0,1
STU_009392,82.0,1
STU_009393,85.0,1
STU_009394,85.0,1
STU_009395,85.0,1
STU_009396,92.0,1
STU_009397,77.0,1
STU_009398,85.0,1
STU_009399,77.0,1
STU_009400,77.0,1
STU_009401,77.0,1
STU_009402,77.0,1
STU_009403,72.0,1
STU_009404,77.0,1
STU_009405,85.0,1
STU_009406,77.0,1
STU_009407,77.0,1
STU_009408,92.0,1
STU_009409,77.0,1
STU_009410,85.0,1
STU_009411,77.0,1
STU_009412,72.0,1
STU_009413,85.0,1
STU_009414,72.0,1
STU_009415,82.0,1
STU_009416,77.0,1
STU_009417,82.0,1
STU_009418,77.0,1
STU_009419,92.0,1
STU_009420,85.0,1
STU_009421,85.0,1
STU_009422,85.0,1
STU_009423,72.0,1
STU_009424,85.0,1
STU_009425,85.0,1
STU_009426,85.0,1
STU_009427,85.0,1
STU_009428,77.0,1
STU_009429,77.0,1
STU_009430,77.0,1
STU_009431,85.0,1
STU_009432,77.0,1
STU_009433,77.0,1
STU_009434,77.0,1
STU_009435,60.0,1
STU_009436,85.0,1
STU_009437,77.0,1
STU_009438,77.0,1
STU_009439,82.0,1
STU_009440,77.0,1
STU_009441,85.0,1
STU_009442,85.0,1
STU_009443,77.0,1
STU_009444,85.0,1
STU_009445,85.0,1
STU_009446,85.0,1
STU_009447,77.0,1
STU_009448,77.0,1
STU_009449,85.0,1
STU_009450,85.0,1
STU_009451,85.0,1
STU_009452,85.0,1
STU_009453,85.0,1
STU_009454,77.0,1
STU_009455,72.0,1
STU_009456,85.0,1
STU_009457,70.0,1
STU_009458,77.0,1
STU_009459,85.0,1
STU_009460,85.0,1
STU_009461,77.0,1
STU_009462,85.0,1
STU_009463,82.0,1
STU_009464,77.0,1
STU_009465,77.0,1
STU_009466,85.0,1
STU_009467,85.0,1
STU_009468,85.0,1
STU_009469,77.0,1
STU_009470,60.0,1
STU_009471,82.0,1
STU_009472,85.0,1
STU_009473,77.0,1
STU_009474,85.0,1
STU_009475,85.0,1
STU_009476,85.0,1
STU_009477,85.0,1
STU_009478,85.0,1
STU_009479,77.0,1
STU_009480,85.0,1
STU_009481,77.0,1
STU_009482,85.0,1
STU_009483,77.0,1
STU_009484,90.0,1
STU_009485,85.0,1
STU_009486,77.0,1
STU_009487,70.0,1
STU_009488,85.0,1
STU_009489,77.0,1
STU_009490,85.0,1
STU_009491,85.0,1
STU_009492,85.0,1
STU_009493,85.0,1
STU_009494,85.0,1
STU_009495,85.0,1
STU_009496,85.0,1
STU_009497,85.0,1
STU_009498,85.0,1
STU_009499,85.0,1
STU_009500,77.0,1
STU_009501,90.0,1
STU_009502,77.0,1
STU_009503,77.0,1
STU_009504,85.0,1
STU_009505,77.0,1
STU_009506,77.0,1
STU_009507,85.0,1
STU_009508,85.0,1
STU_009509,77.0,1
STU_009510,82.0,1
STU_009511,90.0,1
STU_009512,77.0,1
STU_009513,85.0,1
STU_009514,85.0,1
STU_009515,77.0,1
STU_009516,82.0,1
STU_009517,77.0,1
STU_009518,85.0,1
STU_009519,77.0,1
STU_009520,85.0,1
STU_009521,85.0,1
STU_009522,85.0,1
STU_009523,85.0,1
STU_009524,85.0,1
STU_009525,77.0,1
STU_009526,77.0,1
STU_009527,85.0,1
STU_009528,85.0,1
STU_009529,77.0,1
STU_009530,82.0,1
STU_009531,77.0,1
STU_009532,85.0,1
STU_009533,85.0,1
STU_009534,85.0,1
STU_009535,77.0,1
STU_009536,77.0,1
STU_009537,92.0,1
STU_009538,77.0,1
STU_009539,82.0,1
STU_009540,77.0,1
STU_009541,77.0,1
STU_009542,85.0,1
STU_009543,85.0,1
STU_009544,85.0,1
STU_009545,92.0,1
STU_009546,85.0,1
STU_009547,85.0,1
STU_009548,85.0,1
STU_009549,85.0,1
STU_009550,90.0,1
STU_009551,85.0,1
STU_009552,85.0,1
STU_009553,85.0,1
STU_009554,92.0,1
STU_009555,85.0,1
STU_009556,77.0,1
STU_009557,77.0,1
STU_009558,85.0,1
STU_009559,85.0,1
STU_009560,85.0,1
STU_009561,85.0,1
STU_009562,85.0,1
STU_009563,77.0,1
STU_009564,85.0,1
STU_009565,85.0,1
STU_009566,92.0,1
STU_009567,85.0,1
STU_009568,85.0,1
STU_009569,85.0,1
STU_009570,85.0,1
STU_009571,85.0,1
STU_009572,85.0,1
STU_009573,85.0,1
STU_009574,92.0,1
STU_009575,77.0,1
STU_009576,77.0,1
STU_009577,85.0,1
STU_009578,85.0,1
STU_009579,77.0,1
STU_009580,82.0,1
STU_009581,85.0,1
STU_009582,92.0,1
STU_009583,72.0,1
STU_009584,85.0,1
STU_009585,72.0,1
STU_009586,72.0,1
STU_009587,85.0,1
STU_009588,85.0,1
STU_009589,92.0,1
STU_009590,77.0,1
STU_009591,85.0,1
STU_009592,72.0,1
STU_009593,85.0,1
STU_009594,92.0,1
STU_009595,85.0,1
STU_009596,77.0,1
STU_009597,85.0,1
STU_009598,85.0,1
STU_009599,85.0,1
STU_009600,85.0,1
STU_009601,77.0,1
STU_009602,92.0,1
STU_009603,77.0,1
STU_009604,85.0,1
STU_009605,77.0,1
STU_009606,85.0,1
STU_009607,85.0,1
STU_009608,85.0,1
STU_009609,72.0,1
STU_009610,77.0,1
STU_009611,85.0,1
STU_009612,82.0,1
STU_009613,72.0,1
STU_009614,85.0,1
STU_009615,77.0,1
STU_009616,85.0,1
STU_009617,85.0,1
STU_009618,85.0,1
STU_009619,85.0,1
STU_009620,85.0,1
STU_009621,72.0,1
STU_009622,85.0,1
STU_009623,77.0,1
STU_009624,85.0,1
STU_009625,72.0,1
STU_009626,92.0,1
STU_009627,85.0,1
STU_009628,82.0,1
STU_009629,77.0,1
STU_009630,85.0,1
STU_009631,82.0,1
STU_009632,85.0,1
STU_009633,82.0,1
STU_009634,85.0,1
STU_009635,77.0,1
STU_009636,82.0,1
STU_009637,92.0,1
STU_009638,85.0,1
STU_009639,72.0,1
STU_009640,85.0,1
STU_009641,85.0,1
STU_009642,85.0,1
STU_009643,77.0,1
STU_009644,77.0,1
STU_009645,85.0,1
STU_009646,92.0,1
STU_009647,82.0,1
STU_009648,85.0,1
STU_009649,82.0,1
STU_009650,77.0,1
STU_009651,85.0,1
STU_009652,85.0,1
STU_009653,85.0,1
STU_009654,77.0,1
STU_009655,77.0,1
STU_009656,77.0,1
STU_009657,85.0,1
STU_009658,85.0,1
STU_009659,92.0,1
STU_009660,85.0,1
STU_009661,85.0,1
STU_009662,77.0,1
STU_009663,77.0,1
STU_009664,85.0,1
STU_009665,85.0,1
STU_009666,90.0,1
STU_009667,85.0,1
STU_009668,77.0,1
STU_009669,77.0,1
STU_009670,85.0,1
STU_009671,77.0,1
STU_009672,85.0,1
STU_009673,85.0,1
STU_009674,85.0,1
STU_009675,85.0,1
STU_009676,72.0,1
STU_009677,85.0,1
STU_009678,82.0,1
STU_009679,77.0,1
STU_009680,82.0,1
STU_009681,72.0,1
STU_009682,85.0,1
STU_009683,72.0,1
STU_009684,85.0,1
STU_009685,92.0,1
STU_009686,85.0,1
STU_009687,77.0,1
STU_009688,85.0,1
STU_009689,85.0,1
STU_009690,77.0,1
STU_009691,77.0,1
STU_009692,85.0,1
STU_009693,85.0,1
STU_009694,85.0,1
STU_009695,85.0,1
STU_009696,85.0,1
STU_009697,85.0,1
STU_009698,85.0,1
STU_009699,77.0,1
STU_009700,85.0,1
STU_009701,85.0,1
STU_009702,82.0,1
STU_009703,85.0,1
STU_009704,77.0,1
STU_009705,70.0,1
STU_009706,90.0,1
STU_009707,92.0,1
STU_009708,60.0,1
STU_009709,85.0,1
STU_009710,77.0,1
STU_009711,85.0,1
STU_009712,85.0,1
STU_009713,77.0,1
STU_009714,77.0,1
STU_009715,85.0,1
STU_009716,82.0,1
STU_009717,85.0,1
STU_009718,92.0,1
STU_009719,85.0,1
STU_009720,82.0,1
STU_009721,85.0,1
STU_009722,85.0,1
STU_009723,77.0,1
STU_009724,85.0,1
STU_009725,85.0,1
STU_009726,85.0,1
STU_009727,85.0,1
STU_009728,77.0,1
STU_009729,77.0,1
STU_009730,77.0,1
STU_009731,85.0,1
STU_009732,72.0,1
STU_009733,85.0,1
STU_009734,60.0,1
STU_009735,77.0,1
STU_009736,90.0,1
STU_009737,72.0,1
STU_009738,72.0,1
STU_009739,77.0,1
STU_009740,85.0,1
STU_009741,77.0,1
STU_009742,72.0,1
STU_009743,85.0,1
STU_009744,72.0,1
STU_009745,77.0,1
STU_009746,77.0,1
STU_009747,85.0,1
STU_009748,85.0,1
STU_009749,92.0,1
STU_009750,85.0,1
STU_009751,90.0,1
STU_009752,77.0,1
STU_009753,85.0,1
STU_009754,85.0,1
STU_009755,77.0,1
STU_009756,85.0,1
STU_009757,82.0,1
STU_009758,85.0,1
STU_009759,72.0,1
STU_009760,85.0,1
STU_009761,82.0,1
STU_009762,85.0,1
STU_009763,92.0,1
STU_009764,72.0,1
STU_009765,82.0,1
STU_009766,77.0,1
STU_009767,85.0,1
STU_009768,77.0,1
STU_009769,95.0,1
STU_009770,85.0,1
STU_009771,85.0,1
STU_009772,82.0,1
STU_009773,72.0,1
STU_009774,72.0,1
STU_009775,85.0,1
STU_009776,85.0,1
STU_009777,85.0,1
STU_009778,85.0,1
STU_009779,85.0,1
STU_009780,85.0,1
STU_009781,82.0,1
STU_009782,77.0,1
STU_009783,85.0,1
STU_009784,85.0,1
STU_009785,92.0,1
STU_009786,92.0,1
STU_009787,72.0,1
STU_009788,77.0,1
STU_009789,85.0,1
STU_009790,85.0,1
STU_009791,85.0,1
STU_009792,85.0,1
STU_009793,85.0,1
STU_009794,77.0,1
STU_009795,85.0,1
STU_009796,85.0,1
STU_009797,77.0,1
STU_009798,77.0,1
STU_009799,85.0,1
STU_009800,95.0,1
STU_009801,92.0,1
STU_009802,85.0,1
STU_009803,85.0,1
STU_009804,77.0,1
STU_009805,85.0,1
STU_009806,85.0,1
STU_009807,85.0,1
STU_009808,65.0,1
STU_009809,85.0,1
STU_009810,77.0,1
STU_009811,85.0,1
STU_009812,77.0,1
STU_009813,72.0,1
STU_009814,77.0,1
STU_009815,82.0,1
STU_009816,82.0,1
STU_009817,85.0,1
STU_009818,77.0,1
STU_009819,85.0,1
STU_009820,85.0,1
STU_009821,77.0,1
STU_009822,77.0,1
STU_009823,77.0,1
STU_009824,70.0,1
STU_009825,72.0,1
STU_009826,85.0,1
STU_009827,85.0,1
STU_009828,82.0,1
STU_009829,85.0,1
STU_009830,85.0,1
STU_009831,85.0,1
STU_009832,85.0,1
STU_009833,82.0,1
STU_009834,85.0,1
STU_009835,82.0,1
STU_009836,85.0,1
STU_009837,85.0,1
STU_009838,85.0,1
STU_009839,72.0,1
STU_009840,77.0,1
STU_009841,85.0,1
STU_009842,85.0,1
STU_009843,82.0,1
STU_009844,77.0,1
STU_009845,85.0,1
STU_009846,77.0,1
STU_009847,85.0,1
STU_009848,85.0,1
STU_009849,92.0,1
STU_009850,85.0,1
STU_009851,85.0,1
STU_009852,77.0,1
STU_009853,85.0,1
STU_009854,85.0,1
STU_009855,85.0,1
STU_009856,85.0,1
STU_009857,77.0,1
STU_009858,72.0,1
STU_009859,85.0,1
STU_009860,82.0,1
STU_009861,85.0,1
STU_009862,77.0,1
STU_009863,82.0,1
STU_009864,85.0,1
STU_009865,85.0,1
STU_009866,77.0,1
STU_009867,85.0,1
STU_009868,77.0,1
STU_009869,85.0,1
STU_009870,77.0,1
STU_009871,77.0,1
STU_009872,85.0,1
STU_009873,72.0,1
STU_009874,77.0,1
STU_009875,82.0,1
STU_009876,77.0,1
STU_009877,85.0,1
STU_009878,90.0,1
STU_009879,85.0,1
STU_009880,77.0,1
STU_009881,85.0,1
STU_009882,85.0,1
STU_009883,72.0,1
STU_009884,77.0,1
STU_009885,85.0,1
STU_009886,85.0,1
STU_009887,77.0,1
STU_009888,85.0,1
STU_009889,85.0,1
STU_009890,85.0,1
STU_009891,85.0,1
STU_009892,85.0,1
STU_009893,85.0,1
STU_009894,77.0,1
STU_009895,77.0,1
STU_009896,85.0,1
STU_009897,85.0,1
STU_009898,77.0,1
STU_009899,85.0,1
STU_009900,92.0,1
STU_009901,85.0,1
STU_009902,85.0,1
STU_009903,85.0,1
STU_009904,85.0,1
STU_009905,85.0,1
STU_009906,77.0,1
STU_009907,85.0,1
STU_009908,77.0,1
STU_009909,77.0,1
STU_009910,85.0,1
STU_009911,72.0,1
STU_009912,85.0,1
STU_009913,85.0,1
STU_009914,77.0,1
STU_009915,85.0,1
STU_009916,85.0,1
STU_009917,85.0,1
STU_009918,77.0,1
STU_009919,85.0,1
STU_009920,77.0,1
STU_009921,90.0,1
STU_009922,72.0,1
STU_009923,82.0,1
STU_009924,77.0,1
STU_009925,85.0,1
STU_009926,85.0,1
STU_009927,85.0,1
STU_009928,85.0,1
STU_009929,77.0,1
STU_009930,77.0,1
STU_009931,85.0,1
STU_009932,85.0,1
STU_009933,72.0,1
STU_009934,85.0,1
STU_009935,65.0,1
STU_009936,77.0,1
STU_009937,77.0,1
STU_009938,77.0,1
STU_009939,77.0,1
STU_009940,77.0,1
STU_009941,77.0,1
STU_009942,85.0,1
STU_009943,90.0,1
STU_009944,85.0,1
STU_009945,85.0,1
STU_009946,92.0,1
STU_009947,77.0,1
STU_009948,77.0,1
STU_009949,77.0,1
STU_009950,85.0,1
STU_009951,82.0,1
STU_009952,82.0,1
STU_009953,85.0,1
STU_009954,72.0,1
STU_009955,77.0,1
STU_009956,85.0,1
STU_009957,85.0,1
STU_009958,85.0,1
STU_009959,72.0,1
STU_009960,85.0,1
STU_009961,77.0,1
STU_009962,92.0,1
STU_009963,77.0,1
STU_009964,85.0,1
STU_009965,77.0,1
STU_009966,85.0,1
STU_009967,82.0,1
STU_009968,77.0,1
STU_009969,85.0,1
STU_009970,65.0,1
STU_009971,85.0,1
STU_009972,85.0,1
STU_009973,85.0,1
STU_009974,85.0,1
STU_009975,85.0,1
STU_009976,85.0,1
STU_009977,85.0,1
STU_009978,77.0,1
STU_009979,72.0,1
STU_009980,77.0,1
STU_009981,92.0,1
STU_009982,85.0,1
STU_009983,85.0,1
STU_009984,72.0,1
STU_009985,77.0,1
STU_009986,85.0,1
STU_009987,77.0,1
STU_009988,85.0,1
STU_009989,85.0,1
STU_009990,85.0,1
STU_009991,77.0,1
STU_009992,85.0,1
STU_009993,85.0,1
STU_009994,77.0,1
STU_009995,85.0,1
STU_009996,85.0,1
STU_009997,95.0,1
STU_009998,77.0,1
STU_009999,85.0,1
STU_010000,77.0,1
